time_s,phase,physics_time_s,command_depth_mm,depth_mm,tip_x_mm,tip_y_mm,tilt_deg,grasp_slip_mm,grasp_slip_deg,force_norm_n,torque_norm_nm,normal_load_n,min_separation_mm,contact_count,wrist_force_n,wrist_torque_nm,wrist_contact_force_balance_n,wrist_contact_torque_balance_nm,contact_power_w,lowest_peg_z_above_mouth_mm,fx,fy,fz,taux,tauy,tauz,qw,qx,qy,qz,vx,vy,vz,omegax,omegay,omegaz,joint1_rad,joint2_rad,joint3_rad,joint4_rad,joint5_rad,joint6_rad,joint7_rad,joint_velocity1_rad_s,joint_velocity2_rad_s,joint_velocity3_rad_s,joint_velocity4_rad_s,joint_velocity5_rad_s,joint_velocity6_rad_s,joint_velocity7_rad_s,hand_pose_0,hand_pose_1,hand_pose_2,hand_pose_3,hand_pose_4,hand_pose_5,hand_pose_6,grasp_position_0,grasp_position_1,grasp_position_2,grasp_quat_0,grasp_quat_1,grasp_quat_2,grasp_quat_3,wrist_raw_child_0,wrist_raw_child_1,wrist_raw_child_2,wrist_raw_child_3,wrist_raw_child_4,wrist_raw_child_5,wrist_force_world_0,wrist_force_world_1,wrist_force_world_2,wrist_torque_about_peg_base_world_0,wrist_torque_about_peg_base_world_1,wrist_torque_about_peg_base_world_2,com_offset_world_0,com_offset_world_1,com_offset_world_2,finger_position_0,finger_position_1,finger_velocity_0,finger_velocity_1,command_offset_x_mm,command_offset_y_mm,command_roll_deg,command_pitch_deg,command_tilt_deg,ramp_progress_depth_mm,tilt_triggered,tilt_trigger_time_s,tilt_trigger_depth_mm,tilt_trigger_step,tilt_ramp_fraction,tilt_ramp_completed,tilt_ramp_complete_time_s,reference_step,recovery_time_s
11.000000000000064,stop,11.000000573694706,20.0,14.050596952438356,-0.25004148483276367,0.003136503210043884,2.0279646686339037,0.04659282785723917,0.08846931922527276,3.316541910171509,0.03773557022213936,6.123256683349609,-0.031018156732898206,52,3.332918643951416,0.007744933944195509,0.018227631226181984,0.004367523360997438,-0.0054066916927695274,-14.191898324526148,-0.07710948586463928,0.039435580372810364,3.315410852432251,-0.0005174514371901751,-0.03773187845945358,-0.00010458860924700275,0.00013887311797589064,0.01769491843879223,-0.000219574139919132,0.999843418598175,0.0013304906897246838,0.0005137441912665963,0.0019058557227253914,0.24400590360164642,0.3579981029033661,-0.015375982038676739,-0.47972673177719116,0.5613853931427002,0.4940074682235718,-1.982728362083435,-0.38733920454978943,2.412935495376587,1.0381755828857422,-0.0027636224403977394,-0.0021971981041133404,0.003709453623741865,0.001052614999935031,-0.0001501298975199461,0.0008785275858826935,0.00035837996983900666,0.60089111328125,-1.2623160728253424e-05,0.09331995993852615,-0.0013247490860521793,0.9998358488082886,5.9408055676613e-05,-0.018068216741085052,2.9176357202231884e-05,6.99806259945035e-05,0.03239058330655098,-0.0003735694335773587,-0.00021772329637315124,0.9999992847442627,-0.0011014437768608332,0.1955244243144989,0.04078247770667076,3.3269286155700684,-0.005655651446431875,-0.005272742826491594,0.0004424814833328128,0.07519549131393433,-0.0319436714053154,-3.3319170475006104,-1.5783123672008514e-05,0.033422667533159256,-0.0003661795926745981,0.0008845925331115723,-1.109985532821156e-05,0.024984344840049744,0.004006913397461176,0.004020162392407656,5.144423539604759e-06,7.322174496948719e-06,0.0,0.0,0.0,2.0,2.0,14.050481468439104,True,6.25,6.021352112293245,750,1.0,True,7.25,1320,0.0
11.008333333333404,stop,11.008333907462656,14.050596952438356,14.044681191444399,-0.24712085723876953,-0.00047331496944025275,2.0171270162394603,0.06044839392416179,0.12511451142200766,1.4135050773620605,0.03631992265582085,4.964199066162109,-0.03089148594881408,48,1.1121926307678223,0.06777945905923843,0.35239797830581665,0.05203789100050926,-0.002608476730529219,-14.185227747263506,-0.48393771052360535,0.33288222551345825,-1.285686731338501,-0.002126433653756976,-0.03625430166721344,-0.0004906706744804978,0.0002813782775774598,0.01760159619152546,-5.949554906692356e-05,0.9998449683189392,-6.302085239440203e-05,0.001870142761617899,0.0008741412893868983,0.29432031512260437,0.15826725959777832,-0.057440660893917084,-0.4797537326812744,0.561366856098175,0.494048148393631,-1.982731580734253,-0.38731709122657776,2.4128897190093994,1.0381656885147095,-0.002570956479758024,-0.0010755312396213412,0.004106372129172087,-0.0024334846530109644,0.005373726598918438,-0.007024987600743771,-0.002710776636376977,0.6008856296539307,-5.924768629483879e-06,0.09333088248968124,-0.0013313551899045706,0.9998355507850647,6.0420781665015966e-05,-0.018080491572618484,3.854965325444937e-05,8.072957280091941e-05,0.032395243644714355,-0.00047936371993273497,-0.00036410169559530914,0.9999988675117493,-0.0012655125465244055,0.186806321144104,0.25902965664863586,-1.0653541088104248,-0.02963903732597828,-0.06092778965830803,-0.0018405381124466658,0.22522112727165222,-0.2618311047554016,1.0572096109390259,0.007922835648059845,0.08795218169689178,0.0017841156804934144,0.0008799433708190918,-3.2219518288911786e-06,0.024984508752822876,0.003992867656052113,0.004005952272564173,5.578420768870274e-06,7.95471714809537e-06,,,,,2.0279646686339037,,,,,,,,,1320,0.008333333333333333
11.016666666666744,stop,11.016667241230607,14.050596952438356,14.046126604080202,-0.2486109733581543,0.00023275978833225963,2.008863004110929,0.06954280979698524,0.12511451142200766,0.46320754289627075,0.02134530618786812,4.746667861938477,-0.027977908757748082,56,0.43214482069015503,0.02631506882607937,0.11357180774211884,0.04994248226284981,-0.008962511899881065,-14.186097588067904,0.11660413444042206,-0.03821254521608353,-0.44665929675102234,0.0014392322627827525,-0.02129364386200905,-0.0003625167300924659,0.00024779068189673126,0.017529303207993507,2.4388744350289926e-05,0.9998462796211243,-0.0009662105003371835,0.00013692531501874328,0.00029924424597993493,0.18248054385185242,0.3581889867782593,-0.03470505028963089,-0.4797634482383728,0.5613635182380676,0.494063138961792,-1.9827544689178467,-0.38730940222740173,2.412898063659668,1.0381656885147095,-0.000867015914991498,-0.0005007204017601907,0.0011591839138418436,-0.003008432686328888,-1.9938568584620953e-05,0.003838633419945836,0.0010849712416529655,0.6008780598640442,8.029310265555978e-07,0.09332728385925293,-0.0013380791060626507,0.9998355507850647,6.174745794851333e-05,-0.01808493584394455,4.483410157263279e-05,8.718002209207043e-05,0.03239285945892334,-0.0005560645367950201,-0.0003333855129312724,0.9999988079071045,-0.0013566951965913177,-0.026221968233585358,-0.0013122354866936803,-0.4313465356826782,-0.010740342549979687,0.023909522220492363,0.0023372289724648,-0.01060565561056137,0.00015452876687049866,0.4320146441459656,-0.010967548936605453,-0.027673861011862755,-0.0020136795938014984,0.000876307487487793,1.0020697800428024e-06,0.024984635412693024,0.003994124010205269,0.004007330629974604,5.2639434215961955e-06,7.48451566323638e-06,,,,,2.0279646686339037,,,,,,,,,1320,0.016666666666666666
11.025000000000084,stop,11.025000574998558,14.050596952438356,14.046886563301088,-0.24819374084472656,-0.000575589922391373,2.0098370037653823,0.07245259621413425,0.12511451142200766,0.39207640290260315,0.019790807738900185,4.381801605224609,-0.02956143180199433,48,0.2631366550922394,0.022385533899068832,0.13152669370174408,0.023775165900588036,-0.009235584875568748,-14.186925384558274,0.25360870361328125,-0.20835953950881958,0.2144593745470047,0.001739405794069171,-0.019699882715940475,-0.0007517848280258477,0.00029217719566076994,0.01753820665180683,4.238508336129598e-05,0.9998462200164795,9.823736036196351e-05,-0.0001290127111133188,0.0010073560988530517,0.24935778975486755,0.33516162633895874,-0.04284890741109848,-0.47976604104042053,0.5613635182380676,0.49406370520591736,-1.9827773571014404,-0.38733381032943726,2.4129393100738525,1.0381885766983032,-1.6595309716649354e-05,-0.000629564980044961,-0.0006334261852316558,-0.0015592679847031832,-0.00454058637842536,0.006920953746885061,0.0033296053297817707,0.6008768081665039,2.884582499973476e-06,0.0933222845196724,-0.0013360929442569613,0.9998356699943542,6.134228897280991e-05,-0.018073968589305878,4.5637600123882294e-05,8.993051596917212e-05,0.03238855302333832,-0.0005362520460039377,-0.0003776593366637826,0.9999988079071045,-0.001371908001601696,-0.15107327699661255,-0.1369214802980423,0.16634385287761688,0.00478605879470706,-0.021812323480844498,-0.0015583107015118003,-0.15699678659439087,0.13733914494514465,-0.1604083627462387,-0.014942111447453499,-2.600066363811493e-05,0.0021070032380521297,0.0008767843246459961,1.8627152940098313e-06,0.02498462051153183,0.003994135186076164,0.004007470328360796,5.011484063288663e-06,7.1314861997962e-06,,,,,2.0279646686339037,,,,,,,,,1320,0.025
11.033333333333424,stop,11.033333908766508,14.050596952438356,14.044707268476488,-0.2478957176208496,0.0017603827018319862,2.017903063778306,0.052818082622252405,0.10467831195095843,0.7663511037826538,0.028226250782608986,5.548678874969482,-0.029054743208689615,53,0.5839520692825317,0.07107534259557724,0.18923170864582062,0.025601182132959366,-0.011864536441862583,-14.185307874296578,0.14577874541282654,-0.6942238807678223,0.2899927794933319,0.004258193541318178,-0.027901818975806236,-0.0002783233649097383,0.0001373447012156248,0.01760829985141754,-0.00015656226605642587,0.9998449683189392,0.0013301719445735216,-0.0021698814816772938,0.0010488422121852636,0.2760380804538727,0.3278232216835022,-0.0001019998308038339,-0.47976577281951904,0.5613527297973633,0.49405062198638916,-1.9827773571014404,-0.38739216327667236,2.4129765033721924,1.0382229089736938,0.001173581462353468,-0.0014711577678099275,-0.00406243372708559,0.0003665860858745873,-0.01020780485123396,0.0028792223893105984,0.005189334973692894,0.6008874177932739,-8.875897037796676e-06,0.09332890808582306,-0.0013164305128157139,0.9998361468315125,6.0638376453425735e-05,-0.018048038706183434,3.381562419235706e-05,7.457218453055248e-05,0.03239339962601662,-0.00044001650530844927,-0.00021830627520103008,0.9999991059303284,-0.001156143262051046,-0.11221779137849808,-0.508470356464386,0.26432004570961,0.04581557214260101,-0.05429505929350853,-0.0021642521023750305,-0.12172158062458038,0.5091448426246643,-0.25875744223594666,-0.027567002922296524,0.03806418180465698,0.0032525924034416676,0.0008803009986877441,-7.947820449771825e-06,0.02498449757695198,0.004007165785878897,0.004020716995000839,4.936258847010322e-06,7.027672836557031e-06,,,,,2.0279646686339037,,,,,,,,,1320,0.03333333333333333
11.041666666666764,stop,11.041667242534459,14.050596952438356,14.048186689615251,-0.24956464767456055,-0.00017393837481449737,2.01586530206397,0.04929015995003283,0.07912936237050427,0.679919421672821,0.033661723136901855,5.7741169929504395,-0.0284845973510528,55,0.541996955871582,0.06137809902429581,0.19266098737716675,0.03868614137172699,-0.011268476118857507,-14.188645369767318,-0.16048426926136017,0.12415401637554169,-0.6489383578300476,-0.0024781806860119104,-0.033563822507858276,0.0006634003366343677,5.1263050409033895e-05,0.017588529735803604,-0.0002799272770062089,0.9998452663421631,-0.0005819835932925344,0.0008615863625891507,0.0003682593523990363,0.3498688340187073,0.3804163336753845,0.027057772502303123,-0.479757696390152,0.5613465905189514,0.4940224885940552,-1.982789397239685,-0.3874041438102722,2.4129765033721924,1.0382227897644043,0.0007002392667345703,-0.000627888657618314,-0.002746885409578681,-0.00179102155379951,-9.000000136438757e-05,0.0014160239370539784,-0.00136873300652951,0.6008815169334412,-2.1540094166994095e-05,0.09332380443811417,-0.0013049852568656206,0.9998361468315125,5.8840571000473574e-05,-0.018053630366921425,3.835058305412531e-05,6.309901073109359e-05,0.03239166736602783,-0.00046527228550985456,-0.0001279868301935494,0.9999993443489075,-0.0010229412000626326,0.021811578422784805,0.017512908205389977,-0.5412746667861938,0.031604230403900146,-0.052615322172641754,0.0002670650137588382,0.04133942723274231,-0.018920578062534332,0.5400866866111755,0.034132469445466995,0.05579318851232529,-0.0013554152101278305,0.0008792877197265625,-1.4039280358701944e-05,0.02498452737927437,0.00400586100295186,0.004019427578896284,4.976128820999293e-06,7.053982699289918e-06,,,,,2.0279646686339037,,,,,,,,,1320,0.041666666666666664
11.050000000000104,stop,11.05000057630241,14.050596952438356,14.047419279813768,-0.24813413619995117,0.001269159611183568,2.0177090798647135,0.050826009101001546,0.08846931922527276,0.8375407457351685,0.03202957287430763,5.596786022186279,-0.030258126571425237,56,0.6610990762710571,0.019180595874786377,0.2192579060792923,0.0376766212284565,-0.008040664135478437,-14.188006375084157,0.04892505332827568,0.4573747217655182,0.6999208331108093,-0.004704226274043322,-0.03164297342300415,0.0015767147997394204,-1.242039434146136e-05,0.017604928463697433,-0.0002732367720454931,0.9998449087142944,0.0010941247455775738,0.001275913673453033,0.0010873142164200544,0.227868914604187,0.34033486247062683,0.002232057973742485,-0.47976255416870117,0.5613381266593933,0.49402153491973877,-1.9828122854232788,-0.3873785734176636,2.4130218029022217,1.0381999015808105,-0.0013067014515399933,-0.0008179525611922145,0.0014599423157051206,-0.0019216951914131641,0.005012937821447849,0.007996282540261745,-0.003331073559820652,0.6008817553520203,-1.8847465980798006e-05,0.09332343935966492,-0.0013174107298254967,0.9998363256454468,6.042321911081672e-05,-0.01804129034280777,3.870122600346804e-05,6.514870619866997e-05,0.03239048644900322,-0.000436445843661204,-6.62592428852804e-05,0.9999992847442627,-0.0010431752307340503,0.0742725059390068,0.3012348711490631,0.5837748646736145,-0.01631990820169449,0.009266059845685959,0.003961822483688593,0.05318547785282135,-0.2996846139431,-0.5868664383888245,0.02699841745197773,0.0014558406546711922,-0.004928411450237036,0.000880122184753418,-1.3648786989506334e-05,0.02498449757695198,0.004005842376500368,0.004019536077976227,5.352524112822721e-06,7.6116411946713924e-06,,,,,2.0279646686339037,,,,,,,,,1320,0.05
11.058333333333444,stop,11.05833391007036,14.050596952438356,14.045739173889162,-0.24813413619995117,0.0015047087345010368,2.014505649568747,0.04874083970207721,0.055952909680744456,0.23384760320186615,0.03216060996055603,5.697432041168213,-0.028991407816647552,56,0.19972734153270721,0.06676673889160156,0.08600776642560959,0.02953237108886242,-0.010216852213488892,-14.186103157105517,-0.05041959136724472,0.09269124269485474,-0.20868852734565735,-0.0026158555410802364,-0.032041002064943314,0.0009144025971181691,6.0620488511631265e-05,0.017578117549419403,-0.0002077460230793804,0.999845564365387,0.00045226019574329257,0.0006150567205622792,0.0008429207373410463,0.23665042221546173,0.3233148455619812,0.009238933213055134,-0.4797740578651428,0.5613269805908203,0.49403703212738037,-1.9828156232833862,-0.3873627781867981,2.413039445877075,1.0381999015808105,-0.0010371992830187082,-0.0006426823674701154,0.0012818595860153437,-0.001798798330128193,0.0021632544230669737,0.0026614197995513678,-0.0012626671232283115,0.600886881351471,-1.466376124881208e-05,0.09333177655935287,-0.0013259320985525846,0.9998365640640259,5.569348650169559e-05,-0.01802877150475979,3.3007119782269e-05,6.967123044887558e-05,0.0323973223567009,-0.00045083530130796134,-0.00013585729175247252,0.9999994039535522,-0.001115943188779056,-0.02478870004415512,0.1139301136136055,-0.16216184198856354,-0.03302767127752304,-0.05802559480071068,-3.331419065943919e-05,-0.018919115886092186,-0.11436326801776886,0.16264720261096954,-0.016548382118344307,0.054446835070848465,0.0007801638566888869,0.000878751277923584,-1.0438977369631175e-05,0.02498454600572586,0.004005869384855032,0.004019657149910927,5.490391231433023e-06,7.813359843567014e-06,,,,,2.0279646686339037,,,,,,,,,1320,0.058333333333333334
11.066666666666784,stop,11.06666724383831,14.050596952438356,14.049900323152544,-0.2498030662536621,0.0012150965176260797,2.0075960983982384,0.057074987125815824,0.10467831195095843,0.6221718192100525,0.030578967183828354,5.579885005950928,-0.029054743208689615,55,0.542582094669342,0.04056345298886299,0.09547828882932663,0.012134671211242676,-0.014593923056963831,-14.18978306944653,-0.0029247328639030457,-0.05595850944519043,-0.6196433305740356,-0.0015949374064803123,-0.030526047572493553,0.0008305545779876411,7.178405212471262e-05,0.017517780885100365,-0.00020442904497031122,0.9998465180397034,-0.00153413659427315,0.0003599929332267493,0.0003824305604211986,0.23155894875526428,0.4402289092540741,-0.0017924513667821884,-0.47977158427238464,0.5613269805908203,0.4940304756164551,-1.98283851146698,-0.3873591423034668,2.4130401611328125,1.0381999015808105,0.0002272916754009202,-4.440341581357643e-05,-0.0007984285475686193,-0.0023681658785790205,-0.0005691620172001421,0.00292823719792068,0.0004309534269850701,0.6008758544921875,-1.4301578630693257e-05,0.09332271665334702,-0.0013261326821520925,0.999836266040802,5.549218622036278e-05,-0.01804056018590927,4.294572863727808e-05,7.032387657091022e-05,0.032392069697380066,-0.0005229833186604083,-0.00014679881860502064,0.9999991059303284,-0.0011192666133865714,-0.05342886969447136,-0.01715763472020626,-0.5396723747253418,-0.007966320961713791,-0.039765045046806335,0.0008201334858313203,-0.033926285803318024,0.015719052404165268,0.5412922501564026,-0.010431740432977676,0.0320701040327549,-0.00035603632568381727,0.0008757710456848145,-1.028275892167585e-05,0.024984654039144516,0.004007142968475819,0.004020990338176489,4.9701734496920835e-06,7.072871085256338e-06,,,,,2.0279646686339037,,,,,,,,,1320,0.06666666666666667
11.075000000000124,stop,11.07500057760626,14.050596952438356,14.048670977354051,-0.24694204330444336,0.00279835853689292,2.0105185228842783,0.05188351860851981,0.10467831195095843,0.8389747142791748,0.030544469133019447,5.303258419036865,-0.030764815164729953,57,0.6837066411972046,0.0035600147675722837,0.19644778966903687,0.031350571662187576,-0.010681275627575815,-14.188757265129809,0.1910489946603775,0.013231337070465088,0.8168253898620605,-0.0007890072884038091,-0.03052341938018799,0.0008142190054059029,8.922924462240189e-05,0.017542850226163864,-0.00021118346194270998,0.9998460412025452,0.0012343553826212883,-0.00010808705701492727,0.0012298558140173554,0.20051565766334534,0.3416348695755005,-0.02026052214205265,-0.47977468371391296,0.561323344707489,0.49403145909309387,-1.9828461408615112,-0.38737136125564575,2.413085699081421,1.038207769393921,-0.0005197402206249535,-0.0007048279512673616,0.00032776594161987305,-0.0010026345262303948,-0.0018412654753774405,0.008151119574904442,0.0014357368927448988,0.6008832454681396,-1.3515615137293935e-05,0.09332572668790817,-0.0013273231452330947,0.9998366832733154,5.601014709100127e-05,-0.018019355833530426,3.71092464774847e-05,6.96074785082601e-05,0.03239402547478676,-0.00047672592336311936,-0.00016469735419377685,0.9999991059303284,-0.0011133796069771051,-0.024257654324173927,0.0014172637602314353,0.6832746863365173,0.00095871661324054,-0.0027250824496150017,0.0020805031526833773,-0.04886224493384361,0.00039103603921830654,-0.6819584369659424,0.0010403228225186467,-0.0007989467121660709,-0.0021197516471147537,0.0008770227432250977,-1.0635814760462381e-05,0.024984609335660934,0.004005890805274248,0.004019731190055609,5.2222603699192405e-06,7.4280251283198595e-06,,,,,2.0279646686339037,,,,,,,,,1320,0.075
11.083333333333464,stop,11.083333911374211,14.050596952438356,14.048466086387636,-0.24813413619995117,0.002471919970048475,2.009934377781846,0.05353337473934516,0.11190581936148891,0.536180853843689,0.03440175577998161,5.603551387786865,-0.027977908757748082,56,0.42112815380096436,0.07513606548309326,0.16667883098125458,0.03778248280286789,-0.011674120716634206,-14.188511689562247,-0.12036249041557312,-0.03063461184501648,-0.5215978622436523,-0.0010703315492719412,-0.034383196383714676,0.0003618400078266859,0.000133377339807339,0.017537938430905342,-0.00022440048633143306,0.9998461008071899,-0.00027841044357046485,-0.0026007425040006638,0.00048271293053403497,0.26958325505256653,0.34652939438819885,-0.020171547308564186,-0.4797777235507965,0.561323344707489,0.4940338730812073,-1.982852816581726,-0.3873777687549591,2.413085699081421,1.038207769393921,-9.719507215777412e-05,-0.0003213785821571946,-0.0002847560099326074,-0.0015819875989109278,-0.0010686219902709126,0.0009626116952858865,0.0006257292116060853,0.6008803248405457,-1.3623779523186386e-05,0.09332375228404999,-0.001326127676293254,0.9998366832733154,5.871257235412486e-05,-0.01802169531583786,3.890949301421642e-05,6.973970448598266e-05,0.03239178657531738,-0.000484036048874259,-0.00021127131185494363,0.9999991059303284,-0.0010981261730194092,-0.024519097059965134,-0.0027695149183273315,-0.4204046428203583,-0.00617959164083004,-0.07487021386623383,-0.0013008227106183767,-0.00935295969247818,0.0016515087336301804,0.4210209548473358,-0.006504138931632042,0.07133965939283371,0.0017269754316657782,0.0008767843246459961,-1.1335255294397939e-05,0.02498462051153183,0.004007157403975725,0.004019829910248518,-3.95788811147213e-06,-5.6278549891430885e-06,,,,,2.0279646686339037,,,,,,,,,1320,0.08333333333333333
11.091666666666804,stop,11.091667245142162,14.050596952438356,14.047974348068239,-0.2473592758178711,0.002352341425648774,2.011686304433146,0.0474870357720647,0.09691328065893987,0.461249440908432,0.03154906630516052,5.498215198516846,-0.029181412173784338,55,0.38722026348114014,0.007027615327388048,0.10769842565059662,0.02054583840072155,-0.01074260170571506,-14.188141969575709,0.041390467435121536,-0.006854891777038574,0.459337443113327,-0.001056167995557189,-0.03152970224618912,0.0003255518386140466,0.0001317466958425939,0.017553159967064857,-0.00021165252837818116,0.9998458623886108,0.0007087978301569819,0.0004220517002977431,0.0010336125269532204,0.26711687445640564,0.3393596112728119,-0.009675347246229649,-0.47978171706199646,0.5613173246383667,0.49403560161590576,-1.9828555583953857,-0.3873876929283142,2.4131181240081787,1.038207769393921,-0.000568353570997715,-0.0008063537534326315,0.0002962373837362975,-0.0011601306032389402,-0.0014840905787423253,0.004619527608156204,0.0011640898883342743,0.6008875370025635,-1.4003540854901075e-05,0.09332877397537231,-0.0013261103304103017,0.9998369812965393,6.147596286609769e-05,-0.018003761768341064,3.147730603814125e-05,6.94868213031441e-05,0.03239654749631882,-0.00045087613398209214,-0.00021265876421239227,0.9999991655349731,-0.0011108370963484049,0.048765361309051514,-0.021524781361222267,0.383533775806427,0.005194069817662239,-0.004075321834534407,0.0024084774777293205,0.0349242128431797,0.02254922315478325,-0.384982168674469,0.001968762604519725,0.01111496239900589,-0.0024555730633437634,0.0008774995803833008,-1.0696623576222919e-05,0.024984590709209442,0.004005808848887682,0.004019912797957659,5.1697625167435035e-06,7.359019946306944e-06,,,,,2.0279646686339037,,,,,,,,,1320,0.09166666666666666
11.100000000000144,stop,11.100000578910112,14.050596952438356,14.049389958381655,-0.24718046188354492,-0.0005789877945971966,2.005645450677178,0.060481725085992366,0.11869404022070311,0.7641858458518982,0.02994237095117569,4.834783554077148,-0.028294585717958398,48,0.5971460342407227,0.054620951414108276,0.19391287863254547,0.027188407257199287,-0.005579956341534853,-14.189136845452792,-0.18880482017993927,0.4305420517921448,-0.6024667620658875,-0.002494830172508955,-0.029837466776371002,-0.0002168046630686149,0.00022936718596611172,0.01750148832798004,-7.326585182454437e-05,0.9998468160629272,-0.0009623871301300824,0.0018333005718886852,0.0006291518220677972,0.2576502561569214,0.3236737549304962,-0.002204286167398095,-0.4797874093055725,0.5613165497779846,0.49404382705688477,-1.9828753471374512,-0.38736987113952637,2.4131181240081787,1.0381989479064941,-0.001130655175074935,8.299321780214086e-05,0.0022553768940269947,-0.0029946519061923027,0.004469485953450203,0.001763552543707192,-0.0018999961903318763,0.6008785963058472,-8.923641871660948e-06,0.09332337230443954,-0.0013340264558792114,0.9998367428779602,6.231428415048867e-05,-0.01801348850131035,4.1076214984059334e-05,7.800004095770419e-05,0.03239220380783081,-0.0005124087329022586,-0.0003136612940579653,0.999998927116394,-0.001255346229299903,0.0503087155520916,0.31549543142318726,-0.504494845867157,-0.029411576688289642,-0.04602427780628204,-0.0004163451958447695,0.06847275793552399,-0.31683027744293213,0.5015111565589905,0.016205981373786926,0.05331425368785858,-1.6276957467198372e-05,0.000874936580657959,-3.863444817397976e-06,0.024984687566757202,0.003991484176367521,0.004005677532404661,5.793830496259034e-06,8.236587746068835e-06,,,,,2.0279646686339037,,,,,,,,,1320,0.1
11.108333333333483,stop,11.108333912678063,14.050596952438356,14.049121737480165,-0.24694204330444336,0.0010981970035572886,2.0063283930196305,0.06909398507559672,0.12511451142200766,0.7177750468254089,0.0241615641862154,4.300779819488525,-0.02804124051181134,56,0.5916799306869507,0.027047205716371536,0.1732041835784912,0.03270897641777992,-0.00635614973725751,-14.188916190316693,0.12226983904838562,0.05808758735656738,0.70489501953125,0.0008879548404365778,-0.024144750088453293,-0.0001540831581223756,0.00020037284411955625,0.017507389187812805,1.6835603673825972e-05,0.9998466968536377,0.0004229749902151525,8.73663229867816e-05,0.0012696890626102686,0.152887225151062,0.288837730884552,-0.06136143207550049,-0.47979727387428284,0.5613165497779846,0.49406367540359497,-1.982898235321045,-0.38736647367477417,2.413156747817993,1.0382028818130493,-0.0014856031630188227,-0.0005990792997181416,0.0026960151735693216,-0.0016546439146623015,-0.00020016108464915305,0.006058831233531237,0.0015786433359608054,0.6008771657943726,2.840271918103099e-06,0.0933210551738739,-0.0013451233971863985,0.9998369216918945,6.530836981255561e-05,-0.01800350286066532,4.2001716792583466e-05,8.879540109774098e-05,0.032389525324106216,-0.0004964784020558,-0.0002894918725360185,0.9999988079071045,-0.001357000321149826,0.0244667399674654,0.07671882212162018,0.5861746668815613,-0.025403931736946106,0.009106571786105633,0.0018060817383229733,0.003354117274284363,-0.07513885945081711,-0.5868799090385437,-0.014428344555199146,-0.005594387650489807,-0.001301479758694768,0.0008752346038818359,6.662509122179472e-07,0.02498467266559601,0.003994107246398926,0.004008335992693901,5.382815288612619e-06,7.655384251847863e-06,,,,,2.0279646686339037,,,,,,,,,1320,0.10833333333333334
11.116666666666823,stop,11.116667246446013,14.050596952438356,14.046573638916017,-0.24616718292236328,0.0016478944644404692,2.0064259372429807,0.05852723916177638,0.11190581936148891,0.946600615978241,0.03427755460143089,5.494416236877441,-0.02791457336570602,52,0.6494691967964172,0.07212167978286743,0.3005249500274658,0.05445035174489021,-0.012626667506992817,-14.186374885539147,-0.01859024167060852,-0.9451571106910706,-0.048838429152965546,0.00814006943255663,-0.03329696133732796,4.94214182253927e-05,8.910670294426382e-05,0.017507964745163918,-0.00011985079618170857,0.9998466968536377,0.0007158279186114669,-0.002108012791723013,0.0011476590298116207,0.31919386982917786,0.29052653908729553,-0.0674828514456749,-0.47980281710624695,0.5613055229187012,0.4940648674964905,-1.982898235321045,-0.38742607831954956,2.413156747817993,1.0382404327392578,0.0008793328888714314,-0.0016750405775383115,-0.003400671062991023,0.00010828415543073788,-0.011639224365353584,-0.001957935281097889,0.006466189865022898,0.600881040096283,-5.9367448557168245e-06,0.09332713484764099,-0.0013236284721642733,0.9998371601104736,6.678247882518917e-05,-0.017993371933698654,3.8376892916858196e-05,7.808394002495334e-05,0.0323931984603405,-0.0004856265732087195,-0.00017688224033918232,0.9999990463256836,-0.0012008226476609707,-0.022468693554401398,-0.6488533020019531,-0.017169496044516563,0.03741797059774399,-0.0615374930202961,-0.0038169457111507654,-0.021892109885811806,0.6488016843795776,0.019685719162225723,-0.05614881590008736,0.058271799236536026,0.005972076207399368,0.0008752346038818359,-6.0696252148773056e-06,0.02498467266559601,0.004008097108453512,0.0040212832391262054,4.666186214308254e-06,6.644462700933218e-06,,,,,2.0279646686339037,,,,,,,,,1320,0.11666666666666667
11.125000000000163,stop,11.125000580213964,14.050596952438356,14.048149436712267,-0.24694204330444336,0.00013047853997250058,2.002422729303164,0.0536094194103498,0.09691328065893987,0.36989784240722656,0.0393526665866375,5.449667930603027,-0.027154541385243647,49,0.3133583664894104,0.05415545403957367,0.11456786841154099,0.034719374030828476,-0.012660125343245454,-14.187671866487158,-0.16707035899162292,0.00867411494255066,-0.3299040198326111,-0.002662596059963107,-0.0392550528049469,0.0007642250275239348,6.912981189088896e-05,0.01747208647429943,-0.0002544622402638197,0.9998473525047302,-0.00016811414388939738,0.0007933932938612998,0.0006676409393548965,0.361255019903183,0.3288537561893463,0.05469132214784622,-0.4797983467578888,0.5612940788269043,0.49404165148735046,-1.9829109907150269,-0.38745179772377014,2.413156747817993,1.0382404327392578,0.00030982025782577693,-0.0013127850834280252,-0.002392061287537217,-0.0019357111304998398,-0.0023107307497411966,0.0010713649680837989,0.00035250920336693525,0.6008764505386353,-1.9402126781642437e-05,0.09332495182752609,-0.00130792788695544,0.9998371005058289,7.032887515379116e-05,-0.017995286732912064,4.2293453589081764e-05,6.511389801744372e-05,0.03239249065518379,-0.0005234096315689385,-0.0001577100483700633,0.9999992251396179,-0.0010508353589102626,0.11060765385627747,-0.08264567703008652,-0.281298965215683,0.04930919408798218,-0.022323641926050186,0.0017525876173749566,0.12065080553293228,0.08193114399909973,0.27735206484794617,0.037296976894140244,0.03832579031586647,-0.0030072268564254045,0.0008734464645385742,-1.2781562872987706e-05,0.024984735995531082,0.004005552269518375,0.004018786828964949,5.098348992760293e-06,7.223570719361305e-06,,,,,2.0279646686339037,,,,,,,,,1320,0.125
11.133333333333503,stop,11.133333913981915,14.050596952438356,14.04702812433243,-0.24628639221191406,0.0018413007865092368,2.002715918180535,0.05377142588258721,0.07912936237050427,0.5617510676383972,0.03643227741122246,5.305264949798584,-0.02778790076263249,55,0.40117958188056946,0.010174840688705444,0.1844581812620163,0.035773660987615585,-0.00854238448664546,-14.186570974253502,0.013858262449502945,0.4483680725097656,0.33813947439193726,-0.005460546351969242,-0.03599752113223076,0.0012929383665323257,5.1165490731364116e-05,0.017474399879574776,-0.00026768946554511786,0.9998473525047302,0.0007012931164354086,0.0019371320959180593,0.0010536035988479853,0.2881329655647278,0.3178567886352539,0.02840356156229973,-0.47980526089668274,0.5612826347351074,0.4940420389175415,-1.9829338788986206,-0.38743188977241516,2.4131970405578613,1.0382193326950073,-0.0013280614512041211,-0.001097290776669979,0.0012909241486340761,-0.0026821980718523264,0.0043688565492630005,0.00713865552097559,-0.002814585343003273,0.6008763909339905,-1.7893355106934905e-05,0.09332616627216339,-0.001317366841249168,0.9998373985290527,7.288069900823757e-05,-0.017983347177505493,4.223780706524849e-05,6.55207404633984e-05,0.03239256143569946,-0.0005091319908387959,-0.00014223212201613933,0.9999993443489075,-0.0010473267175257206,0.05748867616057396,0.28582096099853516,0.2755838930606842,-0.008533183485269547,-0.004577960353344679,0.003123208647593856,0.04756931588053703,-0.2850836217403412,-0.27822569012641907,0.032605014741420746,0.012885807082057,-0.004256263375282288,0.000873565673828125,-1.3427134945231955e-05,0.024984724819660187,0.004005567170679569,0.004018871579319239,5.352090738597326e-06,7.609371095895767e-06,,,,,2.0279646686339037,,,,,,,,,1320,0.13333333333333333
11.141666666666843,stop,11.141667247749865,14.050596952438356,14.04717341065407,-0.24580955505371094,0.0017912722114488133,1.9977258577420265,0.05895381036680192,0.10467831195095843,0.3052006959915161,0.03387600556015968,5.112889289855957,-0.02734454938035924,53,0.279738187789917,0.06309547275304794,0.05614611878991127,0.018648918718099594,-0.011891380199813284,-14.186368710182224,0.04642803966999054,0.08127040416002274,-0.290494441986084,-0.0023311558179557323,-0.03379487618803978,0.00023636691912543029,0.00018269472639076412,0.017431795597076416,-0.00020066603610757738,0.9998480081558228,-8.806498954072595e-05,0.0006335506332106888,0.0009856142569333315,0.21614514291286469,0.328296035528183,-0.17076651751995087,-0.4798147678375244,0.5612714886665344,0.49405208230018616,-1.9829567670822144,-0.3874184787273407,2.4132227897644043,1.0382193326950073,-0.0007287865155376494,-0.0006630865391343832,0.0006500708987005055,-0.002481554402038455,0.0015603661304339767,0.004751828033477068,-0.0006969895912334323,0.600873589515686,-1.3346056221053004e-05,0.09332705289125443,-0.0013252777280285954,0.9998374581336975,7.007207750575617e-05,-0.017977166920900345,4.514981992542744e-05,7.063652446959168e-05,0.03239346295595169,-0.0005457294173538685,-0.0002722199133131653,0.9999991059303284,-0.001119936932809651,-0.0879845842719078,0.09953591972589493,-0.24618034064769745,-0.027651511132717133,-0.056712083518505096,0.0004150399472564459,-0.07906864583492279,-0.10020385682582855,0.24891918897628784,-0.013264758512377739,0.04401096701622009,0.00018916698172688484,0.0008714795112609863,-1.0191011824645102e-05,0.024984803050756454,0.004005608148872852,0.004020216874778271,5.5948112276382744e-06,7.960334187373519e-06,,,,,2.0279646686339037,,,,,,,,,1320,0.14166666666666666
11.150000000000183,stop,11.150000581517816,14.050596952438356,14.047568291425707,-0.2461075782775879,0.0015033807585496106,1.9961577789913572,0.06297996878856793,0.09691328065893987,0.18266639113426208,0.03215857595205307,5.050220012664795,-0.026711190002970397,55,0.121430404484272,0.03948448598384857,0.06504926830530167,0.015382247976958752,-0.013307132186128001,-14.18665437634991,0.1439281404018402,-0.11242122203111649,0.003629259765148163,-0.00023061115643940866,-0.03215739130973816,0.00015203095972537994,0.00018668707343749702,0.017417732626199722,-0.00019763049203902483,0.9998482465744019,8.828255522530526e-05,0.00010180574463447556,0.0009282769751735032,0.24906963109970093,0.35115936398506165,-0.002835991093888879,-0.4798169434070587,0.5612714886665344,0.4940510392189026,-1.982979655265808,-0.3874264359474182,2.4132540225982666,1.0382200479507446,-1.0348613614041824e-05,-0.000608507078140974,-0.0006812371429987252,-0.0016800129087641835,-0.0020381060894578695,0.00573862437158823,0.0014097803505137563,0.6008698344230652,-1.1835421901196241e-05,0.09332125633955002,-0.0013267600443214178,0.9998375773429871,7.38866365281865e-05,-0.017972543835639954,4.811049439013004e-05,7.25129502825439e-05,0.03238794580101967,-0.0005551756476052105,-0.0002800883958116174,0.9999991655349731,-0.001124318689107895,-0.10357295721769333,-0.06319066137075424,-0.004992568399757147,-0.003872740315273404,-0.039293356239795685,0.00024214581935666502,-0.10333293676376343,0.06315694749355316,0.008879458531737328,-0.013003409840166569,0.02432955615222454,0.00029433571035042405,0.0008707642555236816,-1.004260775516741e-05,0.024984832853078842,0.004006870090961456,0.004020270425826311,4.95164249514346e-06,7.043854566290975e-06,,,,,2.0279646686339037,,,,,,,,,1320,0.15
11.158333333333523,stop,11.158333915285766,14.050596952438356,14.044837653636934,-0.2447366714477539,0.0014050016261535347,2.001836222779581,0.05169172436580993,0.10467831195095843,0.5033307671546936,0.033192943781614304,5.162489414215088,-0.02734454938035924,55,0.4290369749069214,0.039060745388269424,0.08180002868175507,0.005412403028458357,-0.00961590523365885,-14.184319234139949,0.10283548384904861,-0.12179666012525558,0.4774225652217865,-2.509153273422271e-05,-0.033192843198776245,7.74404761614278e-05,0.00016690080519765615,0.017467154189944267,-0.00020952077466063201,0.9998473525047302,0.001698934705927968,-0.00013161558308638632,0.001240427722223103,0.2726050317287445,0.2704818546772003,-0.01964588277041912,-0.4798242151737213,0.5612607002258301,0.49405476450920105,-1.982979655265808,-0.3874471187591553,2.4132931232452393,1.038236379623413,-0.0003263716062065214,-0.0011186730116605759,-0.00043855427065864205,-0.0005366244004108012,-0.0030059455893933773,0.004916840232908726,0.0017628173809498549,0.6008812189102173,-1.43351498991251e-05,0.09333092719316483,-0.001323643489740789,0.9998379945755005,7.168261799961329e-05,-0.017946425825357437,3.666069824248552e-05,6.992937414906919e-05,0.03239523246884346,-0.0004795958520844579,-0.00025790557265281677,0.9999991059303284,-0.001109705539420247,-0.04330093041062355,-0.09388098865747452,0.4163942039012909,0.00837530568242073,-0.038151588290929794,0.00022913087741471827,-0.058225274085998535,0.09497348219156265,-0.4143219292163849,-0.005224381573498249,0.03188028559088707,4.22683369833976e-05,0.0008732080459594727,-1.062020419340115e-05,0.02498473972082138,0.0040068551898002625,0.004020322114229202,4.8950096243061125e-06,6.967340596020222e-06,,,,,2.0279646686339037,,,,,,,,,1320,0.15833333333333333
11.166666666666863,stop,11.166667249053717,14.050596952438356,14.049267023801805,-0.2467632293701172,0.00029513890353882744,1.9946865860648102,0.05590223372564651,0.10467831195095843,1.0675677061080933,0.03632550314068794,5.170815944671631,-0.025444471248192713,56,0.8938410878181458,0.0739380493760109,0.22484616935253143,0.031701888889074326,-0.012204451821162365,-14.188250641996405,-0.14057394862174988,0.07754898816347122,-1.055426836013794,-0.0017856269842013717,-0.036280032247304916,0.0003362423740327358,0.00016008607053663582,0.017404161393642426,-0.000236808555200696,0.9998484253883362,-0.001339675160124898,0.0009175674058496952,0.0003410727367736399,0.29286661744117737,0.3605582118034363,0.0038829066324979067,-0.4798210859298706,0.561258852481842,0.4940434992313385,-1.9829965829849243,-0.38744601607322693,2.4132931232452393,1.038236379623413,0.0004995608469471335,2.5511177227599546e-05,-0.0013259532861411572,-0.002332090400159359,0.0006256619235500693,0.0007155548082664609,-0.000688805419486016,0.6008728742599487,-1.766742207109928e-05,0.09332394599914551,-0.0013213948113843799,0.9998378753662109,7.001693302299827e-05,-0.017955347895622253,4.346191417425871e-05,6.7557004513219e-05,0.0323924720287323,-0.000551514036487788,-0.00024881583522073925,0.9999991655349731,-0.001080330228433013,-0.04421372711658478,0.05163704976439476,-0.8912522792816162,-0.0008451067260466516,-0.07392808794975281,-0.000871333060786128,-0.012179959565401077,-0.053997915238142014,0.8921253085136414,0.006695684976875782,0.06757820397615433,0.0008150764624588192,0.000870048999786377,-1.1977941539953463e-05,0.024984847754240036,0.00400558253750205,0.004019081126898527,5.104134288558271e-06,7.2620168793946505e-06,,,,,2.0279646686339037,,,,,,,,,1320,0.16666666666666666
11.175000000000203,stop,11.175000582821667,14.050596952438356,14.046923816204073,-0.24569034576416016,0.0015730589666418382,2.0020317440374935,0.05099707777844742,0.09691328065893987,1.162247657775879,0.03276187554001808,5.177969932556152,-0.027851237973663956,55,0.9692077040672302,0.02041926234960556,0.25754112005233765,0.04229825362563133,-0.008890545694157481,-14.186419014461798,0.13531017303466797,0.11239093542098999,1.1488598585128784,-0.001764776767231524,-0.03271281346678734,0.00031271198531612754,0.0001524939580122009,0.017469080165028572,-0.00022334320237860084,0.999847412109375,0.001418289728462696,0.0006416710675694048,0.0013694781810045242,0.24804669618606567,0.31296104192733765,-0.03782175853848457,-0.4798239469528198,0.5612533092498779,0.4940461814403534,-1.9830046892166138,-0.38744592666625977,2.4133377075195312,1.038236379623413,-0.0009667011327110231,-0.000985753838904202,0.0010449262335896492,-0.0010104802204295993,5.3595940698869526e-05,0.007835328578948975,0.000384677667170763,0.6008800268173218,-1.4831253793090582e-05,0.09332817047834396,-0.001326530473306775,0.9998381733894348,7.07585786585696e-05,-0.01793481782078743,3.6122859455645084e-05,6.945141649339348e-05,0.03239455819129944,-0.00046604592353105545,-0.00024238493642769754,0.9999992251396179,-0.0010990502778440714,0.07425770163536072,0.06598486006259918,0.9641034007072449,-0.0030469701159745455,0.01991993747651577,0.003295202273875475,0.03963948413729668,-0.06341563910245895,-0.9663181900978088,0.006297070533037186,-0.00921709556132555,-0.0035505369305610657,0.0008733272552490234,-1.1298652680125087e-05,0.02498473972082138,0.004006844945251942,0.004020434804260731,5.133694230607944e-06,7.303664460778236e-06,,,,,2.0279646686339037,,,,,,,,,1320,0.175
11.183333333333543,stop,11.183333916589618,14.050596952438356,14.048086106777193,-0.2461075782775879,0.0010131394674317562,1.9950790102122022,0.05597129711532034,0.09691328065893987,0.8654124736785889,0.03700747713446617,5.235121250152588,-0.026711190002970397,55,0.7014359831809998,0.08550401777029037,0.2259046882390976,0.045355603098869324,-0.01196620668633841,-14.187097056827094,-0.16381581127643585,-0.026619382202625275,-0.8493494987487793,-0.0009588056127540767,-0.036994386464357376,0.0002222148614237085,0.0001647936733206734,0.017408397048711777,-0.00021357566583901644,0.9998484253883362,-0.0007770786178298295,0.0007233772194013,0.0005149791250005364,0.2796553075313568,0.33242204785346985,0.011094039306044579,-0.47982683777809143,0.5612501502037048,0.4940480887889862,-1.983018159866333,-0.3874458372592926,2.4133377075195312,1.038236379623413,-3.764018038054928e-05,-0.0003023706085514277,-0.00034570571733638644,-0.00198944634757936,-4.87445286125876e-05,-0.0003795352531597018,-2.0443203538889065e-05,0.6008746027946472,-1.4196615666151047e-05,0.09332515299320221,-0.0013266807654872537,0.99983811378479,7.14594207238406e-05,-0.017939642071723938,4.137225914746523e-05,7.065052341204137e-05,0.03239252790808678,-0.000531575467903167,-0.0002554790989961475,0.9999991655349731,-0.0011087370803579688,-0.027970651164650917,0.008476066403090954,-0.7008268237113953,-0.012846129946410656,-0.08449169248342514,-0.0026586586609482765,-0.0028106048703193665,-0.010338806547224522,0.7013540267944336,-0.011476894840598106,0.08047037571668625,0.0032881067600101233,0.0008702874183654785,-1.0820604984473903e-05,0.024984844028949738,0.004005580209195614,0.004019215237349272,5.175544174562674e-06,7.366761565208435e-06,,,,,2.0279646686339037,,,,,,,,,1320,0.18333333333333332
11.191666666666883,stop,11.191667250357568,14.050596952438356,14.04760926961899,-0.24527311325073242,0.0016450936755063594,1.998705282487145,0.0521871552336961,0.10467831195095843,0.6285516023635864,0.030794605612754822,5.051894187927246,-0.027281213988317177,53,0.5060418248176575,0.009993716143071651,0.17035555839538574,0.034775178879499435,-0.010812661843374372,-14.186872784727932,0.13131791353225708,-0.04271840304136276,0.6131948232650757,-0.001015885267406702,-0.03077780455350876,-4.923726373817772e-05,0.00018324698612559587,0.017439963296055794,-0.0002095438976539299,0.9998478889465332,0.0007269219495356083,-3.4817843697965145e-05,0.0011763462098315358,0.23419171571731567,0.33243659138679504,-0.004251362290233374,-0.4798293709754944,0.5612450242042542,0.49404722452163696,-1.9830281734466553,-0.3874538540840149,2.4133737087249756,1.038238763809204,-0.00039691271376796067,-0.0008575799292884767,-4.966782398696523e-07,-0.0011168657802045345,-0.001725324080325663,0.005925884936004877,0.0014264326309785247,0.6008787155151367,-1.4212011592462659e-05,0.09332703799009323,-0.0013272654032334685,0.9998383522033691,7.284835737664253e-05,-0.01792423240840435,3.71481291949749e-05,7.004286453593522e-05,0.03239404782652855,-0.0004846214724238962,-0.0002754469751380384,0.9999991059303284,-0.001112998928874731,0.017679665237665176,-0.041876379400491714,0.5039961338043213,0.007047702092677355,0.006398774683475494,0.0030430140905082226,-0.0004004780203104019,0.04321598261594772,-0.5041930079460144,0.0008533173240721226,-0.003855133894830942,-0.003088611178100109,0.0008718371391296387,-1.0635392754920758e-05,0.02498479187488556,0.0040068780072033405,0.004020556341856718,4.945652108290233e-06,7.0389942266047e-06,,,,,2.0279646686339037,,,,,,,,,1320,0.19166666666666665
11.200000000000223,stop,11.200000584125519,14.050596952438356,14.048063755035402,-0.24640560150146484,0.0007100367156454013,1.9968439649007155,0.054946725867921486,0.09691328065893987,0.418761670589447,0.03549725189805031,5.235700607299805,-0.026077830625581555,55,0.3256852328777313,0.06108178570866585,0.12488916516304016,0.026918625459074974,-0.0113004504237324,-14.187197631910363,-0.11594830453395844,-0.02107718586921692,-0.40183714032173157,-0.0007427881355397403,-0.03548934683203697,9.697533096186817e-05,0.0001668467011768371,0.017423631623387337,-0.0002203139301855117,0.9998481869697571,-0.00036179288872517645,0.0003088252560701221,0.0007267904002219439,0.26511168479919434,0.3248143196105957,-0.05098285526037216,-0.4798310399055481,0.5612417459487915,0.4940451383590698,-1.9830402135849,-0.38745948672294617,2.4133737087249756,1.038238763809204,-0.00011547328176675364,-0.0005754327867180109,-0.0004167172301094979,-0.0017114138463512063,-0.0006900920416228473,0.0009491650853306055,0.00033438458922319114,0.6008737683296204,-1.592705666553229e-05,0.09332402795553207,-0.0013244402362033725,0.9998382925987244,7.466906390618533e-05,-0.0179283544421196,4.113593604415655e-05,6.907153874635696e-05,0.03239136189222336,-0.0005050571635365486,-0.0002606044872663915,0.9999992251396179,-0.0010996692581102252,0.006538677494972944,-0.00980529934167862,-0.3254719376564026,-0.0021128924563527107,-0.06100590527057648,-0.0021908411290496588,0.018202008679509163,0.00894542969763279,0.3250531256198883,-0.003432449884712696,0.061957184225320816,0.002478569746017456,0.0008710622787475586,-1.1159378118463792e-05,0.024984821677207947,0.0040055932477116585,0.0040192981250584126,5.301691999193281e-06,7.546477718278766e-06,,,,,2.0279646686339037,,,,,,,,,1320,0.2
11.208333333333563,stop,11.20833391789347,14.050596952438356,14.046782255172731,-0.24551153182983398,0.00097984832336806,1.9985094359220839,0.04839786561205983,0.09691328065893987,0.4640076458454132,0.03240014985203743,5.129693031311035,-0.027281213988317177,55,0.3841460347175598,0.007594262715429068,0.11201589554548264,0.021111633628606796,-0.009645391255617142,-14.18603212984216,0.06042025238275528,0.03629212826490402,0.45862334966659546,-0.0010574519401416183,-0.032382603734731674,0.00013607062282972038,0.00016926618991419673,0.017438193783164024,-0.00021687493426725268,0.999847948551178,0.0008327757241204381,0.00048557828995399177,0.0011666970094665885,0.2679954469203949,0.3047023117542267,-0.04013078287243843,-0.4798358678817749,0.5612322688102722,0.49404919147491455,-1.9830430746078491,-0.38746386766433716,2.4134066104888916,1.038238763809204,-0.0006695768679492176,-0.0009556485456414521,0.0004608796734828502,-0.0012685236288234591,-0.0005824064137414098,0.00480701494961977,0.000655467389151454,0.600881814956665,-1.5611949493177235e-05,0.09333115816116333,-0.0013260708656162024,0.9998387098312378,7.592906331410632e-05,-0.017908861860632896,3.2934476621448994e-05,6.923574255779386e-05,0.032397471368312836,-0.00047099991934373975,-0.00026439822977408767,0.9999992251396179,-0.0011046737199649215,0.03290323168039322,0.013630331493914127,0.3824915289878845,0.002182616153731942,-0.006869259290397167,0.002392130671069026,0.019185703247785568,-0.01261050719767809,-0.38345929980278015,0.004035696387290955,0.011617276817560196,-0.0025093313306570053,0.0008717775344848633,-1.0989682778017595e-05,0.02498479187488556,0.0040056235156953335,0.004019370302557945,5.296934432408307e-06,7.535796612501144e-06,,,,,2.0279646686339037,,,,,,,,,1320,0.20833333333333334
11.216666666666903,stop,11.21666725166142,14.050596952438356,14.04983699321747,-0.24646520614624023,0.000995488903754449,1.991937453228637,0.055840660934336483,0.11190581936148891,0.8599507808685303,0.034590188413858414,5.153868675231934,-0.02671118636499159,55,0.7214491963386536,0.06466033309698105,0.1780332326889038,0.025732990354299545,-0.012495929215219803,-14.188629137535916,-0.11566584557294846,0.020730935037136078,-0.8518844246864319,-0.0011228227522224188,-0.0345715656876564,0.00016524182865396142,0.00016275646339636296,0.017380721867084503,-0.00022845531930215657,0.9998488426208496,-0.001480905688367784,0.0005556803662329912,0.0003874822868965566,0.25510740280151367,0.37605249881744385,0.003355848602950573,-0.4798336625099182,0.561231255531311,0.49404269456863403,-1.9830632209777832,-0.3874594569206238,2.4134066104888916,1.038238763809204,0.0002529191260691732,-0.00011628701031440869,-0.000802460010163486,-0.002486269921064377,0.00030114658875390887,0.0009366802405565977,-0.0001590993197169155,0.6008720993995667,-1.5531142707914114e-05,0.09332349896430969,-0.0013262539869174361,0.9998385310173035,7.507229020120576e-05,-0.01791929081082344,4.2201485484838486e-05,6.930244853720069e-05,0.032392553985118866,-0.0005388990975916386,-0.00025674831704236567,0.9999991059303284,-0.0010934141464531422,-0.0303176362067461,0.027856476604938507,-0.7202733755111694,-0.007159428671002388,-0.0642445757985115,-0.001528473454527557,-0.004485748708248138,-0.02977064624428749,0.7208206653594971,-0.0030345432460308075,0.059890326112508774,0.0018003227887675166,0.0008689165115356445,-1.1562480722204782e-05,0.024984896183013916,0.004006890580058098,0.004020745866000652,4.961172635375988e-06,7.058755727484822e-06,,,,,2.0279646686339037,,,,,,,,,1320,0.21666666666666667
11.225000000000243,stop,11.22500058542937,14.050596952438356,14.0468567609787,-0.24491548538208008,0.0013514387546820217,1.9989011098715082,0.05032175249652937,0.09691328065893987,1.0771609544754028,0.02990908734500408,4.993666172027588,-0.02734454938035924,56,0.8925288319587708,0.014266413636505604,0.24261732399463654,0.039031244814395905,-0.008648579241707921,-14.186133915189618,0.17176632583141327,-0.01424676924943924,1.0632822513580322,-0.0005458110244944692,-0.029904060065746307,5.3642514103557914e-05,0.00016082929505500942,0.017441757023334503,-0.0002094951632898301,0.9998478889465332,0.0013253805227577686,0.00025243405252695084,0.0014467535074800253,0.2507093548774719,0.3061356842517853,-0.04713630676269531,-0.4798373878002167,0.561224102973938,0.494044691324234,-1.983070731163025,-0.3874679505825043,2.413449764251709,1.0382460355758667,-0.000735544366762042,-0.0011072049383074045,0.0005535076488740742,-0.0008867714204825461,-0.0016172978794202209,0.007261762395501137,0.0014479662058874965,0.6008796095848083,-1.4771110727451742e-05,0.09332839399576187,-0.0013280172133818269,0.9998388290405273,7.454984006471932e-05,-0.017897924408316612,3.492902033030987e-05,6.982566264923662e-05,0.03239467740058899,-0.0004564845294225961,-0.0002547555195633322,0.9999991655349731,-0.001114174840040505,0.031888388097286224,-0.022094516083598137,0.8916853070259094,0.0032883158419281244,0.013611944392323494,0.0027262610383331776,-4.795566201210022e-05,0.024466274306178093,-0.8921930193901062,-6.263051182031631e-05,-0.009028991684317589,-0.002752742264419794,0.0008719563484191895,-1.0613423000904731e-05,0.02498479187488556,0.004005630034953356,0.004019455518573523,5.383465577324387e-06,7.653434295207262e-06,,,,,2.0279646686339037,,,,,,,,,1320,0.225
11.233333333333583,stop,11.233333919197321,14.050596952438356,14.048399031162264,-0.24586915969848633,0.0006438955324483686,1.992625091874085,0.05469695315696299,0.10467831195095843,0.8973066806793213,0.03511108458042145,5.1666035652160645,-0.026077825168613344,55,0.7337355017662048,0.08415587991476059,0.2252686321735382,0.043158430606126785,-0.011347123596351594,-14.187239068735462,-0.14927755296230316,-0.007846705615520477,-0.8847677111625671,-0.0008646107744425535,-0.03510027378797531,0.0001075565378414467,0.00016794972179923207,0.017387064173817635,-0.00022144528338685632,0.9998487830162048,-0.0009653234737925231,0.0005676834261976182,0.0005214771954342723,0.2788101136684418,0.3337377607822418,-0.005879934411495924,-0.47983938455581665,0.5612207651138306,0.4940437078475952,-1.9830849170684814,-0.38746875524520874,2.413449764251709,1.0382460355758667,0.00010586130520096049,-0.0003012994129676372,-0.0006016442785039544,-0.0020070259924978018,-0.00020524085266515613,-0.00033357396023347974,4.7883917432045564e-05,0.600873589515686,-1.5242898371070623e-05,0.09332488477230072,-0.0013269438641145825,0.9998387694358826,7.544690015492961e-05,-0.01790333352982998,4.0272134356200695e-05,6.998624303378165e-05,0.03239252790808678,-0.0005166041082702577,-0.0002624632907100022,0.9999991655349731,-0.0011010144371539354,-0.042687173932790756,0.00993033591657877,-0.7324254512786865,-0.00701608881354332,-0.0838182345032692,-0.002736748894676566,-0.016437137499451637,-0.011880245991051197,0.7334553003311157,-0.005436640698462725,0.0776723325252533,0.003142689820379019,0.0008692145347595215,-1.1216597158636432e-05,0.024984881281852722,0.00400567427277565,0.004019464366137981,5.1226479627075605e-06,7.293128874152899e-06,,,,,2.0279646686339037,,,,,,,,,1320,0.23333333333333334
11.241666666666923,stop,11.241667252965271,14.050596952438356,14.047493785619737,-0.2453327178955078,0.0028794624995498452,1.996745952773691,0.050868929974967614,0.10467831195095843,0.7209303379058838,0.02994602359831333,4.889900207519531,-0.026647854610928334,57,0.5902302265167236,0.010537536814808846,0.18106615543365479,0.0347357913851738,-0.00901695596985519,-14.186620836079515,0.11860153824090958,0.023150116205215454,0.7107308506965637,0.0005430886521935463,-0.029939942061901093,0.00026313800481148064,0.00012654710735660046,0.017422407865524292,-0.00022252844064496458,0.9998481273651123,0.0008226329809986055,-0.0004712407826445997,0.0012368489988148212,0.17504563927650452,0.3153274953365326,-0.0013012242270633578,-0.4798429310321808,0.5612155795097351,0.49404600262641907,-1.9830955266952515,-0.3874708116054535,2.4134862422943115,1.0382460355758667,-0.0006085308850742877,-0.0009031797526404262,0.00045167168718762696,-0.0011574069503694773,-0.0007894604932516813,0.005963852629065514,0.0008933237404562533,0.6008777022361755,-1.3577795471064746e-05,0.09332714229822159,-0.001330442726612091,0.9998390674591064,7.641057891305536e-05,-0.017888125032186508,3.576104063540697e-05,6.964450585655868e-05,0.032394010573625565,-0.00046599245979450643,-0.0002221242611994967,0.9999991655349731,-0.0011041538091376424,0.035686343908309937,0.0027952841483056545,0.5891438126564026,0.0028383368626236916,0.009607650339603424,0.003267505206167698,0.014589708298444748,-0.001222345046699047,-0.5900485515594482,0.003082581562921405,-0.004463924560695887,-0.0033942044246941805,0.0008710026741027832,-1.1234970770601649e-05,0.02498481795191765,0.004006924107670784,0.004020721185952425,5.006540959584527e-06,7.118418579921126e-06,,,,,2.0279646686339037,,,,,,,,,1320,0.24166666666666667
11.250000000000263,stop,11.250000586733222,14.050596952438356,14.04695361852646,-0.24569034576416016,0.0013203940625317045,1.9948828077840903,0.050428134272806346,0.09691328065893987,0.46446365118026733,0.032337211072444916,5.155659198760986,-0.02658451921888627,48,0.3727012574672699,0.06413552165031433,0.1297897845506668,0.028685014694929123,-0.010895905666984618,-14.185950903321329,-0.07467160373926163,-0.08223462104797363,-0.45098569989204407,-0.00034658581716939807,-0.03233397752046585,-0.0002983846643473953,0.00019211359904147685,0.017406359314918518,-0.00022090743004810065,0.999848484992981,-0.00032701913733035326,0.0003382520517334342,0.0007123359828256071,0.28758588433265686,0.3202149569988251,-0.012508138082921505,-0.4798456132411957,0.5612087845802307,0.49404603242874146,-1.9831005334854126,-0.38747745752334595,2.4134862422943115,1.0382460355758667,2.1396663214545697e-05,-0.0005788893322460353,-0.0006301073590293527,-0.0014822077937424183,-0.0011733707506209612,0.0006555449217557907,0.0006727704894728959,0.600877046585083,-1.5842364518903196e-05,0.09332892298698425,-0.0013269722694531083,0.9998390674591064,7.831350376363844e-05,-0.017886856570839882,3.602111246436834e-05,6.871545338071883e-05,0.032395243644714355,-0.00048085892922244966,-0.00028953023138456047,0.9999992251396179,-0.00110109883826226,-0.03277341648936272,-0.0473596528172493,-0.3682243824005127,-0.002335598226636648,-0.0640580952167511,-0.0021143921185284853,-0.019586898386478424,0.046376731246709824,0.3692854344844818,-0.009077136404812336,0.05932902917265892,0.0025985445827245712,0.0008701682090759277,-1.1210898264835123e-05,0.024984851479530334,0.004006902687251568,0.004020781721919775,4.893975074082846e-06,6.9623347371816635e-06,,,,,2.0279646686339037,,,,,,,,,1320,0.25
11.258333333333603,retreat,11.258333920501173,14.050457899614969,14.048104733228685,-0.2461075782775879,0.001435248691450397,1.9940978051030087,0.05782731022918597,0.09691328065893987,0.1078268513083458,0.029991835355758667,5.048738479614258,-0.026711190002970397,55,0.05321681126952171,0.01588236354291439,0.05966759845614433,0.017009958624839783,-0.01078460254939273,-14.187047343547093,0.05221330001950264,0.08312402665615082,0.04461834207177162,-0.0009433883242309093,-0.029976865276694298,-8.795178291620687e-05,0.0001836031151469797,0.017399558797478676,-0.0002317884936928749,0.9998486042022705,-0.00032924534752964973,0.0007608852465637028,0.0008859374793246388,0.2736031413078308,0.3580082356929779,-0.028957625851035118,-0.4798455834388733,0.5612087845802307,0.49404075741767883,-1.9831234216690063,-0.3874773681163788,2.413498878479004,1.0382460355758667,-0.00012467749183997512,-0.0004257379041519016,-0.00018163386266678572,-0.001652034348808229,0.00014474644558504224,0.004398389719426632,0.000189838363439776,0.6008684635162354,-1.565057027619332e-05,0.09332070499658585,-0.0013279601698741317,0.9998389482498169,7.890805864008144e-05,-0.017892614006996155,4.430196713656187e-05,6.883790047140792e-05,0.03238788619637489,-0.00049340765690431,-0.00028142851078882813,0.9999992251396179,-0.0010913488222286105,-0.00900101289153099,0.0461532399058342,0.02491764910519123,0.001018949900753796,-0.0157577246427536,0.001704498310573399,-0.009881705977022648,-0.0460888110101223,-0.02470223978161812,0.007617073133587837,0.014462382532656193,-0.0019372550304979086,0.0008698701858520508,-1.1747401003958657e-05,0.02498486265540123,0.004005638882517815,0.004019494634121656,5.252840310276952e-06,7.473718142136931e-06,,,,,2.0279646686339037,,,,,,,,,1320,0.2583333333333333
11.266666666666943,retreat,11.266667254269123,14.050041256632571,14.043980836868288,-0.24396181106567383,0.0024439309527224395,1.998705282487145,0.0498822882946115,0.10467831195095843,0.7189785838127136,0.028350884094834328,4.975552082061768,-0.02734454938035924,55,0.6035169959068298,0.024456674233078957,0.13407352566719055,0.012756073847413063,-0.007303244085051119,-14.18324435197723,0.1595601737499237,-0.022275447845458984,0.7006957530975342,2.539673005230725e-06,-0.028350183740258217,-0.00019933561270590872,0.00017780647613108158,0.017439700663089752,-0.00021983757324051112,0.9998478293418884,0.0019182567484676838,0.00011821639782283455,0.0014393290039151907,0.25657644867897034,0.26718518137931824,-0.0088238175958395,-0.47985461354255676,0.5611987113952637,0.49405279755592346,-1.9831234216690063,-0.3874858021736145,2.413536310195923,1.0382460355758667,-0.0007364474586211145,-0.0010198709787800908,0.0007275522802956402,-0.000154644571011886,-0.0013707303442060947,0.0053292568773031235,0.0011253015836700797,0.6008796691894531,-1.3297816622070968e-05,0.09333114326000214,-0.00133050128351897,0.9998393654823303,8.246810466516763e-05,-0.01786777749657631,3.386370372027159e-05,7.035831367829815e-05,0.03239450976252556,-0.00042841682443395257,-0.00027950943331234157,0.9999991059303284,-0.0011058822274208069,-0.051106374710798264,-0.013284037820994854,0.6012024879455566,-0.003467082977294922,-0.024209672585129738,1.8845353224605788e-06,-0.07255629450082779,0.014870896004140377,-0.5989548563957214,-0.0054269288666546345,0.016804978251457214,0.0002399811492068693,0.0008718371391296387,-1.1145250937261153e-05,0.02498479187488556,0.00400693342089653,0.0040208278223872185,4.977103799319593e-06,7.076188921928406e-06,,,,,2.0279646686339037,,,,,,,,,1320,0.26666666666666666
11.275000000000283,retreat,11.275000588037074,14.0493477967228,14.04848098754883,-0.24616718292236328,0.0012949609526913264,1.9894796615133066,0.05772403528681025,0.09691328065893987,1.272727131843567,0.031936995685100555,5.033104419708252,-0.024874447262845933,56,1.0725274085998535,0.086859330534935,0.26659640669822693,0.04090898856520653,-0.011638207011856139,-14.187101949287781,-0.11595714092254639,-0.04695219546556473,-1.2665637731552124,-0.00020532027701847255,-0.031935643404722214,-0.00021040788851678371,0.00018726247071754187,0.017359547317028046,-0.00022740557324141264,0.9998493194580078,-0.0015195347368717194,0.0004437511379364878,0.0003346073208376765,0.2857970595359802,0.36396172642707825,0.016053199768066406,-0.4798520803451538,0.5611974000930786,0.4940449595451355,-1.9831370115280151,-0.38748571276664734,2.4135096073150635,1.0382460355758667,0.0008175195544026792,0.00023983816208783537,-0.0015609209658578038,-0.00168109149672091,-0.00026485478156246245,-0.0010681381681934,1.6369809600291774e-05,0.6008673310279846,-1.641864946577698e-05,0.09332336485385895,-0.0013253219658508897,0.9998390674591064,8.2306498370599e-05,-0.017887622117996216,4.515948239713907e-05,6.804375152569264e-05,0.03239089623093605,-0.0005284411017782986,-0.0002884667774196714,0.9999992251396179,-0.0010929768905043602,-0.10036104917526245,-0.01868318021297455,-1.0676580667495728,-0.003489880822598934,-0.08677170425653458,-0.001742224907502532,-0.06210918724536896,0.015835460275411606,1.0706102848052979,-0.006058267317712307,0.07231535017490387,0.002157739130780101,0.0008678436279296875,-1.153110497398302e-05,0.024984925985336304,0.0040056644938886166,0.004019660409539938,5.100077032693662e-06,7.25453719496727e-06,,,,,2.0279646686339037,,,,,,,,,1320,0.275
11.283333333333623,retreat,11.283333921805024,14.048378293117297,14.045463502407076,-0.24467706680297852,0.0018188444528277614,1.9982156300983456,0.047728066419949755,0.10467831195095843,1.2121734619140625,0.025593265891075134,4.898330211639404,-0.02734454938035924,55,0.9760562181472778,0.024838855490088463,0.3051067888736725,0.05479149892926216,-0.007430284982547164,-14.184692913908494,0.2924087345600128,0.05210578441619873,1.1752219200134277,-0.00041039218194782734,-0.025589585304260254,-0.00014129778719507158,0.00017185932665597647,0.017434928566217422,-0.00023012295423541218,0.999847948551178,0.00187678262591362,-0.0005553496303036809,0.0015074328985065222,0.23908649384975433,0.3118443489074707,-0.0036213279236108065,-0.47985368967056274,0.5611939430236816,0.4940451681613922,-1.983138918876648,-0.3874926269054413,2.4135704040527344,1.0382460355758667,-0.00032345717772841454,-0.0006041433662176132,0.0002673590206541121,9.345222497358918e-05,-0.00109157245606184,0.008752863854169846,0.0011097652604803443,0.6008803248405457,-1.4847813872620463e-05,0.09332938492298126,-0.001330201281234622,0.9998395442962646,8.401271770708263e-05,-0.01785712130367756,3.179372288286686e-05,6.941132596693933e-05,0.032394297420978546,-0.00042252446291968226,-0.0002749145496636629,0.9999991655349731,-0.0010953802848234773,-0.032092392444610596,0.014430247247219086,0.9754217267036438,0.005786773283034563,0.02392662689089775,0.003316400805488229,-0.06690128147602081,-0.011845441535115242,-0.9736886620521545,0.0076838769018650055,-0.0285833440721035,-0.003666391596198082,0.0008715987205505371,-1.1654215086309705e-05,0.024984799325466156,0.004006934817880392,0.004019722808152437,5.354002496460453e-06,7.620634278282523e-06,,,,,2.0279646686339037,,,,,,,,,1320,0.2833333333333333
11.291666666666963,retreat,11.291667255572975,14.047133519047705,14.047955721616747,-0.2459883689880371,0.0014581497680410394,1.9931161171446772,0.05144545139046386,0.11190581936148891,1.0237153768539429,0.03376070782542229,5.149003028869629,-0.025507806640234776,54,0.8235723972320557,0.09821396321058273,0.2815524637699127,0.058734722435474396,-0.010065482143545523,-14.186829958533034,-0.20566533505916595,0.009797558188438416,-1.0027955770492554,-0.000547105330042541,-0.033755697309970856,-0.00019745068857446313,0.00017545907758176327,0.017390945926308632,-0.00023186382895801216,0.9998487234115601,-0.000985164544545114,0.0005338371265679598,0.0004350251401774585,0.27967461943626404,0.33067557215690613,-0.010068275965750217,-0.47985145449638367,0.5611939430236816,0.49404269456863403,-1.983138918876648,-0.387489914894104,2.413541793823242,1.0382460355758667,0.0004883288056589663,0.0002462557458784431,-0.0007831712136976421,-0.0011625115294009447,0.0005480989348143339,-0.002050074515864253,-0.000472462794277817,0.6008740067481995,-1.629684993531555e-05,0.09332668036222458,-0.001326903817243874,0.9998393058776855,8.326504757860675e-05,-0.01787145808339119,3.771891351789236e-05,6.81103192619048e-05,0.03239390254020691,-0.00048085636808536947,-0.00027761521050706506,0.9999991059303284,-0.0010902928188443184,-0.03917251527309418,0.029878243803977966,-0.8220975399017334,-0.01332970429211855,-0.09723570942878723,-0.003676802385598421,-0.009764298796653748,-0.03206539899110794,0.822890043258667,-0.008831005543470383,0.09159567207098007,0.004241683520376682,0.0008693933486938477,-1.1744007679226343e-05,0.024984877556562424,0.004005657508969307,0.0040197852067649364,5.158879503142089e-06,7.348367944359779e-06,,,,,2.0279646686339037,,,,,,,,,1320,0.2916666666666667
11.300000000000303,retreat,11.300000589340925,14.045614247745664,14.047311246395113,-0.2453327178955078,0.001147731040873623,1.9962558199848357,0.0474360967928078,0.10467831195095843,0.7172291278839111,0.028515076264739037,5.008544445037842,-0.027154541385243647,50,0.5825211405754089,0.018229015171527863,0.1921672523021698,0.03976317495107651,-0.009397899964824319,-14.186404159747452,0.11938060820102692,0.02384278178215027,0.7068220973014832,-0.0008220365270972252,-0.028502201661467552,-0.00024159456370398402,0.00018030503997579217,0.017417944967746735,-0.00022316128888633102,0.9998481869697571,0.0007037049508653581,0.0007995659252628684,0.0012434024829417467,0.2929290235042572,0.33428966999053955,-0.013084420934319496,-0.47984930872917175,0.5611939430236816,0.4940398037433624,-1.983138918876648,-0.3874911367893219,2.4135711193084717,1.0382460355758667,-0.00016189472808036953,-0.00037609474384225905,0.0001280786527786404,-0.00038405865780077875,-0.0005482863052748144,0.005283205769956112,0.0008221751777455211,0.6008802652359009,-1.5274315956048667e-05,0.09332863241434097,-0.0013294992968440056,0.9998396039009094,8.3549675764516e-05,-0.017857525497674942,3.1263334676623344e-05,6.961381586734205e-05,0.032395415008068085,-0.0004399228491820395,-0.000282985158264637,0.9999991655349731,-0.0011014968622475863,0.04558543488383293,0.0018947565695270896,0.5807316899299622,0.003551298286765814,0.017553649842739105,0.0033992091193795204,0.024818921461701393,-0.00034278957173228264,-0.5819922089576721,0.0036620048340409994,-0.010976376943290234,-0.0035645272582769394,0.0008707642555236816,-1.131339740823023e-05,0.024984829127788544,0.004006902687251568,0.004019749350845814,5.099191184854135e-06,7.254158845171332e-06,,,,,2.0279646686339037,,,,,,,,,1320,0.3
11.308333333333643,retreat,11.308333923108876,14.043821252442813,14.048007875680925,-0.24622678756713867,0.0015808078615009435,1.994784699336202,0.045741886424366385,0.08846931922527276,0.4765115976333618,0.03342892974615097,5.18289041519165,-0.026077825168613344,55,0.3632781505584717,0.05965890362858772,0.14623554050922394,0.031600482761859894,-0.0100116855755914,-14.186998327343838,-0.1666393131017685,0.008724644780158997,-0.44633904099464417,-0.0003797838289756328,-0.0334259457886219,-0.00023489713203161955,0.0001759657170623541,0.017405863851308823,-0.0002249162644147873,0.9998485445976257,-0.0006074131233617663,0.0005341983051039279,0.0006537694134749472,0.27305927872657776,0.32986271381378174,-0.00218848860822618,-0.47984927892684937,0.5611939430236816,0.4940376281738281,-1.9831390380859375,-0.38748955726623535,2.4135711193084717,1.0382460355758667,6.415554526029155e-05,-0.00011601248843362555,-0.0001759419246809557,-0.0011461921967566013,0.00030754852923564613,-0.0006678903009742498,-9.805485024116933e-05,0.6008800864219666,-1.6588062862865627e-05,0.09332814812660217,-0.0013294382952153683,0.9998395442962646,8.181003067875281e-05,-0.017857948318123817,3.0583818443119526e-05,6.7865417804569e-05,0.03239564597606659,-0.00045242393389344215,-0.00027685813256539404,0.9999992847442627,-0.0010997910285368562,0.036994531750679016,0.02027483470737934,-0.36082038283348083,-0.00882957223802805,-0.058937571942806244,-0.00275428150780499,0.04985833168029785,-0.02122512273490429,0.3592139780521393,-0.005781475454568863,0.0642843097448349,0.0031315668020397425,0.0008701682090759277,-1.1397251910238992e-05,0.024984847754240036,0.004005645401775837,0.0040198140777647495,5.206180503591895e-06,7.410708349198103e-06,,,,,2.0279646686339037,,,,,,,,,1320,0.30833333333333335
11.316666666666983,retreat,11.316667256876826,14.041755306370794,14.048250019550325,-0.24586915969848633,0.0017181142766276025,1.9958636271267438,0.05418593354988843,0.11190581936148891,0.3297908902168274,0.03183727711439133,5.1533708572387695,-0.02734454938035924,55,0.29359713196754456,0.00285545876249671,0.06765230745077133,0.015720825642347336,-0.009716968022985384,-14.187315617175928,-0.06526793539524078,0.03675982356071472,0.3211710453033447,-0.0004604629357345402,-0.031833354383707047,-0.00019427591178100556,0.0001803804625524208,0.017415223643183708,-0.0002213496481999755,0.9998483061790466,-0.00022125750547274947,-0.003707604482769966,0.0008644314366392791,0.415277361869812,0.3363032937049866,0.005415239837020636,-0.4798496961593628,0.5611939430236816,0.4940360486507416,-1.983156681060791,-0.38748544454574585,2.4135711193084717,1.0382460355758667,-0.0004779156588483602,-0.0005482867127284408,0.0005950658232904971,-0.0012477245181798935,0.0002957980614155531,0.002205858938395977,0.00032739900052547455,0.6008715629577637,-1.5305777196772397e-05,0.09332150965929031,-0.0013306657783687115,0.9998393654823303,8.180988515960053e-05,-0.01786699891090393,3.981683403253555e-05,6.90739689162001e-05,0.03238893300294876,-0.0004521195951383561,-0.0002813671890180558,0.9999991059303284,-0.0011045021237805486,0.11922033876180649,0.02766493521630764,0.2668715715408325,-0.0019951274152845144,0.0009010499925352633,0.0018333628540858626,0.10961250960826874,-0.026930328458547592,-0.27103349566459656,0.00191399734467268,0.016316140070557594,-0.001866710837930441,0.0008706450462341309,-1.1222871762583964e-05,0.024984829127788544,0.004005652852356434,0.00401862571015954,-0.00031801944714970887,-0.00045242346823215485,,,,,2.0279646686339037,,,,,,,,,1320,0.31666666666666665
11.325000000000323,retreat,11.325000590644777,14.039417182761246,14.044353365898134,-0.2442002296447754,0.0023909838091640268,1.9972359653299299,0.04822365372092463,0.08846931922527276,0.40350455045700073,0.02961222641170025,5.021589756011963,-0.026711190002970397,55,0.3453400731086731,0.020696531981229782,0.0720347985625267,0.009415868669748306,-0.007521024846937507,-14.183514545081128,0.03910277038812637,-0.05104578286409378,0.3983481228351593,0.00028821086743846536,-0.029609287157654762,-0.00030174851417541504,0.00017472251784056425,0.01742720603942871,-0.00022073987929616123,0.9998481273651123,0.00138180167414248,0.00034168464480899274,0.0012554271379485726,0.2689160108566284,0.25739410519599915,0.03901661932468414,-0.47985953092575073,0.5611832141876221,0.4940498173236847,-1.983156681060791,-0.387493759393692,2.413597822189331,1.0382460355758667,-0.0007405088399536908,-0.0010281956056132913,0.000780850590672344,-0.0005021071992814541,-0.0012750367168337107,0.0025450775865465403,0.0011422894895076752,0.6008806228637695,-1.3154887710697949e-05,0.09333185851573944,-0.0013322081649675965,0.9998397827148438,8.570086356485263e-05,-0.01784684509038925,3.1354837119579315e-05,7.066386024234816e-05,0.032395657151937485,-0.0004199712711852044,-0.00027965911431238055,0.9999992251396179,-0.0011066892184317112,0.01796686090528965,-0.04034213721752167,0.34250468015670776,-0.0013481703354045749,-0.020642181858420372,-0.000655118958093226,0.005727044306695461,0.04125731810927391,-0.3428189754486084,-0.0071754674427211285,0.02322365716099739,0.0009710817248560488,0.0008712410926818848,-1.1187564268766437e-05,0.02498481422662735,0.00400692131370306,0.004020033869892359,4.916900252283085e-06,6.997288437560201e-06,,,,,2.0279646686339037,,,,,,,,,1320,0.325
11.333333333333663,retreat,11.333333924412727,14.036807654845813,14.04899135231972,-0.2459883689880371,0.0004294758184641978,1.9879050807235954,0.05737000537919812,0.11190581936148891,1.0986928939819336,0.03098909556865692,4.987817764282227,-0.02538113585615065,49,0.9340322017669678,0.0644964799284935,0.20647872984409332,0.024647938087582588,-0.012020690308418125,-14.187502646046916,-0.09655533730983734,-0.07758866250514984,-1.0916882753372192,-0.00043788450420834124,-0.030984649434685707,-0.0002895430661737919,0.00019451942353043705,0.017345698550343513,-0.0002201336610596627,0.9998494982719421,-0.0016846038633957505,0.0002752238651737571,0.00040937442099675536,0.30286961793899536,0.3717038631439209,0.08756937086582184,-0.4798565208911896,0.5611818432807922,0.49404022097587585,-1.9831739664077759,-0.38749513030052185,2.413573741912842,1.0382460355758667,0.0007469186675734818,2.541407593525946e-05,-0.0015593068674206734,-0.0019185803830623627,-0.000756067456677556,-0.0006663671229034662,0.00045530530042015016,0.600866973400116,-1.683449954725802e-05,0.09332280606031418,-0.0013265665620565414,0.9998393654823303,8.590200741309673e-05,-0.01786736026406288,4.438054747879505e-05,6.856994878035039e-05,0.032390814274549484,-0.0005220343009568751,-0.00029945539426989853,0.9999991059303284,-0.001101302565075457,-0.06413112580776215,-0.047898344695568085,-0.930596113204956,0.00279229530133307,-0.06442662328481674,-0.0010998286306858063,-0.03084665536880493,0.045418381690979004,0.9324172139167786,-0.004028269089758396,0.05519944429397583,0.0013931785942986608,0.0008671283721923828,-1.117373085435247e-05,0.024984952062368393,0.004005624447017908,0.004018794279545546,5.278097887639888e-06,7.508642738685012e-06,,,,,2.0279646686339037,,,,,,,,,1320,0.3333333333333333
11.341666666667003,retreat,11.341667258180678,14.033927495856132,14.045608788728716,-0.244140625,0.0013615450598081225,1.9965499140910208,0.046911514800740406,0.10467831195095843,1.216763973236084,0.02321239560842514,4.74226188659668,-0.02702787060115952,50,0.970382571220398,0.022254910320043564,0.3113003373146057,0.05491609498858452,-0.006907908245921135,-14.184722185351971,0.3365398347377777,0.05411067605018616,1.1680443286895752,-0.0010267780162394047,-0.023183822631835938,-0.0005209471564739943,0.00021017248218413442,0.01742074452340603,-0.00022921187337487936,0.9998481869697571,0.001804308034479618,0.00027742667589336634,0.0015780695248395205,0.25924980640411377,0.3103649914264679,-0.04927115514874458,-0.47985851764678955,0.5611757636070251,0.49404042959213257,-1.983176827430725,-0.38750356435775757,2.4136362075805664,1.0382530689239502,-0.0003543142229318619,-0.0007355580455623567,0.0002639017766341567,2.4363154807360843e-05,-0.0013894515577703714,0.009207121096551418,0.0013654392678290606,0.6008805632591248,-1.529246219433844e-05,0.09332998096942902,-0.0013305292231962085,0.9998400211334229,8.490384061587974e-05,-0.017834952101111412,3.068125806748867e-05,6.944610504433513e-05,0.03239503130316734,-0.0004145844141021371,-0.0003141193592455238,0.9999991655349731,-0.00109592464286834,-0.07055649906396866,0.01273010391741991,0.9677303433418274,0.007428684737533331,0.0207980927079916,0.002744991797953844,-0.10502362251281738,-0.010173551738262177,-0.9646292924880981,0.00910077802836895,-0.031011395156383514,-0.0031487063970416784,0.0008708834648132324,-1.164192144642584e-05,0.024984825402498245,0.004006856586784124,0.004020136781036854,5.145623617863748e-06,7.318885764107108e-06,,,,,2.0279646686339037,,,,,,,,,1320,0.3416666666666667
11.350000000000342,retreat,11.350000591948628,14.030777479023847,14.047151058912279,-0.24491548538208008,0.0002306411346353343,1.9892829070459392,0.0559447034902405,0.11190581936148891,1.027342438697815,0.037308260798454285,5.115824222564697,-0.025317800464108586,49,0.8002263307571411,0.1002238318324089,0.30645886063575745,0.06638503074645996,-0.009679421345936134,-14.185758316900763,-0.2936800420284271,-0.005500614643096924,-0.9844563007354736,-0.0008030759636312723,-0.03729725629091263,-0.00041970156598836184,0.00021515747357625514,0.01735728047788143,-0.00022973820159677416,0.9998493194580078,-0.0010357146384194493,0.000616498407907784,0.00046950203250162303,0.29402250051498413,0.30112817883491516,-0.09927728027105331,-0.47985807061195374,0.5611757040023804,0.4940386116504669,-1.98318350315094,-0.38750070333480835,2.413597345352173,1.0382530689239502,0.00026273535331711173,-5.974307714495808e-05,-0.0005713853752240539,-0.0014033777406439185,0.0005443787667900324,-0.003312563057988882,-0.0004774209810420871,0.6008689403533936,-1.733544922899455e-05,0.09332443028688431,-0.0013263574801385403,0.9998395442962646,8.416162017965689e-05,-0.017857516184449196,4.28416533395648e-05,6.825540913268924e-05,0.03239063173532486,-0.0005006330320611596,-0.00031818996649235487,0.9999991059303284,-0.0010911525459960103,0.023307371884584427,0.019931135699152946,-0.7996384501457214,-0.012506037950515747,-0.09934578090906143,-0.00433963630348444,0.051849640905857086,-0.022044502198696136,0.7982404232025146,-0.009423553012311459,0.10273316502571106,0.004950754810124636,0.0008677244186401367,-1.1671906577248592e-05,0.0249849371612072,0.004005566239356995,0.0040189228020608425,5.336722097126767e-06,7.602298865094781e-06,,,,,2.0279646686339037,,,,,,,,,1320,0.35
11.358333333333682,retreat,11.358333925716579,14.027358377580597,14.044733345508577,-0.24366378784179688,0.0010153167977478006,1.9929197215483294,0.049138008762383834,0.08846931922527276,0.9217633605003357,0.029222434386610985,4.804515361785889,-0.026014495233539492,55,0.7451791167259216,0.028424687683582306,0.2487122118473053,0.050893574953079224,-0.007292554015293717,-14.183593903699588,0.16675886511802673,0.04714003950357437,0.9053269624710083,-0.0002139963035006076,-0.0292196087539196,-0.0003453782992437482,0.00022017525043338537,0.017389200627803802,-0.00021664694941136986,0.9998487830162048,0.0014666946372017264,0.0008945756708271801,0.0015149174723774195,0.3000827431678772,0.2833186984062195,0.01829622872173786,-0.47986191511154175,0.561168909072876,0.49404382705688477,-1.9831842184066772,-0.3875034749507904,2.4136345386505127,1.0382530689239502,-0.000618945574387908,-0.0008074503857642412,0.0007357384893111885,-0.00038553428021259606,-0.0004211103077977896,0.006129980552941561,0.000850869226269424,0.6008783578872681,-1.5294048353098333e-05,0.0933314710855484,-0.0013297793921083212,0.9998400211334229,8.540729322703555e-05,-0.01783617213368416,3.34626529365778e-05,6.974360439926386e-05,0.032395556569099426,-0.0004473676672205329,-0.00032479362562298775,0.9999992251396179,-0.0011075547663494945,0.046277232468128204,0.012722969986498356,0.743631899356842,0.004407549276947975,0.027805887162685394,0.0039203292690217495,0.01972634345293045,-0.01073768176138401,-0.7448405027389526,0.0060524707660079,-0.0211334191262722,-0.00419782055541873,0.0008693337440490723,-1.1022142643923871e-05,0.024984881281852722,0.004005596041679382,0.004018987063318491,5.115825388202211e-06,7.281283615157008e-06,,,,,2.0279646686339037,,,,,,,,,1320,0.35833333333333334
11.366666666667022,retreat,11.36666725948453,14.023670964758022,14.047538489103319,-0.24527311325073242,0.0006735232318533235,1.9857379943000362,0.057737124734558165,0.11190581936148891,1.046000361442566,0.03471193090081215,5.00579309463501,-0.024874447262845933,55,0.8644075393676758,0.08335935324430466,0.2444201409816742,0.043373845517635345,-0.0109712012053933,-14.185898847209902,-0.16568319499492645,-0.022792696952819824,-1.032543659210205,-0.00012967720977030694,-0.03470953553915024,-0.0003865559701807797,0.00023361110652331263,0.017326904460787773,-0.00022214774799067527,0.9998498558998108,-0.0013412407133728266,-0.0006187302060425282,0.0003808836336247623,0.2580903470516205,0.3375089764595032,0.030914561823010445,-0.47985997796058655,0.561168372631073,0.4940401613712311,-1.9831976890563965,-0.3874994218349457,2.4136111736297607,1.0382530689239502,0.0004834363062400371,9.697245695861056e-05,-0.0008743031066842377,-0.0016842606710270047,0.0002736951573751867,-0.0013102226657792926,-0.0001699456770438701,0.6008669137954712,-1.5865909517742693e-05,0.09332441538572311,-0.0013273869408294559,0.9998396039009094,8.49064308567904e-05,-0.017854340374469757,4.4316635467112064e-05,6.934910925338045e-05,0.03239094093441963,-0.0005278633325360715,-0.00033749936847016215,0.9999991059303284,-0.0010994324693456292,-0.03934723511338234,0.008066403679549694,-0.8634738326072693,-0.009967337362468243,-0.08267956972122192,-0.0036773241590708494,-0.008492395281791687,-0.010364261455833912,0.864303708076477,-0.00861461739987135,0.0770217627286911,0.004194878973066807,0.000866234302520752,-1.1308107787044719e-05,0.024984989315271378,0.004005608148872852,0.004019019193947315,5.379085450840648e-06,7.65969161875546e-06,,,,,2.0279646686339037,,,,,,,,,1320,0.36666666666666664
11.375000000000362,retreat,11.37500059325248,14.019716013787765,14.044651389122011,-0.24360418319702148,0.001202996486426855,1.9920357018477635,0.050638474931474775,0.10467831195095843,1.0475746393203735,0.028297116979956627,4.801367282867432,-0.026521182007854804,50,0.8494619727134705,0.021323751658201218,0.26310938596725464,0.047305088490247726,-0.007931028492748737,-14.183450376347002,0.21879160404205322,-0.026570528745651245,1.0241273641586304,-0.00016684443107806146,-0.028292983770370483,-0.00045388954458758235,0.00022302262368611991,0.017381254583597183,-0.00021510929218493402,0.9998488426208496,0.0016461205668747425,0.000496144057251513,0.0014633485116064548,0.28482237458229065,0.28999894857406616,0.02562863752245903,-0.4798627197742462,0.5611621141433716,0.49404221773147583,-1.9831993579864502,-0.3875075876712799,2.4136509895324707,1.0382630825042725,-0.00034510294790379703,-0.0008039231179282069,0.00020774028962478042,-9.694647451397032e-05,-0.001693430938757956,0.006931443698704243,0.001555749448016286,0.6008762121200562,-1.5017809346318245e-05,0.09333059936761856,-0.0013289408525452018,0.9998400211334229,8.291039557661861e-05,-0.017832240089774132,3.537791781127453e-05,6.977823795750737e-05,0.03239451348781586,-0.0004513832973316312,-0.0003251473535783589,0.9999991059303284,-0.00110824650619179,0.00651872344315052,-0.03885061293840408,0.8485480546951294,0.007338817697018385,0.01976129040122032,0.0032149003818631172,-0.023748409003019333,0.04110433906316757,-0.8481345176696777,0.0015534977428615093,-0.018840592354536057,-0.00332426349632442,0.0008689165115356445,-1.0947659575322177e-05,0.024984896183013916,0.004006889648735523,0.00402042968198657,4.942351552017499e-06,7.029681000858545e-06,,,,,2.0279646686339037,,,,,,,,,1320,0.375
11.383333333333702,retreat,11.38333392702043,14.015494297901464,14.047005772590639,-0.24503469467163086,0.00019967193054526433,1.9857379943000362,0.052531911933328956,0.11869404022070311,1.0325528383255005,0.03409583866596222,4.9597272872924805,-0.02468443926773034,50,0.8555343747138977,0.0897027775645256,0.24617071449756622,0.04607613384723663,-0.010976483317790553,-14.185366130697222,-0.14183194935321808,-0.0056615471839904785,-1.022749662399292,-0.0008165292674675584,-0.03408391401171684,-0.0003825619351118803,0.000227229087613523,0.01732654683291912,-0.00022641477698925883,0.999849796295166,-0.0009429220808669925,0.0008374529425054789,0.0004889682168141007,0.31420111656188965,0.3273508846759796,0.03541587293148041,-0.4798603951931,0.5611616373062134,0.4940369725227356,-1.9832051992416382,-0.38750749826431274,2.413646936416626,1.0382630825042725,0.0006281121750362217,0.00015647058899048716,-0.0011041847756132483,-0.0013346681371331215,3.444218236836605e-05,-0.0010413198033347726,-0.00014712011034134775,0.6008722186088562,-1.6491583664901555e-05,0.09332781285047531,-0.0013271858915686607,0.9998399019241333,8.255342982010916e-05,-0.017837489023804665,3.826420288532972e-05,6.919368752278388e-05,0.03239399194717407,-0.0005113572697155178,-0.000328688882291317,0.9999990463256836,-0.001095124171115458,-0.0674479678273201,0.011053199879825115,-0.8527998924255371,-0.00661867531016469,-0.08937931060791016,-0.0037575631868094206,-0.03698479384183884,-0.013328257948160172,0.854630708694458,-0.0048348745331168175,0.07965677976608276,0.004148934967815876,0.0008661746978759766,-1.1515892765601166e-05,0.02498498558998108,0.0040055918507277966,0.0040191770531237125,5.109251560497796e-06,7.267983164638281e-06,,,,,2.0279646686339037,,,,,,,,,1320,0.3833333333333333
11.391666666667042,retreat,11.391667260788381,14.011006590330762,14.047106355428697,-0.2447366714477539,0.001646861733206606,1.9907580917450218,0.04666392851504497,0.10467831195095843,0.6605098843574524,0.02923218533396721,4.826633930206299,-0.026077826987602748,57,0.5320563912391663,0.011223243549466133,0.17807573080062866,0.03558248654007912,-0.009281703736633062,-14.18581635850573,0.1168270856142044,0.04946473240852356,0.6482113599777222,0.00025208014994859695,-0.029230806976556778,-0.0001303390017710626,0.00018335254571866244,0.017370373010635376,-0.0002291375567438081,0.9998490810394287,0.0005324778612703085,-0.0002818178618326783,0.0012022031005471945,0.1845465898513794,0.3288195729255676,-0.0064530158415436745,-0.47985729575157166,0.5611616373062134,0.4940316379070282,-1.9832053184509277,-0.3875074088573456,2.413675308227539,1.0382630825042725,-0.00010628574091242626,-0.00037673741462640464,4.994592018192634e-05,-0.0006025914917699993,-0.0002353591116843745,0.0055470396764576435,0.0005824102554470301,0.600878119468689,-1.6560734366066754e-05,0.09332920610904694,-0.0013292653020471334,0.9998401403427124,8.168817294063047e-05,-0.017824368551373482,3.18682286888361e-05,6.78162177791819e-05,0.032395683228969574,-0.0004543434188235551,-0.0002840048400685191,0.9999991655349731,-0.0010952770244330168,0.03323936089873314,0.020982900634407997,0.5306023955345154,0.0017758436733856797,0.010639769025146961,0.003098852466791868,0.014308266341686249,-0.01956697553396225,-0.5315039753913879,0.004658328369259834,-0.005845434032380581,-0.0032840955536812544,0.000868380069732666,-1.161439467978198e-05,0.02498490735888481,0.004005572758615017,0.004019284155219793,5.2309478633105755e-06,7.43995769880712e-06,,,,,2.0279646686339037,,,,,,,,,1320,0.39166666666666666
11.400000000000382,retreat,11.400000594556332,14.006253664307298,14.047542214393617,-0.2453923225402832,0.0007180739203249686,1.9902664849527294,0.046465884224744514,0.10467831195095843,0.4402230978012085,0.03311224281787872,5.054548263549805,-0.025887822630465962,50,0.3419589102268219,0.05997074767947197,0.13185212016105652,0.030160846188664436,-0.010144743151613511,-14.186217977576234,-0.1392805576324463,0.012386485934257507,-0.4174253046512604,-0.0011304100044071674,-0.03309254348278046,-0.00016208516899496317,0.00016851263353601098,0.017366191372275352,-0.00022877127048559487,0.9998491406440735,-0.0005688040400855243,0.0006774860084988177,0.0006735546048730612,0.28024616837501526,0.3243556022644043,-0.01630355976521969,-0.47985729575157166,0.5611616373062134,0.4940294027328491,-1.9832054376602173,-0.3875041604042053,2.413675308227539,1.0382630825042725,0.00011474928032839671,-0.00013161665992811322,-0.00022903633362147957,-0.0011723442003130913,0.0002598137070890516,-0.00020398387277964503,-4.383520717965439e-05,0.6008777022361755,-1.7620594007894397e-05,0.09332864731550217,-0.0013299116399139166,0.9998401403427124,7.941423973534256e-05,-0.017825165763497353,3.167754039168358e-05,6.772915367037058e-05,0.03239557519555092,-0.00045930486521683633,-0.0002669051173143089,0.9999991655349731,-0.0010965936817228794,0.021364405751228333,0.022548390552401543,-0.3405452072620392,-0.00943051278591156,-0.05917694419622421,-0.00237594498321414,0.03349202871322632,-0.023448588326573372,0.3395061194896698,-0.006068323738873005,0.06226637586951256,0.002758694114163518,0.0008682012557983398,-1.1583159903238993e-05,0.024984918534755707,0.0040068114176392555,0.004020641557872295,5.0033208935929e-06,7.119699148461223e-06,,,,,2.0279646686339037,,,,,,,,,1320,0.4
11.408333333333722,retreat,11.408333928324282,14.001236293062714,14.047721028327944,-0.24527311325073242,0.0005341768201105879,1.9914461374554076,0.05361240982892923,0.07912936237050427,0.28122422099113464,0.03176580369472504,5.025385856628418,-0.02645784661581274,50,0.24468310177326202,0.004862038418650627,0.06534597277641296,0.01366761140525341,-0.01273377239704132,-14.186478953045636,-0.052530039101839066,0.05525313317775726,0.2706930935382843,-0.0012923702597618103,-0.03173920139670372,-0.0001387061201967299,0.0001730922085698694,0.017376748844981194,-0.00022144657850731164,0.9998490214347839,-0.00020874950860161334,0.0011535125086084008,0.0012953442055732012,0.3857369124889374,0.437100887298584,-0.013416198082268238,-0.47985753417015076,0.5611616373062134,0.49402785301208496,-1.9832208156585693,-0.3875002861022949,2.413675308227539,1.0382630825042725,-0.000395119481254369,-0.0004987433785572648,0.0005399829242378473,-0.001224098727107048,0.00030156553839333355,0.0022933802101761103,0.0003266239364165813,0.6008704304695129,-1.6706704627722502e-05,0.09332291781902313,-0.0013310437789186835,0.9998400807380676,7.912737055448815e-05,-0.01783306896686554,3.9377715438604355e-05,6.888667121529579e-05,0.032389767467975616,-0.0004566544957924634,-0.00027135986601933837,0.9999993443489075,-0.0011049703462049365,0.1006484404206276,0.034278128296136856,0.22037404775619507,-0.002699097618460655,-0.003688022494316101,0.0016591503517702222,0.09272953122854233,-0.03367136791348457,-0.22391356527805328,0.0021747590508311987,0.018223920837044716,-0.0016949180280789733,0.000868678092956543,-1.1221046406717505e-05,0.024984896183013916,0.004005531780421734,0.004019422456622124,5.1245824579382315e-06,7.292866939678788e-06,,,,,2.0279646686339037,,,,,,,,,1320,0.4083333333333333
11.416666666667062,retreat,11.416667262092233,13.99595524982865,14.045105874538423,-0.24360418319702148,0.0030605028769059572,1.9920357018477635,0.047609981265850365,0.09691328065893987,0.21849311888217926,0.028725286945700645,4.796197414398193,-0.026077826987602748,56,0.17498551309108734,0.026193715631961823,0.052738938480615616,0.007498294115066528,-0.007538888021372259,-14.183904861763414,0.06517918407917023,-0.008068203926086426,0.20838864147663116,0.0004626417066901922,-0.028721559792757034,1.0239593393635005e-05,0.00014560745330527425,0.017381463199853897,-0.00022900092881172895,0.9998489022254944,0.0010469594271853566,-0.0008212489192374051,0.0011961708078160882,0.16550013422966003,0.2620566785335541,-0.0390109047293663,-0.479866087436676,0.5611515641212463,0.4940406084060669,-1.9832208156585693,-0.3875039219856262,2.4137017726898193,1.0382630825042725,-0.0005176393897272646,-0.0006827353499829769,0.000704862701240927,-0.0006629857234656811,-0.0006670943694189191,0.0030131519306451082,0.0008382191881537437,0.6008789539337158,-1.3658966054208577e-05,0.09333204478025436,-0.0013341640587896109,0.9998403787612915,8.153590897563845e-05,-0.017813893035054207,3.151688724756241e-05,6.962407496757805e-05,0.03239651769399643,-0.00043272392940707505,-0.0002462182892486453,0.9999992251396179,-0.0011009863810613751,-0.021423358470201492,0.002449523890390992,0.17365187406539917,-0.005086617544293404,-0.025691984221339226,-0.0003986688971053809,-0.027595359832048416,-0.001991244498640299,-0.17278443276882172,-0.004730171989649534,0.022589387372136116,0.000629339599981904,0.0008689165115356445,-1.1574859854590613e-05,0.02498488873243332,0.004006816074252129,0.00402072723954916,5.033384695707355e-06,7.163267582654953e-06,,,,,2.0279646686339037,,,,,,,,,1320,0.4166666666666667
11.425000000000402,retreat,11.425000595860183,13.990411307836746,14.045776426792147,-0.2454519271850586,0.002613896640468738,1.9878066280280584,0.05195301855565049,0.11190581936148891,0.6355111598968506,0.032862141728401184,5.069821834564209,-0.024937780835898593,55,0.5213243365287781,0.051858775317668915,0.14339253306388855,0.023632129654288292,-0.010682664957130328,-14.184280863381927,-0.146668940782547,-0.05202256888151169,-0.6161625385284424,-0.0002583462046459317,-0.032861072570085526,-5.9208548918832093e-05,0.00015199315384961665,0.017344515770673752,-0.0002269498072564602,0.9998494982719421,-0.0010414925636723638,0.00028445408679544926,0.0005830927984789014,0.25636643171310425,0.3383755385875702,-0.008257562294602394,-0.47986677289009094,0.5611515641212463,0.494038462638855,-1.9832355976104736,-0.38750454783439636,2.4137017726898193,1.0382630825042725,0.00016647983284201473,-0.0002817132626660168,-0.00047490454744547606,-0.0015698163770139217,-0.0005449220770969987,-0.0009525793138891459,0.0005456377984955907,0.6008720993995667,-1.3891825801692903e-05,0.09332668036222458,-0.0013337488053366542,0.999840259552002,8.23669761302881e-05,-0.017820995301008224,3.6813318729400635e-05,6.979810132179409e-05,0.03239164501428604,-0.0004767896025441587,-0.0002534120576456189,0.9999991059303284,-0.0011024975683540106,0.025879960507154465,-0.02887888438999653,-0.5198801159858704,-0.002110834000632167,-0.051811959594488144,-0.0006307702860794961,0.044386859983205795,0.02749924547970295,0.5187028050422668,-0.006226633675396442,0.055566586554050446,0.0009984702337533236,0.0008670687675476074,-1.147759485320421e-05,0.02498495578765869,0.004006798844784498,0.004020781256258488,4.960767000738997e-06,7.060181815177202e-06,,,,,2.0279646686339037,,,,,,,,,1320,0.425
11.433333333333742,retreat,11.433333929628134,13.984605240318645,14.043574780225756,-0.24390220642089844,0.0026494121811992954,1.9920357018477635,0.046494740672642365,0.08846931922527276,0.7056652307510376,0.0290121641010046,4.928185939788818,-0.02677452539501246,56,0.5870786309242249,0.012462221086025238,0.16636590659618378,0.028953738510608673,-0.008096616249531507,-14.182373767450747,0.0718253031373024,-0.0436105951666832,0.7006444931030273,-0.00011293136049062014,-0.029011782258749008,-9.678036440163851e-05,0.0001443520886823535,0.017381418496370316,-0.00022597392671741545,0.9998489022254944,0.0009699872462078929,-0.0012970088282600045,0.0012653949670493603,0.23674850165843964,0.2922869026660919,0.004951961804181337,-0.4798707067966461,0.5611433982849121,0.4940418601036072,-1.9832366704940796,-0.38751310110092163,2.4137306213378906,1.0382630825042725,-0.0005418419605121017,-0.0010481083299964666,0.0003769128234125674,-0.0006933124386705458,-0.0014768015826120973,0.0039686169475317,0.0013043021317571402,0.6008798480033875,-1.3669618056155741e-05,0.09333337843418121,-0.0013336793053895235,0.9998406171798706,8.536837412975729e-05,-0.0178028866648674,2.960488200187683e-05,6.998816388659179e-05,0.03239636495709419,-0.0004217605455778539,-0.00024884261074475944,0.9999992847442627,-0.0011034865165129304,0.06696634739637375,-0.0445619635283947,0.5815419554710388,0.007860274985432625,0.009519326500594616,0.0017045397544279695,0.04621531069278717,0.04612559452652931,-0.5834365487098694,0.0013200328685343266,0.00014275778084993362,-0.0017582812579348683,0.0008689165115356445,-1.1422441275499295e-05,0.024984892457723618,0.004006774630397558,0.00401960639283061,5.158382919034921e-06,7.334834663197398e-06,,,,,2.0279646686339037,,,,,,,,,1320,0.43333333333333335
11.441666666667082,retreat,11.441667263396084,13.978537820505986,14.046242088079454,-0.2453327178955078,0.0016054915477070608,1.98534372454755,0.055524680647067726,0.10467831195095843,0.9548423886299133,0.03198179230093956,4.927907943725586,-0.024874447262845933,55,0.7994166612625122,0.06621997058391571,0.20127810537815094,0.03136243298649788,-0.010488400119356811,-14.184574985631043,-0.1485254168510437,0.0054795220494270325,-0.9432042241096497,-0.0006807514000684023,-0.031974539160728455,-2.0871011656709015e-05,0.00014804309466853738,0.01732255145907402,-0.00023359913029707968,0.9998499155044556,-0.0015079291770234704,-0.00033730664290487766,0.0005057445960119367,0.2614797055721283,0.34691405296325684,-0.0013815037673339248,-0.4798682928085327,0.5611414909362793,0.49403560161590576,-1.9832537174224854,-0.38751283288002014,2.4137072563171387,1.0382630825042725,0.00034859534935094416,-0.00018613983411341906,-0.000860483618453145,-0.002051487797871232,0.00022630281455349177,-0.0009423100273124874,-0.00012863676238339394,0.6008668541908264,-1.59964693011716e-05,0.0933254063129425,-0.0013290628558024764,0.9998401999473572,8.564972085878253e-05,-0.017822401598095894,4.223675932735205e-05,6.839331035735086e-05,0.03239064663648605,-0.0005001601530238986,-0.00025251414626836777,0.9999991655349731,-0.001091177691705525,-0.020495761185884476,0.010427193716168404,-0.7990858554840088,-0.0032876634504646063,-0.06611134111881256,-0.0018885200843214989,0.007997453212738037,-0.012552926316857338,0.7992780804634094,-0.0016660407418385148,0.06317859888076782,0.002118808915838599,0.0008659958839416504,-1.1806428119598422e-05,0.024984996765851974,0.004005505703389645,0.00401841476559639,5.498167411133181e-06,7.82212009653449e-06,,,,,2.0279646686339037,,,,,,,,,1320,0.44166666666666665
11.450000000000422,retreat,11.450000597164035,13.97220982163041,14.043027162551882,-0.24336576461791992,0.002271072389703477,1.9915444103027902,0.04866689778282307,0.11190581936148891,0.979020357131958,0.02359495498239994,4.66558837890625,-0.026521182007854804,48,0.7688650488853455,0.017662683501839638,0.26713037490844727,0.04845324531197548,-0.007068504230119288,-14.18179193186563,0.2829982042312622,0.03444955497980118,0.9365928173065186,-0.0012620377819985151,-0.02355772629380226,-0.00040341480053029954,0.00019369345682207495,0.017376946285367012,-0.00022333618835546076,0.9998489022254944,0.0016045349184423685,0.0007709339261054993,0.0014782142825424671,0.28943583369255066,0.2951466739177704,0.04768912121653557,-0.4798722267150879,0.561133623123169,0.49403882026672363,-1.9832568168640137,-0.38751929998397827,2.413748025894165,1.0382630825042725,-0.0004365299246273935,-0.0008337473263964057,0.00039452238706871867,-0.00037130797863937914,-0.001169959781691432,0.007779765874147415,0.0013038776814937592,0.6008760333061218,-1.5149853425100446e-05,0.09333228319883347,-0.0013310379581525922,0.9998405575752258,8.782897930359468e-05,-0.01779985800385475,3.3698626793920994e-05,6.870862853247672e-05,0.03239456191658974,-0.0004232688806951046,-0.00030063054873608053,0.9999991059303284,-0.0011025608982890844,-0.053663041442632675,0.005826839245855808,0.7669678926467896,0.004358280450105667,0.0168341975659132,0.0030960661824792624,-0.08092796802520752,-0.003799787722527981,-0.7645845413208008,0.005037189926952124,-0.024603039026260376,-0.0033390133175998926,0.0008687376976013184,-1.1333412658132147e-05,0.024984896183013916,0.004006774630397558,0.004019800573587418,4.963233550370205e-06,7.060007192194462e-06,,,,,2.0279646686339037,,,,,,,,,1320,0.45
11.458333333333762,retreat,11.458333930931985,13.965622016923556,14.04431611299515,-0.24431943893432617,0.0014247258377508842,1.9835685412437365,0.05333843000698835,0.11869404022070311,0.9613221287727356,0.03504066914319992,4.898061275482178,-0.024304425096488558,55,0.7831824421882629,0.09074762463569641,0.248963862657547,0.051257677376270294,-0.009782974258996546,-14.182525370449023,-0.1887015700340271,0.025701873004436493,-0.9422692656517029,-0.0006157236057333648,-0.035034824162721634,-0.0001744898036122322,0.00019248404714744538,0.017307545989751816,-0.00023142217833083123,0.9998501539230347,-0.0008851563325151801,0.0012736204080283642,0.000537133018951863,0.31975018978118896,0.30457136034965515,-0.007262898609042168,-0.4798736572265625,0.5611321330070496,0.49403825402259827,-1.983264684677124,-0.3875167965888977,2.413734197616577,1.0382630825042725,0.0002549767668824643,-4.356503632152453e-05,-0.0004504296521190554,-0.0015366682782769203,0.0005553074879571795,-0.0015591464471071959,-0.00030334145412780344,0.6008697152137756,-1.6073317965492606e-05,0.09332917630672455,-0.0013298969715833664,0.9998403787612915,8.705742220627144e-05,-0.017809875309467316,3.964407369494438e-05,6.855434185126796e-05,0.03239255025982857,-0.0005026989965699613,-0.0002983940066769719,0.9999990463256836,-0.001093377242796123,-0.02915702387690544,0.03888554871082306,-0.7816728949546814,-0.012485786341130733,-0.08981387317180634,-0.0035642979200929403,-0.0012948550283908844,-0.040968190878629684,0.7821090221405029,-0.006694115232676268,0.0856214091181755,0.004036251455545425,0.0008652210235595703,-1.1735946827684529e-05,0.024985022842884064,0.004005505703389645,0.0040185884572565556,5.2003351811436005e-06,7.3973205871880054e-06,,,,,2.0279646686339037,,,,,,,,,1320,0.4583333333333333
11.466666666667102,retreat,11.466667264699936,13.958775179617067,14.043403416872026,-0.24336576461791992,0.0025905906113621313,1.9864277781403004,0.04913079465040937,0.10467831195095843,0.6444589495658875,0.029700908809900284,4.709294319152832,-0.025507806640234776,55,0.5142754316329956,0.012593350373208523,0.18239983916282654,0.03666329383850098,-0.008797996037174016,-14.181811817824268,0.11870196461677551,0.018756262958049774,0.633155107498169,-0.0003590805281419307,-0.029698053374886513,-0.000201902657863684,0.00018180282495450228,0.01733272522687912,-0.0002279124892083928,0.9998497366905212,0.0007916290196590126,0.00041593689820729196,0.001283050631172955,0.24809567630290985,0.3032528758049011,0.009613138623535633,-0.4798756241798401,0.5611321330070496,0.49404025077819824,-1.9832658767700195,-0.38751885294914246,2.413764476776123,1.0382630825042725,-0.000344328727805987,-0.0006282840622588992,0.0003908615617547184,-0.0006984553183428943,-0.0006279217195697129,0.005122595001012087,0.000997628434561193,0.6008756756782532,-1.4377888874150813e-05,0.09333141148090363,-0.0013334890827536583,0.9998406767845154,8.769542910158634e-05,-0.017795415595173836,3.375043161213398e-05,6.931868119863793e-05,0.03239404782652855,-0.0004630406911019236,-0.00028851471142843366,0.9999991655349731,-0.0011006572749465704,0.036566779017448425,0.00302960560657084,0.5129648447036743,0.0019153194734826684,0.012023680843412876,0.003217935562133789,0.018289940431714058,-0.0016552042216062546,-0.5139474272727966,0.002202231902629137,-0.006749228574335575,-0.003318825736641884,0.0008665323257446289,-1.1551469469850417e-05,0.024984974414110184,0.0040067750960588455,0.004019967745989561,5.1211577556387056e-06,7.287017069756985e-06,,,,,2.0279646686339037,,,,,,,,,1320,0.4666666666666667
11.475000000000442,retreat,11.475000598467886,13.951670082942584,14.044167101383211,-0.244140625,0.002023847173404647,1.9849493765127633,0.0485963246319443,0.09691328065893987,0.5408234596252441,0.03404039889574051,4.846582889556885,-0.02436776048853062,55,0.4334369897842407,0.06199688836932182,0.14413341879844666,0.031180286779999733,-0.009920846350723878,-14.182472532920958,-0.14250558614730835,-0.042705461382865906,-0.5199600458145142,-2.733369910856709e-05,-0.034039441496133804,-0.0002536137180868536,0.00018651226127985865,0.017319530248641968,-0.00022008550877217203,0.9998499751091003,-0.0005272763664834201,0.0004948063869960606,0.00085294438758865,0.27203840017318726,0.29920268058776855,-0.1022992879152298,-0.4798767566680908,0.5611321330070496,0.49404042959213257,-1.983265995979309,-0.3875194489955902,2.413764476776123,1.0382630825042725,9.830812632571906e-05,-0.0003481711901258677,-0.00035656412364915013,-0.0013060860801488161,-0.00041590200271457434,-0.0007141897804103792,0.00038768185186199844,0.6008757948875427,-1.47172249853611e-05,0.09333138167858124,-0.0013334753457456827,0.9998406767845154,8.759135380387306e-05,-0.01779535971581936,3.2879412174224854e-05,6.954716809559613e-05,0.03239481896162033,-0.0004761870368383825,-0.00029323960188776255,0.9999991655349731,-0.0011083874851465225,0.016175709664821625,-0.016838379204273224,-0.4328076243400574,-0.005755683407187462,-0.06167115271091461,-0.002674959832802415,0.031564902514219284,0.01568918116390705,0.43200138211250305,-0.008066032081842422,0.06401306390762329,0.0031328017357736826,0.0008658170700073242,-1.1164140232722275e-05,0.024985000491142273,0.00400550477206707,0.004019984509795904,5.222271283855662e-06,7.435155566781759e-06,,,,,2.0279646686339037,,,,,,,,,1320,0.475
11.483333333333782,retreat,11.483333932235837,13.944307500131746,14.044718444347383,-0.24437904357910156,0.002148545263480628,1.9860336452696883,0.05704129216610454,0.11190581936148891,0.25370559096336365,0.033469945192337036,4.929047107696533,-0.02550780300225597,55,0.22819489240646362,0.004946629051119089,0.06026888266205788,0.013765775598585606,-0.009800589003134519,-14.183099394289798,-0.07337009161710739,-0.01252630352973938,0.24254164099693298,-0.00014756032032892108,-0.03346865251660347,-0.0002543673908803612,0.00017501054389867932,0.017329281195998192,-0.00023245485499501228,0.9998497366905212,-0.00018344186537433416,0.0002807134296745062,0.0009889432694762945,0.24952703714370728,0.3165889084339142,-0.052486009895801544,-0.4798767864704132,0.5611307621002197,0.49403709173202515,-1.9832864999771118,-0.38752007484436035,2.413764476776123,1.0382630825042725,-0.0003334482607897371,-0.0008030186872929335,0.00011826678382931277,-0.0013835373101755977,-0.0004526992852333933,0.0017806359101086855,0.0006727966829203069,0.6008660793304443,-1.4434015611186624e-05,0.09332405775785446,-0.0013327738270163536,0.999840497970581,8.916684600990266e-05,-0.0178051870316267,4.274607636034489e-05,6.964175554458052e-05,0.032387711107730865,-0.0004762468161061406,-0.00028309179469943047,0.9999991059303284,-0.0010954950703307986,0.11961924284696579,-0.01940254494547844,0.19335895776748657,0.003881267039105296,-0.0025847924407571554,0.00165038020350039,0.11265631765127182,0.019944187253713608,-0.19744279980659485,0.0010025736410170794,0.01986115612089634,-0.0016434146091341972,0.0008663535118103027,-1.177263675344875e-05,0.024984978139400482,0.0040067764930427074,0.00401999382302165,5.126058113091858e-06,7.296999683603644e-06,,,,,2.0279646686339037,,,,,,,,,1320,0.48333333333333334
11.491666666667122,retreat,11.491667266003788,13.936688204416196,14.040434360504152,-0.2422928810119629,0.0025620324777264614,1.98760970801282,0.04994954724679701,0.09691328065893987,0.41348543763160706,0.030530206859111786,4.74469518661499,-0.02550780300225597,55,0.34047818183898926,0.01984495483338833,0.09052912890911102,0.01048423070460558,-0.006908347015269101,-14.178925081799319,0.06570124626159668,-0.054058339446783066,0.4046371877193451,0.00019475343287922442,-0.03052823431789875,-0.00028720495174638927,0.00017520334222353995,0.017342962324619293,-0.00022664095740765333,0.9998495578765869,0.0016423278721049428,-8.068833994911984e-05,0.0013902450446039438,0.257979154586792,0.22917701303958893,-0.024941634386777878,-0.4798867702484131,0.5611193180084229,0.49405017495155334,-1.9832864999771118,-0.38752931356430054,2.4137959480285645,1.0382672548294067,-0.0007105559925548732,-0.0012726990971714258,0.0005395353655330837,-0.0005625743069685996,-0.0013575437478721142,0.002977993804961443,0.0010914468439295888,0.6008762717247009,-1.280683500226587e-05,0.0933346226811409,-0.0013340897858142853,0.9998409152030945,9.052851237356663e-05,-0.017782438546419144,3.339408431202173e-05,7.095473847584799e-05,0.03239427134394646,-0.00043981324415653944,-0.000284798996290192,0.9999992251396179,-0.001102598849684,0.006295070517808199,-0.04337366670370102,0.3376455008983612,0.0030053635127842426,-0.019612623378634453,-0.00036742541124112904,-0.00572120351716876,0.044274620711803436,-0.33753877878189087,-0.00327224750071764,0.020508963614702225,0.0005368770798668265,0.000867009162902832,-1.1482271474960726e-05,0.02498495578765869,0.004006751347333193,0.0040200622752308846,5.090205831947969e-06,7.2401890065521e-06,,,,,2.0279646686339037,,,,,,,,,1320,0.49166666666666664
11.500000000000462,retreat,11.500000599771738,13.928812969027572,14.045057445764543,-0.24443864822387695,0.0011741091157091432,1.9787280324859047,0.057572531659388915,0.10467831195095843,1.2446436882019043,0.03284477815032005,4.777209281921387,-0.023481057723984122,49,1.0608320236206055,0.07104776799678802,0.23263317346572876,0.030470892786979675,-0.011031634581740946,-14.182929564980027,-0.13194578886032104,-0.06328009068965912,-1.236011266708374,-0.0004894831217825413,-0.03284003585577011,-0.0002681007608771324,0.00019155500922352076,0.017265256494283676,-0.00023482249525841326,0.999850869178772,-0.0016157471109181643,0.0005047321901656687,0.0003699794178828597,0.29647141695022583,0.33141252398490906,-0.03414527326822281,-0.47988471388816833,0.5611159205436707,0.494041383266449,-1.9833022356033325,-0.3875292241573334,2.4137680530548096,1.0382672548294067,0.0007641960983164608,-0.0001409188553225249,-0.0017212600214406848,-0.002150557469576597,-0.00030590390088036656,-0.0013052698923274875,3.686728814500384e-05,0.6008633375167847,-1.7330050468444824e-05,0.09332744032144547,-0.0013282491127029061,0.9998406171798706,8.97384452400729e-05,-0.017802977934479713,4.5416527427732944e-05,6.743673293385655e-05,0.032391346991062164,-0.0005380946095101535,-0.0003000004217028618,0.9999991655349731,-0.0010883070062845945,-0.05557497590780258,-0.0393417552113533,-1.0586445331573486,0.002098247641697526,-0.07100193202495575,-0.0014521353878080845,-0.01785663515329361,0.03652055934071541,1.0600528717041016,-0.0034680943936109543,0.06301666796207428,0.00174584926571697,0.0008631348609924316,-1.190473631140776e-05,0.024985093623399734,0.004006728529930115,0.004020174499601126,4.89597277919529e-06,6.966904038563371e-06,,,,,2.0279646686339037,,,,,,,,,1320,0.5
11.508333333333802,retreat,11.508333933539689,13.920682567197515,14.042267203330995,-0.2429485321044922,0.0019871572476404253,1.9856394341983301,0.04802288094651885,0.08846931922527276,1.0623856782913208,0.025909632444381714,4.529932498931885,-0.025444471248192713,56,0.8243741989135742,0.02283082902431488,0.30226460099220276,0.056615278124809265,-0.006670426577329636,-14.18062069681042,0.30066826939582825,0.13823328912258148,1.0095313787460327,-0.0012286148266866803,-0.02588037960231304,-7.396711589535698e-05,0.00017796314205043018,0.017325451597571373,-0.0002347533154534176,0.9998499155044556,0.001569328480400145,0.0008454718627035618,0.0015503561589866877,0.27781012654304504,0.29065775871276855,-0.029834432527422905,-0.4798868000507355,0.5611088275909424,0.4940413236618042,-1.983306646347046,-0.38753169775009155,2.413828134536743,1.0382672548294067,-0.0004258629633113742,-0.0007420388865284622,0.00043720280518755317,-0.0005830571753904223,-6.895554543007165e-05,0.009195761755108833,0.0005709028919227421,0.6008756160736084,-1.5505749615840614e-05,0.09333423525094986,-0.001333444844931364,0.9998411536216736,9.02584579307586e-05,-0.01777278631925583,3.2820506021380424e-05,6.879300781292841e-05,0.032395731657743454,-0.0004476787580642849,-0.0002871090837288648,0.9999992847442627,-0.0010938034392893314,-0.048102471977472305,0.07223698496818542,0.8197931051254272,0.0023799152113497257,0.02247629500925541,0.0032247339840978384,-0.07719805836677551,-0.07006437331438065,-0.8177555799484253,0.012640812434256077,-0.029440823942422867,-0.0037491004914045334,0.0008661150932312012,-1.1890068890352268e-05,0.02498498558998108,0.0040054600685834885,0.004018961451947689,5.342613349057501e-06,7.599213859066367e-06,,,,,2.0279646686339037,,,,,,,,,1320,0.5083333333333333
11.516666666667142,retreat,11.51666726730764,13.912297772157668,14.044301211833956,-0.2435445785522461,0.002293862507940503,1.9791236196526905,0.056496381148463115,0.10467831195095843,1.1405436992645264,0.03503460809588432,4.761809825897217,-0.024304425096488558,53,0.9432838559150696,0.10193745791912079,0.28120753169059753,0.05837205424904823,-0.010128867725143209,-14.182200883471323,-0.1890571415424347,0.032738447189331055,-1.1242889165878296,-0.0013684608275070786,-0.03500739857554436,-0.00018192408606410027,0.0001933784515131265,0.017268380150198936,-0.00023547137971036136,0.999850869178772,-0.0011604439932852983,0.00036631591501645744,0.0004319939180277288,0.2456384003162384,0.311409056186676,0.015112540684640408,-0.4798852503299713,0.5611081719398499,0.4940401017665863,-1.9833182096481323,-0.3875248432159424,2.413809061050415,1.0382672548294067,0.00050593342166394,0.0002119650598615408,-0.0007201193948276341,-0.0017545068403705955,0.0009469676879234612,-0.0014912271872162819,-0.0005165139446035028,0.6008658409118652,-1.4543315046466887e-05,0.09332861006259918,-0.0013329950161278248,0.9998408555984497,8.931444608606398e-05,-0.017788058146834373,4.2855856008827686e-05,6.941235915292054e-05,0.032391808927059174,-0.0005200512241572142,-0.0003014775866176933,0.9999991655349731,-0.0010923800291493535,-0.05618774890899658,0.056575119495391846,-0.9399077296257019,-0.018600836396217346,-0.10016324371099472,-0.0035466933622956276,-0.02271158993244171,-0.05908999592065811,0.9411570429801941,-0.010241733863949776,0.09207432717084885,0.004165109246969223,0.0008633136749267578,-1.1938779607589822e-05,0.024985089898109436,0.004006735049188137,0.004020335152745247,4.984490260540042e-06,7.100403308868408e-06,,,,,2.0279646686339037,,,,,,,,,1320,0.5166666666666666
11.525000000000482,retreat,11.52500060107559,13.90365935713967,14.043142646551134,-0.24300813674926758,0.0024163869056792464,1.9846535640858431,0.05089497790322639,0.09691328065893987,0.8561722040176392,0.02628052793443203,4.594980239868164,-0.024937780835898593,56,0.6640077829360962,0.01810706965625286,0.24861551821231842,0.04684920981526375,-0.008687139372341335,-14.181427474994171,0.23967979848384857,-0.06482069194316864,0.819379448890686,0.0004600207321345806,-0.02627396397292614,-0.00036510993959382176,0.0001899644994409755,0.017317144200205803,-0.00021766364807263017,0.9998499751091003,0.0011583674931898713,0.00018042424926534295,0.0013794524129480124,0.2597663700580597,0.30989429354667664,0.020596208050847054,-0.47988399863243103,0.5611081719398499,0.49403825402259827,-1.9833199977874756,-0.3875338137149811,2.4138457775115967,1.0382771492004395,5.0172202463727444e-05,-0.0005413590115495026,-0.0002764142118394375,-0.00013590975140687078,-0.0019359871512278914,0.006707186345010996,0.0017472619656473398,0.6008731126785278,-1.347770739812404e-05,0.0933307483792305,-0.0013343007303774357,0.9998411536216736,8.780260395724326e-05,-0.017770618200302124,3.5029370337724686e-05,7.044326048344374e-05,0.03239303082227707,-0.0004538317152764648,-0.00029696093406528234,0.9999991655349731,-0.001111576333642006,-0.02593216300010681,-0.058449648320674896,0.6609216928482056,0.006305529735982418,0.016627980396151543,0.0034082995261996984,-0.04940968006849289,0.060205038636922836,-0.6594243049621582,-0.002302029635757208,-0.02038871869444847,-0.003383200615644455,0.0008656978607177734,-1.104603234125534e-05,0.02498500421643257,0.004006721545010805,0.004020385444164276,4.971829184796661e-06,7.071765139698982e-06,,,,,2.0279646686339037,,,,,,,,,1320,0.525
11.533333333333822,retreat,11.53333393484354,13.894768095375161,14.043779671192171,-0.2435445785522461,0.0018870501889978186,1.9832725229425112,0.05011361645301804,0.09691328065893987,0.686679482460022,0.032430220395326614,4.804344654083252,-0.024304425096488558,55,0.5639628767967224,0.07797422260046005,0.17936575412750244,0.0407356321811676,-0.009587330947397277,-14.181968311195142,-0.12121859192848206,-0.05442427843809128,-0.6737008094787598,0.00019395002163946629,-0.032427847385406494,-0.00034096487797796726,0.0001810665853554383,0.01730525866150856,-0.00023676473938394338,0.9998502135276794,-0.0002988053602166474,0.0002077148819807917,0.000686849351041019,0.27535590529441833,0.2944824695587158,-0.009944657795131207,-0.4798821210861206,0.5611081719398499,0.49403563141822815,-1.9833199977874756,-0.38753944635391235,2.4138457775115967,1.0382771492004395,0.0005645761848427355,-7.975164771778509e-05,-0.0010502113727852702,-0.0007339825388044119,-0.0007514454773627222,-0.0009546587243676186,0.00033095962135121226,0.6008731722831726,-1.4318939065560699e-05,0.09333038330078125,-0.0013319160789251328,0.9998411536216736,8.973137300927192e-05,-0.017770344391465187,3.44256404787302e-05,6.997546006459743e-05,0.032393328845500946,-0.0004654348304029554,-0.00028959696646779776,0.9999992251396179,-0.0010902187786996365,-0.0373188853263855,-0.028941819444298744,-0.5619820356369019,-0.0027682266663759947,-0.0778450220823288,-0.0035311446990817785,-0.017328942194581032,0.02743825875222683,0.5630282759666443,-0.006789633072912693,0.07246188074350357,0.003969316370785236,0.0008651018142700195,-1.1993133739451878e-05,0.024985022842884064,0.004006702918559313,0.00402044365182519,4.89180229124031e-06,6.965186912566423e-06,,,,,2.0279646686339037,,,,,,,,,1320,0.5333333333333333
11.541666666667162,retreat,11.54166726861149,13.885624760095784,14.044308662414553,-0.24366378784179688,0.00194376070794533,1.9854422993228151,0.049019832658814266,0.09691328065893987,0.29163527488708496,0.031207289546728134,4.815942287445068,-0.024874447262845933,55,0.24641892313957214,0.00700553460046649,0.08194021135568619,0.016795650124549866,-0.008934123470680788,-14.182648425616529,-0.0282365120947361,-0.010349772870540619,0.29008054733276367,3.0546303605660796e-05,-0.03120528906583786,-0.00035206705797463655,0.00017465991550125182,0.01732414960861206,-0.00023623699962627143,0.9998498558998108,0.00019388536748010665,0.0003253993345424533,0.001035084598697722,0.26854783296585083,0.30326300859451294,-0.023468131199479103,-0.47987937927246094,0.5611081719398499,0.4940299987792969,-1.9833199977874756,-0.38754114508628845,2.4138457775115967,1.0382771492004395,2.9974664357723668e-05,-0.0005471992189995944,-0.0003683593531604856,-0.0006266178097575903,-0.00043589144479483366,0.002081607934087515,0.0004812557599507272,0.600872814655304,-1.6194680938497186e-05,0.09332941472530365,-0.0013300222344696522,0.9998411536216736,8.953324140748009e-05,-0.01777094416320324,3.4687574952840805e-05,6.791941996198148e-05,0.03239288553595543,-0.0004471322463359684,-0.0002829977311193943,0.9999992251396179,-0.0010889674304053187,0.09098179638385773,-0.02429940365254879,0.22771503031253815,0.006418442819267511,-0.001721024513244629,0.002217923291027546,0.08282893151044846,0.02492482401430607,-0.23073887825012207,0.0028097385074943304,0.014863219112157822,-0.002286764094606042,0.0008660554885864258,-1.1961368727497756e-05,0.024984993040561676,0.004006683360785246,0.004020538181066513,4.965125299349893e-06,7.063470548018813e-06,,,,,2.0279646686339037,,,,,,,,,1320,0.5416666666666666
11.550000000000502,retreat,11.550000602379441,13.876230124533178,14.043451845645906,-0.24378299713134766,0.001755161633809621,1.9849493765127633,0.04932042793370783,0.11190581936148891,0.19964058697223663,0.03253564611077309,4.876309394836426,-0.024874447262845933,55,0.16162630915641785,0.03308800607919693,0.04516064003109932,0.008397995494306087,-0.008389939845073968,-14.181757277183653,-0.09745127707719803,0.06581462919712067,-0.16133210062980652,-0.0006296940264292061,-0.032528508454561234,-0.0002604193869046867,0.00018237972108181566,0.017319535836577415,-0.00023715068527963012,0.9998499155044556,0.00010525165998842567,0.0007167087169364095,0.0009397695539519191,0.2866266965866089,0.28325155377388,0.005908901337534189,-0.4798795282840729,0.5611081123352051,0.49403008818626404,-1.9833199977874756,-0.3875373601913452,2.4138457775115967,1.0382771492004395,-0.00023324508219957352,-0.000523239781614393,0.0001797948352759704,-0.0010701866121962667,0.000885165121871978,0.0006223702221177518,-0.0004001217021141201,0.6008726358413696,-1.6153062460944057e-05,0.0933295264840126,-0.0013312797527760267,0.9998410940170288,8.784929377725348e-05,-0.017771221697330475,3.4738564863801e-05,6.823093281127512e-05,0.03239213302731514,-0.0004520330112427473,-0.0002890292671509087,0.9999991059303284,-0.0010892042191699147,0.05669727921485901,0.045437704771757126,-0.14437414705753326,-0.0052687134593725204,-0.03264378756284714,-0.0011999952839687467,0.06179792806506157,-0.04580879211425781,0.14214646816253662,0.0013417075388133526,0.04083641991019249,0.0012594069121405482,0.0008658170700073242,-1.2013691048196051e-05,0.024985000491142273,0.004005419090390205,0.004019338637590408,5.220919774728827e-06,7.428170647472143e-06,,,,,2.0279646686339037,,,,,,,,,1320,0.55
11.558333333333842,retreat,11.558333936147392,13.866584961918985,14.04354125261307,-0.24336576461791992,0.0023701099962636363,1.984160445409579,0.04975785850547254,0.09691328065893987,0.07039835304021835,0.030907437205314636,4.737977504730225,-0.024874447262845933,55,0.08143362402915955,0.02063729241490364,0.012055855244398117,0.005635518115013838,-0.008698161611391697,-14.181791735733569,-0.03564921021461487,0.014276385307312012,-0.059002093970775604,-0.0002445777936372906,-0.030905144289135933,-0.00028632889734581113,0.00018378593085799366,0.017312288284301758,-0.00023388679255731404,0.9998500943183899,8.338824409293011e-05,0.0003816343960352242,0.0009857637342065573,0.2591346800327301,0.28849971294403076,-0.00852896273136139,-0.47988399863243103,0.5611080527305603,0.494035005569458,-1.9833199977874756,-0.387531578540802,2.4138457775115967,1.0382771492004395,-0.00026579946279525757,-0.0006037690909579396,0.0002028977032750845,-0.0011631144443526864,0.0003438752028159797,0.0014835097827017307,0.00011655334674287587,0.6008728742599487,-1.5195590094663203e-05,0.09333021938800812,-0.0013343407772481441,0.9998411536216736,8.555881504435092e-05,-0.01777118630707264,3.49429901689291e-05,6.87763313180767e-05,0.03239291533827782,-0.00045924921869300306,-0.00028824590845033526,0.9999992251396179,-0.001095544546842575,0.04275640472769737,0.013421748764812946,-0.06799398362636566,-0.004775310400873423,-0.020068973302841187,0.0005749274860136211,0.045147355645895004,-0.013593574054539204,0.06639551371335983,-0.002853652462363243,0.026248931884765625,-0.0004062872612848878,0.0008654594421386719,-1.1851675481011625e-05,0.02498500794172287,0.004006670322269201,0.004020680673420429,5.035208232584409e-06,7.1596005000174046e-06,,,,,2.0279646686339037,,,,,,,,,1320,0.5583333333333333
11.566666666667182,retreat,11.566667269915342,13.856690045484843,14.043816924095156,-0.2440810203552246,0.0022704803086526226,1.9835685412437365,0.04925468238070607,0.10467831195095843,0.1775635927915573,0.03145591914653778,4.79489803314209,-0.024304425096488558,55,0.16171252727508545,0.028037069365382195,0.02549039199948311,0.004203400108963251,-0.009265299238904845,-14.182026181549029,-0.05417969077825546,-0.024288803339004517,-0.16734230518341064,-7.0217574830166996e-06,-0.03145449236035347,-0.00029972876654937863,0.0001880078634712845,0.01730731874704361,-0.0002325334498891607,0.9998500943183899,-0.00015508491196669638,-0.004477039445191622,0.0008167416090145707,0.3672199845314026,0.2981615960597992,0.005534231662750244,-0.4798854887485504,0.5611078143119812,0.49403634667396545,-1.9833201169967651,-0.38753145933151245,2.4138457775115967,1.0382771492004395,-0.00016226332809310406,-0.0006201038486324251,-2.8723967261612415e-05,-0.0013336457777768373,-0.0001356014981865883,0.00112292286939919,0.00034874805714935064,0.600872814655304,-1.528835855424404e-05,0.09333032369613647,-0.001334632164798677,0.9998411536216736,8.539222471881658e-05,-0.017771156504750252,3.429932985454798e-05,6.880317232571542e-05,0.03239331766963005,-0.00046419346472248435,-0.000292322802124545,0.9999991655349731,-0.0010971168521791697,0.03644436597824097,-0.005335663445293903,-0.1574620008468628,-0.003074391046538949,-0.027862023562192917,-0.0005771212745457888,0.04201640188694,0.004923835396766663,0.1560811996459961,-0.0038156206719577312,0.03312985971570015,0.0007988512516021729,0.0008652210235595703,-1.178762613562867e-05,0.024985022842884064,0.004006661009043455,0.004019428044557571,-0.00031005582422949374,-0.00044108740985393524,,,,,2.0279646686339037,,,,,,,,,1320,0.5666666666666667
11.575000000000522,retreat,11.575000603683293,13.846546148462396,14.043824374675753,-0.24336576461791992,0.001996298578887945,1.9829764604693911,0.05036237052991055,0.11869404022070311,0.09648261219263077,0.03067515790462494,4.712014198303223,-0.02538113585615065,48,0.1017535924911499,0.023161856457591057,0.016477791592478752,0.00440541235730052,-0.009468228003242984,-14.181992394147594,-0.017161179333925247,0.023711390793323517,-0.09193562716245651,-0.0016699113184586167,-0.030628839507699013,-0.00022547751723323017,0.00018585661018732935,0.01730191893875599,-0.00023154418158810586,0.9998502135276794,-0.0001290146028622985,-0.0017409472493454814,0.0009401128045283258,0.2480994462966919,0.2998483180999756,-0.01685360260307789,-0.4798855781555176,0.561106264591217,0.4940364360809326,-1.983322262763977,-0.3875313699245453,2.4138457775115967,1.0382771492004395,-0.00018894020467996597,-0.0006309344316832721,2.9554041248047724e-05,-0.001406633760780096,-0.0001780605671228841,0.0020193345844745636,0.0004653657379094511,0.6008723974227905,-1.5147423255257308e-05,0.09333066642284393,-0.0013343453174456954,0.9998410940170288,8.574513776693493e-05,-0.017771122977137566,3.5441131331026554e-05,6.920041050761938e-05,0.03239361196756363,-0.0004695597745012492,-0.00029053070466034114,0.9999990463256836,-0.0010978525970131159,0.023357916623353958,0.011319629848003387,-0.09838733822107315,-0.0014261683681979775,-0.023116571828722954,0.00024851085618138313,0.026840943843126297,-0.011576702818274498,0.09746456146240234,0.00020362960640341043,0.026495078578591347,-0.00018646538956090808,0.0008649826049804688,-1.1736258784367237e-05,0.02498503029346466,0.004006644710898399,0.004019542597234249,4.62129719380755e-06,6.574526196345687e-06,,,,,2.0279646686339037,,,,,,,,,1320,0.575
11.583333333333862,retreat,11.583333937451243,13.836154044083282,14.043861627578737,-0.2434849739074707,0.0011208418300157064,1.9822854761413364,0.052411040087463334,0.09691328065893987,0.16657741367816925,0.030628036707639694,4.711307525634766,-0.02468443926773034,49,0.15995624661445618,0.030457837507128716,0.008140718564391136,0.003991577308624983,-0.009642316319514066,-14.181981520491526,-0.011034687981009483,-0.024738386273384094,-0.16436022520065308,-0.0004903744556941092,-0.030622096732258797,-0.0003511529939714819,0.00020138562831562012,0.01729658804833889,-0.00022731392527930439,0.9998503923416138,-0.0001630620681680739,0.0006163113284856081,0.00102807127404958,0.297172874212265,0.29970821738243103,-0.02345636487007141,-0.47988587617874146,0.5611044764518738,0.4940366744995117,-1.9833265542984009,-0.38753455877304077,2.4138457775115967,1.0382771492004395,-1.9902305211871862e-05,-0.0006095041171647608,-0.000304303684970364,-0.0013952834997326136,-0.0006966711371205747,0.0019321308936923742,0.0007189675234258175,0.6008705496788025,-1.4987657777965069e-05,0.09332969784736633,-0.0013332354137673974,0.9998411536216736,8.732921560294926e-05,-0.01777249574661255,3.7224264815449715e-05,7.01597600709647e-05,0.03239263594150543,-0.00047628628090023994,-0.000307688198518008,0.9999992251396179,-0.0011006693821400404,0.003368391888216138,-0.019872182980179787,-0.15868128836154938,-0.0006347050657495856,-0.0304497629404068,-0.00029820375493727624,0.009003203362226486,0.019450301304459572,0.15851381421089172,-0.003485545516014099,0.030940599739551544,0.0005038154777139425,0.0008646845817565918,-1.1538159924384672e-05,0.024985037744045258,0.004006631206721067,0.004019636195152998,5.085193151899148e-06,7.233204087242484e-06,,,,,2.0279646686339037,,,,,,,,,1320,0.5833333333333334
11.591666666667201,retreat,11.591667271219194,13.825514505579143,14.043340086936952,-0.24324655532836914,0.0013575269122156897,1.9825816417591904,0.049162976210936904,0.10467831195095843,0.049295391887426376,0.030109133571386337,4.697865009307861,-0.02462110023770947,50,0.05767548084259033,0.02711760252714157,0.02260785922408104,0.003970001824200153,-0.009297745447838679,-14.181480607573437,0.019720513373613358,-0.020315706729888916,-0.040353551506996155,-0.00047717601410113275,-0.03010311722755432,-0.00036688015097752213,0.00019967441039625555,0.017298560589551926,-0.00022945103410165757,0.9998503923416138,0.0001989509619306773,0.0010907120304182172,0.0009800826665014029,0.3259759247303009,0.2906658947467804,0.04431060329079628,-0.47988593578338623,0.5610934495925903,0.4940367341041565,-1.9833265542984009,-0.3875393569469452,2.4138457775115967,1.0382771492004395,-3.940134774893522e-05,-0.00067136314464733,-0.00031303230207413435,-0.0011999913258478045,-0.0008486170554533601,0.0025663694832473993,0.000795022351667285,0.6008729338645935,-1.6610429156571627e-05,0.09333579987287521,-0.0013291587820276618,0.9998411536216736,8.910435280995443e-05,-0.017767103388905525,3.4928787499666214e-05,6.804884469602257e-05,0.032398272305727005,-0.00046892030513845384,-0.0003076492575928569,0.9999991655349731,-0.0010944550158455968,-0.004019110929220915,-0.019079498946666718,-0.05427965149283409,0.001620277762413025,-0.027069084346294403,6.0860136727569625e-05,-0.0020905800629407167,0.018934428691864014,0.0544387511909008,-0.0011373604647815228,0.026490159332752228,4.951064329361543e-05,0.0008648037910461426,-1.1643539437500294e-05,0.024985037744045258,0.004006615374237299,0.004019741900265217,5.005626917409245e-06,7.121067028492689e-06,,,,,2.0279646686339037,,,,,,,,,1320,0.5916666666666667
11.600000000000541,retreat,11.600000604987144,13.81462830618162,14.045783877372743,-0.244140625,0.0012960150570506812,1.9767489096504751,0.056203556596301496,0.10467831195095843,0.8489388227462769,0.02840692549943924,4.520637035369873,-0.024241091523435898,55,0.7627499103546143,0.051249343901872635,0.10167838633060455,0.005801104474812746,-0.011168280150741339,-14.18351815170616,0.05263122543692589,0.09831050783395767,-0.8415831327438354,-0.001024665660224855,-0.028388071805238724,-0.00014456822827924043,0.00019653449999168515,0.01724797487258911,-0.00023938492813613266,0.9998512268066406,-0.0013598606456071138,0.0012038432760164142,0.0005679769674316049,0.28685683012008667,0.3660118579864502,0.03275446221232414,-0.4798792004585266,0.5610933303833008,0.4940256178379059,-1.983345866203308,-0.3875349760055542,2.4138476848602295,1.0382771492004395,0.0008061312837526202,0.0003751663025468588,-0.0011761687928810716,-0.0020094886422157288,0.0006948650698177516,0.0032424023374915123,-0.00012261647498235106,0.6008636951446533,-1.7003214452415705e-05,0.09332738816738129,-0.0013285778695717454,0.9998409748077393,8.83008397067897e-05,-0.017777148634195328,4.370720125734806e-05,6.766608566977084e-05,0.03239200636744499,-0.0005295536830089986,-0.00030345001141540706,0.9999991655349731,-0.0010840160539373755,-0.12325770407915115,0.07295659184455872,-0.7491810917854309,-0.0061849141493439674,-0.05087423324584961,-0.00023318101011682302,-0.09653779864311218,-0.07497194409370422,0.7528925538063049,0.004406945779919624,0.03310103341937065,0.0001759984588716179,0.0008622407913208008,-1.213695668411674e-05,0.024985119700431824,0.004005351569503546,0.004018539562821388,5.2052337196073495e-06,7.405673386529088e-06,,,,,2.0279646686339037,,,,,,,,,1320,0.6
11.608333333333881,retreat,11.608333938755095,13.803496219122353,14.043019711971285,-0.24259090423583984,0.0024998694243549835,1.9857379943000362,0.04909219569526613,0.09691328065893987,0.8134294152259827,0.022589920088648796,4.474029541015625,-0.025507806640234776,53,0.6175073981285095,0.010608932934701443,0.22383640706539154,0.03208193555474281,-0.007473336881957948,-14.181380070077868,0.3131006956100464,0.033155784010887146,0.7500240206718445,-0.000420181080698967,-0.022579824551939964,-0.0005286196246743202,0.00021114081027917564,0.01732657104730606,-0.0002233466657344252,0.999849796295166,0.0014446725836023688,7.820816244930029e-05,0.0014351344434544444,0.22940275073051453,0.30595800280570984,-0.0052124373614788055,-0.47987809777259827,0.5610933303833008,0.4940268099308014,-1.983345866203308,-0.38754186034202576,2.413897752761841,1.0382853746414185,0.00014506532170344144,-0.00015043962048366666,-1.0831148756551556e-05,4.755243571707979e-05,-0.0012973281554877758,0.008291403762996197,0.0014891995815560222,0.6008745431900024,-1.3498865882866085e-05,0.09333145618438721,-0.0013326671905815601,0.9998415112495422,8.774252637522295e-05,-0.017752205953001976,3.2844371162354946e-05,7.023416401352733e-05,0.03239365667104721,-0.00042601494351401925,-0.00031796240364201367,0.9999992251396179,-0.0011038873344659805,-0.1268318146467209,0.02449849620461464,0.6038450598716736,-0.005412917118519545,-0.00899033434689045,0.0015568169765174389,-0.1481846421957016,-0.02291935496032238,-0.5990251898765564,-0.001968675758689642,-0.009348476305603981,-0.0015030552167445421,0.0008661746978759766,-1.1348573934810702e-05,0.02498498558998108,0.004006649367511272,0.004019864369183779,5.221494575380348e-06,7.430178811773658e-06,,,,,2.0279646686339037,,,,,,,,,1320,0.6083333333333333
11.616666666667221,retreat,11.616667272523046,13.792119017632984,14.043846726417543,-0.24366378784179688,0.0021044802451797295,1.9829764604693911,0.05235924254520796,0.10467831195095843,0.7465813755989075,0.034915726631879807,4.8418169021606445,-0.02373440111114178,58,0.5894404649734497,0.08547995239496231,0.22144003212451935,0.05487198755145073,-0.009268755762604997,-14.182014745889385,-0.22250579297542572,-0.07354801893234253,-0.7088481187820435,0.00023141232668422163,-0.03491360321640968,-0.0003077031287830323,0.00017484239651821554,0.017302099615335464,-0.00022604216064792126,0.9998502731323242,-0.000411470013204962,6.49615831207484e-05,0.0006459119613282382,0.2554987967014313,0.283504456281662,-0.04419204592704773,-0.4798756539821625,0.5610933303833008,0.4940258860588074,-1.983345866203308,-0.38754749298095703,2.4138729572296143,1.0382853746414185,0.0005180835723876953,7.385892968159169e-05,-0.0006957327132113278,-0.0005806958652101457,-0.0007824893691577017,-0.002591438591480255,0.000553223246242851,0.6008694171905518,-1.4226534403860569e-05,0.09332945197820663,-0.0013275272212922573,0.9998412132263184,9.089556988328695e-05,-0.01776386797428131,3.760890103876591e-05,6.956301513127983e-05,0.03239233046770096,-0.0004621079715434462,-0.00028465132345445454,0.9999991655349731,-0.0010966445552185178,0.021989328786730766,-0.030897004529833794,-0.5882192254066467,-0.008626100607216358,-0.08497731387615204,-0.00335694570094347,0.04286622628569603,0.029342323541641235,0.5871469378471375,-0.012933148071169853,0.08816391974687576,0.004049996845424175,0.0008649826049804688,-1.1451672435214277e-05,0.02498503029346466,0.004006634466350079,0.004019970074295998,5.093054824101273e-06,7.250986527651548e-06,,,,,2.0279646686339037,,,,,,,,,1320,0.6166666666666667
11.625000000000561,retreat,11.625000606290996,13.780497474945152,14.043138921260836,-0.2429485321044922,0.0021792079678562004,1.983371200616598,0.052135477744741365,0.08846931922527276,0.3282097578048706,0.030788308009505272,4.712269306182861,-0.024937780835898593,55,0.256781667470932,0.011913500726222992,0.12372353672981262,0.027636820450425148,-0.008617128303740174,-14.181334434089619,0.0238003171980381,-0.02295359969139099,0.32653993368148804,2.97868245979771e-06,-0.030786970630288124,-0.000287126749753952,0.00017650099471211433,0.017305660992860794,-0.00022371129307430238,0.9998502135276794,0.0005995288956910372,0.00026729769888333976,0.0011346845421940088,0.2629033029079437,0.28485482931137085,-0.044736288487911224,-0.4798756539821625,0.5610933303833008,0.49402520060539246,-1.983345866203308,-0.3875526189804077,2.4138731956481934,1.0382853746414185,3.439661304582842e-05,-0.0004450107808224857,-0.00015674291353207082,-0.00029959395760670304,-0.0010102970991283655,0.0026207829359918833,0.0010665125446394086,0.6008695960044861,-1.5113793779164553e-05,0.09332948923110962,-0.0013259034603834152,0.9998413324356079,9.237050107913092e-05,-0.017763258889317513,3.8081896491348743e-05,6.849256169516593e-05,0.03239165246486664,-0.0004579359956551343,-0.00028780053253285587,0.9999992847442627,-0.0010972949676215649,0.07685431092977524,-0.03563541918992996,0.24240534007549286,0.008817905560135841,0.007544742431491613,0.002693120390176773,0.06819039583206177,0.036295026540756226,-0.2448868304491043,0.0035546235740184784,0.003556597512215376,-0.0028183746617287397,0.0008651614189147949,-1.1336613169987686e-05,0.024985022842884064,0.004006616771221161,0.004020046908408403,5.04687886859756e-06,7.177121005952358e-06,,,,,2.0279646686339037,,,,,,,,,1320,0.625
11.633333333333901,retreat,11.633333940058947,13.768632364290498,14.042591303586962,-0.2428293228149414,0.0021308037503331434,1.9815942509623972,0.052777904784306884,0.11190581936148891,0.3996492326259613,0.03199426457285881,4.7312703132629395,-0.024304425096488558,55,0.35358181595802307,0.04460969939827919,0.06350106000900269,0.0120159350335598,-0.00884073690394871,-14.18066305314551,-0.055365558713674545,0.016948021948337555,-0.39543259143829346,-0.00042673753341659904,-0.03199071064591408,-0.0002127310144715011,0.0001775109558366239,0.017290523275732994,-0.00023190438514575362,0.9998503923416138,0.00020614710228983313,0.0004741369921248406,0.0008807412232272327,0.2748918831348419,0.27418506145477295,0.004826201591640711,-0.47987791895866394,0.5610933303833008,0.49402883648872375,-1.983345866203308,-0.3875525891780853,2.4138731956481934,1.0382853746414185,0.0001716685073915869,-0.00021093391114845872,-0.0002834869083017111,-0.0007054684101603925,-6.579142791451886e-05,0.000621932907961309,0.00022394182451535016,0.6008698344230652,-1.3997458154335618e-05,0.09332991391420364,-0.001326815690845251,0.9998412728309631,9.291899186791852e-05,-0.017762834206223488,3.79304401576519e-05,6.971544644329697e-05,0.03239152207970619,-0.00047265461762435734,-0.00028921072953380644,0.9999991059303284,-0.001089989091269672,-0.004529780708253384,0.013037466444075108,-0.35331234335899353,-0.0026152662467211485,-0.04450378939509392,-0.0016119468491524458,0.008024640381336212,-0.013974715024232864,0.3532143235206604,-0.0006555604049935937,0.04385821893811226,0.0017533755162730813,0.0008643865585327148,-1.1746948075597174e-05,0.024985048919916153,0.004006590228527784,0.004020090214908123,4.9694608605932444e-06,7.066846592351794e-06,,,,,2.0279646686339037,,,,,,,,,1320,0.6333333333333333
11.641666666667241,retreat,11.641667273826897,13.756524458900664,14.043071866035463,-0.24265050888061523,0.001714380687189987,1.981693012172055,0.052581010095309466,0.11190581936148891,0.09019100666046143,0.03060385398566723,4.638208389282227,-0.024241091523435898,53,0.10168751329183578,0.022014301270246506,0.03004380874335766,0.007659606169909239,-0.009341072291135788,-14.181150494244989,0.006935509853065014,-0.045259058475494385,-0.07770413905382156,-0.0003782370768021792,-0.030599694699048996,-0.0003338715760037303,0.0001837509626056999,0.017291197553277016,-0.0002174910914618522,0.9998504519462585,0.0003182112704962492,0.0004909165436401963,0.0010036994935944676,0.2913365066051483,0.28515514731407166,0.030372735112905502,-0.47987791895866394,0.5610933303833008,0.4940279722213745,-1.983345866203308,-0.38755667209625244,2.4138731956481934,1.0382853746414185,0.00023496191715821624,-0.0003392405924387276,-0.0005297351744957268,-0.0005768584669567645,-0.0008526360616087914,0.0018544893246144056,0.0008014142513275146,0.6008697748184204,-1.4868084690533578e-05,0.09332988411188126,-0.0013252855278551579,0.9998412728309631,9.408436744706705e-05,-0.017762573435902596,3.816792741417885e-05,6.91621025907807e-05,0.03239196538925171,-0.00047172867925837636,-0.0002968453336507082,0.9999991059303284,-0.0011027392465621233,0.01267975103110075,-0.03522534668445587,-0.09454495459794998,0.0022972305305302143,-0.021877510473132133,0.0008524646400474012,0.01602499559521675,0.034977950155735016,0.09412803500890732,-0.0028169325087219477,0.02371438965201378,-0.0006923003820702434,0.0008644461631774902,-1.1031792382709682e-05,0.024985045194625854,0.004006584640592337,0.00402021175250411,4.947793513565557e-06,7.040274795144796e-06,,,,,2.0279646686339037,,,,,,,,,1320,0.6416666666666666
11.650000000000581,retreat,11.650000607594848,13.744174532007289,14.042975008487703,-0.24312734603881836,0.0021581158762273844,1.9819892662855703,0.051939874538220465,0.10467831195095843,0.21229344606399536,0.0314762182533741,4.690593242645264,-0.02360772850806825,55,0.20171527564525604,0.032381970435380936,0.017208652570843697,0.0027785291895270348,-0.008917384635424241,-14.181074270591967,-0.03232426196336746,0.018875665962696075,-0.20896735787391663,-0.00039197978912852705,-0.03147294744849205,-0.00022863330377731472,0.00017248951189685613,0.01729348488152027,-0.00023180786229204386,0.9998503923416138,0.00027207957464270294,0.00044467029510997236,0.0009364771540276706,0.2720273733139038,0.28338927030563354,0.0035240750294178724,-0.47987791895866394,0.5610933303833008,0.4940280616283417,-1.983345866203308,-0.3875565826892853,2.4138731956481934,1.0382853746414185,0.0001538709329906851,-0.0002978508418891579,-0.0003478725266177207,-0.000759091810323298,-0.00010740596189862117,0.0014808307169005275,0.00027128527290187776,0.6008697748184204,-1.4868084690533578e-05,0.09332988411188126,-0.0013252855278551579,0.9998412728309631,9.408436744706705e-05,-0.017762573435902596,3.768806345760822e-05,6.871804362162948e-05,0.03239188343286514,-0.000469426711788401,-0.0002853349142242223,0.9999991655349731,-0.0010886243544518948,0.012805305421352386,0.009963393211364746,-0.20106171071529388,-0.0008949398179538548,-0.032365355640649796,-0.0005242645274847746,0.019940296187996864,-0.010492512956261635,0.2004527896642685,0.0005716412561014295,0.034221429377794266,0.0005944097065366805,0.000864565372467041,-1.1737805834854953e-05,0.024985045194625854,0.004006566014140844,0.004020256921648979,4.979259756510146e-06,7.0837559178471565e-06,,,,,2.0279646686339037,,,,,,,,,1320,0.65
11.658333333333921,retreat,11.658333941362798,13.731583356842016,14.042986184358599,-0.24276971817016602,0.002254168521176325,1.981693012172055,0.05204042827244848,0.09691328065893987,0.15573373436927795,0.030898673459887505,4.649654865264893,-0.024304425096488558,55,0.16012881696224213,0.027830611914396286,0.006878440733999014,0.002740092109888792,-0.00891317761852406,-14.181064812568124,-0.00837164930999279,0.003979243338108063,-0.15545764565467834,-0.000260555068962276,-0.030896594747900963,-0.00024604483041912317,0.0001747092028381303,0.017291244119405746,-0.0002274231956107542,0.9998504519462585,0.00025939580518752337,0.0003503223997540772,0.0009731270256452262,0.2640964686870575,0.28308653831481934,-0.02866479568183422,-0.4798779785633087,0.5610933303833008,0.49402815103530884,-1.983345866203308,-0.3875564932823181,2.4138731956481934,1.0382853746414185,0.00013387161015998572,-0.00031794849201105535,-0.0003168557886965573,-0.000765953678637743,-0.00019343732856214046,0.0018697972409427166,0.0003943001793231815,0.6008697748184204,-1.5087207430042326e-05,0.09332979470491409,-0.0013253315119072795,0.9998413324356079,9.38723242143169e-05,-0.017762629315257072,3.804638981819153e-05,6.840591959189624e-05,0.032391805201768875,-0.00047172282938845456,-0.000287415663478896,0.9999992251396179,-0.0010930194985121489,0.008058978244662285,0.002120711375027895,-0.15991182625293732,-0.0019104669336229563,-0.027763359248638153,0.000298198196105659,0.013734240084886551,-0.0025420826859772205,0.15951845049858093,-0.0016068363329395652,0.028933968394994736,-0.0001651137281442061,0.0008644461631774902,-1.152050663222326e-05,0.024985048919916153,0.004006555303931236,0.004020345397293568,5.030743977840757e-06,7.157184882089496e-06,,,,,2.0279646686339037,,,,,,,,,1320,0.6583333333333333
11.666666666667261,retreat,11.666667275130749,13.718751706636484,14.042922854423525,-0.24300813674926758,0.0017342040337098297,1.9815942509623972,0.05217192301643081,0.09691328065893987,0.17649884521961212,0.03181517496705055,4.757518291473389,-0.024241091523435898,49,0.17425374686717987,0.030238112434744835,0.006416854448616505,0.00297677144408226,-0.009134113133768551,-14.180994603982073,-0.034467317163944244,0.00406154990196228,-0.17305302619934082,-0.0008297270396724343,-0.03180328384041786,-0.00026060358504764736,0.00018366854055784643,0.01729040965437889,-0.0002222753973910585,0.9998504519462585,0.00025933890719898045,0.0005529492045752704,0.0009439632995054126,0.2842051684856415,0.2818150222301483,-0.021120702847838402,-0.4798780381679535,0.5610933303833008,0.494028240442276,-1.983345866203308,-0.38755640387535095,2.4138731956481934,1.0382853746414185,7.405444193864241e-05,-0.0003679908986669034,-0.0002349129063077271,-0.0008261619950644672,-0.00021710479632019997,0.0014941064873710275,0.00041089567821472883,0.6008697748184204,-1.5087207430042326e-05,0.09332979470491409,-0.0013253315119072795,0.9998413324356079,9.38723242143169e-05,-0.017762629315257072,3.7805759347975254e-05,6.892567762406543e-05,0.0323917493224144,-0.00047257007099688053,-0.00029646456823684275,0.9999992251396179,-0.0010980087099596858,0.0220513716340065,0.00303336838260293,-0.17282623052597046,-0.002165243960916996,-0.03015972301363945,-0.00021510521764867008,0.028176650404930115,-0.003485633758828044,0.17192526161670685,-0.0017111406195908785,0.033350758254528046,0.00036298573832027614,0.0008643865585327148,-1.1270893082837574e-05,0.02498505264520645,0.004006551578640938,0.0040204268880188465,5.041732947574928e-06,7.17068905942142e-06,,,,,2.0279646686339037,,,,,,,,,1320,0.6666666666666666
11.675000000000601,retreat,11.6750006088987,13.705680354622332,14.042893052101137,-0.24271011352539062,0.0023282696020032745,1.9814954848322706,0.052772575145354494,0.10467831195095843,0.20442166924476624,0.03093097172677517,4.650557041168213,-0.024241091523435898,54,0.20363426208496094,0.02885531634092331,0.0026953534688800573,0.002089728834107518,-0.008903699956135824,-14.180957922665591,-0.011405552737414837,0.008026659488677979,-0.2039453387260437,-0.00033123299363069236,-0.030928421765565872,-0.0002189896476920694,0.00018061255104839802,0.017289234325289726,-0.00022708464530296624,0.9998504519462585,0.00021743295656051487,0.0003383163711987436,0.00095834129024297,0.2624765932559967,0.2814854085445404,-0.007690604776144028,-0.47987809777259827,0.5610933303833008,0.494030237197876,-1.983345866203308,-0.3875563144683838,2.4138731956481934,1.0382853746414185,8.6373278463725e-05,-0.00034661611425690353,-0.00023921429237816483,-0.0008857995271682739,-0.00020903002587147057,0.0018204707885161042,0.00043919874588027596,0.6008699536323547,-1.3645505532622337e-05,0.09333021938800812,-0.0013259637635201216,0.9998413324356079,9.473786485614255e-05,-0.017762301489710808,3.7917401641607285e-05,6.981439946684986e-05,0.03239213302731514,-0.0004734133544843644,-0.0002941994753200561,0.9999991655349731,-0.0010938708437606692,0.005873799789696932,0.005560329183936119,-0.20347358286380768,-0.002111372072249651,-0.02877786010503769,7.856067531974986e-05,0.013098109513521194,-0.006097746081650257,0.20312103629112244,-0.0013001030310988426,0.029633911326527596,4.592254845192656e-05,0.0008643269538879395,-1.1508667739690281e-05,0.02498505264520645,0.004006545525044203,0.004020538181066513,5.0452690629754215e-06,7.178256055340171e-06,,,,,2.0279646686339037,,,,,,,,,1320,0.675
11.683333333333941,retreat,11.68333394266665,13.692370074031205,14.043131470680239,-0.24330615997314453,0.0022304207050183322,1.9813967137809387,0.05171936936676502,0.09691328065893987,0.22937820851802826,0.03132812678813934,4.689149379730225,-0.023671065719099715,55,0.22151748836040497,0.030814601108431816,0.01664041168987751,0.004549762699753046,-0.00937549072841648,-14.18118946190743,-0.025208832696080208,-0.04859938472509384,-0.22274868190288544,0.00016010213585104793,-0.031326111406087875,-0.0003172253491356969,0.00018206254753749818,0.0172884501516819,-0.00021964429470244795,0.9998505115509033,0.00010348856449127197,0.00017030804883688688,0.0009235810139216483,0.26416704058647156,0.2875344157218933,-0.006683939136564732,-0.47987815737724304,0.5610933303833008,0.49402913451194763,-1.983345866203308,-0.3875606954097748,2.4138731956481934,1.0382853746414185,0.00022036736481823027,-0.00039895749068818986,-0.0005807928391732275,-0.0008800211362540722,-0.0008041395340114832,0.0014525768347084522,0.0007236903184093535,0.60086989402771,-1.4646953786723316e-05,0.09332989156246185,-0.0013243022840470076,0.9998413324356079,9.594445145921782e-05,-0.0177620742470026,3.7363613955676556e-05,6.88015716150403e-05,0.032392069697380066,-0.0004739764553960413,-0.0002969576162286103,0.9999992251396179,-0.001099602086469531,0.012314553372561932,-0.0340629443526268,-0.21853619813919067,0.00037395526305772364,-0.03081178478896618,-0.00018373537750449032,0.020063988864421844,0.03348778188228607,0.21805045008659363,-0.004527256358414888,0.032597266137599945,0.00042890271288342774,0.0008642673492431641,-1.1137952242279425e-05,0.02498505264520645,0.004006555303931236,0.004020586609840393,4.991672540199943e-06,7.103139068931341e-06,,,,,2.0279646686339037,,,,,,,,,1320,0.6833333333333333
11.691666666667281,retreat,11.6916672764346,13.678821638094739,14.043012261390688,-0.24312734603881836,0.0018691995364861214,1.9817917684619797,0.05198637518333271,0.09691328065893987,0.16860558092594147,0.03125770390033722,4.677593231201172,-0.024304425096488558,55,0.17436985671520233,0.02654188685119152,0.009515863843262196,0.0018155357101932168,-0.008906994524295442,-14.181097767908124,-0.0231370497494936,0.012174651026725769,-0.16656619310379028,-0.0003198874765075743,-0.031255096197128296,-0.0002461862750351429,0.00017582254076842219,0.017291715368628502,-0.0002310965646756813,0.9998504519462585,0.00024329591542482376,-0.0010938721243292093,0.0009503248729743063,0.24739985167980194,0.28323274850845337,-0.0160993505269289,-0.4798782169818878,0.5610933303833008,0.4940292239189148,-1.983345866203308,-0.3875613808631897,2.4138731956481934,1.0382853746414185,7.64706201152876e-05,-0.0004365727072581649,-0.00032932308386079967,-0.0009690711158327758,-0.00023892908939160407,0.0018887846963480115,0.0004064506501890719,0.6008699536323547,-1.4713965356349945e-05,0.09332995861768723,-0.0013241124106571078,0.9998413324356079,9.61933474172838e-05,-0.01776200532913208,3.747630398720503e-05,6.908309296704829e-05,0.03239201009273529,-0.0004706303880084306,-0.0002907641464844346,0.9999992251396179,-0.001088067889213562,0.020874833688139915,0.005082211457192898,-0.1730412095785141,0.0001646549644647166,-0.026541151106357574,0.00010913040750892833,0.02700858749449253,-0.005534781608730555,0.17217645049095154,0.0009020091965794563,0.029563672840595245,-6.428348569897935e-05,0.0008644461631774902,-1.1705114047799725e-05,0.024985045194625854,0.004006538074463606,0.004019365645945072,5.176401828066446e-06,7.36591755412519e-06,,,,,2.0279646686339037,,,,,,,,,1320,0.6916666666666667
11.700000000000621,retreat,11.70000061020255,13.66503582004458,14.04295638203621,-0.2428889274597168,0.0019505846466927323,1.9813967137809387,0.05212695396039635,0.10467831195095843,0.24306270480155945,0.031012920662760735,4.6482367515563965,-0.024241091523435898,54,0.23854883015155792,0.030790146440267563,0.005839568097144365,0.0020071372855454683,-0.008996962424134836,-14.181014373263402,-0.017758458852767944,0.005720123648643494,-0.24234560132026672,-0.0002522037539165467,-0.03101077862083912,-0.00026307193911634386,0.00017422353266738355,0.01728832721710205,-0.00022827947395853698,0.9998504519462585,0.00013758536078967154,-0.001135374535806477,0.0009240108774974942,0.24283961951732635,0.2840898931026459,-0.023997867479920387,-0.4798782765865326,0.5610933303833008,0.49402928352355957,-1.983345866203308,-0.38756129145622253,2.4138731956481934,1.0382853746414185,9.402915748069063e-05,-0.00040699972305446863,-0.0003388727782294154,-0.0010343738831579685,-0.00019711519416887313,0.0018429531482979655,0.00039479415863752365,0.6008699536323547,-1.4713965356349945e-05,0.09332995861768723,-0.0013241124106571078,0.9998413324356079,9.61933474172838e-05,-0.01776200532913208,3.7712627090513706e-05,6.900159496581182e-05,0.03239194676280022,-0.0004740158619824797,-0.00028921046759933233,0.9999991655349731,-0.0010909122647717595,0.0054911356419324875,0.0038186784368008375,-0.23845504224300385,-0.002258335705846548,-0.030707145109772682,-6.527954974444583e-05,0.013957824558019638,-0.004447915591299534,0.23809857666492462,-0.001691426383331418,0.031508706510066986,0.00020857503113802522,0.0008642673492431641,-1.1562868166947737e-05,0.024985048919916153,0.004006525967270136,0.004019466228783131,5.208730726735666e-06,7.41225085221231e-06,,,,,2.0279646686339037,,,,,,,,,1320,0.7
11.708333333333961,retreat,11.708333943970501,13.651013393112363,14.042971283197405,-0.24271011352539062,0.0017680054043012206,1.9812979378076665,0.05237888763076626,0.08846931922527276,0.2153485119342804,0.03091338463127613,4.651675224304199,-0.024241091523435898,55,0.2171715795993805,0.029280370101332664,0.005454993806779385,0.0024321021046489477,-0.008886492971214466,-14.181022394744112,-0.010443596169352531,0.00537552684545517,-0.21502794325351715,-0.0002437255170661956,-0.0309112761169672,-0.0002662884071469307,0.0001798060693545267,0.01728745363652706,-0.00022537419863510877,0.9998505711555481,0.00017929423484019935,0.00070299266371876,0.0009658259223215282,0.290805459022522,0.280784010887146,-0.03737270087003708,-0.47987833619117737,0.5610933303833008,0.49402934312820435,-1.983345866203308,-0.38756126165390015,2.4138731956481934,1.0382853746414185,9.45877909543924e-05,-0.0004141704412177205,-0.000339481484843418,-0.00103216792922467,-0.0003015490365214646,0.0020160521380603313,0.0004812497063539922,0.6008699536323547,-1.4713965356349945e-05,0.09332995861768723,-0.0013241124106571078,0.9998413324356079,9.61933474172838e-05,-0.01776200532913208,3.789179027080536e-05,6.918422877788544e-05,0.032391954213380814,-0.00047489823191426694,-0.0002948430192191154,0.9999992847442627,-0.0010937182232737541,0.005395476706326008,0.00037164808600209653,-0.2171042412519455,-0.0020702085457742214,-0.02920708991587162,1.3888598914491013e-05,0.013103373348712921,-0.0009444611496292055,0.2167738527059555,-0.002005100715905428,0.02999420277774334,0.0001363732444588095,0.0008642673492431641,-1.1422445822972804e-05,0.02498505637049675,0.004006513860076666,0.004019551910459995,4.949672074872069e-06,7.0426613092422485e-06,,,,,2.0279646686339037,,,,,,,,,1320,0.7083333333333334
11.716666666667301,retreat,11.716667277738452,13.636755130529732,14.04276639223099,-0.24265050888061523,0.002343811956961872,1.9812979378076665,0.05272782073006965,0.10467831195095843,0.23001760244369507,0.031101776286959648,4.572443008422852,-0.02360772850806825,53,0.2292458862066269,0.030346721410751343,0.005955609027296305,0.001599665149115026,-0.008842438226565719,-14.180817503777696,-0.017227690666913986,0.022935643792152405,-0.22822195291519165,-0.0009483746252954006,-0.031085560098290443,-0.0003301775432191789,0.00019073087605647743,0.01728741079568863,-0.00022576541232410818,0.9998505115509033,0.0002450354222673923,0.0006911552045494318,0.0009402968571521342,0.27933141589164734,0.27616041898727417,0.039160698652267456,-0.4798784554004669,0.5610933303833008,0.494031697511673,-1.983345866203308,-0.387561172246933,2.4138731956481934,1.0382853746414185,3.392746293684468e-05,-0.0004020479100290686,-0.00019005687499884516,-0.001074547995813191,-0.00014712625124957412,0.0019950640853494406,0.0004486850812099874,0.6008700132369995,-1.3573182513937354e-05,0.09333037585020065,-0.0013246769085526466,0.9998412728309631,9.686058183433488e-05,-0.017761792987585068,3.788538742810488e-05,6.978561577852815e-05,0.03239215537905693,-0.0004747463099192828,-0.00030643685022369027,0.9999991655349731,-0.0010936877224594355,0.007674827706068754,0.016556154936552048,-0.22851841151714325,-0.0030307441484183073,-0.0301949605345726,-4.975276533514261e-05,0.015788979828357697,-0.017158782109618187,0.22805684804916382,-0.0006254713516682386,0.031311940401792526,0.0001549934095237404,0.0008642673492431641,-1.1451445971033536e-05,0.02498505264520645,0.004006500821560621,0.004019643645733595,5.011767825635616e-06,7.127731805667281e-06,,,,,2.0279646686339037,,,,,,,,,1320,0.7166666666666667
11.725000000000641,retreat,11.725000611506402,13.622261805528328,14.042893052101137,-0.24312734603881836,0.0021259688764985185,1.9807051785660377,0.052266514103394,0.11190581936148891,0.25270047783851624,0.03238249197602272,4.6904215812683105,-0.023671065719099715,55,0.24471984803676605,0.03040788695216179,0.018828358501195908,0.005465753376483917,-0.009465983283007517,-14.180902878354443,-0.047869421541690826,-0.04798930510878563,-0.24344007670879364,0.0001486355031374842,-0.03238052874803543,-0.0003239043289795518,0.00018621789058670402,0.017282430082559586,-0.0002199155424023047,0.9998505711555481,0.00011545172310434282,0.00047327385982498527,0.0009166435338556767,0.2785409688949585,0.2837527394294739,0.045749813318252563,-0.4798785150051117,0.5610933303833008,0.49403223395347595,-1.983345866203308,-0.38756585121154785,2.4138731956481934,1.0382853746414185,0.00011142701987409964,-0.0005114121595397592,-0.00046362137072719634,-0.0010953774908557534,-0.0007924781530164182,0.0013217239174991846,0.0007622419507242739,0.6008701920509338,-1.3542463420890272e-05,0.09333065152168274,-0.0013232758501544595,0.9998413324356079,9.898102871375158e-05,-0.017761267721652985,3.7210178561508656e-05,6.994210707489401e-05,0.03239258751273155,-0.00047919442295096815,-0.0003041171876247972,0.9999991059303284,-0.001098180073313415,0.03014841116964817,-0.03266565129160881,-0.2406487762928009,-0.00036646632361225784,-0.03040427155792713,-0.0002925226872321218,0.038671623915433884,0.032036978751420975,0.2395118623971939,-0.005060410127043724,0.03476645424962044,0.0005611585220322013,0.0008639693260192871,-1.1155048923683353e-05,0.02498506009578705,0.004006498027592897,0.004019716754555702,4.9909849622054026e-06,7.0989481173455715e-06,,,,,2.0279646686339037,,,,,,,,,1320,0.725
11.73333333333398,retreat,11.733333945274353,13.607534191339791,14.04300481081009,-0.24312734603881836,0.0019853864614560734,1.9803099072061516,0.04970666122972034,0.10467831195095843,0.2659353017807007,0.03215699642896652,4.674696445465088,-0.024304425096488558,55,0.26346489787101746,0.027010105550289154,0.0036488045006990433,0.0015975391725078225,-0.00945361310732551,-14.180987106663558,-0.0386977344751358,-0.02540668100118637,-0.26187512278556824,-7.625065336469561e-06,-0.03215548396110535,-0.0003116175648756325,0.00017728135571815073,0.017279569059610367,-0.00022414482373278588,0.9998506903648376,4.801891918759793e-05,0.00026492183678783476,0.0009361744741909206,0.2648451030254364,0.2876489460468292,-0.025967638939619064,-0.4798785448074341,0.561086893081665,0.49403077363967896,-1.983345866203308,-0.38757097721099854,2.4138731956481934,1.0382853746414185,0.00012847670586779714,-0.0005513994838111103,-0.0005711299600079656,-0.0012414957163855433,-0.0006605797680094838,0.0016505577368661761,0.0006480382289737463,0.6008715629577637,-1.5497978893108666e-05,0.09333357959985733,-0.0013198595261201262,0.9998413920402527,0.00010040507186204195,-0.017758270725607872,3.5754404962062836e-05,6.791215855628252e-05,0.032395683228969574,-0.00047904771054163575,-0.00029646794428117573,0.9999991655349731,-0.0010906691895797849,0.028207138180732727,-0.02335605025291443,-0.26090729236602783,0.002299361163750291,-0.026912003755569458,5.284901999402791e-05,0.0374508798122406,0.022675270214676857,0.25980183482170105,-0.0010631682816892862,0.030996102839708328,6.389166810549796e-05,0.0008638501167297363,-1.1358734809618909e-05,0.024985067546367645,0.004006491508334875,0.004019777290523052,5.065286131866742e-06,7.207505404949188e-06,,,,,2.0279646686339037,,,,,,,,,1320,0.7333333333333333
11.74166666666732,retreat,11.741667279042304,13.592573061195761,14.04431611299515,-0.24360418319702148,0.0017699391037240275,1.9775407963749903,0.05742617213400081,0.10467831195095843,0.5359953045845032,0.03171119838953018,4.631472587585449,-0.024304425096488558,55,0.49896758794784546,0.0336795449256897,0.04477689787745476,0.002438742434605956,-0.010263221396598965,-14.18210554184917,-0.024084512144327164,0.07110849022865295,-0.53071129322052,-0.0008487949962727726,-0.031699419021606445,-0.00016287965991068631,0.00018054962856695056,0.01725456863641739,-0.00023319250612985343,0.9998510479927063,-0.000727871956769377,0.0006621903157792985,0.000732070067897439,0.26558738946914673,0.3231188654899597,-0.0539432093501091,-0.479875385761261,0.5610862374305725,0.49402615427970886,-1.9833629131317139,-0.387567400932312,2.4138731956481934,1.0382853746414185,0.000317300611641258,-0.0001610511535545811,-0.0006412725197151303,-0.0017850269796326756,0.0004802430630661547,0.0024230205453932285,3.6626435758080333e-05,0.6008634567260742,-1.4146557077765465e-05,0.09332716464996338,-0.0013202725676819682,0.9998412132263184,0.0001007102764560841,-0.017766885459423065,4.375539720058441e-05,6.949319504201412e-05,0.032390300184488297,-0.0005126715986989439,-0.0002998536510858685,0.9999991655349731,-0.001081975526176393,-0.012014063075184822,0.047494228929281235,-0.49655675888061523,-0.0036128535866737366,-0.03348516300320625,5.4171283409232274e-05,0.005642731674015522,-0.04880624637007713,0.49654287099838257,0.0032739327289164066,0.03177216276526451,-8.386070840060711e-05,0.0008625984191894531,-1.1813654055004008e-05,0.024985112249851227,0.004006466828286648,0.0040198881179094315,5.117590262671001e-06,7.2780821938067675e-06,,,,,2.0279646686339037,,,,,,,,,1320,0.7416666666666667
11.75000000000066,retreat,11.750000612810254,13.57737918832788,14.041157066822054,-0.2415776252746582,0.0023401139515044633,1.9812979378076665,0.049442063755122945,0.10467831195095843,0.3684327006340027,0.028281254693865776,4.4743475914001465,-0.024874447262845933,56,0.2430386245250702,0.015620055608451366,0.14029908180236816,0.01984727755188942,-0.007656658126506954,-14.17920817836876,0.15408237278461456,-0.03923187404870987,0.3323584496974945,0.00022197799989953637,-0.028278201818466187,-0.00035133594064973295,0.0001883691584225744,0.0172877237200737,-0.0002093371149385348,0.9998504519462585,0.0013089478015899658,0.00018798996461555362,0.0013161718379706144,0.26739346981048584,0.2541246712207794,-0.015365208499133587,-0.4798794984817505,0.5610767602920532,0.4940304458141327,-1.9833629131317139,-0.38757622241973877,2.413909435272217,1.0382953882217407,-5.45611183042638e-05,-0.000657920609228313,-0.0001707256305962801,-0.0004818947927560657,-0.001462447689846158,0.005178696010261774,0.001355663756839931,0.6008735299110413,-1.3993922038935125e-05,0.0933355838060379,-0.001320574665442109,0.9998416304588318,9.856733959168196e-05,-0.017744161188602448,3.442843444645405e-05,6.9110028562136e-05,0.032395847141742706,-0.00045679183676838875,-0.0003060083254240453,0.9999991059303284,-0.0011060264660045505,-0.04485846683382988,-0.028807781636714935,0.2371193915605545,-0.0009752869373187423,-0.015570049174129963,0.0007800767198204994,-0.05324824899435043,0.02942206710577011,-0.23530136048793793,-0.005179166793823242,0.009082090109586716,-0.0005706048104912043,0.0008642673492431641,-1.0628114978317171e-05,0.02498505264520645,0.004006465896964073,0.004019982181489468,5.0302492127229925e-06,7.1553513407707214e-06,,,,,2.0279646686339037,,,,,,,,,1320,0.75
11.758333333334,retreat,11.758333946578205,13.561953345967787,14.044584333896639,-0.2434849739074707,0.0010843447171282605,1.9751641841253913,0.05343566226656549,0.10467831195095843,1.3722456693649292,0.032530732452869415,4.659839630126953,-0.022974369130679406,49,1.1959434747695923,0.07939698547124863,0.23445336520671844,0.0373067632317543,-0.010252057647448964,-14.182208232798223,-0.136237233877182,0.002881169319152832,-1.3654630184173584,-0.000925290456507355,-0.03251666575670242,-0.0002425855491310358,0.0001919777423609048,0.017233863472938538,-0.0002253720595035702,0.999851405620575,-0.0013832285767421126,0.0007747188792563975,0.00030162534676492214,0.29943662881851196,0.3223588466644287,0.027493154630064964,-0.47987401485443115,0.5610756278038025,0.49402132630348206,-1.9833756685256958,-0.3875771164894104,2.413909435272217,1.0382953882217407,0.0010966408299282193,0.00042863551061600447,-0.0017506174044683576,-0.0019001711625605822,9.388491889694706e-05,-0.0007350154919549823,-3.512945113470778e-06,0.6008673310279846,-1.4604200259782374e-05,0.09333034604787827,-0.001318397931754589,0.9998415112495422,9.955275891115889e-05,-0.017750751227140427,3.907980863004923e-05,6.960936298128217e-05,0.03239388391375542,-0.0005172560340724885,-0.0003102057089563459,0.9999991655349731,-0.0010877413442358375,-0.06718480587005615,0.013364278711378574,-1.193980097770691,-0.005289855878800154,-0.07918897271156311,-0.0022372128441929817,-0.024758722633123398,-0.016524309292435646,1.1955732107162476,-0.0032049990259110928,0.06952279061079025,0.002540829125791788,0.0008615851402282715,-1.143235476774862e-05,0.02498514950275421,0.0040064589120447636,0.004020069260150194,4.9482082431495655e-06,7.041089702397585e-06,,,,,2.0279646686339037,,,,,,,,,1320,0.7583333333333333
11.76666666666734,retreat,11.766667280346155,13.546296307347124,14.043407142162325,-0.24259090423583984,0.0021258242668409366,1.9814954848322706,0.04836815787712112,0.11190581936148891,0.7643589377403259,0.029207441955804825,4.595044136047363,-0.024874447262845933,56,0.5876747965812683,0.02092190645635128,0.23816214501857758,0.04029823839664459,-0.008411834482103586,-14.181472012726779,0.12148259580135345,0.015415415167808533,0.7544858455657959,-0.00013764266623184085,-0.02920539304614067,-0.00031734860385768116,0.00017870670126285404,0.017289698123931885,-0.00021508859936147928,0.9998504519462585,0.0009008308406919241,0.0004543064278550446,0.0012953755212947726,0.2648623287677765,0.30292749404907227,0.013013911433517933,-0.4798712134361267,0.5610756278038025,0.4940160810947418,-1.9833788871765137,-0.38758182525634766,2.4139456748962402,1.0382953882217407,-4.3007905333070084e-05,-0.00056303950259462,-0.0001174496064777486,-0.0005829808069393039,-0.0010288582416251302,0.006051630713045597,0.0012204425875097513,0.6008732914924622,-1.4299337635748088e-05,0.09333115071058273,-0.0013202857226133347,0.9998417496681213,0.00010075484897242859,-0.01773514226078987,3.2992102205753326e-05,6.899185973452404e-05,0.0323936864733696,-0.0004457846807781607,-0.00029842936783097684,0.9999991059303284,-0.001100122113712132,0.06577523797750473,-0.006927539594471455,0.5839411616325378,0.003857359988614917,0.020367465913295746,0.002830775687471032,0.045023344457149506,0.00848345272243023,-0.5858862400054932,0.002715636743232608,-0.010876338928937912,-0.0029624025337398052,0.0008643269538879395,-1.0907311661867425e-05,0.02498505264520645,0.00400645611807704,0.004020152147859335,5.048852926847758e-06,7.182214176282287e-06,,,,,2.0279646686339037,,,,,,,,,1320,0.7666666666666666
11.77500000000068,retreat,11.775000614114106,13.530408845697531,14.043205976486208,-0.24318695068359375,0.001949500529008219,1.9795191277967639,0.047437042667297646,0.10467831195095843,0.8116094470024109,0.03497171401977539,4.782159328460693,-0.023671065719099715,55,0.6842154264450073,0.06813889741897583,0.17737148702144623,0.04069647938013077,-0.008633416029624641,-14.181133195034999,-0.22038590908050537,-0.0009833872318267822,-0.7811139225959778,-0.00017477228539064527,-0.03496965020895004,-0.0003372065257281065,0.00017521949484944344,0.017272135242819786,-0.0002243159106001258,0.9998507499694824,-0.0004455309535842389,0.00036338786594569683,0.0006744111888110638,0.26936689019203186,0.2706868052482605,-0.028545966371893883,-0.47987353801727295,0.5610714554786682,0.49401864409446716,-1.9833803176879883,-0.3875826895236969,2.4139456748962402,1.0382953882217407,0.00012082245666533709,-0.00031794075039215386,-0.000335127639118582,-0.0014165617758408189,0.00018963663023896515,-0.001807583961635828,4.366175926406868e-05,0.6008738279342651,-1.439591869711876e-05,0.09333351254463196,-0.001319598057307303,0.9998418092727661,0.00010123395622940734,-0.017733359709382057,3.182131331413984e-05,6.903205212438479e-05,0.03239589184522629,-0.0004615655052475631,-0.0002952261420432478,0.9999991655349731,-0.001090264180675149,0.051434483379125595,0.012896096333861351,-0.682157576084137,-0.008864720351994038,-0.06749594956636429,-0.0029363788198679686,0.07559439539909363,-0.014680842868983746,0.679868221282959,-0.006857843603938818,0.07493852823972702,0.0033760396763682365,0.000863492488861084,-1.1365442333044484e-05,0.02498508244752884,0.0040064528584480286,0.004020283930003643,5.019035597797483e-06,7.143418770283461e-06,,,,,2.0279646686339037,,,,,,,,,1320,0.775
11.78333333333402,retreat,11.783333947882056,13.51429173425065,14.04472589492798,-0.24336576461791992,0.001972968220798066,1.977738718533364,0.056319790019188076,0.09691328065893987,0.23886750638484955,0.03159819543361664,4.588315963745117,-0.024241091523435898,55,0.2701297998428345,0.0035565029829740524,0.04361256584525108,0.017097244039177895,-0.00981049808615353,-14.182529108958805,-0.05761076509952545,0.0038537532091140747,-0.23178401589393616,-0.000133276276756078,-0.03159615769982338,-0.0003333119966555387,0.0001787857909221202,0.01725655421614647,-0.00021951503003947437,0.9998510479927063,-0.0007162251858972013,0.0004505111137405038,0.0008427175343967974,0.2593472898006439,0.31812652945518494,-0.027885012328624725,-0.4798714816570282,0.5610714554786682,0.4940139651298523,-1.983400583267212,-0.38758260011672974,2.4139456748962402,1.0382953882217407,7.040366472210735e-05,-0.00046173014561645687,-0.00038151239277794957,-0.0017583250300958753,-0.00011231012467760593,0.0018258903874084353,0.0005793197196908295,0.6008638143539429,-1.376852742396295e-05,0.0933251678943634,-0.001318812370300293,0.9998416900634766,0.00010291365470038727,-0.017743902280926704,4.2090658098459244e-05,6.956687138881534e-05,0.03238872066140175,-0.00048769486602395773,-0.0003005190228577703,0.9999992251396179,-0.0010941874934360385,0.08558225631713867,-0.005973908118903637,-0.2561446726322174,0.0019482661737129092,-0.0022906349040567875,0.0018989378586411476,0.09461606293916702,0.0053209359757602215,0.25296157598495483,0.0010324709583073854,0.014669844880700111,-0.0019043495412915945,0.0008627176284790039,-1.1128377991553862e-05,0.02498510479927063,0.004006450530141592,0.004020282998681068,5.069270628155209e-06,7.212045602500439e-06,,,,,2.0279646686339037,,,,,,,,,1320,0.7833333333333333
11.79166666666736,retreat,11.791667281650007,13.49794574623812,14.04024437069893,-0.24133920669555664,0.001939078629220603,1.9812979378076665,0.04900659041595645,0.07912936237050427,0.3423648774623871,0.029929859563708305,4.601703643798828,-0.024747776478761807,49,0.24434733390808105,0.012456930242478848,0.12286185473203659,0.014268309809267521,-0.006779557035770267,-14.178295482245638,0.058187879621982574,-0.060843393206596375,0.3318523168563843,-3.052927786484361e-05,-0.029926102608442307,-0.0004732148954644799,0.0001830864930525422,0.0172878410667181,-0.00020313779532443732,0.9998505711555481,0.0015603776555508375,0.00018503208411857486,0.0013552629388868809,0.28586050868034363,0.22105823457241058,-0.016276134178042412,-0.47988077998161316,0.5610600113868713,0.4940255582332611,-1.983400583267212,-0.3875943422317505,2.4139795303344727,1.0383102893829346,-0.0005157553241588175,-0.0011625399347394705,0.0002995764371007681,-0.0006832469371147454,-0.0015976225258782506,0.0033065499737858772,0.0013982889940962195,0.6008744835853577,-1.2451157090254128e-05,0.0933358296751976,-0.0013195204082876444,0.99984210729599,0.00010003116767620668,-0.017719952389597893,3.212061710655689e-05,7.09818777977489e-05,0.03239520266652107,-0.0004324565816204995,-0.0003022852470166981,0.9999992847442627,-0.0011112435022369027,0.02925114706158638,-0.048153989017009735,0.23776288330554962,0.002310860203579068,-0.012231620028614998,-0.0004717154079116881,0.02080036699771881,0.04878755658864975,-0.2385219931602478,-0.004645646549761295,0.01644735224545002,0.000676477502565831,0.0008642673492431641,-1.031363080983283e-05,0.02498505637049675,0.004006465896964073,0.004020341206341982,5.024068741477095e-06,7.143447874113917e-06,,,,,2.0279646686339037,,,,,,,,,1320,0.7916666666666666
11.8000000000007,retreat,11.800000615417957,13.481371654891584,14.044286310672762,-0.24312734603881836,0.0015891424709479907,1.9723878519009561,0.05690659236279316,0.12511451142200766,1.6733245849609375,0.03170433267951012,4.585278511047363,-0.02246768053737469,55,1.4622654914855957,0.07604460418224335,0.2685946822166443,0.036104969680309296,-0.009314751136116683,-14.181716839009255,-0.1682712733745575,-0.04343010485172272,-1.6642757654190063,5.956317181698978e-05,-0.03170248493552208,-0.00033720716601237655,0.00018381273548584431,0.01721017435193062,-0.00022589847503695637,0.9998517632484436,-0.0017584399320185184,0.0002810077858157456,0.00019356462871655822,0.27568286657333374,0.3107975125312805,-0.010386193171143532,-0.47987785935401917,0.5610560774803162,0.494018018245697,-1.9834153652191162,-0.3875952363014221,2.4139487743377686,1.0383102893829346,0.0010667660972103477,0.00014487966836895794,-0.00205564615316689,-0.002550270175561309,-6.983039202168584e-05,-0.0018415161175653338,-1.2251444786670618e-05,0.6008614897727966,-1.5745623386465013e-05,0.09332918375730515,-0.0013132055755704641,0.9998416304588318,0.00010031408601207659,-0.017741041257977486,4.459416959434748e-05,6.762301200069487e-05,0.032392196357250214,-0.0005312251741997898,-0.00030267558759078383,0.9999989867210388,-0.0010821610921993852,-0.05876109004020691,-0.02291696146130562,-1.460904598236084,-0.0003534982679411769,-0.07601568847894669,-0.0020668208599090576,-0.006899487227201462,0.01907123625278473,1.4621249437332153,-0.003500099992379546,0.06758546829223633,0.002372684655711055,0.0008603930473327637,-1.1451421414676588e-05,0.024985186755657196,0.00400647334754467,0.0040204646065831184,4.936696313961875e-06,7.027090759947896e-06,,,,,2.0279646686339037,,,,,,,,,1320,0.8
11.80833333333404,retreat,11.808333949185908,13.464570233442679,14.042334258556368,-0.24175643920898438,0.0021101245692989323,1.9785302092541823,0.04928995622321963,0.09691328065893987,0.8985838890075684,0.024247195571660995,4.256450176239014,-0.024304425096488558,58,0.6307475566864014,0.03036268800497055,0.3276975452899933,0.06232946738600731,-0.007564342697151005,-14.180192599493454,0.3216186761856079,0.08006502687931061,0.8352269530296326,-0.0006411589565686882,-0.024237768724560738,-0.00021449099585879594,0.00017802308138925582,0.017263583838939667,-0.00022228658781386912,0.9998509287834167,0.001331895706243813,-0.0023542544804513454,0.0013971042353659868,0.2801448404788971,0.29639679193496704,0.008556545712053776,-0.47987639904022217,0.5610546469688416,0.4940142035484314,-1.9834216833114624,-0.3876001834869385,2.4140117168426514,1.0383102893829346,-3.4438759030308574e-05,-0.00058208336122334,-0.0001858128234744072,-0.0007292197551578283,-0.0008800350478850305,0.00964211206883192,0.0011787166586145759,0.6008720397949219,-1.3564509572461247e-05,0.09333197772502899,-0.001318342867307365,0.9998421669006348,0.0001020512281684205,-0.017713211476802826,3.364682197570801e-05,6.961463077459484e-05,0.03239336982369423,-0.00044996861834079027,-0.0002988517517223954,0.9999992251396179,-0.0010909803677350283,-0.05209887772798538,0.03450702503323555,0.6276443600654602,0.0050817448645830154,0.02971884049475193,0.0035859826020896435,-0.0742926076054573,-0.03286760672926903,-0.6254940629005432,0.009895812720060349,-0.03725432977080345,-0.0040323371067643166,0.0008630752563476562,-1.1266338333371095e-05,0.024985097348690033,0.004006458446383476,0.00401926226913929,-3.861321602016687e-06,-5.49117976333946e-06,,,,,2.0279646686339037,,,,,,,,,1320,0.8083333333333333
11.81666666666738,retreat,11.816667282953858,13.44754225512305,14.043287932872774,-0.24271011352539062,0.0018415798876958434,1.9762538193777708,0.04847619493375532,0.08846931922527276,1.0892493724822998,0.03369510546326637,4.6854352951049805,-0.023037706341710873,55,0.9268808364868164,0.09590978920459747,0.24403876066207886,0.058794278651475906,-0.008736464660614729,-14.180987724399008,-0.20075128972530365,-0.02234763652086258,-1.070356845855713,-7.832204573787749e-06,-0.03369315713644028,-0.00036240374902263284,0.00017712901171762496,0.017243582755327225,-0.0002235939900856465,0.9998513460159302,-0.0006766160950064659,-0.0026398233603686094,0.0004788931692019105,0.2871769666671753,0.2789156436920166,-0.009681988507509232,-0.4798767566680908,0.5610513687133789,0.49401411414146423,-1.9834240674972534,-0.387602299451828,2.4140117168426514,1.0383102893829346,0.00048655821592547,-5.7412304158788174e-05,-0.0008787742117419839,-0.001430956763215363,-1.2811909982701764e-05,-0.001771582174114883,4.420581171871163e-05,0.6008718609809875,-1.4003075193613768e-05,0.09333301335573196,-0.0013170157326385379,0.9998422265052795,0.00010305613977834582,-0.01771269179880619,3.2909330911934376e-05,6.936266436241567e-05,0.032395388931035995,-0.00046945398207753897,-0.00029889034340158105,0.9999992847442627,-0.001088347053155303,-0.02633618377149105,0.009916741400957108,-0.9264535307884216,-0.013991318643093109,-0.09480268508195877,-0.003922053147107363,0.006496980786323547,-0.01235989574342966,0.9267756342887878,-0.012362096458673477,0.09101469069719315,0.004604342393577099,0.0008620619773864746,-1.1330755114613567e-05,0.02498512715101242,0.00400645611807704,0.004019333980977535,-4.056812031194568e-06,-5.76672209717799e-06,,,,,2.0279646686339037,,,,,,,,,1320,0.8166666666666667
11.82500000000072,retreat,11.825000616721809,13.430288493164333,14.044498652219774,-0.24306774139404297,0.0010485570101081976,1.9768479128318148,0.0567984716326464,0.11190581936148891,0.04662567004561424,0.030803196132183075,4.59532356262207,-0.024114417101372965,50,0.13446497917175293,0.006672789342701435,0.08850248157978058,0.022046949714422226,-0.00958807255847205,-14.182239822077483,-0.030536295846104622,-0.001194283366203308,-0.03521450608968735,-0.0005329137784428895,-0.030796045437455177,-0.00039555286639370024,0.00018140174506697804,0.01724943146109581,-0.00021476976689882576,0.9998511075973511,-0.00038966204738244414,-0.0003700887318700552,0.0009398352121934295,0.26359251141548157,0.3134530782699585,-0.011683591641485691,-0.4798731803894043,0.5610513687133789,0.4940072000026703,-1.9834429025650024,-0.3876029849052429,2.4140117168426514,1.0383102893829346,0.00014494673814624548,-0.00045221703476272523,-0.0005145079339854419,-0.0013965149410068989,-0.0004719774005934596,0.0024468323681503534,0.0007887002429924905,0.6008623838424683,-1.4260585885494947e-05,0.09332488477230072,-0.001315454370342195,0.9998419880867004,0.00010434786236146465,-0.017722738906741142,4.242884460836649e-05,6.977896555326879e-05,0.03238814324140549,-0.00047365378122776747,-0.000304589222650975,0.9999991059303284,-0.0010955063626170158,0.09267506748437881,-0.017555631697177887,-0.09583298861980438,0.004278855863958597,0.004410532768815756,0.002600905252620578,0.09601033478975296,0.01732749119400978,0.09253430366516113,0.0016544857062399387,0.008988562971353531,-0.0026448110584169626,0.0008623600006103516,-1.0893343642237596e-05,0.024985123425722122,0.004006456583738327,0.004019415937364101,5.384365977079142e-06,7.661757990717888e-06,,,,,2.0279646686339037,,,,,,,,,1320,0.825
11.83333333333406,retreat,11.83333395048976,13.412809720798174,14.039897918701174,-0.2409219741821289,0.0018751966308627743,1.9795191277967639,0.049344329454470426,0.10467831195095843,0.15899333357810974,0.029113780707120895,4.506803035736084,-0.024241091523435898,59,0.0777142196893692,0.021548017859458923,0.09093443304300308,0.007958194240927696,-0.006209765939274803,-14.177825137249965,0.05769665911793709,-0.015780232846736908,0.1473124623298645,0.00012121293548261747,-0.02911100536584854,-0.00038335160934366286,0.00017875415505841374,0.017272504046559334,-0.00021194363944232464,0.9998508095741272,0.0015891245566308498,0.0002229386882390827,0.0013956434559077024,0.2859554886817932,0.2116641253232956,-0.03795241564512253,-0.47988250851631165,0.561039924621582,0.49401962757110596,-1.9834429025650024,-0.387612909078598,2.414044141769409,1.0383151769638062,-0.00041303480975329876,-0.0009395937668159604,0.0002892411721404642,-0.0005044128047302365,-0.0010571908205747604,0.003020722884684801,0.0010067251278087497,0.6008729934692383,-1.2445234460756183e-05,0.09333562105894089,-0.0013167135184630752,0.9998424053192139,0.00010589987505227327,-0.01769931986927986,3.266963176429272e-05,7.086216646712273e-05,0.03239457309246063,-0.0004271555517334491,-0.00030360076925717294,0.9999991655349731,-0.0010996147757396102,0.0011712083360180259,-0.016796356067061424,0.07586837559938431,-0.0004847208329010755,-0.021521082147955894,-0.0009618494659662247,-0.0015175354201346636,0.016996072605252266,-0.07581771165132523,-0.002884325571358204,0.0216844379901886,0.0011210235534235835,0.000863492488861084,-1.0749978173407726e-05,0.02498508244752884,0.00400645611807704,0.004019468557089567,5.104943738842849e-06,7.265014573931694e-06,,,,,2.0279646686339037,,,,,,,,,1320,0.8333333333333334
11.8416666666674,retreat,11.84166728425771,13.39510671125621,14.044245332479479,-0.24276971817016602,0.0008843485943543783,1.9706010022023004,0.05772337317466736,0.10467831195095843,1.6425378322601318,0.031045198440551758,4.538827419281006,-0.0222776743612485,49,1.4455921649932861,0.07326574623584747,0.25084829330444336,0.03360448032617569,-0.00958142412127927,-14.181551407190847,-0.15007205307483673,-0.05323566496372223,-1.6348011493682861,-0.0003382119466550648,-0.031041014939546585,-0.00038125523133203387,0.00018848537001758814,0.017194652929902077,-0.00021926149202045053,0.9998521208763123,-0.0016308261547237635,0.0010778566356748343,0.00020739296451210976,0.33599525690078735,0.308566689491272,0.024638580158352852,-0.47987884283065796,0.5610367655754089,0.4940120577812195,-1.983456015586853,-0.38761281967163086,2.414012908935547,1.0383151769638062,0.0011587117332965136,0.00027983784093521535,-0.0020923560950905085,-0.0021830773912370205,-0.0001744108449202031,-0.001807326334528625,0.00011532958160387352,0.6008601784706116,-1.5317011275328696e-05,0.09332894533872604,-0.0013107506092637777,0.99984210729599,0.00010630091128405184,-0.017720350995659828,4.4911052100360394e-05,6.859041604911909e-05,0.03239186853170395,-0.0005260620382614434,-0.00031339225824922323,0.9999991655349731,-0.001086161588318646,-0.06311631947755814,-0.02905511111021042,-1.4439213275909424,-0.000958396471105516,-0.07324537634849548,-0.0014372728765010834,-0.011915583163499832,0.025259464979171753,1.4453223943710327,-0.00501319020986557,0.06418686360120773,0.0017870687879621983,0.0008596181869506836,-1.1123500371468253e-05,0.024985212832689285,0.004006456583738327,0.004019598476588726,5.037745722802356e-06,7.170718163251877e-06,,,,,2.0279646686339037,,,,,,,,,1320,0.8416666666666667
11.85000000000074,retreat,11.85000061802566,13.377180237770082,14.042028784751894,-0.24133920669555664,0.0021188784558034968,1.977045904327251,0.04876101593254134,0.11190581936148891,0.7915242314338684,0.023773185908794403,4.239356517791748,-0.024241091523435898,54,0.5291706919670105,0.026450062170624733,0.31286269426345825,0.05916232243180275,-0.00718482886441052,-14.179783744621455,0.31748080253601074,0.06855251640081406,0.7218151092529297,-0.00045559240970760584,-0.02376709319651127,-0.00028653620393015444,0.00016557468916289508,0.01725086010992527,-0.00022048497339710593,0.9998510479927063,0.0014335924061015248,0.0005196579149924219,0.0014640877489000559,0.2644108533859253,0.2915151119232178,0.021645888686180115,-0.47987741231918335,0.5610367655754089,0.49400848150253296,-1.9834586381912231,-0.3876202404499054,2.414071798324585,1.0383151769638062,0.0001564697886351496,-0.00039838385418988764,-0.0004002390196546912,-0.00040628426359035075,-0.0010170800378546119,0.00910585280507803,0.0012257680064067245,0.6008715629577637,-1.3671800843439996e-05,0.0933321937918663,-0.0013150284066796303,0.9998425841331482,0.00010854777792701498,-0.01769299991428852,3.322749398648739e-05,6.927661888767034e-05,0.032393258064985275,-0.00044246125617064536,-0.0002928644244093448,0.9999991059303284,-0.001089580706320703,-0.06231589987874031,0.023469464853405952,0.5249643325805664,0.005575229413807392,0.025668976828455925,0.003102617571130395,-0.08084648847579956,-0.022107355296611786,-0.5224909782409668,0.008820092305541039,-0.03467823565006256,-0.0035028443671762943,0.000862419605255127,-1.1165422620251775e-05,0.024985119700431824,0.004006439354270697,0.004019707441329956,5.152262929186691e-06,7.3294504545629025e-06,,,,,2.0279646686339037,,,,,,,,,1320,0.85
11.85833333333408,retreat,11.858333951793611,13.359031073571433,14.043354988098146,-0.24259090423583984,0.0017208844838023651,1.9753623443148083,0.0476030727440957,0.09691328065893987,1.1506071090698242,0.03308163955807686,4.618062496185303,-0.02246768053737469,55,0.9876052737236023,0.09391077607870102,0.2439960390329361,0.0577164925634861,-0.008479549258481711,-14.18099268877503,-0.20710518956184387,-0.0077103376388549805,-1.1317882537841797,-2.4837616365402937e-05,-0.03307917341589928,-0.0004032860160805285,0.00016482264618389308,0.01723579689860344,-0.0002235403808299452,0.9998514652252197,-0.0006811809143982828,0.00025732419453561306,0.0005423398688435555,0.26651471853256226,0.27580663561820984,-0.055274154990911484,-0.4798765778541565,0.5610352158546448,0.4940076768398285,-1.9834586381912231,-0.3876214623451233,2.414071798324585,1.0383151769638062,0.0006336519727483392,0.00014738044410478324,-0.0009911692468449473,-0.0012019678251817822,0.0001837968302424997,-0.002036590129137039,-6.004874376230873e-05,0.6008718609809875,-1.3906130334362388e-05,0.09333281219005585,-0.0013140183873474598,0.9998425245285034,0.0001089987563318573,-0.017692361027002335,3.1705829314887524e-05,6.93791953381151e-05,0.032395247370004654,-0.0004568912263493985,-0.00029247166821733117,0.9999992251396179,-0.0010855242144316435,-0.022391390055418015,0.018128562718629837,-0.9871849417686462,-0.013738793320953846,-0.09282563626766205,-0.0037257240619510412,0.012551801279187202,-0.020724566653370857,0.987308144569397,-0.010927895084023476,0.08960913121700287,0.004352328833192587,0.0008616447448730469,-1.1317401913402136e-05,0.024985142052173615,0.004006429109722376,0.0040197670459747314,5.13340501129278e-06,7.309863576665521e-06,,,,,2.0279646686339037,,,,,,,,,1320,0.8583333333333333
11.86666666666742,retreat,11.866667285561562,13.3406599918919,14.044465124607088,-0.24306774139404297,0.0018110109749613912,1.9766499015123953,0.05224240885581821,0.10467831195095843,0.06820652633905411,0.03086140751838684,4.575979709625244,-0.023671065719099715,56,0.15322141349315643,0.008678003214299679,0.08970072865486145,0.02105906791985035,-0.008835378759613377,-14.182192503070567,-0.06448443233966827,0.0019239634275436401,-0.022140152752399445,0.00010653713979991153,-0.030857853591442108,-0.00045605411287397146,0.0001659937552176416,0.017247309908270836,-0.00021644635125994682,0.9998511672019958,-0.00035149697214365005,0.0003730200114659965,0.0009275650372728705,0.2605157494544983,0.30432260036468506,-0.06083349511027336,-0.47987279295921326,0.5610352158546448,0.4940020442008972,-1.9834709167480469,-0.38762137293815613,2.414071798324585,1.0383151769638062,0.00012717956269625574,-0.00037094063009135425,-0.0003921324969269335,-0.0012000440619885921,-0.00020303901692386717,0.0018389906035736203,0.0006558128516189754,0.60086590051651,-1.3774915714748204e-05,0.093327596783638,-0.0013130019651725888,0.9998424649238586,0.00010988885333063081,-0.017698878422379494,3.746326547116041e-05,6.934368866495788e-05,0.03239096328616142,-0.00045189308002591133,-0.0002946543972939253,0.9999991655349731,-0.0010915616294369102,0.12368621677160263,-0.011665934696793556,-0.08967956900596619,0.002776686567813158,0.007842767983675003,0.0024675377644598484,0.1267806887626648,0.011463708244264126,0.08527626097202301,0.0010075451573356986,0.010035297833383083,-0.002487468533217907,0.0008622407913208008,-1.0963854037981946e-05,0.02498512715101242,0.004006421659141779,0.004019849002361298,5.143907401361503e-06,7.315858965739608e-06,,,,,2.0279646686339037,,,,,,,,,1320,0.8666666666666667
11.87500000000076,retreat,11.875000619329512,13.322067765963128,14.041291177272798,-0.24145841598510742,0.002076848886645166,1.9771448926428368,0.050483213271945715,0.09691328065893987,0.17002645134925842,0.030199594795703888,4.551185607910156,-0.024304425096488558,59,0.20202741026878357,0.023682668805122375,0.034829024225473404,0.004049247596412897,-0.007240632447064854,-14.179053031630025,-0.032221026718616486,-0.026386968791484833,-0.1648469865322113,0.00030644802609458566,-0.030194250866770744,-0.0004784017219208181,0.00017272643162868917,0.01725146360695362,-0.00021145546634215862,0.9998511672019958,0.0007317110430449247,0.0001696218241704628,0.0010892180725932121,0.270766019821167,0.23571822047233582,-0.05286727845668793,-0.47987815737724304,0.5610237717628479,0.4940098822116852,-1.9834709167480469,-0.3876269459724426,2.414071798324585,1.0383151769638062,-0.00018141220789402723,-0.00071006512735039,-2.962510370707605e-05,-0.0008775299065746367,-0.0006927776266820729,0.0014097292441874743,0.0007772507960908115,0.6008687615394592,-1.3790355296805501e-05,0.09333480894565582,-0.0013104105601087213,0.9998425841331482,0.00011267360241618007,-0.017692353576421738,3.593228757381439e-05,6.890190707053989e-05,0.03239503875374794,-0.00044122012332081795,-0.00030422158306464553,0.9999992251396179,-0.0010937940096482635,0.04062545299530029,-0.020098771899938583,-0.1968773454427719,-0.0013051817659288645,-0.023610524833202362,-0.0013070690911263227,0.04756183549761772,0.019594622775912285,0.19536885619163513,-0.004151736851781607,0.02948194183409214,0.001528533292002976,0.000862419605255127,-1.0720188583945855e-05,0.024985119700431824,0.004006421193480492,0.004019881598651409,5.067566235084087e-06,7.210473995655775e-06,,,,,2.0279646686339037,,,,,,,,,1320,0.875
11.8833333333341,retreat,11.883333953097463,13.303255169016754,14.044133573770525,-0.24276971817016602,0.0010805638339661527,1.9691107226616789,0.05483415225171484,0.10467831195095843,1.2391945123672485,0.028793957084417343,4.393275260925293,-0.02284769834659528,49,1.1326957941055298,0.051594071090221405,0.12567032873630524,0.008807824924588203,-0.010445249092299491,-14.181335850790388,-0.006816263310611248,0.007254540920257568,-1.239154577255249,-0.0006809008773416281,-0.0287835244089365,-0.0003701229579746723,0.00018518397700972855,0.01718141883611679,-0.00021464613382704556,0.9998522996902466,-0.001242525177076459,0.0007560825906693935,0.0005055656074546278,0.29825225472450256,0.3258376717567444,0.025520574301481247,-0.47987574338912964,0.5610215663909912,0.49400365352630615,-1.9834849834442139,-0.38762685656547546,2.414071798324585,1.0383151769638062,0.0009544015629217029,0.0002764532982837409,-0.0016047853277996182,-0.0018438179977238178,-9.837163815973327e-05,0.0011745126685127616,0.0003477067803032696,0.6008622646331787,-1.4952820492908359e-05,0.09332998842000961,-0.0013088075211271644,0.9998424649238586,0.00011291140981484205,-0.017698943614959717,4.147167783230543e-05,6.862741429358721e-05,0.032392874360084534,-0.0005178854917176068,-0.00031673815101385117,0.9999991655349731,-0.0010887854732573032,-0.09743110090494156,0.007375720888376236,-1.1284735202789307,-0.0013540299842134118,-0.05157569423317909,-0.00025053450372070074,-0.057429101318120956,-0.010351131670176983,1.1311917304992676,-0.00020855118054896593,0.037546321749687195,0.0003632527368608862,0.0008589625358581543,-1.0889807526837103e-05,0.024985242635011673,0.004006414208561182,0.004019998013973236,4.97507562613464e-06,7.0758978836238384e-06,,,,,2.0279646686339037,,,,,,,,,1320,0.8833333333333333
11.89166666666744,retreat,11.891667286865413,13.284222974284422,14.042438566684725,-0.24139881134033203,0.0020504162421275396,1.9746686966868454,0.04851815174333751,0.11190581936148891,0.33039748668670654,0.02570176310837269,4.334529399871826,-0.024241091523435898,55,0.15559199452400208,0.0034821315202862024,0.18332405388355255,0.030302459374070168,-0.008072805474512279,-14.180027955083778,0.1931999772787094,0.04227247089147568,0.2646682858467102,-0.00022585896658711135,-0.025698240846395493,-0.0003605760575737804,0.00017457451031077653,0.017230136319994926,-0.0002128631604136899,0.9998514652252197,0.0008781522046774626,0.0005360773648135364,0.0012156844604760408,0.2726295590400696,0.29056185483932495,0.026973748579621315,-0.4798755347728729,0.5610215663909912,0.4940013885498047,-1.9834849834442139,-0.38763248920440674,2.4141082763671875,1.0383151769638062,0.00030147156212478876,-0.00017140073759946972,-0.0004869347030762583,-0.0005571958608925343,-0.0009042331948876381,0.006462568417191505,0.0011539426632225513,0.6008701324462891,-1.4493198250420392e-05,0.09333264082670212,-0.0013109244173392653,0.9998427033424377,0.00011431588063715026,-0.01768111251294613,3.385718446224928e-05,6.825398304499686e-05,0.03239405155181885,-0.0004513152234721929,-0.00030767027055844665,0.9999991059303284,-0.0010928440606221557,-0.05281461775302887,0.019551992416381836,0.1450420767068863,-0.0007437794702127576,-0.003131651086732745,0.0013284552842378616,-0.05790628120303154,-0.019186805933713913,-0.14313483238220215,0.00202360562980175,-0.004499074537307024,-0.001408398267813027,0.0008614063262939453,-1.0791974091262091e-05,0.02498515695333481,0.004006406292319298,0.004020015709102154,5.043433702667244e-06,7.172842742875218e-06,,,,,2.0279646686339037,,,,,,,,,1320,0.8916666666666666
11.90000000000078,retreat,11.900000620633364,13.264971954997769,14.04354125261307,-0.24235248565673828,0.0018049672689812724,1.9737765059719299,0.04817205626750365,0.11190581936148891,0.9905797839164734,0.031042184680700302,4.486481666564941,-0.02246768053737469,55,0.8831570148468018,0.07220487296581268,0.16162411868572235,0.036856453865766525,-0.008638687781058252,-14.181068500258629,-0.129693403840065,0.021474413573741913,-0.9818180799484253,-0.00016428233357146382,-0.031039085239171982,-0.00040668286965228617,0.00016586239507887512,0.01722201332449913,-0.0002189541410189122,0.9998515844345093,-0.0005973351653665304,0.0005220068851485848,0.0006133535644039512,0.27465030550956726,0.28694361448287964,0.012277728877961636,-0.47987356781959534,0.5610215663909912,0.49399998784065247,-1.9834849834442139,-0.3876338601112366,2.4141082763671875,1.0383151769638062,0.0006497232825495303,0.00028922726050950587,-0.0008506202721036971,-0.001143338973633945,0.00010541330993873999,-0.0004932102165184915,0.0002637958386912942,0.6008699536323547,-1.4315970474854112e-05,0.09333238750696182,-0.0013103322125971317,0.9998427033424377,0.00011501739936647937,-0.017681267112493515,3.3122836612164974e-05,6.863963790237904e-05,0.032394926995038986,-0.00045958024566061795,-0.0002995305403601378,0.9999991059303284,-0.0010863051284104586,-0.028520669788122177,0.030801063403487206,-0.8821588158607483,-0.011229464784264565,-0.07129326462745667,-0.002171020954847336,0.002693561837077141,-0.03311670944094658,0.8825313448905945,-0.006650483701378107,0.0671943798661232,0.002586557762697339,0.0008609890937805176,-1.1088906830991618e-05,0.024985171854496002,0.0040063983760774136,0.004020075313746929,5.0126818678108975e-06,7.1341346483677626e-06,,,,,2.0279646686339037,,,,,,,,,1320,0.9
11.90833333333412,retreat,11.908333954401314,13.245502884388438,14.044040441513063,-0.24259090423583984,0.002017182396230055,1.9752632667040666,0.04722127050627023,0.10467831195095843,0.13747338950634003,0.0302006583660841,4.552793502807617,-0.023671065719099715,56,0.20432554185390472,0.003758426755666733,0.07065445929765701,0.014305995777249336,-0.008845192060107365,-14.18167124147551,-0.04686113819479942,0.00344201922416687,-0.12919411063194275,0.00012445446918718517,-0.03019668534398079,-0.0004737296258099377,0.00016733336087781936,0.01723542809486389,-0.00021093773830216378,0.9998514652252197,-0.00016313153901137412,0.00047462322982028127,0.0009129038080573082,0.2664245069026947,0.30168846249580383,0.003952846862375736,-0.47987067699432373,0.5610215663909912,0.49399569630622864,-1.9834849834442139,-0.3876347243785858,2.4141082763671875,1.0383151769638062,0.0002225739590357989,-0.00014979654224589467,-0.00032746457145549357,-0.001003607059828937,-0.0004356875142548233,0.0019312226213514805,0.000926084176171571,0.6008697748184204,-1.544233236927539e-05,0.09333166480064392,-0.0013088936684653163,0.9998427033424377,0.0001150504031102173,-0.017681684345006943,3.308278974145651e-05,6.72072492307052e-05,0.032394714653491974,-0.00044658349361270666,-0.0003011693770531565,0.9999991655349731,-0.0010928541887551546,0.08747491240501404,-0.0039567966014146805,-0.1846114993095398,-0.0005485736182890832,-0.003406935604289174,0.0014891704777255654,0.09394700080156326,0.003498511854559183,0.18141292035579681,-0.001162911532446742,0.01605372317135334,-0.0014129972551018,0.0008616447448730469,-1.068952406058088e-05,0.02498514950275421,0.004006396979093552,0.004020099062472582,5.051407697465038e-06,7.186346920207143e-06,,,,,2.0279646686339037,,,,,,,,,1320,0.9083333333333333
11.91666666666746,retreat,11.916667288169265,13.22581653568807,14.043302834033968,-0.24235248565673828,0.0020028087419632357,1.9744704669097122,0.04788269507116638,0.10467831195095843,0.5712117552757263,0.030690385028719902,4.516440391540527,-0.023671065719099715,56,0.5472262501716614,0.03175130486488342,0.03682292252779007,0.0069609517231583595,-0.008283375791506842,-14.180878415805202,-0.09294726699590683,0.0450940877199173,-0.5617919564247131,-0.00029741047183051705,-0.03068644180893898,-0.0003919550508726388,0.0001695460668997839,0.0172278992831707,-0.00021532962273340672,0.9998515844345093,-0.0002996884868480265,0.0005337130278348923,0.0008031693287193775,0.2639181315898895,0.28114116191864014,-0.021021446213126183,-0.47987180948257446,0.5610215663909912,0.49399814009666443,-1.9834849834442139,-0.387635737657547,2.4141082763671875,1.0383151769638062,0.00011661439930321649,-0.00011526752496138215,-8.938685641624033e-05,-0.0013558254577219486,0.00013979455980006605,0.0007033561123535037,0.0005126500618644059,0.6008699536323547,-1.45078229252249e-05,0.09333205968141556,-0.001309303566813469,0.9998427033424377,0.00011581611761357635,-0.017681296914815903,3.31047922372818e-05,6.818096153438091e-05,0.03239436447620392,-0.0004537291533779353,-0.0003040679730474949,0.9999991655349731,-0.0010888203978538513,0.043689798563718796,0.034885063767433167,-0.5443627238273621,-0.006421554367989302,-0.03107435815036297,-0.0011371772270649672,0.06291617453098297,-0.0362958200275898,0.5423844456672668,-0.001310701947659254,0.037400584667921066,0.001280270516872406,0.0008612871170043945,-1.0910928722296376e-05,0.02498515695333481,0.004006389528512955,0.004020186606794596,5.105711807118496e-06,7.260648999363184e-06,,,,,2.0279646686339037,,,,,,,,,1320,0.9166666666666666
11.9250000000008,retreat,11.925000621937215,13.205913682128305,14.043567329645159,-0.2422928810119629,0.0020770880837517325,1.9737765059719299,0.05212003452470526,0.10467831195095843,0.45885953307151794,0.03022726997733116,4.516900539398193,-0.023671065719099715,56,0.46400168538093567,0.019939811900258064,0.008619336411356926,0.00496226642280817,-0.008766887098317966,-14.181094577290718,-0.0640878975391388,-0.0087038055062294,-0.4542786180973053,0.00017424770339857787,-0.030223045498132706,-0.00047430244740098715,0.00017507598386146128,0.017222465947270393,-0.00020512507762759924,0.9998515844345093,-0.0004120347439311445,0.00036300098872743547,0.0008329990087077022,0.2577598989009857,0.29001671075820923,-0.03190460801124573,-0.4798727333545685,0.5610215663909912,0.49400004744529724,-1.9834941625595093,-0.3876391053199768,2.4141082763671875,1.0383151769638062,0.00011312175774946809,-0.00024131499230861664,-0.00019196441280655563,-0.0014653821708634496,-0.0005232007242739201,0.0011960758129134774,0.001040192088112235,0.6008658409118652,-1.3281183782964945e-05,0.09332913160324097,-0.001308812410570681,0.9998427033424377,0.00011852833267766982,-0.01768512837588787,3.742834087461233e-05,6.929242226760834e-05,0.03239157050848007,-0.0004630002658814192,-0.0003124733630102128,0.9999991655349731,-0.0010983877582475543,0.051774024963378906,-0.0038491343148052692,-0.46108806133270264,-0.0034700704272836447,-0.019632836803793907,0.0003262275131419301,0.06804728507995605,0.0026589594781398773,0.4589771330356598,-0.004008520860224962,0.027129124850034714,-0.00011738271859940141,0.0008609890937805176,-1.0405494322185405e-05,0.024985168129205704,0.0040063937194645405,0.004020245745778084,5.1075239753117785e-06,7.267022738233209e-06,,,,,2.0279646686339037,,,,,,,,,1320,0.9249999999999999
11.93333333333414,retreat,11.933333955705166,13.185795096940783,14.041946828365328,-0.24139881134033203,0.0021756791284133215,1.9742722172369,0.049133479478769004,0.10467831195095843,0.28524601459503174,0.029001519083976746,4.470151901245117,-0.023671065719099715,56,0.3159574568271637,0.020206274464726448,0.047169044613838196,0.007388158235698938,-0.008032038022065535,-14.17950860212137,0.0008486825972795486,-0.05748424306511879,-0.27939242124557495,0.0006221406511031091,-0.028989531099796295,-0.0005550587666220963,0.00017849841970019042,0.017226796597242355,-0.00019879113824572414,0.9998515844345093,0.0003915380220860243,9.934126865118742e-05,0.0010189551394432783,0.2635766267776489,0.2577873170375824,-0.027654672041535378,-0.47987717390060425,0.5610118508338928,0.49400457739830017,-1.9834941625595093,-0.38764938712120056,2.4141082763671875,1.0383329391479492,2.6867477572523057e-05,-0.0005234436830505729,-0.0002511867496650666,-0.0010803648037835956,-0.0015128174563869834,0.001947945449501276,0.0015695360489189625,0.6008685231208801,-1.4771256246604025e-05,0.09333517402410507,-0.001304278732277453,0.9998427629470825,0.00011349975102348253,-0.017679225653409958,3.541551996022463e-05,6.742664845660329e-05,0.032396040856838226,-0.0004527712007984519,-0.00031090775155462325,0.9999991655349731,-0.0011002151295542717,0.018927020952105522,-0.043024513870477676,-0.3124416172504425,0.0013799667358398438,-0.020157262682914734,-0.00027205608785152435,0.02995322085916996,0.04221590608358383,0.31168854236602783,-0.004806205164641142,0.022900577634572983,0.0004991194000467658,0.0008612275123596191,-1.009182960842736e-05,0.02498515695333481,0.004006408154964447,0.00402033468708396,5.044496901973616e-06,7.17799412086606e-06,,,,,2.0279646686339037,,,,,,,,,1320,0.9333333333333333
11.94166666666748,retreat,11.941667289473116,13.165461553357146,14.044286310672762,-0.24259090423583984,0.0016911549209908117,1.9686137122089171,0.0545636321476195,0.11190581936148891,1.2294903993606567,0.027832087129354477,4.296110153198242,-0.02246768053737469,55,1.1359875202178955,0.05062739923596382,0.11074259877204895,0.008218926377594471,-0.009868131193798035,-14.181453970986825,0.0069292401894927025,0.05462878942489624,-1.2282565832138062,-0.0005008082371205091,-0.02782576158642769,-0.0003183053922839463,0.0001811268593883142,0.017176954075694084,-0.00021651407587341964,0.9998524188995361,-0.0012754013296216726,0.0006027237977832556,0.0005067179445177317,0.2662144601345062,0.32700932025909424,-0.012369413860142231,-0.47987449169158936,0.5610103011131287,0.49399882555007935,-1.9835094213485718,-0.3876512348651886,2.4141082763671875,1.0383329391479492,0.0009093579137697816,0.0004366119974292815,-0.001310853403992951,-0.001958082662895322,-0.00011430327867856249,0.0019007438095286489,0.0005735121085308492,0.6008611917495728,-1.5096782590262592e-05,0.09332933276891708,-0.0013022792991250753,0.999842643737793,0.00011516360245877877,-0.017686665058135986,4.190928302705288e-05,6.744639540556818e-05,0.03239233046770096,-0.0005100640119053423,-0.0003147856332361698,0.9999991059303284,-0.0010804255725815892,-0.10286311060190201,0.039116617292165756,-1.13064444065094,-0.0030227398965507746,-0.05052891746163368,-0.0009083344484679401,-0.06280282139778137,-0.04208465293049812,1.1334688663482666,0.002728592837229371,0.03571455553174019,0.0009138403693214059,0.0008587241172790527,-1.0979665603372268e-05,0.02498524636030197,0.004006402567028999,0.004020391963422298,5.076401066617109e-06,7.219292456284165e-06,,,,,2.0279646686339037,,,,,,,,,1320,0.9416666666666667
11.95000000000082,retreat,11.950000623241067,13.144913824609034,14.042028784751894,-0.24110078811645508,0.0017583274711796548,1.9741730849377412,0.04935186370857991,0.11190581936148891,0.3119330108165741,0.025323156267404556,4.303173065185547,-0.024114417101372965,50,0.13211534917354584,0.006050176452845335,0.18470200896263123,0.027518760412931442,-0.0077303373254835606,-14.179583653979943,0.1912144422531128,0.016893818974494934,0.2458736151456833,-0.00044276181142777205,-0.025314942002296448,-0.0004689963534474373,0.00018363208801019937,0.017225585877895355,-0.00019464665092527866,0.9998515844345093,0.001030424260534346,0.0005289530381560326,0.001239042030647397,0.2780822813510895,0.2756737470626831,-0.002987176412716508,-0.47987449169158936,0.5610103011131287,0.4940001368522644,-1.9835094213485718,-0.38766130805015564,2.4141459465026855,1.0383507013320923,0.0002488060563337058,-0.00012630959099624306,-0.0002631520910654217,-0.0004613524943124503,-0.0015375615330412984,0.006295875180512667,0.0017826120601966977,0.6008695960044861,-1.3030366972088814e-05,0.09333252161741257,-0.0013040159828960896,0.9998429417610168,0.00011062558041885495,-0.01766742579638958,3.378535620868206e-05,6.956400466151536e-05,0.03239349275827408,-0.000442185380961746,-0.0003132347483187914,0.9999991059303284,-0.0011040563695132732,-0.05352464318275452,0.005901910364627838,0.12064304202795029,-0.0016205619322136045,-0.005628237500786781,0.0015170222613960505,-0.05775246396660805,-0.0056020766496658325,-0.11869176477193832,-0.0008289411780424416,-0.0021045105531811714,-0.0014902279945090413,0.0008611679077148438,-9.889046850730665e-06,0.024985164403915405,0.004006413742899895,0.0040204329416155815,5.127772965352051e-06,7.294293027371168e-06,,,,,2.0279646686339037,,,,,,,,,1320,0.95
11.95833333333416,retreat,11.958333957009017,13.124152683928088,14.043325185775759,-0.24199485778808594,0.0014857455425953958,1.972487073886,0.048841531679499894,0.09691328065893987,1.1389471292495728,0.030715854838490486,4.458853244781494,-0.022404345145332627,55,1.01975417137146,0.07431285083293915,0.17772680521011353,0.03938993439078331,-0.008576045773224905,-14.180762624894252,-0.13905762135982513,-0.03813890740275383,-1.1297826766967773,0.0003680190711747855,-0.03070932626724243,-0.0005153348902240396,0.00017901572573464364,0.01721108704805374,-0.000204253796255216,0.9998518228530884,-0.0006550537655130029,-0.0012156810844317079,0.00055293133482337,0.2466530054807663,0.28149884939193726,0.0029052519239485264,-0.4798731803894043,0.5610103011131287,0.4939996302127838,-1.9835094213485718,-0.3876672089099884,2.4141459465026855,1.0383507013320923,0.0007901585777290165,0.00034021626925095916,-0.0010647702729329467,-0.0010750837391242385,-0.0008168468484655023,-0.001106487587094307,0.0008552689105272293,0.6008695960044861,-1.2877397239208221e-05,0.093332439661026,-0.0013022078201174736,0.9998430609703064,0.00011321602505631745,-0.017667077481746674,3.291224129498005e-05,6.98726435075514e-05,0.032394759356975555,-0.0004563272523228079,-0.0003109895915258676,0.9999992251396179,-0.0010926815448328853,-0.0330144539475441,-0.009729091078042984,-1.0191731452941895,-0.007180061656981707,-0.0739101693034172,-0.002852007281035185,0.003010675311088562,0.007070211693644524,1.0197246074676514,-0.008420702069997787,0.0691642314195633,0.0033334060572087765,0.0008604526519775391,-1.0365229172748514e-05,0.024985186755657196,0.004006416071206331,0.004019282292574644,5.197811333346181e-06,7.398310117423534e-06,,,,,2.0279646686339037,,,,,,,,,1320,0.9583333333333334
11.9666666666675,retreat,11.966667290776968,13.103178904545949,14.044021815061571,-0.24247169494628906,0.0016510898603883106,1.9744704669097122,0.047514262405456975,0.08846931922527276,0.20116259157657623,0.02968871407210827,4.486313819885254,-0.023037706341710873,56,0.2704164683818817,0.005147977732121944,0.07549361139535904,0.015835700556635857,-0.008578114095143974,-14.181597396832805,-0.05370591580867767,-0.02784813940525055,-0.19185031950473785,0.0004617538652382791,-0.02967979572713375,-0.0005623319302685559,0.00017647336062509567,0.01722836121916771,-0.0002016214421018958,0.9998515844345093,-0.00021684514649678022,-0.001865762285888195,0.0008402569801546633,0.2514655292034149,0.2956545948982239,-0.011024286039173603,-0.4798690378665924,0.5610103011131287,0.4939950108528137,-1.9835094213485718,-0.3876732587814331,2.4141459465026855,1.0383507013320923,0.00035158207174390554,-0.00014890173042658716,-0.0006035714177414775,-0.0009692314197309315,-0.0010612793266773224,0.0016965088434517384,0.0012859951239079237,0.6008694767951965,-1.4097793609835207e-05,0.09333185851573944,-0.001299139461480081,0.9998430609703064,0.00011550253111636266,-0.017667023465037346,3.255566116422415e-05,6.82859099470079e-05,0.0323948860168457,-0.0004389967361930758,-0.0003107476222794503,0.9999992847442627,-0.0010922497604042292,0.09603387862443924,-0.03199777752161026,-0.25075626373291016,0.004863504786044359,-0.0001286744954995811,0.0016826887149363756,0.1048269271850586,0.031373851001262665,0.24728944897651672,0.00019557075574994087,0.01401486061513424,-0.0016618884401395917,0.0008612871170043945,-1.023159347823821e-05,0.024985160678625107,0.004006418865174055,0.004019321873784065,4.600742613547482e-06,6.541493348777294e-06,,,,,2.0279646686339037,,,,,,,,,1320,0.9666666666666667
11.97500000000084,retreat,11.975000624544919,13.081993259694256,14.043328911066057,-0.2422332763671875,0.0013145504453859758,1.9732806702277519,0.04840922701987438,0.09691328065893987,0.6689718961715698,0.03058280609548092,4.513120651245117,-0.023671065719099715,56,0.6419846415519714,0.03064887970685959,0.042026448994874954,0.0073875305242836475,-0.008255789522081614,-14.180821623920902,-0.10744570940732956,0.029154270887374878,-0.6596429944038391,-5.152644735062495e-05,-0.030578872188925743,-0.00048776809126138687,0.00017415027832612395,0.01721787452697754,-0.00020750811381731182,0.9998517036437988,-0.00039483432192355394,-0.00011363759404048324,0.0008058843668550253,0.2581259608268738,0.27945926785469055,-0.034712545573711395,-0.4798700511455536,0.5610097050666809,0.49399533867836,-1.9835114479064941,-0.3876761794090271,2.4141459465026855,1.0383507013320923,0.0002453012275509536,-0.00012596463784575462,-0.0004096536140423268,-0.0014001330127939582,-0.0001599216484464705,0.00043735120561905205,0.0006040650769136846,0.6008686423301697,-1.4348348486237228e-05,0.0933312252163887,-0.0012982923071831465,0.9998430609703064,0.00011659626034088433,-0.01766766421496868,3.362237475812435e-05,6.831257633166388e-05,0.032393522560596466,-0.0004501225193962455,-0.0003093885607086122,0.9999992251396179,-0.0010855394648388028,0.05111640319228172,0.01582483761012554,-0.6397507190704346,-0.0028064227662980556,-0.030493924394249916,-0.0012642762158066034,0.07368990778923035,-0.017468784004449844,0.637502133846283,-0.00043883081525564194,0.03789640963077545,0.0013759132707491517,0.000860750675201416,-1.0523791388550308e-05,0.0249851755797863,0.004006408620625734,0.004019359592348337,5.398767825681716e-06,7.682363502681255e-06,,,,,2.0279646686339037,,,,,,,,,1320,0.975
11.98333333333418,retreat,11.983333958312869,13.060596522604653,14.043064415454866,-0.24205446243286133,0.001546341536595719,1.9732806702277519,0.04988499131286517,0.10467831195095843,0.44629380106925964,0.029982494190335274,4.515675067901611,-0.02360772850806825,56,0.46649715304374695,0.015509740449488163,0.0246447641402483,0.0056400909088552,-0.00813317095162347,-14.180557128309712,-0.06716170907020569,0.019236065447330475,-0.4407918155193329,8.326830720761791e-05,-0.029977865517139435,-0.0005201374879106879,0.00017635415133554488,0.017217714339494705,-0.00020188522466924042,0.999851644039154,-0.0001840920012909919,0.0009143605129793286,0.000914841191843152,0.2981674075126648,0.2768677771091461,-0.025559106841683388,-0.4798721373081207,0.5610085725784302,0.4939981698989868,-1.9835155010223389,-0.38767850399017334,2.4141459465026855,1.0383507013320923,1.608452294021845e-05,-0.00032831321004778147,-0.00010707555338740349,-0.0014856051420792937,-0.00028060292243026197,0.0013791931560263038,0.0008574938983656466,0.6008672714233398,-1.3745375326834619e-05,0.09333086758852005,-0.0012978800805285573,0.9998430609703064,0.00011816140613518655,-0.017668504267930984,3.520341124385595e-05,6.865405885037035e-05,0.032392848283052444,-0.00045112171210348606,-0.00031324964947998524,0.9999991655349731,-0.0010906839743256569,0.06472417712211609,0.009474659338593483,-0.46188807487487793,-0.0029063860420137644,-0.01522796880453825,0.00046250311424955726,0.08100490272045135,-0.010653195902705193,0.45928680896759033,-0.0015261591179296374,0.024595210328698158,-0.0003491805400699377,0.000860750675201416,-1.0244584700558335e-05,0.024985171854496002,0.004006401170045137,0.004019472282379866,4.991582500224467e-06,7.100490620359778e-06,,,,,2.0279646686339037,,,,,,,,,1320,0.9833333333333333
11.99166666666752,retreat,11.99166729208082,13.038989466508777,14.042624831199648,-0.24175643920898438,0.0012139494174334686,1.9720901560046593,0.04955413896823302,0.11190581936148891,0.6273838877677917,0.029085995629429817,4.436750411987305,-0.023481057723984122,49,0.6207250356674194,0.027215665206313133,0.01095767691731453,0.0039334227330982685,-0.008511883206665516,-14.180034625102277,-0.036780860275030136,-0.019763484597206116,-0.6259928941726685,-0.00014797878975514323,-0.029080092906951904,-0.0005669632810167968,0.00018728779105003923,0.017208127304911613,-0.0001936232001753524,0.9998518228530884,-0.0001614649809198454,0.0011157229309901595,0.0008249307284131646,0.3265114724636078,0.270060271024704,0.031259432435035706,-0.479875385761261,0.5610024929046631,0.494002103805542,-1.9835188388824463,-0.3876841366291046,2.4141459465026855,1.0383507013320923,0.000156203648657538,-0.0003221685765311122,-0.0003966341901104897,-0.0015364649007096887,-0.0008312883437611163,0.0013873695861548185,0.0011400125222280622,0.600867509841919,-1.4256074791774154e-05,0.09333372861146927,-0.0012956305872648954,0.9998430013656616,0.0001205527369165793,-0.017666291445493698,3.52049246430397e-05,6.833375664427876e-05,0.03239525482058525,-0.0004585119313560426,-0.0003266693965997547,0.9999991059303284,-0.0010964608518406749,0.012288210913538933,-0.012788058258593082,-0.6204715967178345,-0.0019879930187016726,-0.027136268094182014,-0.0006027353811077774,0.034197673201560974,0.011186635121703148,0.6196813583374023,-0.0037750720512121916,0.028930604457855225,0.0008101489511318505,0.0008602738380432129,-9.84086909738835e-06,0.024985194206237793,0.004006402567028999,0.00401953374966979,5.047863396612229e-06,7.181748514994979e-06,,,,,2.0279646686339037,,,,,,,,,1320,0.9916666666666667
12.00000000000086,retreat,12.00000062584877,13.01717286463827,14.04383182525635,-0.2422332763671875,0.001747984697431093,1.9691107226616789,0.05570086796069518,0.11190581936148891,0.8828637003898621,0.027639709413051605,4.316954135894775,-0.022974369130679406,55,0.8507442474365234,0.03313255310058594,0.03347240388393402,0.00227370485663414,-0.009495016594883054,-14.181034102276213,0.016339970752596855,0.0342126190662384,-0.8820492029190063,-0.0001294428075198084,-0.02763572335243225,-0.00045112892985343933,0.0001781970786396414,0.01718149147927761,-0.0002057289966614917,0.9998522996902466,-0.0007856829324737191,0.0006280216621235013,0.0007014794973656535,0.2668225169181824,0.31464698910713196,0.02843252383172512,-0.47987374663352966,0.5610008239746094,0.4939998984336853,-1.9835340976715088,-0.3876873552799225,2.4141459465026855,1.0383507013320923,0.0005686745280399919,0.00012106937356293201,-0.0008757204632274806,-0.0018567194929346442,-0.00041647630860097706,0.0025526799727231264,0.0009284814004786313,0.6008605360984802,-1.2798889656551182e-05,0.09332874417304993,-0.0012942441971972585,0.9998429417610168,0.00012379215331748128,-0.01767294853925705,4.1995313949882984e-05,6.9155175879132e-05,0.032391250133514404,-0.0004918010672554374,-0.00032054263283498585,0.9999991059303284,-0.0010830804239958525,-0.05255083367228508,0.02446354553103447,-0.8487671613693237,-0.0029630158096551895,-0.03299974277615547,-5.969749327050522e-05,-0.022517062723636627,-0.02667183056473732,0.8500276207923889,0.0006264864932745695,0.025443701073527336,0.00010802521137520671,0.0008589625358581543,-1.0438014214741997e-05,0.024985238909721375,0.004006387200206518,0.004019647836685181,5.096560471429257e-06,7.250055205076933e-06,,,,,2.0279646686339037,,,,,,,,,1320,1.0
12.0083333333342,retreat,12.00833395961672,12.995147490224774,14.041417837142946,-0.2410411834716797,0.0019938966033805627,1.9723878519009561,0.048550795327173546,0.09691328065893987,0.19901423156261444,0.025745771825313568,4.315277099609375,-0.023671065719099715,55,0.21913833916187286,0.019796861335635185,0.11695175617933273,0.015976987779140472,-0.007940818455608678,-14.178848365479439,0.14320269227027893,-0.04891557991504669,-0.1292552351951599,0.0007006583618931472,-0.025728987529873848,-0.0006107454537414014,0.00018066733900923282,0.017210625112056732,-0.00018601775809656829,0.9998518824577332,0.0009125233045779169,2.0089562895009294e-05,0.0011456914944574237,0.2580518126487732,0.26518958806991577,-0.02430148236453533,-0.47987693548202515,0.5609959363937378,0.494003564119339,-1.9835340976715088,-0.3877016007900238,2.414180278778076,1.0383718013763428,0.0003445780021138489,-0.00023996958043426275,-0.0006238867645151913,-0.0006675804033875465,-0.0020195774268358946,0.004749498795717955,0.001958163222298026,0.6008694767951965,-1.2374875950627029e-05,0.09333465248346329,-0.0012934819096699357,0.9998432993888855,0.00011826011905213818,-0.017652537673711777,3.305263817310333e-05,6.929716619197279e-05,0.03239502012729645,-0.00044224908924661577,-0.0003178584738634527,0.9999992251396179,-0.0011020759120583534,-0.06517341732978821,-0.03682049363851547,-0.20595701038837433,0.00024014308291953057,-0.01979180984199047,0.00037721850094385445,-0.0578695684671402,0.036270126700401306,0.20822398364543915,-0.00507692014798522,0.01038278080523014,-0.00016799810691736639,0.0008603930473327637,-9.454980499867816e-06,0.024985186755657196,0.004006391856819391,0.004019750282168388,5.18628394274856e-06,7.378490408882499e-06,,,,,2.0279646686339037,,,,,,,,,1320,1.0083333333333333
12.01666666666754,retreat,12.016667293384671,12.972914116499929,14.04412239789963,-0.2422928810119629,0.001300803432968678,1.9687131243333196,0.05141302244737744,0.10467831195095843,1.3560283184051514,0.02981932833790779,4.432810306549072,-0.02246768053737469,55,1.2320679426193237,0.06751920282840729,0.17131145298480988,0.030627191066741943,-0.009038524411153048,-14.181296982254533,-0.11612141132354736,-0.010176211595535278,-1.3510088920593262,0.00022967351833358407,-0.02981349639594555,-0.0005432455218397081,0.00017887736612465233,0.017177818343043327,-0.00020184631284791976,0.9998523592948914,-0.0012018876150250435,0.00037324376171454787,0.00042483682045713067,0.2733214795589447,0.30713480710983276,-0.06033702939748764,-0.4798724055290222,0.5609949231147766,0.4939972460269928,-1.9835443496704102,-0.38770776987075806,2.414180278778076,1.0383718013763428,0.001060878741554916,0.0004672001814469695,-0.001607241458259523,-0.0015805443981662393,-0.0006085612694732845,-0.0003995876177214086,0.000701053359080106,0.6008645296096802,-1.3206081348471344e-05,0.09333045780658722,-0.0012899832800030708,0.999843180179596,0.00012130201503168792,-0.017657345160841942,3.7004705518484116e-05,6.892604869790375e-05,0.03239339590072632,-0.000479870883282274,-0.00031872937688603997,0.9999991655349731,-0.0010827364167198539,-0.050078317523002625,-0.0014988335315138102,-1.231048822402954,-0.003494076896458864,-0.0673922747373581,-0.0022171579767018557,-0.0065796859562397,-0.0016858840826898813,1.2320494651794434,-0.003556946525350213,0.060196295380592346,0.002502739429473877,0.0008587837219238281,-1.0244462828268297e-05,0.02498524636030197,0.004006384406238794,0.004019786138087511,5.0652961363084614e-06,7.207272574305534e-06,,,,,2.0279646686339037,,,,,,,,,1320,1.0166666666666666
12.02500000000088,retreat,12.025000627152622,12.950473516695375,14.042777568101885,-0.24116039276123047,0.0017353290786559228,1.9732806702277519,0.046623496018582955,0.11190581936148891,0.10552134364843369,0.02649405598640442,4.309323787689209,-0.02360772850806825,55,0.05994120240211487,0.007273688912391663,0.16398712992668152,0.028054464608430862,-0.007557900840765797,-14.18027028095673,0.08132164925336838,0.006898306310176849,0.06688763946294785,0.0003498941077850759,-0.026485102251172066,-0.0005932114436291158,0.0001785212371032685,0.017217762768268585,-0.0001925864489749074,0.999851644039154,0.0005380671937018633,0.0004133322509005666,0.0011168678756803274,0.2739880681037903,0.2751907706260681,-0.015453696250915527,-0.4798724055290222,0.5609949231147766,0.49399542808532715,-1.9835443496704102,-0.3877169191837311,2.41420841217041,1.0383816957473755,0.0003053854452446103,-0.00017727517115417868,-0.0005223201587796211,-0.0006761561962775886,-0.0011871373280882835,0.004412888549268246,0.0014454508200287819,0.600870668888092,-1.3204989954829216e-05,0.09333246201276779,-0.0012903023744001985,0.9998434782028198,0.00011922377598239109,-0.017643244937062263,3.111094702035189e-05,6.851613579783589e-05,0.03239424154162407,-0.0004258132539689541,-0.000316519639454782,0.9999991059303284,-0.0010923524387180805,0.03295619785785675,-0.011070008389651775,-0.04882920905947685,0.0033598283771425486,0.006137525662779808,0.0019871783442795277,0.03465630114078522,0.010953550226986408,0.04766455665230751,0.001692906953394413,-0.0013693524524569511,-0.0020543227437883615,0.000860750675201416,-9.781580047274474e-06,0.0249851755797863,0.004006379749625921,0.004019899759441614,5.046533260610886e-06,7.180904503911734e-06,,,,,2.0279646686339037,,,,,,,,,1320,1.025
12.03333333333422,retreat,12.033333960920572,12.927826464042754,14.043451845645906,-0.24193525314331055,0.0015255795915436465,1.9712960805800144,0.04785027704201639,0.10467831195095843,1.1042238473892212,0.0313744880259037,4.503178119659424,-0.022404345145332627,55,1.0032018423080444,0.05653957277536392,0.14617620408535004,0.03135528787970543,-0.007894004578702152,-14.180806332404627,-0.19613929092884064,0.011613093316555023,-1.0866024494171143,0.00015213291044346988,-0.03136896342039108,-0.0005688496748916805,0.0001774553384166211,0.017200546339154243,-0.000200192560441792,0.9998520016670227,-0.0007206563022918999,0.0004991665482521057,0.0005749957635998726,0.2800368070602417,0.274758517742157,0.013833084143698215,-0.47987228631973267,0.5609930753707886,0.49399542808532715,-1.9835492372512817,-0.3877193033695221,2.41420841217041,1.0383816957473755,0.0004669255868066102,8.264141069957986e-05,-0.0007154089980758727,-0.001487759524025023,5.429798329714686e-05,-0.0014727781526744366,0.0003438618441578001,0.6008687019348145,-1.2920936569571495e-05,0.09333157539367676,-0.0012890525395050645,0.999843418598175,0.0001209517358802259,-0.017644541338086128,3.2378360629081726e-05,6.892678356962278e-05,0.03239397704601288,-0.0004443284124135971,-0.0003170013951603323,0.9999991655349731,-0.001083487644791603,0.04332432895898819,0.016426971182227135,-1.0021313428878784,-0.00739617645740509,-0.05599221959710121,-0.002625127090141177,0.07865965366363525,-0.018993381410837173,0.9999332427978516,-0.004870587959885597,0.06227509304881096,0.002956636715680361,0.0008599162101745605,-1.0160763849853538e-05,0.02498520165681839,0.00400637136772275,0.004020010586827993,4.991336936654989e-06,7.103779353201389e-06,,,,,2.0279646686339037,,,,,,,,,1320,1.0333333333333332
12.04166666666756,retreat,12.041667294688523,12.904973731773705,14.043403416872026,-0.2421736717224121,0.0017692086657916661,1.97228862492622,0.04984197221347131,0.09691328065893987,0.3259962201118469,0.029445022344589233,4.473819255828857,-0.023037706341710873,56,0.39196258783340454,0.0036874390207231045,0.0743262991309166,0.016544094309210777,-0.00806850945809856,-14.180827034078579,-0.07306031137704849,-0.015061803162097931,-0.31734660267829895,0.0005176170379854739,-0.029433341696858406,-0.0006479091243818402,0.00017704327183309942,0.017209893092513084,-0.0001896536850836128,0.9998518824577332,-0.00018313256441615522,0.00033794104820117354,0.0009040942532010376,0.26807186007499695,0.28103289008140564,-0.013434250839054585,-0.4798724949359894,0.5609930753707886,0.4939959943294525,-1.9835549592971802,-0.38772493600845337,2.41420841217041,1.0383816957473755,5.638448055833578e-05,-0.00040801017894409597,-0.0002917126112151891,-0.0014335336163640022,-0.0005856280913576484,0.001432967372238636,0.001054483582265675,0.6008661985397339,-1.24684302136302e-05,0.09332957863807678,-0.001287618069909513,0.999843418598175,0.00012392977077979594,-0.0176467914134264,3.471551463007927e-05,6.903472967678681e-05,0.032391857355833054,-0.00043722763075493276,-0.0003197396290488541,0.9999992251396179,-0.001092544523999095,0.11079326272010803,-0.020003613084554672,-0.37544557452201843,0.0016022254712879658,0.0029888127464801073,0.0014481290709227324,0.12396907061338425,0.01907096989452839,0.3713523745536804,-0.0013148818397894502,0.013033054769039154,-0.0013774330727756023,0.0008603930473327637,-9.633625268179458e-06,0.024985190480947495,0.0040063741616904736,0.004020163789391518,5.054559096606681e-06,7.189752068370581e-06,,,,,2.0279646686339037,,,,,,,,,1320,1.0416666666666667
12.0500000000009,retreat,12.050000628456473,12.88191609311987,14.041902124881746,-0.24133920669555664,0.0018276437003805768,1.9712960805800144,0.04852636266150512,0.11190581936148891,0.6674340963363647,0.029435085132718086,4.477972030639648,-0.023671065719099715,56,0.6616365909576416,0.02668033540248871,0.016171691939234734,0.004903288558125496,-0.007660811592359096,-14.179256611640467,-0.07714608311653137,-0.03312142193317413,-0.662132740020752,0.0006202425574883819,-0.02942107990384102,-0.0006630193674936891,0.0001830518594942987,0.017200900241732597,-0.00018879790150094777,0.9998520016670227,3.700109664350748e-05,0.00017662154277786613,0.0008616220438852906,0.27195724844932556,0.25091060996055603,-0.028082087635993958,-0.4798770248889923,0.5609830617904663,0.4940025508403778,-1.9835563898086548,-0.38773056864738464,2.41420841217041,1.0383816957473755,3.7925245123915374e-05,-0.0005263590719550848,-0.00038436174509115517,-0.0015204668743535876,-0.0008072536438703537,0.000631778733804822,0.0010107752168551087,0.6008682250976562,-1.2326316209509969e-05,0.09333544224500656,-0.0012851407518610358,0.999843418598175,0.00012682242959272116,-0.01764172688126564,3.334961365908384e-05,6.896576815051958e-05,0.03239624947309494,-0.0004411673580761999,-0.00032860177452676,0.9999991059303284,-0.0010907717514783144,0.04182019084692001,-0.024866120889782906,-0.659845232963562,-0.0006598909967578948,-0.026641342788934708,-0.001282061799429357,0.06506717950105667,0.023185772821307182,0.6580209732055664,-0.004165818449109793,0.03270033374428749,0.0015101463068276644,0.0008599162101745605,-9.595931260264479e-06,0.02498520165681839,0.00400638347491622,0.0040202965028584,5.028025043429807e-06,7.153459591791034e-06,,,,,2.0279646686339037,,,,,,,,,1320,1.05
12.05833333333424,retreat,12.058333962224424,12.85865432131289,14.044353365898134,-0.24205446243286133,0.0013987223610456567,1.9652307090175616,0.05377715206122957,0.10467831195095843,1.295793056488037,0.02662534825503826,4.198836803436279,-0.022404345145332627,55,1.221509337425232,0.037756942212581635,0.0808221623301506,0.0005204940680414438,-0.009543824009597301,-14.181285400257513,0.0011641774326562881,-0.0033150389790534973,-1.295788288116455,0.0002800394140649587,-0.026617614552378654,-0.000577363243792206,0.0001854874863056466,0.017148369923233986,-0.00019382097525522113,0.9998529553413391,-0.0014236122369766235,0.0004081422812305391,0.000491970800794661,0.2716590464115143,0.3228410482406616,-0.013666974380612373,-0.4798741042613983,0.560980498790741,0.4939942955970764,-1.9835736751556396,-0.3877332806587219,2.41420841217041,1.0383816957473755,0.0009703441755846143,0.0002398899378022179,-0.0017164286691695452,-0.0022541768848896027,-0.0004828915698453784,0.0018414040096104145,0.0007808401715010405,0.6008601784706116,-1.426386006642133e-05,0.09332920610904694,-0.0012823051074519753,0.9998433589935303,0.00012768291344400495,-0.01764982007443905,4.106794949620962e-05,6.726442370563745e-05,0.0323922224342823,-0.0005018021911382675,-0.0003316919319331646,0.9999991655349731,-0.0010828623780980706,-0.07504087686538696,-0.004521505907177925,-1.2191938161849976,0.0003297923831269145,-0.03775534778833389,-0.0001083497772924602,-0.03196430206298828,0.0013781706802546978,1.2210900783538818,-0.00024290679721161723,0.02696431428194046,0.00019092496950179338,0.0008572936058044434,-9.848664376477245e-06,0.02498529851436615,0.004006387200206518,0.004020352382212877,5.024752681492828e-06,7.147958967834711e-06,,,,,2.0279646686339037,,,,,,,,,1320,1.0583333333333333
12.06666666666758,retreat,12.066667295992374,12.835189189584403,14.041741937398912,-0.24074316024780273,0.001394451373926131,1.9707996210295506,0.04825273936148733,0.09691328065893987,0.18120615184307098,0.02459496632218361,4.239541053771973,-0.023481057723984122,50,0.08958275616168976,0.004764091223478317,0.17895618081092834,0.026494257152080536,-0.007189663432654925,-14.179061845867468,0.16880175471305847,0.04636332392692566,0.04681962728500366,-0.00042683520587161183,-0.02458428591489792,-0.0005857374635525048,0.00017947341257240623,0.017196739092469215,-0.0001865497906692326,0.9998521208763123,0.0009440883877687156,0.0006001647561788559,0.0011882927501574159,0.2886900305747986,0.2656996548175812,0.002979678800329566,-0.4798741638660431,0.560980498790741,0.49399533867836,-1.9835736751556396,-0.38774344325065613,2.4142470359802246,1.038397192955017,0.0001946771371876821,-0.000275042635621503,-0.0003998363681603223,-0.0009105154895223677,-0.0011044590501114726,0.0062248664908111095,0.0014390709111467004,0.6008687019348145,-1.2459233403205872e-05,0.09333237260580063,-0.0012838327093049884,0.9998436570167542,0.0001239508856087923,-0.017630234360694885,3.261025995016098e-05,6.91759996698238e-05,0.032393019646406174,-0.00043382897274568677,-0.0003221668885089457,0.9999992251396179,-0.0010918264742940664,-0.04400119557976723,0.02175191417336464,-0.07493877410888672,-0.001230676774866879,-0.004524169489741325,0.0008449194137938321,-0.041327446699142456,-0.021956801414489746,0.07638726383447647,0.0018864001613110304,-0.0018272502347826958,-0.0009129248792305589,0.0008597373962402344,-9.48042725212872e-06,0.024985212832689285,0.0040063923224806786,0.004020421765744686,5.091932507639285e-06,7.243390427902341e-06,,,,,2.0279646686339037,,,,,,,,,1320,1.0666666666666667
12.07500000000092,retreat,12.075000629760325,12.811521471166055,14.04307931661606,-0.24187564849853516,0.0015771643120388035,1.9693094917349432,0.048466321459272876,0.10467831195095843,1.2979615926742554,0.030132731422781944,4.407602787017822,-0.021770987586933188,55,1.1798138618469238,0.07109791040420532,0.17617470026016235,0.03941798582673073,-0.007867291278671473,-14.180295437870095,-0.16606038808822632,-0.017648808658123016,-1.2871739864349365,0.0004861190100200474,-0.03012143075466156,-0.0006668228306807578,0.00017942262638825923,0.017183920368552208,-0.00019057278404943645,0.9998522996902466,-0.0007749289507046342,0.000295836478471756,0.0005343849188648164,0.2744380533695221,0.27018511295318604,-0.006512623280286789,-0.47987455129623413,0.5609771609306335,0.4939964711666107,-1.9835786819458008,-0.38774794340133667,2.4142470359802246,1.038397192955017,0.0006452162633650005,0.00015460130816791207,-0.0010318964486941695,-0.0015713631873950362,-0.0003489174123387784,-0.0012276184279471636,0.000599719409365207,0.6008673310279846,-1.2033546227030456e-05,0.09333262592554092,-0.0012819605180993676,0.9998436570167542,0.00012660295760724694,-0.017630403861403465,3.2915384508669376e-05,6.929898518137634e-05,0.03239459916949272,-0.0004468208644539118,-0.00032464685500599444,0.9999991655349731,-0.00108588975854218,-0.012988929636776447,0.0026054626796394587,-1.1797394752502441,-0.009211719036102295,-0.07044848799705505,-0.002658435143530369,0.028612151741981506,-0.005628341808915138,1.1794536113739014,-0.008668631315231323,0.06860122829675674,0.003142557106912136,0.0008590817451477051,-9.681391929916572e-06,0.024985231459140778,0.004006400238722563,0.004020419903099537,5.009240339859389e-06,7.130671292543411e-06,,,,,2.0279646686339037,,,,,,,,,1320,1.075
12.08333333333426,retreat,12.083333963528275,12.78765193928948,14.043682813644411,-0.24181604385375977,0.0014541915334120858,1.9697069697300087,0.05300542761688121,0.08846931922527276,0.45641782879829407,0.027403919026255608,4.317107677459717,-0.023037706341710873,56,0.5114054083824158,0.004020755644887686,0.0791705921292305,0.019127629697322845,-0.008427075867075473,-14.180926619172302,-0.010114384815096855,-0.02723708003759384,-0.45549213886260986,0.0006972263217903674,-0.027385899797081947,-0.0007079560309648514,0.00018031154468189925,0.0171869695186615,-0.00018638046458363533,0.9998522996902466,-0.00035463389940559864,-0.001783115672878921,0.000799837929662317,0.2576521635055542,0.29484274983406067,0.0039266664534807205,-0.4798719584941864,0.5609771609306335,0.4939926266670227,-1.9835892915725708,-0.38775357604026794,2.4142470359802246,1.038397192955017,0.0004365835920907557,-0.00015769846504554152,-0.0008681596955284476,-0.001406982191838324,-0.0009609446278773248,0.0024142139591276646,0.0012675857869908214,0.6008620858192444,-1.2007818440906703e-05,0.093328095972538,-0.0012795496731996536,0.9998436570167542,0.00012978038284927607,-0.017635732889175415,3.8423691876232624e-05,6.92792164045386e-05,0.03239050135016441,-0.000449099374236539,-0.0003287486906629056,0.9999992847442627,-0.0010875988518819213,0.053443800657987595,-0.027828549966216087,-0.5078433156013489,0.0036551631055772305,-0.0006466354243457317,0.0015453554224222898,0.07131433486938477,0.02654765173792839,0.5057123899459839,-0.0003860683646053076,0.00839055236428976,-0.0015160299371927977,0.0008592009544372559,-9.472598321735859e-06,0.024985231459140778,0.00400640070438385,0.0040192510932683945,4.60774390376173e-06,6.5581698436290026e-06,,,,,2.0279646686339037,,,,,,,,,1320,1.0833333333333333
12.0916666666676,retreat,12.091667297296226,12.763581367186324,14.040944725275041,-0.240325927734375,0.001707151113805594,1.9707003141171864,0.05101475471747108,0.09691328065893987,0.5360811352729797,0.02657833881676197,4.256735801696777,-0.023037706341710873,56,0.5633835196495056,0.02822193130850792,0.036531127989292145,0.0029883149545639753,-0.006818829599069431,-14.178257717039422,0.022450760006904602,-0.030185624957084656,-0.534759521484375,0.0007459478219971061,-0.02655792608857155,-0.0007267733453772962,0.00017805321840569377,0.01719595119357109,-0.00018408875621389598,0.9998520612716675,0.0006823386065661907,-0.002795014064759016,0.0009302994003519416,0.29292547702789307,0.2328421026468277,-0.00614161929115653,-0.4798763692378998,0.5609676837921143,0.49399876594543457,-1.9835892915725708,-0.38776448369026184,2.4142472743988037,1.0384126901626587,0.00025695314980112016,-0.0003412023652344942,-0.0006320466636680067,-0.0009254983742721379,-0.0012333429185673594,0.0022504294756799936,0.0012678175698965788,0.6008647084236145,-1.2480668374337256e-05,0.09333392977714539,-0.0012752973707392812,0.9998437166213989,0.00012677235645242035,-0.017629802227020264,3.70171619579196e-05,6.828879122622311e-05,0.03239363059401512,-0.0004341794701758772,-0.00032346462830901146,0.9999992251396179,-0.0010857302695512772,-0.020245302468538284,-0.024182621389627457,-0.5625000596046448,3.706345523823984e-05,-0.028198029845952988,-0.0011606444604694843,-0.00040715187788009644,0.02274452894926071,0.5629239082336426,-0.003380271838977933,0.025290049612522125,0.0013455237494781613,0.000859677791595459,-9.356166629004292e-06,0.024985212832689285,0.004006403498351574,0.004019303247332573,-3.9862352423369884e-06,-5.6723220041021705e-06,,,,,2.0279646686339037,,,,,,,,,1320,1.0916666666666666
12.10000000000094,retreat,12.100000631064177,12.739310528088224,14.043302834033968,-0.24121999740600586,0.0009539157872495707,1.9646331039825733,0.05281804260448553,0.10467831195095843,1.4308520555496216,0.02584635093808174,4.151514053344727,-0.021770987586933188,55,1.3436931371688843,0.05276116728782654,0.10366243124008179,0.00885822530835867,-0.009029414679389447,-14.18019324519146,0.025189382955431938,0.028980441391468048,-1.430336833000183,8.241862087743357e-05,-0.02583977021276951,-0.0005773678421974182,0.00018568911764305085,0.01714254543185234,-0.0001924258394865319,0.9998529553413391,-0.000946672516874969,-0.0005434295162558556,0.0005341872456483543,0.2565063536167145,0.3047323524951935,-0.01743352599442005,-0.47987332940101624,0.5609651803970337,0.49399322271347046,-1.9835972785949707,-0.3877682089805603,2.4142472743988037,1.0384126901626587,0.0011738083558157086,0.0005701931077055633,-0.001791377435438335,-0.0015888980124145746,-0.00029423736850731075,0.0017978957621380687,0.0005863537662662566,0.6008612513542175,-1.376141153741628e-05,0.09333161264657974,-0.001272625639103353,0.9998436570167542,0.0001282478915527463,-0.017633020877838135,3.9788661524653435e-05,6.758731615263969e-05,0.03239358216524124,-0.0004908257978968322,-0.00033231216366402805,0.9999991655349731,-0.001074569532647729,-0.12493149936199188,0.017867907881736755,-1.337753415107727,-0.0026333548594266176,-0.05269034206867218,-0.0007308173226192594,-0.07767967879772186,-0.021303815767169,1.3412765264511108,5.706842057406902e-05,0.034693390130996704,0.000826608738861978,0.0008569955825805664,-9.779036190593615e-06,0.024985305964946747,0.004006390925496817,0.0040193283930420876,5.372254236135632e-06,7.641880074515939e-06,,,,,2.0279646686339037,,,,,,,,,1320,1.1
12.10833333333428,retreat,12.108333964832127,12.714840195226824,14.042446017265322,-0.24050474166870117,0.0013829308045387734,1.9683154457219978,0.04779882146976888,0.08846931922527276,0.3450034558773041,0.02489858865737915,4.0837082862854,-0.022404345145332627,53,0.39569607377052307,0.013914220035076141,0.1246441900730133,0.01996774598956108,-0.007844860985642299,-14.179592903356966,0.13235431909561157,0.07570645958185196,-0.30948060750961304,-0.0005360475042834878,-0.0248841792345047,-0.0006557886372320354,0.00019466762023512274,0.017174841836094856,-0.00018306398123968393,0.9998524785041809,0.00038639106787741184,0.00012924987822771072,0.0010769101791083813,0.2530580461025238,0.27922144532203674,-0.04287557303905487,-0.4798707067966461,0.5609651803970337,0.49399039149284363,-1.9835972785949707,-0.3877738416194916,2.414278745651245,1.0384126901626587,0.0006665968685410917,0.00035131792537868023,-0.0007976126507855952,-0.0007204432040452957,-0.0004891339340247214,0.005337188020348549,0.001059629605151713,0.6008678674697876,-1.2726217391900718e-05,0.09333373606204987,-0.0012741205282509327,0.999843955039978,0.00013032018614467233,-0.01761762984097004,3.2938551157712936e-05,6.828995537944138e-05,0.03239506483078003,-0.0004431409470271319,-0.0003435949911363423,0.9999992847442627,-0.001085229916498065,-0.05588621646165848,0.04615091532468796,-0.3890015482902527,-0.004575048107653856,-0.013105003163218498,0.0009660952491685748,-0.04213700070977211,-0.047157157212495804,0.3906098008155823,0.002082506660372019,0.005047228187322617,-0.0010219266405329108,0.000858604907989502,-9.319018317910377e-06,0.02498525381088257,0.004006377421319485,0.00401938334107399,5.345013050828129e-06,7.6066062320023775e-06,,,,,2.0279646686339037,,,,,,,,,1320,1.1083333333333334
12.11666666666762,retreat,12.116667298600078,12.690171141833764,14.04315382242203,-0.24116039276123047,0.0011249690032855142,1.9674203750597596,0.04756556518259458,0.11190581936148891,1.1141189336776733,0.030818786472082138,4.299683570861816,-0.021770987586933188,55,1.0380152463912964,0.05811261013150215,0.12054047733545303,0.02979232370853424,-0.007967989833559841,-14.180238366934956,-0.15250124037265778,0.007774181663990021,-1.1036049127578735,0.0002917341480497271,-0.030810682103037834,-0.0006437251577153802,0.0001833623682614416,0.017167558893561363,-0.00017944915452972054,0.9998525381088257,-0.0006577192107215524,0.001024533179588616,0.0005952502833679318,0.3096453547477722,0.2713351845741272,-0.025362446904182434,-0.47986820340156555,0.5609651803970337,0.4939890205860138,-1.9835972785949707,-0.3877764344215393,2.414278745651245,1.0384126901626587,0.0007987732533365488,0.0005073502543382347,-0.0009609262342564762,-0.001138108316808939,-0.00019022257765755057,-0.0005019812379032373,0.0006804459262639284,0.6008679270744324,-1.244089799001813e-05,0.09333343803882599,-0.0012727827997878194,0.9998438954353333,0.00013196041982155293,-0.01761770248413086,3.224250394850969e-05,6.874567770864815e-05,0.032395485788583755,-0.000450483406893909,-0.00033396235085092485,0.9999991059303284,-0.0010876791784539819,0.01668633706867695,0.018037647008895874,-1.0377243757247925,-0.010975857265293598,-0.05703159049153328,-0.0020008976571261883,0.05323922261595726,-0.02066878229379654,1.036442518234253,-0.008236085064709187,0.05946782976388931,0.002443094039335847,0.0008582472801208496,-9.128529200097546e-06,0.024985261261463165,0.004006370902061462,0.004019435495138168,5.017390321881976e-06,7.139315130189061e-06,,,,,2.0279646686339037,,,,,,,,,1320,1.1166666666666667
12.12500000000096,retreat,12.125000632368028,12.665304141140682,14.043414592742922,-0.24127960205078125,0.0015440523384313565,1.9683154457219978,0.04701252328231931,0.11190581936148891,0.5706771016120911,0.03001072071492672,4.3005876541137695,-0.022404345145332627,56,0.6098705530166626,0.006147012580186129,0.04403199255466461,0.009838632307946682,-0.00825943291420117,-14.180561478834566,-0.09372955560684204,-0.005080260336399078,-0.5629043579101562,0.0005282835336402059,-0.02999763749539852,-0.0007113399915397167,0.00017981189012061805,0.01717495545744896,-0.0001764070038916543,0.9998524188995361,-0.0003839321725536138,0.0007472824072465301,0.0007905404199846089,0.28487277030944824,0.28153276443481445,0.05302470549941063,-0.47986510396003723,0.5609651803970337,0.4939862787723541,-1.9835973978042603,-0.3877820670604706,2.414278745651245,1.0384126901626587,0.00044836875167675316,0.0001091448575607501,-0.000589271541684866,-0.0012059224536642432,-0.0006082257605157793,0.0011075219372287393,0.0011865278938785195,0.6008678078651428,-1.2684380635619164e-05,0.09333313256502151,-0.0012704652035608888,0.9998438954353333,0.00013451026461552829,-0.017617445439100266,3.222434315830469e-05,6.793011561967432e-05,0.03239544481039047,-0.0004428251413628459,-0.00033298670314252377,0.9999991059303284,-0.0010884206276386976,0.09932771325111389,-0.009022465907037258,-0.6016599535942078,-0.0008227782091125846,-0.00602909317240119,0.0008711107657290995,0.12046036124229431,0.007527920417487621,0.5978083610534668,-0.0021195667795836926,0.020399486646056175,-0.0007522175437770784,0.000858604907989502,-8.973462172434665e-06,0.02498525381088257,0.004006364848464727,0.004019582644104958,5.008443167753285e-06,7.123773684725165e-06,,,,,2.0279646686339037,,,,,,,,,1320,1.125
12.1333333333343,retreat,12.133333966135979,12.640239966379223,14.043027162551882,-0.2416372299194336,0.0015390887710964307,1.967320897636205,0.05013597183278762,0.10467831195095843,0.8747892379760742,0.03118239901959896,4.388551712036133,-0.02246768053737469,56,0.8556126952171326,0.024276167154312134,0.03284180909395218,0.005747171118855476,-0.008145593572407961,-14.180104778470518,-0.14524418115615845,0.009741231799125671,-0.8625922799110413,0.0003658135246951133,-0.03117259219288826,-0.0006911501986905932,0.00018065002223011106,0.017166495323181152,-0.00017784288502298295,0.9998525977134705,-0.0005588509957306087,0.00046273230691440403,0.0007068953127600253,0.265298068523407,0.2749215066432953,0.007458882872015238,-0.47986656427383423,0.5609644651412964,0.4939870238304138,-1.9836064577102661,-0.3877853453159332,2.414278745651245,1.0384126901626587,0.0003117994056083262,-9.507717550150119e-06,-0.0004524862742982805,-0.001653506071306765,-0.00031207443680614233,7.281047146534547e-05,0.0009450679644942284,0.6008638739585876,-1.246272586286068e-05,0.09333047270774841,-0.0012695834739133716,0.9998438358306885,0.00013642653357237577,-0.017621014267206192,3.592215944081545e-05,6.809065234847367e-05,0.03239227086305618,-0.0004548538418021053,-0.0003356885863468051,0.9999991655349731,-0.0010860548354685307,0.08605225384235382,0.007146128918975592,-0.8512443900108337,-0.003770264098420739,-0.02395673841238022,-0.001091835554689169,0.11599564552307129,-0.009275795891880989,0.8476627469062805,-0.0026483149267733097,0.03641492500901222,0.0012726191198453307,0.0008581876754760742,-9.045889783010352e-06,0.024985268712043762,0.0040063560009002686,0.0040196264162659645,5.137492735229898e-06,7.3079136200249195e-06,,,,,2.0279646686339037,,,,,,,,,1320,1.1333333333333333
12.14166666666764,retreat,12.14166729990393,12.614979390781023,14.041566848754885,-0.24062395095825195,0.0018049540813080966,1.9674203750597596,0.04933306991006248,0.10467831195095843,0.5734800696372986,0.029247861355543137,4.3067545890808105,-0.023037706341710873,56,0.6161166429519653,0.010552973486483097,0.053370729088783264,0.01031675934791565,-0.007618889503646642,-14.178651393267812,-0.04507116973400116,-0.014351509511470795,-0.571526050567627,0.0005988411721773446,-0.02923286147415638,-0.0007201734115369618,0.00018470014038030058,0.017167091369628906,-0.00017175107495859265,0.9998525977134705,0.00018930627265945077,0.00019313141820020974,0.000941231322940439,0.25912022590637207,0.24972058832645416,-0.015145139768719673,-0.47987082600593567,0.5609567165374756,0.4939940869808197,-1.983607530593872,-0.38779324293136597,2.414278745651245,1.038435459136963,4.6922410547267646e-05,-0.00035041332012042403,-0.0001881460630102083,-0.0014793897280469537,-0.0009620969067327678,0.0017117938259616494,0.0014664757763966918,0.6008656620979309,-1.1842421372421086e-05,0.09333536028862,-0.001266796258278191,0.999843955039978,0.0001290362561121583,-0.0176165159791708,3.497744910418987e-05,6.828094774391502e-05,0.03239572420716286,-0.0004497630288824439,-0.00033241097116842866,0.9999991655349731,-0.0010894169099628925,0.05986317992210388,-0.014387011528015137,-0.6130327582359314,-0.0007640534895472229,-0.010521999560296535,0.00026268052170053124,0.08141878992319107,0.012854941189289093,0.6105778813362122,-0.0028124116361141205,0.01919143833220005,-0.00011974222434218973,0.0008582472801208496,-8.744826118345372e-06,0.024985261261463165,0.004006354138255119,0.004019693471491337,5.2088585107412655e-06,7.408321835100651e-06,,,,,2.0279646686339037,,,,,,,,,1320,1.1416666666666666
12.15000000000098,retreat,12.15000063367188,12.589523187577726,14.042721688747408,-0.24116039276123047,5.061802976769059e-06,1.9617421142796108,0.053399413445731625,0.11190581936148891,1.4327980279922485,0.02962823025882244,4.172153472900391,-0.021770987586933188,56,1.3469767570495605,0.04482448846101761,0.10569950938224792,0.011486317962408066,-0.00891837413655594,-14.179410742207718,-0.06833633035421371,-0.10019168257713318,-1.4276560544967651,0.003044510493054986,-0.029465805739164352,-0.0005738392937928438,0.00018372733029536903,0.017117377370595932,-0.00017854588804766536,0.9998534321784973,-0.0011254810960963368,0.0008388964342884719,0.0005135848186910152,0.3316141963005066,0.28908848762512207,-0.05054103210568428,-0.47986969351768494,0.5609531998634338,0.4939892292022705,-1.983620524406433,-0.3878045976161957,2.414278745651245,1.038438320159912,0.0010350397787988186,0.00016741770377848297,-0.0019018544116988778,-0.002135723829269409,-0.0014973845100030303,0.0004834445717278868,0.0013325752224773169,0.600860059261322,-1.372380938846618e-05,0.09333137422800064,-0.0012616196181625128,0.9998438358306885,0.00013216976367402822,-0.017621159553527832,4.0241749957203865e-05,6.7854743974749e-05,0.0323927141726017,-0.0005041277036070824,-0.0003342977142892778,0.9999991059303284,-0.0010774170514196157,-0.03663608804345131,-0.07097754627466202,-1.3446063995361328,0.001727604540064931,-0.04475457966327667,-0.0018103999318554997,0.010751184076070786,0.06758005917072296,1.3452374935150146,-0.008374507538974285,0.03950884938240051,0.0022059897892177105,0.0008557438850402832,-9.083231816475745e-06,0.02498535066843033,0.004006353672593832,0.004019768908619881,5.01950080433744e-06,7.140362868085504e-06,,,,,2.0279646686339037,,,,,,,,,1320,1.15
12.158333333334319,retreat,12.15833396743983,12.563872130000972,14.04141038656235,-0.24050474166870117,0.0008613001227786299,1.9664253744570945,0.04547673597699031,0.10467831195095843,0.3294769525527954,0.025393594056367874,4.114006519317627,-0.022467682356364094,56,0.39806702733039856,0.003931841813027859,0.15252839028835297,0.027850305661559105,-0.00742447524680756,-14.178425629347316,0.12814003229141235,0.05211476981639862,-0.29903051257133484,0.0012044464237987995,-0.025363583117723465,-0.0002693294081836939,0.00013055477757006884,0.01715862564742565,-0.00018554659618530422,0.99985271692276,0.0004602210537996143,-0.0001050816208589822,0.0010444510262459517,0.22005383670330048,0.2680932879447937,-0.03267745301127434,-0.479869544506073,0.5609502792358398,0.49398788809776306,-1.983620524406433,-0.3878154754638672,2.4143147468566895,1.038453459739685,0.0003894419060088694,-0.0001508933783043176,-0.0007630547625012696,-0.0013142977841198444,-0.0009734323830343783,0.005646314937621355,0.0013169754529371858,0.6008687019348145,-1.381567562930286e-05,0.09333571791648865,-0.0012615504674613476,0.9998441934585571,0.00012787309242412448,-0.01760145276784897,3.1090108677744865e-05,6.691250746371225e-05,0.03239603340625763,-0.00044309577788226306,-0.000276770384516567,0.9999991655349731,-0.0010713537922129035,-0.02996429242193699,0.018865244463086128,-0.39648908376693726,0.0023616570979356766,-0.0026231384836137295,0.0017323681386187673,-0.015986213460564613,-0.01987260952591896,0.3972490131855011,0.005049898289144039,-0.0016874864231795073,-0.0019129617139697075,0.0008578300476074219,-9.38797074923059e-06,0.02498527616262436,0.004006333649158478,0.004019789397716522,5.062808213551762e-06,7.199239917099476e-06,,,,,2.0279646686339037,,,,,,,,,1320,1.1583333333333332
12.166666666667659,retreat,12.16666730120778,12.5380269912824,14.041525870561602,-0.2415180206298828,-0.0016447343114123214,1.9659276853828205,0.04915123645332642,0.09691328065893987,1.3463670015335083,0.0300611462444067,4.348386764526367,-0.02170765037590172,56,1.2466391324996948,0.06198064982891083,0.15031957626342773,0.03420303389430046,-0.007692026440054178,-14.178506449319062,-0.17172756791114807,-0.05366942286491394,-1.3342913389205933,0.002580595901235938,-0.029947618022561073,-0.00039143385947681963,0.00012956946738995612,0.017153756693005562,-0.0001816441654227674,0.9998528361320496,-0.0011597080156207085,0.0011555813252925873,0.0005286638624966145,0.34682703018188477,0.28163427114486694,0.0038869944401085377,-0.4798682928085327,0.5609473586082458,0.49398425221443176,-1.9836310148239136,-0.387821227312088,2.4143147468566895,1.038453459739685,0.0007883855141699314,0.00010821427713381127,-0.0014496041694656014,-0.0018592362757772207,-0.0006469158688560128,-0.0008918129606172442,0.0006803190335631371,0.6008641719818115,-1.4931647456251085e-05,0.09333299845457077,-0.0012584447395056486,0.9998441338539124,0.00013052359281573445,-0.017605207860469818,3.4755561500787735e-05,6.809273327235132e-05,0.03239329904317856,-0.0004517194756772369,-0.0002784405369311571,0.9999992251396179,-0.0010721249273046851,0.00969626847654581,-0.030483506619930267,-1.2462286949157715,-0.0067750453017652035,-0.06156463548541069,-0.002344215288758278,0.05355747789144516,0.02735598012804985,1.2451879978179932,-0.011018272489309311,0.06299921125173569,0.002890446688979864,0.0008575320243835449,-9.192001925839577e-06,0.024985287338495255,0.004006327595561743,0.004019876476377249,4.944021839037305e-06,7.037888281047344e-06,,,,,2.0279646686339037,,,,,,,,,1320,1.1666666666666667
12.175000000000999,retreat,12.175000634975731,12.511988544653654,14.040553569793703,-0.24050474166870117,-0.001911121671582805,1.9675198474557316,0.04616621299646795,0.09691328065893987,0.4464339315891266,0.026794886216521263,4.212788105010986,-0.022974369130679406,55,0.5252535939216614,0.005048844031989574,0.11090252548456192,0.02210126258432865,-0.007283886836376041,-14.177645042550337,0.016590099781751633,-0.022926151752471924,-0.4455361068248749,0.002731957007199526,-0.026654643937945366,0.0001798932207748294,4.3947005906375125e-05,0.017167937010526657,-0.00018094400002155453,0.9998525381088257,-1.78525187948253e-05,0.0007957993657328188,0.0009888013591989875,0.3014259934425354,0.27244576811790466,0.023333262652158737,-0.4798693358898163,0.5609421730041504,0.49398210644721985,-1.9836320877075195,-0.38782718777656555,2.4143242835998535,1.038453459739685,0.000345062930136919,-0.00033582138712517917,-0.000904534594155848,-0.001429060590453446,-0.0009622826473787427,0.0031573863234370947,0.0010869877878576517,0.6008669137954712,-1.706367766018957e-05,0.09333598613739014,-0.0012561517069116235,0.9998443126678467,0.0001315413392148912,-0.01759861409664154,3.2672425732016563e-05,6.608209514524788e-05,0.0323953852057457,-0.00043083514901809394,-0.00019384270126465708,0.9999992251396179,-0.0010720182908698916,0.046510305255651474,-0.03355231136083603,-0.5221133828163147,0.004147670231759548,0.002020752290263772,0.0020504193380475044,0.0648484155535698,0.03225741162896156,0.5202359557151794,-0.0007379334419965744,0.004720402415841818,-0.002018040046095848,0.0008582472801208496,-9.083590157388244e-06,0.024985261261463165,0.004006318747997284,0.004019950982183218,4.957732471666532e-06,7.054652087390423e-06,,,,,2.0279646686339037,,,,,,,,,1320,1.175
12.183333333334339,retreat,12.183333968743682,12.485757563346372,14.041179418563845,-0.2410411834716797,-0.0015507016541960184,1.9639356683667355,0.050901915528811514,0.10467831195095843,1.3947131633758545,0.02806069143116474,4.202864170074463,-0.021770987586933188,56,1.3143733739852905,0.048428725451231,0.10885939747095108,0.015339900739490986,-0.007227769208839163,-14.178021253298795,-0.09058940410614014,0.1443900316953659,-1.3842577934265137,-0.00016484838852193207,-0.02806016057729721,5.1514041842892766e-05,8.336135215358809e-05,0.01713660918176174,-0.00018544601334724575,0.9998531341552734,-0.0010014849249273539,0.0006209894781932235,0.0003385005402378738,0.23734351992607117,0.287425696849823,-0.02617763727903366,-0.4798693060874939,0.5609387755393982,0.49398180842399597,-1.9836452007293701,-0.38782334327697754,2.4143242835998535,1.038453459739685,0.0004979408113285899,0.000311401323415339,-0.0006725304410792887,-0.0023032028693705797,0.0013559897197410464,0.0012035820400342345,-0.00026397104375064373,0.6008614301681519,-1.5935234841890633e-05,0.09333312511444092,-0.0012569406535476446,0.9998441338539124,0.00013145060802344233,-0.017603730782866478,3.7869089283049107e-05,6.68968350510113e-05,0.032392971217632294,-0.00046733906492590904,-0.0002330537827219814,0.9999991655349731,-0.00106761883944273,-0.026631193235516548,0.1059136763215065,-1.3098284006118774,-0.012163340114057064,-0.04687203839421272,-0.0006376534001901746,0.01951747201383114,-0.10920768231153488,1.3096833229064941,0.0032362304627895355,0.043073613196611404,0.000637984776403755,0.0008566975593566895,-9.34236595639959e-06,0.024985313415527344,0.004005053546279669,0.00401866203173995,5.428693839348853e-06,7.723050657659769e-06,,,,,2.0279646686339037,,,,,,,,,1320,1.1833333333333333
12.191666666667679,retreat,12.191667302511632,12.459334820592197,14.0400767326355,-0.24008750915527344,-0.00024443900770165783,1.9650315275250414,0.04680189158534631,0.09691328065893987,0.5170639157295227,0.025216519832611084,4.048471450805664,-0.022341009753290564,55,0.5823222994804382,0.013138900510966778,0.11335046589374542,0.020664991810917854,-0.007749598997179419,-14.176994894001847,0.09104067832231522,0.04343675076961517,-0.5071291327476501,-4.840828478336334e-05,-0.025216160342097282,-0.00012555328430607915,0.00010939428466372192,0.017146801576018333,-0.00015995929425116628,0.9998529553413391,0.0002132154768332839,-0.0001296263944823295,0.0009904884500429034,0.20070654153823853,0.26732441782951355,0.019395096227526665,-0.47987255454063416,0.5609385371208191,0.49398621916770935,-1.9836467504501343,-0.3878284990787506,2.414353847503662,1.038453459739685,0.00023194619279820472,4.002842615591362e-05,-0.00019801018061116338,-0.0014734741998836398,-0.0004363202315289527,0.004554350394755602,0.0012563561322167516,0.6008674502372742,-1.379374589305371e-05,0.0933355987071991,-0.0012598942266777158,0.999844491481781,0.00013377990399021655,-0.017589092254638672,3.1905132345855236e-05,6.792309432057664e-05,0.03239453211426735,-0.0004425300285220146,-0.00026192725636065006,0.9999992251396179,-0.0010955571196973324,-0.025717515498399734,0.0366709902882576,-0.5805971622467041,-0.009638683870434761,-0.008781603537499905,0.0016155283665284514,-0.0052720364183187485,-0.03813891485333443,0.5810480117797852,-0.004356746561825275,0.00508752278983593,-0.0014474786585196853,0.000857234001159668,-8.090576557151508e-06,0.02498529851436615,0.004006353672593832,0.004020029678940773,5.151362984179286e-06,7.327616913244128e-06,,,,,2.0279646686339037,,,,,,,,,1320,1.1916666666666667
12.200000000001019,retreat,12.200000636279583,12.432721089622767,14.039480686187746,-0.2410411834716797,-0.0009406176104675978,1.9659276853828205,0.04929477654513903,0.11190581936148891,1.185530424118042,0.029713012278079987,4.31172513961792,-0.021390971596702002,50,1.1218611001968384,0.04959805682301521,0.10385657101869583,0.026653587818145752,-0.00790686736581847,-14.176461264945207,-0.1650499701499939,-0.01635114848613739,-1.1738711595535278,-0.0008677178993821144,-0.029699629172682762,-0.0002054027863778174,0.00010470066627021879,0.01715429499745369,-0.00014988666225690395,0.9998528361320496,-0.0006220661452971399,0.0005684056086465716,0.0006196461617946625,0.28011462092399597,0.25990355014801025,0.020933279767632484,-0.4798754155635834,0.5609351992607117,0.49399134516716003,-1.983654260635376,-0.3878355324268341,2.414353847503662,1.0384634733200073,0.0003686647105496377,7.279925921466202e-05,-0.00047154922503978014,-0.0017929578898474574,-0.0007764873444102705,-0.0007099623326212168,0.0012599346227943897,0.6008650660514832,-1.235117088072002e-05,0.09333531558513641,-0.0012581300688907504,0.9998443722724915,0.00013307361223269254,-0.017590215429663658,3.337603993713856e-05,6.994642899371684e-05,0.03239358961582184,-0.00043615157483145595,-0.00025668388116173446,0.9999991059303284,-0.0011039557866752148,0.03996763750910759,0.0018297736532986164,-1.1211473941802979,-0.008959214203059673,-0.04875635355710983,-0.0015867496840655804,0.07938000559806824,-0.00463277380913496,1.1190394163131714,-0.00856750924140215,0.05456092953681946,0.00202365149743855,0.0008575916290283203,-7.583033493574476e-06,0.024985283613204956,0.0040063620544970036,0.004020064137876034,5.063127446192084e-06,7.2011316660791636e-06,,,,,2.0279646686339037,,,,,,,,,1320,1.2
12.208333333334359,retreat,12.208333970047534,12.405917143669724,14.039141684770586,-0.24068355560302734,-0.0003111708792857826,1.964832325848758,0.05113890438224189,0.08846931922527276,0.7716336846351624,0.028108710423111916,4.196141242980957,-0.0222776743612485,56,0.8054267764091492,0.008039020001888275,0.04754827544093132,0.012046044692397118,-0.008272253151517361,-14.176045971736446,-0.05471259355545044,-0.03590648993849754,-0.7688535451889038,-0.0006635700119659305,-0.028099725022912025,-0.00025429524248465896,0.00011594813986448571,0.01714516431093216,-0.00014356098836287856,0.9998530149459839,-0.00030847848393023014,3.4922457416541874e-05,0.0008273718412965536,0.2421654909849167,0.2655062675476074,-0.001009242725558579,-0.47987815737724304,0.5609308481216431,0.49399492144584656,-1.983662486076355,-0.3878468871116638,2.414353847503662,1.038486361503601,0.0002625685592647642,-0.00020748433598782867,-0.000508538621943444,-0.0017527039162814617,-0.0015127949882298708,0.0014663699548691511,0.00184599868953228,0.6008625626564026,-1.2047748896293342e-05,0.09333524852991104,-0.001254396978765726,0.9998444318771362,0.00012722330575343221,-0.017590714618563652,3.6253826692700386e-05,6.938443402759731e-05,0.032393086701631546,-0.00044579373206943274,-0.0002621155872475356,0.9999992251396179,-0.0011064520804211497,0.062068428844213486,-0.03158340975642204,-0.802410364151001,0.003270707791671157,-0.007272739894688129,0.0010176330106332898,0.0902491882443428,0.029592659324407578,0.7998071312904358,-0.0012749279849231243,0.016270622611045837,-0.0009380800765939057,0.0008571147918701172,-7.2763918979035225e-06,0.02498530223965645,0.00400637648999691,0.004020160064101219,5.054523626313312e-06,7.188005838543177e-06,,,,,2.0279646686339037,,,,,,,,,1320,1.2083333333333333
12.216666666667699,retreat,12.216667303815484,12.378923755964708,14.038407802581789,-0.24020671844482422,-0.0009559848876961041,1.9625400538751778,0.05220799721428193,0.09691328065893987,1.0734174251556396,0.027532128617167473,4.089127540588379,-0.022024330974090844,49,1.0597350597381592,0.030562860891222954,0.017079439014196396,0.00264918664470315,-0.008505407720804214,-14.17515243264269,-0.019693292677402496,-0.0411607027053833,-1.0724471807479858,-0.0008504667785018682,-0.027518806979060173,-0.00010019088222179562,0.00011286417429801077,0.01712469942867756,-0.00014235837443266064,0.9998533129692078,-0.0003027040511369705,0.0003678957000374794,0.0007574785267934203,0.27838507294654846,0.25620031356811523,-0.012721696868538857,-0.4798809289932251,0.5609245300292969,0.49399814009666443,-1.983668327331543,-0.38785895705223083,2.414353847503662,1.0385092496871948,0.0005376961198635399,-9.255015902454033e-05,-0.001010459498502314,-0.0017985826125368476,-0.0017481050454080105,0.0016477686585858464,0.0017273660050705075,0.6008614301681519,-1.2571617844514549e-05,0.09333666414022446,-0.0012498878641054034,0.999844491481781,0.00012114398123230785,-0.01758955419063568,3.781123086810112e-05,6.922179454704747e-05,0.032393716275691986,-0.0004650962073355913,-0.00025287159951403737,0.9999992251396179,-0.001103309215977788,-0.020186500623822212,-0.03341501206159592,-1.0590157508850098,0.0031140451319515705,-0.030388832092285156,-0.000953979732003063,0.01706913858652115,0.03076675906777382,1.05915105342865,-0.0016108171548694372,0.027509724721312523,0.0010800831951200962,0.0008561015129089355,-7.213512617454398e-06,0.024985335767269135,0.004006394185125828,0.004020241089165211,5.032525223214179e-06,7.1609101723879576e-06,,,,,2.0279646686339037,,,,,,,,,1320,1.2166666666666666
12.225000000001039,retreat,12.225000637583435,12.35174169973936,14.038951694965364,-0.24020671844482422,-0.0006472550921898801,1.9606444172969448,0.05314103691489436,0.10467831195095843,1.125681757926941,0.026236262172460556,4.0286431312561035,-0.021644314983859658,54,1.1143238544464111,0.03164457902312279,0.018389511853456497,0.004967001732438803,-0.008886591589543968,-14.17556429363927,0.04438591003417969,0.013198710978031158,-1.1247289180755615,-0.000887606292963028,-0.02622121572494507,3.7866564525756985e-05,0.00011123720469186082,0.01710815355181694,-0.00015098272706381977,0.9998536109924316,-0.0005101519636809826,0.0003590467676986009,0.0007010567933320999,0.2599639296531677,0.2803706228733063,-0.024700185284018517,-0.4798806607723236,0.5609210133552551,0.49399635195732117,-1.9836773872375488,-0.38787031173706055,2.4143576622009277,1.0385318994522095,0.0008220603340305388,0.00023105987929739058,-0.0013227186864241958,-0.0018175399163737893,-0.0013060475466772914,0.003134871367365122,0.001432968070730567,0.6008589863777161,-1.376238651573658e-05,0.09333542734384537,-0.001245422288775444,0.9998444318771362,0.00011461418762337416,-0.017589684575796127,4.023849032819271e-05,6.743870471836999e-05,0.03239293769001961,-0.0004817735170945525,-0.00024446818861179054,0.9999991655349731,-0.0010903633665293455,-0.07078635692596436,0.0028482454363256693,-1.1120696067810059,0.0016524153761565685,-0.0315997377038002,0.0003248269495088607,-0.031625863164663315,-0.0056326319463551044,1.113861083984375,0.0021223335061222315,0.021419722586870193,-0.00034154404420405626,0.0008552670478820801,-7.643185199412983e-06,0.024985365569591522,0.0040063997730612755,0.0040203118696808815,5.064745892013889e-06,7.201655535027385e-06,,,,,2.0279646686339037,,,,,,,,,1320,1.225
12.233333333334379,retreat,12.233333971351385,12.324371748225323,14.038079977035524,-0.23937225341796875,-0.00033162635304506694,1.9612432372381066,0.04829899262404069,0.09691328065893987,0.8947882652282715,0.025824854150414467,3.9396772384643555,-0.021644314983859658,54,0.9142343997955322,0.03272693604230881,0.044619426131248474,0.005530878901481628,-0.00817007920704782,-14.174734283629052,0.08529162406921387,0.06714780628681183,-0.8881793022155762,-0.0016701966524124146,-0.02577078342437744,1.3841890904586762e-05,0.0001251355861313641,0.017113937065005302,-0.00014824957179371268,0.9998534917831421,8.760646596783772e-05,0.0002730487904045731,0.0008562752627767622,0.2398015558719635,0.25947555899620056,-0.03288376331329346,-0.4798814654350281,0.5609187483787537,0.4939979016780853,-1.9836773872375488,-0.3878801465034485,2.414383888244629,1.0385483503341675,0.0006983120110817254,0.00036560834269039333,-0.0008675484568811953,-0.0013681799173355103,-0.0009190048440359533,0.004251568112522364,0.0012896113330498338,0.600865364074707,-1.2869000784121454e-05,0.09333900362253189,-0.0012454395182430744,0.9998447299003601,0.00011021777027053759,-0.017575062811374664,3.38464742526412e-05,6.80278753861785e-05,0.03239583969116211,-0.0004613827622961253,-0.0002540269633755088,0.9999992251396179,-0.0010929448762908578,-0.08434266597032547,0.04583583027124405,-0.9091808795928955,-0.004331290256232023,-0.03243830054998398,0.00022139702923595905,-0.05232934653759003,-0.04811874032020569,0.911466121673584,0.0023397551849484444,0.02028549462556839,-0.0002460465766489506,0.000855565071105957,-7.518471193179721e-06,0.024985358119010925,0.0040063997730612755,0.004020334221422672,5.1342594815650955e-06,7.3039846029132605e-06,,,,,2.0279646686339037,,,,,,,,,1320,1.2333333333333334
12.241666666667719,retreat,12.241667305119336,12.296814674654236,14.03806507587433,-0.2409815788269043,0.0006448649401136208,1.9632379850856487,0.05008998414268717,0.08846931922527276,1.214457392692566,0.028701940551400185,4.201000213623047,-0.020694276827271096,56,1.1696752309799194,0.04644219949841499,0.07396495342254639,0.018484456464648247,-0.007778601837344468,-14.174858316916554,-0.10732069611549377,0.010613009333610535,-1.2096595764160156,0.0011846752604469657,-0.028677476570010185,1.6930365745793097e-05,0.00010077341721625999,0.017130788415670395,-0.00015814631478860974,0.999853253364563,-0.0007443438516929746,-0.0001648921170271933,0.0005661176983267069,0.19838862121105194,0.2758760452270508,-0.01869318075478077,-0.4798799753189087,0.5609183311462402,0.4939979016780853,-1.9836854934692383,-0.387887179851532,2.414383888244629,1.03855299949646,0.0007724183960817754,0.00047890550922602415,-0.0009356614900752902,-0.0016075065359473228,-0.0006072398973628879,0.0006665232358500361,0.000991002656519413,0.6008618474006653,-1.155707286670804e-05,0.09333638101816177,-0.001243232749402523,0.9998446702957153,0.00011225225898670033,-0.01757808029651642,3.585522063076496e-05,6.821197166573256e-05,0.032393135130405426,-0.00044751667883247137,-0.00023150879133027047,0.9999992847442627,-0.0010812347754836082,0.005277711898088455,0.016199911013245583,-1.169551134109497,-0.008764293044805527,-0.04560302942991257,-0.000654791307169944,0.04638826102018356,-0.01910141110420227,1.1685986518859863,-0.006325652822852135,0.04640387371182442,0.0009931614622473717,0.0008563995361328125,-7.992472092155367e-06,0.024985328316688538,0.004006394185125828,0.004020399414002895,5.094329026178457e-06,7.250288035720587e-06,,,,,2.0279646686339037,,,,,,,,,1320,1.2416666666666667
12.250000000001059,retreat,12.250000638887286,12.269071252257739,14.036705344915392,-0.23996829986572266,-5.023368387924165e-05,1.964234599655924,0.05062115815235302,0.10467831195095843,0.7080193161964417,0.02620476670563221,4.0868940353393555,-0.0222776743612485,55,0.7595477104187012,0.012332892045378685,0.07317700982093811,0.01221863180398941,-0.007689107675105333,-14.173568000230789,0.006696820724755526,-0.05296008288860321,-0.7060040235519409,0.00034002881147898734,-0.026199821382761,-0.0003788536414504051,0.00014143763110041618,0.017139555886387825,-0.00013475552259478718,0.9998530745506287,0.000108492182334885,0.00012075545237166807,0.0008826946141198277,0.25957590341567993,0.2524369955062866,-0.014912866987287998,-0.4798811376094818,0.5609183311462402,0.49399980902671814,-1.9836854934692383,-0.3879007399082184,2.414383888244629,1.0385758876800537,0.0005917506641708314,9.638732444727793e-05,-0.0008636735728941858,-0.0010788632789626718,-0.0018578077433630824,0.002362458501011133,0.0018898353446274996,0.6008622050285339,-1.198433164972812e-05,0.09333643317222595,-0.001239256700500846,0.9998446702957153,0.00010623283014865592,-0.017576785758137703,3.6380719393491745e-05,6.822552677476779e-05,0.03239179775118828,-0.00043749914038926363,-0.0002665048523340374,0.9999991655349731,-0.0011000335216522217,0.017698703333735466,-0.04310758411884308,-0.7581169009208679,0.0018442256841808558,-0.012147495523095131,0.0010664929868653417,0.04432708024978638,0.041236117482185364,0.7571311593055725,-0.004368890076875687,0.01473339181393385,-0.0008798007038421929,0.0008568763732910156,-6.857995231257519e-06,0.024985309690237045,0.0040064118802547455,0.004020401276648045,5.0596045184647664e-06,7.197028025984764e-06,,,,,2.0279646686339037,,,,,,,,,1320,1.25
12.258333333334399,retreat,12.258333972655237,12.241142254267471,14.03506249189377,-0.2402663230895996,0.0006238969945115969,1.9657285744851647,0.048508180043427274,0.10467831195095843,1.1529936790466309,0.025581253692507744,4.187345027923584,-0.021264298993628472,57,1.1311569213867188,0.03682960197329521,0.03342369571328163,0.008073198609054089,-0.006683627143502235,-14.172029202580921,-0.04283839091658592,0.001055195927619934,-1.1521971225738525,0.0014023010153323412,-0.02554234117269516,-0.00015112645633053035,0.00011057422671001405,0.01715281419456005,-0.0001578897936269641,0.9998528361320496,7.370987441390753e-05,-0.001821400597691536,0.0007137531065382063,0.19284369051456451,0.2407633662223816,0.0003171609132550657,-0.4798838198184967,0.5609127879142761,0.4940054416656494,-1.9836854934692383,-0.3879118859767914,2.414383888244629,1.0385911464691162,0.0006262259557843208,0.0002314518205821514,-0.000853399105835706,-0.0012058201245963573,-0.0009655526373535395,0.0009798016399145126,0.00108437892049551,0.6008639335632324,-1.1442898539826274e-05,0.09334029257297516,-0.0012356411898508668,0.9998447299003601,0.0001040752322296612,-0.017572730779647827,3.4171040169894695e-05,6.786605808883905e-05,0.03239408880472183,-0.00042014720384031534,-0.00023303799389395863,0.9999991655349731,-0.0010738673154264688,-0.022702133283019066,0.0002557762200012803,-1.1309291124343872,-0.0017866818234324455,-0.036766186356544495,-0.001214476302266121,0.017053095623850822,-0.003051752457395196,1.1310245990753174,-0.0016347356140613556,0.033521585166454315,0.0013570187147706747,0.0008575320243835449,-7.988161087268963e-06,0.024985291063785553,0.004006394185125828,0.004019223619252443,5.222818799666129e-06,7.4303243309259415e-06,,,,,2.0279646686339037,,,,,,,,,1320,1.2583333333333333
12.266666666667739,retreat,12.266667306423187,12.213028453915076,14.03530463576317,-0.24110078811645508,-0.0005120155037730001,1.9652307090175616,0.047210505726980045,0.08846931922527276,1.297067403793335,0.022187264636158943,4.182546615600586,-0.021770987586933188,55,1.2712509632110596,0.030473435297608376,0.02658182568848133,0.002698575844988227,-0.007795010576955974,-14.17223667012255,0.024669025093317032,-0.01897609978914261,-1.2966939210891724,0.00017505206051282585,-0.022183097898960114,-0.00039272752474062145,0.00013934414891991764,0.017148392274975777,-0.00014152182848192751,0.9998528957366943,-0.0006416451651602983,-0.001785770757123828,0.0005202228203415871,0.2566846013069153,0.2954751253128052,-0.01539982296526432,-0.47988200187683105,0.5609110593795776,0.4940033257007599,-1.9836856126785278,-0.3879232406616211,2.414383888244629,1.0385969877243042,0.001118153566494584,0.0005822897655889392,-0.0015819290420040488,-0.00130911183077842,-0.0011679005110636353,0.00184472999535501,0.001242513069882989,0.6008643507957458,-1.2681179214268923e-05,0.09334095567464828,-0.0012312064645811915,0.9998448491096497,0.00010546531120780855,-0.01757129840552807,3.285903949290514e-05,6.747693987563252e-05,0.03239504620432854,-0.0004231665807310492,-0.0002633996482472867,0.9999992847442627,-0.0010852684499695897,-0.07075724750757217,-0.01577480137348175,-1.2691823244094849,0.0002581956796348095,-0.03046887181699276,0.00045985152246430516,-0.02612040936946869,0.012636719271540642,1.270919919013977,-0.0019533010199666023,0.0202891044318676,-0.00033729345886968076,0.0008572936058044434,-7.1945273703022394e-06,0.02498529478907585,0.0040063937194645405,0.004019332583993673,4.6205332182580605e-06,6.574991857632995e-06,,,,,2.0279646686339037,,,,,,,,,1320,1.2666666666666666
12.275000000001079,retreat,12.275000640191138,12.184730624432195,14.035822451114656,-0.2409219741821289,-0.000875931164046051,1.9662263139383926,0.04713725866167806,0.10467831195095843,1.1019651889801025,0.02119312807917595,4.066806793212891,-0.0222776743612485,54,1.1063611507415771,0.026917435228824615,0.030196672305464745,0.005220221821218729,-0.007556124357506633,-14.172823829342342,0.0565887913107872,0.05237557739019394,-1.099264144897461,-0.0003312035696581006,-0.021188000217080116,-0.0003280387900304049,0.00013391762331593782,0.017157161608338356,-0.00014487317821476609,0.99985271692276,-0.0005293546128086746,0.0006351126357913017,0.0007059237686917186,0.2835442125797272,0.30034202337265015,-0.03532707691192627,-0.4798770844936371,0.560913622379303,0.49399808049201965,-1.9836856126785278,-0.3879307210445404,2.4143874645233154,1.0385969877243042,0.0011718126479536295,0.000801808841060847,-0.0014638915890827775,-0.0011410557199269533,-0.0006961087347008288,0.0031502670608460903,0.0010032192803919315,0.6008644104003906,-1.3116004993207753e-05,0.0933392345905304,-0.0012285916600376368,0.9998447895050049,0.00010853545973077416,-0.017570653930306435,3.2893731258809566e-05,6.72303867759183e-05,0.03239382803440094,-0.00041375006549060345,-0.0002609493094496429,0.9999991655349731,-0.0010793451219797134,-0.07420860975980759,0.02902558073401451,-1.1034879684448242,-0.0029238953720778227,-0.026758110150694847,-5.267351298243739e-05,-0.03538544103503227,-0.031751640141010284,1.105339527130127,0.0013419052120298147,0.016074057668447495,5.092963692732155e-05,0.0008577108383178711,-7.357474714808632e-06,0.024985283613204956,0.004006379749625921,0.004019397310912609,5.166855771676637e-06,7.350288797169924e-06,,,,,2.0279646686339037,,,,,,,,,1320,1.275
12.283333333334419,retreat,12.283333973959088,12.156249539050467,14.035151898860933,-0.2409219741821289,-0.0005068286554887891,1.9686137122089171,0.047302972234319896,0.08846931922527276,0.9523596167564392,0.023027630522847176,4.222942352294922,-0.022214338969206437,54,0.9682338237762451,0.030226152390241623,0.01879456639289856,0.004534235689789057,-0.006750607746653259,-14.172319559174996,-0.013945849612355232,0.04562372714281082,-0.9511639475822449,-0.00017120529082603753,-0.023023413494229317,-0.00040601156069897115,0.00013246579328551888,0.01717793010175228,-0.00014037746586836874,0.9998524188995361,-0.00011250378156546503,0.0011410671286284924,0.0007004333310760558,0.30940550565719604,0.2740233838558197,-0.003754289820790291,-0.4798749089241028,0.5609137415885925,0.49399837851524353,-1.9836856126785278,-0.3879380524158478,2.4143874645233154,1.038601279258728,0.0008763889200054109,0.0006977420416660607,-0.0008835796033963561,-0.0008298910688608885,-0.0005451737088151276,0.0020603530574589968,0.0010294259991496801,0.6008644700050354,-1.2277072528377175e-05,0.0933389663696289,-0.0012261423980817199,0.9998448491096497,0.00011043048289138824,-0.017570098862051964,3.276520874351263e-05,6.75372066325508e-05,0.032392896711826324,-0.00039241937338374555,-0.0002614558907225728,0.9999992847442627,-0.0010813809931278229,-0.01835130900144577,0.033982053399086,-0.9674632549285889,-0.00750480592250824,-0.029279595240950584,-5.8667181292548776e-05,0.015657911077141762,-0.0363551564514637,0.9674242734909058,-0.0025313179939985275,0.026659250259399414,0.00021535235282499343,0.0008587837219238281,-7.131612164812395e-06,0.02498524636030197,0.004006365314126015,0.004019464366137981,5.024396159569733e-06,7.148744771257043e-06,,,,,2.0279646686339037,,,,,,,,,1320,1.2833333333333332
12.291666666667759,retreat,12.291667307727039,12.12758597100153,14.034876227378847,-0.2409815788269043,-0.0002562637746450491,1.968116576295018,0.047529261792078614,0.11190581936148891,1.1467705965042114,0.023765064775943756,4.276473045349121,-0.0222776743612485,55,1.136612057685852,0.03085457719862461,0.02055896446108818,0.007140070199966431,-0.007025721832178533,-14.172009262238435,-0.04958432540297508,0.001178249716758728,-1.1456974744796753,0.00018156616715714335,-0.02375967800617218,-0.0004723411111626774,0.00013882500934414566,0.017174070701003075,-0.00013301738363225013,0.9998524188995361,-0.00020686391508206725,0.0008234195411205292,0.0006167972460389137,0.2936926484107971,0.27082693576812744,0.05142851546406746,-0.47987455129623413,0.5609138011932373,0.4940013289451599,-1.9836856126785278,-0.3879461884498596,2.4143874645233154,1.0386130809783936,0.0009062535827979445,0.0006967560620978475,-0.0009354228968732059,-0.0008201127639040351,-0.0008134911768138409,0.0007944050012156367,0.0012059482978656888,0.6008648872375488,-1.0894698789343238e-05,0.09333950281143188,-0.0012240743963047862,0.9998448491096497,0.00010890689009102061,-0.017568955197930336,3.22235282510519e-05,6.853723607491702e-05,0.03239316865801811,-0.0003951414837501943,-0.0002663799677975476,0.9999991059303284,-0.0010865877848118544,-0.007129955571144819,0.005415291991084814,-1.136576771736145,-0.005468442570418119,-0.03036418929696083,-0.0003422092122491449,0.03280645236372948,-0.008194854483008385,1.1361088752746582,-0.0045984708704054356,0.02936866134405136,0.0005765620153397322,0.000858604907989502,-6.769097581127426e-06,0.02498525381088257,0.0040063573978841305,0.0040195235051214695,5.031578439229634e-06,7.1542453952133656e-06,,,,,2.0279646686339037,,,,,,,,,1320,1.2916666666666667
12.300000000001098,retreat,12.30000064149499,12.09874069351703,14.033892750740053,-0.24002790451049805,0.0002235787945892298,1.9664253744570945,0.048441779654240236,0.09691328065893987,1.0092129707336426,0.027770839631557465,4.176676273345947,-0.0222776743612485,53,1.018133282661438,0.01899448223412037,0.01376213226467371,0.003678575623780489,-0.007149806304369122,-14.17090799352502,-0.12023685872554779,-0.0032818857580423355,-1.0020196437835693,-0.0005992227233946323,-0.027762286365032196,-0.0003404819581191987,0.00014156200631987303,0.017159143462777138,-0.00012232908920850605,0.99985271692276,-4.631045158021152e-05,0.0004687551991082728,0.0007199196261353791,0.26543954014778137,0.24341118335723877,0.042579617351293564,-0.47987550497055054,0.5609138011932373,0.49400562047958374,-1.9836856126785278,-0.38795509934425354,2.4143874645233154,1.0386276245117188,0.0006171971326693892,0.00040068256203085184,-0.0006114303250797093,-0.0009516529971733689,-0.0008815143955871463,6.262186070671305e-05,0.0012529481900855899,0.6008653044700623,-9.453549864701927e-06,0.09334037452936172,-0.001222356571815908,0.9998449087142944,0.00010633679630700499,-0.01756770722568035,3.2674637623131275e-05,6.938982551218942e-05,0.032393038272857666,-0.0004088227287866175,-0.00026668826467357576,0.9999992251396179,-0.0010955537436529994,0.07555694133043289,-0.003124982351437211,-1.0153210163116455,-0.002069775015115738,-0.01887882873415947,-0.00031017587753012776,0.11117823421955109,0.0006663016974925995,1.0120444297790527,-0.0024436083622276783,0.029825754463672638,0.00046375556848943233,0.0008578300476074219,-6.2370077102968935e-06,0.02498527616262436,0.004006357863545418,0.004019557032734156,5.0291837396798655e-06,7.153023034334183e-06,,,,,2.0279646686339037,,,,,,,,,1320,1.3
12.308333333334438,retreat,12.30833397526294,12.069714479828606,14.032488316297533,-0.2402663230895996,0.0013813473742629867,1.9662263139383926,0.04642616113414988,0.09691328065893987,1.1223481893539429,0.028249772265553474,4.20462703704834,-0.021264298993628472,57,1.1159785985946655,0.017940090969204903,0.023819996044039726,0.0043149483390152454,-0.006657860823906958,-14.169489694525218,-0.14491552114486694,-0.053076669573783875,-1.1116869449615479,0.001814470742829144,-0.02819090522825718,-0.00017373013542965055,0.00010322086745873094,0.017156926915049553,-0.0001303771568927914,0.9998527765274048,-0.0001607024751137942,-0.0004719749849755317,0.0007107367273420095,0.20325306057929993,0.23562926054000854,-0.002156165661290288,-0.4798777997493744,0.5609101057052612,0.4940106272697449,-1.9836856126785278,-0.38796645402908325,2.4143874645233154,1.0386438369750977,0.0005354007007554173,0.0001350494276266545,-0.0007412352715618908,-0.0012545520439743996,-0.0011255532735958695,-0.0006180606433190405,0.001258224481716752,0.6008665561676025,-9.154609870165586e-06,0.09334267675876617,-0.0012187757529318333,0.9998449087142944,0.0001034994565998204,-0.01756463386118412,3.1018396839499474e-05,6.830401252955198e-05,0.03239399194717407,-0.0004079211503267288,-0.00022530888963956386,0.9999992251396179,-0.0010846501681953669,0.08840072900056839,-0.040043577551841736,-1.1117509603500366,0.00042748742271214724,-0.017931004986166954,-0.00037837683339603245,0.1273888349533081,0.0373600497841835,1.1080543994903564,-0.005270220339298248,0.030733957886695862,0.0006313923513516784,0.0008577108383178711,-6.60644582239911e-06,0.024985279887914658,0.004006352741271257,0.004019637126475573,5.1451497711241245e-06,7.319380529224873e-06,,,,,2.0279646686339037,,,,,,,,,1320,1.3083333333333333
12.316666666667778,retreat,12.31666730903089,12.040508103167898,14.032223820686342,-0.2409815788269043,0.0002352267074456904,1.9656290114758577,0.047497549530817196,0.09691328065893987,1.2733595371246338,0.026340393349528313,4.287835597991943,-0.021770987586933188,55,1.2550238370895386,0.01671217754483223,0.022844692692160606,0.001539403572678566,-0.007375098764896393,-14.169183596811132,-0.12066655606031418,-0.03692424297332764,-1.2670913934707642,0.00033204155624844134,-0.026334421709179878,-0.000451997562777251,0.00013872345152776688,0.01715196669101715,-0.00012189750123070553,0.9998528361320496,-0.0006590885459445417,0.0001426215167157352,0.0005955313099548221,0.2633086144924164,0.26863253116607666,-0.045391637831926346,-0.47987857460975647,0.560905933380127,0.4940117299556732,-1.9836921691894531,-0.387977659702301,2.4143874645233154,1.038651466369629,0.0006621031789109111,0.0001009244006127119,-0.0011129574850201607,-0.0017374687595292926,-0.0010373153490945697,-0.0001606420992175117,0.001152267213910818,0.6008650064468384,-9.353607310913503e-06,0.09334317594766617,-0.0012148531386628747,0.9998449683189392,0.00010489004489500076,-0.017564555630087852,3.185530658811331e-05,6.89962471369654e-05,0.032394200563430786,-0.0004128427535761148,-0.0002622710890136659,0.9999992251396179,-0.0010885607916861773,0.06235890835523605,-0.034668758511543274,-1.252994179725647,0.003385510528460145,-0.01636548340320587,-7.852587441448122e-05,0.10632471740245819,0.03164508566260338,1.2501113414764404,-0.001537194475531578,0.025413479655981064,0.0001888713741209358,0.0008574724197387695,-6.2129474827088416e-06,0.024985291063785553,0.004006355069577694,0.004019732121378183,5.159958163858391e-06,7.339578587561846e-06,,,,,2.0279646686339037,,,,,,,,,1320,1.3166666666666667
12.325000000001118,retreat,12.325000642798841,12.011122336766547,14.032380282878878,-0.2409815788269043,0.00013763064998784102,1.964234599655924,0.050139089580625296,0.08846931922527276,1.1933588981628418,0.024663545191287994,4.194089412689209,-0.022341009753290564,53,1.1979022026062012,0.014819861389696598,0.017445316538214684,0.007745761889964342,-0.007585768646094948,-14.169242938194275,-0.04126906767487526,-0.010709337890148163,-1.1925970315933228,0.00014982408902142197,-0.024659477174282074,-0.00042214104905724525,0.00014445681881625205,0.01713961362838745,-0.00012187453830847517,0.9998531341552734,-0.0007069678977131844,0.00032241205917671323,0.0006360708503052592,0.2714276909828186,0.2774495780467987,-0.04909893870353699,-0.4798784554004669,0.5609019994735718,0.49401015043258667,-1.9837019443511963,-0.3879862427711487,2.4143874645233154,1.038651466369629,0.0007404375355690718,0.00011813999299192801,-0.0012901962036266923,-0.001909361919388175,-0.0009617520263418555,0.0016551645239815116,0.0010950452415272593,0.6008610129356384,-1.0148956789635122e-05,0.09334108233451843,-0.0012109571835026145,0.9998449087142944,0.0001088085409719497,-0.017567228525877,3.595126327127218e-05,6.80379307596013e-05,0.03239212557673454,-0.00042788125574588776,-0.00027184083592146635,0.9999992847442627,-0.0010845205979421735,0.015896977856755257,-0.016952818259596825,-1.1976767778396606,0.00258847139775753,-0.014592048712074757,-1.522274669696344e-05,0.057957734912633896,0.014061277732253075,1.196416974067688,0.00021827546879649162,0.016931574791669846,4.68289726995863e-05,0.0008568763732910156,-6.2166286625142675e-06,0.024985313415527344,0.004006351809948683,0.004019787069410086,5.084869371785317e-06,7.232360076159239e-06,,,,,2.0279646686339037,,,,,,,,,1320,1.325
12.333333333334458,retreat,12.333333976566792,11.981557953856193,14.031054079532625,-0.2396702766418457,0.00025607411657802004,1.964035317183165,0.04679559060605243,0.09691328065893987,1.0860296487808228,0.022453399375081062,4.038074016571045,-0.022341009753290564,54,1.1081632375717163,0.0225530918687582,0.043841276317834854,0.007894540205597878,-0.007014580885879695,-14.167902854813438,0.052447233349084854,0.018840745091438293,-1.0845987796783447,-6.710886373184621e-05,-0.022450076416134834,-0.0003803817380685359,0.00014660110173281282,0.01713816449046135,-0.00012029273784719408,0.9998530745506287,-2.0565494196489453e-06,0.00042547855991870165,0.0007844113861210644,0.2790447473526001,0.2545556426048279,-0.006091588642448187,-0.47988057136535645,0.560896098613739,0.49401310086250305,-1.9837037324905396,-0.3879970610141754,2.4144067764282227,1.0386650562286377,0.0007083026575855911,0.00016450503608211875,-0.0011396822519600391,-0.001558992313221097,-0.0009707292774692178,0.003241754835471511,0.0011594706447795033,0.6008659601211548,-9.702634997665882e-06,0.09334560483694077,-0.001209254958666861,0.9998451471328735,0.00010640701657393947,-0.01755499839782715,3.163749352097511e-05,6.826512253610417e-05,0.03239544853568077,-0.0004170991014689207,-0.0002715821610763669,0.9999992251396179,-0.0010844060452654958,-0.05528690665960312,0.007484120316803455,-1.1067578792572021,-0.0011504178401082754,-0.022523194551467896,0.00015540017921011895,-0.016398999840021133,-0.010170361027121544,1.1079955101013184,-1.461012288928032e-06,0.014571470208466053,-0.00011622854799497873,0.0008567571640014648,-6.139377092040377e-06,0.024985313415527344,0.004006344359368086,0.0040198685601353645,5.030727152188774e-06,7.156428182497621e-06,,,,,2.0279646686339037,,,,,,,,,1320,1.3333333333333333
12.341666666667798,retreat,12.341667310334742,11.951815727668476,14.033289253711702,-0.2410411834716797,-4.746743087480354e-05,1.9612432372381066,0.05010613313061185,0.10467831195095843,1.6692478656768799,0.024524733424186707,4.13926887512207,-0.021137628209544346,54,1.5997017621994019,0.04609959200024605,0.09119229018688202,0.014075098559260368,-0.007915911497548223,-14.16994356030523,-0.06401883810758591,0.017012447118759155,-1.6679331064224243,-0.00012076140410499647,-0.02452150173485279,-0.00037934634019620717,0.00014954853395465761,0.017113754525780678,-0.00012052373494952917,0.9998535513877869,-0.0013021677732467651,0.0005605073529295623,0.00037694035563617945,0.2783608138561249,0.30608415603637695,0.023142144083976746,-0.47987663745880127,0.5608941912651062,0.4940071403980255,-1.983716607093811,-0.38800355792045593,2.4144067764282227,1.0386650562286377,0.001225220039486885,0.0006767562590539455,-0.0017970689805224538,-0.0020663582254201174,-0.0004443552461452782,0.0011355539318174124,0.0007169926539063454,0.6008601784706116,-1.0381292668171227e-05,0.09334129840135574,-0.0012057371204718947,0.9998449683189392,0.00010989246220560744,-0.01756039634346962,3.6322628147900105e-05,6.765419675502926e-05,0.032393213361501694,-0.00044691754737868905,-0.000277919985819608,0.9999991655349731,-0.0010805480415001512,-0.052415117621421814,0.01650242693722248,-1.5987576246261597,-0.005356129724532366,-0.045776765793561935,-0.0009858808480203152,0.003761518746614456,-0.020364701747894287,1.5995675325393677,-0.0028342129662632942,0.038259465247392654,0.0011823833920061588,0.000855565071105957,-6.153270987852011e-06,0.024985358119010925,0.004006336908787489,0.0040199547074735165,5.011661869502859e-06,7.126538548618555e-06,,,,,2.0279646686339037,,,,,,,,,1320,1.3416666666666666
12.350000000001138,retreat,12.350000644102693,11.921896431435039,14.031411707401277,-0.23978948593139648,0.0003895947600085492,1.9649319292102538,0.04519912909017876,0.11190581936148891,0.7216355800628662,0.021337179467082024,3.983156204223633,-0.0222776743612485,54,0.801247775554657,0.0060667614452540874,0.1297406107187271,0.020910337567329407,-0.0069236308336257935,-14.16832293174334,0.10333351045846939,0.024601899087429047,-0.713775098323822,2.6140965928789228e-05,-0.021332720294594765,-0.0004353862605057657,0.00014373791054822505,0.01714576780796051,-0.00011286412336630747,0.9998528957366943,0.0003350627957843244,0.00044512265594676137,0.0009079357841983438,0.2737429738044739,0.264375776052475,0.024635661393404007,-0.47987645864486694,0.5608941912651062,0.4940079152584076,-1.983716607093811,-0.38801491260528564,2.4144411087036133,1.0386879444122314,0.0007573766633868217,0.00031779726850800216,-0.0010281415889039636,-0.0011314093135297298,-0.0011876621283590794,0.004686081316322088,0.0014671665849164128,0.6008678078651428,-8.813643944449723e-06,0.09334389865398407,-0.0012062860187143087,0.9998453259468079,0.00010305533214705065,-0.017542775720357895,2.883246634155512e-05,6.882818706799299e-05,0.0323941633105278,-0.00039726472459733486,-0.0002654600830283016,0.9999991059303284,-0.0010889744153246284,-0.03642628714442253,0.00939232762902975,-0.8003642559051514,-0.001521789701655507,-0.00572948856279254,0.0012894603423774242,-0.008325239643454552,-0.011329084634780884,0.8011243343353271,-0.0001549875596538186,0.0004933304153382778,-0.0012808486353605986,0.0008571743965148926,-5.765601144958055e-06,0.02498529851436615,0.004006334114819765,0.004019998479634523,5.0614830797712784e-06,7.199909305199981e-06,,,,,2.0279646686339037,,,,,,,,,1320,1.35
12.358333333334478,retreat,12.358333977870643,11.891800838387521,14.03147876262665,-0.24002790451049805,-0.001396285824739607,1.962839197626755,0.04895150777883828,0.09691328065893987,1.5021610260009766,0.03157474100589752,4.25124454498291,-0.021137628209544346,55,1.4159440994262695,0.04957207292318344,0.1442684531211853,0.03627082705497742,-0.006733562855515629,-14.168244228083413,-0.2822466194629669,-0.12957707047462463,-1.469705581665039,0.0033233591821044683,-0.031394973397254944,-0.000524559523910284,0.0001460646599298343,0.017127802595496178,-0.00011706246004905552,0.9998533129692078,-0.0008138961857184768,0.0008418378420174122,0.0005129859200678766,0.3458555042743683,0.23923403024673462,0.0052819279953837395,-0.4798765480518341,0.5608903169631958,0.49400705099105835,-1.9837216138839722,-0.38802626729011536,2.4144225120544434,1.038694143295288,0.0008310989360325038,5.310830965754576e-05,-0.0015444571617990732,-0.001651554717682302,-0.0014311406994238496,-0.0027514868415892124,0.0010408535599708557,0.6008623242378235,-1.1106749298051e-05,0.09334266185760498,-0.0011995354434475303,0.9998451471328735,0.00010451841808389872,-0.01755187287926674,3.462308086454868e-05,6.788021710235626e-05,0.03239280730485916,-0.0004243351286277175,-0.0002690362452995032,0.9999992251396179,-0.0010779609438031912,0.11294151097536087,-0.08680108934640884,-1.4087610244750977,-0.002067885361611843,-0.049452122300863266,-0.0027571634855121374,0.16230294108390808,0.08345519751310349,1.404133677482605,-0.01441751979291439,0.06580650806427002,0.0034122434444725513,0.0008562803268432617,-5.977352884656284e-06,0.024985328316688538,0.004006342496722937,0.004020052030682564,4.958737918059342e-06,7.0551177486777306e-06,,,,,2.0279646686339037,,,,,,,,,1320,1.3583333333333334
12.366666666667818,retreat,12.366667311638594,11.861529721757565,14.02985453605652,-0.2396106719970703,-0.0005660385795636103,1.9624403291619827,0.048087877075886354,0.08846931922527276,1.0077053308486938,0.026279166340827942,4.064706325531006,-0.021454306988744065,57,1.0597047805786133,0.008742897771298885,0.0859702080488205,0.023901216685771942,-0.006514931214042008,-14.16659222027913,-0.046918243169784546,0.046705007553100586,-1.005528450012207,0.001093272352591157,-0.026256099343299866,-0.0001288009516429156,0.00010980119259329513,0.017124300822615623,-0.0001284335448872298,0.9998534321784973,-4.835298750549555e-05,-0.0001420801127096638,0.0007879042532294989,0.22259315848350525,0.2398834079504013,-0.022206733003258705,-0.47987988591194153,0.5608828663825989,0.4940090477466583,-1.9837268590927124,-0.38803285360336304,2.4144225120544434,1.038694143295288,0.0003769535687752068,-0.0001611018815310672,-0.0008249675738625228,-0.001889253151603043,-0.0002129609347321093,0.002134606009349227,0.0006229460122995079,0.600861668586731,-1.2687582056969404e-05,0.09334490448236465,-0.0011961465934291482,0.9998451471328735,0.00010691634088288993,-0.017550313845276833,3.5616219975054264e-05,6.524872151203454e-05,0.03239338845014572,-0.00042623697663657367,-0.00023491411411669105,0.9999992847442627,-0.0010637998348101974,0.07277435809373856,0.01115375105291605,-1.057144045829773,0.0052024289034307,0.0067342305555939674,0.002005775459110737,0.10983240604400635,-0.013659735210239887,1.053909182548523,0.006807283498346806,0.0038232654333114624,-0.0022412880789488554,0.0008561015129089355,-6.514749657071661e-06,0.024985335767269135,0.004006326664239168,0.00402007857337594,5.042540578870103e-06,7.172988262027502e-06,,,,,2.0279646686339037,,,,,,,,,1320,1.3666666666666667
12.375000000001158,retreat,12.375000645406544,11.831083854776809,14.028826355934145,-0.2396702766418457,-0.0015241453183989506,1.960744233315669,0.05055423389421776,0.11190581936148891,1.606010913848877,0.022569213062524796,3.9535648822784424,-0.02107429099851288,54,1.5658193826675415,0.03790825977921486,0.04553798586130142,0.001976924017071724,-0.00692190183326602,-14.165445906813249,0.016972173005342484,0.07575515657663345,-1.6041334867477417,-0.0006125675863586366,-0.022559158504009247,-0.0002802569360937923,0.00013899017358198762,0.017109300941228867,-0.00011561701103346422,0.9998535513877869,-0.0005712412530556321,0.0005402363021858037,0.000580043182708323,0.26995140314102173,0.2618131935596466,-0.031370725482702255,-0.47988319396972656,0.56087726354599,0.4940129220485687,-1.983734369277954,-0.3880355954170227,2.4144225120544434,1.038694143295288,0.0007934548775665462,0.0003964702773373574,-0.0011643697507679462,-0.0021459388080984354,0.0002130157663486898,0.002466426696628332,0.0003928888763766736,0.6008597016334534,-1.2051052181050181e-05,0.09334567189216614,-0.0011951650958508253,0.9998451471328735,0.0001088914432330057,-0.017550617456436157,3.753241617232561e-05,6.677737110294402e-05,0.03239305689930916,-0.0004415751318447292,-0.00026626448379829526,0.9999991059303284,-0.0010750896763056517,-0.08758960664272308,0.0564676970243454,-1.5623475313186646,-0.008284573443233967,-0.03698651120066643,-0.0006323867128230631,-0.032693445682525635,-0.06021825596690178,1.5643194913864136,-4.4889748096466064e-06,0.024390006437897682,0.0006991431582719088,0.0008553266525268555,-5.898905328649562e-06,0.024985365569591522,0.004006316885352135,0.004020144697278738,5.131905254529556e-06,7.301423465833068e-06,,,,,2.0279646686339037,,,,,,,,,1320,1.375
12.383333333334498,retreat,12.383333979174495,11.800464010676894,14.027813076972963,-0.2396106719970703,-0.0008258371053670999,1.9611434466071924,0.04696918767876923,0.10467831195095843,1.169364094734192,0.02210048772394657,3.969829797744751,-0.02107429099851288,59,1.198262333869934,0.02583606354892254,0.051559336483478546,0.00899384543299675,-0.008495774120092392,-14.164460433131634,0.07423132658004761,0.031871892511844635,-1.1665703058242798,0.00048514423542656004,-0.022094354033470154,-0.00018903680029325187,0.0001264733582502231,0.0171132143586874,-0.00010804794146679342,0.9998535513877869,-2.903605309256818e-05,6.619520718231797e-05,0.002127469517290592,0.22708047926425934,0.2525094747543335,0.018713343888521194,-0.4798843264579773,0.5608737468719482,0.49401605129241943,-1.9837373495101929,-0.3880424499511719,2.414447546005249,1.038702368736267,0.0008242670446634293,0.00044678006088361144,-0.0010805984493345022,-0.0016016067238524556,-0.0006747469888068736,0.003897313727065921,0.001121776644140482,0.6008646488189697,-9.936760761775076e-06,0.09334879368543625,-0.0011960120173171163,0.9998453855514526,0.00010835529974428937,-0.017537588253617287,3.187719266861677e-05,6.825286982348189e-05,0.03239533305168152,-0.00042461484554223716,-0.00025336776161566377,0.9999991655349731,-0.0010837323497980833,-0.07498400658369064,0.02666567452251911,-1.1956164836883545,-0.007848180830478668,-0.02460731752216816,0.0006230095750652254,-0.03300292044878006,-0.029539939016103745,1.1974433660507202,-0.003935929387807846,0.013813190162181854,-0.0004463004879653454,0.0008555054664611816,-5.509824404725805e-06,0.024985358119010925,0.004006314557045698,0.004020205233246088,5.140926987223793e-06,7.313647074624896e-06,,,,,2.0279646686339037,,,,,,,,,1320,1.3833333333333333
12.391666666667838,retreat,12.391667312942445,11.769670962689464,14.027388393878939,-0.23990869522094727,-0.0028161925911263097,1.9605445961983319,0.04874183650827035,0.09691328065893987,1.4720247983932495,0.02771713212132454,4.06169319152832,-0.021010955606470816,53,1.4261351823806763,0.0417666994035244,0.08229976892471313,0.020900776609778404,-0.007505525776650757,-14.163994039993419,-0.13502316176891327,-0.12213867902755737,-1.460721731185913,0.0027231036219745874,-0.027580713853240013,-0.0003582341596484184,0.00012565987708512694,0.017107589170336723,-9.91720735328272e-05,0.9998536705970764,-0.0008170608198270202,0.0007635840447619557,0.0005577101837843657,0.32836854457855225,0.25936374068260193,-0.019242027774453163,-0.4798825979232788,0.5608710646629333,0.49401310086250305,-1.9837439060211182,-0.38805514574050903,2.414447546005249,1.0387251377105713,0.0011192741803824902,0.0003176911559421569,-0.001864012097939849,-0.0016497483011335135,-0.00184922874905169,-0.0001799824385670945,0.0014916881918907166,0.6008623242378235,-1.1342111974954605e-05,0.09334761649370193,-0.0011906767031177878,0.9998453855514526,0.00010219228715868667,-0.01753866672515869,3.391643986105919e-05,6.849537021480501e-05,0.03239366412162781,-0.0004313149838708341,-0.0002464475983288139,0.9999992251396179,-0.0010873923311010003,0.026569396257400513,-0.08267981559038162,-1.4234884977340698,-0.00140169239602983,-0.04172451049089432,-0.0012481133453547955,0.07646444439888,0.07930193841457367,1.4218740463256836,-0.013204154558479786,0.04560471326112747,0.0018161351326853037,0.0008552670478820801,-5.065364348411094e-06,0.024985365569591522,0.0040063331834971905,0.0040202671661973,4.97404471389018e-06,7.074413588270545e-06,,,,,2.0279646686339037,,,,,,,,,1320,1.3916666666666666
12.400000000001178,retreat,12.400000646710396,11.738705484046154,14.026159048080446,-0.23919343948364258,-0.0019178737602487672,1.9611434466071924,0.048491852794541046,0.09691328065893987,1.1188641786575317,0.026364486664533615,4.012598037719727,-0.021580979591817595,56,1.1542454957962036,0.008883608505129814,0.04835927486419678,0.011859763413667679,-0.00656214146874845,-14.162806404239117,-0.060127124190330505,0.027628451585769653,-1.116905689239502,0.0010828543454408646,-0.02634221874177456,-3.397353793843649e-05,0.00010099968494614586,0.017113206908106804,-0.00011410940351197496,0.9998535513877869,-0.00018160921172238886,-0.004923829343169928,0.0006231567822396755,0.32416266202926636,0.24474214017391205,0.008399972692131996,-0.47988346219062805,0.5608662366867065,0.4940127730369568,-1.9837486743927002,-0.3880641460418701,2.414447546005249,1.0387296676635742,0.0006482601165771484,0.00011416537017794326,-0.001092178514227271,-0.0017610997892916203,-0.0005582025623880327,0.0020614038221538067,0.0008033646736294031,0.6008613109588623,-1.27326202346012e-05,0.09334857016801834,-0.0011867316206917167,0.9998453855514526,0.00010331488738302141,-0.01753809116780758,3.5597593523561954e-05,6.594942533411086e-05,0.032393332570791245,-0.0004250937490724027,-0.00022259280376601964,0.9999992251396179,-0.0010689267655834556,0.051780734211206436,0.01134564634412527,-1.1530275344848633,0.00281830714084208,-0.008393172174692154,0.0007282134029082954,0.09218861162662506,-0.014064821414649487,1.1504721641540527,0.004502332303673029,0.015917496755719185,-0.0008519364637322724,0.0008555054664611816,-5.791056537418626e-06,0.024985358119010925,0.0040063331834971905,0.004019123036414385,-0.00030777405481785536,-0.00043782778084278107,,,,,2.0279646686339037,,,,,,,,,1320,1.4
12.408333333334518,retreat,12.408333980478346,11.70756834797861,14.025585353374483,-0.2390146255493164,-0.001627280653337948,1.957747539846552,0.050938353524543345,0.09691328065893987,1.5133463144302368,0.027477025985717773,3.8927133083343506,-0.020504145140876062,57,1.4863349199295044,0.03274410590529442,0.04472142085433006,0.0039347694255411625,-0.007072934648022056,-14.161996183787727,-0.07497219741344452,0.10446102172136307,-1.5078740119934082,-0.0007217949605546892,-0.02746625803411007,0.0002658376470208168,9.031695662997663e-05,0.017083758488297462,-0.00011018837540177628,0.9998540282249451,-0.00048440476530231535,-0.002831661142408848,0.00054425053531304,0.22582213580608368,0.23858723044395447,-0.02176479808986187,-0.47988659143447876,0.5608612298965454,0.49401721358299255,-1.9837565422058105,-0.3880668580532074,2.414447546005249,1.0387296676635742,0.0005999705754220486,0.00036043586442247033,-0.0007561396923847497,-0.0021716465707868338,0.00046358766849152744,0.0017168160993605852,0.00029757359880022705,0.6008589267730713,-1.184300344903022e-05,0.0933489128947258,-0.0011858775978907943,0.9998454451560974,0.00010571009624982253,-0.017539028078317642,3.821146674454212e-05,6.649047281825915e-05,0.032393019646406174,-0.00045546930050477386,-0.00021432463836390525,0.9999992251396179,-0.0010721421567723155,-0.0007598494412377477,0.07181892544031143,-1.4845986366271973,-0.009236286394298077,-0.03141435980796814,7.414527499349788e-05,0.051321983337402344,-0.07533394545316696,1.4835370779037476,0.0012290850281715393,0.0313616618514061,-4.0231156162917614e-05,0.0008540749549865723,-5.585762210102985e-06,0.024985410273075104,0.004006316419690847,0.004019216168671846,-3.6981655284762383e-06,-5.2579998737201095e-06,,,,,2.0279646686339037,,,,,,,,,1320,1.4083333333333332
12.416666666667858,retreat,12.416667314246297,11.676260327718468,14.025317132472994,-0.23895502090454102,-0.0016378444342990406,1.9557471942613267,0.0537221239937935,0.09691328065893987,1.3109642267227173,0.027618158608675003,3.871328592300415,-0.020314135326771066,58,1.324461579322815,0.024200860410928726,0.024057725444436073,0.007566886488348246,-0.007555454270914197,-14.161588638097369,-0.020341267809271812,0.024223193526268005,-1.3105825185775757,0.0007379627786576748,-0.027607010677456856,0.00026655299006961286,9.12463219719939e-05,0.017066193744540215,-9.41085017984733e-05,0.9998543858528137,-0.0002833763137459755,-0.00034907809458673,0.0007559220539405942,0.20096498727798462,0.24164576828479767,-0.04973830655217171,-0.47988930344581604,0.5608569979667664,0.494022399187088,-1.9837639331817627,-0.3880738317966461,2.414447784423828,1.0387402772903442,0.0006564559880644083,0.00032485779956914485,-0.0008408475550822914,-0.0020170428324490786,-0.0005958608817309141,0.002674446441233158,0.001117871725000441,0.6008567214012146,-1.0157644283026457e-05,0.09334919601678848,-0.001184280263260007,0.9998453855514526,0.00010474296141183004,-0.01753935031592846,4.049611743539572e-05,6.80843586451374e-05,0.032392945140600204,-0.0004733580572064966,-0.00021451727661769837,0.9999992251396179,-0.001086626434698701,-0.006116393953561783,0.01835201494395733,-1.3243203163146973,-0.008354505524039268,-0.02269338071346283,0.0009457063861191273,0.04033906012773514,-0.021484874188899994,1.323673129081726,-0.005646480247378349,0.0218641497194767,-0.000695236842148006,0.0008531808853149414,-4.782601081387838e-06,0.02498544007539749,0.004006309900432825,0.004019320011138916,5.370978215069044e-06,7.640512194484472e-06,,,,,2.0279646686339037,,,,,,,,,1320,1.4166666666666667
12.425000000001198,retreat,12.425000648014247,11.644782196497374,14.02491480112076,-0.2383589744567871,-0.003002686753461603,1.9535444492893672,0.05407179560279474,0.09691328065893987,1.4883675575256348,0.026879139244556427,3.768721580505371,-0.020314135326771066,58,1.4770973920822144,0.03650153800845146,0.03980352729558945,0.008026400581002235,-0.008178108953870833,-14.161032884574094,0.0324595645070076,-0.11946460604667664,-1.4832103252410889,0.0038029407151043415,-0.02660840004682541,0.00013731923536397517,9.298918303102255e-05,0.017047254368662834,-8.970095950644463e-05,0.9998546242713928,-0.00038272904930636287,0.0006385283777490258,0.0007286535110324621,0.3025696575641632,0.2527078092098236,-0.02342628687620163,-0.47988972067832947,0.5608524680137634,0.49402284622192383,-1.9837675094604492,-0.3880905508995056,2.4144480228424072,1.038763165473938,0.001256617484614253,0.0004095998010598123,-0.0020216689445078373,-0.0016528642736375332,-0.0024195739533752203,0.002681069541722536,0.0019371099770069122,0.6008564233779907,-1.1572876246646047e-05,0.09335033595561981,-0.0011776364408433437,0.9998455047607422,0.00010010052210418507,-0.017537737265229225,4.1311257518827915e-05,6.761036638636142e-05,0.03239366039633751,-0.0004906856338493526,-0.0002115636016242206,0.9999992251396179,-0.0010844410862773657,-0.0749058872461319,-0.08518615365028381,-1.4727352857589722,0.00045171339297667146,-0.036498524248600006,-0.00012613603030331433,-0.02322407066822052,0.08170485496520996,1.4746530055999756,-0.011747482232749462,0.025734946131706238,0.0006005502073094249,0.0008522272109985352,-4.563656602840638e-06,0.02498546987771988,0.0040063150227069855,0.004019368439912796,5.020443495595828e-06,7.144379196688533e-06,,,,,2.0279646686339037,,,,,,,,,1320,1.425
12.433333333334538,retreat,12.433333981782198,11.613134727546965,14.025376737117769,-0.23823976516723633,-0.003435721282585291,1.9531436834048812,0.05133463128004223,0.09691328065893987,1.5405868291854858,0.02594943344593048,3.7045159339904785,-0.019997456547571346,57,1.5295318365097046,0.03785432502627373,0.01868099719285965,0.004096433985978365,-0.007856154057662934,-14.161466907026629,0.060217685997486115,0.005337059497833252,-1.5394002199172974,0.0022339546121656895,-0.025851408019661903,0.0002953663934022188,8.840960799716413e-05,0.01704290136694908,-0.00010739006393123418,0.9998548030853271,-0.00059826101642102,0.0012528201332315803,0.0006049646181054413,0.326476514339447,0.2676611542701721,0.025967488065361977,-0.4798864424228668,0.5608505010604858,0.49401727318763733,-1.9837712049484253,-0.38810479640960693,2.4144625663757324,1.0387780666351318,0.0015025669708848,0.000756504014134407,-0.002253452083095908,-0.0015914568211883307,-0.001439367886632681,0.0038289797957986593,0.0012151345144957304,0.6008583307266235,-1.3271754141896963e-05,0.09335070103406906,-0.001173177850432694,0.999845564365387,9.755740757100284e-05,-0.017530806362628937,3.9104605093598366e-05,6.60599980619736e-05,0.032394543290138245,-0.0004881068307440728,-0.00020405066607054323,0.9999992251396179,-0.0010624205460771918,-0.1028992310166359,-0.009065038524568081,-1.526039719581604,0.0019308431074023247,-0.03780234977602959,0.00045185015187598765,-0.049339860677719116,0.005465857684612274,1.528725504875183,0.0007024707738310099,0.022997722029685974,-0.00041641612187959254,0.000852048397064209,-5.4440624808194116e-06,0.024985477328300476,0.004006298258900642,0.00401943689212203,5.017430339648854e-06,7.137394277378917e-06,,,,,2.0279646686339037,,,,,,,,,1320,1.4333333333333333
12.441666666667878,retreat,12.441667315550148,11.581318694098883,14.025626331567766,-0.23818016052246094,-0.002603797838673927,1.9541454440675663,0.05185251575312577,0.10467831195095843,1.4030022621154785,0.027604084461927414,3.806525707244873,-0.019997456547571346,58,1.4029704332351685,0.03714348375797272,0.03096884675323963,0.004030894488096237,-0.007074873545207083,-14.161786274595773,-0.014400353655219078,0.11095961183309555,-1.3985334634780884,0.0003375512605998665,-0.02760200947523117,2.3071928808349185e-05,0.00013284689339343458,0.017052138224244118,-0.00010880689660552889,0.9998545050621033,-0.00021284491231199354,0.000291743956040591,0.0004087949637323618,0.223384290933609,0.2543522119522095,-0.010980340652167797,-0.4798828661441803,0.5608526468276978,0.4940137267112732,-1.9837754964828491,-0.38810980319976807,2.4144725799560547,1.0387792587280273,0.001168002258054912,0.0008949850453063846,-0.0013912003487348557,-0.00158788007684052,8.616375271230936e-05,0.0034365991596132517,0.0004988490836694837,0.6008577942848206,-1.236863317899406e-05,0.09334792196750641,-0.0011727206874638796,0.999845564365387,9.954064444173127e-05,-0.017529139295220375,3.9503443986177444e-05,6.609362753806636e-05,0.0323919914662838,-0.0004772478714585304,-0.00025044349604286253,0.9999991655349731,-0.0010597336804494262,-0.03860011696815491,0.07701828330755234,-1.4003229141235352,-0.008844251744449139,-0.036070141941308975,0.0006020519649609923,0.010521449148654938,-0.08030631393194199,1.4006308317184448,0.0023474013432860374,0.030551161617040634,-0.0006075730780139565,0.0008524656295776367,-5.5528194025100674e-06,0.024985458701848984,0.004006269853562117,0.004019546788185835,5.28606597072212e-06,7.523834938183427e-06,,,,,2.0279646686339037,,,,,,,,,1320,1.4416666666666667
12.450000000001218,retreat,12.450000649318099,11.549334869384769,14.024475216865541,-0.23812055587768555,-0.0019467142919893377,1.9560473764584068,0.0516702129971236,0.10467831195095843,1.1765844821929932,0.030725719407200813,3.925386667251587,-0.019744111341424286,57,1.2032506465911865,0.02941603772342205,0.027680812403559685,0.00777712557464838,-0.006710227578878403,-14.160767630298416,-0.1055326908826828,0.025137558579444885,-1.1715724468231201,0.001463666558265686,-0.030690636485815048,-0.00011104476288892329,0.0001449060218874365,0.01706874556839466,-8.928828901844099e-05,0.9998542666435242,0.0002490212209522724,-0.00025242421543225646,0.000506304029840976,0.20616190135478973,0.22432325780391693,-0.021437790244817734,-0.47988513112068176,0.5608505606651306,0.49402016401290894,-1.9837754964828491,-0.3881174921989441,2.4144725799560547,1.0387910604476929,0.0006668507703579962,0.00047804942005313933,-0.0006561916088685393,-0.001335238921456039,-0.00043204627581872046,0.0016094536986202002,0.0009634054149501026,0.600858747959137,-1.0374904377385974e-05,0.0933498665690422,-0.001171262701973319,0.9998456835746765,9.835582750383765e-05,-0.01752680540084839,3.848620690405369e-05,6.733878399245441e-05,0.03239281848073006,-0.00045831853640265763,-0.0002616520505398512,0.9999991655349731,-0.0010775997070595622,0.05852758139371872,0.024495119228959084,-1.2015767097473145,-0.010929030366241932,-0.027309490367770195,0.0002264960785396397,0.10060882568359375,-0.027291271835565567,1.1987265348434448,-0.007318584248423576,0.035809583961963654,0.00011082768469350412,0.0008533000946044922,-4.587431703839684e-06,0.024985432624816895,0.0040062591433525085,0.004019641317427158,5.266784228297183e-06,7.49208265915513e-06,,,,,2.0279646686339037,,,,,,,,,1320,1.45
12.458333333334558,retreat,12.45833398308605,11.517184026636262,14.024326205253603,-0.23794174194335938,-0.003124945578747429,1.9537448014155852,0.05072884596302174,0.10467831195095843,1.61960768699646,0.028624534606933594,3.8286004066467285,-0.019744111341424286,57,1.597221851348877,0.03402642905712128,0.04589388519525528,0.008742477744817734,-0.011718431022018194,-14.160458243330325,-0.06284588575363159,-0.11129427701234818,-1.6145565509796143,0.0041623543947935104,-0.028320273384451866,-2.9616261599585414e-05,0.00012736259668599814,0.017048779875040054,-8.301244815811515e-05,0.999854564666748,-0.00020881470118183643,0.00011792891018558294,0.0027649577241390944,0.2633327841758728,0.27073559165000916,-0.02328413724899292,-0.47988611459732056,0.5608468055725098,0.4940226972103119,-1.9837757349014282,-0.3881319761276245,2.4144725799560547,1.0388139486312866,0.0011721316259354353,0.0004958825884386897,-0.0017412969609722495,-0.0014012590982019901,-0.001848605228587985,0.0007214865763671696,0.0015601854538545012,0.6008599996566772,-1.0998250218108296e-05,0.09335236251354218,-0.0011661230819299817,0.9998457431793213,9.312435577157885e-05,-0.01752372272312641,3.7296791560947895e-05,6.757157825632021e-05,0.03239521011710167,-0.00047518083010800183,-0.0002388779685134068,0.9999991655349731,-0.0010791339445859194,-0.011897609569132328,-0.07807908952236176,-1.59526789188385,-0.0007212423370219767,-0.034017354249954224,-0.000311805255478248,0.04400015249848366,0.0743614062666893,1.5948829650878906,-0.011879782192409039,0.03235461562871933,0.00080182368401438,0.0008522868156433105,-4.25858752350905e-06,0.024985462427139282,0.0040062605403363705,0.004019693471491337,5.0722092055366375e-06,7.217226084321737e-06,,,,,2.0279646686339037,,,,,,,,,1320,1.4583333333333333
12.466666666667898,retreat,12.466667316854,11.484866939085002,14.023551344871523,-0.2390742301940918,-0.0025905260372383054,1.9557471942613267,0.051664137572515756,0.09691328065893987,1.6063710451126099,0.026687471196055412,3.926504611968994,-0.019807448552455753,55,1.587547779083252,0.024172037839889526,0.028486166149377823,0.005332380998879671,-0.00723830604692921,-14.159822850495898,-0.05171826109290123,0.05023801326751709,-1.6047520637512207,0.0008858649525791407,-0.026672670617699623,7.094984175637364e-05,0.00012054569378960878,0.017065858468413353,-9.03428444871679e-05,0.999854326248169,-0.0006041056476533413,2.435677743051201e-05,0.0005138654378242791,0.22035378217697144,0.25854912400245667,-0.0077769081108272076,-0.4798843264579773,0.5608441829681396,0.494020938873291,-1.9837822914123535,-0.38814041018486023,2.4144725799560547,1.0388200283050537,0.001168988412246108,0.0007001219782978296,-0.0015983101911842823,-0.0018182952189818025,-0.000481828028568998,0.0020329782273620367,0.0007595888455398381,0.6008573770523071,-1.0903211659751832e-05,0.09335104376077652,-0.00116267753764987,0.9998456835746765,9.434969979338348e-05,-0.017525289207696915,3.881426528096199e-05,6.69030487188138e-05,0.03239305689930916,-0.0004596612707246095,-0.00023312178382184356,0.9999992251396179,-0.001068457611836493,-0.006278687622398138,0.024787943810224533,-1.5873419046401978,-0.000425761187216267,-0.024164635688066483,0.00042025174479931593,0.04935786500573158,-0.028474612161517143,1.586524486541748,0.0032412707805633545,0.02332082763314247,-0.00047861324856057763,0.0008531808853149414,-4.619344963430194e-06,0.02498544007539749,0.004006244707852602,0.004019760526716709,5.068578047939809e-06,7.208524039015174e-06,,,,,2.0279646686339037,,,,,,,,,1320,1.4666666666666666
12.475000000001238,retreat,12.47500065062195,11.452384379962632,14.022925496101381,-0.2384781837463379,-0.0026004663595813327,1.9560473764584068,0.04829587123822421,0.10467831195095843,1.3984498977661133,0.024168070405721664,3.8184380531311035,-0.020567604224197567,59,1.4195932149887085,0.024740368127822876,0.04040108621120453,0.007950268685817719,-0.007151693804189563,-14.159217909534256,0.03910653665661812,0.013119861483573914,-1.397841453552246,0.0008037926745600998,-0.02415468730032444,-2.606800990179181e-05,0.00012246552796568722,0.017068788409233093,-7.622945122420788e-05,0.9998542070388794,-6.185949314385653e-05,6.638860213570297e-05,0.00045448035234585404,0.2357061803340912,0.257569283246994,-0.002909307833760977,-0.4798835515975952,0.5608417987823486,0.49402153491973877,-1.983783483505249,-0.3881513178348541,2.41449236869812,1.0388336181640625,0.0011905634310096502,0.0007153258775360882,-0.0015730318846181035,-0.0014626581687480211,-0.0010174775961786509,0.003456136444583535,0.0011832164600491524,0.6008619070053101,-1.0178569937124848e-05,0.09335365891456604,-0.0011609845096245408,0.9998459219932556,9.223328379448503e-05,-0.017514141276478767,3.4229946322739124e-05,6.75341798341833e-05,0.03239518776535988,-0.00044557731598615646,-0.00023314864665735513,0.9999991655349731,-0.0010808783117681742,-0.05482902377843857,0.007422310300171375,-1.418514609336853,-0.004107018932700157,-0.024389615282416344,0.0006040506414137781,-0.005113519728183746,-0.010723277926445007,1.4195435047149658,-0.0029605356976389885,0.016517899930477142,-0.0004583943809848279,0.0008533000946044922,-3.915433808288071e-06,0.024985432624816895,0.0040062423795461655,0.004019830841571093,5.062429863755824e-06,7.205002475529909e-06,,,,,2.0279646686339037,,,,,,,,,1320,1.475
12.483333333334578,retreat,12.483333984389901,11.419737122500795,14.02401700615883,-0.23937225341796875,-0.0029594307306979317,1.9559473208428821,0.051233742851763964,0.09691328065893987,1.7836107015609741,0.026473311707377434,3.948578119277954,-0.019934121155529283,58,1.7361483573913574,0.04191930592060089,0.0694049671292305,0.013960414566099644,-0.006694984011119232,-14.16030245067901,-0.1004602462053299,0.00027542561292648315,-1.780779242515564,0.0010279584676027298,-0.02645323984324932,-7.486969116143882e-05,0.00012639643682632595,0.017068050801753998,-7.342760363826528e-05,0.9998542666435242,-0.0007431037956848741,5.2556817536242306e-05,0.00018902687588706613,0.22875799238681793,0.26192229986190796,-0.013833779841661453,-0.47987955808639526,0.5608436465263367,0.49401724338531494,-1.9837911128997803,-0.3881598114967346,2.41449236869812,1.03883957862854,0.001423587091267109,0.0009247970301657915,-0.0019041425548493862,-0.001813280861824751,-0.0007418995373882353,0.0009988115634769201,0.0008898372761905193,0.6008579134941101,-1.0062794899567962e-05,0.09334929287433624,-0.0011578367557376623,0.9998458623886108,9.365654841531068e-05,-0.017518460750579834,3.7492718547582626e-05,6.779637624276802e-05,0.03239181265234947,-0.00045063975267112255,-0.0002384981926297769,0.9999992251396179,-0.0010804393095895648,-0.012391017749905586,0.0037564325612038374,-1.7361000776290894,-0.0057412185706198215,-0.04151906818151474,-0.0006584704970009625,0.04843573644757271,-0.007773156277835369,1.73545503616333,-0.005060468800365925,0.039791230112314224,0.00092929950915277,0.0008533000946044922,-3.7787121982546523e-06,0.024985436350107193,0.0040062423795461655,0.00401994027197361,5.087730187369743e-06,7.2384136728942394e-06,,,,,2.0279646686339037,,,,,,,,,1320,1.4833333333333334
12.491666666667918,retreat,12.491667318157852,11.386925939931126,14.022351801395418,-0.2378225326538086,-0.0034886706998804584,1.9586470291126346,0.04644996079150587,0.08846931922527276,1.0168060064315796,0.025933274999260902,3.8708133697509766,-0.021074289179523475,55,1.09530770778656,0.007718052249401808,0.10316287726163864,0.013987460173666477,-0.006326156901195645,-14.158825281505106,-0.008835529908537865,-0.09236446022987366,-1.012563705444336,0.003993550315499306,-0.025623582303524017,-0.00013534438039641827,0.0001033562293741852,0.017091700807213783,-7.232865027617663e-05,0.9998539686203003,0.0004046711837872863,0.00027451638015918434,0.0008702933555468917,0.28304043412208557,0.2243271768093109,-0.009602157399058342,-0.4798803925514221,0.5608397722244263,0.49401843547821045,-1.9837911128997803,-0.38817644119262695,2.414517879486084,1.0388624668121338,0.0010041510686278343,0.0002646607463248074,-0.0015939490403980017,-0.0010467552347108722,-0.002099107950925827,0.0027138139121234417,0.001716861966997385,0.6008647680282593,-1.010745472740382e-05,0.09335371851921082,-0.0011551680509001017,0.9998460412025452,8.840387454256415e-05,-0.01750275492668152,3.126997034996748e-05,6.811920320615172e-05,0.032394737005233765,-0.0004112528113182634,-0.00021021060820203274,0.9999992847442627,-0.0010793623514473438,0.036415547132492065,-0.07772081345319748,-1.0919396877288818,0.003222914645448327,-0.006941390223801136,0.0009991276310756803,0.07460090517997742,0.07520952820777893,1.0901730060577393,-0.007962646894156933,0.012236962094902992,-0.0006975480355322361,0.0008544325828552246,-3.704231403389713e-06,0.02498539537191391,0.004006250761449337,0.004020046908408403,4.986451585864415e-06,7.094815373420715e-06,,,,,2.0279646686339037,,,,,,,,,1320,1.4916666666666667
12.500000000001258,retreat,12.500000651925802,11.353951605485271,14.022292196750643,-0.2384781837463379,-0.003043397100555012,1.956747622568939,0.04712495137937367,0.10467831195095843,2.06703782081604,0.028019661083817482,4.029656410217285,-0.019364097170182504,58,1.9676111936569214,0.04531636834144592,0.14173553884029388,0.02488914504647255,-0.005656963039655238,-14.158633382586936,-0.2307463139295578,0.03760521113872528,-2.053773880004883,0.0008641494205221534,-0.02800605818629265,-0.00012401652929838747,0.000119849581096787,0.017074506729841232,-8.260042523033917e-05,0.9998541474342346,-0.0005593654350377619,5.152401718078181e-05,0.0004403914208523929,0.2454090416431427,0.2219424694776535,-0.007928281091153622,-0.4798809885978699,0.5608354210853577,0.49401888251304626,-1.9837976694107056,-0.38818231225013733,2.414517879486084,1.0388628244400024,0.0011420897208154202,0.0006261140224523842,-0.0016948292031884193,-0.0022199281957000494,0.0001671434147283435,-0.0014338402543216944,0.00010417913290439174,0.6008625030517578,-1.0388917871750891e-05,0.09335331618785858,-0.0011525599984452128,0.9998461008071899,9.108638914767653e-05,-0.01750359497964382,3.29167814925313e-05,6.721980753354728e-05,0.03239423409104347,-0.00042930920608341694,-0.0002291377168148756,0.9999991655349731,-0.0010661499109119177,0.05293440818786621,0.02400241233408451,-1.966752529144287,-0.003784704953432083,-0.04513581097126007,-0.001416990882717073,0.12174570560455322,-0.028517186641693115,1.9636337757110596,-0.00014286302030086517,0.052844319492578506,0.001541796955280006,0.0008535981178283691,-4.231737420923309e-06,0.024985425174236298,0.004006243776530027,0.004020066000521183,5.051897005614592e-06,7.185357389971614e-06,,,,,2.0279646686339037,,,,,,,,,1320,1.5
12.508333333334598,retreat,12.508333985693753,11.320814892394868,14.021729677915575,-0.23937225341796875,-0.002750182147792657,1.9586470291126346,0.04970685040461831,0.09691328065893987,1.1824437379837036,0.025096910074353218,3.9681129455566406,-0.019934121155529283,58,1.2514634132385254,0.0089868800714612,0.09242139011621475,0.02067188173532486,-0.006536887492984533,-14.158203158025263,-0.07025711983442307,0.02538694441318512,-1.1800816059112549,0.0006830650963820517,-0.025087079033255577,-0.00016356898413505405,0.000121238139399793,0.017091797664761543,-6.760438554920256e-05,0.9998539686203003,-0.000379646138753742,2.5403278414160013e-05,0.00046088258386589587,0.22633002698421478,0.25963228940963745,-0.010306143201887608,-0.47988155484199524,0.560831606388092,0.49401965737342834,-1.9838078022003174,-0.3881877660751343,2.414517879486084,1.0388628244400024,0.0006387123139575124,0.0001598166418261826,-0.0010213903151452541,-0.0020999114494770765,-0.0003314694040454924,0.0023424685932695866,0.00080083281500265,0.600858747959137,-9.750001481734216e-06,0.09335178136825562,-0.001150344149209559,0.9998459815979004,9.453188249608502e-05,-0.01750630885362625,3.5878270864486694e-05,6.741390097886324e-05,0.03239202871918678,-0.00041473060264252126,-0.0002342154475627467,0.9999992251396179,-0.0010788433719426394,0.09135744720697403,0.006755191367119551,-1.2481061220169067,-0.0010820667957887053,0.008723551407456398,0.0018689025891944766,0.1349954903125763,-0.00960114598274231,1.2441242933273315,-8.834246546030045e-05,0.004523321986198425,-0.0018624826334416866,0.0008544921875,-3.483334921838832e-06,0.02498539164662361,0.004006246104836464,0.004020100925117731,5.136251274961978e-06,7.309077773243189e-06,,,,,2.0279646686339037,,,,,,,,,1320,1.5083333333333333
12.516666666667938,retreat,12.516667319461703,11.287516573891557,14.019844681024553,-0.23800134658813477,-0.003483910404611379,1.955547047207192,0.05049901665188372,0.09691328065893987,1.6356706619262695,0.026199636980891228,3.8516457080841064,-0.020947620214428753,57,1.6245267391204834,0.030890416353940964,0.03144357353448868,0.008197996765375137,-0.006251472979784012,-14.156102246325538,-0.0652889609336853,-0.08326303213834763,-1.6322448253631592,0.0036227665841579437,-0.02594774216413498,-0.00010602051042951643,0.00011038358934456483,0.01706446334719658,-6.719300290569663e-05,0.9998543858528137,-0.00021566347277257591,0.0002572205848991871,0.0006603701040148735,0.27771300077438354,0.21758680045604706,-0.025949867442250252,-0.47988617420196533,0.5608240365982056,0.4940250813961029,-1.9838123321533203,-0.3881991505622864,2.414517879486084,1.0388797521591187,0.0008902986301109195,8.966833411250263e-05,-0.0016280415002256632,-0.002006515394896269,-0.0014133573276922107,0.0011994870146736503,0.0011588522465899587,0.6008588075637817,-1.0266390745528042e-05,0.09335518628358841,-0.001146269729360938,0.9998460412025452,9.116375440498814e-05,-0.01750344969332218,3.7056743167340755e-05,6.737455260008574e-05,0.03239349648356438,-0.00043919694144278765,-0.0002199013833887875,0.9999992251396179,-0.001075432519428432,-0.003505164524540305,-0.059521060436964035,-1.6234321594238281,-0.0019509689882397652,-0.0308127049356699,-0.0009943600744009018,0.05331147089600563,0.05580410361289978,1.622692584991455,-0.010403456166386604,0.03036188706755638,0.001426903298124671,0.000853121280670166,-3.4533427424321417e-06,0.024985436350107193,0.0040062544867396355,0.0040201665833592415,5.002302714274265e-06,7.116672350093722e-06,,,,,2.0279646686339037,,,,,,,,,1320,1.5166666666666666
12.525000000001278,retreat,12.525000653229654,11.25405742320698,14.021174609661104,-0.23859739303588867,-0.0038039534047129564,1.9519408922394221,0.052352297643665224,0.09691328065893987,1.9403165578842163,0.024688484147191048,3.779127836227417,-0.019807448552455753,56,1.9023802280426025,0.03195062279701233,0.03903951868414879,0.002848010277375579,-0.00710263306973502,-14.15718100452321,-0.006900712847709656,-0.004112139344215393,-1.9402998685836792,0.0027305264957249165,-0.024537019431591034,1.547612191643566e-05,0.00011412354069761932,0.017033282667398453,-7.92258360888809e-05,0.9998549222946167,-0.0009828758193179965,0.00048407691065222025,0.00044701399747282267,0.27540236711502075,0.2675752639770508,-0.008604027330875397,-0.47988513112068176,0.5608193278312683,0.49402108788490295,-1.9838230609893799,-0.388208270072937,2.414517879486084,1.0388827323913574,0.0014050697209313512,0.000561465451028198,-0.0023373570293188095,-0.002395021030679345,-0.0007828706875443459,0.0025401366874575615,0.0007143250550143421,0.600854754447937,-1.2306802091188729e-05,0.09335312247276306,-0.0011415566550567746,0.9998459815979004,9.295360359828919e-05,-0.017506279051303864,4.0669809095561504e-05,6.534583371831104e-05,0.032392654567956924,-0.0004732174566015601,-0.00022510465350933373,0.9999992251396179,-0.0010585958370938897,-0.06785993278026581,-0.012709592469036579,-1.9011269807815552,0.0006164480582810938,-0.03194163367152214,0.0004408932290971279,-0.0012666881084442139,0.008360615000128746,1.9023613929748535,-0.001113261329010129,0.02221638895571232,-0.0003475752891972661,0.0008515119552612305,-4.057912065036362e-06,0.02498549222946167,0.004006251227110624,0.004020218271762133,4.998144504497759e-06,7.109949365258217e-06,,,,,2.0279646686339037,,,,,,,,,1320,1.525
12.533333333334618,retreat,12.533333986997604,11.220438213572777,14.02031406760216,-0.2378225326538086,-0.00354080157194403,1.9534442655234372,0.04659963087760843,0.10467831195095843,1.4169384241104126,0.022543789818882942,3.6664369106292725,-0.020377472537802532,57,1.4579061269760132,0.02257598750293255,0.08212519437074661,0.01433196198195219,-0.006484272074885666,-14.156425173206669,0.10561488568782806,0.0718490332365036,-1.4111689329147339,0.0021288550924509764,-0.022442970424890518,6.002068403176963e-05,0.00010716460383264348,0.01704588159918785,-8.008655277080834e-05,0.9998546242713928,-3.927029320038855e-05,0.000711750122718513,0.0007299272110685706,0.2763429284095764,0.25049108266830444,-0.0016324418829753995,-0.4798848628997803,0.560815155506134,0.49401989579200745,-1.9838272333145142,-0.3882165849208832,2.414555788040161,1.0388827323913574,0.0011929144384339452,0.000633198011200875,-0.0017408879939466715,-0.0018172512063756585,-0.0004342497559264302,0.005379813257604837,0.000702414195984602,0.6008618474006653,-1.1385389370843768e-05,0.09335686266422272,-0.001142627326771617,0.999846339225769,9.621024219086394e-05,-0.01748760975897312,3.3246236853301525e-05,6.607551040360704e-05,0.03239575773477554,-0.0004419346514623612,-0.0002214206469943747,0.9999991655349731,-0.0010588729055598378,-0.09346157312393188,0.0419769287109375,-1.4543015956878662,-0.00563616119325161,-0.021836435422301292,0.0010387529619038105,-0.042540956288576126,-0.04531657695770264,1.4565809965133667,0.00048654619604349136,0.008385071530938148,-0.0010297003900632262,0.0008521676063537598,-4.095080839761067e-06,0.024985473603010178,0.004006238654255867,0.00402024807408452,5.087800673209131e-06,7.236230885609984e-06,,,,,2.0279646686339037,,,,,,,,,1320,1.5333333333333332
12.541666666667957,retreat,12.541667320765555,11.18665971822059,14.02043327689171,-0.2384185791015625,-0.003044927780138096,1.9534442655234372,0.05008255175198428,0.08846931922527276,2.0085532665252686,0.026950174942612648,3.931328773498535,-0.019364097170182504,57,1.9357755184173584,0.05325249210000038,0.11263333261013031,0.02531931735575199,-0.004951742659613956,-14.15654438249622,-0.16137667000293732,0.07165087759494781,-2.00077748298645,0.0005256235017441213,-0.026944568380713463,-0.00016079236229415983,0.000133109962916933,0.017045989632606506,-6.904204929014668e-05,0.9998546838760376,-0.0005737189785577357,0.0002640137681737542,2.5408808141946793e-05,0.23576202988624573,0.22602994740009308,-0.034230951219797134,-0.47988349199295044,0.5608147978782654,0.494019478559494,-1.9838359355926514,-0.38821932673454285,2.414555788040161,1.0388845205307007,0.0012583353091031313,0.0009268808644264936,-0.001617360976524651,-0.0023664957843720913,0.00047451507998630404,0.0006034512189216912,0.00019488923135213554,0.6008579134941101,-9.854338713921607e-06,0.09335391968488693,-0.0011416932102292776,0.999846339225769,9.810714254854247e-05,-0.017491331323981285,3.67241445928812e-05,6.704223051201552e-05,0.03239281848073006,-0.0004455773741938174,-0.00024943490279838443,0.9999992847442627,-0.0010684948647394776,0.003618581686168909,0.06320938467979431,-1.9347398281097412,-0.01467090006917715,-0.05118679255247116,-0.0007105162949301302,0.07129864394664764,-0.06761879473924637,1.9332796335220337,-0.005389575846493244,0.05177744850516319,0.0010197637602686882,0.0008521676063537598,-3.565050064935349e-06,0.024985473603010178,0.004006232134997845,0.004020237363874912,5.095706910651643e-06,7.251393981277943e-06,,,,,2.0279646686339037,,,,,,,,,1320,1.5416666666666667
12.550000000001297,retreat,12.550000654533505,11.152722710382058,14.020224660634996,-0.2378225326538086,-0.0026132622679142514,1.9528430550385723,0.051674232963705435,0.08846931922527276,1.1883405447006226,0.027699947357177734,3.7752559185028076,-0.019997456547571346,58,1.2655726671218872,0.004543637856841087,0.0957525297999382,0.016202930361032486,-0.006895017344504595,-14.15629389162328,-0.056008871644735336,-0.013868913054466248,-1.1869388818740845,0.0012033500242978334,-0.027672791853547096,-0.00023567580501548946,0.0001497891207691282,0.017040666192770004,-4.873265788774006e-05,0.9998548030853271,-5.0587113946676254e-05,-0.00011524553701747209,0.000528607633896172,0.22296760976314545,0.2369026094675064,-0.006237921305000782,-0.47988444566726685,0.5608115792274475,0.49402257800102234,-1.9838420152664185,-0.38823047280311584,2.414557933807373,1.0389072895050049,0.0007647522143088281,0.0003127741802018136,-0.0010574577609077096,-0.001854853704571724,-0.0010694997617974877,0.0028089869301766157,0.001415955601260066,0.6008566617965698,-8.996838005259633e-06,0.09335388243198395,-0.0011384744429960847,0.999846339225769,9.229674469679594e-05,-0.01749059557914734,3.8514845073223114e-05,6.726542778778821e-05,0.03239251300692558,-0.00045018200762569904,-0.00026059645460918546,0.9999992847442627,-0.0010853910353034735,0.07354255020618439,-0.012360219843685627,-1.263373613357544,-0.004093338269740343,-0.0015232834266498685,0.0012525316560640931,0.11768355220556259,0.009504581801593304,1.2600533962249756,-0.005836174823343754,0.01219770684838295,-0.001026729354634881,0.0008519291877746582,-2.5639044451963855e-06,0.024985481053590775,0.00400625029578805,0.004020321648567915,5.1285278459545225e-06,7.2950206231325865e-06,,,,,2.0279646686339037,,,,,,,,,1320,1.55
12.558333333334637,retreat,12.558333988301456,11.118627963288821,14.019021391868593,-0.23734569549560547,-0.004228596026223386,1.9508376824639968,0.052156505262246355,0.08846931922527276,1.798460841178894,0.02631879784166813,3.6718153953552246,-0.01930076177814044,57,1.784711241722107,0.03851967304944992,0.038544297218322754,0.009142173454165459,-0.014327566605061293,-14.154950947528219,-0.03996601328253746,-0.08921828866004944,-1.7958018779754639,0.0030840400140732527,-0.02613743208348751,-5.010829772800207e-05,0.00012451190559659153,0.017023708671331406,-5.127776603330858e-05,0.999855101108551,-0.00016578017675783485,-0.0012423177249729633,0.0039898850955069065,0.25037145614624023,0.28106689453125,0.09374835342168808,-0.4798872470855713,0.5608057379722595,0.49402621388435364,-1.9838452339172363,-0.3882475197315216,2.414557933807373,1.0389301776885986,0.001136322971433401,0.00036789674777537584,-0.0018144005443900824,-0.001752290758304298,-0.0019217832013964653,0.0013945987448096275,0.0015374055365100503,0.6008566617965698,-9.74586873780936e-06,0.09335608035326004,-0.0011324745137244463,0.9998463988304138,8.820642688078806e-05,-0.01748782768845558,3.884686157107353e-05,6.774970097467303e-05,0.03239348903298378,-0.00046434332034550607,-0.00023106943990569562,0.9999992847442627,-0.0010773602407425642,-0.040748193860054016,-0.06161022186279297,-1.78318190574646,-0.0005290643312036991,-0.03849415108561516,-0.0012983777560293674,0.02162705734372139,0.05756857246160507,1.7836511135101318,-0.00926209893077612,0.03267170861363411,0.0016975756734609604,0.0008510351181030273,-2.6694997359300032e-06,0.024985507130622864,0.0040062591433525085,0.0040191118605434895,5.1064744184259325e-06,7.260910933837295e-06,,,,,2.0279646686339037,,,,,,,,,1320,1.5583333333333333
12.566666666667977,retreat,12.566667322069407,11.084376250172525,14.017046988010408,-0.23752450942993164,-0.0030341122965182876,1.952141408878116,0.05124952076585032,0.09691328065893987,1.8279359340667725,0.0249138493090868,3.702683687210083,-0.019300759959151037,56,1.8080041408538818,0.027935659512877464,0.024860741570591927,0.005034175701439381,-0.006419357610866427,-14.153067348967603,-0.024826154112815857,0.056612953543663025,-1.8268903493881226,0.0003645193064585328,-0.024910973384976387,0.00010212765482719988,0.00011549111513886601,0.01703476719558239,-5.612648237729445e-05,0.9998549222946167,-0.00027789041632786393,-0.005224406719207764,0.00045526097528636456,0.3136349320411682,0.22650976479053497,-0.010863034054636955,-0.4798893332481384,0.5608004331588745,0.4940289258956909,-1.983850121498108,-0.3882580101490021,2.414558172225952,1.0389419794082642,0.0011297606397420168,0.0006338960374705493,-0.0015846393071115017,-0.002021855441853404,-0.000502466456964612,0.0024932792875915766,0.0007882673526182771,0.6008561253547668,-1.026854442898184e-05,0.0933576449751854,-0.0011284796055406332,0.9998463988304138,8.699826867086813e-05,-0.01748635061085224,3.909459337592125e-05,6.577414023922756e-05,0.03239306062459946,-0.000451799453003332,-0.00022070166596677154,0.9999992251396179,-0.001068695797584951,-0.037922877818346024,0.03716181591153145,-1.8072243928909302,-0.0014803080121055245,-0.02788497507572174,0.0007987163262441754,0.025299500674009323,-0.04124249517917633,1.8073562383651733,0.003973843064159155,0.02247975394129753,-0.0008836066699586809,0.0008516311645507812,-2.9042851110716583e-06,0.02498549222946167,0.004006263799965382,0.004019123036414385,-0.0003183941589668393,-0.00045292824506759644,,,,,2.0279646686339037,,,,,,,,,1320,1.5666666666666667
12.575000000001317,retreat,12.575000655837357,11.049968344264803,14.01660740375519,-0.23728609085083008,-0.00467411473437096,1.950235668743904,0.052137580496491864,0.08846931922527276,1.6748948097229004,0.026447676122188568,3.6411921977996826,-0.019110753783024848,56,1.6869605779647827,0.02917531132698059,0.016838734969496727,0.004955424927175045,-0.009510846342891455,-14.152495028787827,-0.017949149012565613,-0.02863992750644684,-1.6745537519454956,0.0030512609519064426,-0.026270367205142975,0.00019275923841632903,0.00010172076872549951,0.01701810397207737,-5.349334605853073e-05,0.9998551607131958,-8.466914732707664e-05,-0.0011286690132692456,0.0020380690693855286,0.24570631980895996,0.24609677493572235,0.003278147429227829,-0.4798896610736847,0.560796320438385,0.49402934312820435,-1.983854055404663,-0.3882693648338318,2.4145584106445312,1.0389564037322998,0.0012354651698842645,0.0005756114842370152,-0.0018406889867037535,-0.0017760510090738535,-0.001285852980799973,0.0025859822053462267,0.001164678018540144,0.6008554697036743,-1.1229916708543897e-05,0.09335870295763016,-0.0011240958701819181,0.9998464584350586,8.424511179327965e-05,-0.017485367134213448,3.9946287870407104e-05,6.61732119624503e-05,0.03239365667104721,-0.0004674626688938588,-0.00020413275342434645,0.9999992847442627,-0.0010672358330339193,-0.029679249972105026,-0.029037820175290108,-1.6864495277404785,-0.00365705625154078,-0.02894485741853714,0.00014146766625344753,0.02930280938744545,0.025245677679777145,1.6865168809890747,-0.007743773050606251,0.02472333051264286,0.00018571596592664719,0.0008507966995239258,-2.7608348318608478e-06,0.024985522031784058,0.004006257746368647,0.004019163083285093,5.1993602028233e-06,7.3963310569524765e-06,,,,,2.0279646686339037,,,,,,,,,1320,1.575
12.583333333334657,retreat,12.583333989605308,11.015405018797303,14.014979451894762,-0.2377033233642578,-0.0056403391681669746,1.9518406261982555,0.05163664172869176,0.10467831195095843,1.896518349647522,0.023271650075912476,3.6448001861572266,-0.01885741039586719,58,1.8779387474060059,0.035710591822862625,0.020097993314266205,0.00037833774695172906,-0.006639787461608648,-14.150978863170868,0.022333327680826187,0.01970386505126953,-1.8962844610214233,0.0015893843956291676,-0.023215701803565025,0.00027328860596753657,8.052680641412735e-05,0.017032254487276077,-5.063827120466158e-05,0.9998548626899719,-0.00027347757713869214,0.0001587079605087638,0.0005884504644200206,0.2769372761249542,0.23989447951316833,-0.02156035602092743,-0.47988951206207275,0.5607932806015015,0.49402952194213867,-1.9838573932647705,-0.3882802426815033,2.4145638942718506,1.038968563079834,0.0014908163575455546,0.0008854575571604073,-0.002091915812343359,-0.001747742062434554,-0.0009289361769333482,0.00300394999794662,0.0009158655884675682,0.6008559465408325,-1.12987618194893e-05,0.0933595672249794,-0.0011207122588530183,0.9998464584350586,8.308351243613288e-05,-0.017481956630945206,3.880471922457218e-05,6.68507709633559e-05,0.03239291161298752,-0.00044987554429098964,-0.0001817876473069191,0.9999991655349731,-0.0010670970659703016,-0.08718986064195633,0.007688895333558321,-1.8758978843688965,-0.003147898707538843,-0.0355692058801651,0.0004106464039068669,-0.021556541323661804,-0.01190535444766283,1.8777774572372437,-0.0019276234088465571,0.023046648129820824,-0.00028572522569447756,0.0008515119552612305,-2.600124389573466e-06,0.02498549595475197,0.0040062484331429005,0.004019210580736399,5.394278559833765e-06,7.671973435208201e-06,,,,,2.0279646686339037,,,,,,,,,1320,1.5833333333333333
12.591666666667997,retreat,12.591667323373258,10.980687047001659,14.015534520149233,-0.23788213729858398,-0.005647378202411346,1.9518406261982555,0.05135384344612248,0.08846931922527276,1.817173719406128,0.023659314960241318,3.7076046466827393,-0.019554105165298097,56,1.8139674663543701,0.03406926244497299,0.009009922854602337,0.0015621253987774253,-0.006884998758323491,-14.15153393142534,0.013420965522527695,0.023950576782226562,-1.8169662952423096,0.0016480744816362858,-0.023600395768880844,0.00026137649547308683,8.571307989768684e-05,0.017031878232955933,-4.6203880629036576e-05,0.9998549222946167,-0.0005313039291650057,0.001337592490017414,0.0005335932946763933,0.32444989681243896,0.2616458237171173,-0.0016129869036376476,-0.47988688945770264,0.5607934594154358,0.4940272569656372,-1.9838603734970093,-0.38828983902931213,2.4145708084106445,1.038977861404419,0.0016007721424102783,0.0010599256493151188,-0.0021364770364016294,-0.0015945356572046876,-0.0008426231797784567,0.0031758896075189114,0.0008930681506171823,0.6008560061454773,-1.1109717888757586e-05,0.09335851669311523,-0.0011178429704159498,0.9998465776443481,8.276744483737275e-05,-0.017479706555604935,3.840343561023474e-05,6.686017877655104e-05,0.032392438501119614,-0.0004480046045500785,-0.00018668697157409042,0.9999992847442627,-0.00106857530772686,-0.07192770391702652,0.012988139875233173,-1.8124942779541016,-0.005163831636309624,-0.0336713045835495,0.0005410308367572725,-0.008527763187885284,-0.017049111425876617,1.8138670921325684,-0.0031860782764852047,0.023350512608885765,-0.0003724556299857795,0.0008514523506164551,-2.382852017035475e-06,0.02498549222946167,0.004006237257272005,0.0040193223394453526,5.021473043598235e-06,7.1419053710997105e-06,,,,,2.0279646686339037,,,,,,,,,1320,1.5916666666666666
12.600000000001337,retreat,12.600000657141209,10.945815202109518,14.014506340026857,-0.23740530014038086,-0.004631130195775768,1.9529432696339664,0.05114961095387116,0.09691328065893987,1.6351763010025024,0.025757193565368652,3.732703685760498,-0.019554105165298097,58,1.6517581939697266,0.02952454797923565,0.019685741513967514,0.0030219550244510174,-0.0059570876765064895,-14.15058255101375,-0.052944790571928024,0.04871911555528641,-1.6335927248001099,0.0006389009649865329,-0.025749167427420616,-7.190347969299182e-05,0.00013185459829401225,0.017041461542248726,-4.046818503411487e-05,0.9998547434806824,5.35936706000939e-05,0.0005198181606829166,0.0003722186083905399,0.2555525004863739,0.22646157443523407,-0.01598018780350685,-0.47988665103912354,0.5607922673225403,0.4940299391746521,-1.9838606119155884,-0.38829877972602844,2.4145708084106445,1.0389891862869263,0.0012413507793098688,0.0009165731607936323,-0.0014695635763928294,-0.001412914483807981,-0.0005068784230388701,0.002382318489253521,0.0008427227148786187,0.6008564233779907,-1.0248288162983954e-05,0.09335941821336746,-0.0011152891675010324,0.9998465180397034,8.184082980733365e-05,-0.01747826486825943,3.8365134969353676e-05,6.65406187181361e-05,0.03239229694008827,-0.00043703083065338433,-0.0002319616760360077,0.9999992251396179,-0.0010709662456065416,-0.0028899763710796833,0.03495948016643524,-1.6513856649398804,-0.007521777879446745,-0.028546983376145363,0.00043760929838754237,0.054834332317113876,-0.038638222962617874,1.6503955125808716,-0.00237884558737278,0.028193263337016106,-0.00029031335725449026,0.0008519291877746582,-2.1354649106797297e-06,0.024985477328300476,0.00400622608140111,0.004019411746412516,5.034029527450912e-06,7.164489943534136e-06,,,,,2.0279646686339037,,,,,,,,,1320,1.6
12.608333333334677,retreat,12.60833399090916,10.910790257352517,14.014737308025362,-0.2377629280090332,-0.004287359843146987,1.9517403550081511,0.051549955969676375,0.08846931922527276,1.9573673009872437,0.024639194831252098,3.757554054260254,-0.019300759959151037,55,1.9356842041015625,0.03512459248304367,0.027623683214187622,0.005316527560353279,-0.0061009731143713,-14.150729735356427,-0.0416589193046093,0.010240733623504639,-1.9568971395492554,0.0013561913510784507,-0.02460157684981823,-0.00011408251884859055,0.00014135405945125967,0.017031164839863777,-3.3217929740203544e-05,0.9998549818992615,-0.0003082972252741456,-0.00023476878413930535,0.0003000065335072577,0.20496277511119843,0.2323063164949417,-0.05168212577700615,-0.47988635301589966,0.5607919692993164,0.4940328598022461,-1.9838621616363525,-0.388308048248291,2.4145708084106445,1.03900146484375,0.0014698713785037398,0.0010976323392242193,-0.0017730459803715348,-0.0015136395813897252,-0.0007595836068503559,0.001765587949194014,0.0009933215333148837,0.6008561849594116,-8.797709597274661e-06,0.09335969388484955,-0.001112868427298963,0.9998465776443481,8.067371527431533e-05,-0.01747763715684414,3.822299186140299e-05,6.749296153429896e-05,0.03239281103014946,-0.0004467106191441417,-0.0002403670659987256,0.9999992847442627,-0.0010756492847576737,-0.042366914451122284,0.011880605481564999,-1.9351840019226074,-0.006933823227882385,-0.03443323075771332,-0.0001081541195162572,0.025295313447713852,-0.016190139576792717,1.9354517459869385,-0.005083365365862846,0.028385335579514503,0.00035243609454482794,0.0008514523506164551,-1.7810266399465036e-06,0.024985499680042267,0.004006218630820513,0.004019529093056917,5.2465848057181574e-06,7.463153451681137e-06,,,,,2.0279646686339037,,,,,,,,,1320,1.6083333333333334
12.616666666668017,retreat,12.61666732467711,10.875612985962295,14.014230668544771,-0.2372264862060547,-0.0057188758546544705,1.9511386196953744,0.05115498061059043,0.10467831195095843,1.641343116760254,0.027343502268195152,3.700420618057251,-0.01942743438121397,57,1.6681387424468994,0.022369952872395515,0.042647991329431534,0.006899193394929171,-0.010619312524795532,-14.150181184662586,-0.0660930797457695,-0.10667876899242401,-1.6365386247634888,0.003355985041707754,-0.027136707678437233,-5.963581497780979e-05,0.000128090352518484,0.017025936394929886,-2.3056523787090555e-05,0.9998549818992615,2.8481154004111886e-06,0.00022296805400401354,0.0023824688978493214,0.2745163142681122,0.2562147378921509,0.0407567098736763,-0.47988471388816833,0.5607895851135254,0.4940322935581207,-1.9838621616363525,-0.38832512497901917,2.4145708084106445,1.0390243530273438,0.0014610514044761658,0.0007198257953859866,-0.0021072698291391134,-0.0011938801035284996,-0.0021547807846218348,0.0014712719712406397,0.0016678196843713522,0.6008570194244385,-9.859970305114985e-06,0.09336072951555252,-0.0011067682644352317,0.9998465776443481,7.616989751113579e-05,-0.017475301399827003,3.7792488001286983e-05,6.747294537490234e-05,0.03239334747195244,-0.00044958642683923244,-0.00022267097665462643,0.9999991655349731,-0.0010800205636769533,0.021647684276103973,-0.08116625249385834,-1.6660223007202148,0.0015591816045343876,-0.022315502166748047,4.5898686948930845e-05,0.07984510064125061,0.07748740911483765,1.6644240617752075,-0.010052558034658432,0.025503894314169884,0.0003574614820536226,0.0008511543273925781,-1.2617019820027053e-06,0.024985507130622864,0.004006228409707546,0.004019559361040592,5.10674999532057e-06,7.263937732204795e-06,,,,,2.0279646686339037,,,,,,,,,1320,1.6166666666666667
12.625000000001357,retreat,12.62500065844506,10.840284161170498,14.012505859136583,-0.23752450942993164,-0.0065319231907778885,1.9530434790891387,0.04972275564796291,0.08846931922527276,2.0134356021881104,0.024640383198857307,3.7105555534362793,-0.018920745787909254,58,1.9843257665634155,0.03135931119322777,0.03506520390510559,0.00375189958140254,-0.006109264038968831,-14.148589049763649,-0.06715694069862366,-0.019453614950180054,-2.012221336364746,0.002109806751832366,-0.02454940415918827,0.00015465203614439815,9.46040017879568e-05,0.017042871564626694,-3.24232860293705e-05,0.9998547434806824,-0.0003441463632043451,0.0005675890133716166,0.0004851631820201874,0.29379814863204956,0.22828145325183868,-0.05023398995399475,-0.4798841178417206,0.5607863068580627,0.4940316379070282,-1.9838626384735107,-0.3883398175239563,2.4145708084106445,1.0390373468399048,0.0016049874247983098,0.0008828918798826635,-0.002339964034035802,-0.0015170143451541662,-0.0011888499138876796,0.0012187801767140627,0.0008825473487377167,0.600857675075531,-1.1239710147492588e-05,0.09336213767528534,-0.0011011377209797502,0.9998466968536377,7.529149297624826e-05,-0.0174728874117136,3.667222335934639e-05,6.654163007624447e-05,0.03239307552576065,-0.00043019838631153107,-0.0001880687486846,0.9999992847442627,-0.001065624295733869,-0.02236972004175186,-0.026178494095802307,-1.9840270280838013,0.0027442527934908867,-0.031238634139299393,-0.00015230869757942855,0.04696410149335861,0.0218107420951128,1.983651041984558,-0.0009028338827192783,0.028079165145754814,0.00024628874962218106,0.000852048397064209,-1.7015445337165147e-06,0.024985473603010178,0.004006221890449524,0.004019627347588539,5.0895641834358685e-06,7.239694241434336e-06,,,,,2.0279646686339037,,,,,,,,,1320,1.625
12.633333333334697,retreat,12.63333399221301,10.804804556208763,14.01326581835747,-0.2377033233642578,-0.006116662461863598,1.9523419049305772,0.050944046961376444,0.10467831195095843,1.9334677457809448,0.024163223803043365,3.7176902294158936,-0.019554105165298097,56,1.9285978078842163,0.023622551932930946,0.02158454991877079,0.0047814263962209225,-0.006100373342633247,-14.149300143974246,-0.04004621133208275,0.05160227417945862,-1.9323641061782837,0.0019599220249801874,-0.02408231608569622,0.00024921755539253354,9.023304301081225e-05,0.017036179080605507,-3.869184365612455e-05,0.9998548030853271,-0.000633848540019244,0.0007524774991907179,0.0004685934982262552,0.2796415686607361,0.24946725368499756,0.010127915069460869,-0.4798814058303833,0.5607859492301941,0.4940287172794342,-1.9838672876358032,-0.38834694027900696,2.4145708084106445,1.0390403270721436,0.0015653023729100823,0.0010419219033792615,-0.0021295235492289066,-0.0017599101411178708,-0.00020870687148999423,0.0024541798047721386,0.0003924261254724115,0.6008554697036743,-1.1671902029775083e-05,0.09336013346910477,-0.001098011271096766,0.9998466372489929,7.719722634647042e-05,-0.017474915832281113,3.878551069647074e-05,6.548714736709371e-05,0.032391756772994995,-0.00043891239329241216,-0.0001854326983448118,0.9999991655349731,-0.0010562724201008677,-0.02275543473660946,0.026772893965244293,-1.9282777309417725,-0.003230189671739936,-0.023384835571050644,0.0008604128379374743,0.04464457929134369,-0.031005913391709328,1.9278322458267212,0.0007309908978641033,0.020174330100417137,-0.000839700922369957,0.0008516907691955566,-2.0111729099880904e-06,0.02498548850417137,0.004006200935691595,0.004019673448055983,5.063656772108516e-06,7.200869731605053e-06,,,,,2.0279646686339037,,,,,,,,,1320,1.6333333333333333
12.641666666668037,retreat,12.641667325980961,10.769174944308732,14.012286067008974,-0.23734569549560547,-0.006315299287962262,1.9536446279198196,0.04671466740546748,0.09691328065893987,1.718688726425171,0.023768316954374313,3.703298568725586,-0.019554105165298097,56,1.744858980178833,0.024481263011693954,0.03520897030830383,0.004532514605671167,-0.0058198998449370265,-14.148411127953027,-0.013587675988674164,0.03141295909881592,-1.7183479070663452,0.0018042533192783594,-0.02369927242398262,0.00014857745554763824,9.647122351452708e-05,0.017048273235559464,-2.412042158539407e-05,0.9998546242713928,-5.2015690016560256e-05,0.0008833931060507894,0.0006131762056611478,0.29721599817276,0.2241426706314087,0.004994845949113369,-0.47988131642341614,0.5607837438583374,0.49403116106987,-1.983867883682251,-0.3883557915687561,2.414600133895874,1.0390491485595703,0.0013482347130775452,0.0009216075413860381,-0.0017238770378753543,-0.0014506084844470024,-0.000492084538564086,0.0029206345789134502,0.0006948249065317214,0.600862443447113,-8.863280527293682e-06,0.09336387366056442,-0.0010990973096340895,0.9998469352722168,7.75256849010475e-05,-0.01745869778096676,3.121839836239815e-05,6.85695995343849e-05,0.03239474445581436,-0.0004106044943910092,-0.0001922880910569802,0.9999992251396179,-0.0010718143312260509,-0.024660523980855942,0.020418720319867134,-1.7445652484893799,-0.0072519900277256966,-0.02337375283241272,0.0006391658680513501,0.036263562738895416,-0.024253007024526596,1.7443134784698486,-0.004204561002552509,0.019866084679961205,-0.0004467120161280036,0.0008522868156433105,-1.2880791473435238e-06,0.02498546987771988,0.0040061897598207,0.004019708372652531,5.081924427940976e-06,7.227848982438445e-06,,,,,2.0279646686339037,,,,,,,,,1320,1.6416666666666666
12.650000000001377,retreat,12.650000659748912,10.733396098702045,14.013608545064928,-0.23818016052246094,-0.006190389285620768,1.9528430550385723,0.04798379086423665,0.09691328065893987,2.267963171005249,0.02645539492368698,3.959862232208252,-0.019554105165298097,55,2.197120189666748,0.0392342135310173,0.10747727006673813,0.02076176553964615,-0.005410277080954984,-14.149677776053212,-0.20126797258853912,-0.07327505946159363,-2.257826089859009,0.0031549499835819006,-0.026266543194651604,5.448541196528822e-05,9.468641655985266e-05,0.017040632665157318,-2.093057264573872e-05,0.9998547434806824,-0.0010790685191750526,0.0004539182409644127,0.00019166944548487663,0.28228941559791565,0.23905049264431,0.018783824518322945,-0.47987857460975647,0.5607838034629822,0.49402758479118347,-1.983874797821045,-0.3883655369281769,2.414600133895874,1.0390549898147583,0.0017262647161260247,0.0009999293833971024,-0.0025286823511123657,-0.002073862124234438,-0.000884073378983885,-0.00085179548477754,0.0007042845245450735,0.6008591651916504,-9.677503840066493e-06,0.09336088597774506,-0.0010951720178127289,0.999846875667572,7.882506906753406e-05,-0.017461810261011124,3.380433190613985e-05,6.737146031809971e-05,0.03239299729466438,-0.00042135477997362614,-0.00019178132060915232,0.9999992251396179,-0.0010710882488638163,0.04432930424809456,-0.04721355438232422,-2.1961655616760254,-0.0043215942569077015,-0.03899002820253372,-0.0006519242888316512,0.12098336219787598,0.042418576776981354,2.1933774948120117,-0.010970414616167545,0.045464593917131424,0.001130546210333705,0.0008519291877746582,-1.127052655647276e-06,0.024985481053590775,0.004006193019449711,0.00401981920003891,4.98193458042806e-06,7.087277481332421e-06,,,,,2.0279646686339037,,,,,,,,,1320,1.65
12.658333333334717,retreat,12.658333993516862,10.697468792620342,14.012703299522402,-0.2377033233642578,-0.005135371338838013,1.9538449697774531,0.04904285742668435,0.07912936237050427,1.3979926109313965,0.027558982372283936,3.8524580001831055,-0.020060793758602813,55,1.4799787998199463,0.009666900150477886,0.09883976727724075,0.016818759962916374,-0.005860139150172472,-14.1488423143738,-0.13959747552871704,0.0522473007440567,-1.3900238275527954,0.0008855602354742587,-0.027544651180505753,-7.35292851459235e-05,0.0001221921411342919,0.017049606889486313,-1.9390845409361646e-05,0.9998546838760376,-7.416759035550058e-05,-3.3566466299816966e-05,0.000641754362732172,0.22236588597297668,0.2164028286933899,0.010307270102202892,-0.4798797369003296,0.5607792735099792,0.49402979016304016,-1.983880877494812,-0.3883730471134186,2.414600133895874,1.039062738418579,0.0007482439978048205,0.0003048578219022602,-0.0010984382824972272,-0.00204979139380157,-0.00023499364033341408,0.0019285824382677674,0.0006598442560061812,0.6008575558662415,-9.416224202141166e-06,0.09336146712303162,-0.001092432765290141,0.999846875667572,7.878596079535782e-05,-0.01746184192597866,3.5880133509635925e-05,6.639985804213211e-05,0.032392602413892746,-0.00041244359454140067,-0.00021923330496065319,0.9999993443489075,-0.0010694102384150028,0.1431705504655838,0.02016712725162506,-1.4728994369506836,-0.0002446492144372314,0.009533805772662163,0.0015797665109857917,0.1945170760154724,-0.02335258200764656,1.4669538736343384,0.0027080727741122246,0.011205971240997314,-0.0016596781788393855,0.0008523464202880859,-1.0735675459727645e-06,0.024985462427139282,0.0040061878971755505,0.004019892308861017,5.092527317174245e-06,7.2463881224393845e-06,,,,,2.0279646686339037,,,,,,,,,1320,1.6583333333333332
12.666666666668057,retreat,12.666667327284813,10.661393799295265,14.010810852050783,-0.23692846298217773,-0.0067078526626573876,1.9500349562190868,0.05080911432742141,0.09691328065893987,2.011005401611328,0.025603417307138443,3.6711902618408203,-0.019490769773256034,57,2.0027148723602295,0.03003455512225628,0.0300805252045393,0.008142096921801567,-0.014475700445473194,-14.146684497328913,-0.0879368931055069,-0.06603406369686127,-2.0079963207244873,0.002717717085033655,-0.025458769872784615,4.782617907039821e-06,0.00011694293789332733,0.017016425728797913,-7.662116331630386e-06,0.9998552203178406,-0.0003843283629976213,0.0003095550346188247,0.003917556721717119,0.27176591753959656,0.27703458070755005,0.0810021162033081,-0.4798848032951355,0.5607723593711853,0.49403613805770874,-1.9838862419128418,-0.3883844017982483,2.414600133895874,1.0390743017196655,0.000988683314062655,0.0002570001524873078,-0.0016613152110949159,-0.0020786321256309748,-0.0012335286010056734,0.0008212640532292426,0.0010271145729348063,0.6008569598197937,-9.412789950147271e-06,0.09336391091346741,-0.0010889116674661636,0.9998469352722168,7.805254426784813e-05,-0.017459671944379807,3.712880425155163e-05,6.774981738999486e-05,0.03239310532808304,-0.0004434515140019357,-0.00021336005011107773,0.9999992251396179,-0.001077722874470055,0.0006271615857258439,-0.04687199741601944,-2.002166271209717,-0.0027204505167901516,-0.029900256544351578,-0.0008051737095229328,0.07052524387836456,0.0425177700817585,2.001020908355713,-0.009325917810201645,0.03006156161427498,0.0011951056076213717,0.000850677490234375,-4.825478754355572e-07,0.024985522031784058,0.0040062000043690205,0.00402001291513443,4.988201908417977e-06,7.091584848240018e-06,,,,,2.0279646686339037,,,,,,,,,1320,1.6666666666666667
12.675000000001397,retreat,12.675000661052763,10.625171891958455,14.009551703929903,-0.23764371871948242,-0.00698304256729898,1.9512389217957782,0.050724760512821376,0.09691328065893987,2.2650811672210693,0.021420108154416084,3.6878952980041504,-0.018920745787909254,54,2.225038766860962,0.028328612446784973,0.04041270539164543,0.0030085311736911535,-0.006043134490028024,-14.145509206148178,-0.010800909250974655,-0.03273932635784149,-2.2648186683654785,0.002390885027125478,-0.02128562144935131,0.00016436442092526704,8.33145750220865e-05,0.017026836052536964,-1.4304901924333535e-05,0.9998549818992615,-0.0007255546515807509,0.0003647661069408059,0.00040982215432450175,0.2745460271835327,0.24137286841869354,-0.02200925536453724,-0.47988635301589966,0.560766339302063,0.4940367639064789,-1.9838932752609253,-0.3883979618549347,2.414600133895874,1.0390862226486206,0.0015398231334984303,0.0006495463312603533,-0.0025120361242443323,-0.002354125725105405,-0.001142068998888135,0.002112020505592227,0.0008869058801792562,0.6008553504943848,-1.0656047379598022e-05,0.09336493164300919,-0.0010834167478606105,0.9998469352722168,7.802228356013075e-05,-0.01745910570025444,3.797723911702633e-05,6.642541120527312e-05,0.03239282965660095,-0.0004324360052123666,-0.00017950826440937817,0.9999992251396179,-0.0010661741252988577,-0.06954209506511688,-0.03217488154768944,-2.2237191200256348,0.001904777018353343,-0.028258806094527245,0.0005674698040820658,0.008133314549922943,0.027349717915058136,2.224855899810791,-0.0026158932596445084,0.018297605216503143,-0.00043341703712940216,0.0008512139320373535,-7.860708137741312e-07,0.024985507130622864,0.004006206523627043,0.0040200999937951565,5.018439878767822e-06,7.139373337849975e-06,,,,,2.0279646686339037,,,,,,,,,1320,1.675
12.683333333334737,retreat,12.683333994820714,10.588803843841552,14.008732140064241,-0.2371072769165039,-0.006371661129378481,1.9498342230412522,0.047155015636235476,0.08846931922527276,1.887229323387146,0.02324516326189041,3.659726142883301,-0.01961744055734016,57,1.907120943069458,0.021614976227283478,0.044273439794778824,0.007664287928491831,-0.00584818929200992,-14.1445918041477,-0.005075370892882347,0.0811300054192543,-1.8854777812957764,0.0003686900599859655,-0.023242037743330002,9.668590791989118e-05,0.00011351350258337334,0.017014404758810997,-1.4531175111187622e-05,0.9998552799224854,-0.00020543878781609237,0.0001640295668039471,0.0003151209675706923,0.24043972790241241,0.23641763627529144,-0.001138331019319594,-0.4798872768878937,0.5607613921165466,0.4940372705459595,-1.9839001893997192,-0.38840562105178833,2.4146318435668945,1.0390921831130981,0.00126868044026196,0.000709302257746458,-0.0018519301665946841,-0.002260979264974594,-0.00020303981727920473,0.0037045637145638466,0.0004984742845408618,0.6008599400520325,-9.36993455979973e-06,0.09336727112531662,-0.001084095099940896,0.9998471736907959,7.844277570256963e-05,-0.017444515600800514,3.303412813693285e-05,6.714637129334733e-05,0.032394491136074066,-0.00043031081440858543,-0.00021011831995565444,0.9999992847442627,-0.0010660955449566245,-0.034380555152893066,0.048684582114219666,-1.9061894416809082,-0.004483788274228573,-0.021132145076990128,0.0007316094124689698,0.03214145079255104,-0.05281826853752136,1.9061177968978882,0.0026485025882720947,0.016230368986725807,-0.0007854214636608958,0.0008506178855895996,-8.230217645177618e-07,0.024985529482364655,0.00400620186701417,0.004020138643682003,5.1256156439194456e-06,7.290334906429052e-06,,,,,2.0279646686339037,,,,,,,,,1320,1.6833333333333333
12.691666666668077,retreat,12.691667328588665,10.552290428176196,14.00778964161873,-0.23692846298217773,-0.007886398634582292,1.9499345922121951,0.048796373448567465,0.08846931922527276,1.9907430410385132,0.026928473263978958,3.7687056064605713,-0.018920745787909254,57,1.981386661529541,0.03254282474517822,0.05463850498199463,0.01703568734228611,-0.013200320303440094,-14.143656296479573,-0.1690939962863922,-0.09477262198925018,-1.981283187866211,0.003301589284092188,-0.026725292205810547,-3.171959542669356e-05,0.00011970789637416601,0.017015522345900536,-2.626916284498293e-06,0.9998552203178406,-0.0004430243861861527,0.00026151214842684567,0.0036622071638703346,0.27964678406715393,0.25879591703414917,0.07460296899080276,-0.47988826036453247,0.5607561469078064,0.4940374195575714,-1.9839071035385132,-0.38841697573661804,2.4146318435668945,1.0391027927398682,0.001262223580852151,0.00039194233249872923,-0.0021469509229063988,-0.002247199881821871,-0.001329655759036541,0.00022816300042904913,0.0009875711984932423,0.6008580923080444,-1.0500065400265157e-05,0.09336765855550766,-0.0010794325498864055,0.9998472332954407,7.775780250085518e-05,-0.0174445528537035,3.5042641684412956e-05,6.722870602970943e-05,0.03239387646317482,-0.00042923298315145075,-0.00021575819118879735,0.9999992847442627,-0.0010732380906119943,0.05758434534072876,-0.0650394931435585,-1.97948157787323,-0.0037362081930041313,-0.032323140650987625,-0.0005393172614276409,0.12659378349781036,0.06078306585550308,1.976403832435608,-0.012977337464690208,0.04070769622921944,0.001074281521141529,0.000850677490234375,-2.3317170416703448e-07,0.024985525757074356,0.004006220493465662,0.00402021873742342,4.9830305215436965e-06,7.087393896654248e-06,,,,,2.0279646686339037,,,,,,,,,1320,1.6916666666666667
12.700000000001417,retreat,12.700000662356615,10.515632418194029,14.00648206472397,-0.23740530014038086,-0.008412421266257297,1.950235668743904,0.049947764637181535,0.10467831195095843,2.089191198348999,0.02394840307533741,3.7166712284088135,-0.019047418390982784,55,2.0795211791992188,0.015719259157776833,0.013921810314059258,0.0065046935342252254,-0.005479515355546027,-14.142369689756608,-0.07924008369445801,-0.005323395133018494,-2.0876810550689697,0.002493469510227442,-0.02381742000579834,0.0001978225336642936,7.967652345541865e-05,0.017017962411046028,-1.4349854609463364e-05,0.999855101108551,-0.0006104814819991589,-0.001601771335117519,0.0003834638628177345,0.2677866220474243,0.22734799981117249,0.005004549399018288,-0.47988975048065186,0.5607500672340393,0.49403709173202515,-1.98391592502594,-0.38842669129371643,2.4146318435668945,1.0391100645065308,0.0012817572569474578,0.0004441071941982955,-0.0021924434695392847,-0.002567994175478816,-0.00065806251950562,0.0018586437217891216,0.0005928147584199905,0.60085529088974,-1.2067524949088693e-05,0.093367800116539,-0.0010750323999673128,0.9998471736907959,7.800274761393666e-05,-0.017445310950279236,3.737444058060646e-05,6.589974509552121e-05,0.03239262104034424,-0.0004275068058632314,-0.0001756997953634709,0.9999991655349731,-0.0010578110814094543,0.014613679610192776,-0.01535691786557436,-2.0794129371643066,0.0019485648954287171,-0.015578482300043106,0.0007804582710377872,0.08714427053928375,0.010895198211073875,2.0776662826538086,-0.00016222218982875347,0.017768962308764458,-0.0007386374054476619,0.0008507966995239258,-7.851858754293062e-07,0.024985522031784058,0.004006213042885065,0.004019018728286028,4.571775207296014e-06,6.499467417597771e-06,,,,,2.0279646686339037,,,,,,,,,1320,1.7
12.708333333334757,retreat,12.708333996124566,10.47883058712669,14.005051553249361,-0.23663043975830078,-0.0073690907811396755,1.94742381164655,0.05072211570222862,0.08846931922527276,1.8923736810684204,0.025803454220294952,3.651515007019043,-0.01961744055734016,54,1.921751618385315,0.019547849893569946,0.04371687024831772,0.0060625262558460236,-0.012919340282678604,-14.140743330501929,-0.06762664765119553,0.10043944418430328,-1.888495922088623,0.0007089078426361084,-0.025793714448809624,4.5866045184084214e-06,0.00013404998753685504,0.016994036734104156,-8.788517334323842e-06,0.9998555779457092,-0.00020605145255103707,-0.0047890497371554375,0.003469528164714575,0.3297238349914551,0.27096375823020935,-0.06371943652629852,-0.4798940420150757,0.5607435703277588,0.49404239654541016,-1.9839245080947876,-0.38843217492103577,2.414639472961426,1.0391136407852173,0.0008098362013697624,0.0003798498073592782,-0.001218075631186366,-0.002627939684316516,0.00040272081969305873,0.0029767719097435474,0.0002129274798789993,0.600854754447937,-1.1140888091176748e-05,0.093369260430336,-0.0010739871067926288,0.9998472929000854,7.936503243399784e-05,-0.01744171604514122,3.845302853733301e-05,6.571409903699532e-05,0.03239261358976364,-0.0004478989285416901,-0.0002314809971721843,0.9999992847442627,-0.0010613583726808429,0.01812240295112133,0.0697009488940239,-1.920401692390442,-0.007887808606028557,-0.017873013392090797,0.0006755195208825171,0.08510014414787292,-0.07381623983383179,1.918446660041809,0.0022802334278821945,0.020566686987876892,-0.0007098835194483399,0.000849604606628418,-5.532651812245604e-07,0.024985559284687042,0.004006208851933479,0.004019075073301792,-0.0003162100329063833,-0.0004498157650232315,,,,,2.0279646686339037,,,,,,,,,1320,1.7083333333333333
12.716666666668097,retreat,12.716667329892516,10.441885708205824,14.003174006938936,-0.23698806762695312,-0.007004736289673019,1.9483280652481232,0.051845894631696865,0.08846931922527276,2.2957780361175537,0.021430261433124542,3.5621883869171143,-0.018477394405636005,66,2.2629995346069336,0.03720831498503685,0.03413769602775574,0.005938984919339418,-0.00561453856062144,-14.138928766112228,-0.003535458818078041,0.032603517174720764,-2.295543909072876,0.0019962089136242867,-0.021336037665605545,-0.00021149561507627368,0.00014598990674130619,0.017001701518893242,-4.984945007890929e-07,0.9998553991317749,-0.0004839584289584309,-0.0005389901343733072,0.0004865272203460336,0.20675717294216156,0.21870411932468414,-0.04498031735420227,-0.4798991084098816,0.5607375502586365,0.49405014514923096,-1.9839317798614502,-0.3884406089782715,2.414639949798584,1.0391250848770142,0.0012476812116801739,0.00072880694642663,-0.0017649303190410137,-0.002597737591713667,-0.0003659933863673359,0.002757347421720624,0.0007519693463109434,0.6008535027503967,-9.830109775066376e-06,0.09337124973535538,-0.0010718776611611247,0.9998473525047302,7.871031266404316e-05,-0.017440486699342728,3.9270613342523575e-05,6.652490264968947e-05,0.03239269554615021,-0.00043901323806494474,-0.00024288232089020312,0.9999992847442627,-0.0010673388605937362,-0.08416742831468582,0.02362343668937683,-2.261310338973999,-0.011115015484392643,-0.035509366542100906,4.537939275905956e-06,-0.005248315632343292,-0.0284805279225111,2.2628142833709717,-0.007550000213086605,0.023437488824129105,0.0003156664315611124,0.0008499622344970703,-1.4902479961165227e-07,0.02498554438352585,0.004006195347756147,0.004019193351268768,5.3814719649381004e-06,7.654045475646853e-06,,,,,2.0279646686339037,,,,,,,,,1320,1.7166666666666666
12.725000000001437,retreat,12.725000663660467,10.404798554663065,14.000603556632997,-0.23603439331054688,-0.00840142911329167,1.947825753941894,0.04747287312056869,0.09691328065893987,1.9685848951339722,0.02281653881072998,3.4910342693328857,-0.018984081179951318,55,1.9927663803100586,0.026089584454894066,0.04113246127963066,0.007637180387973785,-0.009342663921415806,-14.136323329462813,0.00930187851190567,-0.06380610167980194,-1.9675285816192627,0.0028739911504089832,-0.02263316512107849,-0.00027287783450447023,0.00014980160631239414,0.016997231170535088,1.594502100488171e-05,0.9998554587364197,-0.00033246094244532287,0.00085920694982633,0.0019950573332607746,0.3172121047973633,0.23493126034736633,0.0053960406221449375,-0.4799017608165741,0.5607314109802246,0.4940541088581085,-1.9839363098144531,-0.38845768570899963,2.414674758911133,1.039147973060608,0.001408304669894278,0.0006076095160096884,-0.002164208795875311,-0.0020659223664551973,-0.001849456806667149,0.003128149313852191,0.001579288044013083,0.6008607745170593,-8.562870789319277e-06,0.09337622672319412,-0.0010703328298404813,0.9998475909233093,7.45333600207232e-05,-0.017421213909983635,3.179104533046484e-05,6.909748481120914e-05,0.03239530324935913,-0.0004242142313160002,-0.00024277168267872185,0.9999992251396179,-0.0010822437470778823,-0.05210007354617119,-0.048694364726543427,-1.9914900064468384,-0.002409636974334717,-0.025978054851293564,2.748470433289185e-05,0.0173041969537735,0.04442724585533142,1.9921954870224,-0.009304026141762733,0.018512865528464317,0.00033847775193862617,0.0008497238159179688,6.69825567456428e-07,0.024985551834106445,0.004006200470030308,0.004019253887236118,5.040999894845299e-06,7.169903255999088e-06,,,,,2.0279646686339037,,,,,,,,,1320,1.7249999999999999
12.733333333334777,retreat,12.733333997428417,10.367569899730059,14.000640809535982,-0.23746490478515625,-0.008926615919335745,1.94973384870546,0.04822173650609329,0.07912936237050427,2.443004846572876,0.022579075768589973,3.746056079864502,-0.018477394405636005,55,2.382240056991577,0.03956495597958565,0.08607891201972961,0.01556385587900877,-0.005511652387212962,-14.136493482481903,-0.12707534432411194,-0.07944115996360779,-2.438403844833374,0.0030099202413111925,-0.02237755060195923,-1.6568999853916466e-05,9.598223550710827e-05,0.01701388880610466,3.7579650324914837e-06,0.9998552203178406,-0.0014067168813198805,0.0007587518775835633,0.00022110214922577143,0.30578485131263733,0.2541372776031494,0.051665522158145905,-0.47989946603775024,0.560728132724762,0.49404898285865784,-1.9839459657669067,-0.3884730935096741,2.414674758911133,1.0391607284545898,0.0018203853396698833,0.0008066165610216558,-0.0029418470803648233,-0.002461358904838562,-0.0015704085817560554,0.0004203523858450353,0.0010469420813024044,0.6008569002151489,-1.0666000889614224e-05,0.09337376803159714,-0.0010636708466336131,0.9998476505279541,7.419020403176546e-05,-0.017423948273062706,3.432668745517731e-05,6.708347063977271e-05,0.03239281103014946,-0.0004102319944649935,-0.00018830879707820714,0.9999993443489075,-0.0010643410496413708,-0.01542147807776928,-0.06154518201947212,-2.381394863128662,0.0016955608734861016,-0.03951708599925041,-0.0009543222258798778,0.06755539774894714,0.05648308992385864,2.3806121349334717,-0.007002411410212517,0.03736767917871475,0.001277388189919293,0.0008505582809448242,1.0621988622006029e-07,0.024985529482364655,0.004006203263998032,0.004019353073090315,5.047719241701998e-06,7.181923137977719e-06,,,,,2.0279646686339037,,,,,,,,,1320,1.7333333333333334
12.741666666668117,retreat,12.741667331196368,10.330200516638445,13.999865949153902,-0.2372264862060547,-0.00876156900631031,1.95133921874248,0.04353765325504355,0.09691328065893987,1.8261908292770386,0.020642731338739395,3.69533371925354,-0.019807448552455753,55,1.8802767992019653,0.0051893373019993305,0.08148999512195587,0.01587810553610325,-0.005370038328692317,-14.135830437113265,-0.014617875218391418,0.025311633944511414,-1.82595694065094,0.002187625505030155,-0.020526427775621414,4.887931572739035e-05,8.057242666836828e-05,0.017027636989951134,-3.6246522086003097e-06,0.9998549818992615,-0.0004574999038595706,0.0007853774586692452,0.0005403261166065931,0.2895267903804779,0.24072499573230743,0.04179273918271065,-0.47989919781684875,0.5607228875160217,0.4940468966960907,-1.9839527606964111,-0.3884854018688202,2.4147090911865234,1.0391713380813599,0.0013716028770431876,0.0005723457434214652,-0.0022046882659196854,-0.002213387517258525,-0.0008104757289402187,0.0034310822375118732,0.0007661249837838113,0.6008621454238892,-1.0493065929040313e-05,0.09337637573480606,-0.0010625531431287527,0.9998478293418884,7.343989273067564e-05,-0.01740739867091179,2.8314185328781605e-05,6.702300015604123e-05,0.032394807785749435,-0.0003799165424425155,-0.00017201890295837075,0.9999992251396179,-0.0010561224771663547,0.006487061269581318,-0.0021831269841641188,-1.8802642822265625,0.0024452221114188433,-0.004343879409134388,0.001442505861632526,0.071934275329113,-0.0018060184083878994,1.8788996934890747,0.0022036710288375616,0.0053376853466033936,-0.0015093020629137754,0.0008512735366821289,-2.498045432730578e-07,0.024985499680042267,0.004006188828498125,0.004019400104880333,4.979470304533606e-06,7.0828828029334545e-06,,,,,2.0279646686339037,,,,,,,,,1320,1.7416666666666667
12.750000000001457,retreat,12.750000664964318,10.292691178619863,13.998431712388994,-0.2365708351135254,-0.007882586942287162,1.9494326947010105,0.045650005631614476,0.09691328065893987,2.20731258392334,0.026648512110114098,3.794830322265625,-0.01917408917506691,55,2.1734890937805176,0.031161760911345482,0.07952332496643066,0.020306482911109924,-0.007458530366420746,-14.13426340976084,-0.26810896396636963,0.055571168661117554,-2.1902644634246826,0.0012845019809901714,-0.0266167763620615,-0.00020118201791774482,0.00012381761916913092,0.017011580988764763,1.499065206189698e-06,0.9998552203178406,-0.0004503846284933388,-6.683203537249938e-05,0.0016914724837988615,0.225910022854805,0.20560027658939362,-0.013956343755126,-0.4799027144908905,0.5607168078422546,0.49405109882354736,-1.9839619398117065,-0.38848942518234253,2.4147090911865234,1.0391732454299927,0.0008580056019127369,0.0003636207547970116,-0.001357944798655808,-0.002826979383826256,0.0005710545810870826,-0.0007854363648220897,-7.06210412317887e-05,0.6008594632148743,-1.0176212526857853e-05,0.09337685257196426,-0.0010609772289171815,0.9998478293418884,7.509840361308306e-05,-0.017408305779099464,3.167567774653435e-05,6.635536556132138e-05,0.032393746078014374,-0.0003969242097809911,-0.00021696272597182542,0.9999992251396179,-0.001058889669366181,0.11818928271532059,0.040457602590322495,-2.169896125793457,-0.009603586047887802,-0.02963174507021904,-0.0008866553544066846,0.19365954399108887,-0.04503343254327774,2.1643762588500977,-0.0035873721353709698,0.04677201434969902,0.0011047587031498551,0.0008504390716552734,-3.0374394555110484e-08,0.024985533207654953,0.00400617066770792,0.004019456449896097,5.212061296333559e-06,7.413793355226517e-06,,,,,2.0279646686339037,,,,,,,,,1320,1.75
12.758333333334797,retreat,12.758333998732269,10.255042658905955,13.996591418981554,-0.23663043975830078,-0.009138289897236973,1.9473233131145922,0.04848195021622814,0.09691328065893987,2.044783353805542,0.025469282642006874,3.668955087661743,-0.018414059013593942,57,2.0622096061706543,0.0018807093147188425,0.02749091573059559,0.009583535604178905,-0.005225226632319391,-14.132276196436223,-0.16619578003883362,-0.06519661843776703,-2.0369749069213867,0.0031545422971248627,-0.02527131326496601,-0.0003064421471208334,0.00013767405471298844,0.016992706805467606,1.7233356629731134e-05,0.9998555183410645,-0.0007074425811879337,0.00041349855018779635,0.000528337899595499,0.2858121693134308,0.2051979899406433,-0.04984115809202194,-0.4799085259437561,0.5607089400291443,0.4940568506717682,-1.9839731454849243,-0.3884986340999603,2.4147090911865234,1.0391831398010254,0.0007933895685710013,-3.555166767910123e-05,-0.0015974098350852728,-0.0030046890024095774,-0.0007855861913412809,0.00044056103797629476,0.0008632930112071335,0.6008566617965698,-1.013783912640065e-05,0.09337817877531052,-0.0010577405337244272,0.9998478889465332,7.481424836441875e-05,-0.0174084659665823,3.4408061765134335e-05,6.743929407093674e-05,0.03239314258098602,-0.00041597368544898927,-0.00023072944895830005,0.9999992251396179,-0.0010711499489843845,0.10913775861263275,-0.053245481103658676,-2.058631181716919,-0.0008767732069827616,-0.001482886727899313,0.000754574837628752,0.18073028326034546,0.04891675338149071,2.053692102432251,-0.008453433401882648,0.017320282757282257,-0.00043316310620866716,0.0008494853973388672,7.445705705322325e-07,0.02498556300997734,0.0040061743929982185,0.004019552376121283,5.161902663530782e-06,7.344817277044058e-06,,,,,2.0279646686339037,,,,,,,,,1320,1.7583333333333333
12.766666666668137,retreat,12.76666733250022,10.217255730728361,13.995179533958437,-0.23674964904785156,-0.009256718840333633,1.9460163600849951,0.04974372131982818,0.09691328065893987,2.398279905319214,0.020928282290697098,3.5434885025024414,-0.01873073779279366,66,2.381944179534912,0.020078904926776886,0.018863847479224205,0.006003810092806816,-0.008389795199036598,-14.130773281119314,-0.037937894463539124,-0.032776035368442535,-2.3977558612823486,0.0031416229903697968,-0.02069113776087761,6.72855821903795e-06,0.00010202428529737517,0.01698111742734909,1.0390059287601616e-05,0.9998558163642883,-0.0008568111225031316,0.0001213911164086312,0.0019779636058956385,0.2607806324958801,0.19645707309246063,-0.0877668559551239,-0.47991347312927246,0.5606987476348877,0.4940601885318756,-1.9839844703674316,-0.3885105550289154,2.4147090911865234,1.0391942262649536,0.001240305369719863,0.00023643957683816552,-0.002322679152712226,-0.0032458314672112465,-0.0009316109935753047,0.002187676029279828,0.0007731817895546556,0.6008537411689758,-1.1488329619169235e-05,0.09337997436523438,-0.001052769715897739,0.9998478293418884,7.420255133183673e-05,-0.0174082163721323,3.7205289117991924e-05,6.588700489373878e-05,0.03239342197775841,-0.0004272784572094679,-0.0001942590606631711,0.9999992251396179,-0.0010599700035527349,-0.03750687092542648,-0.03222144395112991,-2.3814308643341064,0.0008550117490813136,-0.02005816623568535,-0.0003182940126862377,0.04541299119591713,0.02720717340707779,2.3813560009002686,-0.003631248604506254,0.014726929366588593,0.000477231340482831,0.0008489489555358887,4.328039722167887e-07,0.024985581636428833,0.004006166476756334,0.004019596613943577,5.087423687655246e-06,7.237133104354143e-06,,,,,2.0279646686339037,,,,,,,,,1320,1.7666666666666666
12.775000000001477,retreat,12.77500066626817,10.179331167318722,13.993406295776369,-0.23567676544189453,-0.008549876838515047,1.9425940196706049,0.04682732105720788,0.06852804166478502,2.041938304901123,0.023055601865053177,3.450510025024414,-0.019237426386098377,52,2.0765631198883057,0.01943839155137539,0.06169002130627632,0.009960412979125977,-0.013659770134836435,-14.12876167393467,-0.002134552225470543,0.09857802093029022,-2.0395562648773193,0.000854180078022182,-0.023039761930704117,2.1908523194724694e-05,0.00013625236169900745,0.016951754689216614,1.1070467735407874e-05,0.9998563528060913,-0.00037422048626467586,0.00018999940948560834,0.0037718871608376503,0.23363666236400604,0.2737378180027008,-0.06229767948389053,-0.47991830110549927,0.5606905221939087,0.4940646290779114,-1.9839963912963867,-0.38851770758628845,2.4147443771362305,1.039200782775879,0.0008834432810544968,0.0002612591197248548,-0.0014881560346111655,-0.0030463964212685823,-1.4562357137037907e-05,0.004176337271928787,0.00047197777894325554,0.6008579134941101,-1.0205971193499863e-05,0.09338332712650299,-0.0010542479576542974,0.9998481869697571,7.417344022542238e-05,-0.017392195761203766,3.312458284199238e-05,6.656120967818424e-05,0.032395120710134506,-0.00044065905967727304,-0.00022845863713882864,0.9999994039535522,-0.0010615373030304909,-0.032612890005111694,0.06052788347005844,-2.0754246711730957,-0.006337733473628759,-0.0183532927185297,0.0009169772965833545,0.039595361799001694,-0.06490378081798553,2.0751707553863525,0.0025098235346376896,0.013712866231799126,-0.000971810077317059,0.0008474588394165039,4.3795807869173586e-07,0.02498563379049301,0.004006146918982267,0.004019643180072308,5.13013719682931e-06,7.298833224922419e-06,,,,,2.0279646686339037,,,,,,,,,1320,1.775
12.783333333334816,retreat,12.78333400003612,10.14126974190868,13.990895450115206,-0.23597478866577148,-0.009469923497817945,1.9441046181001889,0.048841367970453575,0.09691328065893987,2.363091468811035,0.023608006536960602,3.599869728088379,-0.017844035028247163,52,2.331287384033203,0.0384911373257637,0.06156223267316818,0.017495134845376015,-0.013130984734743834,-14.126356042834677,-0.12732353806495667,-0.06534208357334137,-2.3587539196014404,0.0033115833066403866,-0.023373940959572792,-0.0001739164290484041,0.0001397553860442713,0.01696440391242504,2.0638059140765108e-05,0.9998561143875122,-0.0007201994303613901,0.00028511194977909327,0.0034429202787578106,0.2720634937286377,0.24925518035888672,0.07300151884555817,-0.4799233078956604,0.5606821179389954,0.494069367647171,-1.9840072393417358,-0.3885294198989868,2.4147443771362305,1.039212942123413,0.001116537838242948,0.00022583013924304396,-0.0020024210680276155,-0.0030205664224922657,-0.0010712798684835434,0.0008394225151278079,0.0009463806636631489,0.6008550524711609,-1.0886113159358501e-05,0.09338454157114029,-0.0010498578194528818,0.9998481273651123,7.333118264796212e-05,-0.017392214387655258,3.564218059182167e-05,6.651516014244407e-05,0.03239372745156288,-0.0004280292196199298,-0.00023122526181396097,0.9999992251396179,-0.0010666679590940475,0.0010839591268450022,-0.04027383401989937,-2.330939292907715,-0.0071352398954331875,-0.03781704977154732,-0.0007258591358549893,0.08214733004570007,0.035386305302381516,2.3295705318450928,-0.012769593857228756,0.03805283457040787,0.0012490173103287816,0.0008481144905090332,9.132108971243724e-07,0.02498561143875122,0.004006148781627417,0.004019707441329956,4.983087364962557e-06,7.090566214174032e-06,,,,,2.0279646686339037,,,,,,,,,1320,1.7833333333333332
12.791666666668156,retreat,12.791667333804071,10.10307222772987,13.989729434251787,-0.2364516258239746,-0.010382938853581436,1.9439032727743661,0.050189202738692984,0.07912936237050427,2.356839179992676,0.020341061055660248,3.4278104305267334,-0.017907370420289226,55,2.353585720062256,0.01905779168009758,0.022834083065390587,0.00860415119677782,-0.010841059032827616,-14.125176003090742,-0.008188389241695404,-0.009183347225189209,-2.356806993484497,0.0019354023970663548,-0.0202484093606472,-0.0001221353595610708,0.00011913133494090289,0.016962554305791855,2.22739799937699e-05,0.9998561143875122,-0.0008569234050810337,0.0004876103193964809,0.0030891047790646553,0.29247310757637024,0.18472085893154144,-0.0775650218129158,-0.47992607951164246,0.5606741905212402,0.4940704107284546,-1.9840185642242432,-0.3885429799556732,2.4147472381591797,1.0392260551452637,0.001399655477143824,0.0004420403274707496,-0.0024052844382822514,-0.003060339717194438,-0.001061270129866898,0.002981708152219653,0.0009795851074159145,0.6008523106575012,-1.2267788406461477e-05,0.0933849960565567,-0.0010444704676046968,0.9998481869697571,7.236791861942038e-05,-0.01739165559411049,3.784499131143093e-05,6.569728429894894e-05,0.032392941415309906,-0.00042929674964398146,-0.00020957383094355464,0.9999993443489075,-0.0010632917983457446,-0.05137471482157707,-0.01760634407401085,-2.352959156036377,0.0009676066692918539,-0.01902087777853012,0.0006850911304354668,0.030486129224300385,0.012688498944044113,2.3533544540405273,-0.001445429865270853,0.011689314618706703,-0.0006080971215851605,0.0008479952812194824,1.012500433716923e-06,0.02498561516404152,0.004006149247288704,0.004019793123006821,4.980423909728415e-06,7.086520781740546e-06,,,,,2.0279646686339037,,,,,,,,,1320,1.7916666666666667
12.800000000001496,retreat,12.800000667572021,10.06473939801394,13.987378776073458,-0.23555755615234375,-0.010836939509317745,1.9422917590563809,0.046408404159592465,0.08846931922527276,2.038099527359009,0.02214745618402958,3.3589823246002197,-0.018667402400751598,52,2.0773298740386963,0.023357441648840904,0.054827768355607986,0.005936836823821068,-0.01345151849091053,-14.122713101492442,0.012953847646713257,0.02409575879573822,-2.0379159450531006,0.002511777449399233,-0.022003836929798126,-0.0001786924694897607,0.0001444420195184648,0.016949286684393883,2.290763586643152e-05,0.9998562932014465,-0.00032811524579301476,0.0003715464554261416,0.003784880507737398,0.2581351697444916,0.2713225185871124,0.10449022054672241,-0.47992974519729614,0.5606672167778015,0.4940740168094635,-1.9840271472930908,-0.3885553777217865,2.414783000946045,1.0392379760742188,0.0011175369145348668,0.0003272394824307412,-0.0018565231002867222,-0.0025471418630331755,-0.0008946089656092227,0.0039056160021573305,0.0009116007131524384,0.6008580327033997,-1.1095049558207393e-05,0.09338908642530441,-0.0010444473009556532,0.9998485445976257,7.168396405177191e-05,-0.01737377978861332,3.192177973687649e-05,6.73262620694004e-05,0.03239484876394272,-0.00042471414781175554,-0.00023419622448273003,0.9999992847442627,-0.0010634763166308403,-0.048565883189439774,0.00839637964963913,-2.07674503326416,-0.003951254300773144,-0.02302047424018383,0.00012431586219463497,0.023615550249814987,-0.012737337499856949,2.077155590057373,-0.002602791180834174,0.0160702932626009,3.1747731554787606e-06,0.0008473396301269531,1.0228077371721156e-06,0.02498563379049301,0.004006142262369394,0.004019842948764563,4.965023435943294e-06,7.06349965184927e-06,,,,,2.0279646686339037,,,,,,,,,1320,1.8
12.808333333334836,retreat,12.808334001339972,10.026272025992526,13.984350115060808,-0.23543834686279297,-0.010163530532736331,1.9440039480430067,0.04766301208292134,0.06852804166478502,2.4409098625183105,0.023148803040385246,3.5692853927612305,-0.01809737841540482,53,2.402926206588745,0.03911185637116432,0.06837961822748184,0.017969589680433273,-0.012945306021720171,-14.119803696021721,-0.15777768194675446,0.01893150806427002,-2.4357316493988037,0.001527904998511076,-0.023097071796655655,-0.00024063108139671385,0.00013666959421243519,0.016964074224233627,2.866426257241983e-05,0.999856173992157,-0.0005747047252953053,-0.00012095111014787108,0.00343382079154253,0.23543301224708557,0.24323761463165283,-0.07773103564977646,-0.4799351990222931,0.5606592893600464,0.49408045411109924,-1.984035849571228,-0.38856425881385803,2.414783000946045,1.039245843887329,0.0010402267798781395,0.0003720484091900289,-0.0016652496997267008,-0.0028144330717623234,-0.00025334247038699687,0.00033503840677440166,0.0004902565851807594,0.6008563041687012,-1.0440387995913625e-05,0.09339122474193573,-0.001041537499986589,0.9998485445976257,7.254322554217651e-05,-0.017372846603393555,3.3676973544061184e-05,6.711643072776496e-05,0.032393891364336014,-0.00040898178122006357,-0.000227349330089055,0.9999994039535522,-0.0010664424626156688,0.015565215609967709,0.015973851084709167,-2.402822732925415,-0.008037829771637917,-0.0382726714015007,-0.0005772593431174755,0.09903305023908615,-0.02096942439675331,2.4007933139801025,-0.005549922119826078,0.0406000055372715,0.000854535901453346,0.0008480548858642578,1.3170829333830625e-06,0.02498561516404152,0.004006141796708107,0.004019935615360737,5.104702267999528e-06,7.260678103193641e-06,,,,,2.0279646686339037,,,,,,,,,1320,1.8083333333333333
12.816666666668176,retreat,12.816667335107923,9.987670884897272,13.981880247592928,-0.23537874221801758,-0.010979450053127948,1.942493271356428,0.04911578798783012,0.08846931922527276,2.2394003868103027,0.023414213210344315,3.5314650535583496,-0.017970707631320693,54,2.250816583633423,0.011998656205832958,0.024963218718767166,0.006711436435580254,-0.01132053742185235,-14.117228608535724,-0.10787840932607651,-0.07531937211751938,-2.23553204536438,0.003469299990683794,-0.023154588416218758,-0.0002330535789951682,0.00014049711171537638,0.016950532793998718,3.619523340603337e-05,0.9998563528060913,-0.0005058582755737007,0.00016145416884683073,0.0028437799774110317,0.2679077386856079,0.24268509447574615,0.04131072014570236,-0.47994035482406616,0.5606502294540405,0.4940851330757141,-1.9840455055236816,-0.3885776698589325,2.414783000946045,1.039260983467102,0.001102063455618918,0.00013070991553831846,-0.0020263330079615116,-0.00280397548340261,-0.0012767169391736388,0.0010695015080273151,0.0010917593026533723,0.6008539199829102,-1.1672120308503509e-05,0.09339290857315063,-0.0010363173205405474,0.9998485445976257,7.073914457578212e-05,-0.01737206056714058,3.604136873036623e-05,6.636299804085866e-05,0.03239302337169647,-0.0004217419773340225,-0.0002294005244038999,0.9999992847442627,-0.001068717334419489,0.04275330528616905,-0.06189730763435364,-2.249559164047241,0.0008013543556444347,-0.011963595636188984,0.00044492591405287385,0.12086845189332962,0.057248495519161224,2.246839761734009,-0.008004019036889076,0.018220549449324608,-0.00013431216939352453,0.0008473992347717285,1.6904268704820424e-06,0.02498563379049301,0.004006152506917715,0.0040199593640863895,4.98320650876849e-06,7.090566214174032e-06,,,,,2.0279646686339037,,,,,,,,,1320,1.8166666666666667
12.825000000001516,retreat,12.825000668875873,9.948936747959817,13.978438079357149,-0.23508071899414062,-0.010271193787048105,1.9420902258553228,0.04980725861969404,0.08846931922527276,2.2857768535614014,0.021631434559822083,3.387157678604126,-0.018034041204373352,53,2.2988994121551514,0.018798090517520905,0.03431415185332298,0.006684655789285898,-0.013481481466442347,-14.113758367794869,-0.043691571801900864,0.06944213062524796,-2.284304141998291,0.0009135754080489278,-0.021612046286463737,-6.151148409117013e-05,0.00012743503612000495,0.01694720797240734,3.0512979719787836e-05,0.9998563528060913,-0.000452388369012624,3.7017889553681016e-06,0.003649346996098757,0.23492313921451569,0.2580813467502594,-0.05917252227663994,-0.47994738817214966,0.5606394410133362,0.49409326910972595,-1.984054684638977,-0.3885866105556488,2.414783000946045,1.039270043373108,0.0008925663423724473,0.00021226909302640706,-0.0014964455040171742,-0.002869470976293087,-0.0001679498382145539,0.0025248464662581682,0.0004896282334811985,0.6008526682853699,-1.1493029887787998e-05,0.09339675307273865,-0.001033288543112576,0.9998486042022705,7.063990051392466e-05,-0.017369775101542473,3.745616413652897e-05,6.563872011611238e-05,0.032393377274274826,-0.0004227687604725361,-0.00021608614770229906,0.9999992847442627,-0.0010602392721921206,-0.018915487453341484,0.03822113573551178,-2.298503875732422,-0.0031319428235292435,-0.01853502355515957,0.00010971230221912265,0.06093721091747284,-0.042968057096004486,2.29768967628479,0.002533593913540244,0.015889151021838188,-0.00016234818031080067,0.0008472204208374023,1.4174465832184069e-06,0.02498564124107361,0.004006147850304842,0.004020029213279486,5.128908924234565e-06,7.296912372112274e-06,,,,,2.0279646686339037,,,,,,,,,1320,1.825
12.833333333334856,retreat,12.833334002643824,9.9100703884118,13.97473141551018,-0.23543834686279297,-0.011850217561004683,1.9409814193529602,0.050765291234711185,0.08846931922527276,2.4076783657073975,0.020870517939329147,3.374866008758545,-0.01733734825393185,54,2.402621030807495,0.031026948243379593,0.014180522412061691,0.005581595003604889,-0.014364067930728197,-14.109974474478758,-0.018289819359779358,-0.02698136866092682,-2.4074575901031494,0.0016500819474458694,-0.020804766565561295,-0.0001320227311225608,0.00013027540990151465,0.01693696714937687,5.174570469534956e-05,0.9998564720153809,-0.000557058141566813,0.0002573354577179998,0.0036199025344103575,0.26369428634643555,0.26354140043258667,0.10767250508069992,-0.47995370626449585,0.5606293082237244,0.49410107731819153,-1.984062671661377,-0.3885992169380188,2.414783000946045,1.0392833948135376,0.001159992185421288,0.0003148585092276335,-0.001916580949909985,-0.0026225338224321604,-0.0010742704616859555,0.002218961715698242,0.0010204915888607502,0.6008517146110535,-1.1747237294912338e-05,0.09340027719736099,-0.0010287984041497111,0.9998486638069153,6.974210555199534e-05,-0.017367219552397728,3.787968307733536e-05,6.667328852927312e-05,0.03239316865801811,-0.0004304555186536163,-0.00021831215417478234,0.9999992847442627,-0.0010769452201202512,-0.0625225380063057,-0.01890963688492775,-2.401732921600342,-0.004579886328428984,-0.030687056481838226,2.809316538332496e-05,0.020923808217048645,0.013963432982563972,2.402489423751831,-0.00715031661093235,0.021744441241025925,0.0002685297222342342,0.0008467435836791992,2.4765904527157545e-06,0.0249856598675251,0.004006160888820887,0.004020101856440306,5.0026565077132545e-06,7.114053005352616e-06,,,,,2.0279646686339037,,,,,,,,,1320,1.8333333333333333
12.841666666668196,retreat,12.841667336411774,9.871072579484865,13.971997052431108,-0.23490190505981445,-0.012343010894255713,1.9399728637066227,0.05160013461136259,0.10467831195095843,2.4567463397979736,0.02039487659931183,3.350794792175293,-0.018160715626436286,54,2.456465244293213,0.031297314912080765,0.011222956702113152,0.0024285889230668545,-0.01996982004493475,-14.107169864457793,0.009553797543048859,-0.02711242437362671,-2.456578254699707,0.002491333521902561,-0.020242126658558846,-2.2729640477336943e-05,0.00011784983507823199,0.0169289018958807,4.513626481639221e-05,0.9998566508293152,-0.00044321551104076207,0.00010808657680172473,0.006373459938913584,0.2642117738723755,0.21216410398483276,-0.032501719892024994,-0.4799574911594391,0.5606212019920349,0.49410519003868103,-1.98406982421875,-0.38861340284347534,2.414783000946045,1.0392980575561523,0.0014542392455041409,0.0005157188279554248,-0.0023362997453659773,-0.0024308846332132816,-0.0012764559360221028,0.002641999162733555,0.0010426046792417765,0.6008506417274475,-1.258809061255306e-05,0.09340251982212067,-0.001023283926770091,0.9998486042022705,6.871089863125235e-05,-0.01736529916524887,3.9346516132354736e-05,6.596823368454352e-05,0.03239260986447334,-0.0004365890345070511,-0.00020463860710151494,0.9999991655349731,-0.0010650560725480318,-0.0858888179063797,-0.025388658046722412,-2.454832077026367,-0.0010483964579179883,-0.03127969428896904,5.975449676043354e-05,-0.0005943477153778076,0.02035638689994812,2.456380844116211,-0.004555285442620516,0.01896779052913189,0.00014195049880072474,0.0008463263511657715,2.1567366275121458e-06,0.024985674768686295,0.0040061697363853455,0.004020146559923887,4.976626769348513e-06,7.080001523718238e-06,,,,,2.0279646686339037,,,,,,,,,1320,1.8416666666666666
12.850000000001536,retreat,12.850000670179725,9.83194409441065,13.968037068843843,-0.23490190505981445,-0.013379284609982278,1.9412838839107809,0.0498142144351732,0.06852804166478502,2.3206000328063965,0.020678527653217316,3.32197904586792,-0.017527356249047443,55,2.3291690349578857,0.029559791088104248,0.019708994776010513,0.0018985181814059615,-0.014089070726186037,-14.10330119477294,0.0105903260409832,-0.008725196123123169,-2.320559501647949,0.002438198309391737,-0.020534269511699677,-2.206637873314321e-05,0.00011435196938691661,0.01694014109671116,4.8820144002093e-05,0.9998565316200256,-0.0003398322151042521,0.0002284558431711048,0.003698925254866481,0.2586989402770996,0.2668602764606476,0.05765841528773308,-0.4799616038799286,0.560613214969635,0.4941101372241974,-1.9840741157531738,-0.3886276185512543,2.4147896766662598,1.0393118858337402,0.0014331708662211895,0.000542602501809597,-0.0022356081753969193,-0.002053753472864628,-0.0011495917569845915,0.002880274783819914,0.0009335950016975403,0.6008524894714355,-1.3202501577325165e-05,0.09340670704841614,-0.0010190203320235014,0.9998488426208496,6.760837277397513e-05,-0.017358750104904175,3.7083751522004604e-05,6.611531716771424e-05,0.032392919063568115,-0.0004187934973742813,-0.000200042559299618,0.9999994039535522,-0.0010645563015714288,-0.07379533350467682,-0.015355413779616356,-2.327949047088623,-0.001398324384354055,-0.029525140300393105,0.00030335382325574756,0.007056288421154022,0.010604536160826683,2.3291332721710205,-0.0034728976897895336,0.01895076036453247,-0.00014000474766362458,0.00084686279296875,2.343799678783398e-06,0.024985648691654205,0.004006176255643368,0.004020186141133308,4.989314220438246e-06,7.0981914177536964e-06,,,,,2.0279646686339037,,,,,,,,,1320,1.8499999999999999
12.858333333334876,retreat,12.858334003947675,9.792685706420798,13.96472901105881,-0.2346038818359375,-0.014250257663661614,1.9416870967241404,0.04862898276769556,0.09691328065893987,2.449414014816284,0.020498225465416908,3.3446083068847656,-0.017717362425173633,56,2.447690725326538,0.035476937890052795,0.010198693722486496,0.005799523089081049,-0.019358383724465966,-14.100021221159839,-0.027374926954507828,-0.0114479660987854,-2.4492342472076416,0.0024034585803747177,-0.020356811583042145,-2.9740738682448864e-05,0.00011288616224192083,0.01694335788488388,5.050522668170743e-05,0.9998564124107361,-0.00029325042851269245,8.194560359697789e-05,0.006324194371700287,0.2603403329849243,0.20368732511997223,-0.0416114367544651,-0.4799644947052002,0.5606068968772888,0.4941140115261078,-1.9840753078460693,-0.38863998651504517,2.4147896766662598,1.039321780204773,0.0014996669488027692,0.0006447686464525759,-0.0022693248465657234,-0.001886101788841188,-0.000881570391356945,0.0017956907395273447,0.0006928180810064077,0.6008537411689758,-1.4154400560073555e-05,0.09341004490852356,-0.0010145643027499318,0.9998488426208496,6.743717676727101e-05,-0.017354970797896385,3.5886652767658234e-05,6.574585859198123e-05,0.032392971217632294,-0.00041179306572303176,-0.00019836323917843401,0.9999992251396179,-0.00106181506998837,-0.06732410937547684,-0.013891606591641903,-2.446725368499756,-0.0027219911571592093,-0.03537234291434288,-3.5380624467507005e-05,0.017628289759159088,0.008921900764107704,2.447610855102539,-0.0045664128847420216,0.025733385235071182,0.0002500838600099087,0.0008470416069030762,2.429264895909e-06,0.024985648691654205,0.004006185103207827,0.004020226653665304,4.979439836461097e-06,7.084890967234969e-06,,,,,2.0279646686339037,,,,,,,,,1320,1.8583333333333334
12.866666666668216,retreat,12.866667337715626,9.75329818874695,13.960526883602144,-0.23472309112548828,-0.014033028492121957,1.9436012156915958,0.04677607284975238,0.07912936237050427,2.390739917755127,0.020538130775094032,3.3105173110961914,-0.017147340258816257,55,2.3893306255340576,0.026191169396042824,0.024355588480830193,0.0021973485127091408,-0.013202580157667398,-14.095952413894251,-0.06218209117650986,0.08076748996973038,-2.388566017150879,0.0007542776875197887,-0.020524263381958008,-2.3480217350879684e-05,0.00011322097998345271,0.016959816217422485,4.985692794434726e-05,0.999856173992157,-0.0002636865829117596,-0.0005138402921147645,0.003600988071411848,0.22564391791820526,0.24803566932678223,-0.049809545278549194,-0.47996947169303894,0.5606005191802979,0.4941219985485077,-1.9840744733810425,-0.3886460065841675,2.4147896766662598,1.0393280982971191,0.0011919175740331411,0.0006843120791018009,-0.0015519962180405855,-0.001921764574944973,0.00024295221373904496,0.0016026439843699336,0.00019497300672810525,0.6008560657501221,-1.3248121831566095e-05,0.09341514855623245,-0.0010130942100659013,0.9998489618301392,6.76127165206708e-05,-0.017350219190120697,3.3167656511068344e-05,6.634105375269428e-05,0.032393962144851685,-0.0003905801277142018,-0.00019885250367224216,0.9999993443489075,-0.0010596879292279482,-0.02315027266740799,0.05170561745762825,-2.3886587619781494,-0.006832900922745466,-0.025278916582465172,0.0005150241777300835,0.059744179248809814,-0.056542977690696716,2.3879146575927734,0.0007747788913547993,0.02201494202017784,-0.0004944037646055222,0.0008478760719299316,2.396477611910086e-06,0.024985618889331818,0.004006169270724058,0.004019035492092371,5.467599294206593e-06,7.77721288613975e-06,,,,,2.0279646686339037,,,,,,,,,1320,1.8666666666666667
12.875000000001556,retreat,12.875000671483576,9.713782314620742,13.956652581691744,-0.23514032363891602,-0.015293027900042944,1.9436012156915958,0.04571128010866232,0.09691328065893987,2.531724214553833,0.021855512633919716,3.481685161590576,-0.017147340258816257,55,2.511054754257202,0.027351519092917442,0.04632236436009407,0.011583572253584862,-0.01276961574330926,-14.09207811198385,-0.13732989132404327,-0.07304920256137848,-2.5269410610198975,0.0030749966390430927,-0.02163754589855671,-0.0001562957331771031,0.00011801099753938615,0.01695983111858368,6.461043085437268e-05,0.999856173992157,-0.00036964897299185395,-0.0020011868327856064,0.0033657632302492857,0.24936558306217194,0.23440532386302948,0.055328574031591415,-0.4799738824367523,0.5605939030647278,0.4941290318965912,-1.9840751886367798,-0.3886561691761017,2.4147896766662598,1.0393375158309937,0.001369331730529666,0.0005589415668509901,-0.002038536360487342,-0.0020125608425587416,-0.0008359618950635195,-0.0004063094675075263,0.0007430803962051868,0.6008577346801758,-1.3144948752596974e-05,0.09341930598020554,-0.0010097331833094358,0.9998489618301392,6.760583346476778e-05,-0.017345966771245003,3.081676550209522e-05,6.748684245394543e-05,0.03239430859684944,-0.000386316969525069,-0.000203834380954504,0.9999992251396179,-0.00107099290471524,0.020321553573012352,-0.04802539572119713,-2.5105133056640625,-0.004290732555091381,-0.027010764926671982,-0.00033745745895430446,0.10738632082939148,0.042965538799762726,2.5083906650543213,-0.011044055223464966,0.03002121113240719,0.0007787079666741192,0.0008478760719299316,3.129984179395251e-06,0.024985618889331818,0.0040061757899820805,0.00401908066123724,4.51022970082704e-06,6.412883521988988e-06,,,,,2.0279646686339037,,,,,,,,,1320,1.875
12.883333333334896,retreat,12.883334005251527,9.67413885727382,13.954484462738039,-0.23484230041503906,-0.01638618232391309,1.9426947627619682,0.046697849029442295,0.07912936237050427,2.554419755935669,0.021855250000953674,3.4870290756225586,-0.017844035028247163,54,2.5436744689941406,0.014729233458638191,0.018050380051136017,0.0019572582095861435,-0.014277971582487226,-14.089846857747654,-0.1516210436820984,-0.05743207037448883,-2.549269199371338,0.002875293605029583,-0.02166508324444294,-9.366973245050758e-05,0.00010332010424463078,0.016952594742178917,6.0649595980066806e-05,0.9998562335968018,-0.00039395689964294434,-0.0004580999375320971,0.0045584761537611485,0.2668854594230652,0.15633945167064667,-0.0657007023692131,-0.47997623682022095,0.5605868101119995,0.49413105845451355,-1.984081745147705,-0.388667494058609,2.4147896766662598,1.039345383644104,0.0014655832201242447,0.0004575678613036871,-0.002395471790805459,-0.0024100295267999172,-0.0008569839992560446,-0.00028255159850232303,0.0006556800217367709,0.600856602191925,-1.3986849808134139e-05,0.09342122077941895,-0.0010051557328552008,0.9998490810394287,6.849176133982837e-05,-0.017344649881124496,3.215228207409382e-05,6.744026904925704e-05,0.03239401802420616,-0.0003922185569535941,-0.0001898803748190403,0.9999993443489075,-0.0010626984294503927,0.050040047615766525,-0.05557090789079666,-2.5425751209259033,0.0030289296992123127,-0.014413861557841301,0.00012841417628806084,0.13819149136543274,0.0504748597741127,2.539417266845703,-0.004831595346331596,0.021724136546254158,7.766312046442181e-05,0.0008475184440612793,2.944466359622311e-06,0.024985626339912415,0.004006179515272379,0.004019139800220728,5.304920705384575e-06,7.547962013632059e-06,,,,,2.0279646686339037,,,,,,,,,1320,1.8833333333333333
12.891666666668236,retreat,12.891667339019477,9.634368589937822,13.951325416564943,-0.23418664932250977,-0.01793010233086534,1.9416870967241404,0.04754704059450887,0.09691328065893987,2.40411114692688,0.022336674854159355,3.479778289794922,-0.01809737841540482,54,2.4161972999572754,0.010076112113893032,0.015152158215641975,0.004798376467078924,-0.013156748842447996,-14.086617626665973,-0.13164761662483215,-0.05623622238636017,-2.3998451232910156,0.0029882676899433136,-0.022135622799396515,-0.0001074019237421453,0.00011191483645234257,0.01694360375404358,6.461353041231632e-05,0.9998564124107361,-0.0005364904063753784,0.0002853906771633774,0.003546541789546609,0.28688761591911316,0.24689307808876038,0.02697548270225525,-0.47997990250587463,0.5605770945549011,0.4941331744194031,-1.9840891361236572,-0.3886782228946686,2.4147896766662598,1.0393528938293457,0.0013378848088905215,0.00019809331570286304,-0.0024039228446781635,-0.002563952002674341,-0.0008763793157413602,0.0005902642733417451,0.0005965925520285964,0.6008553504943848,-1.6084624803625047e-05,0.09342367202043533,-0.0010000958573073149,0.9998490214347839,6.868838681839406e-05,-0.017342930659651756,3.392249345779419e-05,6.65571860736236e-05,0.03239322826266289,-0.00039950161590240896,-0.0001986420393222943,0.9999992251396179,-0.0010614501079544425,0.05698367953300476,-0.05765779688954353,-2.414836883544922,0.004296582657843828,-0.009110838174819946,0.0002450172323733568,0.14069190621376038,0.0528438538312912,2.4115190505981445,-0.0038803396746516228,0.017424682155251503,-8.143659215420485e-05,0.0008470416069030762,3.1354011298390105e-06,0.02498564124107361,0.004006180912256241,0.00401918962597847,4.970948793925345e-06,7.072696462273598e-06,,,,,2.0279646686339037,,,,,,,,,1320,1.8916666666666666
12.900000000001576,retreat,12.900000672787428,9.594472285844388,13.947100937366487,-0.2340078353881836,-0.01610329854884185,1.9419894514148812,0.04767101563629694,0.07912936237050427,2.4320809841156006,0.02059277705848217,3.3238985538482666,-0.01752735443005804,55,2.452132225036621,0.015533600933849812,0.054174162447452545,0.007665056269615889,-0.020029409788548946,-14.08241420676689,-0.08222535252571106,0.13709956407546997,-2.426820993423462,-0.0002994523383677006,-0.020590433850884438,-8.274205902125686e-05,0.00012762966798618436,0.016946198418736458,5.6008440878940746e-05,0.9998564124107361,-0.00026085172430612147,0.0007627749000675976,0.007069806568324566,0.2717939019203186,0.18625788390636444,0.0718240737915039,-0.47998714447021484,0.5605658888816833,0.4941420257091522,-1.9840972423553467,-0.3886807858943939,2.4147896766662598,1.0393528938293457,0.0008507437305524945,0.00025645882124081254,-0.0012958826264366508,-0.002818898530676961,0.0010079233907163143,0.001970625249668956,-0.0002656449796631932,0.6008544564247131,-1.5176090528257191e-05,0.09342814981937408,-0.0009991420665755868,0.9998490810394287,7.093967724358663e-05,-0.01734071969985962,3.4860335290431976e-05,6.557536835316569e-05,0.032393455505371094,-0.0003947113291360438,-0.00021644261141773313,0.9999993443489075,-0.0010515827452763915,0.008799449540674686,0.08402898162603378,-2.450676202774048,-0.006233640480786562,-0.014217814430594444,0.000536876730620861,0.09378369897603989,-0.08891759812831879,2.4487240314483643,0.0060424101538956165,0.015576683916151524,-0.0007133957697078586,0.000847160816192627,2.691878762561828e-06,0.02498564124107361,0.004006155300885439,0.004019295331090689,5.0163625928689726e-06,7.13727786205709e-06,,,,,2.0279646686339037,,,,,,,,,1320,1.9
12.908333333334916,retreat,12.908334006555378,9.554450718225162,13.942220807075502,-0.23448467254638672,-0.017437529095332138,1.9407797501365605,0.048286732635460794,0.06852804166478502,2.4640872478485107,0.02082281932234764,3.36637544631958,-0.01676732426858507,54,2.46966290473938,0.024758556857705116,0.027793727815151215,0.009400670416653156,-0.019041454419493675,-14.077449819578328,-0.07613565772771835,-0.06119353324174881,-2.4621505737304688,0.0030309539288282394,-0.020599720999598503,-0.0002336565958103165,0.00012464210158213973,0.016935111954808235,7.925577665446326e-05,0.9998565912246704,-0.0004320855950936675,0.00022791384253650904,0.00626380555331707,0.26789847016334534,0.1939816027879715,0.06360025703907013,-0.47999507188796997,0.5605544447898865,0.4941522777080536,-1.9841045141220093,-0.38868939876556396,2.4147896766662598,1.0393611192703247,0.0009731606696732342,7.177859515650198e-05,-0.0016531996661797166,-0.0024992073886096478,-0.000743687734939158,0.0009658535709604621,0.0007838418823666871,0.6008542776107788,-1.4619334251619875e-05,0.09343326836824417,-0.0009962570620700717,0.9998492002487183,7.147110591176897e-05,-0.01733708754181862,3.433518577367067e-05,6.72793248668313e-05,0.03239370509982109,-0.00040216141496784985,-0.00021433125948533416,0.9999994039535522,-0.0010719861602410674,-0.008822670206427574,-0.038996558636426926,-2.469339370727539,-0.006744485814124346,-0.023821838200092316,-0.00013439144822768867,0.07678817957639694,0.034081604331731796,2.468234062194824,-0.012202453799545765,0.02262961119413376,0.0006020835717208683,0.0008466243743896484,3.856679541058838e-06,0.024985656142234802,0.004006155766546726,0.004019429907202721,5.020845492254011e-06,7.141701644286513e-06,,,,,2.0279646686339037,,,,,,,,,1320,1.9083333333333332
12.916666666668256,retreat,12.916667340323329,9.51430466031178,13.935984671115877,-0.23376941680908203,-0.018716222257353365,1.9407797501365605,0.04796494613401592,0.08846931922527276,2.381547451019287,0.020029302686452866,3.253896951675415,-0.01752735443005804,53,2.4057445526123047,0.020075585693120956,0.0338553860783577,0.004348608665168285,-0.019298826111480594,-14.071213683618703,-0.04515966773033142,-0.06815987825393677,-2.380143404006958,0.00284438394010067,-0.01982586644589901,-0.00013201987894717604,0.00010442829079693183,0.01693546399474144,8.259104652097449e-05,0.9998565316200256,-0.00028933549765497446,-1.7423913959646598e-05,0.006528888363391161,0.26225847005844116,0.1967572122812271,-0.0014996399404481053,-0.48000261187553406,0.5605416297912598,0.4941607117652893,-1.984109878540039,-0.38870251178741455,2.4147896766662598,1.0393736362457275,0.0009162784554064274,-0.00015070510562509298,-0.0017197785200551152,-0.0021371159236878157,-0.0013373395195230842,0.0010896265739575028,0.0010333431418985128,0.6008551120758057,-1.5560071915388107e-05,0.0934390053153038,-0.0009911986999213696,0.9998493194580078,7.063977682264522e-05,-0.017331982031464577,3.386789467185736e-05,6.728946027578786e-05,0.032393209636211395,-0.00039667959208600223,-0.00019326152687426656,0.9999992847442627,-0.00107062968891114,-0.01929057389497757,-0.058583471924066544,-2.404953956604004,0.0019355042604729533,-0.019981956109404564,6.635638419538736e-05,0.0640677809715271,0.053819023072719574,2.4042890071868896,-0.006366227753460407,0.017275594174861908,0.00018791671027429402,0.0008466243743896484,4.040532985527534e-06,0.0249856635928154,0.004006160888820887,0.004019457846879959,5.028829946240876e-06,7.1517424657940865e-06,,,,,2.0279646686339037,,,,,,,,,1320,1.9166666666666667
12.925000000001596,retreat,12.92500067409128,9.47403488533589,13.92783746123314,-0.23436546325683594,-0.024726496121729724,1.9433998182309393,0.049233251047553495,0.09691328065893987,2.2196316719055176,0.018282148987054825,3.033630609512329,-0.016957332263700664,65,2.254896640777588,0.019680475816130638,0.0803527683019638,0.008461209945380688,-0.014678716659545898,-14.06324896400931,-0.09930921345949173,0.20663435757160187,-2.2077600955963135,0.0016448465175926685,-0.018207374960184097,-0.00015146344958338886,0.00011393106979085132,0.016957003623247147,0.00020396578474901617,0.9998562335968018,2.1539744921028614e-06,0.0007708624470978975,0.006322244647890329,0.24162568151950836,0.14382226765155792,-0.002570449374616146,-0.48001399636268616,0.5605269074440002,0.4941751956939697,-1.9841129779815674,-0.3887084424495697,2.4147896766662598,1.0393811464309692,-0.00022356185945682228,-0.0003544052015058696,0.0005448113079182804,-0.002126348437741399,0.0017696800641715527,0.0008391409064643085,-0.0004903099033981562,0.6008579730987549,-1.538210199214518e-05,0.09344818443059921,-0.0009891731897369027,0.9998493790626526,6.987076631048694e-05,-0.017324497923254967,2.996274270117283e-05,7.334892870858312e-05,0.03239434212446213,-0.0003676576307043433,-0.00020408057025633752,0.9999991655349731,-0.0011898073134943843,0.02838732860982418,0.13310737907886505,-2.2507855892181396,-0.012663064524531364,-0.015055044554173946,0.0005599690484814346,0.10636038333177567,-0.13754892349243164,2.248183488845825,0.006706039421260357,0.019225694239139557,-0.000752858177293092,0.0008477568626403809,1.010022697300883e-05,0.024985622614622116,0.003991542384028435,0.004005497321486473,5.464742571348324e-06,7.783877663314342e-06,,,,,2.0279646686339037,,,,,,,,,1320,1.925
12.933333333334936,retreat,12.93333400785923,9.433642166529124,13.918628543615343,-0.2357959747314453,-0.025611439923522994,1.9414855007809912,0.05611020969809033,0.11869404022070311,2.524319648742676,0.02178085409104824,3.4188144207000732,-0.018350721802562475,63,2.4981391429901123,0.03213077038526535,0.08084018528461456,0.02040477842092514,-0.017286823596805334,-14.053906712360039,-0.3193510174751282,0.16762951016426086,-2.498420476913452,0.00112610450014472,-0.021750858053565025,-0.0001940933580044657,0.00015751991304568946,0.016939464956521988,0.00028705361182801425,0.9998564124107361,-0.0003399775014258921,-0.001069549354724586,0.006538895890116692,0.1984071135520935,0.12025933712720871,0.08821547776460648,-0.48003441095352173,0.5605105757713318,0.49420878291130066,-1.984118938446045,-0.38869795203208923,2.414771795272827,1.0393837690353394,-0.0010295906104147434,-0.0006766741280443966,0.0020153464283794165,-0.0027662303764373064,0.002702044788748026,-0.003634852357208729,-0.0006685275002382696,0.600856363773346,-7.914495654404163e-06,0.09345807880163193,-0.0009945256169885397,0.9998493194580078,6.949555245228112e-05,-0.017325762659311295,3.0245399102568626e-05,8.204996993299574e-05,0.03239499777555466,-0.00038649927591905,-0.0002488026220817119,0.999998927116394,-0.001277487026527524,0.1577409952878952,0.13872896134853363,-2.4892914295196533,-0.02610001154243946,-0.018736707046628,-0.00033421494299545884,0.2439059317111969,-0.14364595711231232,2.482050895690918,-0.005843695253133774,0.04159841686487198,0.0006109251407906413,0.00084686279296875,1.421720389771508e-05,0.024985652416944504,0.003994144033640623,0.004006875678896904,5.079129550722428e-06,7.220631232485175e-06,,,,,2.0279646686339037,,,,,,,,,1320,1.9333333333333333
12.941666666668276,retreat,12.94166734162718,9.393127277123128,13.905690610408785,-0.23365020751953125,-0.013150988706911448,1.9409814193529602,0.04470597195904702,0.07912936237050427,2.233736038208008,0.019344938918948174,3.088165760040283,-0.019554105165298097,63,2.2852866649627686,0.005176066420972347,0.12798936665058136,0.026414135470986366,-0.020807180553674698,-14.040933669377363,-0.04600640386343002,-0.28183767199516296,-2.215406894683838,0.003859332064166665,-0.01895405724644661,-0.00027553646941669285,0.00010607990407152101,0.01693718507885933,0.00011560979328351095,0.9998565912246704,-0.000424462603405118,0.0006984412902966142,0.0071396916173398495,0.3315706253051758,0.1911633312702179,-0.01894564740359783,-0.48005300760269165,0.5604897737503052,0.49423450231552124,-1.984122395515442,-0.3887202739715576,2.414771795272827,1.039406657218933,-0.00043725050636567175,-0.0014418675564229488,0.0001657196698943153,-0.0018241232028231025,-0.0032996039371937513,-0.001777160563506186,0.002751149469986558,0.6008611917495728,-6.92164758220315e-06,0.09347172826528549,-0.0009886003099381924,0.9998496174812317,6.835423846496269e-05,-0.0173130352050066,2.6767142117023468e-05,7.020082557573915e-05,0.03239583596587181,-0.0003760098188649863,-0.0001931529404828325,0.9999993443489075,-0.0011010562302544713,0.03507896512746811,-0.195277601480484,-2.276657819747925,0.004029327537864447,0.0032380048651248217,0.00026741204783320427,0.11385811865329742,0.1907878965139389,2.274460792541504,-0.02401730604469776,0.001887085847556591,0.0005604673642665148,0.0008467435836791992,5.689825684385141e-06,0.024985656142234802,0.00400622608140111,0.004019650164991617,5.034345122112427e-06,7.156748324632645e-06,,,,,2.0279646686339037,,,,,,,,,1320,1.9416666666666667
12.950000000001616,retreat,12.950000675395131,9.352490990349542,13.88986185193062,-0.23311376571655273,-0.014603980162064545,1.9452116450043186,0.04429743057698943,0.06852804166478502,2.403672695159912,0.02084406279027462,3.278303861618042,-0.016450643670395948,51,2.4070544242858887,0.022339776158332825,0.040021155029535294,0.010642209090292454,-0.019813338527455926,-14.025399550025904,-0.2128501832485199,-0.14307907223701477,-2.38995099067688,0.003200789447873831,-0.02059631049633026,-0.00014809444837737828,7.388387894025072e-05,0.0169741939753294,0.00010336445848224685,0.9998559355735779,-0.0003783716238103807,-0.00023818545741960406,0.007180971559137106,0.2751971185207367,0.15409214794635773,-0.020466644316911697,-0.480073481798172,0.5604629516601562,0.4942586421966553,-1.9841252565383911,-0.38874050974845886,2.4147369861602783,1.0394295454025269,-0.0008200563606806099,-0.001992699457332492,0.0003211324801668525,-0.0019764830358326435,-0.002172523643821478,-0.004270115401595831,0.0015076026320457458,0.6008597612380981,-1.0292831575497985e-05,0.0934855192899704,-0.0009771676268428564,0.9998496174812317,6.502222822746262e-05,-0.017314990982413292,2.8789625503122807e-05,6.75417686579749e-05,0.03239374980330467,-0.00034092250280082226,-0.00015726259152870625,0.9999994039535522,-0.0010779930744320154,0.09816993772983551,-0.12428151071071625,-2.4018383026123047,0.01453750766813755,-0.016918953508138657,-0.0012146912049502134,0.1812625527381897,0.11960950493812561,2.397237539291382,-0.0032139038667082787,0.031167270615696907,0.0013774232938885689,0.0008485913276672363,5.104772753838915e-06,0.02498559281229973,0.004006237722933292,0.00401973444968462,4.97457813253277e-06,7.072987500578165e-06,,,,,2.0279646686339037,,,,,,,,,1320,1.95
12.958333333334956,retreat,12.958334009163082,9.311734079440006,13.873157650232317,-0.2327561378479004,-0.012387785318423994,1.9449097910422455,0.03992471829405986,0.06852804166478502,2.2691287994384766,0.019415006041526794,3.085047960281372,-0.016070629499154165,50,2.3095104694366455,0.0023628685157746077,0.07985226064920425,0.014822260476648808,-0.018942912109196186,-14.008674323944593,-0.14013761281967163,0.13703452050685883,-2.260647773742676,0.0003297890070825815,-0.019412195309996605,1.9118822820018977e-05,7.682065916014835e-05,0.016971483826637268,7.9335157352034e-05,0.9998559951782227,-0.00015287805581465364,0.0008074787328951061,0.007571755908429623,0.28190749883651733,0.16889628767967224,0.07534746080636978,-0.4800994098186493,0.5604338049888611,0.49429062008857727,-1.9841315746307373,-0.3887426257133484,2.4147369861602783,1.0394316911697388,-0.0018172956770285964,-0.00227240938693285,0.002123197540640831,-0.002361087128520012,0.0012320963433012366,-0.002227265387773514,-0.00030193288694135845,0.6008650660514832,-8.482573321089149e-06,0.09350372850894928,-0.0009774431819096208,0.9998498558998108,6.622590444749221e-05,-0.01730075664818287,2.297514583915472e-05,6.715478230034932e-05,0.03239541873335838,-0.00032940064556896687,-0.0001609868777450174,0.9999994039535522,-0.0010541726369410753,0.08199865370988846,0.06819591671228409,-2.30704665184021,0.0018609116086736321,0.0008384114480577409,0.0011904711136594415,0.16177193820476532,-0.07268618792295456,2.3026909828186035,0.01181834377348423,0.011064877733588219,-0.0015826341696083546,0.0008484721183776855,3.900999217876233e-06,0.024985600262880325,0.004004964139312506,0.004018524195998907,5.198312919674208e-06,7.393799023702741e-06,,,,,2.0279646686339037,,,,,,,,,1320,1.9583333333333333
12.966666666668296,retreat,12.966667342931032,9.270857317626161,13.852810114622118,-0.23281574249267578,-0.009661371223046444,1.9485289535271528,0.0421681470470503,0.06852804166478502,2.295602560043335,0.0192040354013443,3.1202101707458496,-0.015247261217155028,51,2.312868356704712,0.014491240493953228,0.0378577820956707,0.011616869829595089,-0.018432156764902174,-13.988578865805497,-0.24770861864089966,0.03523826599121094,-2.2819268703460693,0.0012547574006021023,-0.019162539392709732,-0.00013300892896950245,5.8845685998676345e-05,0.017002861946821213,8.854802581481636e-05,0.9998554587364197,-0.00039755424950271845,0.0003487789654172957,0.007534528151154518,0.2537146210670471,0.12700435519218445,-0.000483507988974452,-0.48013192415237427,0.5604005455970764,0.49433332681655884,-1.9841387271881104,-0.388739675283432,2.414691209793091,1.0394316911697388,-0.0025547496043145657,-0.002876864280551672,0.003173114964738488,-0.002465382218360901,0.0013397630536928773,-0.005173170007765293,-0.0002575454709585756,0.6008612513542175,-6.6017237259075046e-06,0.09352128207683563,-0.0009750588797032833,0.9998497366905212,6.804806616855785e-05,-0.01730676367878914,2.7020578272640705e-05,6.614776066271588e-05,0.03239249810576439,-0.0003040069714188576,-0.00014498679956886917,0.9999994039535522,-0.0010612780461087823,0.13622057437896729,0.028276048600673676,-2.308680295944214,-0.01064048707485199,-0.009833117015659809,-0.00029303357587195933,0.21604177355766296,-0.03274892270565033,2.302523612976074,-0.006392249837517738,0.029572732746601105,0.0005639437586069107,0.0008500218391418457,4.37673452324816e-06,0.024985548108816147,0.004006257280707359,0.004019881132990122,5.054257599113043e-06,7.187743904069066e-06,,,,,2.0279646686339037,,,,,,,,,1320,1.9666666666666666
12.975000000001636,retreat,12.975000676698983,9.22986147813965,13.83052170276642,-0.23221969604492188,-0.006839897196186939,1.9466196781700067,0.04323041139286943,0.08846931922527276,2.072645664215088,0.017482157796621323,2.8267977237701416,-0.014993917829997372,52,2.1433346271514893,0.008912133984267712,0.082302987575531,0.010851367376744747,-0.018300164258107543,-13.966157471509364,-0.11294586956501007,0.04657101631164551,-2.0690419673919678,0.0011249715462327003,-0.01744583435356617,-5.597210110863671e-05,6.315887003438547e-05,0.016986070200800896,9.133740968536586e-05,0.9998556971549988,-0.00018389051547273993,0.000481672614114359,0.007959154434502125,0.25182870030403137,0.1498480588197708,-0.0042912014760077,-0.48017042875289917,0.5603615045547485,0.49438461661338806,-1.9841444492340088,-0.38873863220214844,2.4146454334259033,1.0394349098205566,-0.0032793995924293995,-0.003503001993522048,0.004228445701301098,-0.0021371368784457445,0.0009635760798119009,-0.003814409952610731,0.00022828465444035828,0.6008601784706116,-3.9159494917839766e-06,0.09354397654533386,-0.0009727884898893535,0.9998496770858765,6.955437129363418e-05,-0.01730811782181263,2.8790323995053768e-05,6.586436211364344e-05,0.03239284083247185,-0.00032215900137089193,-0.0001507976121501997,0.9999992847442627,-0.0010616964427754283,0.08281607180833817,0.029017014428973198,-2.1415374279022217,-0.007138365879654884,0.005266458261758089,0.0008569047204218805,0.1568906605243683,-0.033163391053676605,2.137327194213867,-0.0028342516161501408,0.006760342046618462,-0.000750743318349123,0.0008491873741149902,4.512570740189403e-06,0.024985574185848236,0.004006240051239729,0.004019922111183405,5.036454240325838e-06,7.167895091697574e-06,,,,,2.0279646686339037,,,,,,,,,1320,1.9749999999999999
12.983333333334976,retreat,12.983334010466933,9.188747334212106,13.801874220371248,-0.2314448356628418,-0.003350554152348195,1.9477252761413266,0.04100478327018209,0.07912936237050427,1.943496823310852,0.016185026615858078,2.647871971130371,-0.014107215065450873,54,2.022378444671631,0.013723273761570454,0.08780062198638916,0.004049431532621384,-0.018643508898094296,-13.937586994848791,-0.0641779899597168,0.07618492096662521,-1.9409422874450684,-0.0001765483757480979,-0.016184063628315926,-6.020782166160643e-06,5.3899660997558385e-05,0.016996216028928757,9.6819298050832e-05,0.9998555779457092,6.510836828965694e-05,0.000636231095995754,0.008603130467236042,0.24962906539440155,0.1493522673845291,-0.012553486041724682,-0.48021605610847473,0.5603178143501282,0.49444684386253357,-1.984142780303955,-0.38873815536499023,2.414599657058716,1.0394396781921387,-0.004213537555187941,-0.004166582133620977,0.005740217864513397,-0.0013871175469830632,0.0008918342646211386,-0.004347571171820164,0.00044468132546171546,0.6008639335632324,-9.66247171163559e-09,0.09357347339391708,-0.0009716593776829541,0.999849796295166,7.060063944663852e-05,-0.01730242371559143,2.5472021661698818e-05,6.62083548377268e-05,0.032393790781497955,-0.00030630663968622684,-0.00014267211372498423,0.9999993443489075,-0.001066190772689879,0.031030191108584404,0.05590283125638962,-2.0213675498962402,-0.010692301206290722,-0.008601085282862186,0.00015581087791360915,0.10095653682947159,-0.05981991067528725,2.0189709663391113,-0.0024878177791833878,0.01313505508005619,-4.4904445530846715e-05,0.0008496642112731934,4.794461801793659e-06,0.024985559284687042,0.004006229341030121,0.004019999876618385,5.0558755901874974e-06,7.192313205450773e-06,,,,,2.0279646686339037,,,,,,,,,1320,1.9833333333333334
12.991666666668316,retreat,12.991667344234884,9.147515659075179,13.766681402921678,-0.23102760314941406,0.00126601094052603,1.9522416594772294,0.036320099752629176,0.07912936237050427,1.9346747398376465,0.016385817900300026,2.6318399906158447,-0.013283847692946438,52,1.996532678604126,0.019399961456656456,0.06368773430585861,0.010437842458486557,-0.01894758699927479,-13.902708746388075,-0.1515633761882782,0.07259829342365265,-1.927362084388733,-0.00017862033564597368,-0.01638484187424183,-6.205438694451004e-06,3.241100421291776e-05,0.017035463824868202,9.781913104234263e-05,0.9998548626899719,0.0001443868677597493,0.000746997247915715,0.009137327782809734,0.2519938051700592,0.12533067166805267,-0.017317892983555794,-0.4802698791027069,0.5602675080299377,0.49452218413352966,-1.9841358661651611,-0.3887363076210022,2.4145538806915283,1.0394465923309326,-0.005319296382367611,-0.004980732221156359,0.007451757788658142,-0.0008122941362671554,0.0011742444476112723,-0.007612849120050669,0.00042654172284528613,0.600872278213501,5.677546141669154e-06,0.09361004829406738,-0.0009722658433020115,0.9998500347137451,7.071240543155e-05,-0.017290061339735985,1.6796053387224674e-05,6.731993198627606e-05,0.03239545598626137,-0.0002546675386838615,-0.0001213624855154194,0.9999993443489075,-0.0010681638959795237,0.07846643775701523,0.058639250695705414,-1.9941282272338867,-0.01300697773694992,-0.014393570832908154,4.6265860873973e-05,0.14737297594547272,-0.062497545033693314,1.9901039600372314,-0.0044032251462340355,0.025762157514691353,0.0001517956261523068,0.0008516311645507812,4.862639798375312e-06,0.02498548850417137,0.004006220493465662,0.004020054358989,5.0457856559660286e-06,7.1767717599868774e-06,,,,,2.0279646686339037,,,,,,,,,1320,1.9916666666666667
13.000000000001656,retreat,13.000000678002834,9.106167225960505,13.726638257503511,-0.23132562637329102,0.003212479214198538,1.957747539846552,0.03661580558400601,0.07912936237050427,2.106355667114258,0.017860518768429756,2.8397650718688965,-0.01258715201402083,53,2.118945837020874,0.006575883831828833,0.07573078572750092,0.023332642391324043,-0.020952853374183178,-13.863049087916755,-0.3614378273487091,-0.08501189947128296,-2.073371648788452,-0.0002245441428385675,-0.01785898022353649,-6.720422970829532e-05,3.6355922929942608e-06,0.01708366349339485,0.00012195582530694082,0.9998540282249451,-0.00011941551929339767,0.0003227835986763239,0.009400835260748863,0.2660728394985199,0.0807255432009697,0.0024344243574887514,-0.48033133149147034,0.5602089762687683,0.49460723996162415,-1.9841279983520508,-0.3887358605861664,2.4144623279571533,1.0394548177719116,-0.006150567438453436,-0.006110218819230795,0.008175665512681007,-0.0009097984293475747,0.0003928869846276939,-0.013319320976734161,0.0007485994137823582,0.6008738279342651,9.275783668272197e-06,0.09364926069974899,-0.0009670426370576024,0.9998499751091003,7.125126285245642e-05,-0.01729392260313034,1.5170429833233356e-05,6.86309504089877e-05,0.03239468112587929,-0.000210294863791205,-9.350561595056206e-05,0.9999993443489075,-0.0010875609004870057,0.2269313931465149,-0.05227931961417198,-2.106110095977783,-0.0033650745172053576,-0.005612804554402828,-0.0006441620644181967,0.2996251583099365,0.04825156554579735,2.097099781036377,-0.010749131441116333,0.03842536732554436,0.0010743861785158515,0.0008540749549865723,6.093796400818974e-06,0.024985410273075104,0.004007503390312195,0.004021419677883387,4.7749304030730855e-06,6.793183274567127e-06,,,,,2.0279646686339037,,,,,,,,,1320,2.0
13.008333333334996,retreat,13.008334011770785,9.064702808099726,13.682888448238375,-0.2301931381225586,0.004820528374693822,1.9585471062530333,0.03630334686022252,0.10467831195095843,1.9050533771514893,0.016999060288071632,2.56998872756958,-0.012713823707599659,53,1.9702812433242798,0.026655256748199463,0.06629123538732529,0.004472994711250067,-0.01924906624481082,-13.819354968692661,-0.32270753383636475,-0.07064388692378998,-1.876192331314087,0.000478824571473524,-0.01699228771030903,-3.050715349672828e-05,-1.2663126653933432e-05,0.01708989217877388,0.00013210796169005334,0.9998538494110107,-0.00013977551134303212,0.00024070937070064247,0.009639285504817963,0.2662641108036041,0.08090243488550186,-0.02713697776198387,-0.480400413274765,0.560141921043396,0.49469807744026184,-1.9841234683990479,-0.388733834028244,2.4143707752227783,1.039459228515625,-0.007163585629314184,-0.007327673956751823,0.009152264334261417,-0.0011937508825212717,0.0006387052708305418,-0.01344612892717123,0.0005255828145891428,0.6008757948875427,1.1260839528404176e-05,0.09369276463985443,-0.0009619659977033734,0.9998498558998108,7.195278885774314e-05,-0.017295444384217262,1.4426535926759243e-05,6.867776392027736e-05,0.03239445760846138,-0.00020556845993269235,-7.800560706527904e-05,0.9999991655349731,-0.0010929034324362874,0.26308125257492065,-0.06525470316410065,-1.951547622680664,0.008010326884686947,0.025419292971491814,0.00044382514897733927,0.3304125666618347,0.06155199557542801,1.9414035081863403,-0.001299331896007061,0.012615721672773361,-0.0003938983427360654,0.0008543729782104492,6.615253369091079e-06,0.02498539537191391,0.004006221424788237,0.004020224325358868,5.024106030759867e-06,7.150782039389014e-06,,,,,2.0279646686339037,,,,,,,,,1320,2.0083333333333333
13.016666666668335,retreat,13.016667345538735,9.023123178724482,13.63380402326584,-0.22917985916137695,0.005236725883150939,1.9599455628855262,0.03653382736956701,0.06852804166478502,1.831352949142456,0.015746911987662315,2.468686103820801,-0.012080340638931375,51,1.8992540836334229,0.02328362688422203,0.07091133296489716,0.002382793463766575,-0.019530255813151598,-13.770367946581906,-0.3084176182746887,-0.09674448519945145,-1.8026015758514404,0.00024887576000764966,-0.015744933858513832,-1.9310922652948648e-05,-2.6338906536693685e-05,0.017102666199207306,0.0001311188971158117,0.9998537302017212,-0.00011872444883920252,0.0002451184845995158,0.010134788230061531,0.2691645622253418,0.07209696620702744,-0.04919612780213356,-0.4804777503013611,0.5600643754005432,0.49479737877845764,-1.9841208457946777,-0.3887293338775635,2.4142677783966064,1.039459228515625,-0.008185440674424171,-0.008595927618443966,0.010118328034877777,-0.0012755794450640678,0.0007559605874121189,-0.014439527876675129,0.00023310039250645787,0.6008771061897278,1.2405362213030457e-05,0.09374140202999115,-0.0009557072771713138,0.9998499155044556,7.380510214716196e-05,-0.017297763377428055,1.426332164555788e-05,6.899776053614914e-05,0.03239402920007706,-0.00019509883713908494,-6.607121758861467e-05,0.9999994039535522,-0.0010858604218810797,0.24812334775924683,-0.08432096242904663,-1.8810876607894897,0.009676690213382244,0.021176474168896675,-0.00021422738791443408,0.31303292512893677,0.0807754397392273,1.8715370893478394,-0.002368432469666004,0.014694714918732643,0.0003060575691051781,0.0008550286293029785,6.5775084294728e-06,0.02498537302017212,0.004007472191005945,0.004020278807729483,4.793360858457163e-06,6.822956493124366e-06,,,,,2.0279646686339037,,,,,,,,,1320,2.0166666666666666
13.025000000001675,retreat,13.025000679306686,8.981429111066415,13.578569144010546,-0.22780895233154297,0.003480359055174631,1.960744233315669,0.03727520379470661,0.06852804166478502,1.6498245000839233,0.016377180814743042,2.211418867111206,-0.011003629879269283,52,1.7357299327850342,0.0262786615639925,0.08964795619249344,0.002177090384066105,-0.018636544700711966,-13.71518869488965,-0.3112414479255676,-0.1252768337726593,-1.6153498888015747,0.0005556306568905711,-0.016367750242352486,7.74226282374002e-06,-2.988938103953842e-05,0.0171092227101326,0.00015886749315541238,0.9998536109924316,-1.7559563275426626e-05,-0.00010958952771034092,0.010641353204846382,0.2723512351512909,0.07673872262239456,-0.029094235971570015,-0.48056426644325256,0.5599749684333801,0.494905561208725,-1.9841190576553345,-0.38872355222702026,2.414151191711426,1.039459228515625,-0.009401521645486355,-0.010063694790005684,0.011316576972603798,-0.0011664620833471417,0.0009509570081718266,-0.01572307012975216,-0.00011680676107062027,0.600878119468689,1.1677300790324807e-05,0.0937962532043457,-0.0009477138519287109,0.999849796295166,7.433900464093313e-05,-0.017300967127084732,1.4814897440373898e-05,6.950700480956584e-05,0.032393623143434525,-0.00019174194312654436,-6.340572144836187e-05,0.9999993443489075,-0.0011056640651077032,0.2638803720474243,-0.10922857373952866,-1.7120732069015503,0.01315873023122549,0.02274666167795658,7.210888725239784e-05,0.32294216752052307,0.10603608191013336,1.7021234035491943,-0.002505408599972725,0.015399713069200516,2.3773231077939272e-05,0.0008553266525268555,7.967781129991636e-06,0.024985361844301224,0.004006205592304468,0.004020356107503176,5.041767508373596e-06,7.173191988840699e-06,,,,,2.0279646686339037,,,,,,,,,1320,2.025
13.033333333335015,retreat,13.033334013074636,8.939621378357163,13.514780998229982,-0.22709369659423828,0.0033361059195158305,1.9662263139383926,0.03588768595363945,0.055952909680744456,1.4515596628189087,0.009204978123307228,1.970888614654541,-0.009546902219881304,50,1.5710192918777466,0.025807691738009453,0.12477100640535355,0.008715818636119366,-0.017196889617480338,-13.651782376457668,-0.1652074158191681,-0.06343939900398254,-1.4407315254211426,4.6850422222632915e-05,-0.009204838424921036,1.9431145119597204e-05,-6.665981345577165e-05,0.017156945541501045,0.00014143402222543955,0.9998528361320496,0.00023063726257532835,-0.0001168779272120446,0.011439766734838486,0.26144111156463623,0.04495302960276604,-0.018245987594127655,-0.48066139221191406,0.5598747134208679,0.4950258731842041,-1.9841163158416748,-0.38871023058891296,2.4140243530273438,1.039459228515625,-0.010737257078289986,-0.011370694264769554,0.012985442765057087,-0.0005735149024985731,0.001859894604422152,-0.01541213970631361,-0.0007985826814547181,0.6008801460266113,1.0822841431945562e-05,0.09385805577039719,-0.0009408952901139855,0.9998498558998108,7.192801422206685e-05,-0.017302893102169037,1.3560755178332329e-05,6.835386011516675e-05,0.03239169716835022,-0.00014590262435376644,-2.385681727901101e-05,0.999999463558197,-0.0010820884490385652,0.16205963492393494,-0.07056700438261032,-1.5610440969467163,0.012475903145968914,0.02258777618408203,0.00042570524965412915,0.21596801280975342,0.06766223907470703,1.5546320676803589,0.0023716390132904053,0.0008461717516183853,-0.0005185201298445463,0.0008577108383178711,7.127843673515599e-06,0.024985283613204956,0.004007494542747736,0.00402040546759963,4.75481829198543e-06,6.763060810044408e-06,,,,,2.0279646686339037,,,,,,,,,1320,2.033333333333333
13.041666666668355,retreat,13.041667346842587,8.897700753828369,13.443598151206972,-0.22608041763305664,0.002823417162289843,1.9696076077482785,0.033574084227439016,0.07912936237050427,1.2883893251419067,0.010659031569957733,1.7375426292419434,-0.008406856068177149,52,1.4046932458877563,0.012983985245227814,0.11642367392778397,0.0049093677662312984,-0.016160729865077883,-13.580835036190578,-0.22068363428115845,-0.023357655853033066,-1.2691335678100586,8.602699381299317e-06,-0.010659025982022285,6.4658074734325055e-06,-7.552642637165263e-05,0.017186656594276428,0.00014771395944990218,0.9998522400856018,0.0004635847872123122,-0.0015008975751698017,0.012361463159322739,0.23526836931705475,0.04383862763643265,0.051538243889808655,-0.48077112436294556,0.5597621202468872,0.495163232088089,-1.984106183052063,-0.38868802785873413,2.4138870239257812,1.039449691772461,-0.012486518360674381,-0.012871251441538334,0.01539111789315939,0.00010455653682583943,0.00326024298556149,-0.018227767199277878,-0.0017601422732695937,0.600886881351471,1.0846008080989122e-05,0.09393101930618286,-0.000936752709094435,0.9998499155044556,7.089325663400814e-05,-0.017299538478255272,7.686438038945198e-06,6.862520967843011e-05,0.032393671572208405,-0.00011282532068435103,-1.402319594490109e-05,0.9999993443489075,-0.0010843932395800948,0.18991845846176147,-0.032844848930835724,-1.3914077281951904,0.0051642777398228645,0.011911118403077126,-0.0001983839028980583,0.23793557286262512,0.030274875462055206,1.384063959121704,0.0005192398093640804,0.015535720624029636,0.00019631902978289872,0.0008592009544372559,7.44950921216514e-06,0.024985231459140778,0.004006208851933479,0.004019116051495075,5.230542228673585e-06,7.442082278430462e-06,,,,,2.0279646686339037,,,,,,,,,1320,2.0416666666666665
13.050000000001695,retreat,13.050000680610538,8.855668010711671,13.361552357673647,-0.2244710922241211,0.005073371085018152,1.9750650965780356,0.031532028515357524,0.07912936237050427,1.2526288032531738,0.0109180249273777,1.6601104736328125,-0.007646824997209478,48,1.348653793334961,0.01716029644012451,0.10714132338762283,0.011541587300598621,-0.016121933967951918,-13.49916935516789,-0.3340288996696472,0.04152517020702362,-1.206556797027588,-0.0008217639988288283,-0.010886837728321552,6.886254413984716e-05,-0.00010307627962902188,0.017234517261385918,0.00013915910676587373,0.999851405620575,0.00047238494153134525,-0.0012634480372071266,0.013188132084906101,0.22716958820819855,0.014036900363862514,-0.004208291415125132,-0.4808958172798157,0.5596362352371216,0.49532151222229004,-1.9840927124023438,-0.3886532485485077,2.4137136936187744,1.0394268035888672,-0.014524413272738457,-0.014501594007015228,0.01829620823264122,0.00035301444586366415,0.0052002607844769955,-0.02243730053305626,-0.0028489602264016867,0.6008913516998291,1.1859636288136244e-05,0.09401238709688187,-0.0009339532698504627,0.999849796295166,7.258798723341897e-05,-0.017304541543126106,5.127862095832825e-06,6.720411329297349e-05,0.03239309415221214,-6.993357965257019e-05,1.1978838301729411e-05,0.9999993443489075,-0.0010734847746789455,0.2735826075077057,0.016507862135767937,-1.3205101490020752,-0.0013708901824429631,0.017105065286159515,0.00011490781616885215,0.31911560893058777,-0.018922176212072372,1.3102195262908936,0.0010948473354801536,0.022425035014748573,-0.00012934689584653825,0.0008615851402282715,7.04574495102861e-06,0.02498514950275421,0.004006210248917341,0.004019157029688358,5.263260391075164e-06,7.488008122891188e-06,,,,,2.0279646686339037,,,,,,,,,1320,2.05
13.058333333335035,retreat,13.058334014378488,8.813523922238716,13.27020823955536,-0.22298097610473633,0.007535905751865357,1.979716852250084,0.03174159428454004,0.06852804166478502,1.0594464540481567,0.009203363209962845,1.3810734748840332,-0.006063426553737372,50,1.181911826133728,0.03266749903559685,0.12757983803749084,0.003295471891760826,-0.014214356844604481,-13.408149229494475,-0.3351861238479614,0.040192198008298874,-1.0042219161987305,-0.0005050096078775823,-0.009189318865537643,5.728864198317751e-05,-0.00012807679013349116,0.017275039106607437,0.00014193127572070807,0.9998507499694824,0.0005469530588015914,-0.00022481713676825166,0.014082971960306168,0.21690328419208527,-0.006055133417248726,0.020239176228642464,-0.4810367524623871,0.5594989061355591,0.49550172686576843,-1.9840772151947021,-0.3886103928089142,2.4135255813598633,1.0394039154052734,-0.01658332720398903,-0.01632034219801426,0.021128714084625244,0.0006760096875950694,0.006108648143708706,-0.025130420923233032,-0.003194211283698678,0.6008971333503723,1.5237455954775214e-05,0.09410271793603897,-0.000934210023842752,0.9998497366905212,7.245477172546089e-05,-0.017308518290519714,1.0613584890961647e-06,6.8133813329041e-05,0.0323922261595726,-3.336184818181209e-05,3.7019068258814514e-05,0.9999994039535522,-0.0010769459186121821,0.3071376383304596,0.018650995567440987,-1.1411547660827637,-0.003994148224592209,0.03241834416985512,0.0005129087367095053,0.34645330905914307,-0.020725488662719727,1.1298034191131592,-0.0012411042116582394,0.011953707784414291,-0.0004688393382821232,0.0008636116981506348,7.206131158454809e-06,0.024985074996948242,0.004006209317594767,0.004019209183752537,5.685870746674482e-06,8.091185009106994e-06,,,,,2.0279646686339037,,,,,,,,,1320,2.058333333333333
13.066666666668375,retreat,13.066667348146439,8.771269261641137,13.16901817917824,-0.22113323211669922,0.009784497706277762,1.9854422993228151,0.03220470534870401,0.07912936237050427,0.9108215570449829,0.0078563978895545,1.1435518264770508,-0.004923379947285866,49,1.0345853567123413,0.03597256913781166,0.13228850066661835,0.008126959204673767,-0.012932420999277383,-13.307357942380216,-0.3704957365989685,-0.02993621677160263,-0.8315243124961853,-0.0001138229708885774,-0.007855572737753391,-3.3938158594537526e-07,-0.0001506349944975227,0.017324641346931458,0.0001566723658470437,0.9998498558998108,0.0006059655570425093,-0.00024172056873794645,0.015044385567307472,0.21781498193740845,-0.029380273073911667,0.03969230130314827,-0.4811939001083374,0.5593439936637878,0.4957038164138794,-1.9840574264526367,-0.388564795255661,2.4133057594299316,1.0393810272216797,-0.018628070130944252,-0.01839618943631649,0.023706890642642975,0.0011249621165916324,0.00611772621050477,-0.028850624337792397,-0.0031708041206002235,0.6009026169776917,1.8414531950838864e-05,0.09420432150363922,-0.0009322752011939883,0.9998495578765869,7.212971104308963e-05,-0.017316050827503204,-2.070213668048382e-06,6.893773388583213e-05,0.03239275887608528,8.736660674912855e-06,5.963232979411259e-05,0.9999993443489075,-0.001090143108740449,0.3422805070877075,-0.026112426072359085,-0.9759759306907654,-0.001998378662392497,0.03591680899262428,-0.0001231245114468038,0.37586748600006104,0.02435576729476452,0.9635858535766602,-0.005698042456060648,0.01352708414196968,0.00032226668554358184,0.0008661150932312012,7.962928975757677e-06,0.024984989315271378,0.004006220493465662,0.004019256681203842,5.742215762438718e-06,8.170987712219357e-06,,,,,2.0279646686339037,,,,,,,,,1320,2.0666666666666664
13.075000000001715,retreat,13.07500068191439,8.728904802150577,13.055601716041567,-0.21964311599731445,0.012355401850072667,1.9918391997652936,0.03210453360225074,0.07912936237050427,0.739598274230957,0.006238529924303293,0.858213484287262,-0.0032673467558197444,49,0.8697246313095093,0.04456966742873192,0.14546361565589905,0.005519590340554714,-0.010648498428054154,-13.194387017115668,-0.3969934582710266,-0.04536239430308342,-0.6223697066307068,0.00018145376816391945,-0.00623588589951396,-7.624406862305477e-06,-0.00018279605137649924,0.017380645498633385,0.0001599031820660457,0.9998489022254944,0.0007568548317067325,-0.00040468634688295424,0.01606348156929016,0.21047274768352509,-0.054432809352874756,0.047539349645376205,-0.4813683032989502,0.5591723322868347,0.4959270656108856,-1.984034538269043,-0.38851457834243774,2.4130594730377197,1.039358139038086,-0.020868565887212753,-0.02066158317029476,0.02650512382388115,0.0015281812520697713,0.006637664046138525,-0.03232903778553009,-0.003502952866256237,0.6009091138839722,2.089931513182819e-05,0.09431745111942291,-0.0009293279726989567,0.9998494386672974,7.014266157057136e-05,-0.017324568703770638,-6.531714461743832e-06,6.866191688459367e-05,0.032392650842666626,5.625840276479721e-05,9.371409396408126e-05,0.9999993443489075,-0.0010910133132711053,0.38024184107780457,-0.043233223259449005,-0.7810044884681702,0.002413722686469555,0.044504258781671524,1.6077345208032057e-05,0.40706607699394226,0.04184922203421593,0.7674416303634644,-0.0037785894237458706,0.010421138256788254,0.00010841066250577569,0.0008689165115356445,8.152806913130917e-06,0.024984896183013916,0.004006233531981707,0.004019261337816715,5.817541023134254e-06,8.273840649053454e-06,,,,,2.0279646686339037,,,,,,,,,1320,2.075
13.083333333335055,retreat,13.08333401568234,8.686431316998679,12.929373979568483,-0.21708011627197266,0.015266343325492926,1.998705282487145,0.03152569479425438,0.06852804166478502,0.5486378073692322,0.004229270853102207,0.5054439902305603,-0.001814362235563749,49,0.6786493062973022,0.052028387784957886,0.16431939601898193,0.003155953949317336,-0.007030576205579564,-13.068637494677425,-0.41078251600265503,-0.019866131246089935,-0.3631342947483063,0.00012325626448728144,-0.0042274692095816135,6.453296919062268e-06,-0.00022230348258744925,0.01744048483669758,0.0001592503540450707,0.9998478889465332,0.0007988644647412002,-7.897277100710198e-05,0.01718788594007492,0.21954280138015747,-0.06672520935535431,0.019684715196490288,-0.48156285285949707,0.5589777827262878,0.4961732029914856,-1.9840116500854492,-0.38845571875572205,2.4127891063690186,1.039333701133728,-0.023412229493260384,-0.0231036189943552,0.029797375202178955,0.00196172040887177,0.007770131342113018,-0.03566660359501839,-0.004190560430288315,0.6009160280227661,2.2794134565629065e-05,0.0944439023733139,-0.000926555716432631,0.9998493194580078,6.54227624181658e-05,-0.017332933843135834,-1.032976433634758e-05,6.747161387465894e-05,0.03239303082227707,0.00010777534771477804,0.00013793505786452442,0.9999994039535522,-0.0010883533395826817,0.40890687704086304,-0.029169948771595955,-0.5408411622047424,0.0027762807440012693,0.05195425823330879,1.9635197531897575e-05,0.4274042844772339,0.0282356645911932,0.5263964533805847,-0.0014027210418134928,0.007112354040145874,1.4865523553453386e-05,0.0008718967437744141,8.155160685419105e-06,0.02498479187488556,0.004006238654255867,0.004019342828541994,5.683609288098523e-06,8.084374712780118e-06,,,,,2.0279646686339037,,,,,,,,,1320,2.0833333333333335
13.091666666668395,retreat,13.09166734945029,8.643849579417084,12.79110610485077,-0.21314620971679688,0.03355839362484403,2.0001735207293745,0.01803272607503459,0.055952909680744456,0.6826756596565247,0.004891917575150728,0.5461404919624329,-0.0017584782199264737,49,0.7375013828277588,0.05286918580532074,0.13497531414031982,0.015427320264279842,-0.008934043115004897,-12.930471880649225,-0.5595131516456604,-0.031966712325811386,-0.38983234763145447,0.00031870987731963396,-0.0048811896704137325,-5.717024760087952e-05,-0.0001907932455651462,0.01745404116809368,-7.914150774013251e-05,0.9998476505279541,0.0009164339862763882,0.0005293840076774359,0.018520839512348175,0.2672814428806305,-0.12083245813846588,-0.09528569877147675,-0.4817776381969452,0.5587652921676636,0.49644792079925537,-1.9839887619018555,-0.3883867859840393,2.412482976913452,1.0392931699752808,-0.025968069210648537,-0.025640983134508133,0.032988689839839935,0.0018036628607660532,0.00923947524279356,-0.04140804708003998,-0.005169358104467392,0.6009206175804138,2.671142283361405e-05,0.09458108991384506,-0.0009247741545550525,0.9998490214347839,6.68178909108974e-05,-0.01734807901084423,-1.0038958862423897e-05,5.2977895393269137e-05,0.0323919914662838,0.00010613973427098244,0.00010918906627921388,0.9999995827674866,-0.0008476468501612544,0.5040095448493958,-0.034063830971717834,-0.5373289585113525,0.0013443698408082128,0.05284846946597099,-0.0006186797982081771,0.5223432183265686,0.03315487876534462,0.5195833444595337,-0.0035274699330329895,0.019955117255449295,0.0007520031649619341,0.0008725523948669434,-3.7899662856943905e-06,0.02498476952314377,0.00402012700214982,0.004033286590129137,4.670584530686028e-06,6.648828275501728e-06,,,,,2.0279646686339037,,,,,,,,,1320,2.091666666666667
13.100000000001735,retreat,13.10000068321824,8.601160362637431,12.643286585807802,-0.20802021026611328,0.036277731851441786,1.9985094359220839,0.018113720216206275,0.055952909680744456,0.6101511120796204,0.004293616861104965,0.4880322515964508,-0.0012555219655041583,53,0.69870924949646,0.06768472492694855,0.13480813801288605,0.002152053639292717,-0.008310875622555614,-12.78253646047723,-0.49796262383461,-0.05012061819434166,-0.34900644421577454,0.0004682077851612121,-0.004267646465450525,-5.586733459495008e-05,-0.0001763319451129064,0.01743961311876774,-5.943682845099829e-05,0.999847948551178,0.0007788499351590872,0.00021359798847697675,0.019807472825050354,0.25872141122817993,-0.10126586258411407,-0.05814824253320694,-0.4820117652416229,0.5585364103317261,0.4967453181743622,-1.9839658737182617,-0.38830864429473877,2.412147283554077,1.0392473936080933,-0.02812127396464348,-0.028022652491927147,0.03550112619996071,0.0015041541773825884,0.010044335387647152,-0.04330740496516228,-0.005626441445201635,0.6009234189987183,3.0467563192360103e-05,0.0947282537817955,-0.0009237581980414689,0.9998486638069153,6.752031185897067e-05,-0.017367908731102943,-6.453949026763439e-06,5.394721665652469e-05,0.0323912538588047,7.186462607933208e-05,9.371446503791958e-05,0.9999995827674866,-0.0008660746971145272,0.48474082350730896,-0.04924564063549042,-0.5007951855659485,0.0053956168703734875,0.06746816635131836,0.0003949555684812367,0.5018362402915955,0.04840264469385147,0.4837479591369629,-0.001705358736217022,0.002555839717388153,-0.00035706086782738566,0.0008718371391296387,-2.817632775986567e-06,0.02498479187488556,0.004018854815512896,0.0040320539847016335,5.402662281994708e-06,7.694819942116737e-06,,,,,2.0279646686339037,,,,,,,,,1320,2.1
13.108333333335075,retreat,13.108334016986191,8.55836443989136,12.485267221927645,-0.20354986190795898,0.041941300878534093,1.998411505445029,0.014931522855476942,0.03956468118525214,0.4830154478549957,0.0033374030608683825,0.3863416314125061,-0.001646710188651923,56,0.5888763070106506,0.06169825792312622,0.13810724020004272,0.006434259470552206,-0.006809893064200878,-12.624510275875618,-0.394458532333374,-0.03705638274550438,-0.27628469467163086,0.00033584205084480345,-0.003320280695334077,-3.471826494205743e-05,-0.00016383793263230473,0.01743851602077484,-8.315481682075188e-05,0.9998478889465332,0.000791157886851579,0.0006302759284153581,0.021034177392721176,0.27411186695098877,-0.07959862798452377,-0.016417209059000015,-0.4822613000869751,0.5582846403121948,0.4970601201057434,-1.983942985534668,-0.3882235586643219,2.4118030071258545,1.0392016172409058,-0.030027011409401894,-0.030187904834747314,0.03775361180305481,0.0014296005247160792,0.010763281024992466,-0.04404953122138977,-0.006117136217653751,0.6009300351142883,3.329654282424599e-05,0.09488939493894577,-0.00092263740953058,0.9998485445976257,6.564299837918952e-05,-0.017380494624376297,-7.673748768866062e-06,5.10478021169547e-05,0.032394468784332275,5.817026976728812e-05,8.353778684977442e-05,0.9999996423721313,-0.0008410586742684245,0.40410083532333374,-0.04010681435465813,-0.4264613389968872,0.005151476711034775,0.06148282065987587,6.298432708717883e-07,0.4186747372150421,0.039386916905641556,0.41223230957984924,-0.0006208489648997784,-0.0031075403094291687,-5.102949216961861e-06,0.0008717775344848633,-4.014254955109209e-06,0.024984799325466156,0.004020150285214186,0.004033432342112064,4.638248356059194e-06,6.600166670978069e-06,,,,,2.0279646686339037,,,,,,,,,1320,2.1083333333333334
13.116666666668415,retreat,13.116667350754142,8.515462584410514,12.314105033874513,-0.1965165138244629,0.04370849273982458,1.9989990163726896,0.017136591850430705,0.055952909680744456,0.4149151146411896,0.0017540148692205548,0.3317619264125824,0.0,59,0.5060596466064453,0.04953191056847572,0.12440232932567596,0.0018589753890410066,-0.006102646701037884,-12.453389007134966,-0.3402847945690155,-0.0033127116039395332,-0.2373812198638916,2.3201628209790215e-05,-0.0017528815660625696,-5.8619822084438056e-05,-0.0001580993994139135,0.017443573102355003,-6.23147570877336e-05,0.9998478889465332,0.0008596664993092418,0.0005310250562615693,0.022214306518435478,0.2680867910385132,-0.07977697998285294,-0.05420636385679245,-0.4825245440006256,0.5580214262008667,0.49739208817481995,-1.9839200973510742,-0.38812902569770813,2.4114413261413574,1.0391557216644287,-0.03181995823979378,-0.032147690653800964,0.04001298546791077,0.0014515926595777273,0.011907106265425682,-0.04556535929441452,-0.006844296120107174,0.6009359359741211,3.70534835383296e-05,0.09505761414766312,-0.0009237274061888456,0.9998481869697571,6.0342252254486084e-05,-0.017395082861185074,-5.699228495359421e-06,5.3108928113942966e-05,0.032391469925642014,4.863137291977182e-05,8.271429396700114e-05,0.9999995827674866,-0.0008629788062535226,0.3420008420944214,-0.010921766981482506,-0.37284380197525024,0.0016982945380732417,0.04950271546840668,-8.560352580389008e-05,0.3547622859477997,0.01028608437627554,0.3607413172721863,0.00014258187729865313,-9.86829400062561e-05,6.239901995286345e-05,0.0008720755577087402,-2.977372787427157e-06,0.024984784424304962,0.004018840845674276,0.004032191354781389,5.1885635912185535e-06,7.377064321190119e-06,,,,,2.0279646686339037,,,,,,,,,1320,2.1166666666666667
13.125000000001755,retreat,13.125000684522092,8.47245556942653,12.137272953987123,-0.1920461654663086,0.04882092252955772,2.000271364975638,0.015418750990647823,0.055952909680744456,0.43904539942741394,0.002912697847932577,0.3510661721229553,-0.001982014282475575,67,0.4972211718559265,0.04215401038527489,0.101108118891716,0.004679033998399973,-0.00670849991729483,-12.276645544493864,-0.35847046971321106,-0.035167645663022995,-0.2510438859462738,0.00031133723678067327,-0.0028957324102520943,-4.0149447158910334e-05,-0.00014823715901002288,0.01745462417602539,-8.437701035290956e-05,0.9998476505279541,0.0007131766178645194,0.0006770301843062043,0.02324756234884262,0.27779096364974976,-0.07448949664831161,-0.016623258590698242,-0.48280057311058044,0.5577353239059448,0.4977412223815918,-1.9838978052139282,-0.388028085231781,2.411059617996216,1.0390924215316772,-0.03334265202283859,-0.03403748571872711,0.04178884997963905,0.0013490718556568027,0.012642488814890385,-0.048179060220718384,-0.007430749014019966,0.6009430289268494,4.092956078238785e-05,0.09523923695087433,-0.0009230319992639124,0.9998480081558228,6.265880074352026e-05,-0.01740778051316738,-7.330672815442085e-06,5.183356915949844e-05,0.0323963537812233,4.6974648284958676e-05,7.092204759828746e-05,0.9999995827674866,-0.0008400123915635049,0.3380095660686493,-0.02878277748823166,-0.3635243773460388,0.0011261417530477047,0.04213634133338928,-0.00047021155478432775,0.35045644640922546,0.028165750205516815,0.3515903949737549,-0.0029962188564240932,0.006691012531518936,0.000569885247386992,0.0008726119995117188,-4.088837158633396e-06,0.02498476952314377,0.0040201167576014996,0.004033560864627361,4.636032826965675e-06,6.5988278947770596e-06,,,,,2.0279646686339037,,,,,,,,,1320,2.125
13.133333333335095,retreat,13.133334018290043,8.429344168171054,11.94819211959839,-0.1850724220275879,0.05139588756719604,1.999977817882278,0.016924435840337537,0.03956468118525214,0.39252448081970215,0.0025394242256879807,0.3138178586959839,-8.184839117575393e-05,66,0.45304086804389954,0.0435154065489769,0.09275352209806442,0.0010675129014998674,-0.006071639247238636,-12.087544264979282,-0.32129934430122375,-0.017098654061555862,-0.2248329222202301,0.00015661105862818658,-0.0025343813467770815,-3.254329931223765e-05,-0.0001378646120429039,0.01745191216468811,-6.668217247352004e-05,0.9998477101325989,0.0006336882361210883,0.0009328667656518519,0.024152854457497597,0.3039235472679138,-0.06408407539129257,-0.01132565550506115,-0.48308682441711426,0.5574377775192261,0.4981018006801605,-1.9838820695877075,-0.38791778683662415,2.4106640815734863,1.039023756980896,-0.03466781601309776,-0.035745374858379364,0.04334152489900589,0.0011015076888725162,0.013701461255550385,-0.04942290112376213,-0.008108437992632389,0.6009469628334045,4.499661736190319e-05,0.09542448818683624,-0.0009238061611540616,0.9998477697372437,6.437786214519292e-05,-0.01742474175989628,-3.327266313135624e-06,5.3367151849670336e-05,0.03239243105053902,2.7288981073070318e-05,5.8515710406936705e-05,0.9999996423721313,-0.0008582713780924678,0.3113516867160797,-0.018298447132110596,-0.32858991622924805,0.0022722743451595306,0.04345538839697838,0.00023825405514799058,0.32261034846305847,0.017742250114679337,0.31757494807243347,-0.00036245747469365597,0.0015228502452373505,-0.00023951537150423974,0.000872492790222168,-3.213299351045862e-06,0.02498476952314377,0.004018826875835657,0.004032382741570473,5.008713742427062e-06,7.130671292543411e-06,,,,,2.0279646686339037,,,,,,,,,1320,2.1333333333333333
13.141666666668435,retreat,13.141667352057993,8.386129153875721,11.75685375928879,-0.18405914306640625,0.053813197155250236,2.0020317440374935,0.017870261217467487,0.03956468118525214,0.4385557472705841,0.002654706360772252,0.35084450244903564,-0.005335055902833119,65,0.46349820494651794,0.03967321664094925,0.07539895176887512,0.005438930355012417,-0.0072432890883646905,-11.896348957546515,-0.34979236125946045,-0.08491207659244537,-0.25053223967552185,0.0006755625363439322,-0.0025664041750133038,-6.819542613811791e-05,-0.00014258288138080388,0.0174701027572155,-6.225197284948081e-05,0.9998472929000854,0.00043487510993145406,0.0005145013565197587,0.024826692417263985,0.292344868183136,-0.06796644628047943,0.0033973860554397106,-0.483384370803833,0.5571287870407104,0.49847131967544556,-1.9838738441467285,-0.3878021240234375,2.4102559089660645,1.0389550924301147,-0.03565031290054321,-0.03741373121738434,0.044214874505996704,0.0007259355625137687,0.014132384210824966,-0.051666680723428726,-0.008606336079537868,0.6009472608566284,4.762009484693408e-05,0.09561379998922348,-0.000924312393181026,0.999847412109375,6.383073196047917e-05,-0.01744588278234005,-1.3132812455296516e-06,5.360315481084399e-05,0.03239038214087486,2.4347662474610843e-05,6.367934111040086e-05,0.9999996423721313,-0.0008633013349026442,0.3185217082500458,-0.06276220828294754,-0.3308102488517761,0.004777748137712479,0.03938211128115654,-0.0004317496786825359,0.32986265420913696,0.06220230460166931,0.31961244344711304,-0.004254794679582119,0.006630074232816696,0.0005757840117439628,0.0008733868598937988,-2.9875773179810494e-06,0.02498473972082138,0.004018820822238922,0.004032487515360117,4.980209268978797e-06,7.089634891599417e-06,,,,,2.0279646686339037,,,,,,,,,1320,2.1416666666666666
13.150000000001775,retreat,13.150000685825944,8.342811299772176,11.560560762882234,-0.17774105072021484,0.05821862578159198,1.9991948149965733,0.02202467294409871,0.055952909680744456,0.13625077903270721,0.0008031041361391544,0.10900059342384338,-0.0005289205660119478,64,0.2495616227388382,0.041888169944286346,0.11925806850194931,0.018613221123814583,-0.002250406745588407,-11.699858373239099,-0.1088826134800911,-0.02550540678203106,-0.07783525437116623,0.0001953344908542931,-0.0007787992944940925,-1.7099649994634092e-05,-0.00012543020420707762,0.01744532585144043,-8.611309749539942e-05,0.9998477697372437,0.000662929262034595,0.0005234181880950928,0.025675009936094284,0.2738366723060608,-0.024177148938179016,-0.009202839806675911,-0.4836876392364502,0.556808352470398,0.49884897470474243,-1.9838738441467285,-0.3876788020133972,2.409843921661377,1.0388864278793335,-0.036381371319293976,-0.038701288402080536,0.04501325264573097,0.0008385993423871696,0.014881185255944729,-0.048841577023267746,-0.0091355936601758,0.6009454727172852,5.1520284614525735e-05,0.09580691158771515,-0.0009260779479518533,0.9998469948768616,6.135088187875226e-05,-0.017467383295297623,8.069910109043121e-06,5.3210027544992045e-05,0.032386910170316696,-2.1956750060780905e-05,4.941886436427012e-05,0.9999995827674866,-0.000840956112369895,0.16401399672031403,-0.029865803197026253,-0.18571065366268158,0.007421758025884628,0.04122083634138107,0.0006155803566798568,0.17039799690246582,0.029547665268182755,0.17992347478866577,0.003095153719186783,-0.017524538561701775,-0.0007655465742573142,0.0008721351623535156,-4.195590008748695e-06,0.024984784424304962,0.004020072519779205,0.004033842124044895,4.632984200725332e-06,6.5882341004908085e-06,,,,,2.0279646686339037,,,,,,,,,1320,2.15
13.158333333335115,retreat,13.158334019593894,8.299391379092059,11.360371112823488,-0.17547607421875,0.07022859790595248,1.998705282487145,0.007117957011359977,0.03956468118525214,0.0003007639606948942,1.3519285175789264e-06,0.0,-0.0001936164437665866,64,0.10409422218799591,0.012656591832637787,0.10381965339183807,0.007032240275293589,-8.413945579377469e-06,-11.49963462793243,-7.242748324642889e-06,-8.254392014350742e-06,-0.00030056340619921684,-3.718050152201613e-07,1.2995244560443098e-06,-2.660538456211725e-08,-9.96934759314172e-05,0.017439862713217735,-0.00022133607126306742,0.999847948551178,-0.0011501599801704288,0.010799450799822807,0.02722354233264923,0.5113949775695801,0.12042716145515442,0.008849263191223145,-0.48399636149406433,0.5564764738082886,0.4992319643497467,-1.9838533401489258,-0.3875481188297272,2.4094319343566895,1.0387974977493286,-0.03692507743835449,-0.039782486855983734,0.04570772871375084,0.0015227128751575947,0.015458918176591396,-0.0485522635281086,-0.009724889881908894,0.6009556651115417,5.256505392026156e-05,0.09601424634456635,-0.0009282722021453083,0.9998468160629272,6.389509508153424e-05,-0.01747402735054493,8.291099220514297e-07,4.239668123773299e-05,0.032394345849752426,-3.4099688491551206e-05,2.3471695385524072e-05,0.9999997615814209,-0.0007074561435729265,0.03813515231013298,-0.019130518659949303,-0.0949491485953331,0.0019964606035500765,0.012494094669818878,-0.0003179027698934078,0.04142783209681511,0.018960554152727127,0.09359399974346161,-0.0007510269060730934,-0.0069855013862252235,0.000329763803165406,0.0008718371391296387,-1.0978190402965993e-05,0.02498479187488556,0.0040278746746480465,0.004042122047394514,0.00036162856849841774,0.000514596700668335,,,,,2.0279646686339037,,,,,,,,,1320,2.158333333333333
13.166666666668455,retreat,13.166667353361845,8.255870165067009,11.14749312400818,-0.16558170318603516,0.06151326670078561,1.9996842277146718,0.015139340575842652,0.08846931922527276,0.00895615853369236,3.858128184219822e-05,0.005733808036893606,0.0,67,0.07434253394603729,0.002868200419470668,0.06778813153505325,0.004584978800266981,-0.00020458699509617873,-11.286824821259508,-0.005208790767937899,-0.0030627353116869926,-0.0066106682643294334,1.3542337910621427e-05,-3.587767787394114e-05,-4.232328592479462e-06,-0.00011464043200248852,0.017449643462896347,-6.524305354105309e-05,0.9998476505279541,0.0007442876813001931,0.0007930292631499469,0.027237743139266968,0.3094283640384674,0.015070153400301933,0.039633117616176605,-0.4843105375766754,0.5561331510543823,0.49962118268013,-1.983830451965332,-0.38740643858909607,2.409019947052002,1.0387059450149536,-0.03748064115643501,-0.040711477398872375,0.04659799113869667,0.0020292801782488823,0.016932444646954536,-0.05039813369512558,-0.01072419062256813,0.6009697914123535,5.329489067662507e-05,0.09622963517904282,-0.0009326685685664415,0.9998468160629272,6.284932896960527e-05,-0.017474303022027016,-3.2959505915641785e-06,5.213209806242958e-05,0.032396987080574036,-2.45684823312331e-05,3.664823452709243e-05,0.9999994039535522,-0.0008682011975906789,0.015316075645387173,0.016533395275473595,-0.07084403187036514,-0.001649258192628622,-0.0023441959638148546,0.00010614267375785857,0.017783790826797485,-0.01666291058063507,0.07023455947637558,0.0007383642951026559,0.004556953441351652,-0.00012438390695024282,0.0008723735809326172,-3.1616327760275453e-06,0.024984776973724365,0.004018179606646299,0.004031952470541,5.19001878274139e-06,7.399561582133174e-06,,,,,2.0279646686339037,,,,,,,,,1320,2.1666666666666665
13.175000000001795,retreat,13.175000687129796,8.212248430928668,10.92972755432129,-0.15872716903686523,0.06170606502564624,2.0040835660413503,0.015539388186880387,0.055952909680744456,0.24762801826000214,0.0013291120994836092,0.19810236990451813,0.0,64,0.2086009532213211,0.0018751437310129404,0.06599399447441101,0.019315732643008232,-0.004519747104495764,-11.069365658725879,-0.1897900253534317,-0.07152553647756577,-0.14206856489181519,0.0004914628225378692,-0.0012344548013061285,-3.353801730554551e-05,-0.00012735553900711238,0.017487667500972748,-8.411445014644414e-05,0.9998470544815063,0.0006635932950302958,0.00017958834359887987,0.027427859604358673,0.2760957181453705,-0.0372462123632431,-0.014960157684981823,-0.4846252501010895,0.5557898283004761,0.50001060962677,-1.9838075637817383,-0.38725757598876953,2.4085638523101807,1.0386143922805786,-0.03774656727910042,-0.041750334203243256,0.04671761766076088,0.0018119773594662547,0.017856983467936516,-0.05506198853254318,-0.011614140123128891,0.600973904132843,5.2143732318654656e-05,0.09644138813018799,-0.0009340732358396053,0.9998463988304138,5.897570008528419e-05,-0.017496876418590546,6.968621164560318e-07,5.087265890324488e-05,0.03239088132977486,-9.10486232896801e-06,5.3506140829995275e-05,0.9999995827674866,-0.000851025281008333,0.12620483338832855,-0.04361078143119812,-0.160264790058136,0.0006120299221947789,-0.0015933221438899636,-0.0007764712790958583,0.13173127174377441,0.04333069548010826,0.15583226084709167,-0.00565118296071887,0.019822902977466583,0.0010053477017208934,0.0008742213249206543,-4.09372296417132e-06,0.024984709918498993,0.004019462503492832,0.004033352714031935,4.787360921909567e-06,6.814749212935567e-06,,,,,2.0279646686339037,,,,,,,,,1320,2.175
13.183333333335135,retreat,13.183334020897746,8.168526949908674,10.7151135802269,-0.15217065811157227,0.06456448318203911,2.0035952275010764,0.011435092346800957,0.0,0.0006724121049046516,3.491525376375648e-06,0.0005379295325838029,-2.5964370209408116e-05,65,0.06407176703214645,0.02028617076575756,0.06343257427215576,0.014959790743887424,-1.2034205042255053e-05,-10.854717672643256,-0.0005170752992853522,-0.00018946481577586383,-0.00038584222784265876,1.2451190514184418e-06,-3.2612833820166998e-06,-6.677505837160425e-08,-0.0001063790186890401,0.017483066767454147,-0.000134055910166353,0.9998472332954407,-0.0006166810053400695,0.002341178711503744,0.02816668339073658,0.4119287431240082,0.042071666568517685,0.042751431465148926,-0.48493996262550354,0.555435061454773,0.500399649143219,-1.9837846755981445,-0.3870972692966461,2.4081075191497803,1.0385065078735352,-0.03773748129606247,-0.04244609177112579,0.04664608836174011,0.0016583737451583147,0.019045071676373482,-0.05222094804048538,-0.012400440871715546,0.6009801030158997,5.0662391004152596e-05,0.09665930271148682,-0.0009362353594042361,0.9998461008071899,5.9572223108261824e-05,-0.01751546561717987,2.374988980591297e-06,4.667858956963755e-05,0.032394181936979294,-3.232323797419667e-05,3.277926589362323e-05,0.9999997615814209,-0.0008028786978684366,0.03507985174655914,-0.011620626784861088,-0.05234077200293541,0.00573547650128603,0.019446222111582756,0.0006909829098731279,0.03689059615135193,0.011528057046234608,0.05110166221857071,0.004033633507788181,-0.014376344159245491,-0.0008613445097580552,0.0008740425109863281,-6.6087814047932625e-06,0.02498471736907959,0.004020920488983393,0.004035136196762323,4.845434887101874e-06,6.895192200317979e-06,,,,,2.0279646686339037,,,,,,,,,1320,2.183333333333333
13.191666666668475,retreat,13.191667354665697,8.124706495238671,10.4949489235878,-0.14764070510864258,0.07322802412090823,2.0064259372429807,0.0077664426498813555,0.0,0.0004427930689416826,1.303738486058137e-06,0.0,0.0,57,0.02490750141441822,0.0014086989685893059,0.024482857435941696,0.0010445867665112019,-1.3022745520174794e-05,-10.63475017021093,2.0335460249043535e-06,-1.8877926777349785e-05,-0.00044238578993827105,-1.0598408834994189e-06,7.567360285065661e-07,-6.182177259006494e-08,-9.68552558333613e-05,0.017506398260593414,-0.00029118609381839633,0.9998466968536377,0.0006249761790968478,0.00041253212839365005,0.0283308457583189,0.3147251009941101,0.0014057898661121726,-0.011111348867416382,-0.4852544665336609,0.5550802946090698,0.5007877945899963,-1.9837617874145508,-0.3869309723377228,2.4076497554779053,1.0383920669555664,-0.03763917088508606,-0.04303527995944023,0.04654856026172638,0.001603488577529788,0.020174412056803703,-0.05264529213309288,-0.01327021885663271,0.600985586643219,4.859433101955801e-05,0.09687681496143341,-0.0009397383546456695,0.9998458027839661,5.988248813082464e-05,-0.017535187304019928,2.6084017008543015e-06,3.616858521127142e-05,0.03239157795906067,-2.8727352400892414e-05,2.562133886385709e-05,0.9999998211860657,-0.0006491038366220891,-0.00017915428907144815,0.005879936274141073,-0.024202847853302956,-0.0009216966573148966,-0.0009888038039207458,-0.00039645328070037067,0.0006701414240524173,-0.005925386678427458,0.024183155968785286,-5.752744618803263e-05,0.0009622290381230414,0.00040054565761238337,0.0008751749992370605,-1.4472294424194843e-05,0.02498467266559601,0.004029975272715092,0.0040437025018036366,5.2993345889262855e-06,7.541617378592491e-06,,,,,2.0279646686339037,,,,,,,,,1320,2.1916666666666664
13.200000000001815,retreat,13.200000688433647,8.080787840150297,10.276542603969576,-0.14400482177734375,0.07263277075253427,2.0085707121511986,0.003840671524812933,0.03956468118525214,0.00020566224702633917,9.139639587374404e-07,0.0,0.0,60,0.013203253969550133,0.002425967250019312,0.013045812025666237,0.0011890591122210026,-5.995836417582723e-06,-10.416493230356497,-2.62085632130038e-06,7.630740128661273e-08,-0.00020564552687574178,-5.250184926808288e-07,7.481124839614495e-07,3.6547560533506385e-09,-9.722354297991842e-05,0.017524560913443565,-0.0003142051282338798,0.9998463988304138,0.0008400608785450459,0.0003150186385028064,0.028316177427768707,0.30447834730148315,-0.01617782935500145,-0.016880642622709274,-0.48556360602378845,0.5547140836715698,0.5011767745018005,-1.9837394952774048,-0.38675355911254883,2.4071919918060303,1.0382776260375977,-0.03733525425195694,-0.04351631924510002,0.04614785313606262,0.0014084602007642388,0.021127870306372643,-0.05289267748594284,-0.013948976993560791,0.6009929180145264,5.050115578342229e-05,0.09710017591714859,-0.0009444123134016991,0.9998454451560974,5.995972969685681e-05,-0.017551293596625328,1.3224780559539795e-07,3.898244904121384e-05,0.032396648079156876,-2.6671646992326714e-05,2.621988460305147e-05,0.9999997615814209,-0.0006307653966359794,-0.007444790564477444,0.0043643806129693985,-0.009992657229304314,-0.0013854718999937177,-0.001989800250157714,8.04946685093455e-05,-0.007089110091328621,-0.004384362138807774,0.010239518247544765,-0.0007569999434053898,0.0009143037023022771,-5.1942450227215886e-05,0.0008760690689086914,-1.56226524268277e-05,0.024984635412693024,0.004031239077448845,0.004045112524181604,4.898191036772914e-06,6.966292858123779e-06,,,,,2.0279646686339037,,,,,,,,,1320,2.2
13.208333333335155,retreat,13.208334022201598,8.036771757875199,10.05339026451111,-0.1392364501953125,0.07475315214833245,2.0109078587205373,0.016886011508177035,0.0,0.0001948490389622748,1.4462011677096598e-06,0.0,0.0,62,0.01477923896163702,0.0026867054402828217,0.014813559129834175,0.000775810971390456,-5.738731232440841e-06,-10.193503668783132,-5.105459422338754e-06,-1.2413959211698966e-06,-0.00019477818568702787,-7.62785418828571e-07,1.2286463970667683e-06,9.193478867075555e-09,-9.753222548170015e-05,0.01754484511911869,-0.0003231713781133294,0.9998460412025452,-0.00012593663996085525,0.0002681260812096298,0.028398340567946434,0.3049585819244385,0.029752682894468307,0.009549679234623909,-0.4858725070953369,0.5543478727340698,0.5015546679496765,-1.9837394952774048,-0.38657036423683167,2.4067342281341553,1.038163185119629,-0.03684123978018761,-0.04388361796736717,0.045473482459783554,0.001057533547282219,0.022033941000699997,-0.0528048537671566,-0.014625633135437965,0.6009889841079712,4.835669824387878e-05,0.09731374680995941,-0.0009486054768785834,0.999845027923584,5.5561846238560975e-05,-0.017580030485987663,1.0355259291827679e-05,3.4976881579495966e-05,0.032386790961027145,-3.512314287945628e-05,3.1002997275209054e-05,0.9999998211860657,-0.0006260782829485834,-0.013621571473777294,0.005116436630487442,0.0025885864160954952,-0.0014498792588710785,-0.0022598421201109886,-9.669800056144595e-05,-0.013703755103051662,-0.005113490391522646,-0.0021178375463932753,-0.0007070258725434542,0.00029178569093346596,0.00012271184823475778,0.000877082347869873,-1.6070520359789953e-05,0.024984605610370636,0.004031231161206961,0.004045166540890932,4.895567144558299e-06,6.965710781514645e-06,,,,,2.0279646686339037,,,,,,,,,1320,2.2083333333333335
13.216666666668495,retreat,13.216667355969548,7.99265902164501,9.840840101242067,-0.1461505889892578,0.07281993748620152,2.0142141761036294,0.014881147762935143,0.055952909680744456,1.278328363696346e-05,5.949243231384571e-08,0.0,0.0,52,0.017715372145175934,0.0017082131234928966,0.017726192250847816,0.0007033466245047748,-3.724104509217341e-07,-9.981183783934517,9.916409737797949e-08,-9.444322301987995e-08,-1.278254967473913e-05,-4.048828827762918e-08,4.358491523248631e-08,-6.350531212007127e-10,-9.447989577893168e-05,0.017573576420545578,-0.0003306647122371942,0.9998455047607422,0.003232017159461975,0.00015882654406595975,0.027779346331954002,0.29560357332229614,-0.16569475829601288,-0.09662747383117676,-0.4861757457256317,0.5539816617965698,0.5019214749336243,-1.9837394952774048,-0.3863813877105713,2.4062857627868652,1.0380263328552246,-0.036192432045936584,-0.04415619745850563,0.04458075016736984,0.0005498999380506575,0.02291848324239254,-0.05241761729121208,-0.015313318930566311,0.6009863018989563,4.4003332732245326e-05,0.09752689301967621,-0.0009537194855511189,0.9998445510864258,5.8790021284949034e-05,-0.01760571077466011,7.810886017978191e-06,3.288522930233739e-05,0.03238753601908684,-3.207646295777522e-05,2.4747920178924687e-05,0.9999997615814209,-0.0006235901964828372,-0.007285600993782282,0.005249973852187395,0.01527063176035881,-0.0013851418625563383,-0.0009530126117169857,-0.0003018954012077302,-0.007818262092769146,-0.005221974570304155,-0.015014665201306343,-0.0006162048084661365,-0.00010024389484897256,0.00032388049294240773,0.0008785724639892578,-1.6447665984742343e-05,0.024984553456306458,0.004031239077448845,0.004045255947858095,4.985913619748317e-06,7.091439329087734e-06,,,,,2.0279646686339037,,,,,,,,,1320,2.216666666666667
13.225000000001835,retreat,13.225000689737499,7.948450404691374,9.629586338996889,-0.15240907669067383,0.06862549344077706,2.018097029053449,0.006549445970449597,0.0,0.0007648916216567159,3.3653775517450413e-06,0.0,0.0,65,0.027800623327493668,0.0012138786260038614,0.028431931510567665,0.0020985580049455166,-2.195910644786636e-05,-9.770200454066941,-3.408081829547882e-05,1.5549163435935043e-05,-0.0007639738032594323,-1.6121032331284368e-06,2.95122708848794e-06,1.309493313783605e-07,-0.00010189651948167011,0.01760697364807129,-0.00033744951360858977,0.9998449683189392,0.0023033656179904938,0.00016592181054875255,0.027645541355013847,0.30006393790245056,-0.12233703583478928,-0.07436079531908035,-0.4864688813686371,0.5536154508590698,0.5022876262664795,-1.9837394952774048,-0.3861861824989319,2.4058737754821777,1.037889003753662,-0.03535584732890129,-0.04430360347032547,0.04343489930033684,-5.1750725106103346e-05,0.02370159514248371,-0.05146132782101631,-0.015860917046666145,0.6009910106658936,4.769547376781702e-05,0.09774226695299149,-0.0009649262647144496,0.9998443126678467,6.427738117054105e-05,-0.01761491410434246,-2.40944791585207e-06,4.149842425249517e-05,0.032392021268606186,-7.873673894209787e-06,2.6569206966087222e-05,0.9999998211860657,-0.0006280425004661083,-0.01522947195917368,0.004726103972643614,0.022772829979658127,-0.0011945893056690693,-0.00016707065515220165,0.00013618002412840724,-0.016021735966205597,-0.0046846820041537285,-0.022231345996260643,-0.0005170514923520386,-0.002032788936048746,-0.000121339711768087,0.0008802413940429688,-1.6780155419837683e-05,0.024984493851661682,0.004031245596706867,0.0040453216060996056,4.905214154860005e-06,6.9806992541998625e-06,,,,,2.0279646686339037,,,,,,,,,1320,2.225
13.233333333335175,retreat,13.23333402350545,7.9041466802459315,9.417155385017397,-0.1500844955444336,0.0724650381016545,2.019066576040403,0.004100882506463677,0.0,0.00010783567995531484,8.967801932158181e-07,0.0,0.0,62,0.04201797395944595,0.0024917612317949533,0.042103659361600876,0.0020092884078621864,-3.0710534559830194e-06,-9.557837026854296,-4.062244443048257e-06,4.438245468918467e-07,-0.00010775822738651186,-4.685711871843523e-07,7.643071739948937e-07,2.2142367939181895e-08,-0.00010510335414437577,0.017614904791116714,-0.00034821961889974773,0.9998447895050049,-0.001435543061234057,0.0001586065482115373,0.027774564921855927,0.30868595838546753,0.0740884318947792,0.030312277376651764,-0.48675498366355896,0.5532492399215698,0.5026423335075378,-1.9837394952774048,-0.3859841525554657,2.4054617881774902,1.0377516746520996,-0.03435640409588814,-0.044345296919345856,0.04206744208931923,-0.0007194852805696428,0.02439868450164795,-0.050421979278326035,-0.016363240778446198,0.6009948253631592,4.9047841457650065e-05,0.09795626997947693,-0.0009757750667631626,0.9998441934585571,6.599994230782613e-05,-0.017625926062464714,-3.1293602660298347e-06,3.9714981539873406e-05,0.032393649220466614,-1.094893832487287e-05,2.80464537354419e-05,0.9999998211860657,-0.0006281475070863962,-0.024819612503051758,0.0062643918208777905,0.03332047909498215,-0.0017553482903167605,-0.0017667354550212622,7.919707422843203e-05,-0.025978008285164833,-0.006203571800142527,-0.03243715316057205,-0.0008537390967831016,-0.0018187017412856221,-5.171644443180412e-05,0.0008805990219116211,-1.731570955598727e-05,0.02498447895050049,0.004031273536384106,0.004045385867357254,4.879584594164044e-06,6.946094799786806e-06,,,,,2.0279646686339037,,,,,,,,,1320,2.2333333333333334
13.241666666668515,retreat,13.2416673572734,7.859748621540324,9.206907451152803,-0.14835596084594727,0.07413032290060073,2.019357349400536,0.015399797121062875,0.055952909680744456,4.7405035729752854e-05,1.7826404530296713e-07,0.0,0.0,69,0.05014041066169739,0.0026908526197075844,0.05018138512969017,0.001577569986693561,-1.3430983827333876e-06,-9.347609344692351,3.974319611188548e-07,6.268394372455077e-07,-4.739922587759793e-05,-9.957405211480364e-08,-1.4783546475882758e-07,-2.784441122116732e-09,-0.00010072540317196399,0.017617246136069298,-0.00035990611650049686,0.9998446702957153,-0.0020338355097919703,9.609499829821289e-05,0.027371637523174286,0.3085066080093384,0.09356266260147095,0.04178578779101372,-0.4870297610759735,0.5528830289840698,0.5029839873313904,-1.983762264251709,-0.38577574491500854,2.4050498008728027,1.037614345550537,-0.03323319926857948,-0.04430381953716278,0.04053070768713951,-0.00149568694178015,0.02509971149265766,-0.049323756247758865,-0.016892587766051292,0.6009872555732727,5.254692223388702e-05,0.09816006571054459,-0.0009858515113592148,0.9998437166213989,6.847832264611498e-05,-0.017649797722697258,7.48166348785162e-06,4.218699541524984e-05,0.032386865466833115,-3.248805660405196e-05,2.1225889213383198e-05,0.9999997019767761,-0.0006264203111641109,-0.02226118929684162,0.006779370829463005,0.04441329091787338,-0.001877441769465804,-0.001924892421811819,-0.00010338913125451654,-0.023814160376787186,-0.006695734802633524,-0.043613240122795105,-0.000895604956895113,-0.001291599590331316,0.00013352889800444245,0.0008807182312011719,-1.7903785192174837e-05,0.02498447149991989,0.004031278658658266,0.004045512992888689,4.870469638262875e-06,6.93491892889142e-06,,,,,2.0279646686339037,,,,,,,,,1320,2.2416666666666667
13.250000000001855,retreat,13.25000069104135,7.815257001806191,9.00731384754181,-0.15914440155029297,0.0778558969614096,2.02206921860641,0.014583676602342166,0.055952909680744456,6.537681474583223e-05,5.12111114403524e-07,0.0,0.0,66,0.05507072061300278,0.001879636780358851,0.055132392793893814,0.0022620810195803642,-1.7504653371247514e-06,-9.14820461642396,1.004527575787506e-06,1.7362076505378354e-06,-6.534603744512424e-05,-3.1827374868953484e-07,-4.008811913536192e-07,-1.593284082446189e-08,-0.00010257348185405135,0.01764087751507759,-0.00037157791666686535,0.9998443126678467,0.0013635708019137383,-3.3707983675412834e-06,0.026355961337685585,0.3004976212978363,-0.10801807790994644,-0.0662601962685585,-0.4872984290122986,0.5525168180465698,0.503304660320282,-1.9837851524353027,-0.38556382060050964,2.4046378135681152,1.0374770164489746,-0.031983084976673126,-0.04418299347162247,0.038812920451164246,-0.0023656850680708885,0.0257401205599308,-0.0478912815451622,-0.01737412065267563,0.6009780168533325,4.6832123189233243e-05,0.09836051613092422,-0.0009924250189214945,0.999843180179596,6.334276258712634e-05,-0.01767699234187603,7.72660132497549e-06,3.317987284390256e-05,0.03238778933882713,-3.605182428145781e-05,2.8285412554396316e-05,0.9999997615814209,-0.0006214468157850206,-0.013534687459468842,0.007141314912587404,0.05290177837014198,-0.001873593544587493,0.00014209670189302415,-4.990199886378832e-05,-0.015395577065646648,-0.007038620766252279,-0.052404358983039856,-0.0008412222377955914,-0.002097941702231765,7.603109406773001e-05,0.0008819103240966797,-1.8485530745238066e-05,0.024984434247016907,0.004031314980238676,0.00404557678848505,4.876563252764754e-06,6.937014404684305e-06,,,,,2.0279646686339037,,,,,,,,,1320,2.25
13.258333333335194,retreat,13.258334024809301,7.770672594275174,8.811594545841219,-0.1723766326904297,0.07238607940962538,2.0260336236285474,0.0024357102574867895,0.07912936237050427,0.0,0.0,0.0,0.0,67,0.060840148478746414,0.0019945348612964153,0.06084013357758522,0.003951902501285076,0.0,-8.952761425685726,0.0,0.0,0.0,0.0,0.0,0.0,-0.00010520891373744234,0.017675410956144333,-0.00038020897773094475,0.9998436570167542,0.0013421170879155397,-4.954313044436276e-05,0.025749627500772476,0.3009006679058075,-0.11741312593221664,-0.07210569828748703,-0.48755574226379395,0.5521506071090698,0.5036135911941528,-1.9838080406188965,-0.38534629344940186,2.4042716026306152,1.0373380184173584,-0.03059464506804943,-0.043951764702796936,0.03692362830042839,-0.00327195692807436,0.026317935436964035,-0.045958004891872406,-0.017861217260360718,0.6009777784347534,4.3630876461975276e-05,0.09856291115283966,-0.0010035409359261394,0.9998430609703064,5.784615859738551e-05,-0.01768372394144535,-4.5872293412685394e-06,3.618697519414127e-05,0.03239492326974869,-8.239215276262257e-06,3.633993037510663e-05,0.9999996423721313,-0.0006240726797841489,-0.017806950956583023,0.006009118165820837,0.0578647255897522,-0.0014508113963529468,0.0013189716264605522,-0.0003655532200355083,-0.019841546192765236,-0.005895794834941626,-0.05721078813076019,-0.0005711663980036974,-0.003892018925398588,0.0003788028843700886,0.000883638858795166,-1.891449574031867e-05,0.02498437464237213,0.004031334538012743,0.004045659210532904,4.868463292950764e-06,6.922840839251876e-06,,,,,2.0279646686339037,,,,,,,,,1320,2.2583333333333333
13.266666666668534,retreat,13.266667358577251,7.725996172178912,8.6147278547287,-0.17511844635009766,0.06944592314539477,2.026709698581267,0.012619956578419078,0.03956468118525214,0.0,0.0,0.0,0.0,66,0.07052980363368988,0.0017983121797442436,0.07052979618310928,0.0038272696547210217,0.0,-8.7559418214469,0.0,0.0,0.0,0.0,0.0,0.0,-9.917934949044138e-05,0.017681347206234932,-0.0003916272835340351,0.9998435378074646,-0.003156892256811261,-6.445337203331292e-05,0.025668906047940254,0.3098923861980438,0.11989713460206985,0.05548378825187683,-0.48779618740081787,0.5517843961715698,0.5039000511169434,-1.9838536977767944,-0.38512304425239563,2.4039053916931152,1.0371778011322021,-0.02908429130911827,-0.04361658915877342,0.03489171713590622,-0.004177634138613939,0.02683529071509838,-0.04398149251937866,-0.01828852668404579,0.6009652614593506,3.987239324487746e-05,0.0987536758184433,-0.0010120343649759889,0.9998427629470825,6.238270725589246e-05,-0.017705051228404045,6.3480110839009285e-06,3.59022305929102e-05,0.032388485968112946,-2.3637952835997567e-05,2.5830733648035675e-05,0.9999998211860657,-0.0006209636921994388,-0.028990570455789566,0.006192222703248262,0.0639973133802414,-0.001717534614726901,-0.0004608190502040088,-0.0002676699950825423,-0.0312376469373703,-0.006067493464797735,-0.06294320523738861,-0.0008149430505000055,-0.0037282188422977924,0.0002902488922700286,0.000883936882019043,-1.9490620616124943e-05,0.024984359741210938,0.004031369462609291,0.004045744892209768,4.836823791265488e-06,6.887275958433747e-06,,,,,2.0279646686339037,,,,,,,,,1320,2.2666666666666666
13.275000000001874,retreat,13.275000692345202,7.681228508749048,8.429923653602602,-0.19019842147827148,0.06596836465178058,2.028157672054606,0.01572275323269423,0.055952909680744456,0.00033613239065743983,2.1887967704969924e-06,0.0,0.0,72,0.07434762269258499,0.0018637677421793342,0.07466749101877213,0.002655594376847148,-8.280399271143324e-06,-8.571238467865957,1.4140079656499438e-05,1.666830576141365e-05,-0.00033542094752192497,-1.3969577139505418e-06,-1.6794635939731961e-06,-1.3690480216155265e-07,-9.634080197429284e-05,0.01769392564892769,-0.00040226621786132455,0.999843418598175,0.0003115918079856783,-0.00017116361414082348,0.024439377710223198,0.29934099316596985,-0.08704549819231033,-0.0544893741607666,-0.48802506923675537,0.5514295697212219,0.5041746497154236,-1.983899474143982,-0.3848942518234253,2.4035391807556152,1.037017583847046,-0.027514418587088585,-0.043223269283771515,0.03279335796833038,-0.005138854496181011,0.02737298049032688,-0.04213410243391991,-0.018666047602891922,0.6009495854377747,3.7263918784447014e-05,0.09893643110990524,-0.001022252021357417,0.9998421669006348,6.560063047800213e-05,-0.01773340068757534,8.707400411367416e-06,3.74254523194395e-05,0.032386407256126404,-3.941871182178147e-05,1.9782399249379523e-05,0.9999997615814209,-0.0006204366800375283,-0.015296106226742268,0.006043086759746075,0.07250571995973587,-0.00184535828884691,0.00025716525851748884,4.6361208660528064e-05,-0.017857063561677933,-0.005897590424865484,-0.0719299241900444,-0.0009758774540387094,-0.0024675007443875074,-1.617835914657917e-05,0.0008845329284667969,-2.0024930563522503e-05,0.024984337389469147,0.004031404387205839,0.004045824054628611,4.830882971873507e-06,6.875256076455116e-06,,,,,2.0279646686339037,,,,,,,,,1320,2.275
13.283333333335214,retreat,13.283334026113153,7.636370377217221,8.253225684165956,-0.21022558212280273,0.056356304412474856,2.0325916947317726,0.005335191417543683,0.06852804166478502,0.0,0.0,0.0,0.0,67,0.07623077183961868,0.0023392329458147287,0.07623074948787689,0.004840357694774866,0.0,-8.394849315888447,0.0,0.0,0.0,0.0,0.0,0.0,-0.00011933905625483021,0.017733750864863396,-0.0003260325756855309,0.999842643737793,0.0005657753208652139,0.005706250201910734,0.023949427530169487,0.16623488068580627,-0.09367518126964569,-0.14442111551761627,-0.4882422983646393,0.5510748028755188,0.5044268369674683,-1.9839452505111694,-0.3846648633480072,2.4032187461853027,1.0368573665618896,-0.025796400383114815,-0.04274994134902954,0.030464034527540207,-0.006074352189898491,0.02765224128961563,-0.03980428725481033,-0.01892607845366001,0.6009421944618225,3.0477371183224022e-05,0.09911944717168808,-0.001033025560900569,0.9998419880867004,6.482962635345757e-05,-0.017742302268743515,-3.1206291168928146e-06,4.0961480408441275e-05,0.03239315003156662,-8.459414857497904e-06,4.1968105506384745e-05,0.9999996423721313,-0.0007078506168909371,-0.016765104606747627,-0.004825185984373093,0.07420767843723297,-0.0010355288395658135,0.002096049254760146,-7.917826587799937e-05,-0.019387822598218918,0.004975507967174053,-0.07355599105358124,-0.0017312879208475351,-0.004518214613199234,0.000132065310026519,0.0008865594863891602,-1.619324757484719e-05,0.024984270334243774,0.004028290510177612,0.004041855223476887,0.0003118657332379371,0.00044394098222255707,,,,,2.0279646686339037,,,,,,,,,1320,2.283333333333333
13.291666666668554,retreat,13.291667359881103,7.591422550815074,8.077138662338259,-0.21731853485107422,0.039918279071571305,2.029604612936928,0.024546672648284584,0.0,0.013564232736825943,2.5554740204825066e-05,0.010827294550836086,0.0,73,0.07818863540887833,0.0014586750185117126,0.08322246372699738,0.004845442250370979,-0.00022657381487078965,-8.218554252139361,0.009777474217116833,-0.004792064893990755,-0.008088604547083378,-8.67597100295825e-06,-2.3689106456004083e-05,4.074120624864008e-06,-0.0001184236680273898,0.017710179090499878,-0.00018149489187635481,0.999843180179596,-0.000761341187171638,-0.0007291812216863036,0.023243291303515434,0.26319438219070435,0.0002130056673195213,-0.09063021093606949,-0.4884425699710846,0.5507200360298157,0.5046654939651489,-1.9840139150619507,-0.3844301998615265,2.4028983116149902,1.0366971492767334,-0.02404058538377285,-0.04214092344045639,0.028194446116685867,-0.007016387302428484,0.028204556554555893,-0.037253156304359436,-0.019315453246235847,0.600923478603363,2.907418820541352e-05,0.09929250180721283,-0.0010429603280499578,0.9998416900634766,6.78106298437342e-05,-0.01776403747498989,9.792973287403584e-06,5.6631317420396954e-05,0.03238969296216965,-5.376569242798723e-05,3.5358407330932096e-05,0.9999997019767761,-0.0008622335153631866,-0.029203321784734726,0.011326088570058346,0.07164040952920914,-0.0013273418880999088,0.0005914728390052915,-0.00012671305739786476,-0.031728629022836685,-0.01118186954408884,-0.0705813318490982,0.000309621449559927,-0.004811110440641642,0.00010752501839306206,0.0008853673934936523,-8.968454494606704e-06,0.024984315037727356,0.004019745625555515,0.004032711032778025,4.955451004207134e-06,7.042865036055446e-06,,,,,2.0279646686339037,,,,,,,,,1320,2.2916666666666665
13.300000000001894,retreat,13.300000693649054,7.546385802774245,7.9124286770820635,-0.21851062774658203,0.037765490560559556,2.0104211771490617,0.03097300577792339,0.055952909680744456,0.4503459632396698,0.0008375251200050116,0.3602546155452728,-0.0027064982077718014,66,0.3536180853843689,0.019396843388676643,0.10401971638202667,0.025962429121136665,-0.008182178367860615,-8.052508184912558,0.3562532663345337,-0.05420590564608574,-0.27010518312454224,-0.0001481323706684634,-0.0008236458525061607,-3.335618384880945e-05,-1.1231295502511784e-05,0.01754198782145977,-0.0001867095270426944,0.9998461008071899,-0.0013531058793887496,-0.0004893569857813418,0.022882170975208282,0.26255321502685547,0.11552518606185913,-0.012977453880012035,-0.48862314224243164,0.5503767132759094,0.5048750638961792,-1.984082579612732,-0.3842000365257263,2.4026269912719727,1.0365369319915771,-0.021017182618379593,-0.040722690522670746,0.02410128526389599,-0.007247791159898043,0.02675357460975647,-0.02972632274031639,-0.01856124773621559,0.6009109616279602,2.420468081254512e-05,0.09945861995220184,-0.0010534654138609767,0.9998415112495422,6.945534551050514e-05,-0.017770972102880478,2.1610409021377563e-05,5.459731619339436e-05,0.03239069879055023,-0.00022903083299752325,-7.337655551964417e-05,0.9999995827674866,-0.0008656054269522429,-0.305461049079895,-0.03417517989873886,-0.17484666407108307,0.0037321585696190596,-0.01902615651488304,0.0005602206801995635,-0.29905813932418823,0.03375333920121193,0.18566282093524933,-0.001211340306326747,-0.025096504017710686,-0.000554392347112298,0.0008769631385803223,-9.324188795289956e-06,0.024984613060951233,0.004019750282168388,0.004032795317471027,5.031103682995308e-06,7.157563231885433e-06,,,,,2.0279646686339037,,,,,,,,,1320,2.3
13.308333333335234,retreat,13.308334027417004,7.501260906326375,7.755571603775026,-0.22101402282714844,0.030598126613767818,2.0023249901412687,0.03604773883125745,0.07912936237050427,0.7212709784507751,0.001337928813882172,0.5769379138946533,-0.003403193431950058,67,0.6123225688934326,0.0606122761964798,0.12374437600374222,0.017133679240942,-0.013517756713554263,-7.895087226169537,0.5707991719245911,-0.08524326235055923,-0.43261268734931946,-0.00023985063307918608,-0.0013147518038749695,-6.287252472247928e-05,2.8949425541213714e-05,0.017471320927143097,-0.0001868065446615219,0.9998472929000854,-0.0010893763974308968,-0.0020898221991956234,0.022094061598181725,0.34483614563941956,0.16908517479896545,0.02918870747089386,-0.4887773394584656,0.5500479936599731,0.5050494074821472,-1.9841490983963013,-0.38397595286369324,2.402390956878662,1.036376714706421,-0.0175172071903944,-0.03877117484807968,0.01953812502324581,-0.00677251722663641,0.025583239272236824,-0.023777583613991737,-0.018245220184326172,0.6009024381637573,1.6859208699315786e-05,0.09961585700511932,-0.0010618615197017789,0.9998415112495422,7.117983477655798e-05,-0.017769483849406242,2.7543632313609123e-05,5.496256198966876e-05,0.032390862703323364,-0.0002982608275488019,-0.0001153452176367864,0.999999463558197,-0.000873164739459753,-0.5262705683708191,-0.053725045174360275,-0.3083697259426117,0.006360339466482401,-0.0602770671248436,-0.0002635691489558667,-0.5149863958358765,0.05297616124153137,0.3269886374473572,-0.0013710721395909786,-0.015741288661956787,0.0003065445343963802,0.0008734464645385742,-9.364190191263333e-06,0.024984732270240784,0.004019712097942829,0.004032933618873358,3.7429999792948365e-06,5.328882252797484e-06,,,,,2.0279646686339037,,,,,,,,,1320,2.308333333333333
13.316666666668574,retreat,13.316667361184955,7.456048634703107,7.608705759048464,-0.2218484878540039,0.022737474864698015,1.9968439649007155,0.03329787796246819,0.055952909680744456,0.8810445666313171,0.0016297168331220746,0.7046541571617126,-0.005303395482769702,68,0.7732992172241211,0.08844807744026184,0.12864950299263,0.010212138295173645,-0.016274971421808004,-7.747839635923424,0.7048075795173645,-0.045392002910375595,-0.5267118215560913,-0.00022780417930334806,-0.0016033371211960912,-0.00018273532623425126,6.56164629617706e-05,0.017423629760742188,-0.00020392243459355086,0.9998482465744019,-0.0009080268791876733,-0.0009376640082336962,0.02114013582468033,0.26210343837738037,0.21252626180648804,0.02442505769431591,-0.48890241980552673,0.5497370362281799,0.50518798828125,-1.98419988155365,-0.38375216722488403,2.4021880626678467,1.0362164974212646,-0.013928506523370743,-0.036434464156627655,0.015158010646700859,-0.005943723022937775,0.02557441219687462,-0.018939243629574776,-0.018580295145511627,0.6009024381637573,6.424190360121429e-06,0.09976635873317719,-0.0010696564568206668,0.9998416900634766,7.041684148134664e-05,-0.017756793648004532,2.60169617831707e-05,5.290155968395993e-05,0.03239452466368675,-0.00033331240410916507,-0.0001510291185695678,0.9999995827674866,-0.0008632112294435501,-0.6699152588844299,-0.03407986834645271,-0.38476449251174927,0.006256423890590668,-0.08822649717330933,6.636951002292335e-05,-0.6558340191841125,0.033137984573841095,0.40838125348091125,0.0013523055240511894,-0.00854281336069107,-9.814756776904687e-05,0.0008710622787475586,-1.025173878588248e-05,0.024984821677207947,0.004019707441329956,0.004033045377582312,4.965121661371086e-06,7.064169039949775e-06,,,,,2.0279646686339037,,,,,,,,,1320,2.3166666666666664
13.325000000001914,retreat,13.325000694952905,7.410749761136077,7.468813657760622,-0.22280216217041016,0.011288313544355333,1.9991948149965733,0.032648218621034175,0.055952909680744456,0.800538957118988,0.0014759254409000278,0.6403133273124695,-0.00498671579407528,67,0.7243245244026184,0.10022982209920883,0.1291564255952835,0.005781067535281181,-0.01374040823429823,-7.608111268117487,0.638407826423645,-0.056299880146980286,-0.4797170162200928,-0.00020559663244057447,-0.0014572357758879662,-0.00011202604946447536,4.53253960586153e-05,0.017444416880607605,-0.00021026925242040306,0.9998478293418884,-0.0007786767091602087,-0.001119126915000379,0.01976153440773487,0.26887625455856323,0.19018664956092834,0.017576362937688828,-0.48899969458580017,0.5494455695152283,0.5052936673164368,-1.9842456579208374,-0.38352522253990173,2.4019997119903564,1.036055088043213,-0.010664786212146282,-0.03425663709640503,0.011288652196526527,-0.00505779217928648,0.026010064408183098,-0.017707111313939095,-0.01924963854253292,0.6009018421173096,-5.235924618318677e-06,0.09990514069795609,-0.001077137771062553,0.9998419284820557,6.790344195906073e-05,-0.0177474208176136,2.5012996047735214e-05,5.317552131600678e-05,0.0323934406042099,-0.000303121778415516,-0.00012827132013626397,0.9999995827674866,-0.0008647498907521367,-0.6439750790596008,-0.03902755305171013,-0.3292703628540039,0.004632885567843914,-0.10012135654687881,-0.0005177215789444745,-0.6318876147270203,0.03820696845650673,0.35200047492980957,-0.0009682136587798595,0.007096722722053528,0.0006010006181895733,0.0008720755577087402,-1.0551397281233221e-05,0.024984784424304962,0.004019697662442923,0.004033109173178673,4.828579221793916e-06,6.877467967569828e-06,,,,,2.0279646686339037,,,,,,,,,1320,2.325
13.333333333335254,retreat,13.333334028720856,7.3653650588569315,7.340462505817415,-0.22327899932861328,-0.0012042528396705166,1.99987995928004,0.03480131636024453,0.06852804166478502,0.7665241360664368,0.0014058764791116118,0.6131388545036316,-0.004923379947285866,60,0.6920711398124695,0.09378686547279358,0.12394382059574127,0.003330542938783765,-0.012260270770639181,-7.47980783548893,0.6134982705116272,-0.0226459838449955,-0.45898401737213135,-0.00013648658932652324,-0.0013937122421339154,-0.00012420302664395422,4.727503619506024e-05,0.017450284212827682,-0.00020910822786390781,0.9998477101325989,-0.0006413115770556033,0.0021970486268401146,0.01847243867814541,0.2868176996707916,0.18219950795173645,0.14470480382442474,-0.48907092213630676,0.5491723418235779,0.5053685307502747,-1.984291434288025,-0.3832920789718628,2.4018304347991943,1.0358824729919434,-0.007588069885969162,-0.032108426094055176,0.007752842735499144,-0.004362096544355154,0.026880556717514992,-0.015887398272752762,-0.02001914381980896,0.6008997559547424,-1.6692327335476875e-05,0.100030817091465,-0.0010864164214581251,0.9998419284820557,6.857109110569581e-05,-0.017741307616233826,2.6129884645342827e-05,5.4806299885967746e-05,0.03239068761467934,-0.000291147647658363,-0.00013107870472595096,0.9999995231628418,-0.0008751405985094607,-0.6163501739501953,-0.026393909007310867,-0.3136531412601471,0.004664108622819185,-0.0936708152294159,2.4845916414051317e-05,-0.6048372387886047,0.025604933500289917,0.33537858724594116,0.000867677154019475,0.0046401247382164,-1.2475680705392733e-05,0.0008723735809326172,-1.0495067726878915e-05,0.02498476952314377,0.0040196944028139114,0.004033258650451899,1.444545341655612e-05,2.0571635104715824e-05,,,,,2.0279646686339037,,,,,,,,,1320,2.3333333333333335
13.341666666668594,retreat,13.341667362488806,7.31989530109731,7.22509026527405,-0.2225637435913086,-0.010399543498351704,1.9978238218149267,0.034000455343630165,0.06852804166478502,0.7943044304847717,0.0014487123116850853,0.6352306604385376,-0.004416692263475852,66,0.7130927443504333,0.0919935405254364,0.12163154035806656,0.0023597204126417637,-0.011839334387332201,-7.364292387866411,0.6360763311386108,0.016640063375234604,-0.4754467010498047,0.00013146856508683413,-0.0014358541229739785,0.0001407342206221074,9.309182132710703e-06,0.01743234135210514,-0.00022747695038560778,0.9998480081558228,-0.0005458610830828547,-0.0008822752279229462,0.017241330817341805,0.27661728858947754,0.19264598190784454,-0.1006225198507309,-0.4891168475151062,0.5489169359207153,0.5054159760475159,-1.9843275547027588,-0.3830528259277344,2.4016776084899902,1.0356993675231934,-0.004594889935106039,-0.029862672090530396,0.0044905259273946285,-0.0037260961253196,0.0278643686324358,-0.013185543939471245,-0.02072441205382347,0.6009001135826111,-2.76763312285766e-05,0.10014764964580536,-0.0010973229072988033,0.9998420476913452,7.194970385171473e-05,-0.017734378576278687,2.6090187020599842e-05,5.372352825361304e-05,0.03239213675260544,-0.0003021217416971922,-9.634005255065858e-05,0.9999995231628418,-0.0008682954357936978,-0.6304089426994324,0.01232967060059309,-0.33306726813316345,0.0003778467944357544,-0.0919923484325409,0.00027619392494671047,-0.6181994080543518,-0.013174870051443577,0.35518598556518555,0.002166873775422573,0.0009310469031333923,-0.00031700829276815057,0.0008714795112609863,-1.1380233445379417e-05,0.024984806776046753,0.004018398933112621,0.004032096825540066,5.09401252202224e-06,7.255555829033256e-06,,,,,2.0279646686339037,,,,,,,,,1320,2.341666666666667
13.350000000001934,retreat,13.350000696256757,7.274341261088849,7.118338346481325,-0.2219676971435547,-0.018284397810930386,1.9986073616025541,0.028006192223983817,0.06852804166478502,0.7743616700172424,0.0014061778783798218,0.6193004846572876,-0.004163224730291404,68,0.6993929147720337,0.0932825431227684,0.12178972363471985,0.002634224947541952,-0.010356466751545668,-7.257595041537726,0.6148660182952881,0.07805611938238144,-0.4642013907432556,0.00011183859169250354,-0.001398579915985465,-9.382162534166127e-05,1.6623909687041305e-05,0.017438801005482674,-0.00025130854919552803,0.9998478889465332,-0.00039908988401293755,-0.0005714911967515945,0.01599232107400894,0.2832355797290802,0.18720857799053192,0.06879149377346039,-0.4891389310359955,0.5486805438995361,0.5054369568824768,-1.9843504428863525,-0.3828091621398926,2.401543378829956,1.0355162620544434,-0.001810439513064921,-0.02763594128191471,0.0016565773403272033,-0.003123239381238818,0.028825078159570694,-0.011212173849344254,-0.02117440290749073,0.6009054780006409,-3.860583819914609e-05,0.1002572551369667,-0.0011102324351668358,0.9998422861099243,7.28387021808885e-05,-0.01772381365299225,2.0742067135870457e-05,5.1519898988772184e-05,0.03239517658948898,-0.0002851032477337867,-0.0001043547090375796,0.9999995231628418,-0.0008572307997383177,-0.6177858114242554,0.05624724179506302,-0.322997510433197,-0.007256995886564255,-0.09299810975790024,0.0005657456931658089,-0.6059439182281494,-0.05707764998078346,0.344564288854599,0.0008656308054924011,0.003756999969482422,-0.0005554468370974064,0.0008717775344848633,-1.2578011592268012e-05,0.02498479187488556,0.004018404055386782,0.0040321433916687965,5.064167453383561e-06,7.2142574936151505e-06,,,,,2.0279646686339037,,,,,,,,,1320,2.35
13.358333333335274,retreat,13.358334030024707,7.228703712063194,7.01841861009598,-0.22029876708984375,-0.026457842977833934,2.0023249901412687,0.026765324946609326,0.06852804166478502,0.6466307044029236,0.001171085867099464,0.5171250104904175,-0.004353356416686438,61,0.593733012676239,0.08749605715274811,0.11836344003677368,0.008840653114020824,-0.007527914829552174,-7.15793423249049,0.5107381939888,0.08272342383861542,-0.3878589868545532,0.00014528166502714157,-0.001160492654889822,-5.993465310893953e-05,1.3016743878324633e-06,0.017470380291342735,-0.0002707757812459022,0.999847412109375,-0.0004193051718175411,-0.00045557081466540694,0.014620227739214897,0.2746014893054962,0.15557703375816345,-0.0504806824028492,-0.4891391098499298,0.5484614372253418,0.5054361820220947,-1.9843733310699463,-0.3825628459453583,2.4014201164245605,1.0353331565856934,0.0006519262096844614,-0.025690369307994843,-0.0007905408856458962,-0.0026386238168925047,0.02931639924645424,-0.010938811115920544,-0.021330926567316055,0.6009082794189453,-4.782626638188958e-05,0.10035546123981476,-0.0011240700259804726,0.9998422861099243,7.370989624178037e-05,-0.017718365415930748,1.919653732329607e-05,5.136435720487498e-05,0.03239349648356438,-0.0002480585826560855,-8.984101441456005e-05,0.9999995231628418,-0.0008518542745150626,-0.5331713557243347,0.06617458164691925,-0.2527214288711548,-0.012352717109024525,-0.08661969006061554,-1.2096362297597807e-05,-0.5238752365112305,-0.06684161722660065,0.2713038921356201,-0.002777703106403351,0.009599529206752777,0.00016082663205452263,0.0008733868598937988,-1.35378613776993e-05,0.02498473972082138,0.0040184203535318375,0.0040322281420230865,5.05982188769849e-06,7.200578693300486e-06,,,,,2.0279646686339037,,,,,,,,,1320,2.3583333333333334
13.366666666668614,retreat,13.366667363792658,7.182983427251983,6.92928731441498,-0.21857023239135742,-0.033564054319867864,2.003399858768782,0.028574342650244944,0.07912936237050427,0.6050770282745361,0.0010904786176979542,0.48393842577934265,-0.004226560577080818,69,0.548182487487793,0.07621384412050247,0.10871846973896027,0.00480493763461709,-0.006476687267422676,-7.068877799712784,0.478041410446167,0.07657625526189804,-0.3629472255706787,0.00013574448530562222,-0.0010807185899466276,-5.25775903952308e-05,-7.0318269536073785e-06,0.01748020015656948,-0.0002827667922247201,0.9998471736907959,-0.00040873076068237424,-0.00036227289820089936,0.013456822372972965,0.2718939483165741,0.14474327862262726,-0.047196608036756516,-0.4891189932823181,0.5482571721076965,0.505415141582489,-1.98439621925354,-0.3823167085647583,2.401306390762329,1.0351500511169434,0.0030439605470746756,-0.02386169694364071,-0.003241696860641241,-0.00227821315638721,0.029265182092785835,-0.009716477245092392,-0.021066980436444283,0.6009087562561035,-5.464325658977032e-05,0.10044319927692413,-0.0011381845688447356,0.9998422861099243,7.650074257981032e-05,-0.017717618495225906,2.0349398255348206e-05,5.2561736083589494e-05,0.032392051070928574,-0.0002374822652200237,-8.434406481683254e-05,0.999999463558197,-0.0008540768758393824,-0.48985129594802856,0.06217602640390396,-0.23808372020721436,-0.01257865410298109,-0.07516779750585556,0.0003600626369006932,-0.48110148310661316,-0.06281177699565887,0.2551470398902893,-0.0035940492525696754,0.004407256841659546,-0.0001958146458491683,0.000873863697052002,-1.4130033378023654e-05,0.02498471736907959,0.004018416628241539,0.004032315220683813,5.050353138358332e-06,7.191352779045701e-06,,,,,2.0279646686339037,,,,,,,,,1320,2.3666666666666667
13.375000000001954,retreat,13.375000697560608,7.137181179886857,6.850169599056246,-0.21791458129882812,-0.03834345989162102,2.0037905771927673,0.030282682928373106,0.06852804166478502,0.604242742061615,0.0010836850851774216,0.48330920934677124,-0.0034665295061131474,69,0.5430720448493958,0.0720200315117836,0.10299192368984222,0.003678889013826847,-0.006061686668545008,-6.989787297263382,0.47762373089790344,0.07473135739564896,-0.36249151825904846,0.0001361076137982309,-0.0010741633595898747,-4.495720349950716e-05,-1.0335059414501302e-05,0.01748335361480713,-0.0002977634721901268,0.9998471140861511,-0.000353937444742769,-0.00026164521113969386,0.012414696626365185,0.27080997824668884,0.14387181401252747,-0.02630605921149254,-0.48907917737960815,0.5480682849884033,0.5053737163543701,-1.9844191074371338,-0.3820735514163971,2.401205062866211,1.034967064857483,0.005397996865212917,-0.02206549420952797,-0.005686859134584665,-0.0019290201598778367,0.028936732560396194,-0.007913552224636078,-0.020635806024074554,0.6009078025817871,-6.013004167471081e-05,0.10052119195461273,-0.0011517807142809033,0.9998422861099243,8.146112668327987e-05,-0.017719747498631477,2.2055814042687416e-05,5.2727180445799604e-05,0.032390885055065155,-0.00023645389592275023,-8.59746360220015e-05,0.9999995231628418,-0.0008526461897417903,-0.4814676344394684,0.06113560125231743,-0.24367724359035492,-0.012635990977287292,-0.07090218365192413,0.0003123139904346317,-0.4725233316421509,-0.06179404258728027,0.2604427635669708,-0.0037992848083376884,0.001353718340396881,-0.00014793203445151448,0.0008740425109863281,-1.487686313339509e-05,0.024984709918498993,0.004018409643322229,0.004032363183796406,5.041225449531339e-06,7.180729880928993e-06,,,,,2.0279646686339037,,,,,,,,,1320,2.375
13.383333333335294,retreat,13.383334031328559,7.091297743199459,6.780499219894411,-0.2174973487854004,-0.04190158870187588,2.003399858768782,0.03118325912510045,0.055952909680744456,0.6319748759269714,0.0011284775100648403,0.5055099725723267,-0.003339857130413293,67,0.5661745667457581,0.07250739634037018,0.09963977336883545,0.003989610355347395,-0.006029498181305826,-6.920089705192215,0.4998249411582947,0.07613810151815414,-0.3791705369949341,0.00014271204418037087,-0.001118742860853672,-3.8848760596010834e-05,-8.832455023366492e-06,0.01747969724237919,-0.0003114976570941508,0.9998471736907959,-0.00021873664809390903,-0.00015183337382040918,0.011455811560153961,0.27287882566452026,0.15177886188030243,0.051466964185237885,-0.48902004957199097,0.5478947162628174,0.5053118467330933,-1.9844419956207275,-0.38183364272117615,2.401128053665161,1.034806728363037,0.007739451248198748,-0.020246701315045357,-0.008125768974423409,-0.0015131799736991525,0.0284529197961092,-0.0057514021173119545,-0.020092889666557312,0.6009076237678528,-6.405946623999625e-05,0.10058990120887756,-0.0011657931609079242,0.9998422861099243,7.72232815506868e-05,-0.017718855291604996,2.2559892386198044e-05,5.3266005124896765e-05,0.03238990157842636,-0.00023922126274555922,-8.32359364721924e-05,0.9999995827674866,-0.0008529732003808022,-0.4970017075538635,0.06268006563186646,-0.26384496688842773,-0.012860084883868694,-0.07135646045207977,0.0004428403335623443,-0.48733389377593994,-0.06339152157306671,0.28114205598831177,-0.0038034869357943535,-0.00043469667434692383,-0.00028137871413491666,0.000873863697052002,-1.556478309794329e-05,0.02498471736907959,0.00401840265840292,0.004032430704683065,5.026608050684445e-06,7.154128979891539e-06,,,,,2.0279646686339037,,,,,,,,,1320,2.3833333333333333
13.391666666668634,retreat,13.39166736509651,7.045333890421426,6.7198067903518695,-0.2167820930480957,-0.04333652395871468,2.0037905771927673,0.026621872166288085,0.055952909680744456,0.6414419412612915,0.001141341170296073,0.5130710601806641,-0.0037832091948075686,67,0.5773646831512451,0.07486623525619507,0.09737244993448257,0.003270285204052925,-0.005551836220547557,-6.859424488559005,0.5043694972991943,0.09423115104436874,-0.3849411606788635,0.00019633823831100017,-0.0011241771280765533,-1.8350261598243378e-05,-1.815126415749546e-05,0.01748228445649147,-0.000330967886839062,0.9998471140861511,-0.0001425890950486064,2.5513474611216225e-05,0.01047892402857542,0.2706899642944336,0.15179353952407837,0.0250560250133276,-0.4889425039291382,0.5477355122566223,0.5052314400672913,-1.9844521284103394,-0.38159894943237305,2.4010612964630127,1.0346465110778809,0.009953751228749752,-0.018431467935442924,-0.010346678085625172,-0.0010528680868446827,0.028135990723967552,-0.0038758430164307356,-0.01970423199236393,0.6009118556976318,-6.816114182583988e-05,0.10065363347530365,-0.001178461010567844,0.9998423457145691,7.426861702697352e-05,-0.017715180292725563,1.8915394321084023e-05,5.142981171957217e-05,0.032393068075180054,-0.0002329479029867798,-7.084738899720833e-05,0.9999995827674866,-0.0008463886333629489,-0.5033689737319946,0.07679972052574158,-0.2721606492996216,-0.014551184140145779,-0.07343851774930954,-3.853363068628823e-06,-0.4934035539627075,-0.07753591984510422,0.2896394729614258,-0.003439200110733509,0.0007241964340209961,0.0001548323780298233,0.0008739829063415527,-1.6529997083125636e-05,0.02498471736907959,0.004018397536128759,0.004032535012811422,5.0188300519948825e-06,7.146329153329134e-06,,,,,2.0279646686339037,,,,,,,,,1320,2.3916666666666666
13.400000000001974,retreat,13.40000069886446,6.999290394784402,6.6636592149734515,-0.2161264419555664,-0.045572061935672536,2.007888532176144,0.021244088202365674,0.06852804166478502,0.5273554921150208,0.0009369902545586228,0.42179247736930847,-0.002959841822303133,66,0.4859568774700165,0.07153413444757462,0.09293670207262039,0.00782080926001072,-0.003954384825192392,-6.803562328757742,0.4117022156715393,0.09171923995018005,-0.3165322542190552,0.0002025715511990711,-0.0009148307726718485,-4.067544523422839e-07,-3.1576473702443764e-05,0.017517635598778725,-0.0003455128171481192,0.9998464584350586,-9.121681796386838e-05,-0.003139324951916933,0.009234031662344933,0.254472017288208,0.11700727790594101,-0.04230351373553276,-0.4888482093811035,0.5475901365280151,0.5051347613334656,-1.9844521284103394,-0.38136422634124756,2.4010002613067627,1.0344862937927246,0.011790252290666103,-0.0168733112514019,-0.012083429843187332,-0.0006860227440483868,0.02797907590866089,-0.0037557417526841164,-0.019364066421985626,0.6009183526039124,-7.188646122813225e-05,0.10071182996034622,-0.0011913778726011515,0.9998423457145691,7.11845641490072e-05,-0.017712034285068512,1.2946780771017075e-05,5.078444883110933e-05,0.03239532187581062,-0.00019442733901087195,-5.43536662007682e-05,0.9999995231628418,-0.0008450482855550945,-0.4304702579975128,0.08289553970098495,-0.2097087800502777,-0.01654774136841297,-0.06959383934736252,5.1698687457246706e-05,-0.42276424169540405,-0.0834738090634346,0.2246253788471222,-0.004560377448797226,0.007407292723655701,0.0001504847314208746,0.0008757710456848145,-1.7245329217985272e-05,0.024984650313854218,0.0040184068493545055,0.004031360615044832,-4.274013917893171e-06,-6.086673238314688e-06,,,,,2.0279646686339037,,,,,,,,,1320,2.4
13.408333333335314,retreat,13.40833403263241,6.953168029520026,6.6122055053710955,-0.2148151397705078,-0.04968066423316486,2.012756175901375,0.019128205167362466,0.055952909680744456,0.3692284822463989,0.0006540660397149622,0.29538267850875854,-0.002643162133608712,69,0.34682759642601013,0.05735868960618973,0.08552731573581696,0.01140678208321333,-0.002191427571233362,-6.752447641310964,0.2902020215988159,0.0551941841840744,-0.22150865197181702,0.00011176794942002743,-0.0006442728918045759,-1.4925200048310217e-05,-3.611775173339993e-05,0.017560133710503578,-0.00034035820863209665,0.9998457431793213,6.492302054539323e-05,-0.0003660540678538382,0.00851217471063137,0.2402040958404541,0.08186584711074829,-0.007433575112372637,-0.48874035477638245,0.5474542379379272,0.5050227046012878,-1.9844521284103394,-0.3811352550983429,2.4009437561035156,1.0343260765075684,0.013334744609892368,-0.01570134237408638,-0.01366635225713253,-0.0004931785515509546,0.027378445491194725,-0.004557302687317133,-0.01881554163992405,0.6009230017662048,-7.62366980779916e-05,0.1007632464170456,-0.0012010906357318163,0.9998423457145691,7.089606515364721e-05,-0.01771220751106739,9.620911441743374e-06,5.117191903991625e-05,0.03239540383219719,-0.00015209168486762792,-4.9834721721708775e-05,0.9999995827674866,-0.0008599968859925866,-0.31871497631073,0.04636949673295021,-0.12868571281433105,-0.013860892504453659,-0.05565866827964783,-8.70012809173204e-05,-0.3139524757862091,-0.04673687368631363,0.13978159427642822,-0.007148259785026312,0.009614724665880203,0.0003802497813012451,0.0008778572082519531,-1.6983576642815024e-05,0.02498457580804825,0.004018405918031931,0.004031472839415073,5.7105644373223186e-06,8.12846701592207e-06,,,,,2.0279646686339037,,,,,,,,,1320,2.408333333333333
13.416666666668654,retreat,13.416667366400361,6.906967567859938,6.5666303038597125,-0.21374225616455078,-0.05305135346134193,2.015962385024198,0.01786730717867613,0.06852804166478502,0.27659139037132263,0.0004885784001089633,0.2212730348110199,-0.002136474677172373,68,0.25671592354774475,0.04073988273739815,0.07403980195522308,0.006538477260619402,-0.0013663821737281978,-6.707095745632681,0.2173619270324707,0.04150041192770004,-0.16593465209007263,8.348364644916728e-05,-0.0004812522092834115,-1.1646228813333437e-05,-6.105681677581742e-05,0.017587974667549133,-0.0003466522612143308,0.9998452663421631,-0.0001633108186069876,0.00016714689263608307,0.007471084129065275,0.2786262035369873,0.06676173210144043,0.09708665311336517,-0.48862043023109436,0.5473283529281616,0.5048975348472595,-1.9844521284103394,-0.38091108202934265,2.4008970260620117,1.034165859222412,0.014623531140387058,-0.014730921946465969,-0.015002802014350891,-0.0005540805286727846,0.02704981528222561,-0.004463127348572016,-0.018413500860333443,0.6009269952774048,-7.96415115473792e-05,0.1008080244064331,-0.0012103479821234941,0.9998422861099243,7.281800208147615e-05,-0.017713308334350586,6.745103746652603e-06,5.1733099098782986e-05,0.03239470347762108,-0.00012531816901173443,-2.690555811568629e-05,0.9999995231628418,-0.000863362685777247,-0.23938672244548798,0.03369733318686485,-0.08638026565313339,-0.009692104533314705,-0.03956994041800499,0.00014458531222771853,-0.2361733466386795,-0.033951204270124435,0.09472347050905228,-0.004821688402444124,0.004986755549907684,5.0906019168905914e-05,0.0008792877197265625,-1.7276237485930324e-05,0.024984531104564667,0.004018442239612341,0.004031644202768803,5.094629159430042e-06,7.251277565956116e-06,,,,,2.0279646686339037,,,,,,,,,1320,2.4166666666666665
13.425000000001994,retreat,13.425000700168312,6.86068978303578,6.5270155668258685,-0.21278858184814453,-0.05470271935337223,2.0183879420308237,0.017777003449737094,0.06852804166478502,0.20745329558849335,0.0003662266826722771,0.16595548391342163,-0.0018197949884779518,70,0.1908191293478012,0.030423231422901154,0.06638294458389282,0.004495922941714525,-0.0007074383611325175,-6.667649943334675,0.15796048939228058,0.05090322345495224,-0.12447576969861984,0.00011004414409399033,-0.0003492892428766936,-3.046770416403888e-06,-7.398753950838e-05,0.0176093727350235,-0.00035978469531983137,0.9998448491096497,-0.00022996636107563972,0.00026775492005981505,0.006740771234035492,0.2766740620136261,0.05041351169347763,0.10430022329092026,-0.4884915351867676,0.5472139120101929,0.5047636032104492,-1.9844521284103394,-0.3806878328323364,2.400851249694824,1.0340056419372559,0.015659091994166374,-0.013908138498663902,-0.016023453325033188,-0.0007868308457545936,0.026970531791448593,-0.00409723911434412,-0.018135182559490204,0.600928544998169,-8.223362965509295e-05,0.10084570199251175,-0.0012198655167594552,0.9998421669006348,7.57545858505182e-05,-0.017719697207212448,6.49492722004652e-06,5.1400809752522036e-05,0.03239279240369797,-0.00011029189045075327,-1.6872316336957738e-05,0.9999995231628418,-0.000859925290569663,-0.17839358747005463,0.03861287236213684,-0.05564811825752258,-0.009119655005633831,-0.02902364917099476,0.00018078001448884606,-0.17630553245544434,-0.03878309205174446,0.06183985248208046,-0.0035428344272077084,0.0032523218542337418,-3.792101051658392e-05,0.0008803606033325195,-1.7921302060130984e-05,0.024984493851661682,0.004018472041934729,0.004031723365187645,5.09596702613635e-06,7.254566298797727e-06,,,,,2.0279646686339037,,,,,,,,,1320,2.425
13.433333333335334,retreat,13.433334033936262,6.814335448279193,6.4939498901367205,-0.21255016326904297,-0.05613980829366483,2.019648080914695,0.018597012967802584,0.03956468118525214,0.18922562897205353,0.0003324167337268591,0.15138043463230133,-0.0011864356110891094,69,0.16929523646831512,0.02397798001766205,0.05562734976410866,0.0042351968586444855,-0.0006917425926076248,-6.634672032460813,0.14752116799354553,0.03397928550839424,-0.11353083699941635,7.165832357713953e-05,-0.00032457520137540996,-4.112845545023447e-06,-9.119798050960526e-05,0.01761961355805397,-0.0003665267722681165,0.9998446702957153,-0.0004766665806528181,0.0005157574196346104,0.00622630724683404,0.2928851544857025,0.04832505062222481,0.06716855615377426,-0.4883542060852051,0.5470994710922241,0.5046262145042419,-1.9844521284103394,-0.38046929240226746,2.4008054733276367,1.0338683128356934,0.01666506752371788,-0.013159019872546196,-0.01710512675344944,-0.0010041689965873957,0.026431115344166756,-0.0031171028967946768,-0.017582332715392113,0.600929856300354,-8.2364771515131e-05,0.10088301450014114,-0.001226870808750391,0.99984210729599,7.147535507101566e-05,-0.017726397141814232,6.00726343691349e-06,5.3175750508671626e-05,0.0323970802128315,-0.00010672849020920694,4.600087322614854e-06,0.9999996423721313,-0.0008605678449384868,-0.15839433670043945,0.02644881047308445,-0.05359635502099991,-0.008075510151684284,-0.02257564105093479,0.0002647382498253137,-0.15639232099056244,-0.02660960890352726,0.05911216139793396,-0.004258029628545046,-0.0003071296960115433,-0.0001060409122146666,0.0008808374404907227,-1.8243146769236773e-05,0.02498447149991989,0.004018477164208889,0.0040318164974451065,5.077252808405319e-06,7.224589353427291e-06,,,,,2.0279646686339037,,,,,,,,,1320,2.433333333333333
13.441666666668674,retreat,13.441667367704213,6.767905336821816,6.460832059383394,-0.21255016326904297,-0.05494086872204207,2.0209074343631044,0.017582437067176215,0.055952909680744456,0.1742946058511734,0.00030675047310069203,0.13943561911582947,-0.0016297872207360342,71,0.15450841188430786,0.021676765754818916,0.05146066099405289,0.0034614133182913065,-0.0004988437140127644,-6.601641912750971,0.13321666419506073,0.041184961795806885,-0.1045740470290184,9.30232199607417e-05,-0.0002922772546298802,4.06779645345523e-06,-9.337388473795727e-05,0.01763075590133667,-0.00037593243177980185,0.999844491481781,-0.0006137027521617711,0.0006156861199997365,0.005707178730517626,0.29141998291015625,0.04597694054245949,0.038149576634168625,-0.48821085691452026,0.5469964742660522,0.5044775009155273,-1.9844533205032349,-0.38025176525115967,2.4007699489593506,1.0337309837341309,0.017532864585518837,-0.012453424744307995,-0.01799880713224411,-0.0012294626794755459,0.02607101947069168,-0.0021419550757855177,-0.017202213406562805,0.6009296178817749,-8.370897558052093e-05,0.10091233998537064,-0.0012350637698546052,0.9998419284820557,6.628167466260493e-05,-0.017735162749886513,6.679445505142212e-06,5.1159975555492565e-05,0.032393280416727066,-0.00010434640716994181,1.198110567202093e-05,0.9999995827674866,-0.0008594869286753237,-0.1429205983877182,0.031233826652169228,-0.04970918223261833,-0.007976287975907326,-0.020155547186732292,-0.00012209075794089586,-0.14106498658657074,-0.03138158470392227,0.05466916412115097,-0.0034547545947134495,-0.0004919711500406265,0.00025107775582000613,0.0008813738822937012,-1.8711383745539933e-05,0.0249844491481781,0.004018502775579691,0.0040319012477993965,5.067876827524742e-06,7.210561307147145e-06,,,,,2.0279646686339037,,,,,,,,,1320,2.4416666666666664
13.450000000002014,retreat,13.450000701472163,6.721400221895289,6.435298919677736,-0.21314620971679688,-0.05523302388610318,2.0214884099123043,0.02198518268414773,0.03956468118525214,0.18329821527004242,0.00032080820528790355,0.14663849771022797,-0.0007430840582856035,70,0.1602279394865036,0.020686615258455276,0.045226022601127625,0.004366077948361635,-0.0005771122960140929,-6.576149236620369,0.14309215545654297,0.032054778188467026,-0.10997889935970306,6.959970050957054e-05,-0.00031316696549765766,-4.884883537670248e-07,-8.815081673674285e-05,0.017635943368077278,-0.0003826273314189166,0.9998444318771362,-0.0005259059835225344,0.000651208043564111,0.005287620238959789,0.2884342074394226,0.048127807676792145,-0.003918170928955078,-0.4880596101284027,0.5468934774398804,0.5043179988861084,-1.984475016593933,-0.3800399601459503,2.4007556438446045,1.0335936546325684,0.01837802678346634,-0.011762474663555622,-0.018906977027654648,-0.0013707790058106184,0.025467919185757637,-0.0009537196601741016,-0.016674721613526344,0.6009241938591003,-8.413432806264609e-05,0.10093479603528976,-0.0012419901322573423,0.9998417496681213,6.480962474597618e-05,-0.017744235694408417,1.1983211152255535e-05,5.1469934987835586e-05,0.03239003196358681,-0.00010823882621480152,8.224087650887668e-06,0.9999996423721313,-0.000859652878716588,-0.14633029699325562,0.025354333221912384,-0.06014646217226982,-0.0075184665620327,-0.019271966069936752,-4.276226718502585e-06,-0.1441017985343933,-0.025528904050588608,0.06523756682872772,-0.0038496428169310093,-0.001867031678557396,0.00014416819612961262,0.0008816719055175781,-1.90506580111105e-05,0.024984441697597504,0.004018487874418497,0.004031931981444359,5.068625341664301e-06,7.217371603474021e-06,,,,,2.0279646686339037,,,,,,,,,1320,2.45
13.458333333335354,retreat,13.458334035240114,6.674820876731257,6.416419148445131,-0.21398067474365234,-0.05288635293254629,2.018097029053449,0.027581532776821405,0.06852804166478502,0.3327291011810303,0.0005826604319736362,0.2661657929420471,-0.0018197949884779518,71,0.28441542387008667,0.026906805112957954,0.05282266438007355,0.00923463050276041,-0.0009521556203253567,-6.557033263515182,0.25230345129966736,0.0849810540676117,-0.19957417249679565,0.0002025759022217244,-0.0005456484504975379,2.6906674975180067e-05,-6.041698725312017e-05,0.01760559156537056,-0.0004008569521829486,0.9998448491096497,-0.0004154825583100319,0.0007709868950769305,0.005013769492506981,0.2754712998867035,0.07786442339420319,0.09108231216669083,-0.48790058493614197,0.5468019247055054,0.5041577219963074,-1.9844961166381836,-0.3798321783542633,2.4007556438446045,1.0334563255310059,0.019344134256243706,-0.01076987013220787,-0.01980488747358322,-0.0013622305123135448,0.02519385516643524,0.0020241744350641966,-0.01624918356537819,0.6009199023246765,-7.854396244511008e-05,0.10095244646072388,-0.0012517516734078526,0.9998416304588318,6.836367538198829e-05,-0.017750635743141174,1.5808502212166786e-05,5.533915827982128e-05,0.03238867595791817,-0.0001450281561119482,-2.2867989173391834e-05,0.9999995231628418,-0.0008506334852427244,-0.2332707643508911,0.06294510513544083,-0.1500493288040161,-0.009860609658062458,-0.025031283497810364,0.00042349682189524174,-0.22779183089733124,-0.06336238235235214,0.15807661414146423,-0.0007725385949015617,-0.008663654327392578,-0.00040409303619526327,0.000880122184753418,-1.9986549887107685e-05,0.024984493851661682,0.004018469247967005,0.004032002296298742,5.0194348659715615e-06,7.147027645260096e-06,,,,,2.0279646686339037,,,,,,,,,1320,2.4583333333333335
13.466666666668694,retreat,13.466667369008064,6.628168074561358,6.402158737182619,-0.21541118621826172,-0.04690964487963356,2.017321056100671,0.01853070170909632,0.055952909680744456,0.3893990218639374,0.000679458025842905,0.31151023507118225,-0.0020098027562198695,68,0.3471542000770569,0.04039232060313225,0.04761882498860359,0.006658716592937708,-0.0014996344689279795,-6.542718807452892,0.30833345651626587,0.048521652817726135,-0.23282554745674133,0.0001548950676806271,-0.0006572263082489371,7.565912528662011e-05,-5.9915506426477805e-05,0.017598392441868782,-0.000408046820666641,0.999845027923584,-0.00021693247254006565,0.0006220887880772352,0.00462352717295289,0.2608417570590973,0.08626023679971695,-0.1111472100019455,-0.48773306608200073,0.546717643737793,0.5039860606193542,-1.9844961166381836,-0.3796326220035553,2.4007647037506104,1.0333189964294434,0.020448921248316765,-0.009747222065925598,-0.020977651700377464,-0.0009374608052894473,0.02398066595196724,0.003679481567814946,-0.015341662801802158,0.6009254455566406,-7.728392665740103e-05,0.10097292065620422,-0.0012585774529725313,0.9998416900634766,7.144556730054319e-05,-0.017746470868587494,8.790637366473675e-06,5.107608740217984e-05,0.032395150512456894,-0.00014806902618147433,-2.6437135602463968e-05,0.9999995827674866,-0.0008502075797878206,-0.2930101454257965,0.04587032273411751,-0.18043562769889832,-0.011816246435046196,-0.03862429037690163,0.00028268477763049304,-0.2864178717136383,-0.04637876898050308,0.19060389697551727,-0.005186182912439108,-0.003704465925693512,-9.264322579838336e-05,0.0008797645568847656,-2.0346458768472075e-05,0.024984508752822876,0.004018490668386221,0.004032044671475887,5.180636435397901e-06,7.375871064141393e-06,,,,,2.0279646686339037,,,,,,,,,1320,2.466666666666667
13.475000000002034,retreat,13.475000702776015,6.581442588617233,6.385253369808199,-0.21469593048095703,-0.04579062442644499,2.021972428738449,0.017823866073740646,0.06852804166478502,0.23302467167377472,0.0004062718362547457,0.18641290068626404,-0.002199810523961787,67,0.22519543766975403,0.03967522084712982,0.04456259682774544,0.010268419049680233,-0.0006050229276297614,-6.526137397508028,0.18379203975200653,0.031186548992991447,-0.1398155391216278,7.133962208172306e-05,-0.00039992283564060926,5.4021952564653475e-06,-7.150329474825412e-05,0.01763978600502014,-0.00040250897291116416,0.9998442530632019,-9.013470844365656e-05,0.0006499937153421342,0.003989398945122957,0.2791902422904968,0.055474601686000824,0.14968492090702057,-0.4875600039958954,0.5466375350952148,0.5038087964057922,-1.9844961166381836,-0.37943798303604126,2.4007647037506104,1.0332043170928955,0.021055683493614197,-0.009071304462850094,-0.02153022587299347,-0.0006045967456884682,0.023436756804585457,0.0022872809786349535,-0.014904391020536423,0.6009278297424316,-7.613096386194229e-05,0.1009896993637085,-0.0012624452356249094,0.9998416304588318,6.560920155607164e-05,-0.017748670652508736,7.260823622345924e-06,5.136674735695124e-05,0.032395076006650925,-0.0001088493227143772,-9.232975571649149e-06,0.9999995231628418,-0.0008599155116826296,-0.20338720083236694,0.03195341303944588,-0.09124479442834854,-0.010473230853676796,-0.038267917931079865,-3.323455894133076e-05,-0.20001783967018127,-0.03221924230456352,0.09832479059696198,-0.005847881082445383,0.008884845301508904,0.0002740476047620177,0.0008818507194519043,-2.00592476176098e-05,0.024984434247016907,0.0040184976533055305,0.004032066557556391,5.081795279693324e-06,7.232330972328782e-06,,,,,2.0279646686339037,,,,,,,,,1320,2.475
13.483333333335374,retreat,13.483334036543965,6.534645192130522,6.370970606803896,-0.2148151397705078,-0.04413960050442256,2.0247774572016426,0.019173332475475036,0.07912936237050427,0.16520649194717407,0.00031172335729934275,0.13216513395309448,-0.0011230996506128577,74,0.15668891370296478,0.02572910115122795,0.03259674087166786,0.005459281615912914,-0.0002972952788695693,-6.5120499978501245,0.1294882893562317,0.026541579514741898,-0.09910354763269424,6.939860759302974e-05,-0.00030375702772289515,9.324699931312352e-06,-8.643626642879099e-05,0.017664050683379173,-0.0004070808063261211,0.9998438358306885,-0.00021042386651970446,0.0007829336100257933,0.0035712793469429016,0.2883783280849457,0.04009782522916794,0.1286478340625763,-0.4873826205730438,0.5465688705444336,0.5036259293556213,-1.9844961166381836,-0.3792433440685272,2.4007647037506104,1.0330898761749268,0.021457675844430923,-0.008554254658520222,-0.021888047456741333,-0.0004835365398321301,0.023128783330321312,0.001825330313295126,-0.014645468443632126,0.6009277105331421,-7.449906843248755e-05,0.10099966078996658,-0.0012676190817728639,0.9998414516448975,5.968897676211782e-05,-0.017756855115294456,7.63777643442154e-06,5.167858398635872e-05,0.03239075466990471,-9.274714830098674e-05,1.1578767953324132e-05,0.999999463558197,-0.0008608854841440916,-0.14149586856365204,0.023098139092326164,-0.06322033703327179,-0.007152764592319727,-0.024714510887861252,-0.00013244865112937987,-0.13916008174419403,-0.02328144758939743,0.06814590841531754,-0.0038056434132158756,0.004273261874914169,0.0002860734239220619,0.0008830428123474121,-2.0274521375540644e-05,0.024984389543533325,0.004018519539386034,0.004032151773571968,5.046152637078194e-06,7.18521187081933e-06,,,,,2.0279646686339037,,,,,,,,,1320,2.4833333333333334
13.491666666668714,retreat,13.491667370311916,6.487776658332867,6.362909078598024,-0.21499395370483398,-0.04188452294329181,2.025743808177308,0.01955029438249767,0.06852804166478502,0.173892080783844,0.00030198312015272677,0.139113649725914,-0.0011864356110891094,66,0.15743356943130493,0.020098896697163582,0.023644406348466873,0.0032414989545941353,-0.00037094016443006694,-6.504055773539124,0.1379857063293457,0.018600933253765106,-0.10417486727237701,5.481368498294614e-05,-0.0002961542923003435,2.1952107999823056e-05,-9.386504098074511e-05,0.017671845853328705,-0.00041194530786015093,0.9998437166213989,-0.00011544453445822,0.0007781462045386434,0.0034030680544674397,0.2845320999622345,0.042336493730545044,0.07396233081817627,-0.487201988697052,0.5465002059936523,0.5034427642822266,-1.9844961166381836,-0.3790544271469116,2.4007647037506104,1.032975435256958,0.0218461062759161,-0.008057926781475544,-0.02228817157447338,-0.00036836962681263685,0.02262977324426174,0.002341842744499445,-0.014276118949055672,0.6009275317192078,-7.184916466940194e-05,0.10100927203893661,-0.001270927838049829,0.9998413324356079,5.723036883864552e-05,-0.0177644994109869,8.188188076019287e-06,5.229449016042054e-05,0.03239230066537857,-9.258569480152801e-05,2.1487168851308525e-05,0.9999995231628418,-0.000859506893903017,-0.13682478666305542,0.01597708649933338,-0.07621704041957855,-0.005522324703633785,-0.019325345754623413,-2.323765875189565e-05,-0.1340298354625702,-0.016192415729165077,0.08098848909139633,-0.003207095665857196,-0.0004407893866300583,0.00014342257054522634,0.0008834600448608398,-2.051111005130224e-05,0.02498437464237213,0.004018507432192564,0.004032247234135866,5.046529622632079e-06,7.178605301305652e-06,,,,,2.0279646686339037,,,,,,,,,1320,2.4916666666666667
13.500000000002053,retreat,13.500000704079866,6.440837760455908,6.3549593091011065,-0.21541118621826172,-0.03883378303726204,2.0269028214514018,0.020009956642752513,0.03956468118525214,0.17109906673431396,0.00029729976085945964,0.13687928020954132,-0.0009330917691841023,66,0.1564108282327652,0.020077809691429138,0.020082853734493256,0.0030526521150022745,-0.00034383197635179386,-6.496186726324633,0.1361551582813263,0.016118407249450684,-0.10235652327537537,5.472654811455868e-05,-0.000290676427539438,2.9989369068061933e-05,-9.137013694271445e-05,0.017681894823908806,-0.00041564833372831345,0.9998435974121094,-0.00011524185538291931,0.0006665830733254552,0.0031724972650408745,0.26846179366111755,0.0357392318546772,-0.09259075671434402,-0.487018883228302,0.5464316010475159,0.5032595992088318,-1.9844961166381836,-0.37887120246887207,2.4007647037506104,1.0328609943389893,0.022145602852106094,-0.007597942836582661,-0.022583888843655586,-0.00020782268256880343,0.022163767367601395,0.002707024570554495,-0.01393343135714531,0.600927472114563,-6.799538095947355e-05,0.10101919621229172,-0.0012721219100058079,0.9998412728309631,5.815596159663983e-05,-0.017771635204553604,8.36316030472517e-06,5.31788646185305e-05,0.032394297420978546,-8.967501344159245e-05,1.810134926927276e-05,0.9999996423721313,-0.0008569362689740956,-0.1347745805978775,0.01416277140378952,-0.07809978723526001,-0.005136206746101379,-0.01940971426665783,2.895084980991669e-05,-0.1319129467010498,-0.014383004046976566,0.08280369639396667,-0.0030848407186567783,-6.0327351093292236e-05,8.786549733486027e-05,0.000883936882019043,-2.0698389562312514e-05,0.024984359741210938,0.004018514882773161,0.0040323855355381966,5.048133971286006e-06,7.187074515968561e-06,,,,,2.0279646686339037,,,,,,,,,1320,2.5
13.508333333335393,retreat,13.508334037847817,6.393829271731286,6.346316635608675,-0.21606683731079102,-0.035034488973906264,2.028350657118146,0.021899515559198335,0.055952909680744456,0.15605394542217255,0.0002710277331061661,0.12484320253133774,-0.0005530761768568482,63,0.14469914138317108,0.019370518624782562,0.01613975130021572,0.0032555675134062767,-0.00032098220253828913,-6.48764489076746,0.12482105195522308,0.00854415725916624,-0.09327130764722824,3.846847539534792e-05,-0.00026660063304007053,3.00052033708198e-05,-8.848780271364376e-05,0.017694644629955292,-0.0004147794679738581,0.9998432993888855,-4.1801511542871594e-05,0.0006142783095128834,0.0029769542161375284,0.2696135640144348,0.0316522940993309,-0.05008663982152939,-0.486835241317749,0.5463743805885315,0.5030726194381714,-1.9844961166381836,-0.3786880373954773,2.400765895843506,1.0327465534210205,0.022346584126353264,-0.0072028059512376785,-0.022783678025007248,-1.6659412722219713e-05,0.02168912999331951,0.0027822344563901424,-0.013587727211415768,0.6009252667427063,-6.53375027468428e-05,0.10102257132530212,-0.0012756226351484656,0.999841034412384,5.744697409681976e-05,-0.017783842980861664,1.0515796020627022e-05,5.225175482337363e-05,0.032388973981142044,-8.913518831832334e-05,1.584053097758442e-05,0.9999995827674866,-0.000861265929415822,-0.12462882697582245,0.008527898229658604,-0.07302581518888474,-0.004475902300328016,-0.018845845013856888,0.0001318630384048447,-0.12195243686437607,-0.008733968250453472,0.0773896649479866,-0.0032426100224256516,0.0008425377309322357,-7.804192136973143e-06,0.0008845925331115723,-2.0657433196902275e-05,0.024984337389469147,0.004018518608063459,0.004032485652714968,5.06719334225636e-06,7.2097755037248135e-06,,,,,2.0279646686339037,,,,,,,,,1320,2.5083333333333333
13.516666666668733,retreat,13.516667371615767,6.346751965390641,6.342993676662447,-0.21690130233764648,-0.030685252568218857,2.0298938773968143,0.019609125956776552,0.055952909680744456,0.19868256151676178,0.0003498715814203024,0.15894611179828644,-0.0008697559223946882,68,0.179966002702713,0.019650813192129135,0.018820278346538544,0.003951285965740681,-0.0005534371011890471,-6.484429412943759,0.16216816008090973,-0.004567818716168404,-0.1146969124674797,6.972067058086395e-05,-0.0003199124475941062,0.00012330921890679747,-7.982130773598328e-05,0.017707467079162598,-0.0004399479948915541,0.9998430609703064,0.00030092804809100926,0.0009211005526594818,0.0030584761407226324,0.29730838537216187,0.05061280354857445,-0.05563335493206978,-0.48664990067481995,0.5463171601295471,0.5028846859931946,-1.9844961166381836,-0.37851232290267944,2.400787591934204,1.0326321125030518,0.022601841017603874,-0.006771196145564318,-0.02310185134410858,0.00028076276066713035,0.021001359447836876,0.003514927113428712,-0.013170719146728516,0.600927472114563,-6.125232903286815e-05,0.10102743655443192,-0.001278843730688095,0.9998409748077393,6.0150076024001464e-05,-0.017785316333174706,7.628113962709904e-06,5.2196985052432865e-05,0.032390620559453964,-7.779964653309435e-05,4.8484234866919e-06,0.9999995827674866,-0.0008391209412366152,-0.15025681257247925,-0.002600115491077304,-0.09901461005210876,-0.0027032445650547743,-0.019463635981082916,0.00011743353388737887,-0.14664047956466675,0.0023222032468765974,0.10430214554071426,-0.0030754790641367435,-0.002242177724838257,-5.96329482505098e-06,0.0008852481842041016,-2.1923278836766258e-05,0.024984315037727356,0.00401852373033762,0.004032558761537075,5.0035778258461505e-06,7.1213580667972565e-06,,,,,2.0279646686339037,,,,,,,,,1320,2.5166666666666666
13.525000000002073,retreat,13.525000705383718,6.299606614665613,6.339454650878908,-0.21719932556152344,-0.02793321073113475,2.032110204207775,0.020977604435756803,0.0,0.12332852929830551,0.00021463766461238265,0.09865174442529678,-0.0006797480978093517,66,0.12225669622421265,0.0200783833861351,0.011545970104634762,0.004895046819001436,-0.00018625130906002596,-6.481044748154425,0.09887896478176117,0.007211937569081783,-0.07335437089204788,4.073333548149094e-05,-0.00020722844055853784,3.829483102890663e-05,-9.964769560610875e-05,0.01772763952612877,-0.00042507011676207185,0.9998428225517273,0.00015861699648667127,0.0006437505944631994,0.0027164386119693518,0.2788101136684418,0.025335585698485374,0.03388598561286926,-0.48646312952041626,0.5462599396705627,0.5026942491531372,-1.9844961166381836,-0.3783397376537323,2.400787591934204,1.032517671585083,0.02253052219748497,-0.006495441775768995,-0.0229388065636158,0.000514248909894377,0.020894493907690048,0.002686528256163001,-0.013065218925476074,0.6009249687194824,-5.93156146351248e-05,0.10103034973144531,-0.001277951174415648,0.9998407959938049,6.375049997586757e-05,-0.017797330394387245,1.0588439181447029e-05,5.1318413170520216e-05,0.03238993138074875,-6.961555482121184e-05,2.0800014681299217e-05,0.9999997615814209,-0.0008533914224244654,-0.10660725086927414,0.006331223528832197,-0.05951058119535446,-0.0035412227734923363,-0.019763058051466942,0.00015079845616128296,-0.10442125797271729,-0.006501586176455021,0.06325051933526993,-0.002627419773489237,0.004363011568784714,-4.063868982484564e-05,0.0008862614631652832,-2.116183895850554e-05,0.02498427778482437,0.004018550738692284,0.004032645374536514,5.01352951687295e-06,7.131049642339349e-06,,,,,2.0279646686339037,,,,,,,,,1320,2.525
13.533333333335413,retreat,13.533334039151669,6.252393992787845,6.336295604705812,-0.21725893020629883,-0.025426748834433965,2.0317249296663213,0.020689551092800684,0.03956468118525214,0.19004076719284058,0.00033059061388485134,0.15203264355659485,-0.00093309188287094,66,0.1742113083600998,0.01738579198718071,0.017773179337382317,0.0038310233503580093,-0.0003921074967365712,-6.477858868696968,0.15310129523277283,0.0019415486603975296,-0.11256871372461319,4.9445377953816205e-05,-0.00031965767266228795,6.829555059084669e-05,-9.066553320735693e-05,0.0177244134247303,-0.00042903906432911754,0.9998428225517273,0.0002425007987767458,0.000691014516633004,0.0027518789283931255,0.28053635358810425,0.03525417670607567,0.03209661319851875,-0.48627761006355286,0.5462046265602112,0.502506673336029,-1.9844961166381836,-0.3781680464744568,2.4008100032806396,1.0324032306671143,0.022597862407565117,-0.00612887367606163,-0.023007560521364212,0.0008123262086883187,0.02039390057325363,0.0034858589060604572,-0.012709655798971653,0.6009271740913391,-5.525261803995818e-05,0.1010342463850975,-0.0012805549195036292,0.9998407363891602,6.804599252063781e-05,-0.017798954620957375,8.455943316221237e-06,5.304041405906901e-05,0.03239073231816292,-7.448028190992773e-05,7.556316177215194e-06,0.9999996423721313,-0.0008517903042957187,-0.1394457370042801,0.001000866643153131,-0.10441967099905014,-0.0022383229807019234,-0.01723661832511425,0.000393248483305797,-0.13564074039459229,-0.0012933281250298023,0.10931375622749329,-0.0021003445144742727,-0.00290646031498909,-0.0003187256515957415,0.000886082649230957,-2.1368232410168275e-05,0.024984285235404968,0.004018567502498627,0.004032651893794537,5.001753379474394e-06,7.117283530533314e-06,,,,,2.0279646686339037,,,,,,,,,1320,2.533333333333333
13.541666666668753,retreat,13.541667372919619,6.205114872988976,6.333024799823763,-0.217437744140625,-0.02197330650233198,2.0344203198861437,0.026234696633764543,0.055952909680744456,0.12109970301389694,0.00021108878718223423,0.09688011556863785,-0.0006164121941765188,65,0.12163443118333817,0.019338278099894524,0.004194403067231178,0.005031005013734102,-0.0002128045161953196,-6.474775790001576,0.09777706116437912,-0.00045837368816137314,-0.07144629955291748,3.2036827178671956e-05,-0.0002025756984949112,4.9952031986322254e-05,-0.00010873690916923806,0.01774778589606285,-0.0004277671978343278,0.9998424649238586,0.00028485385701060295,0.0006279684603214264,0.0026290223468095064,0.2784554660320282,0.021636448800563812,0.01588042825460434,-0.4860915541648865,0.5461588501930237,0.5023177266120911,-1.9844961166381836,-0.378001868724823,2.4008100032806396,1.032288908958435,0.022405916824936867,-0.0059268116019666195,-0.02273176982998848,0.0011128721525892615,0.020124191418290138,0.002542550442740321,-0.012534614652395248,0.6009225249290466,-5.208879883866757e-05,0.10103122889995575,-0.0012804720317944884,0.9998403787612915,7.456869934685528e-05,-0.017815466970205307,1.3769255019724369e-05,5.272246562526561e-05,0.03238428756594658,-6.760215183021501e-05,1.9060616978094913e-05,0.9999995827674866,-0.0008531854255124927,-0.10282430797815323,0.0008807391277514398,-0.0649716928601265,-0.0031877849251031876,-0.019073599949479103,6.964708882151172e-05,-0.10044430196285248,-0.0010669489856809378,0.06859108805656433,-0.0030579157173633575,0.004220527596771717,5.5556953157065436e-05,0.0008872747421264648,-2.1288498828653246e-05,0.024984240531921387,0.004018569365143776,0.0040327031165361404,5.002317266189493e-06,7.1248505264520645e-06,,,,,2.0279646686339037,,,,,,,,,1320,2.5416666666666665
13.550000000002093,retreat,13.55000070668757,6.1577700285006465,6.333762407302858,-0.21797418594360352,-0.019988150597782806,2.0344203198861437,0.018681497749639675,0.055952909680744456,0.2648299038410187,0.0007263343431986868,0.21186907589435577,-0.00010972466668590641,67,0.1941833347082138,0.012186740525066853,0.0710926428437233,0.009717504493892193,0.00039384380215778947,-6.475513397480672,0.21465042233467102,-0.0074446555227041245,0.15493431687355042,-8.091697964118794e-05,0.0007094593020156026,0.00013297185068950057,-0.0001583623088663444,0.0177482757717371,-0.00040579558117315173,0.9998424053192139,0.0008239547023549676,-0.00488963071256876,0.0030641169287264347,0.5781289339065552,0.032187558710575104,0.02741408906877041,-0.4859084486961365,0.5461130738258362,0.5021345615386963,-1.984474778175354,-0.3778376579284668,2.4008357524871826,1.0321965217590332,0.022062378004193306,-0.00582322059199214,-0.022206421941518784,0.0019700087141245604,0.019365373998880386,0.004100782796740532,-0.011958752758800983,0.6009337306022644,-4.8462956328876317e-05,0.10103878378868103,-0.0012836673995479941,0.999840497970581,6.884172762511298e-05,-0.0178083386272192,1.8677674233913422e-06,5.459670501295477e-05,0.03239297866821289,-5.991216312395409e-05,7.395099237328395e-05,0.9999995827674866,-0.0008793329470790923,-0.1552121341228485,0.0008533011423423886,0.11668604612350464,-0.0012207372346892953,-0.012095288373529911,0.0008546580211259425,-0.15926893055438995,-0.0005825237603858113,-0.1110866367816925,-0.001132320612668991,-0.010325492359697819,-0.0008328693802468479,0.0008872747421264648,-2.0146047972957604e-05,0.024984240531921387,0.004019881132990122,0.004032821860164404,0.0003169756382703781,0.00045124194002710283,,,,,2.0279646686339037,,,,,,,,,1320,2.55
13.558333333335433,retreat,13.55833404045552,6.110360232554499,6.325343251228334,-0.21338462829589844,-0.0007156834271881962,2.0401841699635463,0.0070248611336865,0.055952909680744456,2.353703348489944e-05,8.774264870226034e-08,0.0,-0.000553076233700267,66,0.04672400653362274,0.026049569249153137,0.04672945663332939,0.019746027886867523,-1.394859694414663e-07,-6.467495675954934,-3.832945822068723e-06,-7.856921911297832e-06,-2.185335870308336e-05,-3.455666330864915e-08,-7.380240418797257e-08,3.2524056337024376e-08,-0.00011169500066898763,0.017791207879781723,-0.0006500240415334702,0.9998415112495422,0.00028761758585460484,0.0005266695516183972,0.003032130654901266,0.2936926782131195,0.012071656063199043,-0.00013548166316468269,-0.4857308566570282,0.5460672974586487,0.5019524693489075,-1.9844518899917603,-0.3776756525039673,2.4008357524871826,1.0321044921875,0.021416230127215385,-0.005913842469453812,-0.021346407011151314,0.002254251856356859,0.019611859694123268,-0.0003583200159482658,-0.012272791005671024,0.6009403467178345,-4.9371563363820314e-05,0.10104511678218842,-0.001283367513678968,0.9998404383659363,6.119447789387777e-05,-0.017812492325901985,4.086177796125412e-08,3.439958527451381e-05,0.0323910266160965,-2.1195719455135986e-05,3.923933036276139e-05,0.9999997019767761,-0.0006341443513520062,-0.045927613973617554,-0.004984501749277115,0.006995839066803455,-0.004633973352611065,-0.02561425045132637,-0.0010082445805892348,-0.046148039400577545,0.004994705319404602,-0.005342673044651747,-0.00531637342646718,0.01897590607404709,0.001248644315637648,0.0008894205093383789,-3.239669240429066e-05,0.024984151124954224,0.004031243734061718,0.004044944420456886,4.900333806290291e-06,6.975751603022218e-06,,,,,2.0279646686339037,,,,,,,,,1320,2.558333333333333
13.566666666668773,retreat,13.56666737422347,6.062886258382175,6.3181608915329,-0.20754337310791016,0.0008126750117298798,2.0406637562529286,0.005615369900624501,0.06852804166478502,0.0,0.0,0.0,0.0,69,0.012485843151807785,0.0022761241998523474,0.012485840357840061,0.0017676659626886249,0.0,-6.460346717914598,0.0,0.0,0.0,0.0,0.0,0.0,-9.613801375962794e-05,0.017794452607631683,-0.0006758620729669929,0.9998413920402527,-0.000249286851612851,0.0006377216777764261,0.003119093831628561,0.29561707377433777,0.03826999291777611,0.012714055366814137,-0.4855591654777527,0.5460215210914612,0.5017808079719543,-1.9844290018081665,-0.3775103986263275,2.4008357524871826,1.032012701034546,0.02080872282385826,-0.006011109799146652,-0.020618721842765808,0.0022048186510801315,0.019688310101628304,-0.0008607626077719033,-0.01225518248975277,0.6009474396705627,-4.682719008997083e-05,0.10105296969413757,-0.0012860766146332026,0.9998403787612915,5.4130465287016705e-05,-0.0178156029433012,-9.848736226558685e-07,3.5600882256403565e-05,0.032391730695962906,-2.1078350982861593e-05,3.1158684578258544e-05,0.9999997019767761,-0.0006108680390752852,-0.006304681301116943,-0.0045191701501607895,-0.009783882647752762,-0.0005280262557789683,-0.0021960698068141937,0.000281437678495422,-0.0059524038806557655,0.004493040032684803,0.010013874620199203,-0.0011898785596713424,0.0012858049012720585,-0.00023566451272927225,0.0008895993232727051,-3.370221020304598e-05,0.024984143674373627,0.00403250940144062,0.004046319983899593,4.505133802013006e-06,6.41090446151793e-06,,,,,2.0279646686339037,,,,,,,,,1320,2.5666666666666664
13.575000000002113,retreat,13.575000707991421,6.015348879215308,6.309227645397188,-0.20074844360351562,0.0037640998016286176,2.0410473441828616,0.004881545464741066,0.055952909680744456,3.09932729578577e-05,2.424812066692539e-07,0.0,0.0,74,0.013417073525488377,0.002121360506862402,0.013388375751674175,0.001626413781195879,-1.4233806311381159e-07,-6.451440187447331,-1.4817013607171248e-06,-2.4565229068684857e-06,-3.0860217520967126e-05,-1.46397184153102e-07,-1.9252836125360773e-07,1.7257724138630692e-08,-8.70296498760581e-05,0.0177974421530962,-0.0006829114281572402,0.9998413324356079,-0.0005801483639515936,-0.002620452083647251,0.0031487552914768457,0.20468559861183167,0.05564165487885475,0.023592166602611542,-0.4853931963443756,0.5459755659103394,0.5016184449195862,-1.9844061136245728,-0.3773500323295593,2.4008357524871826,1.031921148300171,0.020170221105217934,-0.006128375884145498,-0.019855326041579247,0.0021567530930042267,0.019536687061190605,-0.0011643425095826387,-0.01215940248221159,0.6009549498558044,-4.257827822584659e-05,0.10106223821640015,-0.001289710053242743,0.9998404383659363,4.9796617531683296e-05,-0.017817232757806778,-1.582200638949871e-06,3.713954356499016e-05,0.032392099499702454,-1.9725539459614083e-05,2.644162486831192e-05,0.9999997615814209,-0.0006073680706322193,-0.002668921370059252,0.0031679209787398577,-0.012761621735990047,-0.0020599914714694023,-0.0004234627413097769,-0.0002780022914521396,-0.0022123740054666996,-0.003201188752427697,0.01284039206802845,-0.0015909462235867977,3.693107282742858e-05,0.00033508898923173547,0.0008897185325622559,-3.406270843697712e-05,0.024984143674373627,0.004032410681247711,0.004045195411890745,-5.236361175775528e-06,-7.454502338077873e-06,,,,,2.0279646686339037,,,,,,,,,1320,2.575
13.583333333335453,retreat,13.583334041759372,5.967748868285549,6.298699975013735,-0.19347667694091797,0.006582050446013454,2.0412391111279415,0.002583893319751951,0.0,0.0,0.0,0.0,0.0,68,0.016073308885097504,0.002314937999472022,0.016073310747742653,0.0030591159593313932,0.0,-6.440925873013863,0.0,0.0,0.0,0.0,0.0,0.0,-8.603552123531699e-05,0.017799342051148415,-0.0006670035654678941,0.9998413920402527,-0.0007950727012939751,0.00043231339077465236,0.003483305685222149,0.28819429874420166,0.06939657032489777,0.03665855526924133,-0.485232949256897,0.545918345451355,0.5014582276344299,-1.984383225440979,-0.3771897554397583,2.4008357524871826,1.031829595565796,0.019541271030902863,-0.00628651212900877,-0.019168563187122345,0.002151982393115759,0.01906655542552471,-0.0015960800228640437,-0.011850672774016857,0.6009655594825745,-4.157397779636085e-05,0.10107820481061935,-0.001291173044592142,0.999840497970581,4.328100476413965e-05,-0.01781311444938183,-4.9908412620425224e-06,3.5442106309346855e-05,0.03239766135811806,-1.3703632248507347e-05,3.1646799470763654e-05,0.9999998807907104,-0.0006248332210816443,-0.0021006022579967976,-0.005462871864438057,-0.01496982853859663,-0.002265363931655884,-0.00047476269537582994,-4.0799790440360084e-05,-0.0015662554651498795,0.005423947237432003,0.015049217268824577,-0.0030506588518619537,0.00017070616013370454,0.0001501041406299919,0.0008898377418518066,-3.326831938466057e-05,0.02498413622379303,0.0040323687717318535,0.004045271314680576,4.960071237292141e-06,7.060443749651313e-06,,,,,2.0279646686339037,,,,,,,,,1320,2.5833333333333335
13.591666666668793,retreat,13.591667375527322,5.920086998824532,6.281444430351259,-0.18280744552612305,0.007946590812935028,2.0406637562529286,0.0026405127755424473,0.055952909680744456,4.0905738387664314e-06,1.5308087242260626e-08,0.0,0.0,61,0.016716673970222473,0.001986031187698245,0.016712691634893417,0.002224515425041318,-1.922111514396363e-08,-6.423630256732958,-9.517187926633142e-09,-1.1013078449195746e-07,-4.089079993718769e-06,-1.284372719290161e-09,-1.524851711565134e-08,4.130941699820312e-10,-8.290410914923996e-05,0.017794527113437653,-0.0006694759940728545,0.9998413920402527,-0.0018887293990701437,0.0008813221356831491,0.0037889587692916393,0.3221634030342102,0.12529033422470093,0.0625724345445633,-0.48507818579673767,0.5458611249923706,0.5013093948364258,-1.9843603372573853,-0.37703514099121094,2.4008352756500244,1.031738042831421,0.018854686990380287,-0.006449833046644926,-0.018389346078038216,0.002128050196915865,0.01876530610024929,-0.0019753549713641405,-0.011667244136333466,0.6009761691093445,-3.7407022318802774e-05,0.10109526664018631,-0.0012931687524542212,0.9998406171798706,4.128288492211141e-05,-0.017807871103286743,-5.278387106955051e-06,3.83756123483181e-05,0.03239746391773224,-1.3274982848088257e-05,3.0524777685059234e-05,0.9999997615814209,-0.0006243368261493742,-0.003885013284161687,-0.002183746313676238,-0.016111645847558975,-0.0019011909607797861,-0.0005410232115536928,-0.00019257866370026022,-0.0033088906202465296,0.0021415995433926582,0.016245370730757713,-0.002207785379141569,-2.110708737745881e-05,0.00027147753280587494,0.0008895993232727051,-3.339472823427059e-05,0.024984143674373627,0.004032352473586798,0.004045355599373579,4.675348463933915e-06,6.656628102064133e-06,,,,,2.0279646686339037,,,,,,,,,1320,2.591666666666667
13.600000000002133,retreat,13.600000709295273,5.8723640440638984,6.263026595115663,-0.17184019088745117,0.012417961443134118,2.0397044709589323,0.002517313305361313,0.055952909680744456,0.00016355405387002975,5.983172854939767e-07,0.0,0.0,57,0.01721988245844841,0.002271234290674329,0.017060235142707825,0.0026155556552112103,-8.465679428582007e-07,-6.405145610326943,-3.8530743040610105e-06,-1.0863928764592856e-05,-0.00016314734239131212,-1.4493286926153814e-07,-5.787447889815667e-07,4.50832260412426e-08,-7.74705913499929e-05,0.017786458134651184,-0.0006642421940341592,0.999841570854187,-0.0020849043503403664,0.0024731564335525036,0.003973431419581175,0.23579184710979462,0.13331781327724457,0.06622349470853806,-0.48492926359176636,0.5458039045333862,0.5011608600616455,-1.9843374490737915,-0.37688058614730835,2.4008278846740723,1.031646490097046,0.0181407667696476,-0.0066383397206664085,-0.01759462244808674,0.002104289596900344,0.01842065155506134,-0.0024829988833516836,-0.01142656896263361,0.600985586643219,-3.673550963867456e-05,0.10111239552497864,-0.0012946526985615492,0.9998405575752258,3.637439294834621e-05,-0.01780567318201065,-3.917724825441837e-06,3.467431815806776e-05,0.032396115362644196,-1.915366192406509e-05,2.988962114613969e-05,0.9999997019767761,-0.000631044851616025,-0.0031578857451677322,-0.0034148944541811943,-0.016579825431108475,-0.002084251493215561,-0.0009015345713123679,4.0448660001857206e-05,-0.0025656367652118206,0.003371606580913067,0.016690541058778763,-0.0025768300984054804,0.00044505513506010175,5.2609546401072294e-05,0.0008891820907592773,-3.313795241410844e-05,0.02498415857553482,0.0040311128832399845,0.0040454682894051075,8.122995495796204e-06,1.1562831787159666e-05,,,,,2.0279646686339037,,,,,,,,,1320,2.6
13.608333333335473,retreat,13.608334043063223,5.82458077723529,6.24438524246216,-0.16242265701293945,0.012168655302957632,2.0394165974197658,0.008863384209689684,0.055952909680744456,6.224930984899402e-05,2.3040317387312825e-07,0.0,0.0,64,0.018270129337906837,0.002340152161195874,0.01820920780301094,0.001828586682677269,-3.125502843204231e-07,-6.386484208189033,-2.291866678660881e-07,-7.211959882624797e-07,-6.224471144378185e-05,-3.817660854110727e-08,-2.271993650992954e-07,2.935935938808143e-09,-6.974379357416183e-05,0.017784520983695984,-0.0006574015133082867,0.999841570854187,-0.0016750188078731298,-0.00017224301700480282,0.004289652220904827,0.25643932819366455,0.11323079466819763,0.06352845579385757,-0.48478618264198303,0.5457466840744019,0.5010234713554382,-1.9843145608901978,-0.37673112750053406,2.400782823562622,1.031554937362671,0.017372235655784607,-0.006832953076809645,-0.016705533489584923,0.002050390001386404,0.018189851194620132,-0.0029252036474645138,-0.011268651112914085,0.6009874939918518,-3.511691465973854e-05,0.10112732648849487,-0.0012922587338835,0.9998403191566467,3.552701309672557e-05,-0.017820410430431366,4.4102780520915985e-06,3.637876216089353e-05,0.03239214047789574,-3.5840417694998905e-05,2.294272417202592e-05,0.9999997019767761,-0.0006353684002533555,-0.0017454322660341859,0.0033132177777588367,-0.017882216721773148,-0.002290584845468402,-0.0004566345305647701,-0.000144976147566922,-0.0011070040054619312,-0.0033595969434827566,0.01792442612349987,-0.0018049823120236397,0.0002039761166088283,0.00021003626170568168,0.0008890628814697266,-3.2802854548208416e-05,0.024984166026115417,0.004031126853078604,0.004044284578412771,6.329264579107985e-06,9.013281669467688e-06,,,,,2.0279646686339037,,,,,,,,,1320,2.6083333333333334
13.616666666668813,retreat,13.616667376831174,5.77673797157035,6.22777044773102,-0.16134977340698242,0.013646806110045873,2.040951453956302,0.010448732609802391,0.055952909680744456,0.0,0.0,0.0,0.0,62,0.01849908009171486,0.0022575382608920336,0.018499081954360008,0.002576906466856599,0.0,-6.369976311335179,0.0,0.0,0.0,0.0,0.0,0.0,-6.852705701021478e-05,0.017798013985157013,-0.0006529947277158499,0.9998413920402527,0.0012014203239232302,0.0011605483014136553,0.003971184138208628,0.34929516911506653,-0.047734081745147705,-0.040380269289016724,-0.48464885354042053,0.5456894636154175,0.5008866190910339,-1.984291672706604,-0.3765822649002075,2.4007370471954346,1.031463384628296,0.01660064607858658,-0.007061547599732876,-0.01585480570793152,0.0020038550719618797,0.017788304015994072,-0.0033911168575286865,-0.010989501141011715,0.6009894013404846,-3.7107092794030905e-05,0.1011427491903305,-0.0012898286804556847,0.9998400211334229,3.2087413273984566e-05,-0.01783495768904686,4.476751200854778e-06,3.275393828516826e-05,0.03239097818732262,-3.68953806173522e-05,2.5122304577962495e-05,0.9999997019767761,-0.0006373855867423117,0.004261339083313942,-0.002580132568255067,-0.017815718427300453,-0.0022017413284629583,0.000497291621286422,3.892440508934669e-05,0.004893966484814882,0.00253466353751719,0.017659008502960205,-0.0025736470706760883,0.00011820573126897216,5.3050574933877215e-05,0.0008897781372070312,-3.258357537561096e-05,0.02498413622379303,0.0040309010073542595,0.00404432462528348,5.1988613449793775e-06,7.3989504016935825e-06,,,,,2.0279646686339037,,,,,,,,,1320,2.6166666666666667
13.625000000002153,retreat,13.625000710599124,5.728836400300716,6.210522353649141,-0.16069412231445312,0.012483264072216116,2.043538911412063,0.008689235073688906,0.0,0.0,0.0,0.0,0.0,65,0.021191004663705826,0.00237433728761971,0.021191002801060677,0.0020265374332666397,0.0,-6.35290842520652,0.0,0.0,0.0,0.0,0.0,0.0,-6.79468284943141e-05,0.01782025210559368,-0.0006598333129659295,0.999841034412384,0.0012066130293533206,-0.0011438573710620403,0.00430329842492938,0.18715143203735352,-0.051990263164043427,-0.029833361506462097,-0.48451724648475647,0.5456322431564331,0.5007609724998474,-1.9842687845230103,-0.3764389157295227,2.400691270828247,1.031371831893921,0.015797847881913185,-0.007276866585016251,-0.014935294166207314,0.0019531053258106112,0.017510604113340378,-0.003614535089582205,-0.010796458460390568,0.6009920835494995,-3.5443008528091013e-05,0.10116001963615417,-0.0012882789596915245,0.9998398423194885,3.2864074455574155e-05,-0.017847687005996704,3.2767420634627342e-06,3.5480348742567e-05,0.03239107504487038,-2.738755392783787e-05,2.3897058781585656e-05,0.9999998211860657,-0.0006289737648330629,0.0006701575475744903,0.002367808483541012,-0.02104763872921467,-0.002112089656293392,0.0010809756349772215,-8.97024292498827e-05,0.001420962275005877,-0.002421922516077757,0.02100413665175438,-0.0017649369547143579,-0.000984520185738802,0.00015023755258880556,0.0008908510208129883,-3.292587643954903e-05,0.024984098970890045,0.004030926153063774,0.004044448025524616,7.83687301009195e-06,1.115779741667211e-05,,,,,2.0279646686339037,,,,,,,,,1320,2.625
13.633333333335493,retreat,13.633334044367075,5.680876836658028,6.191396713256838,-0.15872716903686523,0.013295071767061017,2.0448792676237897,0.008946944035415072,0.055952909680744456,0.0,0.0,0.0,0.0,75,0.021344291046261787,0.0021487961057573557,0.021344294771552086,0.002688212553039193,0.0,-6.3338761361285,0.0,0.0,0.0,0.0,0.0,0.0,-6.968968227738515e-05,0.01783210225403309,-0.0006494132103398442,0.9998407959938049,0.0008528137695975602,0.0008907555602490902,0.0044551026076078415,0.3262285590171814,-0.0297852735966444,-0.02166125550866127,-0.48439136147499084,0.545574963092804,0.5006464719772339,-1.9842458963394165,-0.3762957751750946,2.4006454944610596,1.031280279159546,0.01500457338988781,-0.0075152115896344185,-0.014063180424273014,0.0019438014132902026,0.01705804094672203,-0.004044761415570974,-0.010482491925358772,0.6009953022003174,-3.0709561542607844e-05,0.10117849707603455,-0.0012889890931546688,0.9998396039009094,3.572426794562489e-05,-0.01785914972424507,2.744956873357296e-06,3.944303171010688e-05,0.03239045292139053,-2.6997846362064593e-05,2.2573334717890248e-05,0.9999997019767761,-0.0006400825805030763,-0.0011181853478774428,-0.0036510974168777466,-0.020999951288104057,-0.0021412379574030638,0.00015654480375815183,8.898407395463437e-05,-0.0003676001797430217,0.003596852533519268,0.02103583700954914,-0.0026693192776292562,-0.00031810454674996436,5.562493242905475e-06,0.0008914470672607422,-3.2403353543486446e-05,0.024984076619148254,0.004030953627079725,0.004044573754072189,5.0811249820981175e-06,7.233145879581571e-06,,,,,2.0279646686339037,,,,,,,,,1320,2.6333333333333333
13.641666666668833,retreat,13.641667378135026,5.632860053873927,6.171056628227236,-0.15610456466674805,0.018410901247989386,2.0459317888871906,0.004855043243878754,0.06852804166478502,0.0,0.0,0.0,0.0,61,0.021845318377017975,0.002131097950041294,0.021845320239663124,0.0021923149470239878,0.0,-6.313609355619844,0.0,0.0,0.0,0.0,0.0,0.0,-7.149913290049881e-05,0.017841419205069542,-0.0006527641671709716,0.9998406171798706,0.0006376642268151045,0.0008484987774863839,0.004700310528278351,0.31861260533332825,-0.014647466130554676,-0.020250823348760605,-0.4842713177204132,0.5455062985420227,0.5005323886871338,-1.9842230081558228,-0.37615829706192017,2.400599718093872,1.031188726425171,0.014181418344378471,-0.0077592781744897366,-0.013142986223101616,0.0019232587656006217,0.016724679619073868,-0.004471320193260908,-0.010237342678010464,0.6010010242462158,-3.0883747967891395e-05,0.10120324790477753,-0.0012854640372097492,0.9998394846916199,3.754712815862149e-05,-0.017865080386400223,1.9010622054338455e-07,3.393390215933323e-05,0.03239498287439346,-2.3609649360878393e-05,2.267311720061116e-05,0.9999996423721313,-0.0006332069751806557,-0.0010478089097887278,-0.0003378147375769913,-0.021817559376358986,-0.0021239379420876503,0.00011657225695671514,0.00012991188850719482,-0.0002677276497706771,0.00028163372189737856,0.02184186317026615,-0.002175245899707079,-0.000267868279479444,-5.288889951771125e-05,0.0008919239044189453,-3.256922718719579e-05,0.02498406171798706,0.004030980169773102,0.004044659435749054,5.04796662426088e-06,7.185240974649787e-06,,,,,2.0279646686339037,,,,,,,,,1320,2.6416666666666666
13.650000000002173,retreat,13.650000711902976,5.584786825180057,6.144458055496218,-0.15085935592651367,0.018375365471001714,2.0466969190746482,0.004136727511649951,0.03956468118525214,0.0,0.0,0.0,0.0,65,0.022232534363865852,0.0020857921335846186,0.022232534363865852,0.002097681164741516,0.0,-6.287064071570033,0.0,0.0,0.0,0.0,0.0,0.0,-7.507941336371005e-05,0.01784759946167469,-0.0006533086416311562,0.999840497970581,-0.0001573539775563404,0.0006680206279270351,0.005034438334405422,0.30347222089767456,0.0290652047842741,0.008410019800066948,-0.4841625690460205,0.5454376339912415,0.500429630279541,-1.984200119972229,-0.3760208785533905,2.4005539417266846,1.031097173690796,0.013345001265406609,-0.008007959462702274,-0.012205083854496479,0.0018991907127201557,0.01641981303691864,-0.004934739321470261,-0.0100178774446249,0.6010074019432068,-3.053850377909839e-05,0.1012297049164772,-0.0012844494776800275,0.9998394846916199,3.9172831748146564e-05,-0.01786951534450054,-6.593763828277588e-07,3.4246681025251746e-05,0.0323948934674263,-2.1858846594113857e-05,2.4650626073707826e-05,0.9999997615814209,-0.0006316835642792284,-0.0029076705686748028,-0.00021546860807575285,-0.02204051986336708,-0.0020621968433260918,-0.0003010196960531175,8.520529081579298e-05,-0.0021182377822697163,0.000158526876475662,0.022130826488137245,-0.002094270894303918,-0.00011909470777027309,-1.0582656614133157e-05,0.0008922219276428223,-3.259322329540737e-05,0.024984054267406464,0.004031021147966385,0.004044781439006329,5.006456376577262e-06,7.123744580894709e-06,,,,,2.0279646686339037,,,,,,,,,1320,2.65
13.658333333335513,retreat,13.658334045670927,5.536657923808054,6.116160750389101,-0.1448988914489746,0.01880970194179099,2.0472705791380563,0.00243809085986868,0.06852804166478502,0.0,0.0,0.0,0.0,70,0.02189699374139309,0.002167869359254837,0.021896984428167343,0.0021634534932672977,0.0,-6.258806719893039,0.0,0.0,0.0,0.0,0.0,0.0,-7.922776421764866e-05,0.017852529883384705,-0.0006529648089781404,0.9998403191566467,-0.00044931916636414826,0.0006930067320354283,0.005289876833558083,0.3055245578289032,0.04435036703944206,0.017640307545661926,-0.48405957221984863,0.5453689694404602,0.5003380179405212,-1.9841772317886353,-0.3758888840675354,2.400508165359497,1.031005620956421,0.012499143369495869,-0.008267058990895748,-0.011259477585554123,0.0018650984857231379,0.01611468754708767,-0.005457642022520304,-0.009798203594982624,0.6010145545005798,-2.7314774342812598e-05,0.10125785320997238,-0.0012843897566199303,0.9998393654823303,4.430128319654614e-05,-0.017872029915452003,-1.6934936866164207e-06,3.702582762343809e-05,0.03239476680755615,-1.9441949916654266e-05,2.3660937586100772e-05,0.9999996423721313,-0.0006319498061202466,-0.0027653302531689405,-0.0004170874017290771,-0.021717673167586327,-0.002097693970426917,-0.0005402421811595559,8.646184141980484e-05,-0.001987425610423088,0.00036096954136155546,0.021803617477416992,-0.0021588592790067196,0.00014064059359952807,-8.849132427712902e-06,0.0008924603462219238,-3.257230491726659e-05,0.024984046816825867,0.004030966199934483,0.004044961649924517,4.977149728802033e-06,7.085211109369993e-06,,,,,2.0279646686339037,,,,,,,,,1320,2.658333333333333
13.666666666668853,retreat,13.666667379438877,5.4884741229895635,6.086179614067079,-0.13810396194458008,0.02214243431808427,2.0474617634569015,0.004483897100726608,0.055952909680744456,0.0,0.0,0.0,0.0,68,0.021937409415841103,0.0022547529079020023,0.021937405690550804,0.0021875393576920033,0.0,-6.228838898891341,0.0,0.0,0.0,0.0,0.0,0.0,-8.145445463014767e-05,0.017854217439889908,-0.000654741539619863,0.9998403787612915,-0.0008536973036825657,0.000708382052835077,0.005556299351155758,0.30756840109825134,0.0654928982257843,0.027212506160140038,-0.4839622974395752,0.545300304889679,0.5002484321594238,-1.9841543436050415,-0.3757571876049042,2.4004623889923096,1.0309364795684814,0.011652549728751183,-0.008534782566130161,-0.010321437381207943,0.0018191954586654902,0.015804635360836983,-0.0059732734225690365,-0.009553083218634129,0.6010217666625977,-2.620043233036995e-05,0.10128600895404816,-0.0012845121091231704,0.9998393654823303,3.665187978185713e-05,-0.017874501645565033,-2.0152656361460686e-06,3.481956082396209e-05,0.032392967492341995,-2.0216482880641706e-05,3.356497109052725e-05,0.9999997019767761,-0.000630471738986671,-0.0032862748485058546,-3.266537532908842e-05,-0.021689843386411667,-0.002167676342651248,-0.0005698851309716702,0.00024560262681916356,-0.002508907811716199,-2.3410691937897354e-05,0.02179345302283764,-0.002179029630497098,9.546408546157181e-05,-0.00016746467736084014,0.0008925795555114746,-3.265913619543426e-05,0.02498403936624527,0.004030989482998848,0.004045081790536642,4.972758688381873e-06,7.074268069118261e-06,,,,,2.0279646686339037,,,,,,,,,1320,2.6666666666666665
13.675000000002193,retreat,13.675000713206828,5.440236195956221,6.056213378906252,-0.13113021850585938,0.023792592401150614,2.0476529299329354,0.0035837051655107643,0.03956468118525214,0.0,0.0,0.0,0.0,66,0.022223616018891335,0.0024531784001737833,0.022223612293601036,0.0019451520638540387,0.0,-6.198885977806559,0.0,0.0,0.0,0.0,0.0,0.0,-7.401168841170147e-05,0.01785522699356079,-0.0006701402016915381,0.9998403787612915,-0.001153774093836546,-0.0011216055136173964,0.005858581513166428,0.18142223358154297,0.07805386185646057,0.04523344337940216,-0.48387089371681213,0.5452316403388977,0.5001686215400696,-1.9841314554214478,-0.3756278455257416,2.400416612625122,1.0308678150177002,0.010792110115289688,-0.008805917575955391,-0.00935667846351862,0.0017522911075502634,0.015548334456980228,-0.0064683947712183,-0.009431339800357819,0.601029634475708,-2.2900436306372285e-05,0.10131614655256271,-0.0012862031580880284,0.9998393654823303,3.0822266126051545e-05,-0.01787544973194599,-2.841465175151825e-06,3.65861487807706e-05,0.03239317238330841,-2.0163737644907087e-05,3.2197731343330815e-05,0.9999998211860657,-0.0006167372339405119,-0.0034600768703967333,0.0031252263579517603,-0.021729011088609695,-0.002364019164815545,-0.0005507268942892551,-0.0003552435082383454,-0.002681107958778739,-0.0031814510002732277,0.021830689162015915,-0.001897817593999207,4.968803841620684e-05,0.00042359891813248396,0.00089263916015625,-3.343559001223184e-05,0.02498403936624527,0.004032301716506481,0.004045173991471529,7.462329449481331e-06,1.0622054105624557e-05,,,,,2.0279646686339037,,,,,,,,,1320,2.675
13.683333333335533,retreat,13.683334046974778,5.391944915939673,6.0242578387260455,-0.12356042861938477,0.028137214030721225,2.0476529299329354,0.004147798790654633,0.07912936237050427,0.0,0.0,0.0,0.0,71,0.024127373471856117,0.0030815121717751026,0.024127379059791565,0.0013806779170408845,0.0,-6.166930437626353,0.0,0.0,0.0,0.0,0.0,0.0,-6.58150456729345e-05,0.017855290323495865,-0.0006784690776839852,0.999840259552002,-0.0014180113794282079,-0.007169870659708977,0.00582410953938961,0.48392823338508606,0.09588263928890228,0.062165267765522,-0.48378947377204895,0.5451515913009644,0.5000998973846436,-1.984108567237854,-0.3755018711090088,2.4003708362579346,1.030799150466919,0.009915768168866634,-0.009077309630811214,-0.008350348100066185,0.0016650111647322774,0.015323219820857048,-0.006952417548745871,-0.009262465871870518,0.6010405421257019,-1.9900384359061718e-05,0.10135355591773987,-0.0012867717305198312,0.9998394250869751,2.6046598577522673e-05,-0.01786973886191845,-6.352318450808525e-06,3.529794776113704e-05,0.03239874169230461,-1.439327752450481e-05,2.891075018851552e-05,0.9999996423721313,-0.0006089175003580749,-0.0038454874884337187,0.011390263214707375,-0.020918993279337883,-0.0030252616852521896,-0.0005827057757414877,-6.295105413300917e-05,-0.003095446852967143,-0.011444412171840668,0.021013662219047546,-0.0013758422574028373,2.671900438144803e-05,0.00011231945245526731,0.00089263916015625,-3.385927630006336e-05,0.02498403936624527,0.0040323324501514435,0.004045275971293449,-0.0002887101436499506,-0.00041099637746810913,,,,,2.0279646686339037,,,,,,,,,1320,2.683333333333333
13.691666666668873,retreat,13.691667380742729,5.343601056171556,5.985164642333986,-0.11271238327026367,0.029598446417367086,2.046888156951933,0.004299602551327553,0.03956468118525214,0.0,0.0,0.0,0.0,72,0.03106001205742359,0.0022256295196712017,0.03106001578271389,0.004862540401518345,0.0,-6.127783977463049,0.0,0.0,0.0,0.0,0.0,0.0,-6.27204281045124e-05,0.01784924976527691,-0.0006686548586003482,0.9998404383659363,-0.0026050410233438015,0.007538427133113146,0.006122542545199394,-0.1510493904352188,0.15762123465538025,0.08919759839773178,-0.4837150275707245,0.5450714826583862,0.5000365376472473,-1.9840861558914185,-0.3753809332847595,2.4003236293792725,1.0307304859161377,0.009161051362752914,-0.009403944946825504,-0.0076601505279541016,0.0016352325910702348,0.014614499174058437,-0.007659008260816336,-0.008912348188459873,0.6010513305664062,-1.890036219265312e-05,0.10139166563749313,-0.0012863362208008766,0.9998396039009094,2.174904329876881e-05,-0.017863918095827103,-6.704940460622311e-06,3.481101157376543e-05,0.03239776939153671,-1.4614201063523069e-05,2.995021532115061e-05,0.9999998211860657,-0.000618315942119807,-0.006825670599937439,-0.02251480333507061,-0.02027851529419422,-0.0015714005567133427,-0.0015603104839101434,-0.00022261677077040076,-0.0060968659818172455,0.02246197871863842,0.020567262545228004,-0.004812334664165974,0.000573070952668786,0.00039664149517193437,0.000892341136932373,-3.3371437893947586e-05,0.024984046816825867,0.004031079355627298,0.00404543848708272,-0.0002932026982307434,-0.0004173968336544931,,,,,2.0279646686339037,,,,,,,,,1320,2.6916666666666664
13.700000000002213,retreat,13.70000071451068,5.295205389883508,5.9454232454299945,-0.10156631469726562,0.02968016815430019,2.045644791317289,0.0017468495343564427,0.03956468118525214,0.0,0.0,0.0,0.0,70,0.02292286790907383,0.00136842904612422,0.022922862321138382,0.00012968367082066834,0.0,-6.0879559844241875,0.0,0.0,0.0,0.0,0.0,0.0,-5.299654367263429e-05,0.017838846892118454,-0.0006478265859186649,0.9998407363891602,-0.002877687569707632,0.0011201612651348114,0.006669715512543917,0.35019856691360474,0.16991572082042694,0.08333784341812134,-0.48364636301994324,0.5449913740158081,0.4999796152114868,-1.9840649366378784,-0.3752596974372864,2.4002652168273926,1.0306618213653564,0.008268497884273529,-0.009675990790128708,-0.006628372706472874,0.0014630722580477595,0.014735759235918522,-0.008014218881726265,-0.008972696959972382,0.6010591983795166,-1.734451507218182e-05,0.10142892599105835,-0.0012866243487223983,0.9998395442962646,1.7530788682051934e-05,-0.017863638699054718,-3.535766154527664e-06,3.630232822615653e-05,0.03239516168832779,-2.475218934705481e-05,2.4079405193333514e-05,0.9999997615814209,-0.0006393308867700398,-0.005468467716127634,0.008517511188983917,-0.02056710235774517,-0.0011891663307324052,-0.0006756755756214261,-4.409075336297974e-05,-0.004730381071567535,-0.008570827543735504,0.02072732523083687,4.362512845546007e-05,-0.0001145169953815639,4.2433017370058224e-05,0.0008918046951293945,-3.233890311094001e-05,0.024984069168567657,0.0040308209136128426,0.004044314380735159,5.19336845172802e-06,7.400056347250938e-06,,,,,2.0279646686339037,,,,,,,,,1320,2.7
13.708333333335553,retreat,13.70833404827863,5.246758690307177,5.906501412391664,-0.09423494338989258,0.032785617804620415,2.0459317888871906,0.02031984149652999,0.055952909680744456,0.0,0.0,0.0,0.0,67,0.019157731905579567,0.0026034554466605186,0.019157741218805313,0.0022006225772202015,0.0,-6.049054139784273,0.0,0.0,0.0,0.0,0.0,0.0,-5.2645907999249175e-05,0.017840595915913582,-0.00067070999648422,0.9998406171798706,-0.0019793198443949223,0.0006684467662125826,0.006678009871393442,0.2982335388660431,0.11667828261852264,0.054153427481651306,-0.4835834205150604,0.54491126537323,0.4999338984489441,-1.9840649366378784,-0.375139445066452,2.4001739025115967,1.0305931568145752,0.00743468152359128,-0.009978544898331165,-0.005732008721679449,0.0013182276161387563,0.014454754069447517,-0.008549949154257774,-0.008807948790490627,0.6010510325431824,-1.173296186607331e-05,0.10145796090364456,-0.0012852541403844953,0.9998391270637512,1.861501186795067e-05,-0.017887700349092484,1.3156677596271038e-05,3.869290230795741e-05,0.0323847196996212,-4.7067576815607026e-05,2.3091844923328608e-05,0.9999997615814209,-0.0006150558474473655,-0.003932323306798935,0.0018306372221559286,-0.018660234287381172,-0.0024347726721316576,-0.0009129518293775618,-0.00012798949319403619,-0.003262351732701063,-0.0018789047608152032,0.018784189596772194,-0.002163628814741969,0.00034463946940377355,0.00020657650020439178,0.0008918642997741699,-3.348319296492264e-05,0.02498406171798706,0.004032105673104525,0.004045690409839153,4.634524430002784e-06,6.601592758670449e-06,,,,,2.0279646686339037,,,,,,,,,1320,2.7083333333333335
13.716666666668893,retreat,13.71666738204658,5.198261730674201,5.875544250011446,-0.10401010513305664,0.03702870890265331,2.0489905960858947,0.017873973774840124,0.0,0.0,0.0,0.0,0.0,69,0.02032553404569626,0.0026740217581391335,0.020325537770986557,0.0021029573399573565,0.0,-6.018310012633532,0.0,0.0,0.0,0.0,0.0,0.0,-5.542152212001383e-05,0.017867829650640488,-0.0006523993797600269,0.9998401999473572,0.003929526079446077,0.0007113617029972374,0.006141039542853832,0.3064865171909332,-0.21297377347946167,-0.1235073059797287,-0.4835263192653656,0.5448264479637146,0.4998939335346222,-1.9840642213821411,-0.37502217292785645,2.400083541870117,1.030524492263794,0.00660897558555007,-0.01029930915683508,-0.004864875227212906,0.001145301153883338,0.014155218377709389,-0.00894263293594122,-0.008611652068793774,0.6010447144508362,-6.31761213298887e-06,0.1014903113245964,-0.0012834910303354263,0.9998388290405273,2.0450210286071524e-05,-0.017907951027154922,1.1063762940466404e-05,3.975254367105663e-05,0.03238624334335327,-4.0080638427753e-05,2.371325172134675e-05,0.9999999403953552,-0.0006316183716990054,0.008509454317390919,0.0012570145772770047,-0.018415657803416252,-0.0022778830025345087,0.0013998870272189379,4.4240769057068974e-05,0.00916345790028572,-0.0013035227311775088,0.018095837906003,-0.002095818752422929,-0.0001704974565654993,3.0068509659031406e-05,0.0008932352066040039,-3.256524360040203e-05,0.02498401701450348,0.004030836280435324,0.004044536966830492,5.110261554364115e-06,7.276830729097128e-06,,,,,2.0279646686339037,,,,,,,,,1320,2.716666666666667
13.725000000002233,retreat,13.72500071581453,5.149715284216217,5.841234326362612,-0.11247396469116211,0.04363318657851778,2.0528076984065335,0.01444530425942503,0.08846931922527276,0.0,0.0,0.0,0.0,74,0.02156366966664791,0.0028982653748244047,0.02156367152929306,0.0027390322647988796,0.0,-5.984265936248065,0.0,0.0,0.0,0.0,0.0,0.0,-6.17108162259683e-05,0.017900587990880013,-0.0006705343839712441,0.9998394846916199,0.0035008343402296305,0.0006091719842515886,0.006354224868118763,0.2901363670825958,-0.18652981519699097,-0.10669255256652832,-0.4834767282009125,0.5447348952293396,0.49985969066619873,-1.9840641021728516,-0.3749077618122101,2.3999927043914795,1.0304558277130127,0.005835666786879301,-0.01059214398264885,-0.004068383015692234,0.001013279426842928,0.013808359391987324,-0.008962614461779594,-0.008392979390919209,0.6010397672653198,-3.6441488191485405e-06,0.1015269011259079,-0.0012805243022739887,0.9998384118080139,2.1527417629840784e-05,-0.01792510598897934,8.742441423237324e-06,3.563409700291231e-05,0.03238863870501518,-2.446704456815496e-05,2.927540845121257e-05,0.9999995827674866,-0.0006106141954660416,-0.00011427060962887481,0.0016848074737936258,-0.021497447043657303,-0.002094707451760769,0.002001705812290311,7.29123130440712e-05,0.0006563630886375904,-0.0017398427007719874,0.021483343094587326,-0.00185198406688869,-0.0020179979037493467,-1.1683488082780968e-05,0.0008949041366577148,-3.3466109016444534e-05,0.024983957409858704,0.004032117780297995,0.004045929294079542,4.652815732697491e-06,6.62510865367949e-06,,,,,2.0279646686339037,,,,,,,,,1320,2.725
13.733333333335572,retreat,13.733334049582481,5.101120124164872,5.802893638610842,-0.11831521987915039,0.04475129389902577,2.054427820225468,0.014791132343816571,0.0,0.0,0.0,0.0,0.0,74,0.020938877016305923,0.002263270551338792,0.020938878878951073,0.0021288238931447268,0.0,-5.946038083883831,0.0,0.0,0.0,0.0,0.0,0.0,-6.534370186273009e-05,0.017915287986397743,-0.0006493744440376759,0.9998393058776855,0.0028551039285957813,0.0005749101401306689,0.006716507486999035,0.30014365911483765,-0.15042613446712494,-0.08602780848741531,-0.483436644077301,0.5446433424949646,0.4998311698436737,-1.9840641021728516,-0.374794602394104,2.3999011516571045,1.0303871631622314,0.005072603467851877,-0.010877883061766624,-0.003275399561971426,0.000908547779545188,0.01351679116487503,-0.00921011995524168,-0.008230272680521011,0.6010350584983826,-2.6526395231485367e-06,0.10156448930501938,-0.0012784275459125638,0.9998382329940796,2.1285519324010238e-05,-0.01794145256280899,8.643022738397121e-06,3.537009615683928e-05,0.03238794580101967,-2.6109206373803318e-05,3.2797775929793715e-05,0.9999998211860657,-0.000629743211902678,-0.0027565807104110718,0.001982584362849593,-0.0206617321819067,-0.0021975466515868902,0.0005408945144154131,-2.481750925653614e-05,-0.002013528486713767,-0.0020356266759335995,0.02074219286441803,-0.0019082926446571946,-0.0009391587227582932,9.10549279069528e-05,0.0008956193923950195,-3.240497608203441e-05,0.024983927607536316,0.004030854441225529,0.0040447949431836605,5.0767430366249755e-06,7.230410119518638e-06,,,,,2.0279646686339037,,,,,,,,,1320,2.7333333333333334
13.741666666668912,retreat,13.741667383350432,5.052477023751802,5.763599276542665,-0.12403726577758789,0.04691322465077974,2.0562370346555277,0.015588191672577523,0.055952909680744456,0.0,0.0,0.0,0.0,76,0.019880933687090874,0.0021250401623547077,0.019880935549736023,0.0019561368972063065,0.0,-5.906869726656657,0.0,0.0,0.0,0.0,0.0,0.0,-5.991385114612058e-05,0.017930587753653526,-0.0006670504226349294,0.9998389482498169,0.002752966247498989,0.0005866250139661133,0.0068596359342336655,0.292316734790802,-0.1451762318611145,-0.08489406108856201,-0.4834023118019104,0.5445517897605896,0.4998084008693695,-1.9840641021728516,-0.37468579411506653,2.3998095989227295,1.0303184986114502,0.004321390297263861,-0.011159482412040234,-0.00249162083491683,0.0008080826373770833,0.01326802559196949,-0.00949928630143404,-0.008098447695374489,0.6010305881500244,-1.9974831957370043e-06,0.10160253196954727,-0.0012761229882016778,0.9998379349708557,2.216772554675117e-05,-0.01795714534819126,8.364208042621613e-06,3.370991180418059e-05,0.032386742532253265,-2.6510320822126232e-05,2.6836818506126292e-05,0.9999997615814209,-0.0006096531869843602,-0.0020042313262820244,0.0017470368184149265,-0.019702346995472908,-0.0020901786629110575,0.00038134990609250963,-3.900190495187417e-05,-0.0012954589910805225,-0.001797473174519837,0.019757086411118507,-0.0018345542484894395,-0.0006709754234179854,0.00010331551311537623,0.0008963942527770996,-3.3293432352365926e-05,0.024983905255794525,0.004032112192362547,0.004046181216835976,4.633507160178851e-06,6.599846528843045e-06,,,,,2.0279646686339037,,,,,,,,,1320,2.7416666666666667
13.750000000002252,retreat,13.750000717118382,5.003786756208649,5.723857879638674,-0.12934207916259766,0.046038250729907304,2.057569122502643,0.015610534319421276,0.0,0.0,0.0,0.0,0.0,73,0.019870277494192123,0.00205847411416471,0.01987028308212757,0.0019047213718295097,0.0,-5.867221104467149,0.0,0.0,0.0,0.0,0.0,0.0,-6.506333011202514e-05,0.017943181097507477,-0.0006466022459790111,0.9998388290405273,0.002585921436548233,0.0005451194592751563,0.007149898447096348,0.30038201808929443,-0.13626132905483246,-0.08334832638502121,-0.4833736717700958,0.5444602370262146,0.4997921586036682,-1.9840641021728516,-0.37457698583602905,2.3997180461883545,1.030249834060669,0.0035887507256120443,-0.011434175074100494,-0.0017261842731386423,0.0007113537867553532,0.013041123747825623,-0.009768911637365818,-0.007971784099936485,0.6010264754295349,-7.791823009029031e-07,0.1016414612531662,-0.0012756973737850785,0.9998376965522766,2.2798350983066484e-05,-0.017971880733966827,8.097966201603413e-06,3.577287134248763e-05,0.032385967671871185,-2.8646658392972313e-05,3.098915840382688e-05,0.9999998211860657,-0.0006297533982433379,-0.0019280076958239079,0.0016825631028041244,-0.01970481500029564,-0.002014315454289317,0.00042352700256742537,2.1758218281320296e-05,-0.00121861114166677,-0.0017329845577478409,0.019757021218538284,-0.0017701878678053617,-0.0007019859040156007,4.0177303162636235e-05,0.0008969902992248535,-3.2266532798530534e-05,0.024983882904052734,0.004030871205031872,0.004044991917908192,5.047380909672938e-06,7.182941772043705e-06,,,,,2.0279646686339037,,,,,,,,,1320,2.75
13.758333333335592,retreat,13.758334050886333,4.955050094767056,5.683267116546633,-0.13452768325805664,0.047190078475978225,2.0593755784039205,0.009658545423008036,0.0,0.0,0.0,0.0,0.0,73,0.01933710277080536,0.0020956809166818857,0.01933710277080536,0.0019219806417822838,0.0,-5.826756153847541,0.0,0.0,0.0,0.0,0.0,0.0,-6.528959784191102e-05,0.017959171906113625,-0.000647440436296165,0.9998385310173035,0.0023824418894946575,0.0005283919745124876,0.007366804406046867,0.29885005950927734,-0.12507489323616028,-0.0765565037727356,-0.4833507835865021,0.5443581342697144,0.49978581070899963,-1.9840641021728516,-0.37446990609169006,2.3996264934539795,1.0301811695098877,0.002876368584111333,-0.011703607626259327,-0.0009827956091612577,0.0006214220193214715,0.012816168367862701,-0.010044233873486519,-0.007851509377360344,0.6010250449180603,1.8480350263416767e-06,0.1016877070069313,-0.0012742881663143635,0.9998375177383423,2.5702664061100222e-05,-0.01798076368868351,5.124020390212536e-06,3.7168072594795376e-05,0.0323917455971241,-2.154035792045761e-05,2.8335751267150044e-05,0.9999998211860657,-0.0006274591432884336,-0.0019670743495225906,0.0017497920198366046,-0.0191570445895195,-0.0020646920893341303,0.0003589601255953312,-8.510138286510482e-06,-0.00127698655705899,-0.0017987748142331839,0.01921086385846138,-0.0018097165739163756,-0.0006432273657992482,7.207028102129698e-05,0.000897824764251709,-3.23081694659777e-05,0.024983853101730347,0.0040309545584023,0.004045129753649235,5.008034349884838e-06,7.122522220015526e-06,,,,,2.0279646686339037,,,,,,,,,1320,2.7583333333333333
13.766666666668932,retreat,13.766667384654284,4.90626781265866,5.635501444339754,-0.13655424118041992,0.04961503145750612,2.060230715435817,0.008965943379735108,0.0,0.0,0.0,0.0,0.0,72,0.02307211235165596,0.0026518080849200487,0.02307211235165596,0.001026767655275762,0.0,-5.779050038485827,0.0,0.0,0.0,0.0,0.0,0.0,-6.345217116177082e-05,0.017966432496905327,-0.0006466788472607732,0.9998384118080139,0.0015768259763717651,-0.0060431817546486855,0.007900393567979336,0.7841395139694214,-0.08071017265319824,-0.07088849693536758,-0.48333361744880676,0.5442551374435425,0.4997856914997101,-1.9840641021728516,-0.37436676025390625,2.3995349407196045,1.0301125049591064,0.002160180825740099,-0.011947950348258018,-0.0001880130439531058,0.0005131866200827062,0.012729606591165066,-0.010285642929375172,-0.0077681471593678,0.6010244488716125,4.5474880607798696e-06,0.10173521190881729,-0.0012727373978123069,0.9998373985290527,2.9950921089039184e-05,-0.017988016828894615,4.1549792513251305e-06,3.733654739335179e-05,0.032391536980867386,-2.1538076907745562e-05,2.226307515229564e-05,0.9999998807907104,-0.0006265619886107743,-0.0038134348578751087,0.012680131942033768,-0.018894294276833534,-0.002647430868819356,5.774270903202705e-05,0.0001409301330568269,-0.0031311551574617624,-0.012728560715913773,0.018986890092492104,-0.000819447566755116,-0.0006082890904508531,-0.00011288041423540562,0.0008981823921203613,-3.227172055630945e-05,0.024983838200569153,0.004032229073345661,0.004045209847390652,0.0003033466637134552,0.000431844120612368,,,,,2.0279646686339037,,,,,,,,,1320,2.7666666666666666
13.775000000002272,retreat,13.775000718422234,4.857440683115103,5.586580932140352,-0.13768672943115234,0.05199834777158685,2.060895576810082,0.009339481039205566,0.0,0.0,0.0,0.0,0.0,73,0.018100298941135406,0.002324148314073682,0.018100295215845108,0.0032884343527257442,0.0,-5.730175831177398,0.0,0.0,0.0,0.0,0.0,0.0,-6.797397509217262e-05,0.017972009256482124,-0.0006556155276484787,0.9998382925987244,0.001049339072778821,0.0004085450782440603,0.007787170819938183,0.28548330068588257,-0.055917613208293915,-0.0388464517891407,-0.4833221435546875,0.5441521406173706,0.4997912645339966,-1.9840641021728516,-0.3742636740207672,2.3994433879852295,1.0300438404083252,0.001538396580144763,-0.012222290970385075,0.0003902881289832294,0.00045167069765739143,0.012308577075600624,-0.010712905786931515,-0.007542612962424755,0.6010238528251648,7.442329660989344e-06,0.1017833799123764,-0.0012726405402645469,0.9998372793197632,3.373654544702731e-05,-0.01799468882381916,4.024128429591656e-06,3.783553256653249e-05,0.03239080309867859,-2.262978523503989e-05,2.3156242605182342e-05,0.9999998807907104,-0.0006175427697598934,-0.003968123812228441,-0.007117266301065683,-0.01616227999329567,-0.00225978740490973,-0.0005377057823352516,7.680260750930756e-05,-0.003384131006896496,0.007075681816786528,0.01631266623735428,-0.00328797847032547,-3.564893268048763e-05,4.156871364102699e-05,0.0008984804153442383,-3.2714393455535173e-05,0.024983830749988556,0.004032153636217117,0.004045289475470781,5.06261767441174e-06,7.203198038041592e-06,,,,,2.0279646686339037,,,,,,,,,1320,2.775
13.783333333335612,retreat,13.783334052190185,4.8085694793680265,5.537012219429018,-0.13893842697143555,0.054886160796741024,2.061845007031254,0.008835104381432757,0.03956468118525214,0.0,0.0,0.0,0.0,72,0.01646863855421543,0.0016118959756568074,0.016468636691570282,0.0014764595543965697,0.0,-5.680673242386466,0.0,0.0,0.0,0.0,0.0,0.0,-7.366871432168409e-05,0.017980016767978668,-0.0006559875328093767,0.9998381733894348,0.0009917402639985085,0.0005144901224412024,0.008006960153579712,0.2974238693714142,-0.050121862441301346,-0.03138916194438934,-0.4833163917064667,0.5440491437911987,0.4998013377189636,-1.9840641021728516,-0.37416085600852966,2.3993518352508545,1.029975175857544,0.0008948576869443059,-0.01247081346809864,0.0010491767898201942,0.0003348026075400412,0.012219919823110104,-0.010962849482893944,-0.007501758169382811,0.6010239124298096,9.232782758772373e-06,0.1018325611948967,-0.0012732192408293486,0.9998371601104736,3.67250650015194e-05,-0.018000585958361626,3.0819792300462723e-06,3.677119093481451e-05,0.03239046409726143,-2.0513196432148106e-05,2.585342554084491e-05,0.9999998211860657,-0.0006177967879921198,-0.002884902758523822,0.0013244249857962132,-0.01615980453789234,-0.001608057296834886,-1.378163869958371e-05,0.00011032084876205772,-0.0023013176396489143,-0.0013658868847414851,0.016249747946858406,-0.0014191728550940752,-0.00040281296242028475,-6.019119609845802e-05,0.0008988380432128906,-3.2727839425206184e-05,0.024983815848827362,0.004032202996313572,0.0040454440750181675,4.658486432163045e-06,6.634392775595188e-06,,,,,2.0279646686339037,,,,,,,,,1320,2.783333333333333
13.791666666668952,retreat,13.791667385958135,4.759654974649068,5.486527085304262,-0.13941526412963867,0.05661031536874361,2.062319558304099,0.00990283842838835,0.06852804166478502,0.0,0.0,0.0,0.0,75,0.015853751450777054,0.001951943733729422,0.015853745862841606,0.0016849614912644029,0.0,-5.630221158796502,0.0,0.0,0.0,0.0,0.0,0.0,-7.550098234787583e-05,0.01798410713672638,-0.0006562937051057816,0.9998379945755005,0.0005553298396989703,0.0004996751667931676,0.008223242126405239,0.2984343469142914,-0.028191281482577324,-0.01759127900004387,-0.4833163619041443,0.5439461469650269,0.4998130202293396,-1.9840641021728516,-0.3740609586238861,2.3992602825164795,1.0299065113067627,0.0002822930400725454,-0.012712175957858562,0.0016693075885996222,0.00021855423983652145,0.012085148133337498,-0.011215106584131718,-0.007434666622430086,0.6010239124298096,8.842253009788692e-06,0.10188180953264236,-0.0012735968921333551,0.9998369812965393,3.852399095194414e-05,-0.01800612546503544,2.920161932706833e-06,3.4675766073632985e-05,0.03238924965262413,-2.1960659069009125e-05,2.5882309273583815e-05,0.9999997019767761,-0.0006178697221912444,-0.003926123958081007,0.0020897265058010817,-0.015217097476124763,-0.0019416294526308775,-0.00018489120702724904,7.729629578534514e-05,-0.0033755989279597998,-0.0021289349533617496,0.015343214385211468,-0.001640922506339848,-0.0003822373109869659,-1.9055545635637827e-05,0.0008990764617919922,-3.274147820775397e-05,0.024983808398246765,0.004032215103507042,0.004045547917485237,4.642852218239568e-06,6.60933437757194e-06,,,,,2.0279646686339037,,,,,,,,,1320,2.7916666666666665
13.800000000002292,retreat,13.800000719726086,4.710697942189874,5.4360568523407,-0.13977289199829102,0.056205808505183086,2.062699120749015,0.009736247193359304,0.03956468118525214,0.0,0.0,0.0,0.0,73,0.014821893535554409,0.001990166725590825,0.014821892604231834,0.0017193102976307273,0.0,-5.579777360781364,0.0,0.0,0.0,0.0,0.0,0.0,-7.541856757597998e-05,0.01798735000193119,-0.0006572411512024701,0.9998379945755005,0.00038952124305069447,0.0004960096557624638,0.008397269994020462,0.2995814085006714,-0.021409161388874054,-0.02031014673411846,-0.4833166301250458,0.5438430905342102,0.4998302757740021,-1.9840641021728516,-0.37396350502967834,2.3991687297821045,1.0298378467559814,-0.0003068736114073545,-0.012947424314916134,0.0022644454147666693,9.440589201403782e-05,0.011951328255236149,-0.011465732008218765,-0.007371464744210243,0.6010241508483887,1.1524782166816294e-05,0.10193192958831787,-0.0012745372951030731,0.9998369812965393,4.364238338894211e-05,-0.01801087148487568,2.6189954951405525e-06,3.7816840631421655e-05,0.032388921827077866,-2.3467280698241666e-05,2.0683381080743857e-05,0.9999998211860657,-0.000617769721429795,-0.003720412263646722,0.001988766249269247,-0.014208865351974964,-0.0019775002729147673,-0.00022143307432997972,3.49798756360542e-05,-0.0032061696983873844,-0.0020254466217011213,0.014328522607684135,-0.0016898112371563911,-0.00031611567828804255,2.523749935789965e-05,0.000899195671081543,-3.2788906537462026e-05,0.024983800947666168,0.004032240714877844,0.004045670386403799,4.632586751540657e-06,6.590300472453237e-06,,,,,2.0279646686339037,,,,,,,,,1320,2.8
13.808333333335632,retreat,13.808334053494036,4.661699155222083,5.384796857833864,-0.14013051986694336,0.05884823985979892,2.063173475651703,0.0032268128506984795,0.07912936237050427,0.0,0.0,0.0,0.0,74,0.014012236148118973,0.002109654014930129,0.0140122314915061,0.0018009068444371223,0.0,-5.528550403115215,0.0,0.0,0.0,0.0,0.0,0.0,-7.842377090128139e-05,0.017991969361901283,-0.000658531382214278,0.9998378157615662,0.00024110733647830784,0.00046748609747737646,0.008536786772310734,0.2993186116218567,-0.013367625884711742,-0.018279671669006348,-0.48332247138023376,0.5437286496162415,0.499853253364563,-1.9840641021728516,-0.37386614084243774,2.3990771770477295,1.0297691822052002,-0.0008679860038682818,-0.013177240267395973,0.0028230836614966393,-3.56590207957197e-05,0.01180771179497242,-0.011695748195052147,-0.00727757066488266,0.601027250289917,1.284605241380632e-05,0.10198883712291718,-0.0012737505603581667,0.9998369216918945,4.832565173273906e-05,-0.018009651452302933,-7.114140316843987e-07,3.645351534942165e-05,0.03239468112587929,-1.7628779460210353e-05,1.9035054720006883e-05,0.9999996423721313,-0.0006156627205200493,-0.0037929110694676638,0.0023148227483034134,-0.01328902505338192,-0.0020915314089506865,-0.0001996869541471824,0.00019042304484173656,-0.00331174791790545,-0.002349180169403553,0.013411051593720913,-0.0017623305320739746,-0.00034803280141204596,-0.0001277877454413101,0.0008994340896606445,-3.285067941760644e-05,0.02498379349708557,0.0040322826243937016,0.004045835230499506,4.601987711794209e-06,6.556336302310228e-06,,,,,2.0279646686339037,,,,,,,,,1320,2.808333333333333
13.816666666668972,retreat,13.816667387261987,4.612659386977331,5.326905846595766,-0.1373887062072754,0.06019103966536932,2.063173475651703,0.0027560306534724077,0.03956468118525214,0.0,0.0,0.0,0.0,74,0.013817962259054184,0.0021234627347439528,0.013817963190376759,0.0017385847168043256,0.0,-5.470659391877117,0.0,0.0,0.0,0.0,0.0,0.0,-8.653100667288527e-05,0.017991559579968452,-0.0006611445569433272,0.9998378753662109,-0.0007763512548990548,0.00044119160156697035,0.00879120547324419,0.3001405596733093,0.040187131613492966,0.017267106100916862,-0.48333391547203064,0.5436142086982727,0.49988195300102234,-1.9840641021728516,-0.37376877665519714,2.3989856243133545,1.029700517654419,-0.0013989520957693458,-0.013395005837082863,0.0033460224512964487,-0.0001752880052663386,0.011687394231557846,-0.011912566609680653,-0.007209526374936104,0.6010304689407349,1.4578195987269282e-05,0.10204672068357468,-0.0012743701227009296,0.9998370409011841,5.285926818032749e-05,-0.018008144572377205,-1.285807229578495e-06,3.687762364279479e-05,0.03239469602704048,-1.6522808437002823e-05,2.264524118800182e-05,0.9999998211860657,-0.0006137347663752735,-0.006218861788511276,0.0022895412985235453,-0.012125173583626747,-0.0020367514807730913,-0.0005866110441274941,0.00012893880193587393,-0.005778057035058737,-0.0023213522508740425,0.01233537495136261,-0.0017090542241930962,-0.0003117461455985904,-6.800649134675041e-05,0.0008994340896606445,-3.2974028727039695e-05,0.02498379349708557,0.00403229147195816,0.0040459828451275826,4.588509909808636e-06,6.53404276818037e-06,,,,,2.0279646686339037,,,,,,,,,1320,2.8166666666666664
13.825000000002312,retreat,13.825000721029937,4.563579410687263,5.2681580185890216,-0.13440847396850586,0.06191155262058601,2.062794000452298,0.0022588803858525353,0.055952909680744456,0.0,0.0,0.0,0.0,73,0.012035420164465904,0.0022181388922035694,0.01203541737049818,0.0017377374460920691,0.0,-5.4118851350061155,0.0,0.0,0.0,0.0,0.0,0.0,-8.92433527042158e-05,0.017988296225667,-0.0006636484176851809,0.9998379349708557,-0.0010331541998311877,0.0004039280756842345,0.008919675834476948,0.29907551407814026,0.05168210342526436,0.02214161306619644,-0.48335105180740356,0.543499767780304,0.49991610646247864,-1.9840641021728516,-0.37367141246795654,2.3988940715789795,1.0296318531036377,-0.0019048067042604089,-0.013607692904770374,0.003837660187855363,-0.00033344910480082035,0.011584250256419182,-0.012155474163591862,-0.007150687277317047,0.6010341644287109,1.6206875443458557e-05,0.10210543870925903,-0.001276430208235979,0.9998370409011841,5.673954728990793e-05,-0.01800559088587761,-2.1670712158083916e-06,3.691457095555961e-05,0.032394688576459885,-1.7232079699169844e-05,2.1486845071194693e-05,0.9999997615814209,-0.0006132677663117647,-0.005657524801790714,0.0024272168520838022,-0.010341777466237545,-0.002082300605252385,-0.0007522672531194985,0.00013512285659089684,-0.0052813319489359856,-0.0024544859770685434,0.01053253561258316,-0.0017350002890452743,-6.500451127067208e-05,-7.266275497386232e-05,0.0008992552757263184,-3.3096777769969776e-05,0.024983800947666168,0.004032304510474205,0.004046087618917227,4.5769493226544e-06,6.5106432884931564e-06,,,,,2.0279646686339037,,,,,,,,,1320,2.825
13.833333333335652,retreat,13.833334054797888,4.514459999583519,5.208672583103182,-0.1310110092163086,0.06358465907396749,2.062604236683156,0.003117459527857136,0.055952909680744456,0.0,0.0,0.0,0.0,75,0.01131464634090662,0.002186697442084551,0.011314642615616322,0.001745453104376793,0.0,-5.35238648326319,0.0,0.0,0.0,0.0,0.0,0.0,-9.155945008387789e-05,0.017985917627811432,-0.0006668853457085788,0.9998379945755005,-0.001458587241359055,0.0003757198865059763,0.009061596356332302,0.29874640703201294,0.0720992386341095,0.03034382499754429,-0.48336878418922424,0.5433853268623352,0.4999505281448364,-1.9840641021728516,-0.373574435710907,2.3988025188446045,1.0295631885528564,-0.002379073528572917,-0.01381195429712534,0.004288604483008385,-0.0005082185380160809,0.011480582877993584,-0.012341916561126709,-0.007094294298440218,0.6010378003120422,1.7486716387793422e-05,0.1021639034152031,-0.001278357463888824,0.9998370409011841,6.0614998801611364e-05,-0.018003134056925774,-2.6014167815446854e-06,3.6638979509007186e-05,0.032393671572208405,-1.7153095541289076e-05,1.9952654838562012e-05,0.9999997615814209,-0.0006119326571933925,-0.006122817285358906,0.0024536855053156614,-0.009193027392029762,-0.0020818733610212803,-0.0006590808625333011,0.00011428923608036712,-0.005787709262222052,-0.0024781811516731977,0.009401179850101471,-0.0017300357576459646,-0.00022547092521563172,-5.239903839537874e-05,0.0008991360664367676,-3.325652869534679e-05,0.024983800947666168,0.004032325930893421,0.004046200774610043,4.561779860523529e-06,6.49056164547801e-06,,,,,2.0279646686339037,,,,,,,,,1320,2.8333333333333335
13.841666666668992,retreat,13.841667388565838,4.465301926897741,5.1495298743248,-0.12761354446411133,0.0649171561235562,2.062129750894137,0.002991315795952687,0.08846931922527276,0.0,0.0,0.0,0.0,74,0.010391933843493462,0.0021806431468576193,0.010391934774816036,0.0017529209144413471,0.0,-5.293210728516608,0.0,0.0,0.0,0.0,0.0,0.0,-9.492927347309887e-05,0.01798228546977043,-0.0006694894400425255,0.9998379945755005,-0.0017694613197818398,0.0003489555965643376,0.009172947145998478,0.2990344762802124,0.08615550398826599,0.039674729108810425,-0.483391672372818,0.5432708859443665,0.49999067187309265,-1.9840641021728516,-0.3734798729419708,2.3987109661102295,1.0294946432113647,-0.0028259987011551857,-0.01400891225785017,0.004705711267888546,-0.0006984075880609453,0.011383434757590294,-0.012498426251113415,-0.007040470372885466,0.6010416746139526,1.9297905964776874e-05,0.10222310572862625,-0.0012807039311155677,0.9998370409011841,6.536395812872797e-05,-0.017999954521656036,-3.2817479223012924e-06,3.726420254679397e-05,0.032393742352724075,-1.76054618350463e-05,1.858443283708766e-05,0.9999995827674866,-0.0006116503500379622,-0.006216140929609537,0.002441581105813384,-0.007961819879710674,-0.002082384191453457,-0.0006365394801832736,0.00011703807103913277,-0.005925326608121395,-0.0024630429688841105,0.008174119517207146,-0.0017324270447716117,-0.0002615060075186193,-5.516211604117416e-05,0.0008989572525024414,-3.3383697882527485e-05,0.024983808398246765,0.004032326862215996,0.004046348854899406,4.551226993498858e-06,6.47746492177248e-06,,,,,2.0279646686339037,,,,,,,,,1320,2.841666666666667
13.850000000002332,retreat,13.850000722333789,4.41610596586157,5.089776217937471,-0.1239776611328125,0.06666536501143128,2.061655155950337,0.0027702690204023384,0.055952909680744456,0.0,0.0,0.0,0.0,75,0.00981808640062809,0.002198555739596486,0.009818087331950665,0.001772635499946773,0.0,-5.233424018549044,0.0,0.0,0.0,0.0,0.0,0.0,-9.765561117092147e-05,0.017977740615606308,-0.0006715352064929903,0.9998381733894348,-0.0021305950358510017,0.0003254387993365526,0.009284254163503647,0.29904109239578247,0.10288355499505997,0.04887571185827255,-0.4834202527999878,0.5431564450263977,0.5000352263450623,-1.9840641021728516,-0.3733881115913391,2.3986194133758545,1.029426097869873,-0.0032437164336442947,-0.01419849507510662,0.005085914395749569,-0.000901883642654866,0.011287965811789036,-0.012622467242181301,-0.006981453858315945,0.6010459065437317,2.0098508684895933e-05,0.10228326916694641,-0.0012832878855988383,0.9998371601104736,7.008259854046628e-05,-0.01799582690000534,-4.130066372454166e-06,3.647941048257053e-05,0.032394178211688995,-1.80229344550753e-05,1.6582169337198138e-05,0.9999997615814209,-0.0006121509941294789,-0.006583608686923981,0.0025134950410574675,-0.006836173124611378,-0.002100233919918537,-0.0006317385705187917,0.00015352929767686874,-0.006333102006465197,-0.0025322390720248222,0.007062182761728764,-0.0017412337474524975,-0.00031932140700519085,-9.151766425929964e-05,0.0008987188339233398,-3.3483545848866925e-05,0.024983815848827362,0.00403231056407094,0.004046391695737839,4.553628059511539e-06,6.485381163656712e-06,,,,,2.0279646686339037,,,,,,,,,1320,2.85
13.858333333335672,retreat,13.85833405610174,4.366872889706643,5.029128491878511,-0.1201629638671875,0.06736234354320914,2.0613703465583995,0.0033541391530889086,0.06852804166478502,0.0,0.0,0.0,0.0,76,0.01190534420311451,0.0025475823786109686,0.01190534420311451,0.001391251222230494,0.0,-5.172756456685981,0.0,0.0,0.0,0.0,0.0,0.0,-0.00010512817243579775,0.017974812537431717,-0.0006784403813071549,0.9998381733894348,-0.0025169532746076584,-0.003036564216017723,0.009238144382834435,0.206233948469162,0.120781809091568,0.05995577573776245,-0.4834490120410919,0.5430412292480469,0.5000810027122498,-1.9840641021728516,-0.3732964098453522,2.3985278606414795,1.029362678527832,-0.0036513819359242916,-0.014372430741786957,0.00547993928194046,-0.0011296928860247135,0.011277415789663792,-0.012689023278653622,-0.006959211081266403,0.6010503172874451,2.1293904865160584e-05,0.10234365612268448,-0.0012858652044087648,0.9998372197151184,7.261961582116783e-05,-0.017991332337260246,-5.0263479351997375e-06,3.714103513630107e-05,0.032393939793109894,-1.644810072320979e-05,2.1596590158878826e-05,0.9999997019767761,-0.0006079127197153866,-0.0069493865594267845,0.00798643659800291,-0.005446106661111116,-0.002473042346537113,-0.0005909120081923902,0.00015830363554414362,-0.006748162675648928,-0.008001730777323246,0.005672022700309753,-0.0013238725950941443,-0.0004129031440243125,-0.0001115897175623104,0.0008985996246337891,-3.382204886293039e-05,0.02498382329940796,0.004032313358038664,0.004045185167342424,-5.38336462341249e-06,-7.660069968551397e-06,,,,,2.0279646686339037,,,,,,,,,1320,2.8583333333333334
13.866666666669012,retreat,13.86666738986969,4.317603471664601,4.9683690071105975,-0.11587142944335938,0.06675971962977201,2.060515682282335,0.004072518095199484,0.06852804166478502,0.0,0.0,0.0,0.0,75,0.009162393398582935,0.002281654393300414,0.00916239246726036,0.0024709776043891907,0.0,-5.111937448041042,0.0,0.0,0.0,0.0,0.0,0.0,-0.00010633790952851996,0.017968250438570976,-0.0006620619678869843,0.9998382925987244,-0.002913164207711816,0.00031599384965375066,0.009471846744418144,0.309977263212204,0.13942104578018188,0.07309085875749588,-0.48348331451416016,0.5429153442382812,0.5001270174980164,-1.9840673208236694,-0.37320476770401,2.3984363079071045,1.0293155908584595,-0.003989528398960829,-0.014556900598108768,0.005734939593821764,-0.0013401703909039497,0.011050713248550892,-0.012827635742723942,-0.006848463788628578,0.6010554432868958,1.8623555661179125e-05,0.10240910202264786,-0.001285877893678844,0.9998373985290527,6.491952808573842e-05,-0.01798366755247116,-6.18805643171072e-06,3.5095144994556904e-05,0.032398659735918045,-1.533514841867145e-05,3.0212069759727456e-05,0.9999997019767761,-0.0006244609830901027,-0.007463881280273199,-0.002425665268674493,-0.004728221334517002,-0.0021113280672580004,-0.00086464878404513,2.4957951609394513e-05,-0.007289221044629812,0.0024121960159391165,0.004999800585210323,-0.0024608743842691183,-0.00021405448205769062,6.330748146865517e-05,0.0008982419967651367,-3.3002212148858234e-05,0.024983838200569153,0.004032316152006388,0.004045230336487293,4.664057996706106e-06,6.634480087086558e-06,,,,,2.0279646686339037,,,,,,,,,1320,2.8666666666666667
13.875000000002352,retreat,13.87500072363764,4.268298484967092,4.902684688568117,-0.11086463928222656,0.06426820618798956,2.05956563952601,0.00849823027238017,0.055952909680744456,0.0,0.0,0.0,0.0,66,0.008389049209654331,0.0017566337483003736,0.008389049209654331,0.0015439235139638186,0.0,-5.04618696286235,0.0,0.0,0.0,0.0,0.0,0.0,-9.891612717183307e-05,0.01795963943004608,-0.0006645067478530109,0.9998385310173035,-0.003285506507381797,0.0005540658603422344,0.009580690413713455,0.3304482102394104,0.15316052734851837,0.07299159467220306,-0.48351776599884033,0.5427894592285156,0.5001733303070068,-1.9840902090072632,-0.37311312556266785,2.3983442783355713,1.0292518138885498,-0.004331313073635101,-0.014718572609126568,0.006031331606209278,-0.0015944396145641804,0.011053296737372875,-0.012845677323639393,-0.006929874885827303,0.601051390171051,1.841626362875104e-05,0.10246702283620834,-0.0012866746401414275,0.999837338924408,6.779819523217157e-05,-0.017985420301556587,2.6999041438102722e-06,3.740841202670708e-05,0.032390572130680084,-2.5715331503306516e-05,1.9954217350459658e-05,0.9999997615814209,-0.0006226297118701041,-0.007688078563660383,0.0009557214798405766,-0.003218102501705289,-0.0015780285466462374,-0.0006837280816398561,-0.00035791628761217,-0.007567279972136021,-0.0009653886663727462,0.0034900493919849396,-0.0014259906020015478,-0.00042807654244825244,0.00040865791379474103,0.000897824764251709,-3.313114575576037e-05,0.024983853101730347,0.004032335244119167,0.004045306239277124,4.7126195568125695e-06,6.709946319460869e-06,,,,,2.0279646686339037,,,,,,,,,1320,2.875
13.883333333335692,retreat,13.883334057405591,4.218958702845747,4.844480752944948,-0.11533498764038086,0.06426466279663146,2.0596606635129735,0.007750448276055977,0.06852804166478502,9.176087587547954e-06,3.9229764325909855e-08,0.0,0.0,73,0.003963536582887173,0.0020220535807311535,0.003959253896027803,0.0015394920483231544,-9.046671411994112e-08,-4.987989645277392,5.1789555755021865e-08,6.760267012850818e-08,-9.175691957352683e-06,-2.4931456010790498e-08,-3.028640449542763e-08,-3.613991883533174e-10,-9.967883670469746e-05,0.017960447818040848,-0.0006683376850560308,0.9998384118080139,-0.0002727698883973062,-0.0006359125836752355,0.00929370615631342,0.2426646500825882,-0.014506944455206394,-0.007680398412048817,-0.4835577607154846,0.54266357421875,0.5002304315567017,-1.984113097190857,-0.3730214834213257,2.3982527256011963,1.029198169708252,-0.004660448990762234,-0.014877580106258392,0.006322975270450115,-0.0018654661253094673,0.011053296737372875,-0.01286179106682539,-0.006909217219799757,0.6010481119155884,2.1645304514095187e-05,0.10252656042575836,-0.001289716106839478,0.9998373985290527,6.790797488065436e-05,-0.017985893413424492,1.5867408365011215e-06,4.084118700120598e-05,0.03239194303750992,-2.5376284611411393e-05,2.062337807728909e-05,0.9999997019767761,-0.0006218513008207083,-0.0005747007671743631,0.003476591780781746,-0.001814566319808364,-0.002002441557124257,0.00020324757497292012,0.00019395539129618555,-0.000508755212649703,-0.003481360152363777,0.0018250813009217381,-0.0015061075100675225,-0.00028604036197066307,-0.00014058599481359124,0.0008978843688964844,-3.332197229610756e-05,0.024983853101730347,0.004032372497022152,0.004045443143695593,5.967292054265272e-06,8.495786460116506e-06,,,,,2.0279646686339037,,,,,,,,,1320,2.8833333333333333
13.891666666669032,retreat,13.891667391173542,4.169584898532214,4.78465259075165,-0.1195669174194336,0.06754836067557335,2.060515682282335,0.007495259524148423,0.07912936237050427,0.0,0.0,0.0,0.0,66,0.01140452828258276,0.0015503508038818836,0.011404533870518208,0.003166813403367996,0.0,-4.928221031682094,0.0,0.0,0.0,0.0,0.0,0.0,-0.00010316971020074561,0.017968013882637024,-0.0006712076719850302,0.9998382925987244,-0.0006304315174929798,0.0069913011975586414,0.009002987295389175,-0.15013214945793152,0.0022399351000785828,0.0049279434606432915,-0.4835978150367737,0.5425376892089844,0.5002875328063965,-1.9841359853744507,-0.3729301691055298,2.3981611728668213,1.0291516780853271,-0.004889897536486387,-0.01503635011613369,0.006423023995012045,-0.002080535050481558,0.01077218260616064,-0.012744910083711147,-0.006803525146096945,0.6010445952415466,2.4653971195220947e-05,0.10258608311414719,-0.0012926559429615736,0.9998372793197632,6.442970334319398e-05,-0.017986321821808815,8.887145668268204e-07,4.0759783587418497e-05,0.03239165246486664,-1.8232558431918733e-05,2.7580532332649454e-05,0.9999996423721313,-0.0006220470531843603,-0.00485786609351635,-0.010155253112316132,-0.001826262567192316,-0.001473280368372798,0.00046880703303031623,-0.00011511949560372159,-0.004789873957633972,0.010149656794965267,0.0020260706078261137,-0.002934115706011653,-0.00117139529902488,0.00021795602515339851,0.0008982419967651367,-3.3462267310824245e-05,0.024983838200569153,0.004031105432659388,0.004045488312840462,-0.00028936751186847687,-0.00041197333484888077,,,,,2.0279646686339037,,,,,,,,,1320,2.8916666666666666
13.900000000002372,retreat,13.900000724941492,4.12017784525813,4.724965989589693,-0.12344121932983398,0.06927615322638303,2.0604206977107626,0.006943112111912342,0.055952909680744456,0.0,0.0,0.0,0.0,71,0.014454644173383713,0.0021145809441804886,0.014454644173383713,0.0011396824847906828,0.0,-4.868527815230602,0.0,0.0,0.0,0.0,0.0,0.0,-0.0001027804464683868,0.017967529594898224,-0.0006534082349389791,0.9998383522033691,-0.0008338061161339283,-0.000416822440456599,0.009420576505362988,0.2702409625053406,0.013334929943084717,0.00868174433708191,-0.48364323377609253,0.5424118041992188,0.5003446936607361,-1.9841588735580444,-0.37283870577812195,2.3980696201324463,1.0290937423706055,-0.005178311374038458,-0.015142745338380337,0.006717040203511715,-0.0023442888632416725,0.01095085870474577,-0.012523751705884933,-0.006929388269782066,0.6010410189628601,2.4628447135910392e-05,0.10264542698860168,-0.0012957376893609762,0.9998372793197632,6.371083873091266e-05,-0.0179868396371603,6.122281774878502e-07,3.920601011486724e-05,0.032391320914030075,-1.9232453269069083e-05,2.753671105892863e-05,0.9999997019767761,-0.0006429297500289977,-0.005282172467559576,0.01320216991007328,-0.002595787402242422,-0.0020804712548851967,0.00035610285704024136,-0.00012760581739712507,-0.005184323061257601,-0.013209763914346695,0.002749848645180464,-0.00016835343558341265,-0.0011195337865501642,0.00013106295955367386,0.0008982419967651367,-3.257279604440555e-05,0.024983838200569153,0.004031123593449593,0.00404432974755764,5.964442607364617e-06,8.491508197039366e-06,,,,,2.0279646686339037,,,,,,,,,1320,2.9
13.908333333335712,retreat,13.908334058709443,4.070738316255136,4.665555059909822,-0.12725591659545898,0.06942648906260729,2.060230715435817,0.006233859039639356,0.03956468118525214,0.0,0.0,0.0,0.0,78,0.006041268818080425,0.002605679677799344,0.006041268818080425,0.002432110719382763,0.0,-4.809103654055895,0.0,0.0,0.0,0.0,0.0,0.0,-0.00010152508184546605,0.017965547740459442,-0.0006588518735952675,0.9998383522033691,-0.001160233747214079,0.0005330327549017966,0.009400798939168453,0.3399444818496704,0.025606468319892883,0.005804444197565317,-0.48368901014328003,0.5422859191894531,0.5004019141197205,-1.9841817617416382,-0.3727485239505768,2.3979780673980713,1.0290473699569702,-0.005381017457693815,-0.015263549983501434,0.006840784102678299,-0.002543781651183963,0.01074546854943037,-0.01248961128294468,-0.006826951168477535,0.6010377407073975,2.4047534679993987e-05,0.10270514339208603,-0.0012983223423361778,0.9998373985290527,5.763320586993359e-05,-0.017987078055739403,1.0291114449501038e-07,3.8650003261864185e-05,0.03239166736602783,-2.145194957847707e-05,3.2411524443887174e-05,0.9999997615814209,-0.0006401593564078212,-0.005740967579185963,0.0017013464821502566,-0.0008022711845114827,-0.002597075654193759,-0.00020852881425525993,-3.578854739316739e-05,-0.005708279553800821,-0.0017043519765138626,0.0010038209147751331,-0.0023484043776988983,-0.0006212986190803349,0.00011894478666363284,0.0008981227874755859,-3.284607009845786e-05,0.024983838200569153,0.004030987154692411,0.004044393077492714,5.128734755999176e-06,7.300346624106169e-06,,,,,2.0279646686339037,,,,,,,,,1320,2.908333333333333
13.916666666669052,retreat,13.916667392477393,4.0212670847548715,4.605793952941896,-0.1309514045715332,0.06901223969180137,2.0601357177312334,0.006362427484418731,0.055952909680744456,0.0,0.0,0.0,0.0,74,0.005668632686138153,0.0021508876234292984,0.005668632220476866,0.0019837403669953346,0.0,-4.749335930882586,0.0,0.0,0.0,0.0,0.0,0.0,-9.849889465840533e-05,0.01796511746942997,-0.0006636516191065311,0.9998383522033691,-0.001437423168681562,0.00041559519013389945,0.00943782739341259,0.33178770542144775,0.03903881087899208,0.004275461193174124,-0.48373478651046753,0.5421600341796875,0.5004593729972839,-1.984204649925232,-0.3726610243320465,2.3978865146636963,1.0290004014968872,-0.00557293463498354,-0.015367330051958561,0.006970617454499006,-0.0027527997735887766,0.010676049627363682,-0.012372276745736599,-0.006850466597825289,0.6010343432426453,2.3429704015143216e-05,0.1027645394206047,-0.0013001308543607593,0.999837338924408,5.292018613545224e-05,-0.017987268045544624,-1.959269866347313e-07,3.856809053104371e-05,0.03239130973815918,-2.2070300474297255e-05,3.415172977838665e-05,0.9999997019767761,-0.0006371985073201358,-0.0051490506157279015,0.002327404683455825,-0.0004515095497481525,-0.002129974542185664,5.027520819567144e-05,-0.0002949560876004398,-0.005129341036081314,-0.0023293548729270697,0.0006303645204752684,-0.001781910890713334,-0.000795156869571656,0.0003574139846023172,0.0008981227874755859,-3.308874511276372e-05,0.024983838200569153,0.004031006246805191,0.0040445164777338505,5.087233603262575e-06,7.242197170853615e-06,,,,,2.0279646686339037,,,,,,,,,1320,2.9166666666666665
13.925000000002392,retreat,13.925000726245344,3.9717649239889816,4.5464053750038165,-0.13464689254760742,0.06875234976178035,2.060230715435817,0.0056101353038684465,0.0,0.0,0.0,0.0,0.0,77,0.005436680279672146,0.002122338395565748,0.005436680279672146,0.0019264587899670005,0.0,-4.689953969149889,0.0,0.0,0.0,0.0,0.0,0.0,-9.063706966117024e-05,0.017965754494071007,-0.0006690109730698168,0.9998384118080139,-0.0016490983543917537,0.00012393377255648375,0.009463971480727196,0.30640411376953125,0.04778844118118286,0.01959926076233387,-0.4837806820869446,0.5420341491699219,0.5005168318748474,-1.9842275381088257,-0.3725748658180237,2.3977949619293213,1.0289534330368042,-0.005743274465203285,-0.015459288842976093,0.007082764990627766,-0.002954465337097645,0.010623935610055923,-0.012251143343746662,-0.006858371198177338,0.6010311245918274,2.3131651687435806e-05,0.10282456129789352,-0.001301713869906962,0.999837338924408,4.889907722827047e-05,-0.017986979335546494,-6.682239472866058e-07,3.8638783735223114e-05,0.03239196538925171,-2.1155623471713625e-05,3.0377894290722907e-05,0.9999998211860657,-0.0006333533674478531,-0.004881924483925104,0.0023894584737718105,0.00012163920473540202,-0.002117031253874302,3.676546111819334e-05,-0.0001454220910090953,-0.004883018787950277,-0.0023898398503661156,4.7809000534471124e-05,-0.0017654260154813528,-0.0007426550728268921,0.00020731140102725476,0.0008981227874755859,-3.336372537887655e-05,0.024983838200569153,0.004031002521514893,0.004044710658490658,4.991996320313774e-06,7.1025569923222065e-06,,,,,2.0279646686339037,,,,,,,,,1320,2.925
13.933333333335732,retreat,13.933334060013294,3.922232607189102,4.48645055294037,-0.13828277587890625,0.06847077747806907,2.060230715435817,0.006238620699150488,0.0,0.0,0.0,0.0,0.0,72,0.005035086534917355,0.0021065545734018087,0.005035086069256067,0.0019514505984261632,0.0,-4.629999147086443,0.0,0.0,0.0,0.0,0.0,0.0,-8.598907152190804e-05,0.017965279519557953,-0.0006707891006954014,0.9998384714126587,-0.0017816392937675118,7.239082333398983e-05,0.00946849025785923,0.30421000719070435,0.05314924567937851,0.022074582055211067,-0.48383215069770813,0.5419082641601562,0.5005742907524109,-1.9842504262924194,-0.3724888861179352,2.3977034091949463,1.028904676437378,-0.005888964980840683,-0.015541053377091885,0.00716889463365078,-0.0031471557449549437,0.010569773614406586,-0.01213219203054905,-0.006867848336696625,0.6010277271270752,1.8969280063174665e-05,0.10288383811712265,-0.0013028067769482732,0.9998373985290527,4.286923285690136e-05,-0.017986994236707687,-9.294599294662476e-07,3.483403997961432e-05,0.03239130601286888,-2.16467469726922e-05,3.1773026421433315e-05,0.9999999403953552,-0.0006326927104964852,-0.004593374207615852,0.0019252542406320572,0.0007391929975710809,-0.0021000313572585583,1.575761052663438e-05,-0.00016490030975546688,-0.0046169147826731205,-0.001923931180499494,-0.0005785159301012754,-0.0018147884402424097,-0.0006799952243454754,0.00022871143301017582,0.0008981227874755859,-3.345679579069838e-05,0.024983838200569153,0.004030989948660135,0.004044815432280302,4.999435077479575e-06,7.118971552699804e-06,,,,,2.0279646686339037,,,,,,,,,1320,2.933333333333333
13.941666666669072,retreat,13.941667393781245,3.8726709075868797,4.427248239517214,-0.14197826385498047,0.06591490091523156,2.060230715435817,0.006168532308947761,0.06852804166478502,0.0,0.0,0.0,0.0,74,0.004687161650508642,0.001966336276382208,0.004687161650508642,0.0019048883114010096,0.0,-4.5707968336632865,0.0,0.0,0.0,0.0,0.0,0.0,-7.830090180505067e-05,0.017964769154787064,-0.0006944045890122652,0.9998382925987244,-0.0019209693418815732,-7.85364827606827e-05,0.009401107206940651,0.28560709953308105,0.058992158621549606,0.021372605115175247,-0.4838835895061493,0.5417823791503906,0.5006317496299744,-1.9842733144760132,-0.3724029064178467,2.3976118564605713,1.0288498401641846,-0.006017808336764574,-0.01560998149216175,0.007248157635331154,-0.003334838431328535,0.010543367825448513,-0.011989230290055275,-0.0069011058658361435,0.6010246276855469,1.5091849491000175e-05,0.1029435247182846,-0.0013044723309576511,0.999837338924408,3.99481323256623e-05,-0.017986729741096497,-1.5246914699673653e-06,3.362503775861114e-05,0.03239181637763977,-2.1900828869547695e-05,2.7400883482187055e-05,0.9999997019767761,-0.0006106600631028414,-0.004287560470402241,0.0013855751603841782,0.0012909268261864781,-0.0019492633873596787,9.56869189394638e-05,-0.00024019663396757096,-0.004331172443926334,-0.0013827484799548984,-0.0011394902830943465,-0.0017393429297953844,-0.0007159239612519741,0.0003012283123098314,0.0008981227874755859,-3.4644283005036414e-05,0.024983838200569153,0.00403231754899025,0.004046185873448849,4.754862857225817e-06,6.764981662854552e-06,,,,,2.0279646686339037,,,,,,,,,1320,2.9416666666666664
13.950000000002412,retreat,13.950000727549195,3.823080598413945,4.367710649967195,-0.14531612396240234,0.06216725887497887,2.060230715435817,0.006439336630137404,0.055952909680744456,0.0,0.0,0.0,0.0,75,0.004645428620278835,0.0018939186120405793,0.004645428620278835,0.0019501546630635858,0.0,-4.511259244113268,0.0,0.0,0.0,0.0,0.0,0.0,-7.42349584470503e-05,0.017964573577046394,-0.0006959745078347623,0.9998384118080139,-0.0021431664936244488,9.807859169086441e-05,0.009402447380125523,0.29852503538131714,0.06886515766382217,0.03037918545305729,-0.48393508791923523,0.541656494140625,0.5006892085075378,-1.984296202659607,-0.37231698632240295,2.3975203037261963,1.028793215751648,-0.006125181447714567,-0.01566767506301403,0.00730969337746501,-0.003512786002829671,0.010507113300263882,-0.011848300695419312,-0.006896736100316048,0.6010212302207947,1.0828429367393255e-05,0.10300307720899582,-0.001305657671764493,0.9998372793197632,3.778187237912789e-05,-0.017986774444580078,-1.4619436115026474e-06,3.3188596717081964e-05,0.032391808927059174,-2.2147711206343956e-05,2.550876888562925e-05,0.9999997615814209,-0.0006102425395511091,-0.004328971728682518,0.0004356157733127475,0.0016279586125165224,-0.0018919178983196616,4.719009666587226e-05,-7.312562229344621e-05,-0.004384712316095829,-0.0004318965075071901,-0.0014723349595442414,-0.0018252036534249783,-0.0006729763117618859,0.000137250404804945,0.0008980631828308105,-3.472642129054293e-05,0.024983838200569153,0.004032316617667675,0.004046295769512653,4.560445177048678e-06,6.4881169237196445e-06,,,,,2.0279646686339037,,,,,,,,,1320,2.95
13.958333333335752,retreat,13.958334061317146,3.773462452901949,4.3083220720291155,-0.14907121658325195,0.05803680687677115,2.060230715435817,0.005917884664086159,0.055952909680744456,0.0,0.0,0.0,0.0,71,0.0043544406071305275,0.0018488855566829443,0.0043544406071305275,0.0019226495642215014,0.0,-4.451870666175188,0.0,0.0,0.0,0.0,0.0,0.0,-7.366688805632293e-05,0.017964642494916916,-0.0006970418617129326,0.9998384118080139,-0.002191843930631876,9.720909292809665e-05,0.009383099153637886,0.29799163341522217,0.06965625286102295,0.03132713958621025,-0.48398658633232117,0.5415305495262146,0.5007466673851013,-1.9843190908432007,-0.37223106622695923,2.3974287509918213,1.0287362337112427,-0.006216718815267086,-0.015713870525360107,0.007364473771303892,-0.0036851789336651564,0.010484917089343071,-0.011701449751853943,-0.006897435057908297,0.6010178327560425,7.224021828733385e-06,0.10306254029273987,-0.0013074048329144716,0.9998372793197632,3.6073237424716353e-05,-0.017986619845032692,-1.8266728147864342e-06,3.383000148460269e-05,0.03239189833402634,-2.1923908207099885e-05,2.6640473151928745e-05,0.9999997615814209,-0.0006109413225203753,-0.003809830406680703,0.00023058397346176207,0.002095990115776658,-0.0018446937901899219,8.793757297098637e-05,-8.803360105957836e-05,-0.00388274691067636,-0.0002255602303193882,-0.0019582007080316544,-0.0018070947844535112,-0.0006387569010257721,0.00015158826136030257,0.0008980631828308105,-3.4780292480718344e-05,0.024983838200569153,0.004032318014651537,0.004046380985528231,4.552824066195171e-06,6.484886398538947e-06,,,,,2.0279646686339037,,,,,,,,,1320,2.9583333333333335
13.966666666669092,retreat,13.966667395085096,3.723817244282527,4.2490527033805865,-0.15270709991455078,0.054506246669916436,2.060230715435817,0.005941861218161648,0.06852804166478502,0.0,0.0,0.0,0.0,69,0.007077468559145927,0.0022589333821088076,0.007077468559145927,0.0016420577885583043,0.0,-4.392601297526659,0.0,0.0,0.0,0.0,0.0,0.0,-7.080553041305393e-05,0.017964448779821396,-0.0007029405096545815,0.9998383522033691,-0.0023785443045198917,-0.0031513553112745285,0.009236255660653114,0.20722195506095886,0.07824511080980301,0.037471529096364975,-0.4840381145477295,0.5414044857025146,0.5008042454719543,-1.9843419790267944,-0.3721451163291931,2.3973371982574463,1.0286847352981567,-0.006306033115833998,-0.015741312876343727,0.007449498400092125,-0.003857894567772746,0.010525758378207684,-0.011515425518155098,-0.006911008153110743,0.6010146141052246,2.886008587665856e-06,0.10312221944332123,-0.0013085490791127086,0.9998372793197632,3.12927586492151e-05,-0.017986411228775978,-2.2423919290304184e-06,3.3103322493843734e-05,0.03239232301712036,-2.1907271730015054e-05,2.8640781238209456e-05,0.9999997019767761,-0.0006062233587726951,-0.003772374475374818,0.005377736408263445,0.0026343315839767456,-0.002251711906865239,0.00017562233551871032,-4.16030379710719e-05,-0.0038645993918180466,-0.0053712413646280766,-0.0025110153947025537,-0.001472447533160448,-0.0007208544993773103,9.285037231165916e-05,0.0008980631828308105,-3.5077744541922584e-05,0.024983838200569153,0.004032312426716089,0.004045209847390652,-5.118403350934386e-06,-7.292968803085387e-06,,,,,2.0279646686339037,,,,,,,,,1320,2.966666666666667
13.975000000002431,retreat,13.975000728853047,3.674145745787323,4.189597070217134,-0.15628337860107422,0.04864525544689968,2.060230715435817,0.0029941913908260176,0.055952909680744456,0.0,0.0,0.0,0.0,68,0.007092519197613001,0.0018779439851641655,0.0070925201289355755,0.0026827151887118816,0.0,-4.333145664363207,0.0,0.0,0.0,0.0,0.0,0.0,-6.946775101823732e-05,0.017964791506528854,-0.0006863928865641356,0.9998384118080139,-0.0025311277713626623,0.00029814383015036583,0.009381082840263844,0.3219239413738251,0.0831981748342514,0.0404910147190094,-0.484089732170105,0.541273832321167,0.5008617043495178,-1.9843649864196777,-0.3720591962337494,2.3972456455230713,1.0286380052566528,-0.006336781661957502,-0.015775911509990692,0.007418819237500429,-0.003993014805018902,0.010348564013838768,-0.011430208571255207,-0.006839312147349119,0.601012110710144,-1.4863908290863037e-06,0.10318422317504883,-0.0013087885454297066,0.999837338924408,2.426813261990901e-05,-0.017984384670853615,-3.3546239137649536e-06,3.462229506112635e-05,0.032394904643297195,-1.9534569219104014e-05,3.4025084460154176e-05,0.9999997615814209,-0.0006231103325262666,-0.003794129006564617,-0.005371752195060253,0.0026556907687336206,-0.0018611456034705043,-0.0001108822543756105,-0.00022475737205240875,-0.0038871890865266323,0.0053783198818564415,-0.0025034528225660324,-0.0026274777483195066,-0.00043807015754282475,0.0003184597590006888,0.0008981227874755859,-3.425170143600553e-05,0.024983838200569153,0.004032288212329149,0.004045240115374327,4.710387656814419e-06,6.7002547439187765e-06,,,,,2.0279646686339037,,,,,,,,,1320,2.975
13.983333333335771,retreat,13.983334062620997,3.6244487306479733,4.127891361713411,-0.1589059829711914,0.04684830491896719,2.0601357177312334,0.011981590432696976,0.06852804166478502,5.097344910609536e-05,1.9016887620182388e-07,0.0,0.0,65,0.005069292616099119,0.001580641372129321,0.0051004900597035885,0.0018185016233474016,-5.214394036556769e-07,-4.271433339654101,1.6277019199151255e-07,3.9481687963416334e-07,-5.097166285850108e-05,-7.317819239460732e-08,-1.7551815290062223e-07,-1.591217158036784e-09,-5.956688255537301e-05,0.017962772399187088,-0.0007087597623467445,0.9998383522033691,-0.0028796892147511244,3.1409515941049904e-05,0.009400127455592155,0.2882576882839203,0.10202927142381668,0.040624748915433884,-0.48414134979248047,0.5411399006843567,0.50091952085495,-1.9844083786010742,-0.37197330594062805,2.3971540927886963,1.0285838842391968,-0.00638054683804512,-0.015786290168762207,0.007447389420121908,-0.004149123094975948,0.010385945439338684,-0.0112373698502779,-0.0068883090279996395,0.6010007262229919,-3.5960838431492448e-06,0.10324034094810486,-0.0013089269632473588,0.9998372197151184,2.3838993001845665e-05,-0.01799079030752182,5.6157587096095085e-06,3.430441574892029e-05,0.03238901123404503,-2.797316301439423e-05,2.496146407793276e-05,0.9999997019767761,-0.0006007157498970628,-0.003817521734163165,-0.0008137883269228041,0.0032345016952604055,-0.001559184631332755,0.00011155850370414555,-0.00023436073388438672,-0.0039314148016273975,0.0008218870498239994,-0.0030929287895560265,-0.0016673337668180466,-0.0006638261256739497,0.00029292452381923795,0.0008980035781860352,-3.537875818437897e-05,0.02498384565114975,0.0040323203429579735,0.00404666131362319,4.558642103802413e-06,6.4948981162160635e-06,,,,,2.0279646686339037,,,,,,,,,1320,2.9833333333333334
13.991666666669111,retreat,13.991667396388948,3.5747269720961246,4.071982204914095,-0.17052888870239258,0.04269243436283432,2.060515682282335,0.012189827430120204,0.06852804166478502,7.527881098212674e-05,2.8024911102875194e-07,0.0,0.0,66,0.0056343539617955685,0.002121345140039921,0.005692615173757076,0.0019504680531099439,-6.641282546127059e-07,-4.215550645844539,7.054159141262062e-07,1.9409421838645358e-06,-7.525047840317711e-05,-9.719614979530888e-08,-2.6274236120116257e-07,-7.676629998343287e-09,-5.911102198297158e-05,0.01796700432896614,-0.0006892405217513442,0.9998383522033691,0.0003377142711542547,-0.000542033405508846,0.008991628885269165,0.25690585374832153,-0.0750790610909462,-0.03846234455704689,-0.48419299721717834,0.5410050749778748,0.5009772777557373,-1.9844539165496826,-0.37188735604286194,2.3970625400543213,1.0285365581512451,-0.00641431612893939,-0.015797385945916176,0.007468509953469038,-0.004297570325434208,0.010378009639680386,-0.011110023595392704,-0.006862355396151543,0.6009888052940369,-6.214511813595891e-06,0.1032964438199997,-0.001308673294261098,0.9998371005058289,1.955726656888146e-05,-0.017997650429606438,6.364891305565834e-06,3.583090438041836e-05,0.03238919377326965,-3.060070230276324e-05,2.8440324967959896e-05,0.9999997019767761,-0.0006200461648404598,0.003772889729589224,0.00012515811249613762,0.004182772245258093,-0.0019445866346359253,0.0008476373041048646,1.411994071531808e-05,0.0036199085880070925,-0.00011388941493351012,-0.0043161604553461075,-0.0019259233959019184,-0.0003027596976608038,5.4301988711813465e-05,0.0008981823921203613,-3.440335422055796e-05,0.024983838200569153,0.00403232965618372,0.004045354202389717,5.660986062139273e-06,8.060364052653313e-06,,,,,2.0279646686339037,,,,,,,,,1320,2.9916666666666667
14.000000000002451,retreat,14.000000730156898,3.5249812433634116,4.0160208940506,-0.18328428268432617,0.04028449620818719,2.061845007031254,0.01450109721190529,0.055952909680744456,0.0,0.0,0.0,0.0,71,0.00276028155349195,0.0024138325825333595,0.00276028155349195,0.0023883210960775614,0.0,-4.159681917008048,0.0,0.0,0.0,0.0,0.0,0.0,-5.5152137065306306e-05,0.01797911338508129,-0.0006905461195856333,0.99983811378479,0.0006973393028602004,-0.000745585304684937,0.008968236856162548,0.2413664609193802,-0.09541740268468857,-0.0500229112803936,-0.48424461483955383,0.5408753752708435,0.5010347962379456,-1.9844996929168701,-0.3718014359474182,2.3969709873199463,1.0284900665283203,-0.0064068688079714775,-0.01578499935567379,0.007440563291311264,-0.004406880121678114,0.010301127098500729,-0.010775372385978699,-0.006830223836004734,0.6009756922721863,-7.906608516350389e-06,0.10334980487823486,-0.0013096081092953682,0.9998369812965393,1.5395278751384467e-05,-0.01800665818154812,7.212162017822266e-06,3.660527727333829e-05,0.03238658607006073,-2.7498937924974598e-05,2.8639789888984524e-05,0.9999997615814209,-0.0006196788162924349,0.0010201233671978116,-0.0005286987870931625,0.002509776968508959,-0.0018887394107878208,0.0014893522020429373,-0.00020268556545488536,0.0009290996822528541,0.0005353476153686643,-0.0025434878189116716,-0.001956656575202942,-0.0013426849618554115,0.0002697590389288962,0.0008988380432128906,-3.447214112384245e-05,0.024983815848827362,0.0040323249995708466,0.004045409616082907,5.994987077428959e-06,8.53405799716711e-06,,,,,2.0279646686339037,,,,,,,,,1320,3.0
14.008333333335791,retreat,14.008334063924849,3.4752123176814784,3.9628311991691603,-0.19687414169311523,0.039057511457940564,2.0630786133927073,0.016892830899450928,0.07912936237050427,0.0,0.0,0.0,0.0,68,0.013612579554319382,0.0016714405501261353,0.013612576760351658,0.0033441379200667143,0.0,-4.106578137690584,0.0,0.0,0.0,0.0,0.0,0.0,-5.6954599131131545e-05,0.017989397048950195,-0.0006952034891583025,0.9998378753662109,0.0009353599743917584,0.006876202765852213,0.008547692559659481,-0.16420482099056244,-0.10901324450969696,-0.048619456589221954,-0.4842962324619293,0.540749192237854,0.501092255115509,-1.9845454692840576,-0.3717157244682312,2.3968794345855713,1.0284439325332642,-0.0063463542610406876,-0.015779593959450722,0.007302511483430862,-0.004451993387192488,0.010068638250231743,-0.01058784406632185,-0.006735383067280054,0.600961446762085,-9.3853595899418e-06,0.10340095311403275,-0.0013112490996718407,0.9998367428779602,1.0867403034353629e-05,-0.018017776310443878,8.514034561812878e-06,3.645967080956325e-05,0.032384514808654785,-2.8326998290140182e-05,3.5017499612877145e-05,0.9999996423721313,-0.000616776233073324,0.0010214056819677353,-0.013132675550878048,0.0034339330159127712,-0.0013335461262613535,0.0009883858729153872,-0.00019611626339610666,0.0008973540971055627,0.013141700066626072,-0.0034340517595410347,-0.00322162127122283,-0.0008416006457991898,0.0003100376052316278,0.0008993148803710938,-3.470330921118148e-05,0.02498379349708557,0.004031043034046888,0.004045478999614716,-0.0002915114164352417,-0.0004150438471697271,,,,,2.0279646686339037,,,,,,,,,1320,3.0083333333333333
14.016666666669131,retreat,14.0166673976928,3.425420968281964,3.911802172660829,-0.21141767501831055,0.03638840644271113,2.064121858564583,0.0170098810485797,0.0,0.0,0.0,0.0,0.0,61,0.008389724418520927,0.0022688088938593864,0.008389724418520927,0.0012822257122024894,0.0,-4.05562176882731,0.0,0.0,0.0,0.0,0.0,0.0,-5.472092016134411e-05,0.017999060451984406,-0.0006735537317581475,0.9998378157615662,0.0014110746560618281,0.0006637723417952657,0.008780421689152718,0.35138773918151855,-0.13350191712379456,-0.08762773871421814,-0.4843478500843048,0.540623128414154,0.5011497735977173,-1.9845912456512451,-0.3716299533843994,2.3967878818511963,1.028397560119629,-0.006349061615765095,-0.01572536863386631,0.007358789909631014,-0.004523995332419872,0.010244108736515045,-0.010241459123790264,-0.006830741185694933,0.600947380065918,-1.074989268090576e-05,0.10345204174518585,-0.0013131845043972135,0.9998366236686707,6.647391728620278e-06,-0.018028724938631058,8.748727850615978e-06,3.789461334235966e-05,0.03238460049033165,-2.961567042802926e-05,3.65736304956954e-05,0.9999998211860657,-0.0006403964362107217,0.002378939650952816,0.007921300828456879,0.001407518982887268,-0.001708045369014144,0.0014869535807520151,-0.00013800041051581502,0.002326379995793104,-0.007917433977127075,-0.0015131664695218205,-0.0005585204344242811,-0.0011437074281275272,0.00015521336172241718,0.0008997917175292969,-3.362297866260633e-05,0.024983778595924377,0.004030812997370958,0.004044225439429283,5.2511909416352864e-06,7.475842721760273e-06,,,,,2.0279646686339037,,,,,,,,,1320,3.0166666666666666
14.025000000002471,retreat,14.02500073146075,3.37560796839651,3.861309587955476,-0.21857023239135742,0.020689272787421942,2.056141852514678,0.027270958526059985,0.08846931922527276,0.11390838027000427,0.00020116586529184133,0.0911267101764679,0.0,56,0.0983266830444336,0.004179276991635561,0.019361361861228943,0.00719897635281086,-0.0008286421361844987,-4.0045734090022425,0.09050992131233215,-0.011447807773947716,-0.06820572912693024,-3.7430763768497854e-05,-0.00019680472905747592,-1.829043321777135e-05,-3.256412674090825e-05,0.01793639175593853,-0.00045625274651683867,0.9998389482498169,-0.0006199044873937964,8.402868843404576e-05,0.009182652458548546,0.27875274419784546,0.021755941212177277,-0.01377545390278101,-0.48439937829971313,0.5404971837997437,0.5012076497077942,-1.9846370220184326,-0.3715488612651825,2.3966963291168213,1.0283517837524414,-0.005983661860227585,-0.015470031648874283,0.006869226694107056,-0.00435034791007638,0.0096709243953228,-0.008627279661595821,-0.006502205040305853,0.6009335517883301,-1.2051023077219725e-05,0.10350322723388672,-0.0013133602915331721,0.9998363256454468,4.19549496655236e-06,-0.01803928054869175,1.6127945855259895e-05,5.2308350859675556e-05,0.03238499537110329,-0.0001028780679916963,1.3037531061854679e-05,0.9999994039535522,-0.0008574831881560385,-0.07402748614549637,-0.007385919336229563,-0.06429242342710495,-0.0010945970425382257,-0.004033374134451151,1.0405186003481504e-05,-0.07165981829166412,0.007212925236672163,0.06694014370441437,-0.002157269511371851,-0.006659382022917271,5.3713039960712194e-05,0.0008966922760009766,-2.2779759092372842e-05,0.024983905255794525,0.004018651321530342,0.004032796714454889,5.040596079197712e-06,7.175171049311757e-06,,,,,2.0279646686339037,,,,,,,,,1320,3.025
14.033333333335811,retreat,14.0333340652287,3.3257740912567577,3.811234235763551,-0.22047758102416992,0.017751091945683584,2.046027445801553,0.020520998077699915,0.06852804166478502,0.43203359842300415,0.000762479321565479,0.3456074297428131,-0.0009330917691841023,60,0.3748056888580322,0.025687729939818382,0.0687471479177475,0.016542956233024597,-0.0037429967196658254,-3.953793625332037,0.34308236837387085,-0.04180171340703964,-0.2592298984527588,-0.00010186510917264968,-0.0007555090123787522,-1.4295479559223168e-05,1.803659506549593e-05,0.01784808747470379,-0.00044845938100479543,0.9998405575752258,-0.0004972526803612709,-0.0032444936223328114,0.009414231404662132,0.26144590973854065,0.10104207694530487,-0.03731323406100273,-0.4844447672367096,0.540371298789978,0.5012590289115906,-1.9846611022949219,-0.37147343158721924,2.396636724472046,1.028306007385254,-0.004878018982708454,-0.014645754359662533,0.0054182326421141624,-0.0036551577504724264,0.00841453019529581,-0.004561252426356077,-0.005848915781825781,0.6009364128112793,-1.5289202565327287e-05,0.10356421023607254,-0.001313757267780602,0.9998366236686707,1.0961041425616713e-06,-0.018023885786533356,1.0758754797279835e-05,5.206641799304634e-05,0.032396066933870316,-0.00017586223839316517,-3.449454379733652e-05,0.9999995231628418,-0.000864816305693239,-0.28596535325050354,-0.02492000348865986,-0.24100233614444733,0.0020897937938570976,-0.025601603090763092,0.00022401040769182146,-0.27709224820137024,0.024272620677947998,0.2512170672416687,-0.0015050603542476892,-0.015707867220044136,-0.00019653644994832575,0.0008922815322875977,-2.2435491700889543e-05,0.02498406171798706,0.004018675535917282,0.00403163768351078,-4.2476458474993706e-06,-6.043399480404332e-06,,,,,2.0279646686339037,,,,,,,,,1320,3.033333333333333
14.041666666669151,retreat,14.041667398996651,3.2759201100943454,3.7519276142120375,-0.22041797637939453,0.012367555427772459,2.0501364726959346,0.02242204936919734,0.055952909680744456,0.29708564281463623,0.0005271034315228462,0.23766843974590302,-0.0024531543658667943,55,0.2846103608608246,0.04365526884794235,0.021702053025364876,0.00886153057217598,-0.002343930711504072,-3.8947731830299253,0.2361088991165161,-0.027366692200303078,-0.17822328209877014,-7.124317926354706e-05,-0.0005220312741585076,-1.5678120689699426e-05,9.655641406425275e-06,0.017884381115436554,-0.0004388192028272897,0.9998399615287781,-0.00047459680354222655,-0.0005718331085518003,0.009124716743826866,0.24800743162631989,0.06582335382699966,0.01697085238993168,-0.484483540058136,0.5402528643608093,0.5013047456741333,-1.9846839904785156,-0.3713996410369873,2.396573305130005,1.0282602310180664,-0.004298701416701078,-0.01407935656607151,0.004802548326551914,-0.002885413821786642,0.00844505988061428,-0.006017214152961969,-0.0061035361140966415,0.6009370684623718,-1.7594036762602627e-05,0.10362011194229126,-0.0013136105844751,0.9998368620872498,-6.079035301809199e-07,-0.018014084547758102,9.405193850398064e-06,5.5128632084233686e-05,0.03239269182085991,-0.00012975287972949445,-2.4634418878122233e-05,0.9999995827674866,-0.0008744905353523791,-0.24180211126804352,-0.023631522431969643,-0.1482442170381546,0.0001699311687843874,-0.04365048557519913,-0.000623329309746623,-0.23630394041538239,0.02323088049888611,0.15691985189914703,-0.0032103434205055237,0.008718408644199371,0.0007754883263260126,0.0008940696716308594,-2.1946085325907916e-05,0.024984002113342285,0.004018679261207581,0.004031791817396879,5.575141585723031e-06,7.939001079648733e-06,,,,,2.0279646686339037,,,,,,,,,1320,3.0416666666666665
14.050000000002491,retreat,14.050000732764602,3.226046798140919,3.6973521113395704,-0.22023916244506836,0.010123135325557087,2.051090881065958,0.02334737655473873,0.055952909680744456,0.2494446337223053,0.0004413860442582518,0.1995370090007782,-0.0018197949884779518,53,0.23671285808086395,0.03418455272912979,0.01706766150891781,0.004952105227857828,-0.0017865445697680116,-3.8402641512335007,0.19889011979103088,-0.01610175333917141,-0.14968660473823547,-3.943782576243393e-05,-0.00043958547757938504,-5.559483724937309e-06,2.9121210332050396e-07,0.017892668023705482,-0.0004404097853694111,0.9998397827148438,-0.00018128519877791405,-9.532347758067772e-05,0.008823064155876637,0.28282424807548523,0.05518338829278946,0.08729029446840286,-0.4845181405544281,0.5401384234428406,0.5013452172279358,-1.9847068786621094,-0.37132298946380615,2.396505355834961,1.028214454650879,-0.003868783824145794,-0.013593876734375954,0.004408313427120447,-0.002347648376598954,0.008889257907867432,-0.006686313543468714,-0.006447379011660814,0.6009355783462524,-2.0174076780676842e-05,0.10367269068956375,-0.0013135757762938738,0.9998369812965393,-3.3982228160311934e-06,-0.01800920069217682,1.0684714652597904e-05,5.4788612033007666e-05,0.03239063546061516,-0.00011656260903691873,-1.2464786777854897e-05,0.9999995827674866,-0.0008730836561881006,-0.1997409462928772,-0.016894130036234856,-0.1259012073278427,0.0015216629253700376,-0.034150246530771255,0.00016985568800009787,-0.19507643580436707,0.016555262729525566,0.1330566555261612,-0.0009168448159471154,0.0052970536053180695,-0.00011223358160350472,0.0008944869041442871,-2.2017220544512384e-05,0.024983979761600494,0.00401869835332036,0.004031934309750795,5.0215776354889385e-06,7.152731996029615e-06,,,,,2.0279646686339037,,,,,,,,,1320,3.05
14.058333333335831,retreat,14.058334066532552,3.1761549286281134,3.645935654640199,-0.22017955780029297,0.007761999768263195,2.0502319335174013,0.022770953364670277,0.03956468118525214,0.26973557472229004,0.000476593995699659,0.2157651036977768,-0.001693123181212286,54,0.2509191632270813,0.03119013085961342,0.01903989538550377,0.0013463874347507954,-0.0019170298764947802,-3.7887878719593227,0.2150801420211792,-0.01724127121269703,-0.16186584532260895,-4.267816984793171e-05,-0.0004746324266307056,-6.668507921858691e-06,-7.238987222990545e-07,0.01788558065891266,-0.00044205517042428255,0.9998399615287781,-0.00020987415337003767,-0.00028508168179541826,0.008758105337619781,0.26603418588638306,0.05543726682662964,-0.00865778885781765,-0.4845489263534546,0.5400240421295166,0.5013796091079712,-1.9847297668457031,-0.37124496698379517,2.3964383602142334,1.0281602144241333,-0.0033668323885649443,-0.013084561564028263,0.0039003146812319756,-0.0018348816083744168,0.009038171730935574,-0.006483838893473148,-0.00662711588665843,0.6009341478347778,-2.4023378500714898e-05,0.10372495651245117,-0.0013129129074513912,0.9998370409011841,-3.3136107049358543e-06,-0.01800423488020897,1.188274472951889e-05,5.3259573178365827e-05,0.03239143639802933,-0.00011868546425830573,-1.1487404663057532e-05,0.9999996423721313,-0.0008707915549166501,-0.20693644881248474,-0.016697611659765244,-0.1409216970205307,0.001359537709504366,-0.031160470098257065,-3.086079959757626e-05,-0.20172783732414246,0.016319146379828453,0.1483239382505417,-0.0010428873356431723,0.0012674368917942047,8.261266339104623e-05,0.0008941292762756348,-2.209857302659657e-05,0.024983994662761688,0.004018665291368961,0.004032036755234003,5.219883860263508e-06,7.429509423673153e-06,,,,,2.0279646686339037,,,,,,,,,1320,3.058333333333333
14.066666666669171,retreat,14.066667400300503,3.1262452747875695,3.5948395729064955,-0.22047758102416992,0.00407805600843858,2.0499455377225804,0.025626595743233338,0.06852804166478502,0.27522605657577515,0.000486188248032704,0.22016921639442444,-0.001313107532041613,53,0.25674542784690857,0.0324682854115963,0.018854673951864243,0.002051800489425659,-0.001903609256260097,-3.7376718437923118,0.21955931186676025,-0.016544882208108902,-0.16513435542583466,-4.408819222589955e-05,-0.00048405869165435433,-1.1064752470701933e-05,-3.459054596532951e-06,0.017882373183965683,-0.00044337354484014213,0.9998399615287781,-1.928448909893632e-06,7.383896445389837e-06,0.00856091734021902,0.2896451950073242,0.058157142251729965,0.0431932769715786,-0.4845755696296692,0.5399202108383179,0.5014135241508484,-1.984747290611267,-0.37116628885269165,2.3963725566864014,1.0281004905700684,-0.002868811134248972,-0.012580136768519878,0.003404890652745962,-0.0013077054172754288,0.009108610451221466,-0.006422107107937336,-0.006725096609443426,0.6009330749511719,-2.53006728598848e-05,0.10377341508865356,-0.0013147828867658973,0.9998370409011841,2.849436384622095e-07,-0.018001096323132515,1.23586505651474e-05,5.577625779551454e-05,0.03238875791430473,-0.00011875203927047551,-1.2356319530226756e-05,0.9999995231628418,-0.000871329742949456,-0.2121584415435791,-0.016736643388867378,-0.14362069964408875,0.000889589311555028,-0.03245597332715988,8.898980740923434e-05,-0.2068503499031067,0.01634882017970085,0.1512080281972885,-0.0015218857442960143,0.0018094927072525024,-1.7834754544310272e-05,0.0008939504623413086,-2.2162037566886283e-05,0.024984002113342285,0.004018659237772226,0.00403218250721693,5.046679689257871e-06,7.182738045230508e-06,,,,,2.0279646686339037,,,,,,,,,1320,3.0666666666666664
14.075000000002511,retreat,14.075000734068453,3.076318609850931,3.547446429729463,-0.2205967903137207,0.0032458192436024547,2.050041007431201,0.017762988136382774,0.03956468118525214,0.2727356255054474,0.00048090843483805656,0.21816608309745789,-0.00112309953692602,52,0.2558424174785614,0.03265932574868202,0.01741647720336914,0.0021721813827753067,-0.001785904576536268,-3.6902853497362655,0.21797332167625427,-0.00919145718216896,-0.16367003321647644,-2.1298366846167482e-05,-0.0004804345080628991,-1.4118602393864421e-06,-1.161890304501867e-05,0.01788361370563507,-0.00044917906052432954,0.9998399615287781,0.00015345573774538934,8.408102439716458e-05,0.008481268770992756,0.29337450861930847,0.05859513580799103,0.03654264658689499,-0.48459845781326294,0.539817214012146,0.5014417171478271,-1.984747290611267,-0.3710864782333374,2.3963069915771484,1.028035283088684,-0.0024109953083097935,-0.01208766270428896,0.002987997140735388,-0.000797922839410603,0.009237544611096382,-0.006425815634429455,-0.006816853303462267,0.6009396314620972,-2.9386748792603612e-05,0.10382691770792007,-0.0013154975604265928,0.9998372793197632,3.981613645009929e-06,-0.01799044944345951,5.217269062995911e-06,5.258081364445388e-05,0.032395120710134506,-0.00010685200686566532,-7.809363523847423e-06,0.9999996423721313,-0.0008663184707984328,-0.21180836856365204,-0.011061850935220718,-0.14307408034801483,0.00013561025843955576,-0.03265829756855965,0.00022102233197074383,-0.20652373135089874,0.010673760436475277,0.15062996745109558,-0.0014614597894251347,0.002060387283563614,-0.00015204599185381085,0.000894010066986084,-2.2444968635682017e-05,0.024983994662761688,0.0040186489932239056,0.004032208118587732,5.047801550972508e-06,7.186841685324907e-06,,,,,2.0279646686339037,,,,,,,,,1320,3.075
14.083333333335851,retreat,14.083334067836404,3.026375707049837,3.4947484731674208,-0.22011995315551758,-0.0001290500790673832,2.0559514750190235,0.013844117347616702,0.03956468118525214,0.08228950202465057,0.00014555922825820744,0.06580641865730286,-0.0010597638038234436,49,0.09807389229536057,0.025246577337384224,0.02827971987426281,0.012018779292702675,-0.0004316898121032864,-3.6379990351582436,0.0657704696059227,-0.002277093706652522,-0.04940266162157059,-6.8117910814180505e-06,-0.000145379250170663,-2.442129471091903e-06,-4.6155659219948575e-05,0.017935113981366158,-0.00045512369251810014,0.9998391270637512,9.739886445458978e-05,0.00013674303772859275,0.008064351044595242,0.294421523809433,0.011091009713709354,-0.015954328700900078,-0.4846213161945343,0.5397142171859741,0.5014662146568298,-1.984747290611267,-0.3710058629512787,2.3962154388427734,1.0279666185379028,-0.002439664676785469,-0.011964088305830956,0.0032164265867322683,-0.0005439698579721153,0.009846143424510956,-0.008895054459571838,-0.007179176434874535,0.6009406447410583,-3.726281283888966e-05,0.10387808084487915,-0.0013128150021657348,0.9998371601104736,7.251844635902671e-06,-0.01799297146499157,4.789675585925579e-06,4.789807280758396e-05,0.03239360451698303,-5.7826138800010085e-05,2.3542372218798846e-05,0.9999996423721313,-0.0008582545560784638,-0.09206464886665344,-0.005571744870394468,-0.03333984315395355,-0.0017650797963142395,-0.02518465369939804,-8.610346412751824e-05,-0.090805284678936,0.005478524137288332,0.036645255982875824,-0.0025630947202444077,0.011884283274412155,0.00021404172002803534,0.0008966326713562012,-2.2711132260155864e-05,0.024983905255794525,0.004018641076982021,0.004032313358038664,5.04542231283267e-06,7.186987204477191e-06,,,,,2.0279646686339037,,,,,,,,,1320,3.0833333333333335
14.091666666669191,retreat,14.091667401604354,2.9764173396159315,3.4439206123352064,-0.21976232528686523,-0.007086533514666371,2.0564273857263298,0.015228227312036324,0.06852804166478502,0.07003585249185562,0.0001237416872754693,0.05601513013243675,-0.0003630683806932211,53,0.07070085406303406,0.010780800133943558,0.00950379204005003,0.0022848148364573717,-0.0003264178867539158,-3.58720431966238,0.05591234564781189,0.003570709377527237,-0.04202476143836975,4.712389454653021e-06,-0.00012356987281236798,-4.503706804825924e-06,-4.536498090601526e-05,0.017938891425728798,-0.0004552896716631949,0.9998388886451721,3.182445652782917e-05,6.352817581500858e-05,0.008017148822546005,0.28017422556877136,0.011218258179724216,0.008087826892733574,-0.48464417457580566,0.5396112203598022,0.501494824886322,-1.984747290611267,-0.37091994285583496,2.3961238861083984,1.0278979539871216,-0.0024295819457620382,-0.011862157844007015,0.00334031879901886,-0.0005020356038585305,0.010181291028857231,-0.009184124879539013,-0.007266792003065348,0.6009415984153748,-4.211250052321702e-05,0.10392949730157852,-0.0013127096462994814,0.9998371601104736,1.0106068657478318e-05,-0.01799536496400833,4.370114766061306e-06,4.999731027055532e-05,0.03239421918988228,-5.644187331199646e-05,1.989777956623584e-05,0.9999995231628418,-0.0008579175337217748,-0.06087139621376991,-0.004271982703357935,-0.035707611590623856,-0.0006946396315470338,-0.010751316323876381,0.000390289758797735,-0.05954692140221596,0.004174142610281706,0.03788601979613304,-0.0013230415061116219,0.001958591863512993,-0.00033473270013928413,0.0008968114852905273,-2.27201271627564e-05,0.024983897805213928,0.004018649458885193,0.004032382741570473,5.003026672056876e-06,7.123482646420598e-06,,,,,2.0279646686339037,,,,,,,,,1320,3.091666666666667
14.100000000002531,retreat,14.100000735372305,2.9264442807808546,3.3927500247955336,-0.21892786026000977,-0.011227493814658374,2.056617719186678,0.017129923435277306,0.06852804166478502,0.07082854211330414,0.00012514503032434732,0.056658074259757996,-0.0008064200187618553,53,0.0688769668340683,0.008925221860408783,0.007545285392552614,0.002000905107706785,-0.0003151755518047139,-3.536046988107805,0.05639256164431572,0.005518777295947075,-0.04249828681349754,1.0604539056657813e-05,-0.00012467477063182741,-2.241324636997888e-06,-4.730063665192574e-05,0.017940444871783257,-0.00045631660032086074,0.9998388886451721,1.1102216376457363e-05,0.00012703012907877564,0.00798994954675436,0.2780052721500397,0.011439955793321133,-0.003066559322178364,-0.4846665859222412,0.5395082235336304,0.5015274882316589,-1.984747290611267,-0.37083402276039124,2.3960323333740234,1.0278292894363403,-0.0023911495227366686,-0.011765156872570515,0.003411464858800173,-0.0004715220129583031,0.010250076651573181,-0.009179641492664814,-0.007213622331619263,0.6009426712989807,-4.394234565552324e-05,0.10398168116807938,-0.0013133446918800473,0.9998371005058289,1.5625209925929084e-05,-0.017997443675994873,4.302710294723511e-06,5.2345829317346215e-05,0.03239523246884346,-5.69660660403315e-05,1.6320587747031823e-05,0.9999995231628418,-0.0008574625244364142,-0.05772877484560013,-0.001548167783766985,-0.037537023425102234,-0.0017654143739491701,-0.008747889660298824,0.0001316118286922574,-0.056340429931879044,0.0014450683956965804,0.039594244211912155,-0.0019904416985809803,0.00040836911648511887,-5.592656088992953e-05,0.0008968710899353027,-2.2769725546822883e-05,0.024983897805213928,0.004018676932901144,0.004032449796795845,4.991627065464854e-06,7.104681571945548e-06,,,,,2.0279646686339037,,,,,,,,,1320,3.1
14.108333333335871,retreat,14.108334069140255,2.8764573037762418,3.340774774551393,-0.21880865097045898,-0.012515905837062746,2.057664238650089,0.01698941741778981,0.06852804166478502,0.04843299090862274,8.557772525819018e-05,0.03874637559056282,0.0,54,0.049744002521038055,0.008008432574570179,0.006839863024652004,0.0029681066516786814,-0.00020718539599329233,-3.4841446238449842,0.038588326424360275,0.0034987828694283962,-0.02905949391424656,7.43090322430362e-06,-8.525355951860547e-05,-3.996944428763527e-07,-6.0893999034306034e-05,0.017949771136045456,-0.0004629294853657484,0.9998387694358826,8.909169991966337e-06,0.0001589739986229688,0.007916392758488655,0.2643219828605652,0.0028083594515919685,-0.020108181983232498,-0.4846886694431305,0.5394054651260376,0.5015615820884705,-1.984747290611267,-0.3707481026649475,2.3959407806396484,1.0277607440948486,-0.0023883541580289602,-0.011718366295099258,0.003510389942675829,-0.00045996991684660316,0.010226503945887089,-0.009459285996854305,-0.007077905349433422,0.6009440422058105,-4.4917003833688796e-05,0.10403415560722351,-0.0013145601842552423,0.9998371005058289,2.1269086573738605e-05,-0.017999110743403435,3.1776726245880127e-06,5.2733106713276356e-05,0.032395776361227036,-4.9293066695099697e-05,2.4354523702641018e-05,0.9999995231628418,-0.0008522090502083302,-0.04312843456864357,-0.0016588473226875067,-0.024731596931815147,-0.0024180414620786905,-0.007630345411598682,0.0002566995390225202,-0.04221033304929733,0.0015899734571576118,0.026272138580679893,-0.0026638151612132788,0.0014002202078700066,-0.00015497449203394353,0.0008973479270935059,-2.3088092348189093e-05,0.024983882904052734,0.004019297659397125,0.004032508935779333,5.073237844044343e-06,7.228052709251642e-06,,,,,2.0279646686339037,,,,,,,,,1320,3.1083333333333334
14.11666666666921,retreat,14.116667402908206,2.826457181833737,3.2883971929550184,-0.2186894416809082,-0.012965540008735843,2.058900348872759,0.01607442209206056,0.06852804166478502,0.021223070099949837,3.750648465938866e-05,0.016978448256850243,-0.00017306061295130348,54,0.025324746966362,0.005414221435785294,0.007524731568992138,0.003153542522341013,-8.788025661488064e-05,-3.431853132422051,0.016911858692765236,0.001502465340308845,-0.012733825482428074,3.2769130484666675e-06,-3.736303187906742e-05,-4.59478961545301e-08,-7.188024028437212e-05,0.01796070858836174,-0.0004642013518605381,0.9998385310173035,-1.7358779587084427e-06,0.00021731422748416662,0.007819794118404388,0.2754679322242737,-0.0004954647738486528,-0.0017421192023903131,-0.4847114086151123,0.5393027663230896,0.5015957951545715,-1.984747290611267,-0.3706621825695038,2.3958492279052734,1.0276933908462524,-0.002430200343951583,-0.011727845296263695,0.003644036129117012,-0.0005007004365324974,0.010191100649535656,-0.00981698464602232,-0.006940703373402357,0.6009450554847717,-4.611957410816103e-05,0.10408630967140198,-0.0013155174674466252,0.9998370409011841,2.6305568098905496e-05,-0.018001092597842216,2.4044420570135117e-06,5.203576438361779e-05,0.032395582646131516,-4.0323535358766094e-05,3.0296390832518227e-05,0.9999995231628418,-0.0008520012488588691,-0.02308027632534504,-0.0029358130414038897,-0.01000123005360365,-0.0023426890838891268,-0.0048763141967356205,0.0002171681699110195,-0.022705325856804848,0.00290719629265368,0.010833244770765305,-0.0027722851373255253,0.0015422964934259653,-0.00011219931911909953,0.0008978843688964844,-2.3141772544477135e-05,0.024983860552310944,0.004019275773316622,0.004032657481729984,4.860303306486458e-06,6.916641723364592e-06,,,,,2.0279646686339037,,,,,,,,,1320,3.1166666666666667
14.12500000000255,retreat,14.125000736676157,2.7764446881849807,3.2362580299377455,-0.21857023239135742,-0.01345868076896295,2.0596606635129735,0.014898459085088689,0.03956468118525214,0.006513187196105719,1.1508786883496214e-05,0.005210547242313623,-0.0002363965165841364,57,0.011285719461739063,0.0029900395311415195,0.0065267039462924,0.0027135086711496115,-2.6762640572997043e-05,-3.37976692227019,0.005190026946365833,0.0004620427789632231,-0.0039079077541828156,1.0050883929579868e-06,-1.146480099123437e-05,-1.7663019491465093e-08,-7.75749867898412e-05,0.017967358231544495,-0.00046458764700219035,0.9998384714126587,-4.200909461360425e-05,0.00023458576470147818,0.007833966985344887,0.2759499251842499,-0.003579419804736972,-0.010570692829787731,-0.48473405838012695,0.5392000079154968,0.501629650592804,-1.984747290611267,-0.3705766201019287,2.3957576751708984,1.0276466608047485,-0.0024879062548279762,-0.011765873059630394,0.0037789056077599525,-0.0005871749017387629,0.01014665700495243,-0.010002127848565578,-0.00680140033364296,0.600946307182312,-4.757712304126471e-05,0.10413830727338791,-0.0013162919785827398,0.9998370409011841,2.0794592273887247e-05,-0.01800314337015152,1.4008255675435066e-06,5.11275720782578e-05,0.032395489513874054,-3.571115303202532e-05,4.148417428950779e-05,0.9999996423721313,-0.0008525890298187733,-0.01018434762954712,-0.0038444127421826124,-0.0029777521267533302,-0.0020677305292338133,-0.002149616600945592,0.00020970463810954243,-0.010070523247122765,0.0038356571458280087,0.0033525738399475813,-0.0026287937071174383,0.0006786383455619216,-0.00011283911589998752,0.0008982419967651367,-2.3155940652941354e-05,0.02498384565114975,0.004018935840576887,0.004032937344163656,4.912913937005214e-06,6.999995093792677e-06,,,,,2.0279646686339037,,,,,,,,,1320,3.125
14.13333333333589,retreat,14.133334070444107,2.7264205960616152,3.1842380762100233,-0.2186894416809082,0.00045704828721682134,2.062129750894137,0.0035164480323146563,0.0,0.0,0.0,0.0,-0.0002363965165841364,58,0.006445001345127821,0.0021011047065258026,0.006445001345127821,0.0026477412320673466,0.0,-3.327918930401831,0.0,0.0,0.0,0.0,0.0,0.0,-5.731921919505112e-05,0.01798124611377716,-0.0006916359416209161,0.99983811378479,-0.0004143413680139929,0.0005171188386157155,0.007936823181807995,0.3141995072364807,0.013547702692449093,-0.001656675129197538,-0.4847566783428192,0.539097011089325,0.5016634464263916,-1.984747290611267,-0.37049156427383423,2.3956661224365234,1.0276007652282715,-0.002545432187616825,-0.011815274134278297,0.0038998418021947145,-0.0006944689084775746,0.010086088441312313,-0.010053558275103569,-0.006728705950081348,0.6009476184844971,-4.90363163407892e-05,0.10419090837240219,-0.0013169526355341077,0.9998370409011841,1.5163707757892553e-05,-0.018004918470978737,1.0861549526453018e-07,3.580361226340756e-05,0.03239617124199867,-2.3622438675374724e-05,3.092134284088388e-05,0.9999998211860657,-0.0006259760120883584,-0.004513910040259361,-0.004599570296704769,-8.131434151437134e-05,-0.0019721961580216885,-0.0006838995614089072,-0.00023950889590196311,-0.004507977515459061,0.004598989151418209,0.00025589525466784835,-0.002626340836286545,3.0951749067753553e-05,0.0003345283621456474,0.000898897647857666,-3.452466626185924e-05,0.024983808398246765,0.0040318104438483715,0.004045194946229458,4.788160367752425e-06,6.805115845054388e-06,,,,,2.0279646686339037,,,,,,,,,1320,3.1333333333333333
14.14166666666923,retreat,14.141667404212058,2.676385678695281,3.1316220760345472,-0.21785497665405273,-0.0001668942104515736,2.062319558304099,0.00382474672733224,0.06852804166478502,8.820882067084312e-05,3.1609980055691267e-07,0.0,0.0,46,0.005272793583571911,0.0019560540094971657,0.005268954671919346,0.002540207700803876,-7.399643706662573e-07,-3.275316149526787,-6.087397252940718e-09,6.498774496321857e-08,-8.820879156701267e-05,-8.339640089616296e-08,-3.049000838473148e-07,-2.3103614854580456e-10,-5.084078657091595e-05,0.01798274926841259,-0.0006967493100091815,0.99983811378479,-0.0006909426301717758,0.0004912734730169177,0.007969941012561321,0.31512027978897095,0.026672853156924248,0.009562494233250618,-0.48477956652641296,0.5389940142631531,0.5016977787017822,-1.984747290611267,-0.3704085052013397,2.3955745697021484,1.027554988861084,-0.0025968169793486595,-0.0118629215285182,0.004008766729384661,-0.000809383811429143,0.010019657202064991,-0.010019119828939438,-0.006632499396800995,0.6009488701820374,-5.073883221484721e-05,0.10424314439296722,-0.0013166996650397778,0.9998369216918945,1.0441558515594807e-05,-0.018006382510066032,-2.273591235280037e-07,3.471318632364273e-05,0.03239579498767853,-2.3593856894876808e-05,2.9260789233376272e-05,0.9999997019767761,-0.0006205803365446627,-0.0034917867742478848,-0.00394841842353344,-0.00014059882960282266,-0.00194559374358505,-0.00017201849550474435,-0.00010593437764327973,-0.0034843552857637405,0.003947795834392309,0.0002766331017483026,-0.0025105627719312906,-0.0003328786406200379,0.0001957052736543119,0.0008990168571472168,-3.47861168847885e-05,0.024983808398246765,0.004031812772154808,0.004045354202389717,4.793448624695884e-06,6.825343007221818e-06,,,,,2.0279646686339037,,,,,,,,,1320,3.1416666666666666
14.15000000000257,retreat,14.150000737980008,2.626340709317615,3.0793786048889173,-0.21690130233764648,-0.0013650661685460364,2.062604236683156,0.0037595157209580066,0.06852804166478502,0.00014519774413201958,5.258308419797686e-07,0.0,0.0,52,0.0048012216575443745,0.0019877306185662746,0.004798350855708122,0.0025315291713923216,-1.2155610491504376e-06,-3.2230925050489265,6.15366673173412e-08,4.526817747319001e-07,-0.0001451970310881734,-1.1709080638411251e-07,-5.126254336573766e-07,-1.729425269658691e-09,-5.022892582928762e-05,0.017984693869948387,-0.0006983142229728401,0.9998379349708557,-0.0008523859432898462,0.0003977729065809399,0.00799032673239708,0.3030215799808502,0.03396276384592056,0.015481832437217236,-0.4848024547100067,0.5388910174369812,0.5017321109771729,-1.984747290611267,-0.37032797932624817,2.3954830169677734,1.0275092124938965,-0.002643865067511797,-0.011909387074410915,0.004109285306185484,-0.0009247712441720068,0.009952658787369728,-0.009975498542189598,-0.00654049264267087,0.6009501814842224,-5.2205665269866586e-05,0.10429571568965912,-0.0013159598456695676,0.9998369812965393,6.595786544494331e-06,-0.018007604405283928,-4.937173798680305e-07,3.4401942684780806e-05,0.03239614516496658,-2.2861704565002583e-05,3.2531883334740996e-05,0.9999997019767761,-0.0006183320074342191,-0.003164327936246991,-0.003610517829656601,-5.4018157243262976e-05,-0.0019818730652332306,-0.00010056211613118649,-0.00011462688416941091,-0.0031602070666849613,0.003610172076150775,0.00017743016360327601,-0.0024977296125143766,-0.00035703167668543756,0.00020387285621836782,0.0008990764617919922,-3.486488640191965e-05,0.024983800947666168,0.004031815566122532,0.004045476205646992,4.745572823594557e-06,6.7582877818495035e-06,,,,,2.0279646686339037,,,,,,,,,1320,3.15
14.15833333333591,retreat,14.158334071747959,2.5762864611602616,3.0268222093582167,-0.21588802337646484,-0.0024075800411083037,2.062699120749015,0.004088507921551354,0.03956468118525214,0.0001426465023541823,5.109303060635284e-07,0.0,0.0,49,0.004654575139284134,0.0019863522611558437,0.004657103214412928,0.0025217700749635696,-1.2118104351088732e-06,-3.1705427177988814,3.7816619169461774e-08,2.751364718278637e-07,-0.00014264622586779296,-1.6042554307205137e-07,-4.850899131270126e-07,-1.0768694824747627e-09,-4.3846896005561575e-05,0.017985528334975243,-0.0006989100947976112,0.9998379945755005,-0.0009654591558501124,0.00038285148912109435,0.007997801527380943,0.29907673597335815,0.03840993344783783,0.011745135299861431,-0.48482534289360046,0.5387880206108093,0.5017664432525635,-1.984747290611267,-0.3702477514743805,2.3953914642333984,1.027463436126709,-0.002685905434191227,-0.011954723857343197,0.004199682269245386,-0.0010397718288004398,0.00988643430173397,-0.009927396662533283,-0.006445301230996847,0.6009515523910522,-5.3829135140404105e-05,0.10434804111719131,-0.0013151083840057254,0.9998369812965393,3.0243495530157816e-06,-0.018009020015597343,-7.676426321268082e-07,3.3769421861507e-05,0.03239593654870987,-2.345085158594884e-05,2.975043207698036e-05,0.9999998211860657,-0.0006168332765810192,-0.0030237282626330853,-0.0035365093499422073,0.0001234360970556736,-0.001983603462576866,-7.575639028800651e-05,-7.192715565906838e-05,-0.0030260661151260138,0.0035366604570299387,-5.163921741768718e-06,-0.002490319311618805,-0.00036139372969046235,0.00016086848336271942,0.0008991360664367676,-3.49004112649709e-05,0.024983800947666168,0.00403182115405798,0.004045640584081411,4.71856037620455e-06,6.7144574131816626e-06,,,,,2.0279646686339037,,,,,,,,,1320,3.158333333333333
14.16666666666925,retreat,14.16666740551591,2.5262237074548626,2.9745265841484083,-0.2148151397705078,-0.003687442813316011,2.0628888757936066,0.004170396550762234,0.055952909680744456,0.00014526605082210153,5.199487986828899e-07,0.0,0.0,51,0.0045951250940561295,0.0019644449930638075,0.004601771477609873,0.0024978583678603172,-1.2350807665484353e-06,-3.1182603082377423,6.537750607549242e-08,4.006181484328408e-07,-0.00014526549784932286,-1.5618918780546664e-07,-4.959326247444551e-07,-1.578604247320925e-09,-3.947594086639583e-05,0.01798715628683567,-0.0006986579392105341,0.9998379349708557,-0.0010790624655783176,0.0004344005137681961,0.008001784794032574,0.30091723799705505,0.04338293522596359,0.01802094094455242,-0.4848482310771942,0.5386850237846375,0.5018009543418884,-1.984747290611267,-0.3701675534248352,2.3952999114990234,1.0274176597595215,-0.002723772544413805,-0.011998720467090607,0.0042818463407456875,-0.0011543701402842999,0.009824366308748722,-0.009872582741081715,-0.006356964819133282,0.6009529829025269,-5.5359225370921195e-05,0.10440044850111008,-0.001314186374656856,0.9998369216918945,-5.083285259388504e-07,-0.018010307103395462,-1.037726178765297e-06,3.3463918953202665e-05,0.03239605575799942,-2.3113516363082454e-05,2.892058364523109e-05,0.9999997615814209,-0.0006161498604342341,-0.00296428008005023,-0.0035025596152991056,0.0002455529756844044,-0.0019621672108769417,-5.383234747569077e-05,-7.775523408781737e-05,-0.0029710312373936176,0.0035030553117394447,-0.00012943055480718613,-0.002463792683556676,-0.0003747258451767266,0.0001657143875490874,0.000899195671081543,-3.4891734685515985e-05,0.024983800947666168,0.004031829070299864,0.0040457649156451225,4.715140676125884e-06,6.713555194437504e-06,,,,,2.0279646686339037,,,,,,,,,1320,3.1666666666666665
14.17500000000259,retreat,14.17500073928386,2.4761532214330533,2.922149002552034,-0.2136826515197754,-0.004873947546002455,2.0628888757936066,0.004559000444714911,0.06852804166478502,0.0001568658190080896,5.615382292489812e-07,0.0,0.0,51,0.004485212732106447,0.0019570079166442156,0.00449681980535388,0.0024669186677783728,-1.3382549468587968e-06,-3.0658827266413677,5.107254352765267e-08,3.771265824070724e-07,-0.00015686536789871752,-1.6774734490354604e-07,-5.358953103495878e-07,-1.4761751820913105e-09,-3.516459037200548e-05,0.017987564206123352,-0.0006986020598560572,0.9998379349708557,-0.0011997825931757689,0.00047553368494845927,0.008006640709936619,0.3014809489250183,0.04863728955388069,0.02127605490386486,-0.48487111926078796,0.5385820269584656,0.5018354654312134,-1.9847480058670044,-0.3700873553752899,2.3952083587646484,1.027371883392334,-0.002758097369223833,-0.012041262350976467,0.004357395693659782,-0.001268619205802679,0.00976801011711359,-0.009814823977649212,-0.006275482475757599,0.6009541749954224,-5.692143167834729e-05,0.10445278882980347,-0.0013133095344528556,0.9998368620872498,-4.201132014713949e-06,-0.01801171340048313,-1.0078074410557747e-06,3.3035634260158986e-05,0.03239601477980614,-2.411625609965995e-05,2.8321326681179926e-05,0.9999997019767761,-0.0006153177237138152,-0.0029690659139305353,-0.0033421821426600218,0.0003627671394497156,-0.0019544644746929407,-5.823809260618873e-05,-8.097560930764303e-05,-0.002980019198730588,0.003343007294461131,-0.00024681523791514337,-0.0024328306317329407,-0.00037100017652846873,0.0001678368280408904,0.0008992552757263184,-3.48928188032005e-05,0.024983800947666168,0.0040318407118320465,0.004045888781547546,4.7057501433300786e-06,6.701186066493392e-06,,,,,2.0279646686339037,,,,,,,,,1320,3.175
14.18333333333593,retreat,14.18333407305181,2.4260757763264795,2.8698608279228224,-0.21278858184814453,-0.006139906417956809,2.0630786133927073,0.011027127584384289,0.03956468118525214,0.000204535317607224,7.421533041451767e-07,0.0,0.0,54,0.004231720231473446,0.001952211488969624,0.004254350438714027,0.0024413415230810642,-1.7582231492951905e-06,-3.013607766444246,1.677681495948491e-07,5.534586193789437e-07,-0.0002045345026999712,-2.750702492448909e-07,-6.892915394018928e-07,-2.250645669832352e-09,-3.641995135694742e-05,0.0179891437292099,-0.0006985107320360839,0.9998379349708557,-0.001209793845191598,0.0005148081691004336,0.00799623504281044,0.301841139793396,0.04756762459874153,0.01978357322514057,-0.4848940074443817,0.5384790301322937,0.5018699765205383,-1.9847623109817505,-0.37000715732574463,2.3951168060302734,1.0273261070251465,-0.0027892966754734516,-0.012082579545676708,0.004426931031048298,-0.0013826866634190083,0.009716279804706573,-0.009755488485097885,-0.006200066301971674,0.6009487509727478,-5.682421033270657e-05,0.1044999286532402,-0.0013127386337146163,0.9998367428779602,-6.1139162426115945e-06,-0.01802006922662258,5.6623248383402824e-06,3.4350181522313505e-05,0.03239064663648605,-3.089014353463426e-05,3.1498151656705886e-05,0.9999998211860657,-0.0006148949614726007,-0.002724638907238841,-0.0032039168290793896,0.00046766939340159297,-0.0019501381320878863,-3.46255001204554e-05,-8.301790512632579e-05,-0.0027395307552069426,0.003205037908628583,-0.0003607739636208862,-0.0024084572214633226,-0.0003592844877857715,0.00016904747462831438,0.0008993148803710938,-3.4887118090409786e-05,0.02498379349708557,0.004031849093735218,0.004045948851853609,4.701820216723718e-06,6.697169737890363e-06,,,,,2.0279646686339037,,,,,,,,,1320,3.183333333333333
14.19166666666927,retreat,14.19166740681976,2.3759921453667783,2.8227061033248915,-0.21904706954956055,-0.012704305845545605,2.06383738943043,0.01552017783978954,0.06852804166478502,0.0006906839553266764,1.4435798902923125e-06,0.0004944956162944436,0.0,54,0.017563017085194588,0.0035735878627747297,0.017562521621584892,0.0011619372526183724,-3.706542969439397e-06,-2.9665058874155483,0.0004957571509294212,3.771670162677765e-05,-0.00047942326636984944,-1.770338968754004e-07,-1.4312100802271743e-06,-6.495815085827417e-08,-3.9738999475957826e-05,0.017999885603785515,-0.0005932811764068902,0.9998377561569214,0.0005201739841140807,-0.011480512097477913,0.00798129104077816,-0.3132542073726654,-0.037481844425201416,0.03331185132265091,-0.484917014837265,0.5383760333061218,0.5019055604934692,-1.98478364944458,-0.3699270188808441,2.3950252532958984,1.027280330657959,-0.0028808736242353916,-0.012096232734620571,0.0046560270711779594,-0.0015334374038502574,0.0099337724968791,-0.009556381031870842,-0.006225419230759144,0.6009402275085449,-5.545452586375177e-05,0.10454458743333817,-0.0013125328114256263,0.9998365640640259,-6.812706033088034e-06,-0.01803170144557953,8.58912244439125e-06,4.226502642268315e-05,0.03238804638385773,-3.177559483447112e-05,3.361787094036117e-05,0.9999996423721313,-0.0007199759129434824,0.0012262635864317417,0.017512623220682144,-0.0005137010011821985,-0.0034685025457292795,0.0008597268024459481,2.9835600798833184e-05,0.001242921338416636,-0.017513873055577278,0.0004231893690302968,-0.0009391268249601126,-0.000682528770994395,2.336309989914298e-06,0.0008998513221740723,-2.9623481168528087e-05,0.024983778595924377,0.0040252432227134705,0.0040374151431024075,-0.00035861803917214274,-0.000510629266500473,,,,,2.0279646686339037,,,,,,,,,1320,3.1916666666666664
14.20000000000261,retreat,14.200000740587711,2.325903101785592,2.7783080935478224,-0.21922588348388672,-0.02011477954511065,2.0556658757314756,0.019717881514225155,0.06852804166478502,0.2006468027830124,0.0003543094207998365,0.16027452051639557,-0.00017306061295130348,48,0.17439687252044678,0.008018488995730877,0.04133126884698868,0.011698542162775993,-0.0011329114495310932,-2.921538764650379,0.16028618812561035,0.006773202680051327,-0.12050560861825943,3.5291221138322726e-05,-0.00035156658850610256,2.627976209623739e-05,-3.2548308809055015e-05,0.017931735143065453,-0.00046579333138652146,0.9998390674591064,-0.00013092116569168866,0.0005281225894577801,0.008097048848867416,0.27169036865234375,0.04358741641044617,0.0009250271250493824,-0.48493924736976624,0.53827303647995,0.5019402503967285,-1.984799861907959,-0.36985087394714355,2.3949570655822754,1.0272345542907715,-0.00233995052985847,-0.011783613823354244,0.0039038697723299265,-0.0013060662895441055,0.008861806243658066,-0.007019887678325176,-0.005558626726269722,0.6009392142295837,-5.3718104027211666e-05,0.10459309816360474,-0.0013134873006492853,0.9998365640640259,-6.2670274019183125e-06,-0.01802903413772583,9.39809251576662e-06,5.1483832066878676e-05,0.032392099499702454,-9.728109580464661e-05,2.3655404220335186e-05,0.9999995231628418,-0.0008482579723931849,-0.12938718497753143,-0.015256569720804691,-0.11593300849199295,-0.0013765206094831228,-0.00789466593414545,0.00027495951508171856,-0.125122532248497,0.014947479590773582,0.12056198716163635,-0.0035825632512569427,-0.01079530455172062,-0.000167748294188641,0.000896453857421875,-2.325673631276004e-05,0.024983912706375122,0.004019709769636393,0.004033219069242477,4.788229034602409e-06,6.825663149356842e-06,,,,,2.0279646686339037,,,,,,,,,1320,3.2
14.20833333333595,retreat,14.208334074355662,2.275809418814564,2.73052752017975,-0.2186894416809082,-0.019240871552028693,2.0549993231024892,0.018045524484477937,0.03956468118525214,0.21784047782421112,0.0003845342725981027,0.17425671219825745,-0.001693123181212286,55,0.2014906108379364,0.02295566536486149,0.01718912273645401,0.0017891465686261654,-0.0011078818351961672,-2.873711768450034,0.17287105321884155,0.021939294412732124,-0.13072389364242554,5.122274887980893e-05,-0.0003810881171375513,3.8319103623507544e-06,-1.3910687812312972e-05,0.017926640808582306,-0.0004504384705796838,0.9998392462730408,-7.54363281885162e-05,0.0007525396067649126,0.008041184395551682,0.28586262464523315,0.04814155772328377,-0.0629693865776062,-0.48495715856552124,0.538177490234375,0.5019745230674744,-1.984799861907959,-0.3697763979434967,2.394894599914551,1.027188777923584,-0.0019973227754235268,-0.011396292597055435,0.0036355878692120314,-0.0009763370617292821,0.008929217234253883,-0.00646864902228117,-0.005594728514552116,0.6009452939033508,-5.070662882644683e-05,0.1046438217163086,-0.0013156941859051585,0.9998367428779602,-5.498962764249882e-06,-0.018019214272499084,3.3281976357102394e-06,5.377151683205739e-05,0.03239523619413376,-9.25836939131841e-05,3.938765530620003e-06,0.9999996423721313,-0.0008654675912111998,-0.1633174866437912,0.015315752476453781,-0.11700977385044098,-0.003509853035211563,-0.02268572710454464,-3.5457742342259735e-05,-0.15899616479873657,-0.015629515051841736,0.12277781963348389,-0.0012885711621493101,-0.0009079072624444962,8.838989015202969e-05,0.0008962154388427734,-2.2505835659103468e-05,0.02498392015695572,0.004018228966742754,0.0040320116095244884,5.144388524058741e-06,7.316528353840113e-06,,,,,2.0279646686339037,,,,,,,,,1320,3.2083333333333335
14.21666666666929,retreat,14.216667408123612,2.2257118696853286,2.6802957057952894,-0.21833181381225586,-0.01658437577134464,2.060515682282335,0.01918817542900797,0.055952909680744456,0.0333777591586113,5.908364983042702e-05,0.026679132133722305,-0.0008697559223946882,55,0.05379165709018707,0.019333595409989357,0.027609528973698616,0.011764242313802242,-0.0001312751483055763,-2.8238641467257346,0.026481525972485542,0.0032448512502014637,-0.02005678042769432,7.935002031445038e-06,-5.853876791661605e-05,1.0611951211103587e-06,-4.0974879084387794e-05,0.01797517016530037,-0.0004483268712647259,0.9998383522033691,-0.0001644059520913288,0.0008038232917897403,0.007700070273131132,0.30150535702705383,0.0023899422958493233,0.010924241505563259,-0.48497432470321655,0.5380859375,0.5020087957382202,-1.984799861907959,-0.36970192193984985,2.394803047180176,1.0271430015563965,-0.0020623356103897095,-0.011396571062505245,0.003829829627647996,-0.0007905559032224119,0.009114501997828484,-0.008940039202570915,-0.005704749841243029,0.6009445786476135,-4.81086754007265e-05,0.10469022393226624,-0.0013156668283045292,0.9998366236686707,-4.256440206518164e-06,-0.018024848774075508,4.627509042620659e-06,5.3699630370829254e-05,0.032391369342803955,-4.964644176652655e-05,2.9656061087734997e-05,0.9999995827674866,-0.0008680149330757558,-0.05277102813124657,0.005360743962228298,-0.00894558522850275,-0.004891890101134777,-0.018703531473875046,-0.00018779077799990773,-0.052414603531360626,-0.005386315286159515,0.01082770898938179,-0.004106817301362753,0.01107944268733263,0.00036806619027629495,0.0008985996246337891,-2.237589069409296e-05,0.024983838200569153,0.0040182382799685,0.00403214618563652,5.147758201928809e-06,7.331371307373047e-06,,,,,2.0279646686339037,,,,,,,,,1320,3.216666666666667
14.22500000000263,retreat,14.225000741891563,2.1756112276295365,2.6339977979660048,-0.2186298370361328,-0.01330094164586626,2.060230715435817,0.01887319376692176,0.06852804166478502,0.06315786391496658,0.00011132413783343509,0.05052626505494118,0.0,49,0.06149416044354439,0.0066800410859286785,0.003706914372742176,0.0019460846669971943,-0.00031006060453364626,-2.7775463921120775,0.05037722364068031,0.003918091766536236,-0.03789062052965164,1.0206689694314264e-05,-0.00011083537538070232,2.0993359157728264e-06,-4.068384805577807e-05,0.01797187142074108,-0.000452913052868098,0.9998383522033691,-0.0001044007294694893,0.0006051198579370975,0.008793864399194717,0.4136722981929779,0.013054680079221725,0.002667115768417716,-0.48499149084091187,0.537994384765625,0.5020430684089661,-1.984799861907959,-0.369627445936203,2.394711494445801,1.027097225189209,-0.001989982323721051,-0.011339974589645863,0.003777762409299612,-0.0007709291530773044,0.009130997583270073,-0.008710874244570732,-0.0056486050598323345,0.6009435057640076,-4.582163819577545e-05,0.10473644733428955,-0.0013155235210433602,0.9998365044593811,-3.0897583656042116e-06,-0.018030982464551926,5.796551704406738e-06,5.269238317850977e-05,0.0323912687599659,-5.9078814956592396e-05,2.829103141266387e-05,0.9999995231628418,-0.000863261113408953,-0.04878084734082222,0.0019809724763035774,-0.037390321493148804,-0.0020419505890458822,-0.00635230029001832,0.00031885571661405265,-0.04740108549594879,-0.002081341575831175,0.03911950811743736,-0.0017641052836552262,-0.0006937137804925442,-0.000254658458288759,0.0008984208106994629,-2.260543442389462e-05,0.024983838200569153,0.00401825737208128,0.0040322355926036835,4.746802005684003e-06,6.757181836292148e-06,,,,,2.0279646686339037,,,,,,,,,1320,3.225
14.23333333333597,retreat,14.233334075659513,2.1255082658788176,2.587923407554628,-0.21910667419433594,-0.01104155853681732,2.0601357177312334,0.019480756236589514,0.03956468118525214,0.08641759306192398,0.0001525115076219663,0.06908349692821503,-0.00017306061295130348,50,0.0793205052614212,0.008467334322631359,0.007380990777164698,0.00245596538297832,-0.000374582539734547,-2.7314653854953184,0.06886311620473862,0.005532609298825264,-0.05191591754555702,1.364196214126423e-05,-0.00015188475663308054,2.1622711301461095e-06,-3.564658618415706e-05,0.017971236258745193,-0.0004509107384365052,0.9998384118080139,0.00017351072165183723,0.0006688415305688977,0.007888457737863064,0.13958239555358887,0.00097814726177603,-0.03376638889312744,-0.4850086271762848,0.53790283203125,0.5020773410797119,-1.984799861907959,-0.36955296993255615,2.394620180130005,1.0270514488220215,-0.0018746162531897426,-0.011250937357544899,0.0036717099137604237,-0.0006992536946199834,0.009069184772670269,-0.008359433151781559,-0.005596841685473919,0.6009427905082703,-4.308203642722219e-05,0.10478279739618301,-0.001315355533733964,0.9998364448547363,-1.4955993492549169e-06,-0.01803652197122574,6.403657607734203e-06,5.3160591050982475e-05,0.032391536980867386,-6.526400102302432e-05,2.1631281924783252e-05,0.9999996423721313,-0.0008649763185530901,-0.06406744569540024,0.0037278097588568926,-0.04661768674850464,-0.0026056754868477583,-0.008056373335421085,3.247666609240696e-05,-0.06234458461403847,-0.003853265196084976,0.04888811707496643,-0.002064433181658387,-0.0011986875906586647,4.228604302625172e-05,0.0008984208106994629,-2.250986290164292e-05,0.024983838200569153,0.0040182615630328655,0.004032303113490343,8.678542144480161e-06,1.2357428204268217e-05,,,,,2.0279646686339037,,,,,,,,,1320,3.2333333333333334
14.24166666666931,retreat,14.241667409427464,2.0754037576648177,2.541714906692506,-0.21916627883911133,-0.00834866295917891,2.0601357177312334,0.01910895480250474,0.055952909680744456,0.10578631609678268,0.0001864658552221954,0.08462902158498764,-0.0006164121373331,52,0.0997454971075058,0.01110237929970026,0.006654427386820316,0.0022389895748347044,-0.00047880141755740624,-2.685256884633197,0.0843731015920639,0.006620052270591259,-0.06346730887889862,1.720729414955713e-05,-0.0001856412854976952,3.2763928174972534e-06,-2.928037429228425e-05,0.01797114498913288,-0.00044791557593271136,0.9998383522033691,0.00019272079225629568,1.9403531041461974e-05,0.008044185116887093,0.21874016523361206,0.010383524931967258,-0.028176255524158478,-0.4850257337093353,0.537811279296875,0.5021116137504578,-1.984799861907959,-0.3694784939289093,2.394535541534424,1.027005672454834,-0.0017248146468773484,-0.011126413010060787,0.0035323863849043846,-0.00058074074331671,0.008984647691249847,-0.008057966828346252,-0.005517333280295134,0.6009433269500732,-4.048716800753027e-05,0.10482950508594513,-0.0013160407543182373,0.9998363852500916,-4.2259188148818794e-07,-0.018039263784885406,6.003654561936855e-06,5.3107040002942085e-05,0.03239205852150917,-6.810188642702997e-05,1.4127388567430899e-05,0.9999995827674866,-0.0008685202337801456,-0.08009839802980423,0.006773448549211025,-0.05905532091856003,-0.002967400476336479,-0.010697618126869202,0.00013540212239604443,-0.07791630923748016,-0.006932571996003389,0.061888206750154495,-0.001989230513572693,-0.0008730310946702957,-6.168856634758413e-05,0.0008984208106994629,-2.2365848053595982e-05,0.024983838200569153,0.0040182494558393955,0.004032350145280361,6.31327202427201e-06,8.989445632323623e-06,,,,,2.0279646686339037,,,,,,,,,1320,3.2416666666666667
14.25000000000265,retreat,14.250000743195415,2.025298476219179,2.4951413273811354,-0.21922588348388672,-0.005976602551527321,2.061085497827297,0.02149968349840492,0.055952909680744456,0.08811014890670776,0.0001553389593027532,0.0704880952835083,-0.00042640431274776347,52,0.08618001639842987,0.0121018560603261,0.0028673666529357433,0.0026974694337695837,-0.00039277758696698584,-2.6387494536411413,0.07027051597833633,0.005560564808547497,-0.05286334827542305,1.4361961802933365e-05,-0.00015465279284399003,2.5377087240485707e-06,-3.622348958742805e-05,0.01797981560230255,-0.00044595557847060263,0.9998382329940796,0.0001669281773502007,0.00033467417233623564,0.007833130657672882,0.2717685401439667,0.017116712406277657,0.027504367753863335,-0.4850398302078247,0.5377197265625,0.5021458268165588,-1.984799861907959,-0.36940401792526245,2.394444227218628,1.0269598960876465,-0.0016249943291768432,-0.01104766596108675,0.003449820913374424,-0.00045604034676216543,0.008939641527831554,-0.00828129518777132,-0.005487622693181038,0.6009424924850464,-3.5954260965809226e-05,0.10487598180770874,-0.0013158370275050402,0.999836266040802,2.7228559247305384e-06,-0.018044939264655113,7.141963578760624e-06,5.525077722268179e-05,0.032391924411058426,-6.51025038678199e-05,1.7881042367662303e-05,0.9999995827674866,-0.0008703452185727656,-0.07173465937376022,0.005209480877965689,-0.047476258128881454,-0.0032088530715554953,-0.011668679304420948,1.0147168723051436e-05,-0.06997502595186234,-0.005338175687938929,0.05001993104815483,-0.002452222164720297,0.0013058995828032494,8.583151793573052e-05,0.0008988380432128906,-2.226160722784698e-05,0.024983830749988556,0.0040182387456297874,0.004032407887279987,5.174568286747672e-06,7.368478691205382e-06,,,,,2.0279646686339037,,,,,,,,,1320,3.25
14.25833333333599,retreat,14.258334076963365,1.9751931947735404,2.44882106781006,-0.2199411392211914,-0.0010883541108341888,2.061655155950337,0.01938132118084468,0.03956468118525214,0.10106604546308517,0.00017818395281210542,0.0808497965335846,-0.00010972466668590641,53,0.09632702171802521,0.011336637660861015,0.00635115522891283,0.0018559679156169295,-0.00045220739593787584,-2.592468868421634,0.08066040277481079,0.0056723542511463165,-0.06063059717416763,1.692825389909558e-05,-0.00017728388775140047,5.777762908110162e-06,-4.1059127397602424e-05,0.017984231933951378,-0.0004574351478368044,0.99983811378479,0.0001306043704971671,-0.0018144327914342284,0.007571629714220762,0.20783288776874542,0.011603444814682007,-0.009862027131021023,-0.48505139350891113,0.537628173828125,0.5021740794181824,-1.984799861907959,-0.3693295121192932,2.3943581581115723,1.026914119720459,-0.0015058459248393774,-0.010944933630526066,0.003347443649545312,-0.0003434846003074199,0.008940362371504307,-0.008102519437670708,-0.005455024540424347,0.6009424328804016,-3.350878250785172e-05,0.10492159426212311,-0.0013149915030226111,0.999836266040802,4.17276942243916e-06,-0.01804906129837036,6.728572770953178e-06,5.2749746828339994e-05,0.0323912613093853,-6.480003503384069e-05,2.1487954654730856e-05,0.9999996423721313,-0.0008580840658396482,-0.07792194932699203,0.009163057431578636,-0.055884722620248795,-0.003108792006969452,-0.010899868793785572,0.00021820901019964367,-0.07585453242063522,-0.00931431446224451,0.0586363784968853,-0.0017887066351249814,-0.0003560734912753105,-0.00015051328227855265,0.0008990764617919922,-2.283113462908659e-05,0.024983815848827362,0.004018290899693966,0.004031253978610039,5.13931991008576e-06,7.320981239899993e-06,,,,,2.0279646686339037,,,,,,,,,1320,3.2583333333333333
14.26666666666933,retreat,14.266667410731316,1.9250886865595405,2.403320372104646,-0.21988153457641602,0.0008891165066415851,2.061939926019411,0.017826967450673692,0.07912936237050427,0.10284005105495453,0.00018113288388121873,0.082272008061409,-0.00042640436959118233,51,0.09913825988769531,0.012403889559209347,0.00452274177223444,0.0026795866433531046,-0.00048396815145679284,-2.5469880057781005,0.08221494406461716,0.003114241175353527,-0.06170155107975006,8.569362762500532e-06,-0.00018091837409883738,2.0571844743244583e-06,-4.222508141538128e-05,0.017987247556447983,-0.00044643369619734585,0.9998380541801453,0.0001430539705324918,0.0006694560870528221,0.007745104841887951,0.30238479375839233,0.01984875462949276,0.06584610790014267,-0.4850628674030304,0.53753662109375,0.5021979212760925,-1.984799861907959,-0.36925506591796875,2.3942716121673584,1.0268683433532715,-0.001359549816697836,-0.010860233567655087,0.0031673768535256386,-0.00019499608606565744,0.008785220794379711,-0.008133039809763432,-0.005384853109717369,0.6009421348571777,-3.381252463441342e-05,0.10496721416711807,-0.0013129656435921788,0.9998360872268677,4.066736437380314e-06,-0.01805357076227665,7.382477633655071e-06,5.0337759603280574e-05,0.03239135444164276,-6.629242125200108e-05,2.2593489120481536e-05,0.999999463558197,-0.000867081806063652,-0.0808141902089119,0.0004982966929674149,-0.05742136016488075,-0.002752205589786172,-0.012094697915017605,1.053519645211054e-05,-0.07868854701519012,-0.0006535341963171959,0.06029989570379257,-0.0026758015155792236,0.00042037852108478546,9.129980753641576e-05,0.000899195671081543,-2.228009543614462e-05,0.024983815848827362,0.004018302541226149,0.004032602533698082,5.049258106737398e-06,7.1931572165340185e-06,,,,,2.0279646686339037,,,,,,,,,1320,3.2666666666666666
14.27500000000267,retreat,14.275000744499266,1.8749857248088215,2.3578122258186354,-0.2199411392211914,-0.0009808118193177506,2.062319558304099,0.018709297364694066,0.03956468118525214,0.10849913954734802,0.0001912847365019843,0.08676525950431824,-0.00010972466668590641,51,0.1038987934589386,0.012427914887666702,0.004864043556153774,0.0015503376489505172,-0.0004625224792107474,-2.501506299310875,0.08641520142555237,0.007805326022207737,-0.06514254957437515,1.706088187347632e-05,-0.0001905207900563255,-7.805562063367688e-07,-4.528107092482969e-05,0.017991002649068832,-0.0004314770339988172,0.99983811378479,0.00016496943135280162,0.0005894377245567739,0.007633318193256855,0.28621143102645874,0.01806091144680977,0.09602534770965576,-0.48507431149482727,0.537445068359375,0.5022211074829102,-1.984799861907959,-0.3691805601119995,2.3941898345947266,1.026822566986084,-0.0012482204474508762,-0.010756748728454113,0.0030728511046618223,-7.135762280086055e-05,0.00887713860720396,-0.008016309700906277,-0.005449988879263401,0.6009426712989807,-3.4216471249237657e-05,0.10501246154308319,-0.0013116287300363183,0.9998360872268677,3.2069694952951977e-06,-0.01805613562464714,6.943591870367527e-06,5.1717477617785335e-05,0.03239111974835396,-6.509992817882448e-05,2.6259553123963997e-05,0.9999996423721313,-0.0008807704434730113,-0.08418012410402298,0.006648104637861252,-0.06053486838936806,-0.002519780769944191,-0.012169706635177135,4.4940647057956085e-05,-0.08193980902433395,-0.0068113734014332294,0.06351717561483383,-0.0015566993970423937,9.309500455856323e-06,1.570086897118017e-05,0.0008994340896606445,-2.1529627701966092e-05,0.024983808398246765,0.0040181721560657024,0.004031359683722258,5.152279754838673e-06,7.341208402067423e-06,,,,,2.0279646686339037,,,,,,,,,1320,3.275
14.28333333333601,retreat,14.283334078267217,1.8248850827530294,2.31265425682068,-0.21982192993164062,0.00047174029305097065,2.06326833355113,0.017272124750888906,0.06852804166478502,0.10043906420469284,0.00017692972323857248,0.08033981919288635,-0.00042640431274776347,50,0.09831806272268295,0.012865171767771244,0.0021957727149128914,0.002289692172780633,-0.00046777645547990687,-2.4564144085579414,0.08027908205986023,0.0031499238684773445,-0.060277290642261505,8.28636530059157e-06,-0.0001767286448739469,1.5638374861737248e-06,-4.614200952346437e-05,0.01799866184592247,-0.00044697546400129795,0.9998378753662109,0.00015196861932054162,0.0008343412773683667,0.007746218703687191,0.3102123439311981,0.018929993733763695,-0.029389677569270134,-0.48508572578430176,0.537353515625,0.5022441744804382,-1.984799861907959,-0.36910611391067505,2.394104242324829,1.0267767906188965,-0.0011493597412481904,-0.01068132370710373,0.002977539785206318,6.383883737726137e-05,0.00887079443782568,-0.008155107498168945,-0.005468647461384535,0.6009423732757568,-3.4987751860171556e-05,0.10505789518356323,-0.0013096088077872992,0.9998359680175781,2.441498509142548e-06,-0.018060535192489624,7.65558797866106e-06,4.9364418373443186e-05,0.03239138051867485,-6.183965888340026e-05,2.8193893740535714e-05,0.9999995231628418,-0.0008632835233584046,-0.08054016530513763,0.0034604985266923904,-0.056282758712768555,-0.0026653027161955833,-0.012586027383804321,-2.6661196898203343e-05,-0.0784551128745079,-0.00361207639798522,0.0591454915702343,-0.0021600541658699512,0.0009512361139059067,0.0001112383179133758,0.0008997917175292969,-2.230362588306889e-05,0.02498379349708557,0.004018209874629974,0.004032740369439125,5.088320904178545e-06,7.2448456194251776e-06,,,,,2.0279646686339037,,,,,,,,,1320,3.283333333333333
14.29166666666935,retreat,14.291667412035167,1.774787533623794,2.2672504186630262,-0.22011995315551758,-0.002013654011534527,2.06383738943043,0.019173505279468372,0.06852804166478502,0.1034020334482193,0.00018215544696431607,0.08271618187427521,-0.00010972466668590641,53,0.09991220384836197,0.01222944911569357,0.004954299423843622,0.0022462469059973955,-0.0005439514061436057,-2.411050202753683,0.08247635513544083,-0.00632837787270546,-0.06204500049352646,-1.700528991932515e-05,-0.00018132347031496465,-3.636196197476238e-06,-4.325084955780767e-05,0.018004097044467926,-0.0004341794701758772,0.9998377561569214,0.00013851387484464794,0.0004645169829018414,0.007623959332704544,0.27467939257621765,0.013464007526636124,-0.005969896446913481,-0.48509714007377625,0.537261962890625,0.5022673010826111,-1.984799861907959,-0.3690316081047058,2.3940162658691406,1.026731014251709,-0.0010348864598199725,-0.010613961145281792,0.0028364788740873337,0.00020092252816539258,0.008796392008662224,-0.008178772404789925,-0.005453979596495628,0.60094153881073,-3.579675103537738e-05,0.1051025390625,-0.0013075476745143533,0.9998359084129333,1.6873892718649586e-06,-0.018066249787807465,8.534407243132591e-06,5.090615741210058e-05,0.032390594482421875,-6.21203871560283e-05,2.5859199013211764e-05,0.9999995231628418,-0.0008739792392589152,-0.08119770139455795,-0.003055460751056671,-0.0581381618976593,-0.001783057115972042,-0.012098765932023525,3.1672018394601764e-06,-0.07904423028230667,0.002899331972002983,0.06104138493537903,-0.00221999385394156,0.00036919303238391876,8.216033893404528e-05,0.0009000301361083984,-2.166651756851934e-05,0.024983786046504974,0.004018188454210758,0.00403157202526927,5.256621079752222e-06,7.486873073503375e-06,,,,,2.0279646686339037,,,,,,,,,1320,3.2916666666666665
14.30000000000269,retreat,14.300000745803118,1.7246938506527645,2.222666144371034,-0.2199411392211914,-0.0025942717911675572,2.0634580362736865,0.019298351617180742,0.07912936237050427,0.1326787918806076,0.0002335872850380838,0.10613757371902466,-0.0004897402732240153,51,0.12541529536247253,0.013334211893379688,0.009069368243217468,0.0019096352625638247,-0.0006207123115018476,-2.3664395081082272,0.10602331161499023,0.004927982576191425,-0.07961428165435791,1.0410263712401502e-05,-0.0002333529555471614,-1.0208570984104881e-06,-3.484375702100806e-05,0.018000872805714607,-0.00043611470027826726,0.9998378157615662,0.0002858801162801683,0.00026148560573346913,0.007756308186799288,0.25862473249435425,0.023308757692575455,0.004244701471179724,-0.4851054847240448,0.53717041015625,0.5022902488708496,-1.984799861907959,-0.36895713210105896,2.393941640853882,1.0266852378845215,-0.0008938799146562815,-0.010482150129973888,0.0027020233683288097,0.00034457966103218496,0.008869561366736889,-0.007765666581690311,-0.005513709504157305,0.6009436845779419,-3.414452658034861e-05,0.10514884442090988,-0.0013068837579339743,0.9998359084129333,2.5255794753320515e-06,-0.01806510053575039,6.556394509971142e-06,5.309961852617562e-05,0.03239238262176514,-6.42076920485124e-05,1.6668382158968598e-05,0.999999463558197,-0.0008712135022506118,-0.09982383251190186,0.003662476781755686,-0.07583394646644592,-0.0017954909708350897,-0.013212655670940876,5.616159251076169e-05,-0.09701938182115555,-0.003865854348987341,0.07938066869974136,-0.0012634338345378637,-0.0012076711282134056,-8.357754268217832e-06,0.0008999109268188477,-2.1770838429802097e-05,0.02498379349708557,0.004018188454210758,0.004031662829220295,5.498593964148313e-06,7.832917617633939e-06,,,,,2.0279646686339037,,,,,,,,,1320,3.3
14.30833333333603,retreat,14.308334079571068,1.6746048070715815,2.1764278411865248,-0.21952390670776367,-0.000993830440165766,2.065354105583327,0.021295900296536274,0.07912936237050427,0.07734045386314392,0.00013627247244585305,0.06187187135219574,-0.0004897402732240153,50,0.0811695009469986,0.013794969767332077,0.006109242327511311,0.004148545674979687,-0.0003327958984300494,-2.3203332581215528,0.061823803931474686,0.002458755159750581,-0.046403855085372925,6.31407237960957e-06,-0.000136121831019409,1.0792243756441167e-06,-4.828111923416145e-05,0.01801733486354351,-0.00043605611426755786,0.9998375773429871,0.0002347317204112187,0.0008287468226626515,0.007586384192109108,0.3037649989128113,0.010168525390326977,0.025811107829213142,-0.48511210083961487,0.537078857421875,0.5023131966590881,-1.984799861907959,-0.3688826560974121,2.393850088119507,1.026639461517334,-0.0008898497326299548,-0.010469462722539902,0.002734957728534937,0.00046722471597604454,0.008978516794741154,-0.008522707037627697,-0.005599704105407,0.6009420156478882,-3.214976459275931e-05,0.10519331693649292,-0.0013041241327300668,0.999835729598999,4.388843080960214e-06,-0.01807260513305664,9.06351488083601e-06,5.330836575012654e-05,0.0323905423283577,-5.523143045138568e-05,2.8268461392144673e-05,0.999999463558197,-0.0008687210502102971,-0.06926839053630829,0.002286351751536131,-0.042251043021678925,-0.0027497552800923586,-0.013518070802092552,-4.247319884598255e-05,-0.06769630312919617,-0.0024003933649510145,0.04472064599394798,-0.0024138300213962793,0.00351156760007143,0.00014267124061007053,0.0009007453918457031,-2.175576810259372e-05,0.024983763694763184,0.0040182070806622505,0.00403176574036479,5.1743563744821586e-06,7.366266800090671e-06,,,,,2.0279646686339037,,,,,,,,,1320,3.308333333333333
14.31666666666937,retreat,14.316667413339019,1.624521176111882,2.1318733692169203,-0.21964311599731445,0.0014298965425041388,2.064785467530935,0.02030757605098188,0.055952909680744456,0.1420510709285736,0.0002501337439753115,0.1136276051402092,0.0,51,0.13239005208015442,0.012205020524561405,0.013296074233949184,0.0033953196834772825,-0.0006572478014277294,-2.275739182936238,0.11355699598789215,0.004105892963707447,-0.08524350821971893,1.1925324542971794e-05,-0.00024982282775454223,3.6365679534355877e-06,-3.910432496923022e-05,0.01801208406686783,-0.00044388085370883346,0.9998376965522766,0.0003361930139362812,0.00021006230963394046,0.007662598975002766,0.2526392936706543,0.02259013243019581,0.032840482890605927,-0.48511800169944763,0.5369873642921448,0.5023362040519714,-1.984799861907959,-0.36880818009376526,2.3937771320343018,1.0265936851501465,-0.0007254217052832246,-0.01033447403460741,0.0025519130285829306,0.00060225062770769,0.008931427262723446,-0.007752222940325737,-0.005552131216973066,0.6009445786476135,-2.8664246201515198e-05,0.10523928701877594,-0.0013037121389061213,0.9998357892036438,6.595022568944842e-06,-0.018070682883262634,6.309477612376213e-06,5.4344680393114686e-05,0.03239204362034798,-5.8575915318215266e-05,1.7042388208210468e-05,0.9999995827674866,-0.0008602802408859134,-0.10335908830165863,0.004204601515084505,-0.08262171596288681,-0.0019126090919598937,-0.012051045894622803,0.00027703004889190197,-0.10030615329742432,-0.004426194354891777,0.08629144728183746,-0.0013097644550725818,-0.0028793606907129288,-0.0002317153848707676,0.0009004473686218262,-2.21552236325806e-05,0.02498377114534378,0.004018913954496384,0.004032186698168516,5.412030077422969e-06,7.696828106418252e-06,,,,,2.0279646686339037,,,,,,,,,1320,3.3166666666666664
14.32500000000271,retreat,14.32500074710697,1.5744437310053048,2.085918188095094,-0.21946430206298828,0.005470448741107248,2.0672484365815995,0.02013747325690929,0.055952909680744456,0.060476191341876984,0.00010652306082192808,0.04838093742728233,0.0,48,0.06772612035274506,0.013719175942242146,0.010400645434856415,0.005547132343053818,-0.00027712365408660844,-2.229955537004554,0.0483069121837616,-0.002746548969298601,-0.03628041595220566,-4.359248123364523e-06,-0.00010640281834639609,2.568990566942375e-06,-5.9402387705631554e-05,0.018033575266599655,-0.00045688115642406046,0.9998372793197632,0.00032053713221102953,0.0006022370071150362,0.00733985798433423,0.2574000358581543,0.004142808262258768,-0.022062450647354126,-0.485123872756958,0.5368959903717041,0.5023590922355652,-1.984799861907959,-0.3687337040901184,2.3936855792999268,1.026547908782959,-0.0007637869566679001,-0.010374141857028008,0.0026151351630687714,0.0007178120431490242,0.009001151658594608,-0.008856860920786858,-0.005636144895106554,0.6009429097175598,-2.6579757104627788e-05,0.1052839607000351,-0.0013009668327867985,0.9998356699943542,8.556540706194937e-06,-0.018078170716762543,8.595176041126251e-06,5.220516322879121e-05,0.03239070624113083,-4.4544849515659735e-05,3.5635082895169035e-05,0.9999995827674866,-0.0008448699954897165,-0.059443142265081406,-0.00022663459822069854,-0.032454416155815125,-0.002874355996027589,-0.013414053246378899,-0.00013061045319773257,-0.058231040835380554,0.00013840044266544282,0.034582577645778656,-0.0028985245153307915,0.0048265233635902405,0.0002512145438231528,0.0009015202522277832,-2.2786778572481126e-05,0.024983733892440796,0.0040194690227508545,0.004032626282423735,5.211058123677503e-06,7.414753781631589e-06,,,,,2.0279646686339037,,,,,,,,,1320,3.3249999999999997
14.33333333333605,retreat,14.33333408087492,1.5243732449834955,2.041110396385194,-0.21922588348388672,0.006094483978813514,2.0660173189207915,0.02174539986299351,0.055952909680744456,0.13085414469242096,0.0002303434011992067,0.1046832725405693,0.0,48,0.12263955920934677,0.010520215146243572,0.013478193432092667,0.0037023795302957296,-0.0006629610361414962,-2.185062003283368,0.10456585139036179,-0.004963488783687353,-0.07851213961839676,-9.947496437234804e-06,-0.00023012293968349695,1.6007813883334165e-06,-4.852136771660298e-05,0.018022991716861725,-0.000436025409726426,0.9998374581336975,0.00025906111113727093,-0.00027005901210941374,0.00774473138153553,0.22466565668582916,0.018135666847229004,-0.005684621166437864,-0.4851296842098236,0.5368058085441589,0.5023819208145142,-1.984799861907959,-0.36865922808647156,2.393604040145874,1.0265021324157715,-0.0006130369729362428,-0.010279701091349125,0.002409255364909768,0.0008263289928436279,0.008906246162950993,-0.008051467128098011,-0.005572983529418707,0.6009433269500732,-2.378562930971384e-05,0.10532885789871216,-0.0012997633311897516,0.9998356103897095,1.0396383004263043e-05,-0.018081214278936386,8.616596460342407e-06,5.429541852208786e-05,0.03239079937338829,-5.81892927584704e-05,2.2578822608920746e-05,0.9999995827674866,-0.0008642898174002767,-0.09461815655231476,-0.0021896299440413713,-0.07799404859542847,-0.0010313106467947364,-0.010465054772794247,0.00030650454573333263,-0.09173624217510223,0.0019805242773145437,0.0813695415854454,-0.0013534965692088008,-0.0032022781670093536,-0.00026094174245372415,0.0009009838104248047,-2.1754001863882877e-05,0.02498374879360199,0.00401856517419219,0.004031828138977289,6.0034212765458506e-06,8.543982403352857e-06,,,,,2.0279646686339037,,,,,,,,,1320,3.3333333333333335
14.34166666666939,retreat,14.34166741464287,1.4743104912780964,1.9961982965469374,-0.21898746490478516,0.008200384399970062,2.0668697092173707,0.024682247385499068,0.06852804166478502,0.1284855604171753,0.00022622334654442966,0.10278839617967606,0.0,51,0.12415968626737595,0.015154896304011345,0.005543002393096685,0.002357152523472905,-0.0006681950617348775,-2.140209268743386,0.10235273092985153,-0.009479912929236889,-0.07708819210529327,-1.981048444577027e-05,-0.00022534510935656726,2.0318752831371967e-06,-5.5867727496661246e-05,0.018030377104878426,-0.0004312247328925878,0.999837338924408,0.0005157165578566492,0.000606412417255342,0.007620896678417921,0.2927141487598419,0.01839728280901909,0.03942904248833656,-0.48513540625572205,0.5367206335067749,0.5024046301841736,-1.984799861907959,-0.3685847520828247,2.3935203552246094,1.026456356048584,-0.00048601883463561535,-0.01020898949354887,0.002228944329544902,0.001005035825073719,0.00880348403006792,-0.008124968968331814,-0.005577472969889641,0.6009422540664673,-2.0219056750647724e-05,0.10537081211805344,-0.001299424679018557,0.9998354911804199,1.2762142432620749e-05,-0.0180873591452837,1.0218005627393723e-05,5.572371446760371e-05,0.03238779306411743,-5.6938999478006735e-05,2.7469342967378907e-05,0.9999995231628418,-0.0008688389207236469,-0.10027699172496796,-0.006932368967682123,-0.07288412004709244,-0.0013068283442407846,-0.015098334290087223,-5.826780397910625e-05,-0.0975750982761383,0.006735725793987513,0.07648111879825592,-0.0023003811948001385,0.0006128568202257156,0.00014867683057673275,0.0009014010429382324,-2.150736327166669e-05,0.024983733892440796,0.004018542822450399,0.0040319329127669334,5.077401056041708e-06,7.227965397760272e-06,,,,,2.0279646686339037,,,,,,,,,1320,3.341666666666667
14.35000000000273,retreat,14.350000748410821,1.424256243120741,1.9542068243026747,-0.21904706954956055,0.011627430467342492,2.0668697092173707,0.02453998058626894,0.055952909680744456,0.16213712096214294,0.0002850592718459666,0.1297096461057663,0.0,52,0.15358226001262665,0.01640101708471775,0.011472203768789768,0.0022718131076544523,-0.0008675846911501139,-2.098217796499123,0.12909644842147827,-0.012694488279521465,-0.09726974368095398,-2.4395232685492374e-05,-0.0002839604567270726,5.48854313819902e-06,-5.089889600640163e-05,0.018030500039458275,-0.00043627063860185444,0.9998372793197632,0.0005072861677035689,0.0003767405287362635,0.007617641240358353,0.27628880739212036,0.025945518165826797,0.06736622005701065,-0.4851396679878235,0.5366383790969849,0.5024234652519226,-1.9847997426986694,-0.36851027607917786,2.3934483528137207,1.0264105796813965,-0.0002952190989162773,-0.010080368258059025,0.0019675849471241236,0.0012143957428634167,0.008718821220099926,-0.007731290999799967,-0.005572242196649313,0.6009426712989807,-1.75187160493806e-05,0.10541136562824249,-0.0013003330677747726,0.9998354911804199,1.3799233784084208e-05,-0.018089938908815384,9.856768883764744e-06,5.5050928494893014e-05,0.032386377453804016,-5.9399895690148696e-05,2.153810601157602e-05,0.9999995827674866,-0.0008645940688438714,-0.12197871506214142,-0.008461390621960163,-0.09293604642152786,-0.0004473287845030427,-0.01639392226934433,0.0001805342035368085,-0.11853685230016708,0.008210647851228714,0.09730934351682663,-0.0016697477549314499,-0.0012255534529685974,-0.0001167642985819839,0.0009014010429382324,-2.1764097255072556e-05,0.024983733892440796,0.004018974024802446,0.004032253287732601,5.011863322579302e-06,7.138442015275359e-06,,,,,2.0279646686339037,,,,,,,,,1320,3.35
14.35833333333607,retreat,14.358334082178771,1.3742112737430752,1.9136682152748121,-0.2187490463256836,0.01436344155081315,2.067721748279992,0.017971246052184142,0.06852804166478502,0.14953908324241638,0.0002627611975185573,0.11963121592998505,0.0,52,0.14581948518753052,0.018457481637597084,0.005254414863884449,0.0021484598983079195,-0.0007818900630809367,-2.0577385282757565,0.11908064037561417,-0.011522836051881313,-0.08971600979566574,-2.2469816030934453e-05,-0.00026176319806836545,4.3099125832668506e-06,-6.215336179593578e-05,0.018038256093859673,-0.00044029331183992326,0.9998371601104736,0.0005611804663203657,0.000618982594460249,0.007629144936800003,0.29648178815841675,0.01942693628370762,-0.006231079343706369,-0.485141783952713,0.5365580916404724,0.502438485622406,-1.984784722328186,-0.368435800075531,2.393371820449829,1.026364803314209,-0.00016900319315027446,-0.00998487789183855,0.0018051362130790949,0.0014355831081047654,0.008763540536165237,-0.007929124869406223,-0.005678190849721432,0.6009484529495239,-1.7811398720368743e-05,0.10545571148395538,-0.00129993399605155,0.9998354911804199,1.2309115845710039e-05,-0.018088605254888535,4.4282060116529465e-06,5.200813029659912e-05,0.03239038586616516,-5.029464591643773e-05,3.4350468922639266e-05,0.9999995231628418,-0.0008604039903730154,-0.11835117638111115,-0.008268866688013077,-0.08478177338838577,-0.000639467965811491,-0.01844637282192707,-3.2100673706736416e-05,-0.11520687490701675,0.008040014654397964,0.08902842551469803,-0.0018269808497279882,0.0013493411242961884,0.00010788159124786034,0.0009017586708068848,-2.195502383983694e-05,0.024983718991279602,0.004018919076770544,0.004032338038086891,4.9982149903371464e-06,7.114809704944491e-06,,,,,2.0279646686339037,,,,,,,,,1320,3.3583333333333334
14.36666666666941,retreat,14.366667415946722,1.324176356376741,1.8693745136261,-0.21582841873168945,0.030443688956438564,2.070181225449189,0.005953844720352208,0.03956468118525214,5.888770101591945e-05,2.1897622559663432e-07,0.0,-0.00017306061295130348,49,0.024847697466611862,0.012018445879220963,0.024846961721777916,0.008450815454125404,-4.842184502251712e-07,-2.0136161183059684,-7.187361461546971e-07,-3.97546318708919e-06,-5.87489630561322e-05,-4.193730518409211e-08,-2.143683701660848e-07,1.5428902599978755e-08,-4.271990110282786e-05,0.018052591010928154,-0.0006738369702361524,0.999836802482605,-0.00040120421908795834,-0.0008392450399696827,0.007612235844135284,0.2096368372440338,0.04652423411607742,0.05251030623912811,-0.48514729738235474,0.5364777445793152,0.5024608373641968,-1.9847631454467773,-0.3683592975139618,2.393280267715454,1.0263190269470215,-0.0004495898028835654,-0.010158048011362553,0.002213847590610385,0.0014348078984767199,0.009389383718371391,-0.009838815778493881,-0.0061035011895000935,0.6009547114372253,-1.663791772443801e-05,0.10550222545862198,-0.0013001502957195044,0.9998354911804199,1.0929191375907976e-05,-0.0180905032902956,1.2968666851520538e-06,3.712288162205368e-05,0.03239276632666588,-3.7882437027292326e-05,2.0504054191405885e-05,0.9999997615814209,-0.0006267884164117277,-0.02476567029953003,0.0020143548026680946,0.00010973619646392763,-0.002061521401628852,-0.011838317848742008,-0.00021772237960249186,-0.024753481149673462,-0.002015768550336361,0.000780997215770185,-0.0017612477531656623,0.008259857073426247,0.00030402897391468287,0.0009024739265441895,-3.36477933160495e-05,0.024983681738376617,0.004030062351375818,0.004043762572109699,7.46534533391241e-06,1.0648160241544247e-05,,,,,2.0279646686339037,,,,,,,,,1320,3.3666666666666667
14.37500000000275,retreat,14.375000749714673,1.2741522642533756,1.822324097156526,-0.21135807037353516,0.03159691914333962,2.071787767191147,0.01283791152673075,0.055952909680744456,0.00012362023699097335,4.6175605916687346e-07,0.0,0.0,50,0.008672594092786312,0.0021462610457092524,0.008586477488279343,0.0019974643364548683,-9.925084185624655e-07,-1.9666775902014433,3.172708318288642e-07,-1.1062215889978688e-06,-0.00012361488188616931,-7.9954034504226e-08,-4.547649155028921e-07,3.859451869203667e-09,-4.509742939262651e-05,0.018065977841615677,-0.0006775087676942348,0.9998366236686707,9.805994341149926e-05,0.0005297102616168559,0.007681129965931177,0.3109903633594513,0.013425024226307869,0.003976086154580116,-0.4851530194282532,0.5363864898681641,0.502483606338501,-1.9847629070281982,-0.3682790994644165,2.393188714981079,1.026273250579834,-0.0006477661663666368,-0.010351761244237423,0.002428427804261446,0.0013015734730288386,0.009578213095664978,-0.010165809653699398,-0.0062029799446463585,0.6009531021118164,-1.3651515473611653e-05,0.10554702579975128,-0.0012992629781365395,0.9998353123664856,1.126665392803261e-05,-0.01809827610850334,7.794704288244247e-06,3.889221261488274e-05,0.0323902890086174,-3.226625267416239e-05,2.2611662643612362e-05,0.9999997615814209,-0.0006222653901204467,-0.005433876067399979,-0.003423739457502961,-0.005827941000461578,-0.0012587016681209207,-0.0017332584830000997,0.00013387470971792936,-0.005219315644353628,0.0034082101192325354,0.006029654294252396,-0.0017567393369972706,0.0009485410992056131,-6.769329775124788e-05,0.0009031295776367188,-3.3829168387455866e-05,0.024983659386634827,0.0040317378006875515,0.004045155365020037,4.814844487555092e-06,6.852758815512061e-06,,,,,2.0279646686339037,,,,,,,,,1320,3.375
14.38333333333609,retreat,14.383334083482623,1.2241397706046175,1.776935160160066,-0.21284818649291992,0.035977442166768014,2.071787767191147,0.013903143553761765,0.055952909680744456,0.0001099673900171183,4.2635230101950583e-07,0.0,0.0,49,0.007149122655391693,0.0016384476330131292,0.0070426007732748985,0.001759720384143293,-9.083155561029344e-07,-1.9212886532049833,1.894004952873729e-07,-1.4103044350122218e-06,-0.00010995818593073636,-2.094805751085005e-07,-3.7129802876734175e-07,5.651797696515359e-09,-4.033022196381353e-05,0.01806575059890747,-0.0006913453107699752,0.9998365640640259,0.0005641126190312207,0.0004377772565931082,0.007643844932317734,0.29744893312454224,-0.014072644524276257,-0.010330740362405777,-0.48515915870666504,0.5362949371337891,0.5025054812431335,-1.9847629070281982,-0.368198961019516,2.393097162246704,1.0262274742126465,-0.0008313292637467384,-0.010541216470301151,0.002618032041937113,0.0011544080916792154,0.00968074519187212,-0.010183590464293957,-0.006264885887503624,0.6009513139724731,-1.1797863407991827e-05,0.10559140890836716,-0.0012981207109987736,0.999835193157196,1.0494679372641258e-05,-0.018106205388903618,8.57014674693346e-06,3.628964623203501e-05,0.03238927945494652,-4.042708678753115e-05,1.889554550871253e-05,0.9999997615814209,-0.0006072181859053671,-0.001991898287087679,-0.0004397878365125507,-0.006851925514638424,-0.0016254425281658769,0.0002060073020402342,-2.813829951264779e-06,-0.001742496620863676,0.0004218671820126474,0.006920670624822378,-0.001687526935711503,-0.0004938194178976119,6.274144107010216e-05,0.0009031295776367188,-3.452518649282865e-05,0.024983659386634827,0.0040321433916687965,0.0040464019402861595,4.604945388564374e-06,6.559333996847272e-06,,,,,2.0279646686339037,,,,,,,,,1320,3.3833333333333333
14.39166666666943,retreat,14.391667417250574,1.1741396486621145,1.7317324876785292,-0.21731853485107422,0.03711357931024395,2.0754686661424704,0.012299999070819467,0.03956468118525214,3.3642259950283915e-05,1.3295303347149456e-07,0.0,0.0,49,0.009058092720806599,0.002136443741619587,0.009028260596096516,0.001895523746497929,-2.9137624757424874e-07,-1.8763423382566065,1.1001283155565034e-06,-5.110875918035163e-07,-3.362038478371687e-05,-9.033490044885184e-08,-9.753945562351873e-08,-1.4731770248133103e-09,-5.308212712407112e-05,0.018097544088959694,-0.0006887602503411472,0.9998360276222229,-0.0001407372037647292,-0.0011766436509788036,0.007971657440066338,0.1953776329755783,0.02201514132320881,0.01954539678990841,-0.4851655662059784,0.5362033843994141,0.5025285482406616,-1.9847629070281982,-0.3681187331676483,2.393005609512329,1.026181697845459,-0.0010067833354696631,-0.01072012074291706,0.002803400857374072,0.001020992174744606,0.009742784313857555,-0.010142379440367222,-0.006298151798546314,0.6009495854377747,-9.185881935991347e-06,0.10563613474369049,-0.00129731057677418,0.9998350143432617,1.035868717735866e-05,-0.018113892525434494,6.3105253502726555e-06,3.771203773794696e-05,0.032388895750045776,-1.6302074072882533e-05,3.171175922034308e-05,0.9999998211860657,-0.0006092263502068818,-0.0035163124557584524,0.002802042756229639,-0.007863405160605907,-0.0021133003756403923,0.0003132249694317579,-1.56187034008326e-05,-0.0032292515970766544,-0.00282266759313643,0.007978316396474838,-0.0017065503634512424,-0.0008212960092350841,7.550271402578801e-05,0.0009047389030456543,-3.438433486735448e-05,0.02498359978199005,0.004032580181956291,0.004045601934194565,7.046790415188298e-06,1.0043440852314234e-05,,,,,2.0279646686339037,,,,,,,,,1320,3.3916666666666666
14.40000000000277,retreat,14.400000751018524,1.1241526716575034,1.6865894198417677,-0.21666288375854492,0.039953210944077,2.072543356116122,0.01494425396231236,0.03956468118525214,0.0,0.0,0.0,-0.0011864354974022717,48,0.006863383110612631,0.002097802236676216,0.006863383576273918,0.0023319018073379993,0.0,-1.830995536198126,0.0,0.0,0.0,0.0,0.0,0.0,-4.1257757402490824e-05,0.01807200163602829,-0.0006938017904758453,0.9998364448547363,0.00015101951430551708,0.0003004295867867768,0.007755361497402191,0.27961307764053345,0.0038861350622028112,-0.0043919323943555355,-0.4851765036582947,0.5361118316650391,0.5025525093078613,-1.9847629070281982,-0.368038535118103,2.392914056777954,1.0261359214782715,-0.0011644784826785326,-0.010909928940236568,0.002939768834039569,0.0009106185752898455,0.009687459096312523,-0.010226127691566944,-0.006274111568927765,0.600947916507721,-8.81036976352334e-06,0.10568080842494965,-0.0012969797244295478,0.9998349547386169,8.03081456979271e-06,-0.018121451139450073,9.106704965233803e-06,3.522790939314291e-05,0.0323883593082428,-4.942148370901123e-05,2.2355610781232826e-05,0.9999998211860657,-0.000603683409281075,-0.00195479579269886,-0.0014416222693398595,-0.006419231183826923,-0.002096375450491905,7.400121103273705e-05,-2.254775790788699e-05,-0.0017208538483828306,0.0014248477527871728,0.00648956885561347,-0.0023020836524665356,-0.0003565343504305929,0.00010516891779843718,0.0009034276008605957,-3.4647131542442366e-05,0.024983644485473633,0.004032996017485857,0.0040460797026753426,4.799458110937849e-06,6.846472388133407e-06,,,,,2.0279646686339037,,,,,,,,,1320,3.4
14.40833333333611,retreat,14.408334084786475,1.0741796128224248,1.6408205032348646,-0.22333860397338867,0.03971875412389636,2.0793313063745615,0.0117143863462843,0.03956468118525214,0.0,0.0,0.0,-0.0009964278433471918,50,0.006865395233035088,0.0019687043968588114,0.006865395698696375,0.0018620549235492945,0.0,-1.7856993681412656,0.0,0.0,0.0,0.0,0.0,0.0,-6.721742829540744e-05,0.01813196949660778,-0.0006785920704714954,0.9998353719711304,0.002816041000187397,0.000363288534572348,0.007563594728708267,0.29736945033073425,-0.13824337720870972,-0.059006307274103165,-0.48518794775009155,0.5360202789306641,0.5025765895843506,-1.9847629070281982,-0.36795833706855774,2.392822504043579,1.026090145111084,-0.0013415215071290731,-0.011099112220108509,0.003113281913101673,0.0007779633742757142,0.00974362064152956,-0.010312451981008053,-0.006329036783427,0.6009464859962463,-8.668444934301078e-06,0.10572583973407745,-0.0012963538756594062,0.9998348355293274,5.7459674280835316e-06,-0.01812893897294998,4.323199391365051e-06,3.556469891918823e-05,0.03238781541585922,3.104224333583261e-06,5.0258538976777345e-05,0.9999998211860657,-0.0006187763647176325,0.0026346470694988966,0.00026083426200784743,-0.006334370467811823,-0.001889850478619337,0.0005406501586548984,-0.00010935811587842181,0.002862539142370224,-0.00027709841378964484,0.006233999039977789,-0.0018467726185917854,-0.00016041559865698218,0.00017591500363778323,0.0009064674377441406,-3.3863081625895575e-05,0.024983540177345276,0.00403155293315649,0.004045380745083094,4.892160177405458e-06,6.9607049226760864e-06,,,,,2.0279646686339037,,,,,,,,,1320,3.408333333333333
14.41666666666945,retreat,14.416667418554425,1.024221245388519,1.5954241156578077,-0.2231597900390625,0.03965130235883407,2.076976892237316,0.014047909644432366,0.06852804166478502,0.0,0.0,0.0,0.0,50,0.008679796010255814,0.002019653096795082,0.008679795078933239,0.0021999056916683912,0.0,-1.7401390070131382,0.0,0.0,0.0,0.0,0.0,0.0,-4.879542029812001e-05,0.01811133697628975,-0.000675432791467756,0.9998356699943542,0.001548128784634173,0.00040581999928690493,0.007845496758818626,0.30097439885139465,-0.07132396847009659,-0.04349559545516968,-0.4851993918418884,0.5359287261962891,0.5025997161865234,-1.9847629070281982,-0.36787813901901245,2.392730951309204,1.0260443687438965,-0.0014942303532734513,-0.01126944087445736,0.0032564715947955847,0.0006691598682664335,0.00975717045366764,-0.010198891162872314,-0.006349669769406319,0.6009445786476135,-8.969815098680556e-06,0.1057705506682396,-0.0012958066072314978,0.9998346567153931,3.222406576242065e-06,-0.018136803060770035,6.892485544085503e-06,3.5296427085995674e-05,0.03238704800605774,-2.5417735741939396e-05,3.4348344343015924e-05,0.9999997019767761,-0.0006210996070876718,-0.003141914727166295,0.00020241126185283065,-0.008088650181889534,-0.0018816186347976327,0.0007325211190618575,-4.3851086957147345e-05,-0.0028464999049901962,-0.0002235367282992229,0.008196725510060787,-0.001849328400567174,-0.0011865493142977357,0.00010803113400470465,0.0009053945541381836,-3.3721906220307574e-05,0.02498357743024826,0.004031539894640446,0.004045533947646618,4.8209913074970245e-06,6.868212949484587e-06,,,,,2.0279646686339037,,,,,,,,,1320,3.4166666666666665
14.42500000000279,retreat,14.425000752322376,0.9742783425874268,1.55010223388672,-0.22554397583007812,0.039464113797293976,2.0776363970186216,0.013981451957079116,0.06852804166478502,0.0,0.0,0.0,0.0,64,0.006909701973199844,0.0020680748857557774,0.006909701973199844,0.00200708513148129,0.0,-1.6948630565832152,0.0,0.0,0.0,0.0,0.0,0.0,-4.2369600123493e-05,0.018117496743798256,-0.0006764437421225011,0.9998356103897095,0.002115511568263173,0.00038672800292260945,0.007833434268832207,0.2982238829135895,-0.10406872630119324,-0.06380254030227661,-0.48521095514297485,0.5358371734619141,0.5026236772537231,-1.9847629070281982,-0.36779794096946716,2.392639398574829,1.025998592376709,-0.0016579680377617478,-0.011442799121141434,0.00341965164989233,0.0005674920394085348,0.009790228679776192,-0.010277865454554558,-0.006391152273863554,0.6009430289268494,-9.068840881809592e-06,0.10581556707620621,-0.0012952671386301517,0.9998344779014587,6.934907332833973e-07,-0.018144186586141586,6.525777280330658e-06,3.5351840779185295e-05,0.032386764883995056,-2.6650101062841713e-05,3.0476468964479864e-05,0.9999997019767761,-0.0006194786401465535,-0.001136241713538766,0.0005269835237413645,-0.0067952354438602924,-0.0020623968448489904,0.00010264143929816782,-0.00011365657701389864,-0.0008889703312888741,-0.0005446369177661836,0.006830599159002304,-0.0019806090276688337,-0.0002671255206223577,0.00018499194993637502,0.0009057521820068359,-3.3778247598093e-05,0.024983562529087067,0.004031538963317871,0.004045679233968258,4.818539309781045e-06,6.865535397082567e-06,,,,,2.0279646686339037,,,,,,,,,1320,3.425
14.43333333333613,retreat,14.433334086090326,0.9243516776507885,1.504437625408174,-0.22774934768676758,0.03943988849641755,2.0785781838772017,0.013201618457969744,0.06852804166478502,0.0,0.0,0.0,0.0,73,0.0074670263566076756,0.0020344462245702744,0.007467024493962526,0.002037924015894532,0.0,-1.649264039003777,0.0,0.0,0.0,0.0,0.0,0.0,-4.2325813410570845e-05,0.018125731498003006,-0.0006774721550755203,0.9998354315757751,0.0019696024246513844,0.00038203655276447535,0.007924601435661316,0.2985436022281647,-0.0962575152516365,-0.05768589675426483,-0.4852280914783478,0.5357455611228943,0.502657949924469,-1.9847629070281982,-0.3677177429199219,2.392547845840454,1.0259528160095215,-0.001814121613278985,-0.011609709821641445,0.0035737669095396996,0.000471627019578591,0.009813085198402405,-0.010287878103554249,-0.006419627461582422,0.6009418368339539,-6.006128387525678e-06,0.10586173087358475,-0.0012966388603672385,0.9998343586921692,1.2715213415503968e-07,-0.01815083809196949,5.961977876722813e-06,3.8529615267179906e-05,0.03238729387521744,-2.506679084035568e-05,3.098572415183298e-05,0.9999997019767761,-0.00061983079649508,-0.0017454148037359118,0.0003846781328320503,-0.007249967660754919,-0.002004686277359724,0.0003399520937819034,-6.809562182752416e-05,-0.0014811403816565871,-0.00040355732198804617,0.007307517807930708,-0.0019451065454632044,-0.0005923155695199966,0.00013731927901972085,0.0009061098098754883,-3.382967770448886e-05,0.024983547627925873,0.004031538497656584,0.004045763984322548,4.810615791939199e-06,6.851099897176027e-06,,,,,2.0279646686339037,,,,,,,,,1320,3.433333333333333
14.44166666666947,retreat,14.441667419858277,0.8744420238102464,1.45767778158188,-0.22935867309570312,0.04076914774486795,2.0791430513141442,0.008095959856291302,0.0,0.0,0.0,0.0,0.0,70,0.00742751732468605,0.002186211757361889,0.007427518256008625,0.002078328048810363,0.0,-1.60254353544333,0.0,0.0,0.0,0.0,0.0,0.0,-4.4149252062197775e-05,0.018130719661712646,-0.0006615651655010879,0.9998354315757751,0.0017619571881368756,0.0002892703632824123,0.008027061820030212,0.2999477684497833,-0.0834965780377388,-0.04633960500359535,-0.4852452576160431,0.5356428623199463,0.5026922225952148,-1.9847629070281982,-0.3676374852657318,2.392456293106079,1.025907039642334,-0.001962689682841301,-0.011774513870477676,0.003715901169925928,0.0003845308383461088,0.009821197018027306,-0.010332097299396992,-0.00643180264160037,0.6009429097175598,-4.081579390913248e-06,0.10591383278369904,-0.001296068076044321,0.999834418296814,-7.35998469281185e-07,-0.018152335658669472,3.5725533962249756e-06,3.910292434738949e-05,0.03239273652434349,-2.1573412595898844e-05,3.338799433549866e-05,0.9999998807907104,-0.0006352140917442739,-0.002071245340630412,0.001044045784510672,-0.007056056056171656,-0.002181384013965726,0.00014505808940157294,-6.616873179154936e-06,-0.001813805545680225,-0.0010624241549521685,0.007123860530555248,-0.0020287216175347567,-0.00044436147436499596,7.924226520117372e-05,0.0009064078330993652,-3.3032796636689454e-05,0.024983540177345276,0.004031274002045393,0.00404465664178133,5.092378614790505e-06,7.254973752424121e-06,,,,,2.0279646686339037,,,,,,,,,1320,3.4416666666666664
14.45000000000281,retreat,14.450000753626227,0.8245501542974409,1.405061781406404,-0.22864341735839844,0.04444994556251913,2.079519544400078,0.007952525265864097,0.06852804166478502,0.0,0.0,0.0,0.0,92,0.00741797499358654,0.0021358232479542494,0.007417974062263966,0.002029533963650465,0.0,-1.5499537561697931,0.0,0.0,0.0,0.0,0.0,0.0,-3.75446179532446e-05,0.018133187666535378,-0.0006860556895844638,0.9998353123664856,0.001038392074406147,0.00039595161797478795,0.008153639733791351,0.2948101758956909,-0.04770417511463165,-0.028998365625739098,-0.4852624237537384,0.5355398654937744,0.5027264952659607,-1.9847629070281982,-0.3675572872161865,2.392364740371704,1.0258612632751465,-0.0021019759587943554,-0.011932894587516785,0.0038441347423940897,0.00029835058376193047,0.00984476413577795,-0.010397498495876789,-0.0064623658545315266,0.600943922996521,-2.267086529172957e-06,0.10596586018800735,-0.0012952114921063185,0.9998342990875244,-1.4998540791566484e-06,-0.018153883516788483,3.353692591190338e-06,3.7180521758273244e-05,0.03239215165376663,-2.0663264876930043e-05,2.8006365027977154e-05,0.9999997019767761,-0.0006097653531469405,-0.003617370966821909,0.0008289330289699137,-0.0064229159615933895,-0.0021251195576041937,-0.0002107156760757789,-3.474050754448399e-05,-0.0033818650990724564,-0.0008457248914055526,0.006547829601913691,-0.0020025582052767277,-0.00031201724777929485,0.00010683682194212452,0.000906527042388916,-3.4263095585629344e-05,0.02498353272676468,0.004032572731375694,0.004046021495014429,4.527347300609108e-06,6.448652129620314e-06,,,,,2.0279646686339037,,,,,,,,,1320,3.4499999999999997
14.45833333333615,retreat,14.458334087394178,0.7746768423440145,1.3525575399398817,-0.22786855697631836,0.04627770613296889,2.079519544400078,0.007494753390346887,0.055952909680744456,0.0,0.0,0.0,0.0,106,0.006433340720832348,0.002114644506946206,0.006433343514800072,0.0019386927597224712,0.0,-1.497449514703271,0.0,0.0,0.0,0.0,0.0,0.0,-3.771643969230354e-05,0.01813340187072754,-0.0006863605231046677,0.9998353123664856,0.000918728590477258,0.00036743684904649854,0.008217045105993748,0.2946641743183136,-0.04104026407003403,-0.026489637792110443,-0.48527970910072327,0.5354368686676025,0.5027607679367065,-1.9847629070281982,-0.36747702956199646,2.392273187637329,1.025815486907959,-0.002237971406430006,-0.012088343501091003,0.003967432305216789,0.00020350591512396932,0.00989275798201561,-0.010485217906534672,-0.0065087685361504555,0.600945234298706,-4.695612005889416e-07,0.10601849108934402,-0.0012942702742293477,0.9998342990875244,-2.332503527213703e-06,-0.018155071884393692,2.8993235900998116e-06,3.7090656405780464e-05,0.03239230066537857,-2.1634490622091107e-05,2.903312815760728e-05,0.9999997615814209,-0.0006085366476327181,-0.0029073921032249928,0.0011114398948848248,-0.00563024403527379,-0.0020947647280991077,-0.00028796284459531307,-2.7559713998925872e-05,-0.0027011316269636154,-0.0011261316249147058,0.005729190073907375,-0.0019317209953442216,-0.00013218505773693323,9.752278856467456e-05,0.000906527042388916,-3.427817500778474e-05,0.024983540177345276,0.004032539203763008,0.004046114627271891,4.524715222942177e-06,6.443035090342164e-06,,,,,2.0279646686339037,,,,,,,,,1320,3.4583333333333335
14.46666666666949,retreat,14.466667421162128,0.7248228611816021,1.2994796037673964,-0.2269148826599121,0.047942547098500654,2.079707765395319,0.007918599294498563,0.055952909680744456,0.0,0.0,0.0,0.0,98,0.006095424760133028,0.002074404386803508,0.006095425691455603,0.0019100875360891223,0.0,-1.4443846872001371,0.0,0.0,0.0,0.0,0.0,0.0,-3.686432683025487e-05,0.018134688958525658,-0.0006848477642051876,0.9998353123664856,0.00073869654443115,0.00035796203883364797,0.008289621211588383,0.29494282603263855,-0.03260393813252449,-0.020678259432315826,-0.4852970242500305,0.5353338718414307,0.5027951002120972,-1.9847629070281982,-0.3673967123031616,2.392181634902954,1.0257697105407715,-0.002364675048738718,-0.012238935567438602,0.004075901582837105,0.00010215247311862186,0.009942512959241867,-0.010542613454163074,-0.006558367982506752,0.600946307182312,1.223408617079258e-06,0.10607081651687622,-0.0012933467514812946,0.9998342990875244,-3.2152740914170863e-06,-0.018156565725803375,2.8494978323578835e-06,3.705805283971131e-05,0.03239155560731888,-2.1841369743924588e-05,2.9051696401438676e-05,0.9999997615814209,-0.0006091262912377715,-0.002979633631184697,0.0011600543512031436,-0.005189437884837389,-0.0020641665905714035,-0.00020387285621836782,-2.8376452974043787e-05,-0.002789317397400737,-0.0011735934531316161,0.005291181616485119,-0.001894117216579616,-0.00022670756152365357,9.673788008512929e-05,0.0009065866470336914,-3.420332359382883e-05,0.02498353272676468,0.004032534547150135,0.004046196583658457,4.519118192547467e-06,6.434187525883317e-06,,,,,2.0279646686339037,,,,,,,,,1320,3.466666666666667
14.47500000000283,retreat,14.475000754930079,0.6749889840418497,1.2467518448829664,-0.22596120834350586,0.04951476876158267,2.079707765395319,0.008409094334638212,0.06852804166478502,0.0,0.0,0.0,0.0,91,0.005661006085574627,0.0020672427490353584,0.005661006085574627,0.0018946025520563126,0.0,-1.3916569283157072,0.0,0.0,0.0,0.0,0.0,0.0,-3.2291747629642487e-05,0.01813507080078125,-0.0006843021255917847,0.9998352527618408,0.0006385236047208309,0.0003521974722389132,0.008348863571882248,0.29546400904655457,-0.028430186212062836,-0.019588541239500046,-0.4853198826313019,0.5352308750152588,0.5028294324874878,-1.9847629070281982,-0.3673149645328522,2.392090082168579,1.025723934173584,-0.002483801683411002,-0.012385224923491478,0.004172544460743666,-4.000079570687376e-06,0.00999350193887949,-0.010587028227746487,-0.0066112433560192585,0.6009474396705627,-5.577749107033014e-08,0.10612338781356812,-0.0012932844692841172,0.9998342990875244,-7.460879260179354e-06,-0.018157795071601868,2.744840458035469e-06,3.420719440327957e-05,0.03239141404628754,-2.2687661839881912e-05,2.8716422093566507e-05,0.9999997019767761,-0.0006096033030189574,-0.0028818838763982058,0.0012547927908599377,-0.004708208609372377,-0.0020598156843334436,-0.00017148518236353993,-3.528190063661896e-05,-0.0027091081719845533,-0.0012670580763369799,0.004806484095752239,-0.00187587586697191,-0.0002449768071528524,0.00010293076775269583,0.0009065866470336914,-3.418018968659453e-05,0.02498353272676468,0.0040325503796339035,0.004046235699206591,4.5129781938157976e-06,6.4242922235280275e-06,,,,,2.0279646686339037,,,,,,,,,1320,3.475
14.48333333333617,retreat,14.48333408869803,0.625175984156396,1.1938303709030165,-0.2251267433166504,0.04781738971360028,2.0796136570261936,0.00848772469907999,0.06852804166478502,0.0,0.0,0.0,0.0,65,0.007181852590292692,0.002294443314895034,0.007181854452937841,0.0015878683188930154,0.0,-1.3387289001495182,0.0,0.0,0.0,0.0,0.0,0.0,-3.204450331395492e-05,0.018134204670786858,-0.0006829506019130349,0.9998353123664856,0.0005922219716012478,-0.0021695452742278576,0.008327675983309746,0.15986120700836182,-0.02856486104428768,-0.01517115905880928,-0.48534274101257324,0.5351278781890869,0.5028640627861023,-1.9847629070281982,-0.36723122000694275,2.391998529434204,1.0256781578063965,-0.0026113796047866344,-0.012519570998847485,0.004301384091377258,-0.00012437514669727534,0.010112910531461239,-0.010591932572424412,-0.00671372190117836,0.6009485721588135,-1.291919033974409e-06,0.10617575794458389,-0.0012934691039845347,0.9998341798782349,-1.2079416592314374e-05,-0.018159518018364906,2.5385525077581406e-06,3.4684409911278635e-05,0.032390862703323364,-2.5281540729338303e-05,3.306453436380252e-05,0.9999997019767761,-0.0006112203118391335,-0.0028288736939430237,0.005125361494719982,-0.004160186741501093,-0.0022872700355947018,-8.671698742546141e-05,-0.00015920540317893028,-0.002676303731277585,-0.005136172752827406,0.004246899858117104,-0.0015399239491671324,-0.0003223831590730697,0.0002145440666936338,0.0009065866470336914,-3.411285069887526e-05,0.02498353272676468,0.004032159689813852,0.004045034293085337,6.542803021147847e-06,9.323528502136469e-06,,,,,2.0279646686339037,,,,,,,,,1320,3.4833333333333334
14.49166666666951,retreat,14.49166742246598,0.575384634756885,1.1410951614379896,-0.2243518829345703,0.045720371417701244,2.079895969364909,0.008218874427257106,0.055952909680744456,0.0,0.0,0.0,0.0,71,0.00549293914809823,0.002024303190410137,0.00549293914809823,0.0023861671797931194,0.0,-1.2860133523527641,0.0,0.0,0.0,0.0,0.0,0.0,-2.9556591471191496e-05,0.018136579543352127,-0.0006743031553924084,0.9998352527618408,0.00041885022073984146,0.00018992448167409748,0.00831896997988224,0.29103153944015503,-0.01583988592028618,-0.02545544132590294,-0.485365629196167,0.535024881362915,0.502898633480072,-1.9847629070281982,-0.36714720726013184,2.391906976699829,1.0256322622299194,-0.002701659919694066,-0.01266144122928381,0.004347498062998056,-0.000225102121476084,0.010057734325528145,-0.010652001947164536,-0.006724437698721886,0.6009497046470642,-2.233529812656343e-06,0.10622824728488922,-0.0012941545573994517,0.9998342394828796,-1.7069785826606676e-05,-0.01816101185977459,2.2690510377287865e-06,3.588944673538208e-05,0.032390642911195755,-2.4396966182393953e-05,3.539273529895581e-05,0.9999997615814209,-0.0006205958197824657,-0.0031726262532174587,-0.0025514059234410524,-0.0036874315701425076,-0.00200269790366292,-0.0002461514959577471,-0.00016252227942459285,-0.0030364138074219227,0.0025418114382773638,0.003806805470958352,-0.0023636927362531424,-0.00021261352230794728,0.00024808416492305696,0.0009067058563232422,-3.3682801586110145e-05,0.02498353272676468,0.004032176453620195,0.004045132081955671,4.600600732374005e-06,6.556016160175204e-06,,,,,2.0279646686339037,,,,,,,,,1320,3.4916666666666667
14.50000000000285,retreat,14.50000075623393,0.52561570907495,1.088330149650575,-0.22351741790771484,0.044787986553274095,2.0799900649665286,0.008430080924881622,0.055952909680744456,0.0,0.0,0.0,0.0,70,0.005129719618707895,0.0017857626080513,0.005129720084369183,0.0017916859360411763,0.0,-1.2332548938612242,0.0,0.0,0.0,0.0,0.0,0.0,-2.2203237676876597e-05,0.018137844279408455,-0.0006723678670823574,0.9998353123664856,0.00022281089331954718,0.00024279337958432734,0.008624652400612831,0.290926069021225,-0.013499896042048931,-0.010211015120148659,-0.48538851737976074,0.5349218845367432,0.5029332041740417,-1.9847629070281982,-0.3670612871646881,2.391815423965454,1.0255860090255737,-0.002804661402478814,-0.012789257802069187,0.004432804882526398,-0.0003479272127151489,0.010142361745238304,-0.010634995065629482,-0.006812439765781164,0.6009506583213806,-3.4265249269083142e-06,0.10628075897693634,-0.0012949639931321144,0.9998341202735901,-2.2596826966037042e-05,-0.01816282980144024,2.2584572434425354e-06,3.568710963008925e-05,0.03239038959145546,-2.4958684662124142e-05,3.3517018891870975e-05,0.9999997615814209,-0.000623307132627815,-0.003171245800331235,0.00024495244724676013,-0.00402457732707262,-0.0017774314619600773,-6.94935952196829e-05,-0.00015765811258461326,-0.0030230050906538963,-0.0002553825033828616,0.004136453382670879,-0.0017350580310449004,-0.0003890303778462112,0.00021992658730596304,0.0009067654609680176,-3.359272159286775e-05,0.024983525276184082,0.0040321871638298035,0.004045295529067516,4.911316864308901e-06,6.9931556936353445e-06,,,,,2.0279646686339037,,,,,,,,,1320,3.5
14.50833333333619,retreat,14.508334090001881,0.47586998034223704,1.035527884960176,-0.22286176681518555,0.04375278513180092,2.080178243406305,0.008459955097350758,0.055952909680744456,0.0,0.0,0.0,0.0,71,0.004258235916495323,0.0019420870812609792,0.004258235450834036,0.0019094228046014905,0.0,-1.1804657348724878,0.0,0.0,0.0,0.0,0.0,0.0,-1.5493382306885906e-05,0.01813967525959015,-0.0006740760873071849,0.9998352527618408,0.00017290408140979707,0.00027434632647782564,0.008619112893939018,0.29365676641464233,-0.007149429991841316,-0.00821190420538187,-0.48541152477264404,0.5348188877105713,0.5029677748680115,-1.9847629070281982,-0.3669753670692444,2.391723871231079,1.0255355834960938,-0.002901527564972639,-0.01291362289339304,0.004512395244091749,-0.00046955831930972636,0.01019692700356245,-0.010632658377289772,-0.006882091984152794,0.6009517908096313,-4.313667886890471e-06,0.1063331589102745,-0.0012960153399035335,0.9998341202735901,-2.5703722712933086e-05,-0.018164461478590965,1.8728896975517273e-06,3.590589767554775e-05,0.03239000216126442,-2.476469126122538e-05,2.9924691261840053e-05,0.9999997615814209,-0.0006225844845175743,-0.002995329210534692,0.00039292487781494856,-0.0030010307673364878,-0.0019298186525702477,-0.00011187264317413792,-0.00018704716057982296,-0.0028843851760029793,-0.0004006907984148711,0.0031068208627402782,-0.0018649462144821882,-0.0003213058807887137,0.00025423121405765414,0.000906825065612793,-3.368419856997207e-05,0.024983525276184082,0.004032192751765251,0.004045416135340929,4.778187758347485e-06,6.802903953939676e-06,,,,,2.0279646686339037,,,,,,,,,1320,3.5083333333333333
14.51666666666953,retreat,14.516667423769832,0.42614822179038647,0.9828820824623121,-0.22208690643310547,0.04313666795496829,2.0802723262456166,0.008316053026646841,0.0,0.0,0.0,0.0,0.0,83,0.004272627178579569,0.0019814397674053907,0.004272627178579569,0.0019697716925293207,0.0,-1.127826484780492,0.0,0.0,0.0,0.0,0.0,0.0,-1.4611466212954838e-05,0.018140342086553574,-0.0006779668619856238,0.9998352527618408,-3.397924592718482e-05,0.00033699575578793883,0.008627855218946934,0.29999586939811707,0.00016863316704984754,-0.0021097210701555014,-0.48543453216552734,0.5347153544425964,0.5030023455619812,-1.9847629070281982,-0.36688944697380066,2.391632318496704,1.0254778861999512,-0.0029908809810876846,-0.0130328219383955,0.0045838369987905025,-0.0005914597422815859,0.010235150344669819,-0.010618597269058228,-0.006920636165887117,0.6009528636932373,-5.139329005032778e-06,0.10638584196567535,-0.001297435024753213,0.9998341202735901,-2.5503131837467663e-05,-0.01816600374877453,1.6763806343078613e-06,3.5788194509223104e-05,0.032390058040618896,-2.563944144640118e-05,2.8887458029203117e-05,0.9999998807907104,-0.0006200936040841043,-0.0032793644350022078,0.00030293373856693506,-0.0027220111805945635,-0.0019774646498262882,-0.00010449666297063231,-6.941040919627994e-05,-0.0031783501617610455,-0.0003099846071563661,0.0028385459445416927,-0.0019298394909128547,-0.00036941104917787015,0.00013876476441510022,0.0009068846702575684,-3.3879507100209594e-05,0.024983525276184082,0.004032228607684374,0.004045574460178614,4.643710326490691e-06,6.614369340240955e-06,,,,,2.0279646686339037,,,,,,,,,1320,3.5166666666666666
14.52500000000287,retreat,14.525000757537782,0.3764512066510388,0.9299904108047499,-0.2213120460510254,0.04249404082656838,2.0805545492481685,0.004079460268258117,0.06852804166478502,0.0,0.0,0.0,0.0,80,0.004033869598060846,0.0020112122874706984,0.004033870063722134,0.001988315489143133,0.0,-1.074954468561172,0.0,0.0,0.0,0.0,0.0,0.0,-1.0808586921484675e-05,0.018142249435186386,-0.0006798536633141339,0.999835193157196,-0.00015083490870893002,0.0003428187337704003,0.008664146065711975,0.300152063369751,0.005551876965910196,-0.006552895996719599,-0.4854578673839569,0.5346009135246277,0.5030369162559509,-1.9847629070281982,-0.36680352687835693,2.391540765762329,1.0254161357879639,-0.003074637381359935,-0.013147357851266861,0.004650399088859558,-0.0007152294856496155,0.010268161073327065,-0.010605155490338802,-0.006936072837561369,0.6009561419487,-7.67190067563206e-06,0.10644426941871643,-0.0012958464212715626,0.9998341202735901,-2.3377337129204534e-05,-0.018162814900279045,-8.309725672006607e-07,3.380744601599872e-05,0.032395679503679276,-2.055122058663983e-05,2.3019412765279412e-05,0.9999997019767761,-0.0006165123195387423,-0.0032146042212843895,0.00033477539545856416,-0.002413783222436905,-0.002007033908739686,-0.00012394649093039334,3.7767204048577696e-05,-0.003124847076833248,-0.0003410321369301528,0.002528069308027625,-0.001958695938810706,-0.00034036050783470273,3.2619562261970714e-05,0.0009069442749023438,-3.3977277780650184e-05,0.024983517825603485,0.004032244440168142,0.004045715555548668,4.628459009836661e-06,6.591551937162876e-06,,,,,2.0279646686339037,,,,,,,,,1320,3.525
14.53333333333621,retreat,14.533334091305733,0.3267797081558328,0.8714586496353163,-0.21821260452270508,0.040165734390029684,2.0802723262456166,0.006457563358708285,0.03956468118525214,0.0,0.0,0.0,0.0,72,0.005214828532189131,0.0019357070559635758,0.005214828997850418,0.0019201964605599642,0.0,-1.0164030519534961,0.0,0.0,0.0,0.0,0.0,0.0,-1.3385906640905887e-05,0.01814003475010395,-0.0006823652656748891,0.9998352527618408,-0.0008709939429536462,0.0003464327601250261,0.008765717968344688,0.30139705538749695,0.04447222873568535,0.013922929763793945,-0.4854864478111267,0.5344864726066589,0.5030719041824341,-1.9847629070281982,-0.3667176067829132,2.391449213027954,1.0253491401672363,-0.0031514675356447697,-0.01325161475688219,0.004712904337793589,-0.0008452717447653413,0.010322093963623047,-0.01058872975409031,-0.00695302477106452,0.6009595394134521,-1.283134042751044e-05,0.10650262981653214,-0.0012948805233463645,0.9998341798782349,-2.1226464014034718e-05,-0.018159447237849236,-1.3530952855944633e-06,3.091080725425854e-05,0.03239552304148674,-1.9398319636820816e-05,2.350963950448204e-05,0.9999998211860657,-0.0006130443071015179,-0.004919749218970537,-4.5903601858299226e-05,-0.0017286984948441386,-0.0018882438307628036,-0.00041493040043860674,9.659146599005908e-05,-0.004853726830333471,4.140339297009632e-05,0.0019063213840126991,-0.001897100592032075,-0.0002955691306851804,-2.8334527087281458e-05,0.000906825065612793,-3.4100503398803994e-05,0.024983525276184082,0.0040322765707969666,0.004045832436531782,4.611530584952561e-06,6.570073310285807e-06,,,,,2.0279646686339037,,,,,,,,,1320,3.533333333333333
14.541666666669549,retreat,14.541667425073683,0.2771344995364107,0.8130460977554335,-0.2149343490600586,0.03525361535139382,2.079707765395319,0.005959193913440686,0.06852804166478502,0.0,0.0,0.0,0.0,76,0.004646463319659233,0.001879431656561792,0.00464646378532052,0.0018936487613245845,0.0,-0.9579511811881741,0.0,0.0,0.0,0.0,0.0,0.0,-1.820572833821643e-05,0.018135083839297295,-0.0006837125984020531,0.9998352527618408,-0.0010801637545228004,0.0003402080328669399,0.008795639500021935,0.3007141649723053,0.05280560627579689,0.025530343875288963,-0.4855150282382965,0.5343720316886902,0.5031080842018127,-1.9847629070281982,-0.3666316866874695,2.391357660293579,1.0252805948257446,-0.00322715868242085,-0.013349320739507675,0.004781660158187151,-0.000988174811936915,0.010392489843070507,-0.010592996142804623,-0.006976142060011625,0.60096275806427,-1.7252168618142605e-05,0.10656147450208664,-0.0012936722487211227,0.9998342990875244,-1.7389833374181762e-05,-0.018155964091420174,-1.5033874660730362e-06,3.1320400012191385e-05,0.03239595890045166,-2.0858387870248407e-05,2.4542208848288283e-05,0.9999997019767761,-0.0006105070351622999,-0.004548903089016676,-0.0005984597955830395,-0.0007341307355090976,-0.0018013431690633297,-0.0005303610232658684,7.837804150767624e-05,-0.004519202280789614,0.0005965025047771633,0.0009003442828543484,-0.0018893840024247766,-0.0001266266335733235,-9.973157830245327e-06,0.0009065866470336914,-3.416349136386998e-05,0.02498353272676468,0.004032277036458254,0.0040459707379341125,4.599322892318014e-06,6.5485655795782804e-06,,,,,2.0279646686339037,,,,,,,,,1320,3.5416666666666665
14.550000000002889,retreat,14.550000758841634,0.22751635402441472,0.7542014122009291,-0.21189451217651367,0.030977123969933018,2.079425427516393,0.0006645407779615198,0.03956468118525214,0.0,0.0,0.0,0.0,77,0.004525875207036734,0.001822983380407095,0.004525875207036734,0.0019273168873041868,0.0,-0.899086832184301,0.0,0.0,0.0,0.0,0.0,0.0,-2.226983633590862e-05,0.018132351338863373,-0.0006835578824393451,0.9998353719711304,-0.0011944682337343693,0.00034095041337423027,0.008803889155387878,0.2992754876613617,0.05689855292439461,0.02460203692317009,-0.4855436086654663,0.5342575907707214,0.5031537413597107,-1.9847629070281982,-0.36654576659202576,2.391266107559204,1.025212049484253,-0.0032955354545265436,-0.013439535163342953,0.004845128394663334,-0.0011419295333325863,0.010453915223479271,-0.010567236691713333,-0.0069738454185426235,0.6009668111801147,-1.5983139746822417e-05,0.10662159323692322,-0.0012949638767167926,0.999834418296814,-9.775245416676626e-06,-0.01815132610499859,-2.7703354135155678e-06,3.6943951272405684e-05,0.03239725902676582,-1.895444620458875e-05,2.09663176065078e-05,0.9999998211860657,-0.0006118883611634374,-0.004416656214743853,-0.0009858099510893226,-6.981701153563336e-05,-0.0017656789859756827,-0.00042236558510921896,0.0001650860212976113,-0.00441114604473114,0.0009855045937001705,0.00023263308685272932,-0.00191283761523664,-0.00021532582468353212,-9.611192217562348e-05,0.0009064674377441406,-3.4152075386373326e-05,0.024983540177345276,0.004032270051538944,0.004046079237014055,4.592589903040789e-06,6.53680763207376e-06,,,,,2.0279646686339037,,,,,,,,,1320,3.55
14.558333333336229,retreat,14.558334092609584,0.1779260448514819,0.694149732589723,-0.2079606056213379,0.032452240702696145,2.078766490070095,0.0008012935381884745,0.055952909680744456,0.0,0.0,0.0,0.0,82,0.005401980597525835,0.0020810188725590706,0.005401980597525835,0.002093464834615588,0.0,-0.8389892607960983,0.0,0.0,0.0,0.0,0.0,0.0,-2.7605121431406587e-05,0.018126679584383965,-0.0006861372967250645,0.9998354315757751,-0.0016741135623306036,0.0003448072529863566,0.008853211998939514,0.29981666803359985,0.0805780217051506,0.036924220621585846,-0.4855722188949585,0.5341431498527527,0.5031991600990295,-1.9847640991210938,-0.36645984649658203,2.391174554824829,1.0251500606536865,-0.0033462527208030224,-0.013524476438760757,0.004880457650870085,-0.0012991908006370068,0.010474514216184616,-0.010531224310398102,-0.006924499291926622,0.6009700894355774,-1.4662407920695841e-05,0.10668127983808517,-0.0012958545703440905,0.999834418296814,-5.291701199894305e-06,-0.0181474220007658,-2.3812754079699516e-06,3.6840989196207374e-05,0.032396864145994186,-2.0715960999950767e-05,2.1853988073416986e-05,0.9999997615814209,-0.000610214367043227,-0.005353935062885284,-0.00043475558049976826,0.0005725023802369833,-0.0019925653468817472,-0.0005174799589440227,0.00030419969698414207,-0.005371158942580223,0.0004360426974017173,-0.0003767088055610657,-0.0020650874357670546,-0.0002552764490246773,-0.00022987561533227563,0.0009061694145202637,-3.427619958529249e-05,0.024983547627925873,0.004032257478684187,0.004046191461384296,4.587098828778835e-06,6.530579412356019e-06,,,,,2.0279646686339037,,,,,,,,,1320,3.558333333333333
14.566666666669569,retreat,14.566667426377535,0.128364345249258,0.6345748901367201,-0.2048015594482422,0.03388693949091248,2.0782015203265067,0.013894999028707389,0.03956468118525214,0.0,0.0,0.0,0.0,81,0.004842447582632303,0.0021203025244176388,0.004842447582632303,0.0020896659698337317,0.0,-0.7793750709427019,0.0,0.0,0.0,0.0,0.0,0.0,-2.9928205549367703e-05,0.018121708184480667,-0.0006873722304590046,0.9998355507850647,-0.0016424281056970358,0.00034276896622031927,0.00882673542946577,0.2992651164531708,0.07602822035551071,0.03562489151954651,-0.4856008291244507,0.5340287089347839,0.5032445788383484,-1.984786868095398,-0.3663739264011383,2.391083002090454,1.0250911712646484,-0.003386635798960924,-0.013606536202132702,0.004898234736174345,-0.0014659430598840117,0.010490632615983486,-0.010496768169105053,-0.006905114743858576,0.600963294506073,-1.1078533134423196e-05,0.10673261433839798,-0.0012973989360034466,0.9998343586921692,2.493409851922479e-07,-0.018153782933950424,7.679103873670101e-06,3.906182973878458e-05,0.032388266175985336,-3.20543949783314e-05,1.8641623682924546e-05,0.9999998211860657,-0.0006104668718762696,-0.004620188847184181,-0.0001051115250447765,0.0014464108971878886,-0.002062760991975665,-0.0004775882407557219,0.0001122926696552895,-0.004669645335525274,0.00010864372598007321,-0.0012774599017575383,-0.0020807108376175165,-0.00018965941853821278,-3.709656448336318e-05,0.0009059309959411621,-3.433584060985595e-05,0.02498355507850647,0.004032283555716276,0.004046257585287094,4.5757215048070066e-06,6.514193955808878e-06,,,,,2.0279646686339037,,,,,,,,,1320,3.5666666666666664
14.575000000002909,retreat,14.575000760145485,0.0788320284493782,0.5832254886627211,-0.21201372146606445,0.03762698543141596,2.0789547792141985,0.013683767974725924,0.06852804166478502,0.0,0.0,0.0,0.0,74,0.003939679358154535,0.002295995829626918,0.003939678892493248,0.002134581794962287,0.0,-0.7280781302909378,0.0,0.0,0.0,0.0,0.0,0.0,-3.681171438074671e-05,0.018127862364053726,-0.0006906551425345242,0.9998353719711304,0.001781193190254271,0.0003002251323778182,0.008343984372913837,0.29056885838508606,-0.11594262719154358,-0.06774114072322845,-0.48562943935394287,0.5339142680168152,0.5032896995544434,-1.9848096370697021,-0.3662880063056946,2.390991449356079,1.0250439643859863,-0.0034231431782245636,-0.013694814406335354,0.004902878776192665,-0.001639272435568273,0.010487141087651253,-0.010435954667627811,-0.006868055555969477,0.6009565591812134,-7.309892680495977e-06,0.10678427666425705,-0.001298478222452104,0.9998341798782349,-1.4400453096641286e-07,-0.0181603841483593,7.641501724720001e-06,3.916162677342072e-05,0.0323885940015316,-3.2492043828824535e-05,2.595313526398968e-05,0.9999997019767761,-0.000608394737355411,0.0032989594619721174,0.00044102888205088675,0.002107945503666997,-0.002179534872993827,0.0007019069162197411,0.0001689696218818426,0.003220213111490011,-0.00043539932812564075,-0.002227493328973651,-0.002120662247762084,-0.00022501585772261024,-9.272982424590737e-05,0.0009062290191650391,-3.449370342423208e-05,0.024983547627925873,0.004032316152006388,0.004046301823109388,4.578615516948048e-06,6.518210284411907e-06,,,,,2.0279646686339037,,,,,,,,,1320,3.5749999999999997
14.583333333336249,retreat,14.583334093913436,0.029329867683484778,0.531488656997682,-0.21970272064208984,0.041427254473092034,2.0803664048319797,0.01332586271018954,0.055952909680744456,0.0,0.0,0.0,0.0,67,0.000885997898876667,0.0024767054710537195,0.000885997898876667,0.002429023152217269,0.0,-0.6764396114251441,0.0,0.0,0.0,0.0,0.0,0.0,-3.721679240697995e-05,0.018140440806746483,-0.0006914433906786144,0.9998351335525513,0.0018854867666959763,0.00029943211120553315,0.008329404518008232,0.29173749685287476,-0.12136435508728027,-0.07083911448717117,-0.48565804958343506,0.5337998270988464,0.5033343434333801,-1.984832525253296,-0.36620208621025085,2.390899896621704,1.0249977111816406,-0.0034255865029990673,-0.013763133436441422,0.004859564825892448,-0.0017814922612160444,0.01043621264398098,-0.010147764347493649,-0.006849532946944237,0.6009497046470642,-4.011555574834347e-06,0.10683592408895493,-0.00129951152484864,0.9998341202735901,-1.0800164318425232e-06,-0.018166914582252502,7.227645255625248e-06,3.872752859024331e-05,0.03238854557275772,-2.643701373017393e-05,2.727965693338774e-05,0.9999997615814209,-0.0006086640642024577,-0.0005073075299151242,0.0007133063627406955,0.0001372055703541264,-0.002120846649631858,0.001276842667721212,-7.584071136079729e-05,-0.0005119923152960837,-0.0007129702717065811,-0.00012053872342221439,-0.002013786695897579,-0.0013504126109182835,0.0001456093741580844,0.0009068846702575684,-3.4532713470980525e-05,0.024983525276184082,0.004032311961054802,0.004046357236802578,4.5810811570845544e-06,6.5258354879915714e-06,,,,,2.0279646686339037,,,,,,,,,1320,3.5833333333333335
14.591666666669589,retreat,14.591667427681386,-0.020141363816778224,0.47986358404159685,-0.2270340919494629,0.044709653593599796,2.0812129208217245,0.01475620229030028,0.03956468118525214,0.0,0.0,0.0,0.0,67,0.0019291923381388187,0.002333895768970251,0.0019291924545541406,0.002237387001514435,0.0,-0.6248734941127799,0.0,0.0,0.0,0.0,0.0,0.0,-3.8636982935713604e-05,0.01814819686114788,-0.0006927915965206921,0.9998350739479065,0.0017901230603456497,0.00028598823701031506,0.00833746325224638,0.2921395003795624,-0.11640231311321259,-0.0681321769952774,-0.48568665981292725,0.5336853861808777,0.5033718347549438,-1.9848554134368896,-0.36611616611480713,2.390808343887329,1.0249515771865845,-0.003419314743950963,-0.013822965323925018,0.004808907397091389,-0.0018940330483019352,0.010400431230664253,-0.00996833760291338,-0.006843231618404388,0.6009423732757568,-5.045047146268189e-06,0.10688602924346924,-0.0012992346892133355,0.9998340010643005,-5.4051588449510746e-06,-0.018174652010202408,7.673748768866062e-06,3.439480497036129e-05,0.032387036830186844,-2.6416069886181504e-05,3.3047857868950814e-05,0.9999998211860657,-0.0006071427487768233,-0.0014516767114400864,0.0012118206359446049,0.0003819801495410502,-0.002243025926873088,0.0006424685707315803,-5.6020813644863665e-05,-0.0014646705240011215,-0.0012108769733458757,-0.0003321159165352583,-0.002064626896753907,-0.0008523960132151842,0.00012898627028334886,0.0009072422981262207,-3.459880826994777e-05,0.024983510375022888,0.004032318480312824,0.004046390298753977,4.5716965360043105e-06,6.512796971946955e-06,,,,,2.0279646686339037,,,,,,,,,1320,3.591666666666667
14.600000000002929,retreat,14.600000761449337,-0.06958089281977209,0.4297584295272841,-0.23478269577026367,0.043304691644152626,2.082059092789438,0.014776652278669644,0.055952909680744456,0.0,0.0,0.0,0.0,67,0.004858133848756552,0.002472630003467202,0.004858136177062988,0.0018669802229851484,0.0,-0.5748272712511258,0.0,0.0,0.0,0.0,0.0,0.0,-3.4767508623190224e-05,0.018154973164200783,-0.0006943389889784157,0.9998348951339722,0.0018524045590311289,-0.002117539756000042,0.008252928964793682,0.16132274270057678,-0.12123430520296097,-0.06603845953941345,-0.48571527004241943,0.5335709452629089,0.5034071207046509,-1.9848783016204834,-0.366030216217041,2.390716791152954,1.0249032974243164,-0.003423612331971526,-0.013868079520761967,0.00479743629693985,-0.0019976599141955376,0.010455531999468803,-0.009779577143490314,-0.0069066486321389675,0.6009352207183838,-7.545095286332071e-06,0.10693635046482086,-0.001298319548368454,0.9998338222503662,-9.34456147660967e-06,-0.018182097002863884,7.568160071969032e-06,3.3245647500734776e-05,0.03238726779818535,-2.7088392016594298e-05,3.315954381832853e-05,0.9999997615814209,-0.0006046848720870912,-0.0007500889478251338,0.004784476477652788,0.0003842086298391223,-0.0023646382614970207,0.0006962147890590131,-0.00019408778462093323,-0.0007638774113729596,-0.004783486481755972,-0.00036910141352564096,-0.0016653812490403652,-0.0008051236509345472,0.00025277663371525705,0.000907599925994873,-3.4679658710956573e-05,0.024983495473861694,0.004032315220683813,0.004045226611196995,6.445920007536188e-06,9.180279448628426e-06,,,,,2.0279646686339037,,,,,,,,,1320,3.6
14.608333333336269,retreat,14.608334095217288,-0.11898794609385632,0.37943720817566057,-0.24241209030151367,0.04048905975650996,2.0829049211543933,0.015404186342493631,0.055952909680744456,0.0,0.0,0.0,0.0,60,0.0006717303185723722,0.0022968181874603033,0.0006717303767800331,0.0022692144848406315,0.0,-0.5245649575903212,0.0,0.0,0.0,0.0,0.0,0.0,-3.290727545390837e-05,0.018162693828344345,-0.0006912144017405808,0.9998348355293274,0.001867032377049327,-0.0017668777145445347,0.008344411849975586,0.16622942686080933,-0.12340278923511505,-0.06615088135004044,-0.485743910074234,0.5334565043449402,0.503442108631134,-1.9849011898040771,-0.3659442961215973,2.390625238418579,1.0248538255691528,-0.0034050687681883574,-0.01391100324690342,0.004743903875350952,-0.0020693079568445683,0.010410547256469727,-0.009649722836911678,-0.006906997412443161,0.6009275317192078,-9.961702744476497e-06,0.10698621720075607,-0.0012975276913493872,0.9998336434364319,-1.2940603483002633e-05,-0.018190300092101097,8.142669685184956e-06,3.359639958944172e-05,0.032386813312768936,-2.757435322564561e-05,3.484795524855144e-05,0.9999997615814209,-0.0006070475792512298,-0.0005715569714084268,0.00035240050056017935,-1.8925658878288232e-05,-0.0022253200877457857,0.0005517838289961219,-0.00013732875231653452,-0.0005705161020159721,-0.00035246057086624205,3.8789039535913616e-05,-0.002168023958802223,-0.0006347500020638108,0.0002147071936633438,0.0009079575538635254,-3.452512828516774e-05,0.0249834805727005,0.004032304976135492,0.004045326728373766,7.522901796619408e-06,1.0712799848988652e-05,,,,,2.0279646686339037,,,,,,,,,1320,3.6083333333333334
14.616666666669609,retreat,14.616667428985238,-0.16836175040738866,0.3295183181762709,-0.2505779266357422,0.03916983769158833,2.0838443279667875,0.01539815821161028,0.055952909680744456,0.0,0.0,0.0,0.0,58,0.0026133914943784475,0.0018954768311232328,0.002613390563055873,0.0022294847294688225,0.0,-0.4747114925128144,0.0,0.0,0.0,0.0,0.0,0.0,-2.800687070703134e-05,0.01817084290087223,-0.000697505718562752,0.9998345971107483,0.002077201846987009,-6.898528954479843e-05,0.008279630914330482,0.26775115728378296,-0.12995846569538116,-0.07470303028821945,-0.4857725203037262,0.5333420634269714,0.5034767985343933,-1.984924077987671,-0.36585840582847595,2.390533685684204,1.0247981548309326,-0.0033803428523242474,-0.01394796185195446,0.004683116916567087,-0.002124484395608306,0.010381519794464111,-0.009518099948763847,-0.006924551445990801,0.6009203195571899,-1.2854361557401717e-05,0.107036292552948,-0.001296521513722837,0.9998335242271423,-1.3704600860364735e-05,-0.018197862431406975,7.685273885726929e-06,3.195917815901339e-05,0.032387010753154755,-2.6989990146830678e-05,3.08386588585563e-05,0.9999997615814209,-0.0005996762192808092,0.00040618496132083237,-0.002578910207375884,0.00011853407340822741,-0.001764699351042509,0.0006759586976841092,-0.00014747366367373616,0.00040179488132707775,0.0025792161468416452,-0.00012655129830818623,-0.0021305123809725046,-0.0006177052855491638,0.00022351654479280114,0.0009083747863769531,-3.4844073525164276e-05,0.024983465671539307,0.0040323385037481785,0.004046703688800335,4.995420567865949e-06,7.110036676749587e-06,,,,,2.0279646686339037,,,,,,,,,1320,3.6166666666666667
14.625000000002949,retreat,14.625000762753189,-0.21770153252873392,0.2793908119201674,-0.2582073211669922,0.03418176856939681,2.0846894323211878,0.01511238679086091,0.055952909680744456,0.0,0.0,0.0,0.0,70,0.0007808944210410118,0.0018176821758970618,0.0007808945374563336,0.0018962991889566183,0.0,-0.4246428434571369,0.0,0.0,0.0,0.0,0.0,0.0,-3.0024939405848272e-05,0.018178340047597885,-0.0006774672656320035,0.9998345375061035,0.001977595267817378,3.133579230052419e-05,0.008324921131134033,0.28204426169395447,-0.1230190247297287,-0.06550966948270798,-0.4858011305332184,0.5332276225090027,0.5035114288330078,-1.9849469661712646,-0.36577245593070984,2.390442132949829,1.0247344970703125,-0.0033625082578510046,-0.013969747349619865,0.0046539390459656715,-0.0021713406313210726,0.010432700626552105,-0.009357722476124763,-0.0069605507887899876,0.6009129881858826,-1.5654368326067924e-05,0.10708622634410858,-0.00129569077398628,0.999833345413208,-1.0361758540966548e-05,-0.01820562221109867,7.883063517510891e-06,3.408906195545569e-05,0.032386813312768936,-2.7253316147834994e-05,2.9162518330849707e-05,0.9999997615814209,-0.0006188579718582332,0.00023770975531078875,-0.0006819725967943668,-0.0002969908236991614,-0.001673855003900826,0.0007086424739100039,-2.0055081222380977e-06,0.00024841047707013786,0.0006812071078456938,0.00028990584542043507,-0.0017711595864966512,-0.0006743510602973402,6.476706039393321e-05,0.0009087920188903809,-3.384046794963069e-05,0.024983450770378113,0.00403233477845788,0.004045391920953989,5.039675670559518e-06,7.179740350693464e-06,,,,,2.0279646686339037,,,,,,,,,1320,3.625
14.633333333336289,retreat,14.63333409652114,-0.2670065192262445,0.2294272184371962,-0.2658367156982422,0.031459661840926856,2.085346499032169,0.015360579709522426,0.055952909680744456,0.0,0.0,0.0,0.0,68,0.0009160144836641848,0.0019265477312728763,0.0009160145418718457,0.001972364028915763,0.0,-0.3747250112916267,0.0,0.0,0.0,0.0,0.0,0.0,-2.849436532414984e-05,0.018184209242463112,-0.0006770065519958735,0.9998343586921692,0.002056985395029187,4.028211333206855e-05,0.008317590691149235,0.2807503342628479,-0.12686030566692352,-0.06785201281309128,-0.48582974076271057,0.5331131815910339,0.5035459995269775,-1.9849698543548584,-0.3656865060329437,2.390350580215454,1.0246714353561401,-0.0033406668808311224,-0.013984018005430698,0.004627887159585953,-0.0021989436354488134,0.010462078265845776,-0.009241138584911823,-0.006956774741411209,0.6009055972099304,-1.8844177247956395e-05,0.10713627189397812,-0.0012946571223437786,0.9998332858085632,-7.499248567910399e-06,-0.018213534727692604,8.160597644746304e-06,3.355130320414901e-05,0.03238691762089729,-2.929875518020708e-05,2.4775938072707504e-05,0.9999997615814209,-0.0006182038923725486,0.0007083070813678205,-0.0005393854808062315,-0.00021551539248321205,-0.001826437539421022,0.0005986706237308681,0.00013155100168660283,0.0007157199434004724,0.0005388485151343048,0.0001909706916194409,-0.0019079084740951657,-0.0004960673395544291,-6.341797416098416e-05,0.0009090900421142578,-3.381881469977088e-05,0.024983443319797516,0.004032313358038664,0.004045494366437197,5.030496140534524e-06,7.167138392105699e-06,,,,,2.0279646686339037,,,,,,,,,1320,3.6333333333333333
14.641666666669629,retreat,14.64166743028909,-0.3162759372682853,0.1793295145034804,-0.27364492416381836,0.02886193760787137,2.086378614534425,0.015454583262908272,0.03956468118525214,0.0,0.0,0.0,0.0,59,0.0015786027070134878,0.001920596812851727,0.0015786027070134878,0.0020474351476877928,0.0,-0.32469918885641436,0.0,0.0,0.0,0.0,0.0,0.0,-3.6101955629419535e-05,0.018193082883954048,-0.0006804557051509619,0.9998342990875244,0.002055356279015541,0.0003287434810772538,0.00834362581372261,0.2967742681503296,-0.12922634184360504,-0.07935093343257904,-0.48585832118988037,0.5329987406730652,0.5035805702209473,-1.9849927425384521,-0.3656005859375,2.390259027481079,1.0246087312698364,-0.003312403801828623,-0.013990385457873344,0.004599140025675297,-0.0022097453474998474,0.01047545112669468,-0.009131391532719135,-0.006951772607862949,0.6008981466293335,-2.141148434020579e-05,0.10718638449907303,-0.0012937462888658047,0.9998331069946289,-4.53824941359926e-06,-0.018221057951450348,8.29098280519247e-06,3.351935447426513e-05,0.03238693252205849,-2.794186002574861e-05,2.9493443435057998e-05,0.9999998211860657,-0.0006139292963780463,0.0009552452829666436,-0.0011911174515262246,-0.0004009141121059656,-0.0018170947441831231,0.0006182264187373221,6.822770228609443e-05,0.0009692856692709029,0.0011901125544682145,0.0003689224540721625,-0.0019903413485735655,-0.00048012775368988514,3.0104079087323043e-06,0.0009095072746276855,-3.3984306355705485e-05,0.024983428418636322,0.00403210474178195,0.004045654088258743,4.693613846029621e-06,6.684829713776708e-06,,,,,2.0279646686339037,,,,,,,,,1320,3.6416666666666666
14.650000000002969,retreat,14.65000076405704,-0.3655090134232122,0.12917220592498918,-0.28133392333984375,0.025220802854164504,2.08703514967067,0.015667523257434368,0.055952909680744456,0.0,0.0,0.0,0.0,75,0.0017603939631953835,0.0019501830684021115,0.0017603939631953835,0.002031887648627162,0.0,-0.2745876045248466,0.0,0.0,0.0,0.0,0.0,0.0,-3.765017754631117e-05,0.018199970945715904,-0.0006624634261243045,0.9998341202735901,0.002136044669896364,0.00037221802631393075,0.008403439074754715,0.3093039095401764,-0.1326223462820053,-0.0776975005865097,-0.48588690161705017,0.5328842997550964,0.503615140914917,-1.985015630722046,-0.3655146658420563,2.390167474746704,1.0245468616485596,-0.003281276673078537,-0.013988408260047436,0.004575223196297884,-0.0022067399695515633,0.010492656379938126,-0.00903492234647274,-0.006940713617950678,0.6008908748626709,-2.4319306248798966e-05,0.10723608732223511,-0.0012928260257467628,0.9998329281806946,-2.288719315401977e-06,-0.01822906918823719,8.37643165141344e-06,3.4189317375421524e-05,0.03238648921251297,-2.9064151021884754e-05,2.8476868465077132e-05,0.9999997019767761,-0.0006309873424470425,0.0013828328810632229,-0.0009536208235658705,-0.0005266568041406572,-0.0018500533187761903,0.0006086854264140129,0.00010009465768234804,0.0014011608436703682,0.0009523150511085987,0.0004783631884492934,-0.0019901436753571033,-0.0004087447887286544,-2.8681020921794698e-05,0.0009098649024963379,-3.308341547381133e-05,0.024983420968055725,0.004030839540064335,0.004044547211378813,5.092477294965647e-06,7.25462450645864e-06,,,,,2.0279646686339037,,,,,,,,,1320,3.65
14.658333333336309,retreat,14.65833409782499,-0.4147049744593829,0.07939487695694109,-0.28890371322631836,0.023779142793500796,2.0879726990585774,0.016030991901061498,0.055952909680744456,0.0,0.0,0.0,0.0,67,0.0020040078088641167,0.001986744813621044,0.0020040078088641167,0.0020513555500656366,0.0,-0.22487557094712576,0.0,0.0,0.0,0.0,0.0,0.0,-3.9608643419342116e-05,0.018207363784313202,-0.0006808446487411857,0.9998340010643005,0.0022170059382915497,0.00031046688673086464,0.008329354226589203,0.2924865782260895,-0.1352924108505249,-0.07713208347558975,-0.48591551184654236,0.5327698588371277,0.5036496520042419,-1.9850385189056396,-0.36542874574661255,2.390076160430908,1.0244883298873901,-0.003246871056035161,-0.013979406096041203,0.004554242826998234,-0.00218955148011446,0.010504627600312233,-0.008945843204855919,-0.006930102594196796,0.6008834838867188,-2.752718864940107e-05,0.10728634148836136,-0.001291969558224082,0.9998328685760498,-1.6511381772943423e-06,-0.01823679730296135,8.71601514518261e-06,3.23681379086338e-05,0.032386988401412964,-2.939903424703516e-05,3.0145831260597333e-05,0.9999997615814209,-0.0006117761950008571,0.0017447738209739327,-0.0009168563410639763,-0.0003621958603616804,-0.0018824199214577675,0.0006323553388938308,6.145278894109651e-05,0.0017568678595125675,0.0009159939945675433,0.000300694809993729,-0.002015777863562107,-0.0003802337741944939,1.1018110853910912e-05,0.0009102225303649902,-3.40005244652275e-05,0.024983398616313934,0.004032083787024021,0.004045954439789057,4.663297659135424e-06,6.6416687332093716e-06,,,,,2.0279646686339037,,,,,,,,,1320,3.658333333333333
14.666666666669649,retreat,14.666667431592941,-0.46386304714516235,0.029081106185914474,-0.29653310775756836,0.019432514818618074,2.0887224357047884,0.015868423361098394,0.03956468118525214,0.0,0.0,0.0,0.0,65,0.0026421023067086935,0.0019603429827839136,0.002642102539539337,0.0020872580353170633,0.0,-0.17461401536743304,0.0,0.0,0.0,0.0,0.0,0.0,-4.4130440073786303e-05,0.018214793875813484,-0.000662172504235059,0.999833881855011,0.002412166679278016,0.0004490502178668976,0.008372864685952663,0.3131577968597412,-0.14500325918197632,-0.08171730488538742,-0.48594409227371216,0.5326554179191589,0.5036842226982117,-1.9850614070892334,-0.3653428256511688,2.3899853229522705,1.0244317054748535,-0.003207180183380842,-0.01396333146840334,0.004531640559434891,-0.002158930990844965,0.010507539846003056,-0.0088754678145051,-0.006921856198459864,0.6008762121200562,-3.0161114409565926e-05,0.10733640938997269,-0.0012912696693092585,0.9998326897621155,-1.8000584987021284e-06,-0.018244152888655663,8.825794793665409e-06,3.4035067074000835e-05,0.032386742532253265,-2.9318056476768106e-05,3.448495044722222e-05,0.9999997615814209,-0.0006298310472629964,0.00215888605453074,-0.0013994965702295303,-0.0006011031800881028,-0.0018642477225512266,0.0006062304601073265,3.066335011681076e-06,0.002179449424147606,0.0013980340445414186,0.0005255537107586861,-0.00206514960154891,-0.00029443841776810586,7.147666474338621e-05,0.0009105801582336426,-3.30629336531274e-05,0.024983391165733337,0.004030835814774036,0.004044814966619015,5.098154360894114e-06,7.2588445618748665e-06,,,,,2.0279646686339037,,,,,,,,,1320,3.6666666666666665
14.675000000002989,retreat,14.675000765360892,-0.5129824582489046,-0.02106130123138289,-0.3039836883544922,0.018345759599469602,2.0895655680283336,0.016334530300810002,0.07912936237050427,0.0,0.0,0.0,0.0,66,0.012599795125424862,0.002804925199598074,0.012599796056747437,0.0010129939764738083,0.0,-0.1245303276265694,0.0,0.0,0.0,0.0,0.0,0.0,-3.9237027522176504e-05,0.01822083257138729,-0.0006814401713199914,0.9998337030410767,0.002460964024066925,-0.00754340086132288,0.00814475305378437,0.4755677282810211,-0.1444929838180542,-0.06743601709604263,-0.48597270250320435,0.5325409770011902,0.5037187933921814,-1.9850842952728271,-0.3652568757534027,2.389894723892212,1.0243767499923706,-0.003205285407602787,-0.013920406810939312,0.004621799569576979,-0.0021402519196271896,0.01068021822720766,-0.008733491413295269,-0.006973811890929937,0.6008691191673279,-3.288417065050453e-05,0.10738657414913177,-0.0012902453308925033,0.9998325109481812,-2.6561476715869503e-06,-0.018251387402415276,8.938251994550228e-06,3.233353345422074e-05,0.03238677605986595,-3.051865132874809e-05,3.0815612262813374e-05,0.9999996423721313,-0.0006094708223827183,0.002274780999869108,0.012389157898724079,-0.00029830142739228904,-0.0026917094364762306,0.000787731260061264,4.224926669849083e-05,0.0022835033014416695,-0.012389792129397392,0.00018311632447876036,-0.0009029530920088291,-0.0004590460448525846,-1.0448344255564734e-05,0.0009108781814575195,-3.403059963602573e-05,0.024983376264572144,0.004032087046653032,0.0040449295192956924,-0.0002885852300096303,-0.0004110243171453476,,,,,2.0279646686339037,,,,,,,,,1320,3.675
14.683333333336329,retreat,14.683334099128842,-0.5620624345389711,-0.07125586271285872,-0.3113746643066406,0.014500586985377595,2.090408360438872,0.0163409931701608,0.03956468118525214,0.0,0.0,0.0,0.0,62,0.013043715618550777,0.0020900771487504244,0.013043710961937904,0.003946153447031975,0.0,-0.07439446211689182,0.0,0.0,0.0,0.0,0.0,0.0,-4.0082148188957945e-05,0.018228469416499138,-0.000675748975481838,0.9998336434364319,0.002438655588775873,0.00018676002218853682,0.008273018524050713,0.28090691566467285,-0.14654770493507385,-0.08899567276239395,-0.4859985411167145,0.5324265360832214,0.5037533640861511,-1.985107183456421,-0.365170955657959,2.3898041248321533,1.0243306159973145,-0.003101237816736102,-0.01391338836401701,0.004462579730898142,-0.0020409661810845137,0.010352364741265774,-0.008825496770441532,-0.006803042255342007,0.6008616089820862,-3.411504440009594e-05,0.1074366420507431,-0.0012893225066363811,0.9998323917388916,-6.92087814968545e-06,-0.01825891248881817,9.540002793073654e-06,3.4892698749899864e-05,0.032386645674705505,-3.0402854463318363e-05,3.583026409614831e-05,0.9999998211860657,-0.00061432970687747,0.0019314623204991221,-0.012886947020888329,-0.0005784182576462626,-0.0020817099139094353,0.00016175099881365895,-9.350187610834837e-05,0.0019520786590874195,0.012885471805930138,0.0005407313583418727,-0.003937263507395983,0.00011689700477290899,0.00023752848210278898,0.0009112954139709473,-3.3745294786058366e-05,0.02498336136341095,0.004032116383314133,0.0040450990200042725,5.205443812883459e-06,7.420720066875219e-06,,,,,2.0279646686339037,,,,,,,,,1320,3.683333333333333
14.691666666669668,retreat,14.691667432896793,-0.6111022027837212,-0.12139827013015608,-0.31888484954833984,0.013448762729240116,2.090970033408317,0.016284175217151642,0.03956468118525214,0.0,0.0,0.0,0.0,59,0.004382146522402763,0.0015550117241218686,0.004382147453725338,0.0016938006738200784,0.0,-0.024291172192363736,0.0,0.0,0.0,0.0,0.0,0.0,-3.251318776165135e-05,0.018234118819236755,-0.0006733651389367878,0.9998335242271423,0.00275430828332901,0.0002774106105789542,0.008391529321670532,0.2872023284435272,-0.16066917777061462,-0.08683609962463379,-0.48602163791656494,0.5323120951652527,0.5037879347801208,-1.9851300716400146,-0.36508503556251526,2.3897149562835693,1.024281620979309,-0.0030568125657737255,-0.013875548727810383,0.004450572654604912,-0.0019893667194992304,0.010458705015480518,-0.008711760863661766,-0.006888211239129305,0.6008546948432922,-3.345133154653013e-05,0.10748643428087234,-0.0012884637108072639,0.9998323321342468,-8.00850921223173e-06,-0.018265647813677788,9.367940947413445e-06,3.6552992241922766e-05,0.03238631784915924,-3.149810072500259e-05,2.9319122404558584e-05,0.9999998211860657,-0.0006157369934953749,0.0034765065647661686,-0.002504954347386956,-0.0009177773608826101,-0.001286287559196353,0.0008592071826569736,-0.00015902343147899956,0.003507866756990552,0.0025026905350387096,0.000796635402366519,-0.0016412329860031605,-0.00035745155764743686,0.00021804439893458039,0.0009115338325500488,-3.363300857017748e-05,0.024983353912830353,0.004032110329717398,0.004045193083584309,4.9768823373597115e-06,7.083173841238022e-06,,,,,2.0279646686339037,,,,,,,,,1320,3.6916666666666664
14.700000000003008,retreat,14.700000766664743,-0.6601009897515127,-0.1712724566459642,-0.3261566162109375,0.014291513252828736,2.091999375694657,0.01596646870893892,0.06852804166478502,0.0,0.0,0.0,0.0,62,0.0031296052038669586,0.0019220969406887889,0.003129604971036315,0.0020400567445904016,0.0,0.02551132622161459,0.0,0.0,0.0,0.0,0.0,0.0,-3.2237974664894864e-05,0.01824292168021202,-0.0006737041403539479,0.999833345413208,0.0027166511863470078,0.0003168731927871704,0.008363909088075161,0.2883281111717224,-0.15318718552589417,-0.08481805771589279,-0.48604464530944824,0.5321976542472839,0.5038225054740906,-1.9851529598236084,-0.36499911546707153,2.3896257877349854,1.0242325067520142,-0.0029994442593306303,-0.013834213837981224,0.004419480916112661,-0.0019122425001114607,0.010475048795342445,-0.008660105988383293,-0.006888860836625099,0.6008477807044983,-3.298575757071376e-05,0.10753694921731949,-0.001287566963583231,0.9998321533203125,-9.124329153564759e-06,-0.01827222667634487,9.460258297622204e-06,3.612074215197936e-05,0.03238696977496147,-2.9271599487401545e-05,3.0177852750057355e-05,0.9999997019767761,-0.0006145169027149677,0.0027545911725610495,-0.0013725506141781807,-0.000568120798561722,-0.0018340806709602475,0.0005748682888224721,1.1460077075753361e-05,0.0027735994663089514,0.0013711621286347508,0.0004706246545538306,-0.002031413372606039,-0.00017696834402158856,6.223793025128543e-05,0.000912010669708252,-3.365018710610457e-05,0.02498333901166916,0.0040321652777493,0.004045322071760893,4.8831579988473095e-06,6.954476702958345e-06,,,,,2.0279646686339037,,,,,,,,,1320,3.6999999999999997
14.708333333336348,retreat,14.708334100432694,-0.7090580222107139,-0.22183209657668929,-0.3331899642944336,0.014862746866128873,2.0926541481927834,0.016222935300902463,0.03956468118525214,0.0,0.0,0.0,0.0,67,0.003329590428620577,0.002044002991169691,0.003329590195789933,0.002130660926923156,0.0,0.076025364827155,0.0,0.0,0.0,0.0,0.0,0.0,-3.345654113218188e-05,0.018248682841658592,-0.0006733868503943086,0.9998332858085632,0.0028660292737185955,0.00038657549885101616,0.008289244957268238,0.2926393747329712,-0.1586211770772934,-0.08956331759691238,-0.48606765270233154,0.5320832133293152,0.5038570761680603,-1.9851758480072021,-0.3649131953716278,2.3895373344421387,1.0241822004318237,-0.0029356200248003006,-0.01378936693072319,0.0043790447525680065,-0.0018234116723760962,0.010472903028130531,-0.008639438077807426,-0.006890386343002319,0.6008411049842834,-3.206505789421499e-05,0.10758709162473679,-0.001287116901949048,0.9998320937156677,-9.786407645151485e-06,-0.0182784590870142,9.491224773228168e-06,3.644078242359683e-05,0.032386571168899536,-2.974286508106161e-05,3.205527173122391e-05,0.9999998211860657,-0.0006144182407297194,0.0031472942791879177,-0.0010250275954604149,-0.00036059453850612044,-0.0019815010018646717,0.0004988554865121841,-5.239266101852991e-05,0.003158439416438341,0.0010241828858852386,0.0002479541872162372,-0.0021262303926050663,-4.439480835571885e-05,0.0001299566647503525,0.0009123086929321289,-3.3633205021033064e-05,0.024983324110507965,0.004032197408378124,0.004045411478728056,4.733064997708425e-06,6.744900019839406e-06,,,,,2.0279646686339037,,,,,,,,,1320,3.7083333333333335
14.716666666669688,retreat,14.716667434200644,-0.7579725269296684,-0.2720266580581651,-0.33986568450927734,0.015971605535014533,2.093495697765368,0.01657921529840678,0.055952909680744456,0.0,0.0,0.0,0.0,71,0.003215949283912778,0.0020977798849344254,0.003215949283912778,0.0021384144201874733,0.0,0.12616131700919284,0.0,0.0,0.0,0.0,0.0,0.0,-3.4354274248471484e-05,0.018255360424518585,-0.0006747948355041444,0.9998331069946289,0.002851018914952874,0.00042257318273186684,0.00831541232764721,0.2945805788040161,-0.15945981442928314,-0.0875176414847374,-0.4860905706882477,0.5319687724113464,0.50389164686203,-1.985198736190796,-0.3648272752761841,2.389449119567871,1.0241340398788452,-0.0028647957369685173,-0.013739649206399918,0.004328513517975807,-0.0017247166251763701,0.01046283170580864,-0.008615635335445404,-0.006883184425532818,0.6008344292640686,-3.1406685593537986e-05,0.10763726383447647,-0.0012863727752119303,0.9998319745063782,-1.130985219788272e-05,-0.018284693360328674,9.894371032714844e-06,3.594381996663287e-05,0.03238654509186745,-2.929796391981654e-05,3.451369775575586e-05,0.9999997615814209,-0.0006123107741586864,0.0030843333806842566,-0.0007065620156936347,-0.0005744452937506139,-0.0020354469306766987,0.0005074785440228879,-1.0074149031424895e-05,0.0031033239793032408,0.0007051570573821664,0.00046310306061059237,-0.002135705668479204,-6.199520430527627e-05,8.794414316071197e-05,0.0009126067161560059,-3.370275589986704e-05,0.024983316659927368,0.004032228607684374,0.004045548383146524,4.672748218581546e-06,6.655842298641801e-06,,,,,2.0279646686339037,,,,,,,,,1320,3.716666666666667
14.725000000003028,retreat,14.725000767968595,-0.8068437306767464,-0.32225847244262557,-0.34672021865844727,0.01679900560702663,2.094243458062257,0.016512944057467394,0.055952909680744456,0.0,0.0,0.0,0.0,73,0.0036646081134676933,0.00211421400308609,0.0036646081134676933,0.0021277249325066805,0.0,0.17634105402785163,0.0,0.0,0.0,0.0,0.0,0.0,-2.9893912142142653e-05,0.018261894583702087,-0.0006748776650056243,0.9998330473899841,0.0030569229274988174,0.00043188390554860234,0.008291184902191162,0.2953570485115051,-0.16780461370944977,-0.10037250071763992,-0.48611345887184143,0.5318543314933777,0.5039262175559998,-1.9852211475372314,-0.36474135518074036,2.3893611431121826,1.0240837335586548,-0.002790881088003516,-0.013686520047485828,0.004273855593055487,-0.001618941780179739,0.010458875447511673,-0.008606023155152798,-0.006891454104334116,0.6008279323577881,-3.052673127967864e-05,0.10768764466047287,-0.0012858700938522816,0.9998317956924438,-1.1941617231059354e-05,-0.018290724605321884,9.933020919561386e-06,3.596497845137492e-05,0.03238670155405998,-2.880151805584319e-05,3.0690120183862746e-05,0.9999997615814209,-0.0006116567528806627,0.003607523627579212,-0.0005048817838542163,-0.00040027438080869615,-0.002053625416010618,0.0004980168887414038,-6.709976150887087e-05,0.003619785886257887,0.0005039339885115623,0.00026935673668049276,-0.0021226713433861732,2.2900232579559088e-05,0.0001447584800189361,0.0009129643440246582,-3.371095226611942e-05,0.024983301758766174,0.004032232332974672,0.004045721609145403,4.662534593080636e-06,6.640271749347448e-06,,,,,2.0279646686339037,,,,,,,,,1320,3.725
14.733333333336368,retreat,14.733334101736546,-0.855670860220302,-0.37269145250320296,-0.35327672958374023,0.017844507965492085,2.094990951581629,0.01651067395869177,0.06852804166478502,0.0,0.0,0.0,0.0,81,0.0037348861806094646,0.00212826463393867,0.0037348861806094646,0.002108086599037051,0.0,0.22672197532704746,0.0,0.0,0.0,0.0,0.0,0.0,-3.372842547832988e-05,0.018268432468175888,-0.0006757728988304734,0.9998328685760498,0.0031961961649358273,0.000418011361034587,0.008279379457235336,0.2931530177593231,-0.17351368069648743,-0.09661104530096054,-0.4861363470554352,0.5317398905754089,0.5039605498313904,-1.9852430820465088,-0.36465543508529663,2.389273166656494,1.0240330696105957,-0.002711194334551692,-0.013629181310534477,0.004211208317428827,-0.0015056891134008765,0.010454675182700157,-0.008592933416366577,-0.006893067620694637,0.6008216142654419,-3.0187962693162262e-05,0.10773836076259613,-0.0012850554194301367,0.9998317360877991,-1.2656268154387362e-05,-0.018296310678124428,1.0067014954984188e-05,3.520706377457827e-05,0.03238699212670326,-2.7842907002195716e-05,3.526610817061737e-05,0.9999997019767761,-0.000610029383096844,0.0037009099032729864,-0.0003042595344595611,-0.0004000845947302878,-0.0020640769507735968,0.0005186984781175852,-6.937276339158416e-06,0.003713091602548957,0.0003033105458598584,0.0002651936374604702,-0.0021063541062176228,1.5868281479924917e-05,8.396518387598917e-05,0.0009132623672485352,-3.3752188755897805e-05,0.024983294308185577,0.004032243508845568,0.004045876674354076,4.643222837330541e-06,6.6132633946835995e-06,,,,,2.0279646686339037,,,,,,,,,1320,3.7333333333333334
14.741666666669708,retreat,14.741667435504496,-0.9044531423287001,-0.42343735694885115,-0.35965442657470703,0.018298631403013133,2.095551396820152,0.008510961379215587,0.055952909680744456,0.0,0.0,0.0,0.0,81,0.0037717365194112062,0.0020995638333261013,0.0037717365194112062,0.002079525962471962,0.0,0.27742884789883765,0.0,0.0,0.0,0.0,0.0,0.0,-3.067243596888147e-05,0.018273891881108284,-0.0006762045668438077,0.999832808971405,0.003320439485833049,0.00040746244485490024,0.008263246156275272,0.2912869453430176,-0.1779089719057083,-0.10023851692676544,-0.48615923523902893,0.5316254496574402,0.503994882106781,-1.985250473022461,-0.3645695149898529,2.3891854286193848,1.0239801406860352,-0.0026277187280356884,-0.013567362911999226,0.004144132602959871,-0.0013860792387276888,0.010457552038133144,-0.008585713803768158,-0.00690446887165308,0.6008220911026001,-3.140128683298826e-05,0.10779429227113724,-0.0012840662384405732,0.9998317360877991,-1.375529154756805e-05,-0.01829475909471512,3.3061951398849487e-06,3.34906653733924e-05,0.03239242732524872,-2.083523759210948e-05,3.3325668482575566e-05,0.9999997615814209,-0.0006085725035518408,0.00375271774828434,-0.00024390709586441517,-0.000289163610432297,-0.0020432339515537024,0.0004821988695766777,-2.911714545916766e-05,0.0037608023267239332,0.0002432366891298443,0.00015230794087983668,-0.0020760037004947662,5.9817626606673e-05,0.0001051621584338136,0.0009135603904724121,-3.377654866199009e-05,0.024983279407024384,0.0040322900749742985,0.004046018701046705,4.618063030648045e-06,6.5802596509456635e-06,,,,,2.0279646686339037,,,,,,,,,1320,3.7416666666666667
14.750000000003048,retreat,14.750000769272447,-0.9531898037702948,-0.4792720079421983,-0.35881996154785156,0.017208258213941008,2.0951777833109477,0.006072286396374693,0.06852804166478502,0.0,0.0,0.0,0.0,76,0.001744442735798657,0.0019793680403381586,0.0017444426193833351,0.0020286100916564465,0.0,0.3332895189803071,0.0,0.0,0.0,0.0,0.0,0.0,-2.4769075025687926e-05,0.018270688131451607,-0.0006764480494894087,0.999832808971405,0.0010142644168809056,0.0004323007306084037,0.008575761690735817,0.2962661683559418,-0.04816965386271477,-0.03235957399010658,-0.4861820936203003,0.5315110087394714,0.5040292143821716,-1.985250473022461,-0.3644835948944092,2.389094352722168,1.0239207744598389,-0.002534047933295369,-0.013493495993316174,0.004067274741828442,-0.0012602218193933368,0.010472473688423634,-0.00857018306851387,-0.006920803338289261,0.6008254289627075,-3.33254283759743e-05,0.10785265266895294,-0.0012828672770410776,0.9998317956924438,-1.2641382454603445e-05,-0.01829129457473755,6.724148988723755e-07,3.258458309574053e-05,0.032395053654909134,-2.058135396509897e-05,2.6340861950302497e-05,0.9999997019767761,-0.0006070026429370046,-0.0016432610573247075,-0.00044408655958250165,-0.0003815241507254541,-0.0019644456915557384,-0.00024246862449217588,-7.739182365185115e-06,-0.0016281745629385114,0.00044307048665359616,0.0004425111983437091,-0.0020269458182156086,5.009467713534832e-06,8.199881995096803e-05,0.0009133815765380859,-3.3794120099628344e-05,0.02498328685760498,0.004032307770103216,0.004046149551868439,4.583281679515494e-06,6.526999641209841e-06,,,,,2.0279646686339037,,,,,,,,,1320,3.75
14.758333333336388,retreat,14.758334103040397,-1.0018800713134457,-0.5374163389205919,-0.35506486892700195,0.015287960195564665,2.0945237993796684,0.006693704563076608,0.03956468118525214,0.0,0.0,0.0,0.0,78,0.0019160821102559566,0.0021751513704657555,0.0019160823430866003,0.00218118610791862,0.0,0.3914793962911667,0.0,0.0,0.0,0.0,0.0,0.0,-2.6494280973565765e-05,0.01826448179781437,-0.0006744115962646902,0.9998329877853394,4.941477527609095e-06,0.000438867777120322,0.008691132999956608,0.2974452078342438,0.007677276618778706,-0.0013502618530765176,-0.48620492219924927,0.5313965678215027,0.5040634870529175,-1.985250473022461,-0.36439767479896545,2.389002799987793,1.023855209350586,-0.002450165804475546,-0.013422676362097263,0.00400520209223032,-0.0011544181033968925,0.010526965372264385,-0.008695311844348907,-0.006945780478417873,0.6008284091949463,-3.557805030141026e-05,0.10791109502315521,-0.0012813874054700136,0.9998319149017334,-8.438383702014107e-06,-0.01828812062740326,1.2521632015705109e-06,3.215212200302631e-05,0.03239532932639122,-2.361478800594341e-05,2.3857182895881124e-05,0.9999998211860657,-0.0006075138808228076,-0.0011981931747868657,-0.0005384954274632037,0.0013948929263278842,-0.001972020836547017,-0.0009148765821009874,7.361045572906733e-05,-0.0012483687605708838,0.0005420325323939323,-0.0013487578835338354,-0.0020511322654783726,0.0007419012254104018,3.3409069146728143e-06,0.000913083553314209,-3.369075420778245e-05,0.024983301758766174,0.00403229845687747,0.004046264570206404,4.569543762045214e-06,6.506859790533781e-06,,,,,2.0279646686339037,,,,,,,,,1320,3.7583333333333333
14.766666666669728,retreat,14.766667436808348,-1.0505231717265175,-0.5956351757049547,-0.35178661346435547,0.012900823094241787,2.0939630792292627,0.004553069175017299,0.03956468118525214,0.0,0.0,0.0,0.0,78,0.0026860027574002743,0.0019788076169788837,0.002686002990230918,0.0021316350903362036,0.0,0.44973728412108294,0.0,0.0,0.0,0.0,0.0,0.0,-3.431747973081656e-05,0.01825997233390808,-0.0006703384569846094,0.9998330473899841,0.0001739838335197419,0.00044501188676804304,0.00864117220044136,0.29611659049987793,-0.0018028030171990395,-0.005972342565655708,-0.4862224757671356,0.5312821269035339,0.5040977597236633,-1.985250473022461,-0.3643116354942322,2.388911247253418,1.0237886905670166,-0.0023684711195528507,-0.013354454189538956,0.003943342249840498,-0.001078445347957313,0.010591596364974976,-0.008793873712420464,-0.006954398937523365,0.6008316278457642,-3.4217300708405674e-05,0.10796964168548584,-0.0012803063727915287,0.9998319745063782,-8.981776318250922e-07,-0.018284831196069717,1.1104857549071312e-06,3.582188946893439e-05,0.03239563852548599,-2.4830242182360962e-05,2.408976979495492e-05,0.9999998211860657,-0.0006105108768679202,0.0007996732019819319,-0.0008519038092344999,0.0024185520596802235,-0.001877702190540731,-0.0005936186644248664,0.0001937286724569276,0.0007107490673661232,0.0008581290021538734,-0.0024439848493784666,-0.0020065726712346077,0.0007095456239767373,-0.00011865403212141246,0.0009128451347351074,-3.347999881953001e-05,0.02498330920934677,0.004032339435070753,0.004046300891786814,4.561476544040488e-06,6.495829438790679e-06,,,,,2.0279646686339037,,,,,,,,,1320,3.7666666666666666
14.775000000003068,retreat,14.775000770576298,-1.0991183317778646,-0.6539359688758837,-0.3483295440673828,0.01425588834536029,2.0935891824016437,0.005150013294041855,0.0,0.0,0.0,0.0,0.0,87,0.002922759624198079,0.002011385513469577,0.0029227598570287228,0.0021014052908867598,0.0,0.5080641171380761,0.0,0.0,0.0,0.0,0.0,0.0,-3.771710908040404e-05,0.018256615847349167,-0.000669446075335145,0.9998331069946289,0.0001289973733946681,0.00045058588148094714,0.008616483770310879,0.29639914631843567,0.0007543445681221783,-0.004655225668102503,-0.4862397611141205,0.5311676859855652,0.5041320323944092,-1.985250473022461,-0.3642255961894989,2.388819694519043,1.023728609085083,-0.0022776832338422537,-0.013285587541759014,0.0038607155438512564,-0.0010199319804087281,0.01062890887260437,-0.008826346136629581,-0.006928814109414816,0.6008344292640686,-3.327683953102678e-05,0.10802789032459259,-0.0012785930885002017,0.9998320937156677,3.07239292851591e-06,-0.018281826749444008,1.5693949535489082e-06,3.5291435779072344e-05,0.03239557519555092,-2.5178685973514803e-05,2.353505988139659e-05,0.9999998807907104,-0.000609679555054754,0.0005066603189334273,-0.0005422507529146969,0.0028269742615520954,-0.0019559881184250116,-0.0003543337224982679,0.0003069683734793216,0.000402996432967484,0.0005495034856721759,-0.0028422113973647356,-0.0020442705135792494,0.00042820084490813315,-0.00023131430498324335,0.0009126663208007812,-3.3432286727475e-05,0.02498330920934677,0.004032329190522432,0.004046353045850992,4.5577821765618864e-06,6.489892257377505e-06,,,,,2.0279646686339037,,,,,,,,,1320,3.775
14.783333333336408,retreat,14.783334104344249,-1.1476647782358427,-0.7118865847587572,-0.3453493118286133,0.015210133824439254,2.0932152188171056,0.004495489065448055,0.055952909680744456,0.0,0.0,0.0,0.0,84,0.0035346378572285175,0.002006157534196973,0.0035346385557204485,0.0020652292296290398,0.0,0.5660407775224773,0.0,0.0,0.0,0.0,0.0,0.0,-4.3680076487362385e-05,0.01825379766523838,-0.0006692412425763905,0.9998331069946289,0.000265472917817533,0.0004529769066721201,0.008561655879020691,0.29558414220809937,-0.0068510714918375015,-0.008335275575518608,-0.4862569272518158,0.5310532450675964,0.504166305065155,-1.985250473022461,-0.3641389012336731,2.388728141784668,1.0236668586730957,-0.002182880649343133,-0.013216840103268623,0.003766967449337244,-0.0009773080237209797,0.01066185999661684,-0.008842564187943935,-0.006935072597116232,0.6008376479148865,-3.159538027830422e-05,0.10808613896369934,-0.001277534756809473,0.9998320937156677,8.192851964849979e-06,-0.018278613686561584,1.1336524039506912e-06,3.594478766899556e-05,0.0323958694934845,-2.4780405510682613e-05,2.4395090804318897e-05,0.9999997615814209,-0.0006088408408686519,0.0005428356816992164,-0.000318581354804337,0.0034781459253281355,-0.001978426007553935,-0.00031633744947612286,0.00010212010965915397,0.0004153524641878903,0.0003274989139754325,-0.003494838485494256,-0.002026944188401103,0.00039488726179115474,-2.706241502892226e-05,0.0009125471115112305,-3.341661431477405e-05,0.024983316659927368,0.004032335244119167,0.004046386573463678,4.551552592602093e-06,6.480753654614091e-06,,,,,2.0279646686339037,,,,,,,,,1320,3.783333333333333
14.791666666669748,retreat,14.7916674381122,-1.1961617378688203,-0.7697850465774523,-0.3420710563659668,0.016832638721098192,2.0930282119798096,0.004541844191408018,0.03956468118525214,0.0,0.0,0.0,0.0,90,0.003910900559276342,0.002052827039733529,0.003910900559276342,0.002060048747807741,0.0,0.6239522633385147,0.0,0.0,0.0,0.0,0.0,0.0,-4.660103877540678e-05,0.018251623958349228,-0.0006676921620965004,0.9998332262039185,0.00011580440332181752,0.00045479153050109744,0.00853909645229578,0.2963119149208069,0.001218058168888092,-0.004489709623157978,-0.4862740933895111,0.5309389233589172,0.5042005777359009,-1.985250473022461,-0.3640511929988861,2.388636589050293,1.0236074924468994,-0.0020816002506762743,-0.013146987184882164,0.003658256959170103,-0.0009472579695284367,0.010685245506465435,-0.008827370591461658,-0.006918582133948803,0.6008407473564148,-3.034925612155348e-05,0.10814481973648071,-0.0012765767751261592,0.9998321533203125,1.1603978236962575e-05,-0.018275441601872444,1.1355150490999222e-06,3.550432302290574e-05,0.032396651804447174,-2.378020144533366e-05,2.389439396210946e-05,0.9999998211860657,-0.0006094236741773784,-0.00019700202392414212,-7.796722638886422e-05,0.003905157558619976,-0.0020184190943837166,-0.0003032758249901235,0.00021933316020295024,-0.00033958168933168054,8.792030712356791e-05,-0.0038951376918703318,-0.002036474412307143,0.0002752280270215124,-0.00014429815928451717,0.0009124279022216797,-3.3336513297399506e-05,0.024983324110507965,0.004032335709780455,0.0040464382618665695,4.549519417196279e-06,6.478367140516639e-06,,,,,2.0279646686339037,,,,,,,,,1320,3.7916666666666665
14.800000000003088,retreat,14.80000077188015,-1.2446084374451516,-0.8280485868453966,-0.3388524055480957,0.01739358231134247,2.0926541481927834,0.004585600436257664,0.06852804166478502,0.0,0.0,0.0,0.0,88,0.005697634071111679,0.00230537005700171,0.005697633605450392,0.0017971012275665998,0.0,0.6822418550958622,0.0,0.0,0.0,0.0,0.0,0.0,-5.0053280574502423e-05,0.018248336389660835,-0.0006656202021986246,0.9998332262039185,0.00015520227316301316,-0.001618445967324078,0.008511160500347614,0.1671312302350998,-0.003947962541133165,0.000654456322081387,-0.4862912595272064,0.5308250188827515,0.5042346119880676,-1.985250473022461,-0.3639623820781708,2.388545036315918,1.0235472917556763,-0.0019882284104824066,-0.013071936555206776,0.0035692567471414804,-0.0009384555160067976,0.010759375989437103,-0.008787734434008598,-0.006942687556147575,0.6008435487747192,-2.8951209969818592e-05,0.10820283740758896,-0.0012761264806613326,0.9998321533203125,1.4466678294411395e-05,-0.018272725865244865,1.3674143701791763e-06,3.6308229027781636e-05,0.032396383583545685,-2.4350438252440654e-05,2.4456299797748215e-05,0.9999997019767761,-0.000611055816989392,-0.00023973525094334036,0.0035243879538029432,0.004470374900847673,-0.002284382935613394,-0.0002878952072933316,0.00011593890667427331,-0.0004029822302982211,-0.0035129892639815807,-0.004467610735446215,-0.001778431935235858,0.0002534160448703915,-5.0329879741184413e-05,0.0009122490882873535,-3.3229789551114663e-05,0.024983331561088562,0.004032325465232134,0.004045234527438879,7.554199328296818e-06,1.0755116818472743e-05,,,,,2.0279646686339037,,,,,,,,,1320,3.8
14.808333333336428,retreat,14.8083341056481,-1.293004103733196,-0.8856490254402147,-0.33593177795410156,0.017879945517051965,2.092373556486496,0.011326081221341155,0.055952909680744456,0.0,0.0,0.0,0.0,88,0.005964169278740883,0.002040914027020335,0.005964167416095734,0.0024856298696249723,0.0,0.7398618353668396,0.0,0.0,0.0,0.0,0.0,0.0,-5.605304249911569e-05,0.018246255815029144,-0.0006556379375979304,0.999833345413208,0.00019892396812792867,0.0007524625398218632,0.0084622111171484,0.3271999955177307,-0.00619360338896513,-0.014095756225287914,-0.48630839586257935,0.5307217836380005,0.5042585134506226,-1.985250473022461,-0.3638748228549957,2.388453483581543,1.023493766784668,-0.0018629695987328887,-0.01300857588648796,0.0034000640735030174,-0.0009215192985720932,0.01067593228071928,-0.008785448968410492,-0.0068914201110601425,0.6008436679840088,-3.269960870966315e-05,0.10825376957654953,-0.001275467686355114,0.9998320937156677,1.0766081686597317e-05,-0.018276002258062363,4.135770723223686e-06,3.201809886377305e-05,0.032389622181653976,-2.9699484002776444e-05,3.39889302267693e-05,0.9999997615814209,-0.0006205548415891826,-0.0004151863104198128,-0.003177042817696929,0.005030440632253885,-0.0020061791874468327,-0.00036259196349419653,9.540319297229871e-05,-0.0005986712640151381,0.0031898312736302614,-0.005003784783184528,-0.002467129612341523,0.00030266758403740823,-4.4704938773065805e-06,0.0009121894836425781,-3.272529284004122e-05,0.024983331561088562,0.004032303113490343,0.004045320209115744,4.728302883449942e-06,6.7382934503257275e-06,,,,,2.0279646686339037,,,,,,,,,1320,3.808333333333333
14.816666666669768,retreat,14.816667439416051,-1.3413479635013132,-0.9362310171127306,-0.3358125686645508,0.014548591025231872,2.0924670912340946,0.01147885723185027,0.06852804166478502,0.0,0.0,0.0,0.0,82,0.005153398495167494,0.0018515512347221375,0.005153398960828781,0.0016104046953842044,0.0,0.7904373128558816,0.0,0.0,0.0,0.0,0.0,0.0,-5.1256032747915015e-05,0.018247153609991074,-0.0006586149102076888,0.9998332858085632,0.001016219612210989,-0.0005923518328927457,0.008438805118203163,0.23046758770942688,-0.050092391669750214,-0.024754278361797333,-0.4863255023956299,0.5306186676025391,0.5042818188667297,-1.985250473022461,-0.3637848496437073,2.388362169265747,1.0234254598617554,-0.0017728677485138178,-0.012935354374349117,0.003310384461656213,-0.000939318910241127,0.010777096264064312,-0.008658070117235184,-0.006978688295930624,0.6008440852165222,-3.680604277178645e-05,0.10830456763505936,-0.0012758920202031732,0.999832034111023,1.2833398614020552e-05,-0.018279077485203743,4.045083187520504e-06,3.1268638849724084e-05,0.03238985314965248,-3.188333357684314e-05,2.7173737180419266e-05,0.9999997019767761,-0.0006178781040944159,0.0017377504846081138,0.0015034298412501812,0.004612747114151716,-0.0018178370082750916,0.0003104228526353836,-0.00016537215560674667,0.001567952218465507,-0.0014915330102667212,-0.004677005112171173,-0.0015936829149723053,-5.9942074585705996e-05,0.00022357364650815725,0.0009121894836425781,-3.2878495403565466e-05,0.024983331561088562,0.004032322205603123,0.004045436624437571,6.27348981652176e-06,8.936709491536021e-06,,,,,2.0279646686339037,,,,,,,,,1320,3.8166666666666664
14.825000000003108,retreat,14.825000773184001,-1.3896392435178608,-0.9866714477539049,-0.33593177795410156,0.0120059185064747,2.0934022089562254,0.010499919881112874,0.03956468118525214,0.0,0.0,0.0,0.0,78,0.006181739736348391,0.0022764219902455807,0.006181739736348391,0.0017509744502604008,0.0,0.8408126176847712,0.0,0.0,0.0,0.0,0.0,0.0,-5.635289926431142e-05,0.01825462095439434,-0.0006759230745956302,0.9998331665992737,0.0010043908841907978,-0.003119412809610367,0.008082263171672821,0.18309922516345978,-0.04939105361700058,-0.02332032099366188,-0.48633721470832825,0.5305156707763672,0.5043050050735474,-1.985250473022461,-0.3636949062347412,2.3882713317871094,1.0233646631240845,-0.0016856626607477665,-0.012857837602496147,0.003235901240259409,-0.0009495462290942669,0.010824554599821568,-0.008505364879965782,-0.006961906794458628,0.600844144821167,-3.737176302820444e-05,0.10835525393486023,-0.0012758881784975529,0.999832034111023,1.4047797776584048e-05,-0.018282417207956314,4.091882146894932e-06,3.324452700326219e-05,0.032390110194683075,-2.775011489575263e-05,3.136392479063943e-05,0.9999998211860657,-0.000600640254560858,0.0005154914688318968,0.003618574235588312,0.004985388368368149,-0.0022429993841797113,0.00033938969136215746,0.00018938074936158955,0.00033282017102465034,-0.003605806501582265,-0.005010119639337063,-0.0017262003384530544,-0.0002645862696226686,-0.00012703558604698628,0.0009126067161560059,-3.3739081118255854e-05,0.024983316659927368,0.004032358061522245,0.004045500885695219,-5.306064849719405e-06,-7.5617026595864445e-06,,,,,2.0279646686339037,,,,,,,,,1320,3.8249999999999997
14.833333333336448,retreat,14.833334106951952,-1.4378771705512037,-1.0370001196861254,-0.33587217330932617,0.00979997366812313,2.093308715973658,0.009603232683730312,0.03956468118525214,0.0,0.0,0.0,0.0,84,0.007143160793930292,0.0019188241567462683,0.007143160328269005,0.0027457093819975853,0.0,0.8911478008878787,0.0,0.0,0.0,0.0,0.0,0.0,-5.1727707614190876e-05,0.018254857510328293,-0.0006582205533050001,0.9998331665992737,0.0010696796234697104,0.0003650123253464699,0.00816055852919817,0.2936086356639862,-0.050469715148210526,-0.026805497705936432,-0.4863487780094147,0.5304126739501953,0.5043281316757202,-1.985250473022461,-0.363607794046402,2.388180732727051,1.023316502571106,-0.0015647344989702106,-0.012796293944120407,0.0030723786912858486,-0.0009330108878202736,0.010675904341042042,-0.008460203185677528,-0.006877891719341278,0.6008445620536804,-3.8200290873646736e-05,0.1084061786532402,-0.001274988055229187,0.9998319745063782,1.0228457540506497e-05,-0.018285153433680534,3.9333244785666466e-06,3.456967533566058e-05,0.03239070996642113,-3.0253953809733503e-05,3.0252722353907302e-05,0.9999998211860657,-0.0006174260633997619,0.00026264062034897506,-0.005721717141568661,0.004268222022801638,-0.0019188087899237871,6.409588422684465e-06,-4.240101134200813e-06,0.00010655070946086198,0.0057325963862240314,-0.004260366782546043,-0.002743534743785858,3.132028359686956e-05,0.00010467399260960519,0.0009126067161560059,-3.285832644905895e-05,0.024983316659927368,0.004032381344586611,0.004045545589178801,4.753267603518907e-06,6.771762855350971e-06,,,,,2.0279646686339037,,,,,,,,,1320,3.8333333333333335
14.841666666669788,retreat,14.841667440719903,-1.486060971369696,-1.0875672101974474,-0.335693359375,0.009484755537414458,2.093869611278863,0.008679052371007856,0.03956468118525214,0.0,0.0,0.0,0.0,75,0.0046068960800766945,0.001625334145501256,0.004606895614415407,0.001850255997851491,0.0,0.9416758281387758,0.0,0.0,0.0,0.0,0.0,0.0,-5.314789814292453e-05,0.0182596854865551,-0.0006528484518639743,0.9998331069946289,0.0009992767591029406,0.0006491469102911651,0.008110824972391129,0.32253843545913696,-0.04670704901218414,-0.03088884800672531,-0.48636022210121155,0.5303096771240234,0.5043512582778931,-1.985250473022461,-0.3635190725326538,2.3880929946899414,1.0232561826705933,-0.0014737345045432448,-0.012724336236715317,0.0029760049656033516,-0.0009400694398209453,0.010716313496232033,-0.008320615626871586,-0.0069242436438798904,0.6008455753326416,-3.850561915896833e-05,0.10845733433961868,-0.0012753744376823306,0.9998319149017334,1.175682064058492e-05,-0.01828649267554283,3.207591362297535e-06,3.460432344581932e-05,0.032391320914030075,-2.6763145797303878e-05,3.0033825169084594e-05,0.9999998211860657,-0.0006231811130419374,0.0003067374636884779,-0.001619966933503747,0.004301757086068392,-0.0015975185669958591,0.0002624219632707536,-0.000144153818837367,0.00014926798758096993,0.001630951650440693,-0.004305949900299311,-0.0018252008594572544,-0.0002186189085477963,0.00021046391339041293,0.0009128451347351074,-3.258845390519127e-05,0.02498330920934677,0.004031134303659201,0.004045580048114061,4.936446202918887e-06,7.032533176243305e-06,,,,,2.0279646686339037,,,,,,,,,1320,3.841666666666667
14.850000000003128,retreat,14.850000774487853,-1.5341898727416972,-1.1383354663848864,-0.33468008041381836,0.007782887223584112,2.0936826628656124,0.002812010734487558,0.03956468118525214,0.0,0.0,0.0,0.0,82,0.004111591726541519,0.002097498392686248,0.004111591260880232,0.0018582926131784916,0.0,0.9924571042492086,0.0,0.0,0.0,0.0,0.0,0.0,-5.302868885337375e-05,0.018258873373270035,-0.0006405541789717972,0.9998330473899841,0.00079321552766487,-0.0008272026898339391,0.008373926393687725,0.22260937094688416,-0.038522832095623016,-0.014046912081539631,-0.4863716661930084,0.5302066802978516,0.5043744444847107,-1.985250473022461,-0.363429993391037,2.388033866882324,1.0232024192810059,-0.001391043420881033,-0.0126486299559474,0.002901203464716673,-0.0009477624553255737,0.010756964795291424,-0.00820984784513712,-0.0069133210927248,0.6008526682853699,-3.777159145101905e-05,0.10851050913333893,-0.0012787515297532082,0.9998322129249573,9.4820070444257e-06,-0.018274320289492607,-3.5688281059265137e-06,3.72679132851772e-05,0.03239395096898079,-1.5398598407045938e-05,3.189918425050564e-05,0.9999997615814209,-0.0006388875190168619,-0.000411647604778409,0.0016769621288403869,0.0037314249202609062,-0.0020917761139571667,3.810450652963482e-05,0.00015006780449766666,-0.0005477749509736896,-0.0016674433136358857,-0.0037181659135967493,-0.0018539037555456161,-9.729730663821101e-05,-8.261630864581093e-05,0.000912785530090332,-3.197395199094899e-05,0.02498330920934677,0.004031154327094555,0.00404432462528348,7.0749160840932745e-06,1.0076153557747602e-05,,,,,2.0279646686339037,,,,,,,,,1320,3.85
14.858333333336468,retreat,14.858334108255804,-1.5822631014355686,-1.1910408735275255,-0.3269314765930176,0.008963747859525029,2.0920929271639546,0.004183455985184992,0.06852804166478502,0.0,0.0,0.0,0.0,89,0.007797832600772381,0.002298387698829174,0.0077978335320949554,0.002473683562129736,0.0,1.0452732277535723,0.0,0.0,0.0,0.0,0.0,0.0,-4.846127194468863e-05,0.018244504928588867,-0.0006451187655329704,0.9998332858085632,-0.0017915964126586914,0.00075722043402493,0.008510233834385872,0.33425256609916687,0.10489559918642044,0.05883130431175232,-0.4863831102848053,0.5301036834716797,0.5043973326683044,-1.985250473022461,-0.3633425533771515,2.3879621028900146,1.0231517553329468,-0.0012847317848354578,-0.012578715570271015,0.002771690720692277,-0.0009291025926358998,0.010660109110176563,-0.008180934004485607,-0.0068695517256855965,0.6008569598197937,-3.744334389921278e-05,0.1085628941655159,-0.0012803463032469153,0.9998322129249573,6.521192517539021e-06,-0.018268035724759102,-5.331821739673615e-07,3.6521196307148784e-05,0.03239349275827408,-2.3488870283472352e-05,3.035791996808257e-05,0.9999996423721313,-0.0006358877872116864,-0.005942730698734522,-0.0025589573197066784,0.004352227784693241,-0.0021008369512856007,-0.0009267660789191723,-0.00010087018745252863,-0.006097664590924978,0.0025697359815239906,-0.004125670064240694,-0.0024653305299580097,6.78481301292777e-05,0.0001914491440402344,0.0009120702743530273,-3.220635335310362e-05,0.02498333901166916,0.004030849318951368,0.004044481553137302,5.137949301570188e-06,7.31664476916194e-06,,,,,2.0279646686339037,,,,,,,,,1320,3.8583333333333334
14.866666666669808,retreat,14.866667442023754,-1.630279884219668,-1.2429490685462938,-0.3222823143005371,0.010974646102113184,2.0913443982869957,0.007948476195451804,0.055952909680744456,0.0,0.0,0.0,0.0,87,0.0058317952789366245,0.00221207900904119,0.0058317952789366245,0.0021955238189548254,0.0,1.0972335537370002,0.0,0.0,0.0,0.0,0.0,0.0,-4.656241071643308e-05,0.018237333744764328,-0.0006671486771665514,0.9998334050178528,-0.0007715505198575556,0.00047865137457847595,0.008247863501310349,0.29791489243507385,0.04694167152047157,0.02003176137804985,-0.4863945543766022,0.5300006866455078,0.5044202208518982,-1.985250473022461,-0.36325404047966003,2.38787579536438,1.0230960845947266,-0.0012152984272688627,-0.01251931767910719,0.002702238503843546,-0.0009501466993242502,0.010701890103518963,-0.008256054483354092,-0.006901763379573822,0.6008582711219788,-3.822670259978622e-05,0.10861402750015259,-0.0012804390862584114,0.999832272529602,5.669560323440237e-06,-0.01826879382133484,2.823770046234131e-06,3.37318706442602e-05,0.03239262104034424,-3.1420971936313435e-05,2.972273068735376e-05,0.9999997615814209,-0.0006139352917671204,-0.0003080909373238683,7.277757958945585e-06,0.005823646672070026,-0.002059878082945943,-0.0008021719986572862,-8.195327245630324e-05,-0.0005206320201978087,7.61425599193899e-06,-0.005808504298329353,-0.002054627751931548,0.0007573158363811672,0.00015906790213193744,0.000911712646484375,-3.330941763124429e-05,0.024983346462249756,0.004032087977975607,0.0040458980947732925,4.640332917915657e-06,6.605754606425762e-06,,,,,2.0279646686339037,,,,,,,,,1320,3.8666666666666667
14.875000000003148,retreat,14.875000775791705,-1.6782394478623566,-1.2937247753143297,-0.3210902214050293,0.009033011338033248,2.091437979040868,0.003241553486077464,0.06852804166478502,0.0,0.0,0.0,0.0,86,0.00531927403062582,0.001969709526747465,0.005319272633641958,0.002070934511721134,0.0,1.1480027431132016,0.0,0.0,0.0,0.0,0.0,0.0,-4.39920841017738e-05,0.01823892816901207,-0.0006487553473562002,0.999833345413208,0.0004506504046730697,0.0006002951413393021,0.00809463020414114,0.3163452744483948,-0.02151527814567089,-0.01509446743875742,-0.48640596866607666,0.5298976898193359,0.5044430494308472,-1.985250473022461,-0.36316606402397156,2.387827157974243,1.0230450630187988,-0.0011397507041692734,-0.012462477199733257,0.002615683013573289,-0.0009844577871263027,0.010694041848182678,-0.008176097646355629,-0.006885343696922064,0.6008675694465637,-3.655203909147531e-05,0.10866811126470566,-0.0012849236372858286,0.9998325109481812,2.7135165510117076e-06,-0.018251366913318634,-6.286078132688999e-06,3.765092696994543e-05,0.03239620104432106,-1.2396738384268247e-05,2.9676040867343545e-05,0.9999996423721313,-0.000636815617326647,0.001724491361528635,-0.0007812960539013147,0.0049709537997841835,-0.0019574672915041447,0.000217670647543855,2.639748709043488e-05,0.001541951671242714,0.000794155290350318,-0.005028554704040289,-0.0020701109897345304,3.145278606098145e-05,4.920837818644941e-05,0.0009117722511291504,-3.239224315620959e-05,0.024983346462249756,0.004030831623822451,0.004044742323458195,5.082705683889799e-06,7.240450941026211e-06,,,,,2.0279646686339037,,,,,,,,,1320,3.875
14.883333333336488,retreat,14.883334109559655,-1.7261410191319904,-1.347294449806212,-0.31131505966186523,0.012490449080360122,2.09003382797243,0.0024545950054744026,0.055952909680744456,0.0,0.0,0.0,0.0,80,0.00849034171551466,0.0023052869364619255,0.008490340784192085,0.002161839045584202,0.0,1.201670209150376,0.0,0.0,0.0,0.0,0.0,0.0,-4.5305219828151166e-05,0.0182256530970335,-0.0006745479768142104,0.9998336434364319,-0.0027193082496523857,0.0005255736759863794,0.008403416723012924,0.3041645288467407,0.15378496050834656,0.07764612883329391,-0.4864168167114258,0.5297946929931641,0.5044659376144409,-1.985250473022461,-0.36307835578918457,2.3877625465393066,1.0229941606521606,-0.0010500156786292791,-0.012394829653203487,0.002510877326130867,-0.0009997665183618665,0.010653328150510788,-0.008067010901868343,-0.006865391042083502,0.6008734703063965,-3.5899836802855134e-05,0.10872089862823486,-0.0012872889637947083,0.9998327493667603,1.706091445896618e-08,-0.018241573125123978,-3.077206201851368e-06,3.499994636513293e-05,0.032395292073488235,-1.5875119061092846e-05,3.41224622388836e-05,0.9999997615814209,-0.0006134659633971751,-0.007395866792649031,2.0196574041619897e-05,0.004169729072600603,-0.0021502745803445578,-0.0008285373914986849,-6.475031113950536e-05,-0.007543045096099377,-9.810635674512014e-06,-0.003897211980074644,-0.0021437136456370354,-0.00024017062969505787,0.0001426826638635248,0.0009111166000366211,-3.368050238350406e-05,0.024983368813991547,0.004032124299556017,0.004046158399432898,4.626291683962336e-06,6.588728865608573e-06,,,,,2.0279646686339037,,,,,,,,,1320,3.8833333333333333
14.891666666669828,retreat,14.891667443327606,-1.7739838247969324,-1.3995155692100512,-0.3046393394470215,0.011995738532277755,2.0881601584452114,0.003415839273657184,0.0,0.0,0.0,0.0,0.0,77,0.0063374824821949005,0.002534919185563922,0.0063374824821949005,0.0024226433597505093,0.0,1.2540218196629045,0.0,0.0,0.0,0.0,0.0,0.0,-3.998208558186889e-05,0.018209364265203476,-0.000658204429782927,0.9998340606689453,-0.0016824163030833006,0.00048039978719316423,0.008262155577540398,0.30808669328689575,0.09281735867261887,0.04113715887069702,-0.4864230155944824,0.5296916961669922,0.5044887661933899,-1.985250473022461,-0.36299073696136475,2.387688636779785,1.022942066192627,-0.0009867186890915036,-0.012346772477030754,0.0024375468492507935,-0.0010421876795589924,0.010658209212124348,-0.008188332431018353,-0.0068746102042496204,0.6008773446083069,-3.2947733416222036e-05,0.10877294838428497,-0.001288417144678533,0.9998328685760498,1.075555857710242e-07,-0.018236475065350533,-6.14440068602562e-07,3.8519145164173096e-05,0.03239501640200615,-2.7075646357843652e-05,2.8409664082573727e-05,0.9999998807907104,-0.0006308359443210065,-0.0015146926743909717,0.0001552519534016028,0.006151852663606405,-0.002255609491840005,-0.001153668505139649,-8.420099038630724e-05,-0.0017380311619490385,-0.0001394733553752303,-0.006092904135584831,-0.002228815807029605,0.0009345250437036157,0.00016805720224510878,0.000910341739654541,-3.286835999460891e-05,0.024983398616313934,0.004030875861644745,0.0040449462831020355,5.02131661050953e-06,7.149472367018461e-06,,,,,2.0279646686339037,,,,,,,,,1320,3.8916666666666666
14.900000000003168,retreat,14.900000777095556,-1.8217670916255386,-1.4511406421661364,-0.3008246421813965,0.015125398931559175,2.087785222847673,0.00440434359916253,0.06852804166478502,0.0,0.0,0.0,0.0,71,0.005578363314270973,0.0021456715185195208,0.005578363314270973,0.002124358667060733,0.0,1.3056730049061973,0.0,0.0,0.0,0.0,0.0,0.0,-3.914579065167345e-05,0.018206443637609482,-0.0006608464755117893,0.9998339414596558,-0.0008428615401498973,0.00047008178080432117,0.008085540495812893,0.30494242906570435,0.0451393760740757,0.01605670154094696,-0.4864288568496704,0.5295886993408203,0.5045115947723389,-1.985250473022461,-0.36290448904037476,2.3876357078552246,1.0228955745697021,-0.0009169287513941526,-0.012301585637032986,0.002343652304261923,-0.001101819914765656,0.010638806968927383,-0.008120802231132984,-0.006847968325018883,0.6008859276771545,-2.858707739505917e-05,0.10882685333490372,-0.0012917817803099751,0.9998331069946289,-1.6790889958429034e-06,-0.0182208139449358,-6.311573088169098e-06,3.997631574748084e-05,0.03239745646715164,-1.4333368199004326e-05,2.9339820684981532e-05,0.9999996423721313,-0.0006315754726529121,-0.00010259231930831447,0.00014529559121001512,0.005575526971369982,-0.0021425774320960045,-9.005205356515944e-05,7.182229455793276e-05,-0.00030567895737476647,-0.00013089695130474865,-0.0055684433318674564,-0.002123013837262988,7.535819167969748e-05,5.732580120820785e-06,0.0009101629257202148,-3.300120442872867e-05,0.02498340606689453,0.004030952230095863,0.004045076668262482,4.988030923414044e-06,7.102644303813577e-06,,,,,2.0279646686339037,,,,,,,,,1320,3.9
14.908333333336508,retreat,14.908334110863507,-1.8694900463861739,-1.5045389533042894,-0.2917647361755371,0.019625214918050915,2.08628480694236,0.002724701516854111,0.03956468118525214,0.0,0.0,0.0,0.0,74,0.007824726402759552,0.0023992296773940325,0.007824725471436977,0.0021743266843259335,0.0,1.3591758121622826,0.0,0.0,0.0,0.0,0.0,0.0,-3.820942947641015e-05,0.018193339928984642,-0.000664188468363136,0.9998342990875244,-0.002802702132612467,0.0005051817279309034,0.008287430740892887,0.3122956156730652,0.15241247415542603,0.07583410292863846,-0.4864346981048584,0.5294857025146484,0.5045343041419983,-1.9852509498596191,-0.36281847953796387,2.3875746726989746,1.0228493213653564,-0.0008361998479813337,-0.01225202064961195,0.0022286747116595507,-0.001151933684013784,0.010594261810183525,-0.00803439598530531,-0.006831507198512554,0.6008924841880798,-2.4877197574824095e-05,0.10887975245714188,-0.001293835463002324,0.9998332858085632,-3.839226792479167e-06,-0.01820940151810646,-4.5675551518797874e-06,3.932057006750256e-05,0.032396864145994186,-1.6027470337576233e-05,3.059761365875602e-05,0.9999997615814209,-0.0006303099216893315,-0.006007226184010506,0.0006977952434681356,0.0049651446752250195,-0.0022720610722899437,-0.0007689765188843012,-5.212255928199738e-05,-0.006184075493365526,-0.0006851829821243882,-0.004744899459183216,-0.0021681063808500767,-9.907298954203725e-05,0.0001311333035118878,0.0009095072746276855,-3.316916263429448e-05,0.024983428418636322,0.004030988551676273,0.0040451702661812305,4.980956873623654e-06,7.0935930125415325e-06,,,,,2.0279646686339037,,,,,,,,,1320,3.908333333333333
14.916666666669848,retreat,14.916667444631457,-1.9171519158471888,-1.5568643808364855,-0.28455257415771484,0.022632568288827315,2.0845955487488688,0.0034955673982040025,0.06852804166478502,0.0,0.0,0.0,0.0,66,0.009272820316255093,0.0028686956502497196,0.009272821247577667,0.001882469980046153,0.0,1.4116188878090936,0.0,0.0,0.0,0.0,0.0,0.0,-3.629475395428017e-05,0.018178284168243408,-0.0006617108592763543,0.9998344779014587,-0.0021875924430787563,-0.0026863515377044678,0.00817150343209505,0.13625776767730713,0.12020956724882126,0.0724092349410057,-0.4864404499530792,0.5293827056884766,0.5045568346977234,-1.985251545906067,-0.3627323508262634,2.38751220703125,1.022802472114563,-0.0007888206164352596,-0.012208851985633373,0.002173138316720724,-0.0012325473362579942,0.010661955922842026,-0.008057469502091408,-0.006873302161693573,0.6008984446525574,-2.095650415867567e-05,0.10893239080905914,-0.0012958480510860682,0.9998334646224976,-5.364947355701588e-06,-0.018198944628238678,-3.982917405664921e-06,4.036683094454929e-05,0.03239712864160538,-2.0625418983399868e-05,3.014136200363282e-05,0.9999996423721313,-0.0006347916787490249,-0.002493881853297353,0.006370056886225939,0.0062600416131317616,-0.002715954091399908,-0.0009222443331964314,-4.972791430191137e-05,-0.0027204130310565233,-0.006353904493153095,-0.006181622855365276,-0.0017929018940776587,0.0005617868155241013,0.00011658341099973768,0.0009087920188903809,-3.3047079341486096e-05,0.02498345822095871,0.004030926618725061,0.004044040571898222,7.77532477513887e-06,1.1066440492868423e-05,,,,,2.0279646686339037,,,,,,,,,1320,3.9166666666666665
14.925000000003187,retreat,14.925000778399408,-1.9647519267769464,-1.6090109944343554,-0.27829408645629883,0.026914465706795454,2.0834686160472717,0.0036910632843500935,0.03956468118525214,0.0,0.0,0.0,0.0,55,0.007140758913010359,0.0023911413736641407,0.007140759378671646,0.0026889012660831213,0.0,1.4638439865235429,0.0,0.0,0.0,0.0,0.0,0.0,-3.146610833937302e-05,0.018168536946177483,-0.0006729400483891368,0.9998347163200378,-0.002070376183837652,2.5668414309620857e-05,0.008031347766518593,0.2771364152431488,0.11018805205821991,0.0609416626393795,-0.48644617199897766,0.5292797088623047,0.5045689344406128,-1.9852527379989624,-0.3626464009284973,2.3874552249908447,1.0227562189102173,-0.0007003778009675443,-0.012184420600533485,0.0020096658263355494,-0.0012975075514987111,0.010511580854654312,-0.008052854798734188,-0.006805712357163429,0.6009050011634827,-2.3242857423610985e-05,0.10898397117853165,-0.0012964060297235847,0.9998337626457214,-1.170043833553791e-05,-0.018187141045928,-5.066161975264549e-06,3.384080628165975e-05,0.032396603375673294,-1.8570923202787526e-05,3.1841387681197375e-05,0.9999998211860657,-0.0006241483497433364,-0.0026473947800695896,-0.0025331054348498583,0.006129038520157337,-0.0023133212234824896,-0.0006037548882886767,-3.9773774915374815e-05,-0.0028683668933808804,0.002548925345763564,-0.0060221171006560326,-0.0026762420311570168,0.00022115549654699862,0.00013787145144306123,0.0009082555770874023,-3.3612857805565e-05,0.024983473122119904,0.0040321978740394115,0.0040453230030834675,5.290999979479238e-06,7.531722076237202e-06,,,,,2.0279646686339037,,,,,,,,,1320,3.925
14.933333333336527,retreat,14.933334112167358,-2.0122893059438116,-1.6600549221038805,-0.2713799476623535,0.025426779757253826,2.0823410737351606,0.007266172360687051,0.03956468118525214,0.0,0.0,0.0,0.0,59,0.00695836404338479,0.0018184824148193002,0.006958364509046078,0.0018281074007973075,0.0,1.5149664418221167,0.0,0.0,0.0,0.0,0.0,0.0,-2.7975236662314273e-05,0.018157798796892166,-0.0006814415683038533,0.9998348951339722,-0.0026467847637832165,0.00047510204603895545,0.008008775301277637,0.3037446439266205,0.1379101425409317,0.07222241908311844,-0.4864518940448761,0.5291767120361328,0.5045807957649231,-1.9852694272994995,-0.3625602424144745,2.3874027729034424,1.0227017402648926,-0.000641450984403491,-0.012149953283369541,0.0019102218793705106,-0.0013898410834372044,0.010553973726928234,-0.007943528704345226,-0.006881714798510075,0.6009051203727722,-2.4004984879866242e-05,0.10903000086545944,-0.00129754189401865,0.999833881855011,-1.2426666216924787e-05,-0.018180744722485542,1.1274823918938637e-06,3.462730091996491e-05,0.032391346991062164,-2.2914198780199513e-05,2.9223989258753136e-05,0.9999998211860657,-0.000616733857896179,-0.0039016015361994505,-0.0005102966097183526,0.005738983862102032,-0.0017367865657433867,-0.0004833557177335024,-0.00023836485343053937,-0.00410762894898653,0.0005251010879874229,-0.005592002533376217,-0.0018008420011028647,-8.094432996585965e-05,0.0003039616858586669,0.0009077191352844238,-3.4041058825096115e-05,0.024983495473861694,0.0040321857668459415,0.004045509267598391,4.6648560783069115e-06,6.644346285611391e-06,,,,,2.0279646686339037,,,,,,,,,1320,3.933333333333333
14.941666666669867,retreat,14.941667445935309,-2.0597632801161385,-1.7056524753570543,-0.27102231979370117,0.02478564238117542,2.081589039698733,0.00867534072312992,0.055952909680744456,0.0,0.0,0.0,0.0,65,0.006256955675780773,0.0019527034601196647,0.006256956607103348,0.0019328150665387511,0.0,1.5606163704801266,0.0,0.0,0.0,0.0,0.0,0.0,-2.293797479069326e-05,0.01815164089202881,-0.0006817894172854722,0.9998349547386169,-0.0004943590611219406,0.0004747075727209449,0.00767152477055788,0.30102649331092834,0.015102786011993885,-0.000988008570857346,-0.48645761609077454,0.5290737152099609,0.5045924782752991,-1.9852921962738037,-0.3624742329120636,2.387356758117676,1.0226463079452515,-0.0006006978801451623,-0.012125625275075436,0.0018378710374236107,-0.001488111331127584,0.010588235221803188,-0.007904410362243652,-0.00690005999058485,0.6009039282798767,-2.331568975932896e-05,0.10907427221536636,-0.0012994426069781184,0.9998340010643005,-1.1462310794740915e-05,-0.01817426085472107,2.2079329937696457e-06,3.607614780776203e-05,0.032389961183071136,-2.2595910195377655e-05,2.3198252165457234e-05,0.9999997615814209,-0.0006181767676025629,0.0013919593766331673,0.0002563979069236666,0.006094768643379211,-0.0019513015868142247,-6.123947241576388e-05,4.150312815909274e-05,0.0011695229914039373,-0.00024052374646998942,-0.006141975987702608,-0.001914708991535008,0.00026237015845254064,2.873342418752145e-05,0.0009074211120605469,-3.406302857911214e-05,0.02498350292444229,0.004032172728329897,0.004045611713081598,4.663150320993736e-06,6.637244950979948e-06,,,,,2.0279646686339037,,,,,,,,,1320,3.9416666666666664
14.950000000003207,retreat,14.95000077970326,-2.1071730760622867,-1.749595999717711,-0.272214412689209,0.02549019700381905,2.0814009887522955,0.008228234946727753,0.055952909680744456,0.0,0.0,0.0,0.0,63,0.004424426704645157,0.002081481972709298,0.0044244262389838696,0.0020276792347431183,0.0,1.6045729916514435,0.0,0.0,0.0,0.0,0.0,0.0,-2.5597708372515626e-05,0.018149934709072113,-0.0006817543762736022,0.9998350739479065,-3.7985460949130356e-05,0.00047069601714611053,0.007558936253190041,0.30056512355804443,-0.009640597738325596,-0.015079843811690807,-0.4864633083343506,0.5289707183837891,0.504604160785675,-1.9853150844573975,-0.3623882234096527,2.3873109817504883,1.0225958824157715,-0.0005509196198545396,-0.012096232734620571,0.0017525686416774988,-0.0015665576793253422,0.010563160292804241,-0.007729135919362307,-0.0068811834789812565,0.6009026765823364,-2.3081316612660885e-05,0.10911857336759567,-0.0013015575241297483,0.9998340606689453,-1.357883320451947e-05,-0.018167544156312943,1.8451828509569168e-06,3.5746350476983935e-05,0.032390303909778595,-1.7582691725692712e-05,2.793454405036755e-05,0.9999997615814209,-0.0006204140372574329,-3.315826688776724e-05,0.00039181014290079474,0.004406919237226248,-0.002026940230280161,0.0004713220405392349,4.399939643917605e-05,-0.00019326468463987112,-0.0003803374420385808,-0.004403809551149607,-0.001970829674974084,-0.00047604352585040033,2.6379113478469662e-05,0.0009073615074157715,-3.4058870369335636e-05,0.024983510375022888,0.004032196011394262,0.004045653156936169,4.647014975489583e-06,6.6185020841658115e-06,,,,,2.0279646686339037,,,,,,,,,1320,3.9499999999999997
14.958333333336547,retreat,14.95833411347121,-2.1545179205506155,-1.7935767769813524,-0.27316808700561523,0.025883588023134507,2.080742676659485,0.007729151548119262,0.03956468118525214,0.0,0.0,0.0,0.0,65,0.004018976353108883,0.0021375559736043215,0.004018974956125021,0.0020749340765178204,0.0,1.6485996170818376,0.0,0.0,0.0,0.0,0.0,0.0,-2.5843120965873823e-05,0.018143808469176292,-0.000683821679558605,0.999835193157196,-0.00012253466411493719,0.00045698907342739403,0.007530021481215954,0.2999330461025238,-0.005771864205598831,-0.009353828616440296,-0.48646900057792664,0.5288677215576172,0.504615843296051,-1.9853379726409912,-0.362302303314209,2.387265205383301,1.0225456953048706,-0.0005050673498772085,-0.012065349146723747,0.0016768682980909944,-0.0016224796418100595,0.01052811462432146,-0.0076088509522378445,-0.006880380678921938,0.6009016633033752,-2.2709122276864946e-05,0.10916288197040558,-0.001303496421314776,0.9998342394828796,-1.5474166502826847e-05,-0.018160805106163025,1.4799879863858223e-06,3.585380909498781e-05,0.03239063918590546,-1.6967402189038694e-05,3.0076609618845396e-05,0.9999998211860657,-0.0006203232333064079,-0.0011680703610181808,0.0005546140018850565,0.003805283922702074,-0.002131199464201927,0.00012518002768047154,-0.00010707290493883193,-0.0013055342715233564,-0.0005447102594189346,-0.00376178533770144,-0.0020459953229874372,-0.00029423885280266404,0.00018076975538861006,0.0009070634841918945,-3.4162007068516687e-05,0.024983517825603485,0.004032221157103777,0.004045771900564432,4.628312126442324e-06,6.595684681087732e-06,,,,,2.0279646686339037,,,,,,,,,1320,3.9583333333333335
14.966666666669887,retreat,14.96666744723916,-2.2017970403494846,-1.8375650048255907,-0.2739429473876953,0.026555142540019006,2.080084156313468,0.007611396995343966,0.055952909680744456,0.0,0.0,0.0,0.0,61,0.003657157765701413,0.0021596248261630535,0.003657157300040126,0.002080460311844945,0.0,1.6926337076157774,0.0,0.0,0.0,0.0,0.0,0.0,-2.6477793653612025e-05,0.01813771016895771,-0.0006883296882733703,0.9998352527618408,-0.00023763066565152258,0.00043407545308582485,0.007504716515541077,0.29840633273124695,-0.0004999005468562245,-0.003896978683769703,-0.4864746928215027,0.5287647247314453,0.504627525806427,-1.985360860824585,-0.36221638321876526,2.3872194290161133,1.0224974155426025,-0.00046561926137655973,-0.012035003863275051,0.0016126880655065179,-0.0016635387437418103,0.010494967922568321,-0.007530867122113705,-0.006871460936963558,0.6009003520011902,-2.2112595615908504e-05,0.1092071384191513,-0.0013056357856839895,0.9998342990875244,-1.8327005818719044e-05,-0.01815432868897915,1.6061821952462196e-06,3.592135908547789e-05,0.03239087760448456,-1.658464316278696e-05,3.361423659953289e-05,0.9999997615814209,-0.0006180180353112519,-0.001225705724209547,0.0005790003342553973,0.003396646585315466,-0.002158768242225051,-3.781267878366634e-05,-4.763562174048275e-05,-0.0013482535723596811,-0.0005701411282643676,-0.003351410385221243,-0.002072159433737397,-0.00013940704229753464,0.00012262255768291652,0.0009067654609680176,-3.438680141698569e-05,0.024983525276184082,0.004032219294458628,0.004045927431434393,4.614265890268143e-06,6.570888217538595e-06,,,,,2.0279646686339037,,,,,,,,,1320,3.966666666666667
14.975000000003227,retreat,14.975000781007111,-2.2490096622272535,-1.881560683250426,-0.2747774124145508,0.027289570425637066,2.0791430513141442,0.007563270628452301,0.055952909680744456,0.0,0.0,0.0,0.0,62,0.0031303020659834146,0.0021691787987947464,0.003130301833152771,0.0020857779309153557,0.0,1.736694929388976,0.0,0.0,0.0,0.0,0.0,0.0,-1.847394923970569e-05,0.01813020370900631,-0.0006898328429087996,0.9998353719711304,-0.00018550876120571047,0.0004154886119067669,0.007463766727596521,0.29688760638237,-0.00382041628472507,-0.009723063558340073,-0.48648038506507874,0.5286617279052734,0.504639208316803,-1.9853837490081787,-0.36213046312332153,2.387173652648926,1.022449016571045,-0.00043168425327166915,-0.012005946598947048,0.0015575360739603639,-0.001693381811492145,0.010462973266839981,-0.007475597783923149,-0.006872247904539108,0.6008991003036499,-2.185323683079332e-05,0.10925128310918808,-0.0013073822483420372,0.999834418296814,-2.1186489902902395e-05,-0.018147684633731842,1.5978002920746803e-06,3.5563105484470725e-05,0.0323910117149353,-1.745742338243872e-05,2.8469887183746323e-05,0.9999997615814209,-0.000618167978245765,-0.0007011506822891533,0.0005831581074744463,0.0029945126734673977,-0.00216637528501451,-3.7824971514055505e-05,-0.00010355499398428947,-0.0008094100630842149,-0.0005753286532126367,-0.00296860933303833,-0.0020771126728504896,-6.37508201180026e-05,0.0001789096131687984,0.0009063482284545898,-3.446921982686035e-05,0.024983540177345276,0.004032232332974672,0.0040460615418851376,4.603612978826277e-06,6.555754225701094e-06,,,,,2.0279646686339037,,,,,,,,,1320,3.975
14.983333333336567,retreat,14.983334114775062,-2.2961550129522816,-1.9254818558692919,-0.27561187744140625,0.02776921246550046,2.0783898606308844,0.00703259729561978,0.055952909680744456,0.0,0.0,0.0,0.0,60,0.002619587816298008,0.0021426023449748755,0.0026195875834673643,0.0020727342925965786,0.0,1.7806685580737114,0.0,0.0,0.0,0.0,0.0,0.0,-1.3145656339474954e-05,0.01812322624027729,-0.0006933593540452421,0.9998354315757751,-0.00023758357565384358,0.00040797406109049916,0.007439557462930679,0.2965650260448456,-0.0013587194262072444,-0.006916374433785677,-0.4864860773086548,0.5285587310791016,0.504650890827179,-1.9854066371917725,-0.3620445430278778,2.3871278762817383,1.0224004983901978,-0.0004021884233225137,-0.011976964771747589,0.0015104792546480894,-0.0017121054697781801,0.01043346244841814,-0.007427292410284281,-0.006872748490422964,0.6008979082107544,-2.1091662347316742e-05,0.10929576307535172,-0.0013096608454361558,0.9998345971107483,-2.395028423052281e-05,-0.01814083196222782,1.5316763892769814e-06,3.5997305531054735e-05,0.03239157050848007,-1.7584217857802287e-05,2.5932353310054168e-05,0.9999997615814209,-0.0006168734980747104,-0.000611150055192411,0.0004898298066109419,0.0024997603613883257,-0.002140515483915806,-2.6964358767145313e-05,-9.061469609150663e-05,-0.0007014748407527804,-0.0004832792328670621,-0.0024772188626229763,-0.0020651989616453648,-6.156405288493261e-05,0.0001655020023463294,0.0009059906005859375,-3.465035479166545e-05,0.02498355507850647,0.00403226725757122,0.00404617004096508,4.583702775562415e-06,6.528367521241307e-06,,,,,2.0279646686339037,,,,,,,,,1320,3.9833333333333334
14.991666666669907,retreat,14.991667448543012,-2.343232319292925,-1.9697532057762133,-0.2764463424682617,0.02866433896997478,2.0776363970186216,0.007092140549502801,0.055952909680744456,0.0,0.0,0.0,0.0,66,0.0022615469060838223,0.002165384590625763,0.0022615466732531786,0.0020858203060925007,0.0,1.8249923830797181,0.0,0.0,0.0,0.0,0.0,0.0,-1.4227364772523288e-05,0.018116561695933342,-0.0006953396368771791,0.9998356699943542,-0.0002581390435807407,0.00039977068081498146,0.00741771562024951,0.2962568998336792,-0.0003634165332186967,-0.005221064668148756,-0.48649173974990845,0.5284557342529297,0.5046623349189758,-1.9854295253753662,-0.3619586229324341,2.387082099914551,1.0223517417907715,-0.0003768996393773705,-0.01194868516176939,0.0014701680047437549,-0.0017204142641276121,0.01040275301784277,-0.007401039823889732,-0.0068734814412891865,0.6008967757225037,-2.075637166853994e-05,0.10933995991945267,-0.0013115323381498456,0.9998346567153931,-2.65393900917843e-05,-0.01813429780304432,1.4032702893018723e-06,3.556149749783799e-05,0.03239147737622261,-1.7713244233164005e-05,2.960962592624128e-05,0.9999997615814209,-0.0006168295512907207,-0.00042904034489765763,0.0005433267797343433,0.002152977976948023,-0.0021622106432914734,-7.375352288363501e-05,-9.108327503781766e-05,-0.0005068852915428579,-0.0005376739427447319,-0.0021374206990003586,-0.002079121535643935,1.154277560999617e-05,0.0001666339230723679,0.0009056925773620605,-3.4748380130622536e-05,0.024983562529087067,0.004032263066619635,0.004046269226819277,4.580746917781653e-06,6.525107892230153e-06,,,,,2.0279646686339037,,,,,,,,,1320,3.9916666666666667
15.000000000003247,retreat,15.000000782310963,-2.39024080801755,-2.0137637853622423,-0.2772212028503418,0.0292293061647797,2.077071120021096,0.007203984296211274,0.03956468118525214,0.0,0.0,0.0,0.0,56,0.0018522889586165547,0.0021377725061029196,0.0018522886093705893,0.002068347530439496,0.0,1.8690423314930669,0.0,0.0,0.0,0.0,0.0,0.0,-1.1529004041221924e-05,0.0181112140417099,-0.0006988244131207466,0.9998357892036438,-0.0003211884468328208,0.00039233124698512256,0.007404300384223461,0.2958630621433258,0.002919382182881236,-0.004137342795729637,-0.4864974021911621,0.5283527374267578,0.5046737790107727,-1.98545241355896,-0.36187270283699036,2.3870363235473633,1.022302508354187,-0.00035606411984190345,-0.011920679360628128,0.0014374793972820044,-0.0017200651345774531,0.01037600263953209,-0.007382783107459545,-0.006874770391732454,0.6008954048156738,-2.063467400148511e-05,0.10938409715890884,-0.0013134306063875556,0.9998347759246826,-2.9132686904631555e-05,-0.018127810209989548,1.5831319615244865e-06,3.524449857650325e-05,0.03239158168435097,-1.657762550166808e-05,2.9536868169088848e-05,0.9999998211860657,-0.0006152440328150988,-0.00029999754042364657,0.00047471735160797834,0.0017651115776970983,-0.0021352539770305157,-6.902160384925082e-05,-7.744254980934784e-05,-0.0003638351336121559,-0.00047007465036585927,-0.0017543166177347302,-0.0020625684410333633,2.5498771719867364e-05,0.00015238873311318457,0.0009053945541381836,-3.492504401947372e-05,0.02498357743024826,0.004032269585877657,0.004046381451189518,4.571162207867019e-06,6.509857485070825e-06,,,,,2.0279646686339037,,,,,,,,,1320,4.0
15.008333333336587,retreat,15.008334116078913,-2.437179705894506,-2.0577818155288683,-0.27817487716674805,0.029415481549222022,2.076222916082123,0.0067386499722488225,0.055952909680744456,0.0,0.0,0.0,0.0,54,0.006126325111836195,0.002503762487322092,0.006126326974481344,0.0016541520599275827,0.0,1.91311943501574,0.0,0.0,0.0,0.0,0.0,0.0,-1.1192353667865973e-05,0.018103420734405518,-0.000706047925632447,0.9998358488082886,-0.00024070567451417446,-0.0028995489701628685,0.007232584524899721,0.2034987509250641,-0.0015446916222572327,-0.004684749990701675,-0.48649898171424866,0.5282497406005859,0.5046852231025696,-1.9854753017425537,-0.36178675293922424,2.386990547180176,1.0222526788711548,-0.0003573687863536179,-0.011885887011885643,0.001458614133298397,-0.0017220990266650915,0.01042698509991169,-0.007351072039455175,-0.006908070761710405,0.6008942127227783,-1.7942918930202723e-05,0.10942837595939636,-0.0013153027975931764,0.9998348951339722,-2.9471015295712277e-05,-0.01812112331390381,1.3975659385323524e-06,3.787238529184833e-05,0.032391827553510666,-1.7681453755358234e-05,2.963914994325023e-05,0.9999997615814209,-0.0006098909070715308,0.00015538555453531444,0.005885177291929722,0.0016948169795796275,-0.002502888673916459,6.370266419253312e-06,-6.58369463053532e-05,9.324239363195375e-05,-0.0058807008899748325,-0.0017148017650470138,-0.0016492902068421245,1.5920149962767027e-05,0.00012572812556754798,0.0009050369262695312,-3.5286469938000664e-05,0.024983584880828857,0.004032270982861519,0.004045174457132816,-5.203968612477183e-06,-7.4125564424321055e-06,,,,,2.0279646686339037,,,,,,,,,1320,4.008333333333333
15.016666666669927,retreat,15.016667449846864,-2.4840482396921626,-2.1019488573074327,-0.2789497375488281,0.03099109380855225,2.075374365634678,0.007657878995814826,0.055952909680744456,0.0,0.0,0.0,0.0,53,0.003965386189520359,0.0022657369263470173,0.003965387586504221,0.002823345363140106,0.0,1.9573455743147374,0.0,0.0,0.0,0.0,0.0,0.0,-7.694490705034696e-06,0.01809684745967388,-0.0006943829357624054,0.9998359680175781,-0.00031369985663332045,0.00031627132557332516,0.007473678793758154,0.2937629818916321,0.002231037011370063,-0.0012084495974704623,-0.48649922013282776,0.5281467437744141,0.5046966671943665,-1.9854981899261475,-0.3617008328437805,2.3869447708129883,1.022206425666809,-0.0003177299222443253,-0.011868971399962902,0.0013740677386522293,-0.0016863106284290552,0.010250006802380085,-0.007421247661113739,-0.006819644011557102,0.6008927822113037,-1.411701668985188e-05,0.10947243869304657,-0.001317164278589189,0.9998350143432617,-3.034858309547417e-05,-0.018114635720849037,1.628883183002472e-06,4.0243940020445734e-05,0.03239169716835022,-1.777195939212106e-05,2.6778827304951847e-05,0.9999997615814209,-0.0006233679596334696,-0.00015879288548603654,-0.0038944552652537823,0.0007295826217159629,-0.0022506662644445896,-0.00026082206750288606,-6.152591140562436e-06,-0.00018469433416612446,0.0038963675033301115,-0.0007130963495001197,-0.002811204409226775,0.0002379007637500763,0.00010868227400351316,0.0009046792984008789,-3.470649244263768e-05,0.02498359978199005,0.004032088443636894,0.004045328125357628,4.86509088659659e-06,6.9240923039615154e-06,,,,,2.0279646686339037,,,,,,,,,1320,4.016666666666667
15.025000000003267,retreat,15.025000783614814,-2.5308456361788796,-2.145922183990477,-0.2796649932861328,0.033085460017900914,2.074242425289867,0.008132384209602606,0.0,0.0,0.0,0.0,0.0,51,0.0011198594002053142,0.0019180960953235626,0.001119859516620636,0.0019355104304850101,0.0,2.0013977353319707,0.0,0.0,0.0,0.0,0.0,0.0,-7.0351757130993064e-06,0.018087396398186684,-0.0006705798441544175,0.9998362064361572,-0.00022657742374576628,0.0007609435124322772,0.007417614571750164,0.3476605713367462,-0.0017161803552880883,-0.009981757961213589,-0.4864994287490845,0.5280437469482422,0.5047081112861633,-1.9855210781097412,-0.36161500215530396,2.386898994445801,1.0221596956253052,-0.00030539484578184783,-0.011845427565276623,0.0013458370231091976,-0.0016650708857923746,0.010252159088850021,-0.007417278829962015,-0.006845658645033836,0.600891649723053,-1.0903255315497518e-05,0.10951665788888931,-0.0013191229663789272,0.9998351335525513,-3.18784368573688e-05,-0.018108036369085312,1.626904122531414e-06,4.149258165853098e-05,0.03239191696047783,-2.0622968804673292e-05,2.718974428717047e-05,0.9999998211860657,-0.0006491411477327347,0.0006440063007175922,-0.00011486312723718584,0.000908926478587091,-0.0019173467298969626,3.007863779203035e-05,-4.437808820512146e-05,0.000610684510320425,0.00011725108197424561,-0.0009313441114500165,-0.001931096543557942,6.286851566983387e-05,0.00011451765749370679,0.0009042024612426758,-3.35171353071928e-05,0.024983622133731842,0.004030796233564615,0.004044174216687679,5.2192763178027235e-06,7.433758582919836e-06,,,,,2.0279646686339037,,,,,,,,,1320,4.025
15.033333333336607,retreat,15.033334117382765,-2.5775711221229987,-2.190059423446654,-0.2804398536682129,0.03831816866295412,2.0736762235127006,0.007654968612769153,0.055952909680744456,0.0,0.0,0.0,0.0,52,0.0018311988096684217,0.0021856033708900213,0.0018311996245756745,0.0019448153907433152,0.0,2.045574408106595,0.0,0.0,0.0,0.0,0.0,0.0,-6.474092515418306e-06,0.01808149367570877,-0.0006981444312259555,0.999836266040802,-0.0002997281844727695,0.0003634564345702529,0.007387238554656506,0.2986353933811188,0.002012246986851096,-0.0024728199932724237,-0.48649951815605164,0.5279407501220703,0.5047195553779602,-1.985543966293335,-0.36152908205986023,2.3868532180786133,1.0221105813980103,-0.00029792339773848653,-0.011820953339338303,0.0013269257033243775,-0.001636121654883027,0.010257691144943237,-0.007431016303598881,-0.0068739354610443115,0.6008902788162231,-6.96878123562783e-06,0.10956081748008728,-0.001321083283983171,0.9998352527618408,-3.137991006951779e-05,-0.018101468682289124,1.7979182302951813e-06,4.0320745029021055e-05,0.03239192068576813,-1.9959221390308812e-05,2.659862548171077e-05,0.9999997615814209,-0.0006235234322957695,0.0003338550159242004,0.0016853801207616925,0.0006335012149065733,-0.002183770528063178,-7.389691745629534e-05,-5.047209924669005e-05,0.00031051906989887357,-0.0016837057191878557,-0.0006496190908364952,-0.0019372093956917524,0.00012202064681332558,0.00012098481238353997,0.0009039044380187988,-3.489565278869122e-05,0.02498362958431244,0.004032081458717585,0.004045563284307718,4.664459083869588e-06,6.648595444858074e-06,,,,,2.0279646686339037,,,,,,,,,1320,4.033333333333333
15.041666666669947,retreat,15.041667451150715,-2.624223924292904,-2.2341892123222338,-0.2815723419189453,0.0403433914470952,2.073204270628058,0.008149678251356818,0.055952909680744456,0.0,0.0,0.0,0.0,53,0.0014302165945991874,0.002273307414725423,0.0014302164781838655,0.0021083680912852287,0.0,2.089737066314712,0.0,0.0,0.0,0.0,0.0,0.0,-1.0098156963067595e-05,0.018078520894050598,-0.0006730970344506204,0.999836266040802,-0.00017922981351148337,0.0005918822716921568,0.007438070140779018,0.3330482542514801,-0.007141049951314926,-0.005931128282099962,-0.4864996373653412,0.5278377532958984,0.5047309994697571,-1.9855668544769287,-0.3614434003829956,2.386807441711426,1.0220614671707153,-0.0002864559064619243,-0.01180063746869564,0.001293599489144981,-0.0015962714096531272,0.0102217523381114,-0.007481676526367664,-0.006868329830467701,0.6008890271186829,-3.5837729228660464e-06,0.10960506647825241,-0.0013228027382865548,0.9998354315757751,-3.126219235127792e-05,-0.01809479296207428,1.4888355508446693e-06,4.179206007393077e-05,0.03239204362034798,-1.6249474356300198e-05,2.9619077395182103e-05,0.9999997019767761,-0.0006503480253741145,0.00070495146792382,0.0012066949857398868,0.0003040560695808381,-0.002269029850140214,-0.00013532218872569501,3.343786738696508e-05,0.0006933548138476908,-0.0012058962602168322,-0.0003325542202219367,-0.002094532595947385,0.00023727960069663823,4.297823033994064e-05,0.000903785228729248,-3.364021176821552e-05,0.024983637034893036,0.004030813463032246,0.004044350236654282,5.161265107744839e-06,7.354887202382088e-06,,,,,2.0279646686339037,,,,,,,,,1320,4.041666666666667
15.050000000003287,retreat,15.050000784918666,-2.670803269456931,-2.278378605842589,-0.28228759765625,0.045707485696766526,2.0723544847008806,0.007323784302570857,0.0,0.0,0.0,0.0,0.0,52,0.0022216979414224625,0.002268883865326643,0.0022216986399143934,0.0019643520936369896,0.0,2.1339856435137716,0.0,0.0,0.0,0.0,0.0,0.0,-7.0999412855599076e-06,0.01807027868926525,-0.0007031543063931167,0.9998365044593811,-0.000299555977107957,0.00028601361555047333,0.007379539310932159,0.2942141890525818,0.0023429596330970526,-0.006561341229826212,-0.48649972677230835,0.5277347564697266,0.504742443561554,-1.9855897426605225,-0.361357718706131,2.3867616653442383,1.0220094919204712,-0.00027972133830189705,-0.011779304593801498,0.0012681218795478344,-0.0015531645622104406,0.010214605368673801,-0.007511997129768133,-0.006890051532536745,0.6008878946304321,1.8347054719924927e-07,0.10964935272932053,-0.0013248785398900509,0.9998355507850647,-2.953322109533474e-05,-0.01808816008269787,1.4797551557421684e-06,4.0327875467482954e-05,0.03239212930202484,-1.7864796973299235e-05,2.540661625971552e-05,0.9999998807907104,-0.0006222863448783755,0.0005406669806689024,0.0021415394730865955,0.00023964581487234682,-0.0022675448562949896,-7.702007860643789e-05,-1.1933959285670426e-05,0.000531416037119925,-0.002140903379768133,-0.00026471575256437063,-0.001956452149897814,0.00015511582023464143,8.314670412801206e-05,0.0009033679962158203,-3.514555282890797e-05,0.024983644485473633,0.004032106604427099,0.004045733250677586,4.6572981773351785e-06,6.63509126752615e-06,,,,,2.0279646686339037,,,,,,,,,1320,4.05
15.058333333336627,retreat,15.058334118686616,-2.7173083843834593,-2.3226648569107042,-0.2830624580383301,0.04815565262106247,2.071787767191147,0.008107653229671996,0.055952909680744456,0.0,0.0,0.0,0.0,51,0.002051018876954913,0.0023111181799322367,0.002051018876954913,0.0020477010402828455,0.0,2.178311363865787,0.0,0.0,0.0,0.0,0.0,0.0,-1.2891086043964606e-05,0.01806575618684292,-0.0006861340953037143,0.9998365640640259,-0.00026129226898774505,0.0003227370325475931,0.007436810992658138,0.3100654184818268,-9.154995495919138e-05,-0.0025175129994750023,-0.4864998459815979,0.5276319980621338,0.504753828048706,-1.9856126308441162,-0.3612721264362335,2.386715888977051,1.0219568014144897,-0.0002721624623518437,-0.011760661378502846,0.0012358317617326975,-0.0015034166863188148,0.010193380527198315,-0.007573016919195652,-0.006894794292747974,0.6008865833282471,3.811888745985925e-06,0.10969357192516327,-0.0013265449088066816,0.9998355507850647,-2.7376598154660314e-05,-0.018081428483128548,1.576845534145832e-06,4.1613311623223126e-05,0.032392024993896484,-1.5651226931368e-05,2.870396383514162e-05,0.9999997019767761,-0.0006410347996279597,0.0007442191708832979,0.0019091599388048053,-8.901863475330174e-05,-0.0023042657412588596,-0.00016390735981985927,6.900541484355927e-05,0.000746755045838654,-0.0019093946320936084,5.69889452890493e-05,-0.00202960055321455,0.0002716156595852226,5.074774890090339e-06,0.0009031295776367188,-3.4289452742086723e-05,0.024983659386634827,0.00403085071593523,0.004044590517878532,5.059532668383326e-06,7.208727765828371e-06,,,,,2.0279646686339037,,,,,,,,,1320,4.058333333333334
15.066666666669967,retreat,15.066667452454567,-2.7637384958408315,-2.3668766021728502,-0.28389692306518555,0.05296114250086248,2.0712208946865034,0.0076426458690548316,0.03956468118525214,0.0,0.0,0.0,0.0,52,0.002416859148070216,0.0022773947566747665,0.002416859148070216,0.001975896069779992,0.0,2.2225625892206486,0.0,0.0,0.0,0.0,0.0,0.0,-1.1507690942380577e-05,0.018059859052300453,-0.0007047820836305618,0.9998366832733154,-0.00017865939298644662,0.0002512008068151772,0.007357947062700987,0.29569360613822937,-0.0036119306460022926,-0.00732066947966814,-0.48649993538856506,0.5275291800498962,0.5047652721405029,-1.98563551902771,-0.36118653416633606,2.3866701126098633,1.0218998193740845,-0.000267733761575073,-0.01174300629645586,0.0012059408472850919,-0.0014507003361359239,0.010186323896050453,-0.007628957275301218,-0.006912443786859512,0.6008855104446411,7.764858310110867e-06,0.10973770916461945,-0.001328596961684525,0.999835729598999,-2.3014905309537426e-05,-0.01807480864226818,1.3838289305567741e-06,4.088840796612203e-05,0.03239195793867111,-1.493364561611088e-05,2.326107096450869e-05,0.9999998211860657,-0.0006243375828489661,0.0010364430490881205,0.0021832946222275496,-1.479281945648836e-05,-0.002274301601573825,-0.00010148487490369007,6.148451211629435e-05,0.0010360950836911798,-0.0021833241917192936,-2.8476490115281194e-05,-0.0019598158542066813,0.0002513711806386709,9.985679753299337e-06,0.0009028315544128418,-3.522295810398646e-05,0.024983666837215424,0.004032106138765812,0.004045927431434393,4.632383479474811e-06,6.597780156880617e-06,,,,,2.0279646686339037,,,,,,,,,1320,4.066666666666666
15.075000000003307,retreat,15.075000786222517,-2.8100928305974247,-2.4110361933708178,-0.28449296951293945,0.055717719078529626,2.070275762399808,0.006164552814880153,0.03956468118525214,0.0,0.0,0.0,0.0,53,0.0024929866194725037,0.0022948901169002056,0.00249298638664186,0.0019770422950387,0.0,2.2667880046168403,0.0,0.0,0.0,0.0,0.0,0.0,-1.5990863175829872e-05,0.01805269345641136,-0.0006910681840963662,0.9998367428779602,-0.00022503221407532692,0.00024310425214935094,0.007432956248521805,0.30716609954833984,-0.00047332572285085917,-0.0011175483232364058,-0.4865000545978546,0.5274264216423035,0.504776656627655,-1.985654354095459,-0.3611010015010834,2.386624336242676,1.0218422412872314,-0.0002629801456350833,-0.011726045981049538,0.0011721740011125803,-0.0013932405272498727,0.010177078656852245,-0.007688499055802822,-0.006917187012732029,0.600885808467865,1.0702889994718134e-05,0.1097833663225174,-0.0013303124578669667,0.9998359084129333,-1.888859878818039e-05,-0.018066508695483208,6.51925802230835e-09,4.118019569432363e-05,0.032393477857112885,-1.3793913240078837e-05,2.3342676286119968e-05,0.9999997615814209,-0.0006397707620635629,0.0008488751482218504,0.0022936316672712564,-0.0004833704442717135,-0.002285843715071678,-0.00013141983072273433,0.0001554589398438111,0.0008655868587084115,-0.0022949008271098137,0.0004462858778424561,-0.0019587953574955463,0.00025444483617320657,-8.410661394009367e-05,0.0009024739265441895,-3.453333192737773e-05,0.024983681738376617,0.004030856303870678,0.004044762346893549,5.041623808210716e-06,7.178459782153368e-06,,,,,2.0279646686339037,,,,,,,,,1320,4.075
15.083333333336647,retreat,15.083334119990468,-2.856370615421577,-2.45668590068817,-0.2835392951965332,0.06012796438881196,2.06933019862761,0.00703477735441993,0.06852804166478502,0.0,0.0,0.0,0.0,50,0.0023626284673810005,0.002262477297335863,0.002362628234550357,0.001926073688082397,0.0,2.3125035662227114,0.0,0.0,0.0,0.0,0.0,0.0,-2.1795993234263733e-05,0.018042903393507004,-0.0007157562067732215,0.9998368620872498,-0.0006929744267836213,0.00022043810167815536,0.007429345510900021,0.2978500723838806,0.025881871581077576,0.008959746919572353,-0.4865001440048218,0.5273236036300659,0.5047881007194519,-1.9856547117233276,-0.3610154092311859,2.3865785598754883,1.0217796564102173,-0.00025978198391385376,-0.01170854177325964,0.0011399666545912623,-0.0013331766240298748,0.010181223973631859,-0.0077546583488583565,-0.006938279140740633,0.6008948683738708,1.1968717444688082e-05,0.10983572155237198,-0.0013320936122909188,0.9998362064361572,-1.4565534911525901e-05,-0.018049076199531555,-8.981907740235329e-06,3.8164580473676324e-05,0.03240048140287399,-6.1428386288753245e-06,2.5241006369469687e-05,0.9999997019767761,-0.000616891891695559,-0.00010990098235197365,0.0023396487813442945,-0.00030980416340753436,-0.002239703666418791,-0.0002963193692266941,0.0001213485884363763,-9.882851009024307e-05,-0.002340467646718025,0.00030733676976524293,-0.0019047990208491683,0.0002807252749335021,-5.19030581926927e-05,0.0009019970893859863,-3.5762310290010646e-05,0.02498369663953781,0.00403212383389473,0.004046123940497637,4.623142103810096e-06,6.58750650472939e-06,,,,,2.0279646686339037,,,,,,,,,1320,4.083333333333333
15.091666666669987,retreat,15.091667453758419,-2.9025710770816655,-2.5088623166084276,-0.2734661102294922,0.060130609199404716,2.0668697092173707,0.00480259814139572,0.03956468118525214,0.0,0.0,0.0,0.0,50,0.00708771962672472,0.002530802274122834,0.00708771962672472,0.0018821073463186622,0.0,2.364851344411979,0.0,0.0,0.0,0.0,0.0,0.0,-2.1927355192019604e-05,0.01802211068570614,-0.0007006062660366297,0.999837338924408,-0.0038569243624806404,0.000202349474420771,0.007919078692793846,0.31258833408355713,0.2004275918006897,0.09881261736154556,-0.48650047183036804,0.5272217392921448,0.504799485206604,-1.9856563806533813,-0.3609294891357422,2.386526346206665,1.021713376045227,-0.000252597063081339,-0.01168325636535883,0.001104671391658485,-0.0012753267074003816,0.010204645805060863,-0.007839157246053219,-0.006961150094866753,0.6009019017219543,1.2645527021959424e-05,0.10988664627075195,-0.0013330973451957107,0.9998364448547363,-8.671018804307096e-06,-0.01803569495677948,-6.85651320964098e-06,3.889322397299111e-05,0.032399117946624756,-1.3565238077717368e-05,1.920314934977796e-05,0.9999997615814209,-0.000632941082585603,-0.0067193047143518925,0.002185541670769453,-0.0005568877095356584,-0.002158048329874873,-0.0013091574655845761,0.0001841030752984807,-0.006694992072880268,-0.0021872250363230705,0.000793033221270889,-0.0018476914847269654,0.00033884699223563075,-0.0001163915148936212,0.0009009838104248047,-3.50048576365225e-05,0.024983733892440796,0.004030876327306032,0.004044955596327782,5.023564881412312e-06,7.15171336196363e-06,,,,,2.0279646686339037,,,,,,,,,1320,4.091666666666667
15.100000000003327,retreat,15.100000787526369,-2.9486934423460394,-2.559593319892882,-0.26553869247436523,0.06045558984624222,2.0648802514095874,0.0022709784843755187,0.055952909680744456,0.0,0.0,0.0,0.0,54,0.016750512644648552,0.003327036276459694,0.016750510782003403,0.001309574581682682,0.0,2.415720904879584,0.0,0.0,0.0,0.0,0.0,0.0,-2.6917165087070316e-05,0.01800539903342724,-0.0006967564113438129,0.9998375773429871,-0.0031662590336054564,-0.008352749049663544,0.007866587489843369,0.4337552487850189,0.164378359913826,0.10730818659067154,-0.4865008294582367,0.5271206498146057,0.5048108696937561,-1.9856573343276978,-0.3608435392379761,2.3864588737487793,1.0216447114944458,-0.0003147452953271568,-0.011654026806354523,0.0012184528168290854,-0.0012815825175493956,0.01045948639512062,-0.008022312074899673,-0.007074304856359959,0.6009054183959961,1.307469210587442e-05,0.10993621498346329,-0.0013328170171007514,0.9998365640640259,-9.93270987237338e-07,-0.018030060455203056,-2.855551429092884e-06,3.896684938808903e-05,0.0323978066444397,-2.4638327886350453e-05,1.6470514310640283e-05,0.9999997019767761,-0.0006364612490870059,-0.0012810367625206709,0.016627047210931778,0.0015747817233204842,-0.003055569715797901,-0.0012942556058987975,0.00023993085778784007,-0.0013378135627135634,-0.01662284880876541,-0.0015718790236860514,-0.0006617119070142508,0.0011097955284640193,-0.00021325284615159035,0.0009001493453979492,-3.480793020571582e-05,0.024983763694763184,0.004030779004096985,0.004043821711093187,-0.0002846578718163073,-0.00040548481047153473,,,,,2.0279646686339037,,,,,,,,,1320,4.1
15.108333333336667,retreat,15.10833412129432,-2.994736937983072,-2.609065175056456,-0.261843204498291,0.060445061535574496,2.06450108979639,0.0035415841921349056,0.06852804166478502,0.0,0.0,0.0,0.0,46,0.01178764272481203,0.0022094964515417814,0.011787645518779755,0.003861480625346303,0.0,2.4652191670390957,0.0,0.0,0.0,0.0,0.0,0.0,-3.59133118763566e-05,0.01800157129764557,-0.0006955175194889307,0.9998376965522766,-0.001857788534834981,0.0004270201316103339,0.007544627413153648,0.344104528427124,0.08839878439903259,0.03830338269472122,-0.486501008272171,0.5270190238952637,0.5048221349716187,-1.985657811164856,-0.3607577085494995,2.3863749504089355,1.0215845108032227,-0.0002689732355065644,-0.011675854213535786,0.0010514958994463086,-0.001241532270796597,0.010143624618649483,-0.008258054032921791,-0.006909757852554321,0.6009061336517334,1.2330056051723659e-05,0.10998514294624329,-0.0013301748549565673,0.9998364448547363,1.9070531607212615e-06,-0.01803152821958065,1.9825529307127e-07,3.805660526268184e-05,0.03239714354276657,-2.9927990908618085e-05,2.2595817426918074e-05,0.9999996423721313,-0.0006351683987304568,0.0012826055753976107,-0.011515423655509949,0.0021675920579582453,-0.0020989433396607637,-0.0006554878200404346,0.0002159785944968462,0.0012041227892041206,0.011521217413246632,-0.0021817912347614765,-0.0037679439410567284,0.0008411599555984139,-7.798199658282101e-05,0.0008999109268188477,-3.4737910027615726e-05,0.02498377114534378,0.004030757118016481,0.0040452503599226475,5.090954800834879e-06,7.248308975249529e-06,,,,,2.0279646686339037,,,,,,,,,1320,4.108333333333333
15.116666666670007,retreat,15.11666745506227,-3.0407007907610986,-2.6579484343528734,-0.2613067626953125,0.05985335155855864,2.0648802514095874,0.004923555934510659,0.03956468118525214,0.0,0.0,0.0,0.0,47,0.0027596827130764723,0.0012739264639094472,0.0027596827130764723,0.001125084119848907,0.0,2.5140760193395755,0.0,0.0,0.0,0.0,0.0,0.0,-3.852925874525681e-05,0.01800479181110859,-0.0007045186357572675,0.9998376369476318,-0.0007886026287451386,0.0003273377660661936,0.007392162457108498,0.31938743591308594,0.025825245305895805,0.009632771834731102,-0.48650121688842773,0.5269222259521484,0.5048335790634155,-1.9856587648391724,-0.3606717586517334,2.3863251209259033,1.021515965461731,-0.00029385832021944225,-0.011664193123579025,0.0010537756606936455,-0.0012780517572537065,0.010321924462914467,-0.008134164847433567,-0.007045647129416466,0.6009129881858826,1.3612021575681865e-05,0.11003391444683075,-0.0013329877983778715,0.9998367428779602,9.012925147544593e-06,-0.018018964678049088,-6.933929398655891e-06,4.0104052459355444e-05,0.03239725902676582,-1.4142020518193021e-05,1.820691250031814e-05,0.9999997615814209,-0.0006288980948738754,0.0024817113298922777,0.00010561561794020236,0.0012024156749248505,-0.0011053867638111115,0.0006306747673079371,5.707914169761352e-05,0.0024367710575461388,-0.00010224660218227655,-0.001291333232074976,-0.0010915374150499701,-0.0002720564662013203,-1.8586262740427628e-05,0.0009000897407531738,-3.51855305780191e-05,0.02498377114534378,0.004032033961266279,0.004045303910970688,4.765415724250488e-06,6.791146006435156e-06,,,,,2.0279646686339037,,,,,,,,,1320,4.116666666666666
15.125000000003347,retreat,15.12500078883022,-3.0865842274484994,-2.7065560221672045,-0.25409460067749023,0.06154386210255325,2.063742557675788,0.0027650062293105293,0.03956468118525214,0.0,0.0,0.0,0.0,49,0.005852942820638418,0.002002956345677376,0.005852942820638418,0.001744020264595747,0.0,2.562762842709218,0.0,0.0,0.0,0.0,0.0,0.0,-4.67924983240664e-05,0.017995227128267288,-0.0007010570843704045,0.9998378157615662,-0.0033594320993870497,0.00038651927025057375,0.007945528253912926,0.34222614765167236,0.16819851100444794,0.09404024481773376,-0.48650234937667847,0.526826798915863,0.5048449635505676,-1.9856600761413574,-0.36058586835861206,2.386258602142334,1.0214473009109497,-0.0002969861961901188,-0.011644711717963219,0.0010256962850689888,-0.0012823966098949313,0.01035081222653389,-0.008083532564342022,-0.0070393141359090805,0.6009156107902527,1.421493652742356e-05,0.11008035391569138,-0.0013337797718122602,0.999836802482605,1.6479261830681935e-05,-0.018015310168266296,-2.6620691642165184e-06,3.905309858964756e-05,0.03239493817090988,-2.0046227291459218e-05,1.893521948659327e-05,0.9999997615814209,-0.0006331682088784873,-0.005743564106523991,0.001122071174904704,9.679445065557957e-05,-0.0018651511054486036,-0.0006509004742838442,0.00033071747748181224,-0.005743340123444796,-0.0011222740868106484,0.00010718557314248756,-0.0017138570547103882,-0.0001781047903932631,-0.00026940557290799916,0.0008996129035949707,-3.5005065001314506e-05,0.024983786046504974,0.004030766896903515,0.004045449662953615,5.049219907959923e-06,7.190770702436566e-06,,,,,2.0279646686339037,,,,,,,,,1320,4.125
15.133333333336687,retreat,15.133334122598171,-3.1323864748136234,-2.7528166770935045,-0.25093555450439453,0.06252891034819186,2.062794000452298,0.004937476660415996,0.03956468118525214,0.0,0.0,0.0,0.0,46,0.0033422631677240133,0.0022465887013822794,0.003342262003570795,0.002012133365496993,0.0,2.60908956067641,0.0,0.0,0.0,0.0,0.0,0.0,-5.03481351188384e-05,0.01798568107187748,-0.0007161941612139344,0.9998379945755005,-0.0020182651933282614,0.00010819363524205983,0.007532253861427307,0.2994703948497772,0.09326627850532532,0.0436147041618824,-0.48650434613227844,0.5267338752746582,0.5048564076423645,-1.9856610298156738,-0.36049991846084595,2.386181592941284,1.0213786363601685,-0.0003252942697145045,-0.01164264790713787,0.0010318000568076968,-0.0013066800311207771,0.010399463586509228,-0.008215619251132011,-0.007058732211589813,0.6009159088134766,1.3720520655624568e-05,0.11012500524520874,-0.0013345368206501007,0.999836802482605,2.2620934032602236e-05,-0.018017536029219627,2.8347130864858627e-07,3.761116386158392e-05,0.03239322826266289,-3.182253931299783e-05,1.6624320778646506e-05,0.9999998211860657,-0.0006187439430505037,0.0003939789312426001,0.0018719859654083848,0.002740651834756136,-0.0021311831660568714,-0.0006803827127441764,0.00020566747116390616,0.00029497413197532296,-0.001864630146883428,-0.002758053597062826,-0.0018670517019927502,0.0007376699359156191,-0.00013653442147187889,0.0008991360664367676,-3.575862865545787e-05,0.024983800947666168,0.004032033495604992,0.004045582376420498,4.6755385483265854e-06,6.661430234089494e-06,,,,,2.0279646686339037,,,,,,,,,1320,4.133333333333333
15.141666666670027,retreat,15.141667456366122,-3.1781067596248374,-2.7974456548690783,-0.2511143684387207,0.06211389700183645,2.0636477215651845,0.0031676697744842386,0.06852804166478502,0.0,0.0,0.0,0.0,47,0.0024881656281650066,0.002045874483883381,0.002488166093826294,0.001850736327469349,0.0,2.6536590803475333,0.0,0.0,0.0,0.0,0.0,0.0,-5.671618055202998e-05,0.017993057146668434,-0.0007179250242188573,0.9998378157615662,-0.0009713126928545535,7.699788693571463e-05,0.007377795875072479,0.29697340726852417,0.034914080053567886,0.010648045688867569,-0.48650917410850525,0.5266423225402832,0.5048678517341614,-1.9856618642807007,-0.3604139983654022,2.386120319366455,1.0213099718093872,-0.00034643785329535604,-0.01164008304476738,0.001023741438984871,-0.0013402565382421017,0.010400861501693726,-0.008169258013367653,-0.007044482976198196,0.6009189486503601,1.2694494216702878e-05,0.11016985028982162,-0.0013371220557019114,0.999836802482605,2.7915188184124418e-05,-0.018013106659054756,-3.2121315598487854e-06,3.716199717018753e-05,0.03239355608820915,-2.0008279534522444e-05,1.766761124599725e-05,0.9999997019767761,-0.0006196165340952575,0.0017101747216656804,0.001165004214271903,0.0013816787395626307,-0.002002953551709652,0.0003556959854904562,0.00021739186195190996,0.001659305184148252,-0.0011611294467002153,-0.0014454948250204325,-0.0018413446377962828,-0.00010824116179719567,-0.000151521380757913,0.0008994936943054199,-3.5839406336890534e-05,0.024983786046504974,0.004032001364976168,0.004045685287564993,4.679902303905692e-06,6.664398824796081e-06,,,,,2.0279646686339037,,,,,,,,,1320,4.141666666666667
15.150000000003367,retreat,15.150000790134072,-3.2237443086504936,-2.8421938419342028,-0.2480149269104004,0.061198741605039686,2.06326833355113,0.004244946012477158,0.03956468118525214,0.0,0.0,0.0,0.0,47,0.002871570410206914,0.002042400650680065,0.0028715706430375576,0.0019264479633420706,0.0,2.6984336901969415,0.0,0.0,0.0,0.0,0.0,0.0,-6.36872646282427e-05,0.017990075051784515,-0.0007208276074379683,0.9998379349708557,-0.0021701990626752377,7.580185047117993e-05,0.007531722076237202,0.29997363686561584,0.1011301651597023,0.045412179082632065,-0.4865146279335022,0.5265501737594604,0.5048792958259583,-1.9856668710708618,-0.3603280782699585,2.3860585689544678,1.021241307258606,-0.00036218666355125606,-0.011631013825535774,0.0010135846678167582,-0.0013602817198261619,0.010380256921052933,-0.008095652796328068,-0.007019575219601393,0.6009204387664795,1.1198266292922199e-05,0.11021379381418228,-0.0013396572321653366,0.9998368620872498,3.287580329924822e-05,-0.01801013946533203,-1.825159415602684e-06,3.673718310892582e-05,0.03239269554615021,-2.0018456780235283e-05,1.9688917745952494e-05,0.9999998211860657,-0.0006192857981659472,-0.0026453062891960144,0.0009863496525213122,0.0005247716908343136,-0.002033206867054105,-6.168812979012728e-05,0.00018347853620070964,-0.002662472426891327,-0.0009852428920567036,-0.00043180404463782907,-0.0018961066380143166,-0.0003201849467586726,-0.0001160289320978336,0.0008993744850158691,-3.597824979806319e-05,0.02498379349708557,0.004031974822282791,0.004045719280838966,4.681355676439125e-06,6.667309207841754e-06,,,,,2.0279646686339037,,,,,,,,,1320,4.15
15.158333333336707,retreat,15.158334123902023,-3.2692983486589515,-2.886003255844115,-0.24634599685668945,0.05984813469694927,2.062699120749015,0.012176424206700176,0.055952909680744456,0.0,0.0,0.0,0.0,49,0.001588519080542028,0.0021225493401288986,0.0015885193133726716,0.0019966859836131334,0.0,2.74228274740345,0.0,0.0,0.0,0.0,0.0,0.0,-6.692206807201728e-05,0.017985159531235695,-0.0007232162752188742,0.9998380541801453,-0.0016730519710108638,6.939255399629474e-05,0.00744667137041688,0.2991887927055359,0.0725788027048111,0.03257206082344055,-0.48652034997940063,0.5264586210250854,0.5048907399177551,-1.9856832027435303,-0.36024215817451477,2.385993480682373,1.0211726427078247,-0.0003929138765670359,-0.011629380285739899,0.0010280862916260958,-0.0013844392960891128,0.010375512763857841,-0.008144579827785492,-0.007002915255725384,0.6009155511856079,1.1115247616544366e-05,0.11025276780128479,-0.0013419728493317962,0.9998367428779602,3.9589256630279124e-05,-0.018014930188655853,4.863482899963856e-06,3.813415241893381e-05,0.032387625426054,-2.97260339721106e-05,1.6223204511334188e-05,0.9999997615814209,-0.0006191505235619843,-0.0003878579882439226,0.0008273362182080746,0.0012994129210710526,-0.002092102775350213,-0.00032117991941049695,0.0001586361468071118,-0.0004343909095041454,-0.0008238977752625942,-0.0012868141056969762,-0.001977078150957823,0.0002653171541169286,-8.673990669194609e-05,0.0008991360664367676,-3.6094777897233143e-05,0.024983800947666168,0.0040319571271538734,0.004045819863677025,4.684628493123455e-06,6.674177711829543e-06,,,,,2.0279646686339037,,,,,,,,,1320,4.158333333333333
15.166666666670046,retreat,15.166667457669973,-3.3147681064185743,-2.9250666499137865,-0.25141239166259766,0.05996773688821122,2.0633631870915914,0.011277376870566513,0.055952909680744456,0.0,0.0,0.0,0.0,50,0.004794255830347538,0.0021995895076543093,0.004794255364686251,0.001994622405618429,0.0,2.7812998920245904,0.0,0.0,0.0,0.0,0.0,0.0,-7.352153625106439e-05,0.017990246415138245,-0.0007266384200192988,0.9998378753662109,0.0006802022689953446,4.7756348067196086e-05,0.007123576011508703,0.29483669996261597,-0.057744480669498444,-0.03641869127750397,-0.4865260422229767,0.5263668894767761,0.504902184009552,-1.9857044219970703,-0.36015623807907104,2.3859457969665527,1.021106481552124,-0.0004296867409721017,-0.011634428054094315,0.0010496649192646146,-0.001411233562976122,0.010352267883718014,-0.008133509196341038,-0.0069615100510418415,0.6009125113487244,1.2448217603377998e-05,0.11029160767793655,-0.001346647390164435,0.999836802482605,4.545086630969308e-05,-0.018013285472989082,2.723420038819313e-06,3.964277129853144e-05,0.03238746523857117,-2.2987871489021927e-05,1.6929589037317783e-05,0.9999997615814209,-0.000620416016317904,0.0046590836718678474,0.0006883215392008424,0.0008966826717369258,-0.002081224462017417,0.0006752059562131763,0.00022537988843396306,0.004623789805918932,-0.0006852563237771392,-0.0010657748207449913,-0.0019886649679392576,-1.8335413187742233e-06,-0.00015403475845232606,0.0008993744850158691,-3.625989847932942e-05,0.02498379349708557,0.004031945485621691,0.004045908339321613,4.692010861617746e-06,6.679416401311755e-06,,,,,2.0279646686339037,,,,,,,,,1320,4.166666666666667
15.175000000003386,retreat,15.175000791437924,-3.360152808697718,-2.9639810323715197,-0.2544522285461426,0.06139012111816555,2.0635528810980173,0.011252085641899612,0.055952909680744456,0.0,0.0,0.0,0.0,44,0.0013224573340266943,0.002258436055853963,0.0013224571011960506,0.002143495250493288,0.0,2.8202010630902254,0.0,0.0,0.0,0.0,0.0,0.0,-7.94477091403678e-05,0.017992060631513596,-0.0007283414015546441,0.9998378157615662,-2.749412669800222e-05,5.927619349677116e-05,0.007229646667838097,0.29833275079727173,-0.017069881781935692,-0.014333647675812244,-0.4865317642688751,0.5262750387191772,0.5049136281013489,-1.9857258796691895,-0.36007043719291687,2.3859000205993652,1.021053671836853,-0.00045145966578274965,-0.011629301123321056,0.0010536107001826167,-0.0014064563438296318,0.010279791429638863,-0.008014134131371975,-0.006895966827869415,0.6009096503257751,1.3900367775931954e-05,0.11033043265342712,-0.0013512647710740566,0.9998368620872498,4.47024722234346e-05,-0.018010947853326797,2.3901229724287987e-06,3.997219755547121e-05,0.0323873907327652,-1.8825310689862818e-05,2.3545248041045852e-05,0.9999997615814209,-0.000623450439888984,8.656444697408006e-05,0.0008092066855169833,-0.0010423936182633042,-0.002152511617168784,0.0006544851348735392,0.0001971711462829262,0.00012408423935994506,-0.0008120066486299038,0.001036407775245607,-0.0020413279999047518,-0.0006417238619178534,-0.0001254666713066399,0.0008994340896606445,-3.6339690268505365e-05,0.024983786046504974,0.004031938500702381,0.004045969340950251,4.684280611400027e-06,6.67278072796762e-06,,,,,2.0279646686339037,,,,,,,,,1320,4.175
15.183333333336726,retreat,15.183334125205874,-3.405451682264749,-3.002865612506865,-0.2570152282714844,0.06298611697275192,2.0630786133927073,0.003954356088797795,0.07912936237050427,0.0,0.0,0.0,0.0,46,0.0014568004989996552,0.0022984526585787535,0.001456800731830299,0.0021339699160307646,0.0,2.8591186739854413,0.0,0.0,0.0,0.0,0.0,0.0,-8.416230411967263e-05,0.017987700179219246,-0.000731655687559396,0.9998378753662109,-0.00012096418504370376,4.7836605517659336e-05,0.007249631453305483,0.29804015159606934,-0.011651976965367794,-0.012282442301511765,-0.48653748631477356,0.5261832475662231,0.5049250721931458,-1.9857311248779297,-0.35998475551605225,2.3858542442321777,1.0210016965866089,-0.0004824241332244128,-0.011627848260104656,0.0010744750034064054,-0.0013829059898853302,0.010219980962574482,-0.008043971844017506,-0.006888713221997023,0.6009141802787781,1.3273078366182745e-05,0.11037515103816986,-0.0013555194018408656,0.9998369812965393,4.138429358135909e-05,-0.018000725656747818,-5.15044666826725e-06,3.804385050898418e-05,0.03239347040653229,-1.295680704060942e-05,3.155935337417759e-05,0.9999996423721313,-0.0006245326949283481,0.00027909837081097066,0.0011388154234737158,-0.0008645642083138227,-0.0022955085150897503,2.850244527508039e-05,-0.00011275114229647443,0.0003100767789874226,-0.0011411168379709125,0.0008508660248480737,-0.0021255186293274164,1.1227084542042576e-05,0.00018939808069262654,0.0008992552757263184,-3.650115831987932e-05,0.02498379349708557,0.004031936638057232,0.004046033136546612,4.681122845795471e-06,6.669317372143269e-06,,,,,2.0279646686339037,,,,,,,,,1320,4.183333333333334
15.191666666670066,retreat,15.191667458973825,-3.4506639538880126,-3.0475243926048265,-0.25206804275512695,0.06194065645104274,2.062034840640171,0.004439101758180186,0.06852804166478502,0.0,0.0,0.0,0.0,45,0.006697619799524546,0.0024914450477808714,0.006697618868201971,0.00186059414409101,0.0,2.9038501485199317,0.0,0.0,0.0,0.0,0.0,0.0,-8.227043872466311e-05,0.017978884279727936,-0.0007361340103670955,0.9998380541801453,-0.0027618936728686094,-0.0017577209509909153,0.007729776203632355,0.18834827840328217,0.1317128688097,0.07420614361763,-0.486543208360672,0.5260912179946899,0.5049365162849426,-1.9857358932495117,-0.35989880561828613,2.385791301727295,1.0209466218948364,-0.0005195098929107189,-0.011614303104579449,0.0011215191334486008,-0.0013562350068241358,0.010221443139016628,-0.008050023578107357,-0.006903483532369137,0.6009154319763184,1.1708150850608945e-05,0.11041906476020813,-0.0013576687779277563,0.9998370409011841,3.969619865529239e-05,-0.017998432740569115,-1.6326084733009338e-06,3.766368899960071e-05,0.032392602413892746,-1.9483153664623387e-05,3.1407864298671484e-05,0.9999997019767761,-0.0006222014781087637,-0.0052375514060258865,0.003790565999224782,-0.0017486497526988387,-0.0024041710421442986,-0.0006506351055577397,-6.272127939155325e-05,-0.005171106196939945,-0.0037959679029881954,0.0019257176900282502,-0.0018530359957367182,-0.00010641186963766813,0.00012940051965415478,0.0008987784385681152,-3.672678576549515e-05,0.024983815848827362,0.004031924065202475,0.004044864792376757,7.534882570325863e-06,1.072886516340077e-05,,,,,2.0279646686339037,,,,,,,,,1320,4.191666666666666
15.200000000003406,retreat,15.200000792741776,-3.4957888503358827,-3.0914530158042894,-0.25022029876708984,0.05998707638354972,2.061085497827297,0.008188233550754376,0.0,0.0,0.0,0.0,0.0,45,0.0008196347625926137,0.0023909613955765963,0.0008196347625926137,0.0024661908391863108,0.0,2.9478448895442835,0.0,0.0,0.0,0.0,0.0,0.0,-7.453481521224603e-05,0.017970385029911995,-0.0007320708828046918,0.9998382925987244,-0.0016041372437030077,-0.0010236483067274094,0.0076284040696918964,0.23631033301353455,0.06924722343683243,0.04199828952550888,-0.48654893040657043,0.5259996652603149,0.5049479603767395,-1.9857367277145386,-0.3598128855228424,2.385704755783081,1.02089524269104,-0.0005640942836180329,-0.011623114347457886,0.001160935265943408,-0.0013396145077422261,0.010168611072003841,-0.008253727108240128,-0.006888885982334614,0.6009131669998169,8.99116275832057e-06,0.11046178638935089,-0.0013573216274380684,0.9998369216918945,3.6052257200935856e-05,-0.018006177619099617,2.935878001153469e-06,3.687888238346204e-05,0.032391246408224106,-3.5735316487262025e-05,2.7267336918157525e-05,0.9999998211860657,-0.0006258429493755102,0.0007543052197434008,-0.00030000682454556227,0.00011322835780447349,-0.00228376523591578,-0.0007051504799164832,-6.225079414434731e-05,0.0007497321930713952,0.0003004040918312967,-0.00013949965068604797,-0.002323378575965762,0.000813665275927633,0.0001481830549892038,0.0008983612060546875,-3.653065505204722e-05,0.024983830749988556,0.004031912423670292,0.0040450189262628555,6.3941324697225355e-06,9.10842209123075e-06,,,,,2.0279646686339037,,,,,,,,,1320,4.2
15.208333333336746,retreat,15.208334126509726,-3.5408255983767116,-3.134323656558989,-0.2530217170715332,0.057120618293993175,2.062224656781912,0.005049771516496548,0.03956468118525214,0.0,0.0,0.0,0.0,41,0.004376713186502457,0.0018369940808042884,0.004376712720841169,0.0020305057987570763,0.0,2.9906361925647467,0.0,0.0,0.0,0.0,0.0,0.0,-7.246596942422912e-05,0.017980430275201797,-0.0007283686427399516,0.99983811378479,-4.444261867320165e-05,0.00014519295655190945,0.00725132878869772,0.31289365887641907,-0.01722916215658188,-0.012539836578071117,-0.48655465245246887,0.5259081125259399,0.5049594044685364,-1.9857370853424072,-0.3597269654273987,2.3856282234191895,1.020839810371399,-0.0006098203011788428,-0.01163194514811039,0.0012002296280115843,-0.0013420780887827277,0.010140901431441307,-0.008244069293141365,-0.006900624837726355,0.6009135842323303,6.290763849392533e-06,0.11050599813461304,-0.0013581312960013747,0.9998368620872498,3.375410960870795e-05,-0.018008237704634666,-9.918585419654846e-08,3.7103665817994624e-05,0.032392699271440506,-2.7751690140576102e-05,2.740397394518368e-05,0.9999997615814209,-0.0006303587579168379,0.003802920924499631,-0.002155952388420701,-0.0002127863554051146,-0.0017124433070421219,0.0006526017677970231,-0.0001272634108318016,0.003808076959103346,0.002155809197574854,8.156015246640891e-05,-0.0020179999992251396,-0.00010379793820902705,0.00019964059174526483,0.000898897647857666,-3.634738823166117e-05,0.024983808398246765,0.004031897522509098,0.004045146517455578,4.793080279341666e-06,6.827671313658357e-06,,,,,2.0279646686339037,,,,,,,,,1320,4.208333333333333
15.216666666670086,retreat,15.216667460277677,-3.585773424778866,-3.178647160530089,-0.2529621124267578,0.05505982699105516,2.062794000452298,0.0032184557312575635,0.0,0.0,0.0,0.0,0.0,36,0.002033513505011797,0.0017582557629793882,0.0020335137378424406,0.001923929899930954,0.0,3.0349200441129947,0.0,0.0,0.0,0.0,0.0,0.0,-7.373714470304549e-05,0.017985297366976738,-0.0007345277699641883,0.9998379945755005,-0.0010298261186107993,0.0003298624069429934,0.007415141444653273,0.32690703868865967,0.0394100584089756,0.005951305851340294,-0.4865603744983673,0.5258165597915649,0.5049708485603333,-1.985737919807434,-0.35964104533195496,2.3855714797973633,1.020783543586731,-0.0006526457145810127,-0.01162672508507967,0.0012497816933318973,-0.0013357334537431598,0.010132799856364727,-0.008157258853316307,-0.00690145930275321,0.6009175777435303,4.8149231588467956e-06,0.1105513721704483,-0.001361220725812018,0.9998370409011841,3.22694904753007e-05,-0.018001655116677284,-4.419009201228619e-06,3.789323091041297e-05,0.03239389881491661,-1.6297184629365802e-05,3.0200912078726105e-05,0.9999998807907104,-0.0006273378967307508,-0.00084292161045596,-0.000978005351498723,-0.001571039785631001,-0.0017190614016726613,0.00036831494071520865,-2.520853013265878e-05,-0.0007858368917368352,0.0009736313950270414,0.0016030222177505493,-0.001858167233876884,-0.0004903725348412991,9.085919737117365e-05,0.0008991360664367676,-3.665413169073872e-05,0.024983800947666168,0.004031884949654341,0.004045296460390091,4.8253014028887264e-06,6.8717345129698515e-06,,,,,2.0279646686339037,,,,,,,,,1320,4.216666666666667
