time_s,phase,physics_time_s,command_depth_mm,depth_mm,tip_x_mm,tip_y_mm,tilt_deg,grasp_slip_mm,grasp_slip_deg,force_norm_n,torque_norm_nm,normal_load_n,min_separation_mm,contact_count,wrist_force_n,wrist_torque_nm,wrist_contact_force_balance_n,wrist_contact_torque_balance_nm,contact_power_w,lowest_peg_z_above_mouth_mm,fx,fy,fz,taux,tauy,tauz,qw,qx,qy,qz,vx,vy,vz,omegax,omegay,omegaz,joint1_rad,joint2_rad,joint3_rad,joint4_rad,joint5_rad,joint6_rad,joint7_rad,joint_velocity1_rad_s,joint_velocity2_rad_s,joint_velocity3_rad_s,joint_velocity4_rad_s,joint_velocity5_rad_s,joint_velocity6_rad_s,joint_velocity7_rad_s,hand_pose_0,hand_pose_1,hand_pose_2,hand_pose_3,hand_pose_4,hand_pose_5,hand_pose_6,grasp_position_0,grasp_position_1,grasp_position_2,grasp_quat_0,grasp_quat_1,grasp_quat_2,grasp_quat_3,wrist_raw_child_0,wrist_raw_child_1,wrist_raw_child_2,wrist_raw_child_3,wrist_raw_child_4,wrist_raw_child_5,wrist_force_world_0,wrist_force_world_1,wrist_force_world_2,wrist_torque_about_peg_base_world_0,wrist_torque_about_peg_base_world_1,wrist_torque_about_peg_base_world_2,com_offset_world_0,com_offset_world_1,com_offset_world_2,finger_position_0,finger_position_1,finger_velocity_0,finger_velocity_1,command_offset_x_mm,command_offset_y_mm,command_roll_deg,command_pitch_deg,command_tilt_deg,ramp_progress_depth_mm,reference_step,recovery_time_s
10.999999999990052,stop,11.000000573694706,20.0,18.068858981132507,-0.008046627044677734,-0.6071773823350668,3.777090814044495,0.045151075028115883,0.09691328065893987,0.7994695901870728,0.12262685596942902,12.323630332946777,-0.05863171463715844,84,0.7756816744804382,0.0669521689414978,0.19833721220493317,0.03339913487434387,0.008491847984259948,-18.331897590404644,0.017224282026290894,-0.7333446145057678,0.31790030002593994,0.12258556485176086,-0.002754225628450513,-0.001593529712408781,0.0002718147006817162,0.00015866575995460153,0.032954759895801544,0.9994568228721619,-0.0010520967189222574,-0.0002676663571037352,-0.0006476342095993459,0.08599138259887695,0.10001780837774277,0.05480020120739937,-0.4750201404094696,0.5600625276565552,0.4999733567237854,-2.005725383758545,-0.519042432308197,2.44272518157959,1.1553382873535156,0.0005241334438323975,-0.0003001241129823029,-0.0017122748540714383,0.0016820260789245367,0.0004386331420391798,-0.0033946894109249115,-0.0014524426078423858,0.5999944806098938,0.00152626633644104,0.08925037831068039,0.03366365656256676,0.999433159828186,4.534409526968375e-05,-0.00024357619986403733,1.3172359103919007e-05,-4.61251474916935e-05,0.03238953277468681,-7.422403723467141e-05,-0.00031966593815013766,0.9999996423721313,0.0007093638414517045,-0.12293188273906708,-0.6520777344703674,0.401701956987381,-0.04529428854584694,-0.04913012683391571,-0.004153380636125803,-0.12319602072238922,0.6235604286193848,-0.4446089267730713,-0.13947659730911255,0.03156310319900513,0.002087489701807499,8.404254913330078e-06,0.0016468408284708858,0.024945702403783798,0.0039954036474227905,0.0040092808194458485,5.444939233711921e-06,7.761584129184484e-06,0.0,0.0,-4.037735685706139,0.0,4.037735685706139,18.075471371412277,1320,0.0
11.008333333323378,stop,11.008333907462656,18.068858981132507,18.067268282175064,-0.010073184967041016,-0.6068088114261627,3.772422144280955,0.04414605791680515,0.10467831195095843,0.1688174605369568,0.10437987744808197,11.750207901000977,-0.05941835479461588,78,0.1827024221420288,0.042799778282642365,0.07466861605644226,0.04257025942206383,0.0056285182836290915,-18.32998223305144,0.08249913156032562,-0.12495480477809906,0.07797130942344666,0.10434253513813019,-0.0025193048641085625,-0.0012029947247356176,0.00021064598695375025,0.0002079979021800682,0.03291405737400055,0.9994580745697021,0.0008232067339122295,0.00037398579297587276,-0.00015748804435133934,0.055505577474832535,0.01971760205924511,-0.09230639785528183,-0.4750199317932129,0.5600570440292358,0.4999653995037079,-2.005725383758545,-0.5190079212188721,2.442746639251709,1.1553016901016235,0.00026394837186671793,-0.00026914311456494033,-0.0017147378530353308,0.000893664953764528,0.007565554231405258,0.0034121538046747446,-0.007135346066206694,0.5999986529350281,0.0015248185954988003,0.08925365656614304,0.033652279525995255,0.9994335174560547,4.697899203165434e-05,-0.0002363472303841263,6.50292440695921e-06,-4.731444641947746e-05,0.032391101121902466,-1.9704009901033714e-05,-0.0002582609304226935,0.9999995827674866,0.0007386890356428921,-0.028615524992346764,-0.1749962866306305,0.04401851072907448,-0.040928762406110764,0.012318311259150505,-0.002217374974861741,-0.0286553967744112,0.1716366857290268,-0.05567655712366104,-0.06620415300130844,-0.01627136394381523,0.0033480580896139145,1.0728836059570312e-05,0.0016448087990283966,0.024945832788944244,0.0039954097010195255,0.004009332042187452,5.207197318668477e-06,7.420225301757455e-06,,,,,3.777090814044495,,1320,0.008333333333333333
11.016666666656704,stop,11.016667241230607,18.068858981132507,18.06715652346611,-0.009119510650634766,-0.6064991466701031,3.7682154030803594,0.047383891796926036,0.10467831195095843,0.31228500604629517,0.10836891084909439,11.672658920288086,-0.05941835479461588,75,0.2681562900543213,0.08190292119979858,0.06343287974596024,0.016438523307442665,0.03368540306109935,-18.329577936875946,0.025420576333999634,-0.1470625400543213,-0.274314284324646,0.10833364725112915,-0.0024025680031627417,-0.0013676027301698923,0.00020620877330657095,0.00020346743986010551,0.032877419143915176,0.9994593262672424,-0.0004222048446536064,-0.0034705158323049545,-0.0006754564819857478,0.31566473841667175,0.05109739303588867,0.019291479140520096,-0.47501859068870544,0.5600570440292358,0.49995100498199463,-2.005725383758545,-0.5189476013183594,2.4427528381347656,1.155242919921875,0.0005728001706302166,-1.1434967746026814e-06,-0.00246753660030663,0.00038781293551437557,0.011072604916989803,0.0029101641848683357,-0.009942136704921722,0.5999975204467773,0.001521450001746416,0.089251808822155,0.033636655658483505,0.9994340538978577,4.803758565685712e-05,-0.00024269451387226582,8.997135410027113e-06,-4.984019324183464e-05,0.032388895750045776,-3.069526792387478e-05,-0.0002552394289523363,0.9999995827674866,0.0007597161456942558,-0.06353624910116196,-0.10972139984369278,-0.23628826439380646,-0.07912975549697876,-0.021094005554914474,-0.0012702357489615679,-0.06343470513820648,0.12535496056079865,0.22840745747089386,-0.09499259293079376,0.011968282982707024,0.0005083167343400419,1.049041748046875e-05,0.0016429800307378173,0.024945951998233795,0.003995419945567846,0.004008199088275433,-0.0003098284360021353,-0.00044148601591587067,,,,,3.777090814044495,,1320,0.016666666666666666
11.02499999999003,stop,11.025000574998558,18.068858981132507,18.06684359908104,-0.010251998901367188,-0.6049586227163672,3.767279934696001,0.044082567910663784,0.07912936237050427,0.5068670511245728,0.1007169708609581,11.369609832763672,-0.05941835479461588,79,0.43887919187545776,0.09197700023651123,0.09068655222654343,0.01636679098010063,0.019167714577633888,-18.329199959675126,-0.041244179010391235,0.12275012582540512,0.4900464713573456,0.10059323161840439,-0.004871070850640535,-0.0010872038546949625,0.00019842419715132564,0.0002290566626470536,0.032869063317775726,0.9994596242904663,0.0007649934850633144,-0.0018543042242527008,8.259288733825088e-06,0.1885010302066803,0.018796466290950775,-0.09298992902040482,-0.47502127289772034,0.5600516200065613,0.4999440312385559,-2.005725383758545,-0.5188653469085693,2.4427852630615234,1.155169129371643,-0.0006039317231625319,-0.0005175338592380285,-0.0005355358007363975,0.00022947657271288335,0.014048658311367035,0.004653074312955141,-0.011716488748788834,0.6000027060508728,0.0015232004225254059,0.08925595134496689,0.033609192818403244,0.9994350075721741,4.9319700337946415e-05,-0.00023581455752719194,2.232640326838009e-06,-4.810793325304985e-05,0.032392747700214386,1.5282905678759562e-06,-0.00024765540729276836,0.9999997615814209,0.0007405946962535381,0.07214352488517761,0.03506635129451752,0.4314865171909332,-0.09106286615133286,0.012927811592817307,-0.0004403872007969767,0.07194557040929794,-0.06396861374378204,-0.42819011211395264,-0.08597578853368759,-0.002478279173374176,0.0006521435570903122,1.1801719665527344e-05,0.0016425626818090677,0.024945981800556183,0.003995420411229134,0.004008272662758827,-2.9510119929909706e-06,-4.21751246904023e-06,,,,,3.777090814044495,,1320,0.025
11.033333333323355,stop,11.033333908766508,18.068858981132507,18.068378418684006,-0.010728836059570312,-0.6062217289581895,3.764732205909865,0.04566702773445286,0.08846931922527276,0.5595314502716064,0.1054941937327385,11.547948837280273,-0.05758303086622618,80,0.4499143958091736,0.10534292459487915,0.13670089840888977,0.02216792292892933,0.0004374782874947414,-18.330557608926046,-0.10281787067651749,-0.15020723640918732,-0.5290951728820801,0.1053071841597557,-0.006197474896907806,-0.001006842590868473,0.0002138078707503155,0.00018361395632382482,0.032846927642822266,0.9994603395462036,4.5636887080036104e-05,0.0002964216109830886,-0.00045607908396050334,0.0009667797130532563,-0.010195581242442131,-0.09306269139051437,-0.47502127289772034,0.5600516200065613,0.49992886185646057,-2.005725383758545,-0.5187820196151733,2.4427852630615234,1.1550918817520142,0.00018806077423505485,-0.00023596106620971113,-0.0021298970095813274,-0.00047194244689308107,0.013729182071983814,0.000665198196657002,-0.011912490241229534,0.5999996662139893,0.0015194742009043694,0.08925333619117737,0.033587731420993805,0.9994357228279114,4.9154681619256735e-05,-0.00024782202672213316,5.5730743042659014e-06,-4.9102120101451874e-05,0.0323914997279644,-5.538458572118543e-05,-0.00026479249936528504,0.9999997019767761,0.0007412740378640592,0.014052856713533401,-0.06861579418182373,-0.4444292485713959,-0.10227049142122269,-0.025132888928055763,-0.002493172185495496,0.014263658784329891,0.0983000248670578,0.4388126730918884,-0.1122066006064415,0.027262436226010323,0.0007199817337095737,9.5367431640625e-06,0.0016414581332355738,0.024946056306362152,0.00399541761726141,0.0040083592757582664,5.124193194205873e-06,7.284426828846335e-06,,,,,3.777090814044495,,1320,0.03333333333333333
11.041666666656681,stop,11.041667242534459,18.068858981132507,18.067678064107895,-0.010251998901367188,-0.6053703837096691,3.763691821702884,0.04440051270648837,0.08846931922527276,0.46021121740341187,0.09886174649000168,11.27724552154541,-0.05889387830393389,74,0.3855588734149933,0.09716147184371948,0.11204076558351517,0.026186751201748848,-0.0005802219457109459,-18.32978490535539,-0.006317049264907837,0.11947502940893173,0.44438743591308594,0.09879489243030548,-0.0035218100529164076,-0.0009003286249935627,0.00014674427802674472,0.00022204559354577214,0.03283786401152611,0.9994606971740723,-0.0003016437985934317,0.0009192334837280214,-0.0004275446408428252,-0.003040129318833351,0.05293339863419533,0.01858542114496231,-0.47502368688583374,0.5600435137748718,0.4999178946018219,-2.005725383758545,-0.5186944603919983,2.442819118499756,1.1550135612487793,-0.0005909189349040389,-0.0006610825657844543,-0.0008589716744609177,-0.0005467519513331354,0.014567826874554157,0.005486274138092995,-0.012098358944058418,0.6000051498413086,0.0015192502178251743,0.08925818651914597,0.03355967998504639,0.999436616897583,4.907041511614807e-05,-0.00024054711684584618,9.74041540757753e-08,-4.863552749156952e-05,0.03239556401968002,-1.196320681629004e-05,-0.00019615227938629687,0.9999997019767761,0.0007222623098641634,0.07378963381052017,0.04060506820678711,0.37624719738960266,-0.09233581274747849,0.03023565746843815,0.0005054022767581046,0.07361458986997604,-0.06574679911136627,-0.3727114200592041,-0.08644942939281464,-0.019572202116250992,0.0008543312433175743,1.1324882507324219e-05,0.0016410060925409198,0.02494608610868454,0.003995413426309824,0.004008457530289888,5.131705620442517e-06,7.2941475082188845e-06,,,,,3.777090814044495,,1320,0.041666666666666664
11.049999999990007,stop,11.05000057630241,18.068858981132507,18.069395422935486,-0.011444091796875,-0.6047852803021669,3.7618704579891724,0.046142511564539745,0.10467831195095843,0.5809191465377808,0.09705815464258194,11.048537254333496,-0.05823845640406944,81,0.4730687737464905,0.11697433143854141,0.13370488584041595,0.02043483965098858,-0.0041215190722141415,-18.331375605157433,-0.14231228828430176,0.08718054741621017,-0.5564295053482056,0.09678991883993149,-0.0071741207502782345,-0.000727397040463984,0.0001824959326768294,0.00017713540000841022,0.032821979373693466,0.9994611144065857,-0.0002288402320118621,0.0006841403082944453,-0.0006855700630694628,-0.04743142053484917,-0.013790260069072247,-0.09575486183166504,-0.47502371668815613,0.5600426197052002,0.4999037981033325,-2.005725383758545,-0.5185991525650024,2.442819118499756,1.1549307107925415,-0.0002941867569461465,-0.00014424299297388643,-0.0010972180170938373,-0.0016901176422834396,0.015758566558361053,0.0021048891358077526,-0.012753021903336048,0.6000021696090698,0.0015167370438575745,0.08925637602806091,0.033534836024045944,0.9994374513626099,4.7680769057478756e-05,-0.00025308053591288626,2.7001760827261023e-06,-5.011027678847313e-05,0.032395269721746445,-6.822709110565484e-05,-0.00023241755843628198,0.9999995827674866,0.0007133021135814488,0.046235814690589905,0.11471246927976608,-0.4566151201725006,-0.11509329080581665,-0.02076682075858116,-0.0022953113075345755,0.04647822678089142,-0.08384302258491516,0.463253915309906,-0.09854599833488464,0.027532130479812622,0.0005030694883316755,9.179115295410156e-06,0.0016402129549533129,0.02494613453745842,0.003995408304035664,0.004008543211966753,5.135828359925654e-06,7.298280252143741e-06,,,,,3.777090814044495,,1320,0.05
11.058333333323333,stop,11.05833391007036,18.068858981132507,18.06958168745041,-0.010251998901367188,-0.6041269516572356,3.764108009842974,0.041978575609391555,0.08846931922527276,0.39835402369499207,0.09230601042509079,10.96615219116211,-0.05771411451860331,76,0.3115372955799103,0.10779741406440735,0.11509370803833008,0.02663290873169899,-0.005132618884090334,-18.331717470702277,0.06655755639076233,0.1760876327753067,0.3510685861110687,0.09228389710187912,-0.0019260183908045292,-0.0006112861447036266,0.00011456589709268883,0.0001933391613420099,0.03284179046750069,0.9994604587554932,-0.0009311591857112944,0.0009886166080832481,-0.00043621694203466177,-0.05017620697617531,0.07419127970933914,0.007560171186923981,-0.47502434253692627,0.5600426197052002,0.49989381432533264,-2.005725383758545,-0.5185087323188782,2.442854404449463,1.1548563241958618,-0.0006784683209843934,-0.00034427442005835474,-0.0002671023830771446,-0.001361846923828125,0.014228683896362782,0.0070581682957708836,-0.011183748953044415,0.6000063419342041,0.0015193643048405647,0.0892573744058609,0.03350359946489334,0.9994385242462158,4.599540261551738e-05,-0.000248579221079126,-5.677247827406973e-07,-4.6199653297662735e-05,0.0323965884745121,-4.986237036064267e-05,-0.00016215840878430754,0.9999997019767761,0.0006622116779908538,0.014277090318500996,0.112984299659729,0.28997620940208435,-0.10450196266174316,0.026433376595377922,0.0009479987784288824,0.014146167784929276,-0.13214915990829468,-0.28176575899124146,-0.08816380798816681,-0.024386001750826836,0.0007308901404030621,9.834766387939453e-06,0.0016412024851888418,0.024946067482233047,0.003995402716100216,0.004008608404546976,5.15267811351805e-06,7.314956746995449e-06,,,,,3.777090814044495,,1320,0.058333333333333334
11.066666666656658,stop,11.06666724383831,18.068858981132507,18.07052418589592,-0.01233816146850586,-0.6046885391697288,3.762442981456524,0.04177724622422829,0.09691328065893987,0.2815731465816498,0.09600375592708588,11.167234420776367,-0.05699314715457149,83,0.17963935434818268,0.11076923459768295,0.11272122710943222,0.02826003171503544,-0.007441278736223467,-18.33254418186616,-0.18899178504943848,-0.06504590809345245,-0.19832947850227356,0.09562807530164719,-0.008478322997689247,-0.00033156719291582704,0.00013427490193862468,0.00018962754984386265,0.032826848328113556,0.9994609951972961,-0.00018112361431121826,0.000391779700294137,-0.000543158152140677,-0.0813937783241272,-0.01575629599392414,-0.09494386613368988,-0.4750250279903412,0.5600426197052002,0.49988335371017456,-2.005725383758545,-0.5184310078620911,2.442854404449463,1.1547898054122925,-0.0005554556846618652,-0.0005394964828155935,-0.0007179232779890299,-0.0017399133648723364,0.012667383998632431,0.0011556833051145077,-0.010386813431978226,0.6000037789344788,0.001517650205641985,0.08925564587116241,0.03348275646567345,0.9994391798973083,4.4426175008993596e-05,-0.0002590733056422323,5.915717338211834e-07,-4.594586789608002e-05,0.03239572048187256,-6.345473229885101e-05,-0.00018075825937557966,0.9999996423721313,0.0006563153001479805,0.10396986454725266,-0.002896116580814123,-0.14646561443805695,-0.10928792506456375,-0.01786074787378311,-0.0026394433807581663,0.10404495894908905,0.012699700891971588,0.14588916301727295,-0.10971516370773315,0.0329764187335968,0.0004947733832523227,9.715557098388672e-06,0.0016404564958065748,0.024946115911006927,0.003995397128164768,0.004008680582046509,5.1599336075014435e-06,7.329974323511124e-06,,,,,3.777090814044495,,1320,0.06666666666666667
11.074999999989984,stop,11.07500057760626,18.068858981132507,18.070315569639206,-0.011920928955078125,-0.6040810840204358,3.7614540226300934,0.04096182237844914,0.055952909680744456,0.2931136190891266,0.09007947146892548,11.010467529296875,-0.057714107242645696,76,0.25466567277908325,0.09452265501022339,0.07077500969171524,0.018554940819740295,-0.008676790414028801,-18.332266792590623,-0.050967276096343994,0.08728887140750885,0.27513375878334045,0.08991843461990356,-0.005380705930292606,-0.00018460542196407914,9.59127937676385e-05,0.00019685368170030415,0.032818522304296494,0.99946129322052,-0.0006193972658365965,0.0006466319318860769,-0.0004917522892355919,-0.09246303141117096,0.03745478019118309,0.007236182689666748,-0.47502774000167847,0.5600396990776062,0.4998756945133209,-2.005725383758545,-0.5183563828468323,2.4428744316101074,1.1547287702560425,-0.0009907003259286284,-0.0008804714307188988,-7.112595631042495e-05,-0.0018829843029379845,0.012200484983623028,0.004617227241396904,-0.009734203107655048,0.600006103515625,0.0015176180750131607,0.08925749361515045,0.033459264785051346,0.99944007396698,4.1814921132754534e-05,-0.0002582836605142802,-1.3606695574708283e-06,-4.517100751399994e-05,0.03239733353257179,-5.6815060816006735e-05,-0.00013953959569334984,0.9999998807907104,0.0006411276990547776,0.09594711661338806,0.043087370693683624,0.23193153738975525,-0.0908101350069046,0.026218878105282784,0.0007884775986894965,0.09583235532045364,-0.0584963858127594,-0.22858035564422607,-0.08457404375076294,-0.012387636117637157,8.791766595095396e-05,1.0013580322265625e-05,0.0016400412423536181,0.024946145713329315,0.003995392471551895,0.004008672200143337,5.160609816812212e-06,7.336901035159826e-06,,,,,3.777090814044495,,1320,0.075
11.08333333332331,stop,11.083333911374211,18.068858981132507,18.070710450410843,-0.014066696166992188,-0.6041014567017555,3.759475325639541,0.042625091737136245,0.07912936237050427,0.30331429839134216,0.09092357009649277,10.865058898925781,-0.056599881645524874,85,0.22971336543560028,0.10098430514335632,0.08062740415334702,0.01418284885585308,-0.00931384268187685,-18.332524072894554,-0.17503803968429565,0.017814945429563522,-0.2470705807209015,0.09055860340595245,-0.008136914111673832,0.00016082916408777237,7.235562225105241e-05,0.00019071185670327395,0.032801348716020584,0.999461829662323,0.00025528017431497574,0.0004495223402045667,-0.0004994330811314285,-0.10635290294885635,-0.08144844323396683,-0.10817483812570572,-0.4750310778617859,0.5600334405899048,0.4998674988746643,-2.005725622177124,-0.5182836055755615,2.4428744316101074,1.1546680927276611,-0.0009413659572601318,-0.0008582513546571136,-0.00022047979291528463,-0.002643842715770006,0.012213113717734814,0.0018727435963228345,-0.009793576784431934,0.6000049114227295,0.0015150373801589012,0.08925915509462357,0.03344080597162247,0.9994406700134277,3.8909052818780765e-05,-0.0002653197443578392,-1.8514474504627287e-06,-4.666578024625778e-05,0.032399214804172516,-7.087447011144832e-05,-0.00011353069567121565,0.9999997615814209,0.0006398321711458266,0.11211390048265457,0.04358634352684021,-0.19570113718509674,-0.10082149505615234,-0.005492526572197676,-0.0016393994446843863,0.11222132295370102,-0.030400637537240982,0.19811715185642242,-0.09453489631414413,0.021745016798377037,0.00024144980125129223,9.655952453613281e-06,0.0016391840763390064,0.024946197867393494,0.003995387814939022,0.004008719231933355,5.163038622413296e-06,7.338123396039009e-06,,,,,3.777090814044495,,1320,0.08333333333333333
11.091666666656636,stop,11.091667245142162,18.068858981132507,18.071366101503372,-0.012993812561035156,-0.603647087700665,3.7591628047275107,0.04172344779362902,0.07912936237050427,0.18998320400714874,0.086859792470932,10.700800895690918,-0.05718977263313718,84,0.16403241455554962,0.09927582740783691,0.04540034011006355,0.015735989436507225,-0.012302880742936395,-18.33315799095753,-0.0444677397608757,0.15765510499477386,-0.09623461961746216,0.08662966638803482,-0.0063185361213982105,-2.1526997443288565e-05,9.772591147338971e-05,0.00015807907038833946,0.03279881179332733,0.9994619488716125,-9.462403249926865e-05,0.0007116988417692482,-0.0004738782881759107,-0.1381194293498993,-0.010731118731200695,-0.0985696092247963,-0.4750327169895172,0.5600318312644958,0.49985864758491516,-2.0057618618011475,-0.5182088017463684,2.442892551422119,1.154609203338623,-0.0009671078296378255,-0.0006612868746742606,4.293142046662979e-05,-0.0032222981099039316,0.012351459823548794,0.00539562851190567,-0.009369505569338799,0.5999892950057983,0.001519068144261837,0.08924682438373566,0.03341682255268097,0.999441385269165,4.0259852539747953e-05,-0.00028340783319436014,1.599958704900928e-05,-4.0761660784482956e-05,0.03238778933882713,-0.00012067615170963109,-0.00014192286471370608,0.9999997615814209,0.0006183893419802189,0.06383620202541351,0.12278391420841217,-0.08806635439395905,-0.09777973592281342,0.01714736968278885,0.0008841004455462098,0.06389804929494858,-0.11662323772907257,0.09603483229875565,-0.08004580438137054,-0.0079702353104949,-0.0003026947961188853,8.046627044677734e-06,0.0016390574164688587,0.024946212768554688,0.003995383158326149,0.004008845891803503,5.16551835971768e-06,7.341761374846101e-06,,,,,3.777090814044495,,1320,0.09166666666666666
11.099999999989961,stop,11.100000578910112,18.068858981132507,18.06645616889,-0.012159347534179688,-0.6031529046595097,3.759891979838826,0.0370490706700366,0.055952909680744456,0.9821575284004211,0.09665074944496155,11.358912467956543,-0.05640325980493799,76,0.7821987271308899,0.07376015931367874,0.2325226366519928,0.030989278107881546,-0.0011306824308121577,-18.32829876592834,0.2767753005027771,-0.33354994654655457,0.8813474178314209,0.09665004163980484,-0.0003356891393195838,-0.00015614298172295094,2.5392234874743735e-06,0.00023442695965059102,0.03280450031161308,0.9994617700576782,-0.000255416554864496,0.0003239794459659606,7.514387834817171e-05,-0.001427759532816708,0.12681829929351807,0.07552429288625717,-0.4750458002090454,0.5600131750106812,0.49986353516578674,-2.0057618618011475,-0.5181798338890076,2.442948341369629,1.1545803546905518,-0.0006161522469483316,-0.0017440536757931113,-0.0014073326019570231,-0.0004652680072467774,0.004934943746775389,0.0075749484822154045,-0.005366208963096142,0.6000040769577026,0.0015188846737146378,0.08926165103912354,0.03340120241045952,0.9994419813156128,3.955381180276163e-05,-0.00025239383103325963,5.068613972980529e-08,-4.108855500817299e-05,0.03239765390753746,-1.6574631445109844e-05,-4.251664722687565e-05,0.9999998807907104,0.0005970399943180382,-0.12673117220401764,-0.2784039080142975,0.7199065089225769,-0.07339577376842499,0.0073067001067101955,-0.0004828555101994425,-0.12711916863918304,0.22971022129058838,-0.7368236184120178,-0.11358413100242615,-0.02553342655301094,0.002244396600872278,1.1742115020751953e-05,0.0016393422847613692,0.024946190416812897,0.003995379898697138,0.004008919466286898,5.313407655194169e-06,7.548776920884848e-06,,,,,3.777090814044495,,1320,0.1
11.108333333323287,stop,11.108333912678063,18.068858981132507,18.069227784872055,-0.012040138244628906,-0.6024738540872931,3.744706399716957,0.04751031519845128,0.08846931922527276,1.390315294265747,0.09335654228925705,10.538415908813477,-0.05627217615256086,83,1.1777337789535522,0.11611572653055191,0.2858293652534485,0.046041060239076614,-0.006761011318303645,-18.330014352370387,-0.07264626026153564,0.0033408207818865776,-1.3884119987487793,0.09305480867624283,-0.007497565820813179,-0.000183115218533203,0.0001330333761870861,0.0001335426204605028,0.03267251327633858,0.9994661211967468,-0.0009442551527172327,6.310336175374687e-05,-0.0008422788814641535,-0.08220919966697693,0.030004287138581276,-0.049040619283914566,-0.4750407934188843,0.5600084066390991,0.49983707070350647,-2.0057618618011475,-0.5181253552436829,2.442948341369629,1.1545238494873047,0.0005660727038048208,-7.034116424620152e-05,-0.002810577629134059,-0.00247765239328146,0.011193071492016315,0.0017484525451436639,-0.0097623560577631,0.6000022292137146,0.0015088198706507683,0.0892602875828743,0.03339213877916336,0.9994422793388367,3.822922008112073e-05,-0.00026021015946753323,2.527940523577854e-06,-5.131494253873825e-05,0.032398346811532974,-0.00012091043754480779,-0.00017520805704407394,0.9999997019767761,0.0007200606632977724,-0.11485179513692856,0.07758273929357529,-1.169549822807312,-0.0934988483786583,-0.06881076842546463,-0.002430104883387685,-0.1142391562461853,0.0006475150585174561,1.1721798181533813,-0.08235416561365128,0.052261605858802795,-0.0010235615773126483,6.9141387939453125e-06,0.0016327525954693556,0.02494662255048752,0.003995378967374563,0.004008935298770666,5.149992830411065e-06,7.338792784139514e-06,,,,,3.777090814044495,,1320,0.10833333333333334
11.116666666656613,stop,11.116667246446013,18.068858981132507,18.0703341960907,-0.012516975402832031,-0.601608888246119,3.7520720253859805,0.03903871765942313,0.10467831195095843,0.9475623965263367,0.0788143053650856,10.033342361450195,-0.05535456875804812,77,0.7379205822944641,0.11237957328557968,0.25641945004463196,0.04867205768823624,-0.009211522643454373,-18.331632983276155,0.07387611269950867,0.5572027564048767,0.7628511786460876,0.0787893757224083,-0.0019798860885202885,9.947569924406707e-05,2.7498106646817178e-05,0.00019222134142182767,0.0327364020049572,0.9994639754295349,-0.00022886734222993255,0.0014231334207579494,-0.00022697409440297633,-0.10656381398439407,0.018503885716199875,0.002446404192596674,-0.47503796219825745,0.5600084662437439,0.49982380867004395,-2.0057923793792725,-0.5180400013923645,2.4430086612701416,1.1544570922851562,-0.0013070701388642192,-0.0002838516084011644,0.0012106988579034805,-0.002489370759576559,0.01435755379498005,0.010780544951558113,-0.010361341759562492,0.5999969244003296,0.0015164692886173725,0.08925174176692963,0.03335820510983467,0.9994433522224426,3.9544058381579816e-05,-0.00025848724180832505,7.237232239276636e-06,-4.184897989034653e-05,0.03239136561751366,-6.402512372005731e-05,-6.905636837473139e-05,0.9999995827674866,0.0006221585208550096,0.056761160492897034,0.3386545777320862,0.653160035610199,-0.1018836721777916,0.04728517308831215,0.0036052088253200054,0.0564579963684082,-0.3814496397972107,-0.6291545033454895,-0.052931565791368484,-0.03924638032913208,-0.0009583928622305393,9.655952453613281e-06,0.0016359424917027354,0.024946417659521103,0.003995379898697138,0.004009036812931299,5.1599613470898475e-06,7.336173439398408e-06,,,,,3.777090814044495,,1320,0.11666666666666667
11.124999999989939,stop,11.125000580213964,18.068858981132507,18.067514151334763,-0.011920928955078125,-0.6013695383444428,3.7547326346343555,0.03548453241819516,0.07912936237050427,0.40784457325935364,0.0956747755408287,11.100671768188477,-0.055223488743649796,75,0.279742956161499,0.10929463803768158,0.1615816354751587,0.04305161163210869,-0.0017090266774175689,-18.328997961311433,0.05586627125740051,-0.35159337520599365,0.19899311661720276,0.09561071544885635,-0.0034990492276847363,-0.00010499649215489626,4.2714782466646284e-05,0.00020854904141742736,0.032759763300418854,0.9994632601737976,-0.00041173025965690613,0.000278658204479143,-0.00027423343271948397,-0.015293499454855919,0.04298713803291321,0.01467870082706213,-0.47504758834838867,0.5599978566169739,0.4998301863670349,-2.0057923793792725,-0.5179978609085083,2.4430322647094727,1.154420256614685,-0.0004817337030544877,-0.0009642492514103651,-0.0009020412690006196,-0.0005799332284368575,0.006567278411239386,0.00267457845620811,-0.006191452033817768,0.6000033020973206,0.00151837058365345,0.08925991505384445,0.03334222733974457,0.9994439482688904,3.958189336117357e-05,-0.0002470783074386418,7.192884368123487e-07,-3.951229155063629e-05,0.0323968268930912,-3.579276381060481e-05,-8.339338091900572e-05,0.9999997615814209,0.0005828010616824031,-0.07666628062725067,-0.2038584053516388,0.17555667459964752,-0.1027728021144867,-0.03707356005907059,-0.0029361925553530455,-0.07677200436592102,0.19169987738132477,-0.18871481716632843,-0.1322178691625595,0.026127010583877563,0.0012594752479344606,1.049041748046875e-05,0.001637108507566154,0.024946339428424835,0.003995381295681,0.004009043797850609,5.253332801657962e-06,7.4561103247106075e-06,,,,,3.777090814044495,,1320,0.125
11.133333333323264,stop,11.133333913981915,18.068858981132507,18.071172386407852,-0.012159347534179688,-0.6031296215951443,3.7473199780408617,0.04277777043171227,0.07912936237050427,0.7054060697555542,0.08697313070297241,10.66650390625,-0.053978179494151846,74,0.614317774772644,0.07979753613471985,0.110111303627491,0.011328495107591152,-0.01168548600981012,-18.332140707631982,0.02319115400314331,-0.07840891182422638,-0.7006510496139526,0.08686906844377518,-0.004252995830029249,-4.583802365232259e-05,9.806356683839113e-05,0.00014237678260542452,0.032695312052965164,0.99946528673172,-0.0007876511663198471,-0.00012649066047742963,-0.0007091680308803916,-0.1400437206029892,0.025258060544729233,-0.0005924178403802216,-0.4750397801399231,0.559996485710144,0.4998031556606293,-2.0057923793792725,-0.517953634262085,2.4430322647094727,1.1543744802474976,0.0004972770111635327,-0.00012286246055737138,-0.0024422970600426197,-0.0014595688553526998,0.008551753126084805,0.0026320298202335835,-0.0076665314845740795,0.6000009179115295,0.0015091798268258572,0.08925662189722061,0.033335648477077484,0.9994441270828247,3.8175810914253816e-05,-0.00025526329409331083,3.3986507332883775e-06,-4.652375355362892e-05,0.03239669278264046,-0.00010831341933226213,-0.00013976643094792962,0.9999997615814209,0.000640715064946562,-0.07804445922374725,-0.02629426307976246,-0.6087725758552551,-0.0759819820523262,-0.024379663169384003,-0.00013194943312555552,-0.07773782312870026,0.06679631024599075,0.6057073473930359,-0.07981012761592865,0.013081536628305912,-0.0007044954691082239,7.271766662597656e-06,0.0016338907880708575,0.02494654804468155,0.003995384089648724,0.004009118303656578,5.201165549806319e-06,7.41225085221231e-06,,,,,3.777090814044495,,1320,0.13333333333333333
11.14166666665659,stop,11.141667247749865,18.068858981132507,18.070218712091446,-0.012814998626708984,-0.6017810665071011,3.750088385183831,0.038907925045350567,0.055952909680744456,0.6806412935256958,0.07490591704845428,10.152275085449219,-0.056010005209827796,77,0.5290644764900208,0.09683689475059509,0.17779108881950378,0.03086204081773758,-0.012269876431673765,-18.331379553570397,0.02437572181224823,0.4471352696418762,0.5125899314880371,0.0748618096113205,-0.0025649708695709705,0.00016549363499507308,8.481535473947588e-07,0.00021963643666822463,0.03271932154893875,0.9994646310806274,-0.00032710429513826966,0.0011070602340623736,-0.00023220732691697776,-0.14783142507076263,0.014300422742962837,-0.0029101779218763113,-0.47504013776779175,0.559996485710144,0.4997955560684204,-2.0057923793792725,-0.5178846120834351,2.443070650100708,1.1543196439743042,-0.0010829458478838205,-0.0002099484991049394,0.0009573128190822899,-0.001702468958683312,0.01228318177163601,0.007889711298048496,-0.009118005633354187,0.6000065803527832,0.0015123025514185429,0.08925845474004745,0.03330979868769646,0.9994449615478516,3.607144026318565e-05,-0.00024629224208183587,-3.495801138342358e-06,-4.313746467232704e-05,0.03239768370985985,-2.543680602684617e-05,-3.764242501347326e-05,0.9999998807907104,0.0005908138118684292,0.04449194297194481,0.276485800743103,0.44887110590934753,-0.09329354017972946,0.02589966543018818,0.0017048078589141369,0.044296495616436005,-0.3057568669319153,-0.429487943649292,-0.053329724818468094,-0.01954362541437149,-0.0003772958880290389,1.0967254638671875e-05,0.0016350903315469623,0.024946466088294983,0.003995387814939022,0.004009140655398369,5.1697907110792585e-06,7.360446033999324e-06,,,,,3.777090814044495,,1320,0.14166666666666666
11.149999999989916,stop,11.150000581517816,18.068858981132507,18.070516735315323,-0.012159347534179688,-0.6012931698933244,3.750558289384052,0.03662216477096081,0.08846931922527276,0.2788650095462799,0.08589497953653336,10.570625305175781,-0.055223488743649796,77,0.18165965378284454,0.11218947917222977,0.12559746205806732,0.03454601392149925,-0.008909195137675852,-18.331710254758228,-0.15047180652618408,-0.05410382151603699,-0.2284659743309021,0.08557069301605225,-0.007455351296812296,0.0001485612738179043,8.232743130065501e-05,0.00017630515503697097,0.03272365778684616,0.9994643926620483,-0.0009530893294140697,0.0004871293785981834,-0.0005962330615147948,-0.10762480646371841,0.015844443812966347,-0.007107606157660484,-0.47504258155822754,0.559996485710144,0.4997941255569458,-2.0057923793792725,-0.517825722694397,2.443070650100708,1.1542737483978271,-0.0007875342853367329,-0.00031995022436603904,0.00031561177456751466,-0.0017428852152079344,0.009550603106617928,0.0008049930911511183,-0.007446824107319117,0.6000047922134399,0.001514052040874958,0.0892578661441803,0.033292438834905624,0.9994455575942993,3.460842708591372e-05,-0.00025341089349240065,-5.882175173610449e-07,-4.073372110724449e-05,0.03239748626947403,-7.319443830056116e-05,-0.00011929235915886238,0.9999997019767761,0.0005691198166459799,0.059328511357307434,0.022228771820664406,-0.1702534556388855,-0.10889509320259094,-0.026924576610326767,-0.0018453361699357629,0.059416264295578,-0.010846365243196487,0.17132505774497986,-0.1056927889585495,0.035534318536520004,-0.00046473462134599686,8.940696716308594e-06,0.001635305816307664,0.024946458637714386,0.003995392005890608,0.004009207244962454,5.183658686291892e-06,7.367925718426704e-06,,,,,3.777090814044495,,1320,0.15
11.158333333323242,stop,11.158333915285766,18.068858981132507,18.070535361766815,-0.013709068298339844,-0.6016382249072194,3.748260420752307,0.0384357845177874,0.055952909680744456,0.2536395788192749,0.08725191652774811,10.566320419311523,-0.054043714044382796,82,0.23362937569618225,0.08109292387962341,0.04042260721325874,0.007673657964915037,-0.009850783662841422,-18.331569083219424,-0.13736912608146667,-0.09883785247802734,0.18892812728881836,0.0868750512599945,-0.008095009252429008,0.00030475034145638347,5.50497934455052e-05,0.00018539503798820078,0.032703518867492676,0.9994650483131409,-8.418844663538039e-05,0.00022080453345552087,-0.00018704499234445393,-0.11714407801628113,-0.011607782915234566,-0.091922327876091,-0.47504425048828125,0.5599946975708008,0.4997868835926056,-2.0057923793792725,-0.5177823305130005,2.443070650100708,1.1542372703552246,-0.0008946901652961969,-0.0008984717424027622,-3.715089405886829e-05,-0.001902426010929048,0.007764534093439579,0.0015274297911673784,-0.006342245731502771,0.6000036597251892,0.0015111402608454227,0.08925775438547134,0.03328171372413635,0.9994459748268127,3.206291876267642e-05,-0.0002585802285466343,-6.653481250395998e-07,-4.259264096617699e-05,0.032397229224443436,-7.026524690445513e-05,-8.935118239605799e-05,0.9999998807907104,0.0005785296089015901,0.15095725655555725,-0.08068053424358368,0.15901334583759308,-0.07841509580612183,0.020664555951952934,0.000331885035848245,0.15086883306503296,0.06993027031421661,-0.1641068309545517,-0.09006434679031372,0.0011156834661960602,-0.00035404227674007416,9.357929229736328e-06,0.001634300802834332,0.02494652196764946,0.003995396662503481,0.004009276162832975,5.1808092393912375e-06,7.368827937170863e-06,,,,,3.777090814044495,,1320,0.15833333333333333
11.166666666656567,stop,11.166667249053717,18.068858981132507,18.069935590028763,-0.014424324035644531,-0.6012797821313143,3.745595220673087,0.0415592294302769,0.06852804166478502,0.15190553665161133,0.0821966901421547,10.267810821533203,-0.05417480497271754,84,0.12447728961706161,0.08414383977651596,0.03369469568133354,0.008441516198217869,-0.009988166879338678,-18.330783968064036,-0.10398627817630768,0.09140821546316147,-0.06250345706939697,0.08190970867872238,-0.0068536680191755295,0.0003501223982311785,3.712077159434557e-05,0.00018878195260185748,0.03268029913306236,0.9994657635688782,0.00035777653101831675,0.0005226183566264808,-0.00021385597938206047,-0.12211395055055618,-0.07046768069267273,-0.10623925179243088,-0.4750504791736603,0.5599852800369263,0.49978384375572205,-2.0057926177978516,-0.5177334547042847,2.4430723190307617,1.1541975736618042,-0.0011393388267606497,-0.000864537141751498,0.0004268008633516729,-0.0026195498649030924,0.009168482385575771,0.002921452047303319,-0.007135175634175539,0.6000046133995056,0.001508146058768034,0.0892619714140892,0.033269625157117844,0.9994463920593262,2.8562029910972342e-05,-0.0002600458974484354,-2.2301155695458874e-06,-4.5394059270620346e-05,0.032400619238615036,-6.905764166731387e-05,-6.786453741369769e-05,0.9999998211860657,0.0005896620568819344,0.09505952894687653,0.06371466815471649,-0.04897677153348923,-0.08348795026540756,0.010481251403689384,-0.00030293839517980814,0.0950896143913269,-0.06031277775764465,0.05305593088269234,-0.07428528368473053,0.0032623084262013435,0.00012891716323792934,9.47713851928711e-06,0.0016331416554749012,0.024946600198745728,0.003995403181761503,0.004009325988590717,5.174131729290821e-06,7.365248166024685e-06,,,,,3.777090814044495,,1320,0.16666666666666666
11.174999999989893,stop,11.175000582821667,18.068858981132507,18.07139962911606,-0.013709068298339844,-0.6013665115460753,3.7456997739981452,0.04107243876205757,0.08846931922527276,0.36294957995414734,0.07884953171014786,10.168320655822754,-0.05417480497271754,76,0.3158542513847351,0.09649206697940826,0.05230254679918289,0.009928225539624691,-0.012126160087063909,-18.33225527801218,0.02667626366019249,0.19078172743320465,-0.3076087236404419,0.07873261719942093,-0.004258882254362106,0.0005349037237465382,4.297152190702036e-05,0.00013432787091005594,0.0326811820268631,0.9994657635688782,-0.0003265789127908647,0.0007531322189606726,-0.0006030497024767101,-0.15012069046497345,-0.03481323644518852,-0.015335953794419765,-0.4750511050224304,0.559984564781189,0.49977612495422363,-2.005831480026245,-0.5176755785942078,2.4430854320526123,1.1541547775268555,-0.0008756057359278202,-0.0002611042291391641,0.00047053289017640054,-0.003134089522063732,0.009783558547496796,0.0054739234037697315,-0.007122933864593506,0.5999869108200073,0.0015121814794838428,0.0892479196190834,0.03325119987130165,0.9994469881057739,2.968175249407068e-05,-0.0002799932553898543,1.7470078091719188e-05,-3.92482616007328e-05,0.03238832205533981,-0.0001431916025467217,-7.730195648036897e-05,0.9999997019767761,0.0005703433998860419,-0.02501533553004265,0.16577553749084473,-0.26768752932548523,-0.09649024158716202,-0.00013438129099085927,0.0005782669759355485,-0.024853112176060677,-0.14761792123317719,0.27812790870666504,-0.07255296409130096,-0.0035082241520285606,-0.0003033860994037241,6.794929504394531e-06,0.0016331858932971954,0.02494659647345543,0.0039954110980033875,0.004009372089058161,5.173764293431304e-06,7.357797585427761e-06,,,,,3.777090814044495,,1320,0.175
11.183333333323219,stop,11.183333916589618,18.068858981132507,18.065055459737778,-0.013232231140136719,-0.5995581159368157,3.7464315656911236,0.032895120966713876,0.03956468118525214,1.1194789409637451,0.0922832116484642,10.800283432006836,-0.05469913958222605,75,0.8986493945121765,0.0704566165804863,0.25669175386428833,0.03243333846330643,0.0010886721429415047,-18.32596199896212,0.31979724764823914,-0.31320667266845703,1.0260918140411377,0.09227761626243591,0.0010152843315154314,4.418475873535499e-05,-4.2985764594050124e-05,0.0002459827228449285,0.032687023282051086,0.9994657039642334,0.0003490430535748601,0.0004624176654033363,0.0002947743341792375,0.016211476176977158,0.07848186045885086,0.039884570986032486,-0.4750654399394989,0.5599687695503235,0.49978888034820557,-2.005831480026245,-0.5176635980606079,2.443148136138916,1.1541451215744019,-0.0006928307702764869,-0.0014399394858628511,-0.0006646843394264579,-4.7186527808662504e-05,0.002266332972794771,0.007759652566164732,-0.002930559916421771,0.6000038385391235,0.0015159174799919128,0.08926352113485336,0.033236779272556305,0.9994474649429321,2.875978680094704e-05,-0.0002434254711261019,-1.3420049072010443e-06,-3.7007033824920654e-05,0.03239769861102104,2.0583029254339635e-06,1.4434204786084592e-05,0.9999999403953552,0.0005500525585375726,-0.15118449926376343,-0.2704797089099884,0.8435369729995728,-0.07012055069208145,0.006849771831184626,0.0005690982798114419,-0.1516132354736328,0.21383386850357056,-0.8595690131187439,-0.1091633290052414,-0.028669359162449837,0.0013863384956493974,1.2218952178955078e-05,0.0016334785614162683,0.024946577847003937,0.00399541761726141,0.0040093702264130116,5.282915481075179e-06,7.512979209423065e-06,,,,,3.777090814044495,,1320,0.18333333333333332
11.191666666656545,stop,11.191667250357568,18.068858981132507,18.07183548808098,-0.012814998626708984,-0.6015989929437637,3.737011907860435,0.04526189513853751,0.08846931922527276,1.6862618923187256,0.08072444796562195,10.214638710021973,-0.05220852472120896,75,1.4485929012298584,0.12037146836519241,0.3248576819896698,0.050078440457582474,-0.013345014187507331,-18.332086961306317,0.01389390230178833,-0.06319662183523178,-1.6850199699401855,0.08055625855922699,-0.00518449954688549,0.0004968132125213742,6.61018057144247e-05,9.832111391006038e-05,0.0326058454811573,0.999468207359314,-0.0011262590996921062,-0.000332373077981174,-0.0009920531883835793,-0.18325762450695038,0.00658496655523777,-0.016806138679385185,-0.47505396604537964,0.55997234582901,0.49975699186325073,-2.005831480026245,-0.5176323056221008,2.4431216716766357,1.1541087627410889,0.0012070778757333755,0.0006343175191432238,-0.0031904643401503563,-0.0018590212566778064,0.007381436415016651,0.0009749707533046603,-0.006839494686573744,0.5999947786331177,0.0015031308867037296,0.0892544686794281,0.03323886916041374,0.9994474053382874,2.6783109206007794e-05,-0.00026557964156381786,9.573174793331418e-06,-4.771305248141289e-05,0.03239472210407257,-0.00016409812087658793,-9.822654828894883e-05,0.9999997019767761,0.0006333870114758611,-0.21665596961975098,0.05796274170279503,-1.4311259984970093,-0.08392440527677536,-0.08624716848134995,-0.002722283825278282,-0.21589462459087372,0.03724304586648941,1.4319298267364502,-0.07562153041362762,0.05501754209399223,-0.0009049125947058201,5.0067901611328125e-06,0.0016294249799102545,0.024946846067905426,0.003995425067842007,0.004009392578154802,5.207218237046618e-06,7.422291673719883e-06,,,,,3.777090814044495,,1320,0.19166666666666665
11.19999999998987,stop,11.200000584125519,18.068858981132507,18.068356066942215,-0.012934207916259766,-0.5990448407828808,3.74407886983169,0.03451982047408819,0.06852804166478502,1.6037675142288208,0.07001648098230362,9.722929000854492,-0.05515794691746123,76,1.3202383518218994,0.10679470747709274,0.3603099286556244,0.05924379825592041,-0.008773685549385846,-18.32909899461356,0.07954403758049011,0.6004438400268555,1.4849951267242432,0.06989671289920807,-0.004070306196808815,0.0004354424017947167,-3.733996709343046e-05,0.00024253288574982435,0.03266656771302223,0.9994662404060364,-0.00012392603093758225,0.0016808639047667384,0.00024447895702905953,-0.11423522233963013,0.12605597078800201,0.078315868973732,-0.47505897283554077,0.55997234582901,0.4997607171535492,-2.005831480026245,-0.5175738334655762,2.44319486618042,1.154066801071167,-0.0017822682857513428,-0.00039421761175617576,0.0025240997783839703,-0.001167178968898952,0.01078289095312357,0.011078286916017532,-0.007408213801681995,0.6000084280967712,0.0015129339881241322,0.08926066756248474,0.03320729359984398,0.9994484186172485,2.5476903829257935e-05,-0.00023767755192238837,-5.99868599238107e-06,-3.861496224999428e-05,0.032397910952568054,4.439690655999584e-06,1.2142285413574427e-05,0.9999998211860657,0.0005410169251263142,0.11037726700305939,0.31531062722206116,1.2772725820541382,-0.08605626225471497,0.06303641945123672,0.005083221010863781,0.10979360342025757,-0.3993942439556122,-1.2535786628723145,-0.040453601628541946,-0.04731754958629608,-0.0019251020858064294,1.2040138244628906e-05,0.001632457016967237,0.02494664490222931,0.003995433449745178,0.004009440541267395,5.172631063032895e-06,7.3646369855850935e-06,,,,,3.777090814044495,,1320,0.2
11.208333333323196,stop,11.20833391789347,18.068858981132507,18.069540709257126,-0.01341104507446289,-0.599334598518908,3.7394737708679164,0.03829459092230536,0.07912936237050427,1.083351731300354,0.09275522083044052,10.403221130371094,-0.05220852472120896,80,0.8074148297309875,0.13166825473308563,0.3544255197048187,0.0798044428229332,0.0054053106578066945,-18.329963387125126,-0.2791043519973755,-0.397258996963501,-0.9684714078903198,0.09213492274284363,-0.010704278945922852,0.0003241018275730312,7.253095100168139e-05,0.00016514181334059685,0.03262707218527794,0.9994675517082214,-0.0007437118329107761,-0.002732866909354925,-0.0005784807144664228,0.040384747087955475,-0.04122840240597725,-0.10073109716176987,-0.4750617742538452,0.55997234582901,0.4997591972351074,-2.005831480026245,-0.5175381898880005,2.4431536197662354,1.1540336608886719,-0.00017256192222703248,-0.00018501699378248304,-0.0008044961141422391,-0.001620336901396513,0.006472223903983831,-0.0046920995227992535,-0.00571007514372468,0.599998950958252,0.0015090825036168098,0.08925691246986389,0.03320452943444252,0.9994485378265381,2.5616489438107237e-05,-0.00026147993048653007,4.541599992080592e-06,-4.181778058409691e-05,0.03239511325955391,-9.304809645982459e-05,-0.0001011422646115534,0.9999997615814209,0.0005777921178378165,0.048968520015478134,-0.152365580201149,-0.7913946509361267,-0.10958433151245117,-0.0728016048669815,-0.005265803076326847,0.04937036707997322,0.20455804467201233,0.7795108556747437,-0.13163180649280548,0.08004853129386902,2.276495797559619e-05,8.344650268554688e-06,0.0016304844757542014,0.024946771562099457,0.0039954292587935925,0.004008213523775339,-2.567016053944826e-06,-3.671862941700965e-06,,,,,3.777090814044495,,1320,0.20833333333333334
11.216666666656522,stop,11.21666725166142,18.068858981132507,18.068847805261612,-0.012874603271484375,-0.5992916412651539,3.7378501706637968,0.037646768760168925,0.08846931922527276,0.7697532176971436,0.08106466382741928,10.108338356018066,-0.052274066547397524,74,0.6261395812034607,0.08501653373241425,0.22738634049892426,0.05601349100470543,0.001317041285801679,-18.3291575736139,0.07393936812877655,0.09806343168020248,0.759892463684082,0.08098480105400085,-0.003583693178370595,0.0003145106602460146,1.7177679183078e-05,0.00019260839326307178,0.03261256590485573,0.9994680285453796,-0.00020626522018574178,-0.0020506777800619602,-3.139025648124516e-05,0.022301532328128815,0.05243171006441116,0.019457563757896423,-0.4750637114048004,0.5599694848060608,0.49975278973579407,-2.005831480026245,-0.5175052285194397,2.443183422088623,1.1540038585662842,-0.0010202181292697787,-0.0008615198312327266,0.00039435000508092344,-0.0013249882031232119,0.006598332431167364,0.006160054821521044,-0.005234754178673029,0.6000045537948608,0.0015084100887179375,0.08925990760326385,0.0331912562251091,0.9994488954544067,2.443859921186231e-05,-0.0002509721089154482,-1.2016680557280779e-06,-4.182523116469383e-05,0.032397348433732986,-5.697076267097145e-05,-4.338417784310877e-05,0.9999997019767761,0.0005790154682472348,0.0901140421628952,-0.014234676025807858,0.619457483291626,-0.058604564517736435,0.06146365776658058,0.003941386938095093,0.08980333060026169,-0.02689228765666485,-0.6190821528434753,-0.06063390150666237,-0.04860074445605278,-0.0006843248847872019,9.655952453613281e-06,0.0016297608381137252,0.024946823716163635,0.0039954278618097305,0.004008311778306961,-2.5992339942604303e-06,-3.7062709452584386e-06,,,,,3.777090814044495,,1320,0.21666666666666667
11.224999999989848,stop,11.22500058542937,18.068858981132507,18.069805204868317,-0.013053417205810547,-0.5994962994009256,3.736592706038222,0.03787726745940745,0.055952909680744456,0.622623860836029,0.07822279632091522,9.941579818725586,-0.05220852472120896,76,0.5118240118026733,0.10218720883131027,0.14913888275623322,0.02711176685988903,-0.011089479696238413,-18.330027525612042,-0.10028962790966034,0.08357124775648117,-0.6087843179702759,0.07789094001054764,-0.007172022480517626,0.0006082342006266117,4.101039667148143e-05,0.00016146761481650174,0.03260155767202377,0.9994684457778931,-0.0009802472777664661,0.000600464700255543,-0.0004028589464724064,-0.14119891822338104,0.009782262146472931,-0.011145786382257938,-0.47506603598594666,0.5599679946899414,0.4997491240501404,-2.005831480026245,-0.5174623131752014,2.443183422088623,1.1539678573608398,-0.0006495227571576834,-0.00019246977171860635,0.00013140533701516688,-0.002246391959488392,0.008401763625442982,0.0015320733655244112,-0.006598242092877626,0.6000034809112549,0.0015075006522238255,0.08926001191139221,0.033179666846990585,0.9994493126869202,2.3107011656975374e-05,-0.0002558518317528069,1.1717929737642407e-08,-4.1847117245197296e-05,0.03239837661385536,-9.222113294526935e-05,-6.706624117214233e-05,0.9999998807907104,0.0005784386303275824,-0.007729560602456331,0.11098082363605499,-0.49958720803260803,-0.09589207172393799,-0.03522024303674698,-0.002543830778449774,-0.007467813789844513,-0.07760268449783325,0.5058517456054688,-0.079880490899086,0.03419485315680504,0.00031704286811873317,8.106231689453125e-06,0.0016292111249640584,0.02494685724377632,0.0039954232051968575,0.0040084137581288815,5.158484782441519e-06,7.345050107687712e-06,,,,,3.777090814044495,,1320,0.225
11.233333333323174,stop,11.233333919197321,18.068858981132507,18.070125579833984,-0.01430511474609375,-0.5990719655528665,3.7379025558560404,0.03674581603263505,0.06852804166478502,0.3043093681335449,0.0803995281457901,10.000838279724121,-0.05286395025905222,80,0.27478909492492676,0.08765925467014313,0.055434271693229675,0.011978331953287125,-0.011290652819297975,-18.3304389911964,-0.09737633913755417,0.07796680927276611,0.2775665819644928,0.08002091199159622,-0.007762373425066471,0.0006950936513021588,9.959351700672414e-06,0.00017552955250721425,0.03261290490627289,0.9994680881500244,-5.148208583705127e-05,0.0006771445623598993,-0.00015342820552177727,-0.13866837322711945,-0.00846896693110466,-0.08897922933101654,-0.47506850957870483,0.5599679946899414,0.49974650144577026,-2.005833625793457,-0.5174220204353333,2.4431896209716797,1.1539355516433716,-0.0011483663693070412,-0.0006273643812164664,0.0008422835380770266,-0.002376184333115816,0.007618688978254795,0.003466316033154726,-0.005635861773043871,0.6000022888183594,0.0015081348828971386,0.08925895392894745,0.033167045563459396,0.9994497299194336,2.2105681637185626e-05,-0.00025914679281413555,1.671651261858642e-07,-4.07705083489418e-05,0.03239765018224716,-8.2526465121191e-05,-3.4678541851462796e-05,0.9999998211860657,0.0005544511368498206,0.1285286247730255,0.04357408732175827,0.2389366775751114,-0.08469616621732712,0.022516461089253426,0.001927075907588005,0.12840786576271057,-0.05931565910577774,-0.23558875918388367,-0.07839208096265793,-0.004068978130817413,-0.001615122426301241,8.761882781982422e-06,0.00162977771833539,0.024946819990873337,0.003995418548583984,0.00400850223377347,5.167360541236121e-06,7.352442480623722e-06,,,,,3.777090814044495,,1320,0.23333333333333334
11.2416666666565,stop,11.241667252965271,18.068858981132507,18.06930974125862,-0.01436471939086914,-0.598661252297461,3.7366975108964167,0.03770441253436729,0.08846931922527276,0.07191947102546692,0.08169300109148026,10.01097297668457,-0.052274066547397524,82,0.05642908811569214,0.08501189947128296,0.023557936772704124,0.004759551957249641,-0.008885696747711336,-18.329539350430228,-0.06478404998779297,-0.026364512741565704,-0.01674365997314453,0.08137034624814987,-0.007223563734441996,0.0006586762610822916,1.0529260180192068e-05,0.0001727226481307298,0.03260280564427376,0.9994683265686035,-0.00012392288772389293,0.0004995109047740698,-5.0339298468315974e-05,-0.11003294587135315,-0.00940075982362032,-0.09047230333089828,-0.47507432103157043,0.5599664449691772,0.49974721670150757,-2.005833625793457,-0.5173895359039307,2.4431896209716797,1.1539092063903809,-0.0010385714704170823,-0.0007607585866935551,0.0005009871674701571,-0.002414339454844594,0.006377100478857756,0.002678345888853073,-0.004979852121323347,0.600001871585846,0.001507009845227003,0.0892597883939743,0.033157505095005035,0.9994500875473022,1.9791887098108418e-05,-0.0002622534811962396,7.307990017579868e-07,-4.168599843978882e-05,0.032397571951150894,-8.849026198731735e-05,-3.312973421998322e-05,0.9999997019767761,0.0005550055648200214,0.05488238483667374,-0.00474924361333251,-0.012231546454131603,-0.0850018635392189,-0.001097036642022431,-0.0007095015025697649,0.05488850548863411,0.005550706293433905,0.011861029081046581,-0.08568862080574036,0.009051254950463772,0.00015703379176557064,8.64267349243164e-06,0.0016292735235765576,0.024946853518486023,0.003995412029325962,0.004008610732853413,5.1721717682085e-06,7.35887442715466e-06,,,,,3.777090814044495,,1320,0.24166666666666667
11.249999999989825,stop,11.250000586733222,18.068858981132507,18.06945502758026,-0.012934207916259766,-0.5982195725664496,3.7359114028959692,0.036284825910115615,0.08846931922527276,0.14990101754665375,0.07721585780382156,9.76246452331543,-0.051684179197764024,73,0.1268259435892105,0.08276338130235672,0.03250392898917198,0.010899501852691174,-0.009523538170469692,-18.329629968544772,0.07209470868110657,0.08985622972249985,-0.09590893983840942,0.07713985443115234,-0.0033529410138726234,0.0006995594594627619,-1.2805308870156296e-05,0.00016285305900964886,0.03259562328457832,0.9994686245918274,-0.001143024768680334,0.0006445740582421422,-0.0002583719906397164,-0.11642090976238251,0.05000048503279686,-0.0077962069772183895,-0.47507748007774353,0.5599657297134399,0.49974459409713745,-2.0058484077453613,-0.5173566937446594,2.443206548690796,1.153883457183838,-0.0008290805271826684,-0.00043968611862510443,0.00039532658411189914,-0.0024129352532327175,0.006452807225286961,0.005139265209436417,-0.0048564462922513485,0.5999974012374878,0.0015088869258761406,0.08925573527812958,0.033144883811473846,0.9994504451751709,1.9667335436679423e-05,-0.0002652975090313703,6.826920071034692e-06,-3.9175618439912796e-05,0.03239375725388527,-0.00010217759700026363,-1.0102939995704219e-05,0.9999997019767761,0.0005495600053109229,-0.04840411618351936,0.07385095208883286,-0.09103789925575256,-0.08275509625673294,-0.0007372148102149367,0.0009099136223085225,-0.048351746052503586,-0.06765817105770111,0.09575646370649338,-0.07208991795778275,-0.006303054746240377,-0.0004565751878544688,8.106231689453125e-06,0.0016289153136312962,0.024946879595518112,0.003995406441390514,0.004008708521723747,5.172596956981579e-06,7.364840712398291e-06,,,,,3.777090814044495,,1320,0.25
11.25833333332315,retreat,11.258333920501173,18.068696696009262,18.067633360624313,-0.014185905456542969,-0.5973716033622622,3.7344959920893963,0.036674704460892826,0.06852804166478502,0.45318007469177246,0.08333650976419449,10.06922435760498,-0.05161863737157546,80,0.3884843587875366,0.07714053988456726,0.07863610982894897,0.00778300641104579,-0.003821119331405498,-18.327709869734527,0.01874399185180664,-0.11286643147468567,0.43849971890449524,0.08313281089067459,-0.005784949287772179,0.000666856998577714,-7.0561195570917334e-06,0.00019407230138313025,0.0325830802321434,0.9994690418243408,0.00042341917287558317,0.00042865515570156276,0.0002896340738516301,-0.04815808683633804,0.002411880297586322,-0.08457721769809723,-0.47508615255355835,0.5599561333656311,0.4997488260269165,-2.0058484077453613,-0.5173389911651611,2.4432272911071777,1.1538681983947754,-0.001072634942829609,-0.0010983452666550875,0.00039696411113254726,-0.0014451327733695507,0.004115849733352661,0.0037150296848267317,-0.0036352695897221565,0.6000036597251892,0.0015081455931067467,0.08926308155059814,0.03313731774687767,0.9994507431983948,1.7926746295415796e-05,-0.0002530393248889595,-1.470616552978754e-06,-4.063686355948448e-05,0.03239917755126953,-5.858829172211699e-05,-1.2679574865614995e-05,0.9999998211860657,0.0005545407766476274,0.015667496249079704,-0.0957212746143341,0.37618088722229004,-0.07707993686199188,-0.0030570898670703173,2.5182456738548353e-05,0.015472633764147758,0.07059376686811447,-0.38170287013053894,-0.09089379757642746,0.00530609767884016,-0.0003307308070361614,9.715557098388672e-06,0.001628289232030511,0.0249469131231308,0.003995401319116354,0.00400875648483634,5.177413640922168e-06,7.368478691205382e-06,,,,,3.777090814044495,,1320,0.2583333333333333
11.266666666656477,retreat,11.266667254269123,18.068210442252585,18.070270866155624,-0.014424324035644531,-0.598673359490931,3.7307714268531753,0.03923257099813782,0.08846931922527276,0.9497725367546082,0.07883401960134506,9.724117279052734,-0.050438731705071405,82,0.8124603033065796,0.09097420424222946,0.17076945304870605,0.02040799707174301,-0.01291411672718823,-18.330088357223804,-0.05616747587919235,0.039762407541275024,-0.9472761154174805,0.07850686460733414,-0.007134562358260155,0.0007565259002149105,1.5831748896744102e-05,0.0001316660491283983,0.032551225274801254,0.9994699954986572,-0.00044417264871299267,0.00025700428523123264,-0.0005340962670743465,-0.1671093851327896,-0.025550825521349907,-0.08929222822189331,-0.4750843048095703,0.5599543452262878,0.4997366964817047,-2.005873203277588,-0.5173085927963257,2.4432272911071777,1.1538400650024414,-0.00011655108392005786,4.625260044122115e-05,-0.0008023843984119594,-0.0028445960488170385,0.007040287833660841,0.0018972650868818164,-0.005579093005508184,0.5999907851219177,0.001506301574409008,0.08925315737724304,0.03313080966472626,0.9994509816169739,1.9735341993509792e-05,-0.00026930897729471326,1.2211608918732964e-05,-4.027318209409714e-05,0.03239186480641365,-0.00013640236284118146,-3.995423321612179e-05,0.9999997019767761,0.0005799030186608434,-0.04628400877118111,0.08646210283041,-0.806519627571106,-0.08467958867549896,-0.033247485756874084,-0.0005268738023005426,-0.04584592208266258,-0.032861292362213135,0.8104994893074036,-0.0722227469086647,0.02654598280787468,-0.0011957850074395537,6.616115570068359e-06,0.0016266985330730677,0.024947024881839752,0.003995396662503481,0.00400884635746479,5.1691054068214726e-06,7.3653936851769686e-06,,,,,3.777090814044495,,1320,0.26666666666666666
11.274999999989802,retreat,11.275000588037074,18.06740112228207,18.066605180501938,-0.013828277587890625,-0.5970909260213375,3.7343911255336613,0.03332408596179448,0.07912936237050427,1.3679873943328857,0.0801074281334877,10.009050369262695,-0.052274066547397524,83,1.1361587047576904,0.07822997123003006,0.295125812292099,0.04428907483816147,-0.0005262108752503991,-18.326674396875354,0.20735801756381989,0.02989165298640728,1.3518500328063965,0.08007991313934326,-0.002044851891696453,0.0004748451756313443,-1.1816336154879536e-05,0.00020884002151433378,0.03258218243718147,0.999468982219696,0.001184640685096383,0.0007696806569583714,0.0008045738213695586,-0.019915465265512466,0.034388791769742966,-0.08490456640720367,-0.4750920832157135,0.5599462985992432,0.49974167346954346,-2.005873203277588,-0.5172914266586304,2.443286895751953,1.1538256406784058,-0.0013470122357830405,-0.0012796766823157668,0.0009079355513677001,-0.000688969565089792,0.0037609459832310677,0.008655097335577011,-0.0032300716266036034,0.6000046133995056,0.0015101688914000988,0.08926312625408173,0.03311571851372719,0.9994514584541321,1.937767410709057e-05,-0.00023936083016451448,-2.956105163320899e-06,-3.7433113902807236e-05,0.03239831328392029,-3.0268569389590994e-05,-8.444126251561102e-06,0.9999997615814209,0.0005338234477676451,-0.006777555216103792,-0.06864605098962784,1.1340628862380981,-0.06655428558588028,0.04102039709687233,0.0027895558159798384,-0.00732245109975338,-0.006574109196662903,-1.1361156702041626,-0.07642810791730881,-0.042090486735105515,3.312206536065787e-05,1.043081283569336e-05,0.0016282441793009639,0.024946920573711395,0.003995392005890608,0.004008923191577196,5.182502718525939e-06,7.373077096417546e-06,,,,,3.777090814044495,,1320,0.275
11.283333333323128,retreat,11.283333921805024,18.06626963851731,18.06994304060936,-0.01424551010131836,-0.5976613610982895,3.728356344825094,0.04149257802055217,0.08846931922527276,1.5838148593902588,0.07988224923610687,9.659887313842773,-0.050438731705071405,82,1.3269504308700562,0.1266453117132187,0.3500956892967224,0.06039731577038765,-0.011306887841783464,-18.329592578650995,-0.13283073902130127,-0.08733353763818741,-1.5758166313171387,0.07944084703922272,-0.008349292911589146,0.0007843912462703884,1.727141898300033e-05,0.00012597889872267842,0.0325300432741642,0.9994707107543945,-0.000794620078522712,-1.5462341252714396e-05,-0.0007391148246824741,-0.15930426120758057,-0.03733455017209053,-0.08891165256500244,-0.47509026527404785,0.5599438548088074,0.4997296631336212,-2.005873441696167,-0.5172646045684814,2.4432520866394043,1.1537972688674927,0.000369637826224789,0.0003595003508962691,-0.001537756179459393,-0.002451218431815505,0.0067219240590929985,-0.0014400600921362638,-0.005752410273998976,0.5999963283538818,0.0015025390312075615,0.08925945311784744,0.03311736509203911,0.9994513392448425,1.8705017282627523e-05,-0.00025959493359550834,6.223504897207022e-06,-4.456145688891411e-05,0.03239750489592552,-0.00013236668019089848,-4.022899884148501e-05,0.9999997019767761,0.0005876486538909376,-0.10265237092971802,0.058351729065179825,-1.3216863870620728,-0.09560757875442505,-0.08298025280237198,-0.0035361230839043856,-0.10196498036384583,0.029267750680446625,1.3227033615112305,-0.0872383639216423,0.0682409405708313,-0.0009424390736967325,6.318092346191406e-06,0.0016256411327049136,0.024947091937065125,0.003995390143245459,0.00400898139923811,5.172683358978247e-06,7.37473601475358e-06,,,,,3.777090814044495,,1320,0.2833333333333333
11.291666666656454,retreat,11.291667255572975,18.064816893377888,18.069589138031006,-0.01424551010131836,-0.5974972154945135,3.7339716299012387,0.035945806303061545,0.06852804166478502,1.1357847452163696,0.07084057480096817,9.508758544921875,-0.05109428821015172,77,0.9084487557411194,0.09592048823833466,0.30164891481399536,0.060585346072912216,-0.010638682288117707,-18.329629181403288,0.15050296485424042,0.3650946617126465,1.0649234056472778,0.07078152149915695,-0.0027419626712799072,0.0009192457073368132,-6.753789784852415e-05,0.00018009424093179405,0.032578907907009125,0.9994691610336304,8.578557753935456e-05,0.0011207539355382323,0.0001541136734886095,-0.1388426274061203,0.06263694912195206,0.028238384053111076,-0.47509023547172546,0.5599439144134521,0.49972450733184814,-2.005873441696167,-0.5172267556190491,2.443308115005493,1.1537703275680542,-0.0012423712760210037,-0.00032308357185684144,0.001528885681182146,-0.001650164951570332,0.007204938679933548,0.009840811602771282,-0.004895577672868967,0.6000064015388489,0.0015065898187458515,0.08926310390233994,0.033097147941589355,0.9994520545005798,1.6087948097265325e-05,-0.000238497945247218,-5.209109076531604e-06,-3.959052264690399e-05,0.032401055097579956,-6.0084188589826226e-05,4.961134254699573e-05,0.9999998211860657,0.00051850825548172,0.04584567993879318,0.1757628321647644,0.8901037573814392,-0.07448689639568329,0.06021340563893318,0.005175762809813023,0.04543069377541542,-0.23426453769207,-0.8765473365783691,-0.04905872792005539,-0.05381108820438385,-0.0015949913067743182,8.881092071533203e-06,0.001628081314265728,0.02494693174958229,0.003995390608906746,0.004009068012237549,5.18002570970566e-06,7.3727278504520655e-06,,,,,3.777090814044495,,1320,0.2916666666666667
11.29999999998978,retreat,11.300000589340925,18.063043789283405,18.071075528860092,-0.01424551010131836,-0.5974965170025826,3.73287022988894,0.03589550397009589,0.03956468118525214,0.7399505376815796,0.07740867882966995,9.822104454040527,-0.051618630095617846,76,0.582631528377533,0.12021379172801971,0.22579261660575867,0.05272829532623291,-0.011356533621437848,-18.331038977462008,-0.17278189957141876,-0.04909051954746246,-0.7178184986114502,0.07683530449867249,-0.009295777417719364,0.001424242160283029,-3.214569733245298e-05,0.000131956345285289,0.03256949037313461,0.999469518661499,-0.0011645439080893993,0.0003225234686397016,-0.0006259192596189678,-0.15591132640838623,2.5480715066805715e-06,-0.017917318269610405,-0.4750892221927643,0.5599488615989685,0.4997212588787079,-2.0058915615081787,-0.5171946287155151,2.4432873725891113,1.1537448167800903,-0.0005238926969468594,0.00015402401913888752,0.0004323132161516696,-0.0022110603749752045,0.0062703718431293964,-0.0005585277685895562,-0.004767088685184717,0.5999914407730103,0.0015081330202519894,0.08925163000822067,0.03309037536382675,0.9994522929191589,1.7836342522059567e-05,-0.0002632571558933705,1.1346373867127113e-05,-3.695162013173103e-05,0.03239118680357933,-0.0001317145797656849,1.0093816854350735e-05,0.9999999403953552,0.000521163921803236,0.006494892295449972,0.06033210828900337,-0.579463005065918,-0.10583654046058655,-0.056914184242486954,-0.003279936732724309,0.0068023474887013435,-0.021871574223041534,0.5821812152862549,-0.09714358299970627,0.05794756859540939,-0.0005021448596380651,6.556510925292969e-06,0.0016276108799502254,0.024946965277194977,0.003995392471551895,0.0040091159753501415,5.185707323107636e-06,7.380032911896706e-06,,,,,3.777090814044495,,1320,0.3
11.308333333323105,retreat,11.308333923108876,18.060951228653455,18.066120892763138,-0.014185905456542969,-0.5969768390059471,3.732712860538073,0.031362029403680936,0.08846931922527276,1.21853768825531,0.08503208309412003,10.204636573791504,-0.05102874638396315,74,1.0166038274765015,0.06730934977531433,0.26460209488868713,0.03997866436839104,-0.0026881505036726594,-18.326073397404823,0.1372402012348175,-0.24923573434352875,1.1848547458648682,0.08497483283281326,-0.0029847256373614073,0.0009079324663616717,-0.00010669950279407203,0.00023129839973989874,0.03256770595908165,0.9994694590568542,0.00011850032024085522,0.0003253024769946933,0.0004030705022159964,-0.03559604287147522,0.062187984585762024,0.027839839458465576,-0.4750998020172119,0.5599397420883179,0.4997307062149048,-2.0058915615081787,-0.5171939134597778,2.443324327468872,1.1537442207336426,-0.0010370240779593587,-0.0013911868445575237,0.0002794177271425724,-0.00012163631618022919,0.0009331526816822588,0.004888766910880804,-0.0014912023907527328,0.6000013947486877,0.0015098880976438522,0.08926073461771011,0.03308328986167908,0.999452531337738,1.7083950297092088e-05,-0.00024104022304527462,1.6996636986732483e-08,-3.5534147173166275e-05,0.032395415008068085,-1.27132298075594e-05,8.936628000810742e-05,0.9999997019767761,0.0005158392596058547,0.04146990180015564,-0.2612028419971466,0.981598973274231,-0.05203832685947418,0.042542822659015656,0.0035593572538346052,0.04098495468497276,0.1957181990146637,-0.9967432618141174,-0.08973833918571472,-0.03670872002840042,-0.001089570578187704,1.138448715209961e-05,0.0016275226371362805,0.024946965277194977,0.003995394799858332,0.004009144846349955,5.271845111565199e-06,7.506547262892127e-06,,,,,3.777090814044495,,1320,0.30833333333333335
11.316666666656431,retreat,11.316667256876826,18.05854011390762,18.0696040391922,-0.014126300811767578,-0.59804308693856,3.7255718120094037,0.04047752372571267,0.07912936237050427,1.298925757408142,0.07613327354192734,9.782951354980469,-0.050438731705071405,75,1.1035865545272827,0.0976458191871643,0.26015520095825195,0.039938658475875854,-0.011240531282965094,-18.329059930769137,-0.056268349289894104,-0.06179581582546234,-1.2962342500686646,0.07579803466796875,-0.007036758586764336,0.0011905580759048462,-3.380546695552766e-05,0.00013390311505645514,0.032505765557289124,0.9994714856147766,-0.001091912155970931,-0.0001245378516614437,-0.0006302385590970516,-0.1583465039730072,0.003054640255868435,-0.016105134040117264,-0.47509774565696716,0.5599364042282104,0.49971744418144226,-2.0058915615081787,-0.5171781182289124,2.4432966709136963,1.1537221670150757,0.0003213614400010556,0.00010248449689242989,-0.001593774533830583,-0.0017882310785353184,0.005290862638503313,-0.00047334469854831696,-0.0049620382487773895,0.5999953746795654,0.0015012603253126144,0.08925822377204895,0.03308733552694321,0.9994524121284485,1.6562606106163003e-05,-0.0002562692388892174,7.084576282068156e-06,-4.34056855738163e-05,0.03239589184522629,-0.00012288332800380886,1.3332828530110419e-05,0.9999997615814209,0.0005818769568577409,-0.11075931042432785,0.0302584245800972,-1.0975974798202515,-0.07493215799331665,-0.06255496293306351,-0.0025988470297306776,-0.11019671708345413,0.04239943251013756,1.0972521305084229,-0.07060945779085159,0.04663011431694031,-0.00045469345059245825,6.616115570068359e-06,0.0016244294820353389,0.024947170168161392,0.0039953975938260555,0.004009219817817211,5.213246367929969e-06,7.428985554724932e-06,,,,,3.777090814044495,,1320,0.31666666666666665
11.324999999989757,retreat,11.325000590644777,18.055811347465497,18.068836629390717,-0.014126300811767578,-0.5969109479337931,3.7297740822669354,0.0353894974978175,0.09691328065893987,0.8492454886436462,0.06847087293863297,9.444425582885742,-0.051684179197764024,74,0.659814715385437,0.08717465400695801,0.2393997311592102,0.04841819033026695,-0.01085726823657751,-18.328584761776778,0.12243609130382538,0.39491307735443115,0.7418025732040405,0.068386971950531,-0.003254619427025318,0.0009437010157853365,-7.116162305464968e-05,0.00018700196233112365,0.03254232928156853,0.9994702935218811,-2.3253523977473378e-05,0.0011123527074232697,9.262711682822555e-05,-0.1431749016046524,0.05695469677448273,0.02251604199409485,-0.4750993251800537,0.5599364042282104,0.49971580505371094,-2.0058915615081787,-0.5171424150466919,2.4433412551879883,1.153694748878479,-0.0011358875781297684,-0.00017930002650246024,0.0014301271876320243,-0.0014926037983968854,0.00750535586848855,0.00864244345575571,-0.005211714655160904,0.6000034809112549,0.001505336258560419,0.08926153182983398,0.03306904062628746,0.9994529485702515,1.5883179003139958e-05,-0.00023969911853782833,-2.092181603075005e-06,-3.945082426071167e-05,0.03239860758185387,-5.4505748266819865e-05,5.36317347723525e-05,0.9999996423721313,0.0005269834073260427,0.020076336339116096,0.21631582081317902,0.6230247616767883,-0.07633550465106964,0.04182494804263115,0.0047942171804606915,0.01978876255452633,-0.25702551007270813,-0.6073728799819946,-0.04506029933691025,-0.03915572538971901,-0.002188839251175523,9.238719940185547e-06,0.0016262552235275507,0.02494705095887184,0.003995404113084078,0.004009327385574579,5.178067112865392e-06,7.378606824204326e-06,,,,,3.777090814044495,,1320,0.325
11.333333333323083,retreat,11.333333924412727,18.052765831746676,18.07030811905861,-0.01430511474609375,-0.597026664763689,3.7313487152057703,0.03389539779163897,0.055952909680744456,0.5751428008079529,0.07520201802253723,9.65884780883789,-0.050438731705071405,74,0.4619247615337372,0.11312542855739594,0.17645478248596191,0.04184570908546448,0.009338178613688797,-18.330165756655898,-0.10710620880126953,-0.03718390688300133,-0.5638570785522461,0.07477422058582306,-0.007901566103100777,0.001313129672780633,-4.234275911585428e-05,0.0001458734623156488,0.032556112855672836,0.9994699358940125,-0.0009546246146783233,-0.003441121894866228,-0.000434178946306929,0.11939462274312973,0.009814620949327946,-0.010433215647935867,-0.47510045766830444,0.5599392652511597,0.49971479177474976,-2.0058915615081787,-0.5171127319335938,2.4433412551879883,1.153672456741333,-0.0004787881625816226,0.0002197007997892797,0.00046269409358501434,-0.001740922569297254,0.005904429126530886,0.0003456606646068394,-0.004489019513130188,0.6000020503997803,0.0015062144957482815,0.08925983309745789,0.033059947192668915,0.9994533061981201,1.446631176804658e-05,-0.0002445695281494409,-5.222664185566828e-07,-3.7853606045246124e-05,0.03239845484495163,-9.957582369679585e-05,2.4723485694266856e-05,0.9999998807907104,0.0005040980759076774,-0.01765604503452778,0.0633585974574089,-0.45721814036369324,-0.10245698690414429,-0.0478975772857666,-0.0023980271071195602,-0.017430096864700317,-0.033005617558956146,0.46041420102119446,-0.0933217778801918,0.045404668897390366,-0.0005588760250248015,7.212162017822266e-06,0.001626943121664226,0.02494700253009796,0.003995414823293686,0.004008192103356123,-0.0003103319031652063,-0.0004421509802341461,,,,,3.777090814044495,,1320,0.3333333333333333
11.341666666656408,retreat,11.341667258180678,18.049404469170753,18.070024996995926,-0.014483928680419922,-0.5968103650957346,3.730404015089525,0.034866890928242356,0.0,0.4946647584438324,0.07702461630105972,9.8040771484375,-0.05102874638396315,78,0.43442046642303467,0.0751679539680481,0.0924471989274025,0.01575727015733719,0.00968347315210849,-18.329816937028948,-0.07054433226585388,-0.02919655665755272,0.48873746395111084,0.07668954133987427,-0.007064295932650566,0.0012653799494728446,-6.501984171336517e-05,0.00017614074749872088,0.032547589391469955,0.9994702339172363,-0.0005433555925264955,-0.0035466428380459547,-5.0798276788555086e-05,0.12939579784870148,0.03084232658147812,0.003210049355402589,-0.47510188817977905,0.5599392652511597,0.4997120201587677,-2.0058915615081787,-0.5170947909355164,2.4433414936065674,1.1536591053009033,-0.0010060995118692517,-0.000562599569093436,0.0009184401715174317,-0.0013980594230815768,0.00408835057169199,0.0024816426448524,-0.0030966689810156822,0.6000012755393982,0.001505066640675068,0.08925940841436386,0.03305519372224808,0.9994534850120544,1.2476322808652185e-05,-0.00024700514040887356,2.3528991732746363e-07,-3.8860365748405457e-05,0.032397665083408356,-7.257411925820634e-05,5.029703243053518e-05,1.0,0.0005078676040284336,0.12627257406711578,-0.050091106444597244,0.4126345217227936,-0.07019926607608795,0.02675689570605755,0.0025204250123351812,0.12606710195541382,0.02271820604801178,-0.41510501503944397,-0.07742070406675339,-0.008662831038236618,-0.0019091502763330936,8.702278137207031e-06,0.0016265178564935923,0.02494703233242035,0.003995426464825869,0.004008275922387838,-0.0003151330747641623,-0.00044898875057697296,,,,,3.777090814044495,,1320,0.3416666666666667
11.349999999989734,retreat,11.350000591948628,18.045728162157314,18.068818002939224,-0.015139579772949219,-0.5961187416687608,3.72593969959946,0.03523396298987791,0.08846931922527276,0.27559855580329895,0.07654593884944916,9.669880867004395,-0.05102874638396315,81,0.21928022801876068,0.07891616225242615,0.06349333375692368,0.009931253269314766,-0.0104837598028098,-18.328299478782462,-0.11046411097049713,0.015397455543279648,-0.2520221173763275,0.07608877867460251,-0.008276375010609627,0.0011317108292132616,-4.808611629414372e-05,0.00017314251454081386,0.03250877186655998,0.9994713664054871,-0.00015028601046651602,4.2246043449267745e-05,7.847639062674716e-05,-0.13648444414138794,-0.01761268451809883,-0.08955001085996628,-0.4751076400279999,0.5599392652511597,0.4997148811817169,-2.0058915615081787,-0.5170758962631226,2.4433414936065674,1.1536449193954468,-0.000912147224880755,-0.00042687193490564823,0.0007350584492087364,-0.002051859861239791,0.005084614735096693,0.0009549764799885452,-0.003899035509675741,0.6000010967254639,0.0015047723427414894,0.08925966173410416,0.0330488346517086,0.999453604221344,1.0749368811957538e-05,-0.00024883460719138384,-1.1998236004728824e-07,-3.9369333535432816e-05,0.03239663690328598,-7.689417543588206e-05,3.494771590339951e-05,0.9999997019767761,0.0005403429386205971,0.06339706480503082,0.023681681603193283,-0.20857565104961395,-0.07840213924646378,-0.008973730728030205,-0.0005808980786241591,0.06350155174732208,-0.009850788861513138,0.209652841091156,-0.07498950511217117,0.018131081014871597,-0.0005783932283520699,8.58306884765625e-06,0.0016245797742158175,0.024947158992290497,0.0039954232051968575,0.004008346702903509,5.167638846614864e-06,7.359369192272425e-06,,,,,3.777090814044495,,1320,0.35
11.35833333332306,retreat,11.358333925716579,18.041737813125955,18.06924268603325,-0.015020370483398438,-0.5964526208117604,3.7272007531952562,0.03589481639210135,0.08846931922527276,0.11705587059259415,0.07568766176700592,9.604339599609375,-0.04984884799341671,82,0.1144418865442276,0.07532237470149994,0.02449945919215679,0.008113916032016277,-0.01103197859993088,-18.328811860135456,-0.07226523756980896,0.021786566823720932,0.08947154879570007,0.07530323415994644,-0.0075363460928201675,0.0011172224767506123,-4.4688316847896203e-05,0.00016744153981562704,0.03251994028687477,0.9994710683822632,-4.113317118026316e-05,0.0005801087827421725,0.0001285312173422426,-0.14588095247745514,-0.011921844445168972,-0.08408456295728683,-0.4751136004924774,0.5599392652511597,0.4997166395187378,-2.0058915615081787,-0.5170568823814392,2.4433414936065674,1.1536310911178589,-0.0010824244236573577,-0.0006467863568104804,0.0008838206413201988,-0.0022523226216435432,0.004765545949339867,0.002454884350299835,-0.0035440141800791025,0.6000006794929504,0.0015035038813948631,0.08925966918468475,0.03304266557097435,0.9994538426399231,7.855003786971793e-06,-0.00025103118969127536,5.648907972499728e-07,-3.9929524064064026e-05,0.032397009432315826,-8.477131632389501e-05,3.417759944568388e-05,0.9999997019767761,0.0005229978123679757,0.0877627581357956,0.009166372939944267,0.07287400960922241,-0.07421497255563736,0.012801012955605984,0.0013159349327906966,0.08772651106119156,-0.013959715142846107,-0.07215355336666107,-0.07288845628499985,-0.0002085026353597641,-0.0012648790143430233,8.285045623779297e-06,0.0016251372871920466,0.024947121739387512,0.003995419945567846,0.004008396994322538,5.169846190256067e-06,7.357914000749588e-06,,,,,3.777090814044495,,1320,0.35833333333333334
11.366666666656386,retreat,11.36666725948453,18.037434324496267,18.068840354681015,-0.01424551010131836,-0.5961330607533455,3.7267279080321356,0.035470628063194454,0.07912936237050427,0.07598372548818588,0.0735902190208435,9.464116096496582,-0.04984884799341671,76,0.06514767557382584,0.07896701246500015,0.015957357361912727,0.004833047743886709,-0.009573922186973505,-18.328376645423525,-0.00891132652759552,0.06960485875606537,-0.029142379760742188,0.0733342319726944,-0.006015734747052193,0.0011924662394449115,-4.5778851927025244e-05,0.00015939376316964626,0.03251568228006363,0.999471127986908,-0.0006636484758928418,0.0007136308704502881,-0.00017206452321261168,-0.12665300071239471,0.020045209676027298,-0.0037910176906734705,-0.4751197397708893,0.5599387288093567,0.49971991777420044,-2.005891799926758,-0.5170369148254395,2.443347215652466,1.153617024421692,-0.0011117688845843077,-0.0005730069824494421,0.0010425937362015247,-0.0023460916709154844,0.004830138757824898,0.003424977883696556,-0.0035280564334243536,0.6000017523765564,0.0015038535930216312,0.08926090598106384,0.03303493559360504,0.999454140663147,5.529134796233848e-06,-0.00025000283494591713,2.0547668100334704e-07,-3.9453618228435516e-05,0.03239785134792328,-9.189781121676788e-05,3.736423605005257e-05,0.9999997615814209,0.0005195188568904996,0.015586922876536846,0.05713582783937454,-0.027143413200974464,-0.0789654552936554,0.00021086478955112398,0.00044887710828334093,0.0156020512804389,-0.05521882325410843,0.030849263072013855,-0.07071244716644287,0.0020072993356734514,-0.0005466787260957062,7.867813110351562e-06,0.0016249245963990688,0.024947136640548706,0.0039954157546162605,0.0040084728971123695,5.1746692406595685e-06,7.369177183136344e-06,,,,,3.777090814044495,,1320,0.36666666666666664
11.374999999989711,retreat,11.37500059325248,18.03281859868784,18.069440126419067,-0.014185905456542969,-0.5960228154435754,3.7266228231931064,0.03455179466982372,0.09691328065893987,0.12632009387016296,0.07393980771303177,9.495806694030762,-0.04984884799341671,75,0.11444920301437378,0.08143845200538635,0.015091857872903347,0.0016713635995984077,-0.010229252875433303,-18.328969109180093,-0.00993528962135315,0.035428907722234726,-0.12084224820137024,0.0736791342496872,-0.006086082197725773,0.001199902966618538,-3.7596193578792736e-05,0.00014834056491963565,0.03251485154032707,0.9994711875915527,-0.0007143448456190526,0.0005846541607752442,-0.0002286156523041427,-0.13605113327503204,0.018615759909152985,-0.004138085059821606,-0.47512322664260864,0.5599387288093567,0.4997214674949646,-2.005911111831665,-0.5170185565948486,2.443350315093994,1.1536036729812622,-0.0009538821177557111,-0.0004442378121893853,0.0008592686499468982,-0.002396632917225361,0.00443881144747138,0.0031592431478202343,-0.0032097739167511463,0.5999926924705505,0.0015064305625855923,0.08925442397594452,0.03302810713648796,0.9994543194770813,6.9967727540642954e-06,-0.00025972025468945503,9.94823312794324e-06,-3.61613929271698e-05,0.03239213302731514,-0.00011233620170969516,2.703949030546937e-05,0.9999996423721313,0.0005135251558385789,0.0022401942405849695,0.04477088153362274,-0.10530512779951096,-0.08111800253391266,-0.007181708700954914,0.000717229035217315,0.0022962107323110104,-0.0377209298312664,0.10802993923425674,-0.07465466111898422,0.007442924194037914,-0.0011719176545739174,7.331371307373047e-06,0.0016248831525444984,0.024947140365839005,0.0039954110980033875,0.004008518997579813,5.176109880267177e-06,7.370632374659181e-06,,,,,3.777090814044495,,1320,0.375
11.383333333323037,retreat,11.38333392702043,18.027891538120265,18.06645616889,-0.013887882232666016,-0.5959387635812163,3.7259922520084605,0.032899548386922106,0.07912936237050427,0.5072965621948242,0.08078722655773163,9.81286334991455,-0.04919341881759465,76,0.3916485905647278,0.0616643913090229,0.1301366239786148,0.015750637277960777,-0.004661971281166188,-18.325941299421633,0.1645982563495636,-0.2295762151479721,0.42136919498443604,0.08074213564395905,-0.0025479306932538748,0.0008898378582671285,-6.753722118446603e-05,0.0001900717179523781,0.03250914439558983,0.9994713664054871,-0.00013714446686208248,0.0002932299976237118,0.00022947297838982195,-0.058913059532642365,0.046992652118206024,0.01963522844016552,-0.4751323461532593,0.5599280595779419,0.49972835183143616,-2.005911111831665,-0.5170252919197083,2.4433798789978027,1.1536036729812622,-0.0006185803795233369,-0.001005793223157525,-0.0002524163865018636,-0.0008571305661462247,0.0006089913658797741,0.004411106463521719,-0.0012487209169194102,0.6000017523765564,0.0015061097219586372,0.08926362544298172,0.03302573412656784,0.9994543790817261,8.30936824058881e-06,-0.0002395959891146049,-1.1645533959381282e-07,-3.682216629385948e-05,0.03239831328392029,-5.146304829395376e-05,5.768108167103492e-05,0.9999997615814209,0.0005168513744138181,-0.08088571578264236,-0.1861892193555832,0.3349323868751526,-0.06165532395243645,-0.0006059420993551612,0.0008666224894113839,-0.08105197548866272,0.1636723279953003,-0.34645432233810425,-0.0885416716337204,-0.011112820357084274,-9.380275150761008e-05,9.417533874511719e-06,0.0016245986334979534,0.024947158992290497,0.00399540551006794,0.00400855066254735,5.2586565288947895e-06,7.489026756957173e-06,,,,,3.777090814044495,,1320,0.3833333333333333
11.391666666656363,retreat,11.391667260788381,18.022654045213137,18.068169802427292,-0.014424324035644531,-0.5950047634541988,3.717837775339036,0.038977490476099774,0.06852804166478502,0.8871726989746094,0.07744447886943817,9.120065689086914,-0.04919342609355226,80,0.7526147961616516,0.08780884742736816,0.17693372070789337,0.028486501425504684,-0.00844043682445772,-18.32708783795947,-0.06707096844911575,0.046896759420633316,-0.8833898305892944,0.07710031419992447,-0.007245275191962719,0.0008337636245414615,1.50315474911622e-06,0.00014015812485013157,0.03243809938430786,0.9994736909866333,-0.0003908712533302605,0.00028206800925545394,-0.0002602578897494823,-0.10990317165851593,-0.019055142998695374,-0.07803227007389069,-0.4751300811767578,0.5599262714385986,0.49971652030944824,-2.005911111831665,-0.5170110464096069,2.4433798789978027,1.153586983680725,-2.982210207846947e-05,5.741806671721861e-05,-0.0008097530226223171,-0.0022816273849457502,0.005320477765053511,0.0013410417595878243,-0.0044337050057947636,0.6000009775161743,0.001500929705798626,0.0892627090215683,0.03302444517612457,0.9994544386863708,7.084167464199709e-06,-0.00024220718478318304,2.9397779144346714e-07,-4.2891595512628555e-05,0.032398708164691925,-0.00010171941539738327,-1.181418883788865e-05,0.9999998211860657,0.0005866637220606208,-0.04861677065491676,0.07745181024074554,-0.7470386028289795,-0.07776498049497604,-0.04077542573213577,-0.0006053848192095757,-0.04825308918952942,-0.02796858549118042,0.7505454421043396,-0.06660830974578857,0.0337182991206646,-0.00159378070384264,7.033348083496094e-06,0.0016210513422265649,0.024947389960289,0.003995400387793779,0.004008669406175613,5.170633812667802e-06,7.364433258771896e-06,,,,,3.777090814044495,,1320,0.39166666666666666
11.399999999989689,retreat,11.400000594556332,18.017107022386043,18.069108575582504,-0.014007091522216797,-0.5958412075415254,3.7227326017668116,0.03507973815430887,0.07912936237050427,0.5907076597213745,0.07331428676843643,9.275211334228516,-0.04866908420808613,74,0.4828706681728363,0.08538950234651566,0.1438908576965332,0.026454605162143707,-0.009340066841105,-18.32836701759811,0.0033768415451049805,0.2351960390806198,0.5418550968170166,0.07310101389884949,-0.005476989783346653,0.0011088388273492455,-4.1794992284849286e-05,0.0001567821018397808,0.03248091787099838,0.9994723200798035,-0.00038431346183642745,0.0008300900808535516,7.5200550782028586e-06,-0.11964385956525803,0.036915164440870285,0.008924015797674656,-0.47512850165367126,0.5599262714385986,0.49971047043800354,-2.005929470062256,-0.516982913017273,2.443401575088501,1.1535674333572388,-0.0011333237634971738,-0.00038016418693587184,0.001267718500457704,-0.0020818717312067747,0.006157067138701677,0.006003228481858969,-0.004320994485169649,0.5999956130981445,0.0015038480050861835,0.08925681561231613,0.033013224601745605,0.9994547963142395,7.236219516926212e-06,-0.00024482759181410074,6.242594281502534e-06,-3.809109330177307e-05,0.03239401429891586,-8.914700447348878e-05,3.176636164425872e-05,0.9999997615814209,0.0005325872334651649,0.07662121206521988,0.12894678115844727,0.4589836597442627,-0.08018148690462112,0.02924741804599762,0.002623997163027525,0.0764007419347763,-0.1589544415473938,-0.4495115280151367,-0.061536408960819244,-0.018314393237233162,-0.0013846292858943343,7.748603820800781e-06,0.0016231893096119165,0.02494724839925766,0.003995394799858332,0.004008747171610594,5.173314093553927e-06,7.36583024263382e-06,,,,,3.777090814044495,,1320,0.4
11.408333333323014,retreat,11.408333928324282,18.01125137205858,18.06667596101761,-0.014543533325195312,-0.5946254823356867,3.723521488132621,0.03566888699424453,0.055952909680744456,0.150642529129982,0.0783606544137001,9.525423049926758,-0.04919342609355226,82,0.10355062782764435,0.08595257252454758,0.062318895012140274,0.017638197168707848,-0.003275375194789376,-18.325989265278334,0.027305088937282562,-0.11895435303449631,0.08830326795578003,0.07815857231616974,-0.005541449878364801,0.0009601342608220875,-4.376927245175466e-05,0.0001750523952068761,0.0324876569211483,0.9994721412658691,0.0003157397441100329,0.0005022788536734879,0.0003217564953956753,-0.042554181069135666,-0.004449272993952036,-0.08627839386463165,-0.4751380383968353,0.5599175691604614,0.49972036480903625,-2.005929470062256,-0.5169723033905029,2.443401575088501,1.1535580158233643,-0.0008743804646655917,-0.0006681107333861291,0.0005860467790625989,-0.0012172275455668569,0.003098558634519577,0.0024346618447452784,-0.0027088322676718235,0.5999978184700012,0.0015039658173918724,0.08926291018724442,0.03300996124744415,0.9994549751281738,7.269904472195776e-06,-0.00024099904112517834,3.2545558497076854e-06,-3.921613097190857e-05,0.03239760547876358,-6.71202942612581e-05,3.442714296397753e-05,0.9999998807907104,0.0005225781351327896,-0.03336920216679573,-0.06269919127225876,0.07535277307033539,-0.08344681560993195,-0.02058963105082512,-0.0007357960566878319,-0.03340737149119377,0.05759051442146301,-0.0793096050620079,-0.09250203520059586,0.015782803297042847,-0.0002631795941852033,8.702278137207031e-06,0.0016235258663073182,0.024947229772806168,0.003995390143245459,0.004008782561868429,5.186058842809871e-06,7.381546311080456e-06,,,,,3.777090814044495,,1320,0.4083333333333333
11.41666666665634,retreat,11.416667262092233,18.00508799665034,18.068981915712357,-0.014662742614746094,-0.5951541243121028,3.721049085990163,0.037087927921675146,0.08846931922527276,0.8176960945129395,0.07315133512020111,9.159601211547852,-0.048013658670242876,81,0.7278100848197937,0.0837964117527008,0.10476461052894592,0.00832078792154789,-0.01075386990851257,-18.32812327928822,0.08926203846931458,0.05918039381504059,-0.8106521368026733,0.0730159804224968,-0.004352903459221125,0.0009146679076366127,-2.352898445678875e-05,0.00012148557289037853,0.03246650844812393,0.9994727969169617,-5.237446748651564e-05,0.00042080567800439894,-0.00023571771453134716,-0.14451609551906586,-0.012099234387278557,-0.08443602919578552,-0.47513556480407715,0.5599174499511719,0.49971240758895874,-2.005929470062256,-0.5169568061828613,2.4434053897857666,1.153544306755066,0.00019062731007579714,0.000488680845592171,-0.0007069137063808739,-0.0019787256605923176,0.004796267487108707,0.0034605544060468674,-0.0037105923984199762,0.5999976992607117,0.0015020007267594337,0.08926189690828323,0.03300651162862778,0.9994550347328186,5.999470431561349e-06,-0.00024202399072237313,3.324169483676087e-06,-4.051113501191139e-05,0.03239879012107849,-0.00012105990754207596,1.3676341040991247e-05,0.9999997019767761,0.000540290551725775,-0.12953977286815643,0.09209959208965302,-0.7102426290512085,-0.0791764035820961,-0.027427073568105698,0.0008319575572386384,-0.12919384241104126,-0.04503867030143738,0.7148341536521912,-0.06590021401643753,0.00864085927605629,-0.001378151006065309,6.020069122314453e-06,0.0016224697465077043,0.02494730055332184,0.003995385952293873,0.004008825868368149,5.178188530408079e-06,7.3727278504520655e-06,,,,,3.777090814044495,,1320,0.4166666666666667
11.424999999989666,retreat,11.425000595860183,17.99861779858091,18.069518357515335,-0.014603137969970703,-0.5953352665528655,3.7241524770757426,0.03398498665774241,0.055952909680744456,0.5204648375511169,0.07158754020929337,9.248165130615234,-0.04866908420808613,74,0.42182910442352295,0.08044891059398651,0.11936405301094055,0.01726113073527813,-0.010139754573174287,-18.3288755431811,0.07364393770694733,0.15359526872634888,0.4918014705181122,0.07144159078598022,-0.004384532570838928,0.0012849975610151887,-8.388306014239788e-05,0.000158056674990803,0.03249337896704674,0.9994719624519348,-0.000210536178201437,0.0007111273007467389,4.428066313266754e-05,-0.13423936069011688,0.044742051512002945,0.014533589594066143,-0.4751320779323578,0.5599241256713867,0.4997054934501648,-2.005929470062256,-0.5169393420219421,2.4434292316436768,1.1535310745239258,-0.0005818799254484475,8.429085573880002e-05,0.0007501575164496899,-0.0012594237923622131,0.004327484406530857,0.006149038672447205,-0.003086121054366231,0.600000262260437,0.0015035676769912243,0.0892593041062355,0.03299708291888237,0.9994553923606873,5.123238224769011e-06,-0.00023700777092017233,4.967278073308989e-07,-3.801984712481499e-05,0.03239686042070389,-8.151234214892611e-05,7.623439159942791e-05,0.9999998807907104,0.0005039581446908414,-0.0006771328626200557,0.08558164536952972,0.41305580735206604,-0.07950957864522934,0.012141603045165539,0.0016838457668200135,-0.000870465999469161,-0.11263971030712128,-0.406511127948761,-0.06713054329156876,-0.012323681265115738,-0.0008410303853452206,7.748603820800781e-06,0.0016238117823377252,0.024947211146354675,0.003995382692664862,0.004008868709206581,5.185454483580543e-06,7.380993338301778e-06,,,,,3.777090814044495,,1320,0.425
11.433333333322992,retreat,11.433333929628134,17.991841680269882,18.06829646229744,-0.014960765838623047,-0.5956265376880765,3.7230481763439967,0.03222676241421141,0.06852804166478502,0.15475185215473175,0.07693535834550858,9.516984939575195,-0.048603535105939955,75,0.07390420138835907,0.08555012941360474,0.08380593359470367,0.026159022003412247,-0.0075733451631094795,-18.32757685061002,-0.1248626708984375,-0.09081102907657623,-0.010526478290557861,0.07646632194519043,-0.008333447389304638,0.0015825722366571426,-0.00010536438639974222,0.00018505803018342704,0.032483700662851334,0.9994722604751587,-0.0007021191995590925,0.00035223402664996684,-0.00010610112803988159,-0.10143739730119705,0.018432611599564552,-0.003968365024775267,-0.47513458132743835,0.5599241256713867,0.49970853328704834,-2.005929470062256,-0.5169306397438049,2.4434292316436768,1.1535216569900513,-0.0007038124022074044,-0.0002855552302207798,0.0006737652001902461,-0.0011024398263543844,0.00325992563739419,0.00025549932615831494,-0.0027124392800033092,0.6000002026557922,0.0015046908520162106,0.08925967663526535,0.03299376368522644,0.999455451965332,6.638157628913177e-06,-0.00023760269687045366,2.337046680622734e-07,-3.633787855505943e-05,0.0323960967361927,-5.5780452385079116e-05,9.705824049888179e-05,0.9999998211860657,0.000510316516738385,0.061217643320560455,-0.04078811779618263,0.007110582664608955,-0.08244498074054718,-0.022833699360489845,-0.0005219344748184085,0.06121307983994484,0.040230218321084976,-0.009814245626330376,-0.08833792060613632,0.031643450260162354,-0.0015241890214383602,9.059906005859375e-06,0.0016233287751674652,0.024947240948677063,0.003995379898697138,0.0040089101530611515,5.190645424590912e-06,7.393944542855024e-06,,,,,3.777090814044495,,1320,0.43333333333333335
11.441666666656317,retreat,11.441667263396084,17.98476054413685,18.06846782565117,-0.014841556549072266,-0.5955836968496442,3.7215226516698263,0.033403688576072454,0.07912936237050427,0.10874823480844498,0.0763227716088295,9.50994873046875,-0.04919341881759465,73,0.10047010332345963,0.06594346463680267,0.012938417494297028,0.0035119224339723587,-0.008449089611531235,-18.327642122906504,-0.07793766260147095,-0.07103951275348663,-0.026557236909866333,0.07594525068998337,-0.007432254031300545,0.0014984662411734462,-9.422730363439769e-05,0.0001704464084468782,0.03247028589248657,0.9994726777076721,-0.0006865969044156373,0.00023883282847236842,-9.212523582391441e-05,-0.11288581043481827,0.01922478899359703,-0.0033723965752869844,-0.47513633966445923,0.5599241256713867,0.4997076392173767,-2.005929470062256,-0.5169233679771423,2.4434292316436768,1.1535122394561768,-0.0006866173353046179,-0.0004963621613569558,0.0003481436870060861,-0.0013761026784777641,0.003231622511520982,0.0008663833141326904,-0.002746816258877516,0.5999999642372131,0.0015034577809274197,0.08925949782133102,0.032991740852594376,0.9994555115699768,6.921403382875724e-06,-0.00023868311836849898,6.607087925658561e-07,-3.74792143702507e-05,0.03239601477980614,-7.108721911208704e-05,8.513122156728059e-05,0.9999997615814209,0.0005217151483520865,0.07704932242631912,-0.05622691661119461,-0.03156227245926857,-0.06562262028455734,0.006292360369116068,0.0016180954407900572,0.0770626962184906,0.058185819536447525,0.027748730033636093,-0.07374764233827591,0.004721831530332565,-0.0018956135027110577,8.344650268554688e-06,0.0016226590378209949,0.024947285652160645,0.003995379898697138,0.004009005147963762,5.186792805034202e-06,7.386348443105817e-06,,,,,3.777090814044495,,1320,0.44166666666666665
11.449999999989643,retreat,11.450000597164035,17.97737529260141,18.06832253932953,-0.014841556549072266,-0.5950488848611712,3.720838593035222,0.03452661258052103,0.03956468118525214,0.09418825060129166,0.07301865518093109,9.332056045532227,-0.04919341881759465,75,0.08339647203683853,0.07095254957675934,0.021120931953191757,0.0069260187447071075,-0.011345035738486331,-18.32744926436527,-0.07162435352802277,0.04856816679239273,-0.03718215227127075,0.07263771444559097,-0.00729687325656414,0.001497327582910657,-9.484616020927206e-05,0.0001711372606223449,0.0324641689658165,0.9994729161262512,-0.0008370825671590865,0.00042985877371393144,-6.732576730428264e-05,-0.1524290293455124,0.029315641149878502,-0.0006155897281132638,-0.47514086961746216,0.5599241256713867,0.49970901012420654,-2.005929470062256,-0.5169095396995544,2.4434292316436768,1.153499722480774,-0.0009217862971127033,-0.0005464018904604018,0.0007379784947261214,-0.0018065044423565269,0.0043523539789021015,0.0018872832879424095,-0.003421594388782978,0.5999996662139893,0.0015026098117232323,0.08925966918468475,0.032987192273139954,0.9994557499885559,6.138518529041903e-06,-0.00024020210548769683,1.0587182259769179e-06,-3.856513649225235e-05,0.03239595890045166,-7.196206570370123e-05,8.650295785628259e-05,0.9999999403953552,0.0005232819239608943,0.06885287910699844,0.03009573556482792,-0.036173198372125626,-0.0707300528883934,0.0055395313538610935,0.0009151764679700136,0.06887107342481613,-0.027645278722047806,0.03804584965109825,-0.06638416647911072,0.0043379501439630985,-0.0011692247353494167,8.404254913330078e-06,0.0016223537968471646,0.024947304278612137,0.0039953808300197124,0.0040090493857860565,5.040085397922667e-06,7.179449312388897e-06,,,,,3.777090814044495,,1320,0.45
11.458333333322969,retreat,11.458333930931985,17.969686828083145,18.068303912878036,-0.014781951904296875,-0.5952598294243217,3.7209964638661743,0.03560934783308767,0.07912936237050427,0.08478093147277832,0.07363838702440262,9.393543243408203,-0.048603535105939955,76,0.0825674831867218,0.07541348040103912,0.0026847459375858307,0.001965500181540847,-0.008692294286447577,-18.32744161689672,-0.03755269944667816,0.017808742821216583,-0.07389485836029053,0.0733216181397438,-0.006669187918305397,0.001440253690816462,-8.787507249508053e-05,0.00016217149095609784,0.032465629279613495,0.9994727969169617,-0.0006781092961318791,0.0004483576340135187,-9.149941615760326e-05,-0.11662382632493973,0.019655626267194748,-0.0021592597477138042,-0.4751465916633606,0.5599241256713867,0.49971067905426025,-2.005929470062256,-0.516895055770874,2.4434292316436768,1.1534874439239502,-0.0009099655435420573,-0.0005627212813124061,0.000700721109751612,-0.00195412733592093,0.004168510437011719,0.0022687818855047226,-0.0032433385495096445,0.5999993085861206,0.0015010889619588852,0.08925977349281311,0.03298269212245941,0.9994558691978455,4.5781489461660385e-06,-0.00024181671324186027,1.5837540559004992e-06,-3.958633169531822e-05,0.03239595517516136,-8.235356654040515e-05,8.074886864051223e-05,0.9999997615814209,0.0005173190147615969,0.037266816943883896,0.020741645246744156,-0.0706990659236908,-0.07540528476238251,0.0003749069874174893,0.0010465371888130903,0.03730148449540138,-0.016035612672567368,0.07189466804265976,-0.07241222262382507,0.004929725546389818,-0.0013379736337810755,7.987022399902344e-06,0.0016224264400079846,0.02494730055332184,0.003995382692664862,0.004009127151221037,5.187092483538436e-06,7.3864939622581005e-06,,,,,3.777090814044495,,1320,0.4583333333333333
11.466666666656295,retreat,11.466667264699936,17.961696053001653,18.068289011716843,-0.014662742614746094,-0.594806857407093,3.7216278803156126,0.03433055826462805,0.06852804166478502,0.15336371958255768,0.07024428993463516,9.168577194213867,-0.048603535105939955,76,0.13089095056056976,0.07993049174547195,0.02872333861887455,0.00488661415874958,-0.011026997191947885,-18.327470626996902,-0.021764978766441345,0.11960263550281525,-0.09349825978279114,0.06994021683931351,-0.006367302965372801,0.0014434787444770336,-8.486470323987305e-05,0.0001599694660399109,0.03247132897377014,0.9994726181030273,-0.0008130508358590305,0.0006719967350363731,-6.962190673220903e-05,-0.14993658661842346,0.03006138652563095,0.00018051499500870705,-0.4751525819301605,0.5599237680435181,0.4997163414955139,-2.005929470062256,-0.5168774724006653,2.4434332847595215,1.1534745693206787,-0.0010578801156952977,-0.0004246027674525976,0.0011794581077992916,-0.0022000796161592007,0.00478711212053895,0.003152992110699415,-0.0033940740395337343,0.6000002026557922,0.0015024300664663315,0.08926095068454742,0.0329754464328289,0.9994561076164246,3.78157346858643e-06,-0.00024108348588924855,7.636144800926559e-07,-3.8306694477796555e-05,0.03239716589450836,-8.375015022465959e-05,7.848439418012276e-05,0.9999998211860657,0.0005043704295530915,0.022357361391186714,0.09679030627012253,-0.08523043990135193,-0.07992114871740341,-0.00041244065505452454,0.0011505025904625654,0.02240068092942238,-0.09096205234527588,0.09141425788402557,-0.06594192981719971,0.00355929066427052,-0.0013553658500313759,7.867813110351562e-06,0.0016227109590545297,0.024947278201580048,0.003995387814939022,0.004009219352155924,5.043321834818926e-06,7.183029083535075e-06,,,,,3.777090814044495,,1320,0.4666666666666667
11.47499999998962,retreat,11.475000598467886,17.953403869776523,18.068892508745193,-0.014543533325195312,-0.5949910264462233,3.7219961571804254,0.03376767199370079,0.07912936237050427,0.14201858639717102,0.07350040227174759,9.366607666015625,-0.048603535105939955,75,0.13127130270004272,0.07949186861515045,0.02289789356291294,0.004791189916431904,-0.009090844949241728,-18.328099735477895,-0.006814479827880859,-0.02003122866153717,-0.14043357968330383,0.07323003560304642,-0.00613480294123292,0.0014265862992033362,-7.352965621976182e-05,0.00014475425996351987,0.03247459605336189,0.9994724988937378,-0.0006945726927369833,0.00043520418694242835,-0.0001452748547308147,-0.12321243435144424,0.01903598941862583,-0.0030642561614513397,-0.47515565156936646,0.5599237680435181,0.4997180700302124,-2.005929470062256,-0.5168665051460266,2.4434332847595215,1.153464674949646,-0.0007723861490376294,-0.00039432544144801795,0.0006577474996447563,-0.0020785147789865732,0.0034125498495996,0.0025615098420530558,-0.0025352779775857925,0.5999999642372131,0.001502778846770525,0.08926119655370712,0.03297148272395134,0.9994562268257141,3.7102795431565028e-06,-0.00024217892496380955,1.192744093714282e-06,-3.757467493414879e-05,0.0323980487883091,-9.968119411496446e-05,6.668856804026291e-05,0.9999997615814209,0.0004971351590938866,0.0029854325111955404,0.00924477819353342,-0.13091133534908295,-0.0791763886809349,-0.007034094538539648,0.0007604064303450286,0.0030489901546388865,-0.0005967151373624802,0.1312345266342163,-0.07784625142812729,0.007399878464639187,-0.0012129595270380378,7.092952728271484e-06,0.0016228739405050874,0.02494727075099945,0.0039953929372131824,0.004009252414107323,5.190071533434093e-06,7.392140105366707e-06,,,,,3.777090814044495,,1320,0.475
11.483333333322946,retreat,11.483333932235837,17.944811180827344,18.069052696228027,-0.014603137969970703,-0.5945556331425905,3.721680493524343,0.034306838642805815,0.055952909680744456,0.09519201517105103,0.07121340930461884,9.184355735778809,-0.048603535105939955,74,0.09389684349298477,0.07505103945732117,0.01114354096353054,0.00349186803214252,-0.009543863037833944,-18.328237970442636,0.0038072913885116577,0.04326173663139343,-0.08470800518989563,0.07095345854759216,-0.005911059211939573,0.0014197552809491754,-7.516545883845538e-05,0.00014662390458397567,0.03247186169028282,0.9994726181030273,-0.0006281576934270561,0.0004841319750994444,-8.913427154766396e-05,-0.13078553974628448,0.021728038787841797,-0.0004470892599783838,-0.4751572608947754,0.5599237680435181,0.499717652797699,-2.005929470062256,-0.5168570876121521,2.443436861038208,1.1534560918807983,-0.0007475757738575339,-0.000330094393575564,0.0006923808250576258,-0.0020875295158475637,0.003378512104973197,0.003253200789913535,-0.002432981040328741,0.6000005006790161,0.0015024472959339619,0.0892614796757698,0.0329681932926178,0.9994563460350037,3.485303295747144e-06,-0.00024158669111784548,5.590109140030108e-07,-3.815582022070885e-05,0.032398443669080734,-9.727694850880653e-05,6.863044109195471e-05,0.9999998807907104,0.0004965818370692432,0.003916786052286625,0.041196633130311966,-0.08428589999675751,-0.07500065863132477,-0.002499400405213237,0.0011459161760285497,0.003958412911742926,-0.035552650690078735,0.08681569248437881,-0.06905282288789749,0.002983757993206382,-0.001311894622631371,7.212162017822266e-06,0.0016227375017479062,0.024947281926870346,0.003995396196842194,0.004009240306913853,5.188819159229752e-06,7.38934613764286e-06,,,,,3.777090814044495,,1320,0.48333333333333334
11.491666666656272,retreat,11.491667266003788,17.935918888573713,18.06919053196907,-0.014603137969970703,-0.5949396872892976,3.7216278803156126,0.03452369128353894,0.055952909680744456,0.1035110205411911,0.07173297554254532,9.226510047912598,-0.048013658670242876,74,0.100186288356781,0.076542928814888,0.005424905568361282,0.0013378617586567998,-0.009698604208097095,-18.32837214724913,-0.013310804963111877,0.023738238960504532,-0.09986916184425354,0.07144530862569809,-0.006252714432775974,0.0014461488462984562,-7.263192674145103e-05,0.00014526981976814568,0.03247145563364029,0.9994726777076721,-0.0006633364246226847,0.0004492810112424195,-0.00011722781346179545,-0.13302865624427795,0.020517146214842796,-0.0026010172441601753,-0.4751586616039276,0.5599237680435181,0.49971652030944824,-2.005929470062256,-0.516848623752594,2.4434380531311035,1.1534491777420044,-0.0007167640142142773,-0.00030672000139020383,0.0006747354054823518,-0.0020711307879537344,0.003183634951710701,0.0029164073057472706,-0.002290590899065137,0.6000003218650818,0.0015016719698905945,0.08926118910312653,0.03296567499637604,0.9994564056396484,2.4762771317909937e-06,-0.00024229679547715932,7.858125172788277e-07,-3.8372352719306946e-05,0.03239826112985611,-9.9291602964513e-05,6.703956751152873e-05,0.9999998807907104,0.0004944684915244579,0.009306768886744976,0.031580839306116104,-0.09462202340364456,-0.07627949118614197,-0.006285329815000296,0.0008679902530275285,0.009353242814540863,-0.025277141481637955,0.09649290889501572,-0.07172122597694397,0.007556980941444635,-0.001333753694780171,7.152557373046875e-06,0.0016227172454819083,0.024947278201580048,0.003995401319116354,0.00400927197188139,5.189375769987237e-06,7.394381100311875e-06,,,,,3.777090814044495,,1320,0.49166666666666664
11.499999999989598,retreat,11.500000599771738,17.92672789543522,18.069041520357132,-0.014662742614746094,-0.5944131407886744,3.721680493524343,0.03398974149604328,0.07912936237050427,0.1041252464056015,0.07018750160932541,9.14073657989502,-0.048603535105939955,75,0.09514427185058594,0.07734754681587219,0.015989679843187332,0.0024537399876862764,-0.009620999233447947,-18.32822679457174,-0.019623205065727234,0.07858102023601532,-0.06543713808059692,0.06988289207220078,-0.006367166992276907,0.0014581424184143543,-7.904375524958596e-05,0.00015165464719757438,0.032471913844347,0.9994726181030273,-0.0006487502832897007,0.0005845786072313786,-9.459025750402361e-05,-0.1329212784767151,0.02053866721689701,-0.0010613598860800266,-0.4751606583595276,0.5599237680435181,0.4997183382511139,-2.005929470062256,-0.5168383717536926,2.443441152572632,1.1534423828125,-0.0008624964393675327,-0.0002784325915854424,0.0010429957183077931,-0.0021476587280631065,0.0035196624230593443,0.003159697400406003,-0.002358484547585249,0.6000008583068848,0.0015025101602077484,0.08926184475421906,0.03296159580349922,0.9994565844535828,1.6447154393972596e-06,-0.00024181182379834354,1.6031663108151406e-07,-3.782985731959343e-05,0.03239879384636879,-9.2667767603416e-05,7.450476550729945e-05,0.9999997615814209,0.0004899253253825009,0.020401030778884888,0.06726164370775223,-0.0641256794333458,-0.07729312777519226,-0.00266310409642756,0.001150251366198063,0.02043331041932106,-0.0628906860947609,0.06840816140174866,-0.06757894158363342,0.0055233752354979515,-0.001483958214521408,7.450580596923828e-06,0.0016227400628849864,0.024947278201580048,0.003995408304035664,0.004009342286735773,5.189287549001165e-06,7.388298399746418e-06,,,,,3.777090814044495,,1320,0.5
11.508333333322923,retreat,11.508333933539689,17.91723910383146,18.0693618953228,-0.014662742614746094,-0.5947168683633208,3.7217857177136344,0.03449903306318447,0.055952909680744456,0.15180285274982452,0.07223831117153168,9.247291564941406,-0.048013658670242876,74,0.14228588342666626,0.07632843405008316,0.019268061965703964,0.003304055193439126,-0.009610529748897534,-18.328554487250905,-0.010380610823631287,-0.017463628202676773,-0.15043726563453674,0.07195355743169785,-0.006238153204321861,0.0014643147587776184,-6.866421608719975e-05,0.0001412292622262612,0.03247276693582535,0.9994726181030273,-0.0006909773219376802,0.00040795738459564745,-0.00014829583233222365,-0.1325846016407013,0.018943915143609047,-0.003495309501886368,-0.4751618504524231,0.5599237680435181,0.49971774220466614,-2.005929708480835,-0.5168316960334778,2.443441152572632,1.153438925743103,-0.00064811174524948,-0.00025811922387219965,0.0006346826558001339,-0.002067126799374819,0.0026608342304825783,0.0025950318668037653,-0.0018662295769900084,0.6000006198883057,0.0015016412362456322,0.0892617255449295,0.03295976296067238,0.9994566440582275,-1.1099889718479972e-07,-0.00024269442656077445,4.59602233604528e-07,-3.828853368759155e-05,0.03239895775914192,-0.00010368190851295367,6.55151015962474e-05,0.9999998807907104,0.0004872410499956459,0.00508655933663249,0.008517669513821602,-0.14193959534168243,-0.07597235590219498,-0.007323152385652065,0.0007763147004880011,0.005155554506927729,0.0008522607386112213,0.1421898752450943,-0.07474774122238159,0.007990635931491852,-0.0012690629810094833,6.973743438720703e-06,0.0016227825544774532,0.024947278201580048,0.0039954171516001225,0.0040094126015901566,5.190524461795576e-06,7.391121471300721e-06,,,,,3.777090814044495,,1320,0.5083333333333333
11.51666666665625,retreat,11.51666726730764,17.907453416182015,18.069298565387726,-0.014662742614746094,-0.5949203623458743,3.7213648031298576,0.0343264800903853,0.055952909680744456,0.08662470430135727,0.07075995206832886,9.172589302062988,-0.048013658670242876,74,0.09034289419651031,0.07429002970457077,0.008246762678027153,0.004029018338769674,0.009349374871817417,-18.328461885216882,-0.01407448947429657,0.04798737168312073,-0.07073161005973816,0.0704636424779892,-0.006299278698861599,0.001471564406529069,-7.220586849143729e-05,0.0001464347733417526,0.03246893733739853,0.9994726777076721,-0.000641290913335979,-0.0034568312112241983,-7.882082718424499e-05,0.13424238562583923,0.021985972300171852,-0.0026767756789922714,-0.47516313195228577,0.5599237680435181,0.499717116355896,-2.005929946899414,-0.5168254375457764,2.443443775177002,1.1534351110458374,-0.0007565057603642344,-0.00024765433045104146,0.0008885975694283843,-0.0021278781350702047,0.0030028228648006916,0.0031621220987290144,-0.002002021763473749,0.6000009179115295,0.001501415390521288,0.08926169574260712,0.03295757994055748,0.9994567036628723,-1.2406932228259393e-06,-0.00024245530948974192,1.4837132766842842e-07,-3.816373646259308e-05,0.03239886090159416,-9.839432459557429e-05,7.035902672214434e-05,0.9999998807907104,0.0004888844559900463,0.019472971558570862,0.04965704679489136,-0.07291653007268906,-0.07426895946264267,-0.0013553272001445293,0.0011370261199772358,0.019508983939886093,-0.04474584758281708,0.07602007687091827,-0.06709839403629303,0.004085923545062542,-0.001375917112454772,7.212162017822266e-06,0.0016225914005190134,0.024947289377450943,0.0039954278618097305,0.004008183255791664,-0.00032025473774410784,-0.00045627541840076447,,,,,3.777090814044495,,1320,0.5166666666666666
11.524999999989575,retreat,11.52500060107559,17.89737173490649,18.06929111480713,-0.014662742614746094,-0.5943803116679192,3.7215226516698263,0.033450258342782035,0.03956468118525214,0.13889092206954956,0.0701083391904831,9.138810157775879,-0.048603535105939955,75,0.1311759352684021,0.07814551889896393,0.010680153034627438,0.0015113489935174584,0.009497106613707729,-18.328465412062464,-0.02547779679298401,0.06314002722501755,-0.12105745077133179,0.06978781521320343,-0.006528462748974562,0.0014894944615662098,-7.326660124817863e-05,0.00014711807307321578,0.032470542937517166,0.9994727373123169,-0.0006818376714363694,-0.003430296666920185,-9.835422679316252e-05,0.13699769973754883,0.01968972571194172,-0.0020811189897358418,-0.4751647412776947,0.5599237680435181,0.49971896409988403,-2.0059354305267334,-0.5168179869651794,2.4434447288513184,1.1534315347671509,-0.0008210647501982749,-0.00020475868950597942,0.0010943568777292967,-0.0022045166697353125,0.003140415530651808,0.002928932895883918,-0.0019957595504820347,0.5999981760978699,0.001502783503383398,0.08925990015268326,0.032954659312963486,0.9994567632675171,-1.6797973785287468e-06,-0.0002452659246046096,3.0722503652214073e-06,-3.7029385566711426e-05,0.03239711746573448,-0.00010056609608000144,7.179275417001918e-05,0.9999999403953552,0.0004843620117753744,0.019439011812210083,0.0626773089170456,-0.11358171701431274,-0.07797688990831375,-0.005039984360337257,0.0009617744362913072,0.019495511427521706,-0.055059514939785004,0.11745422333478928,-0.06892678886651993,0.00776965357363224,-0.0014420071383938193,7.212162017822266e-06,0.001622671727091074,0.024947281926870346,0.003995437640696764,0.0040082684718072414,-0.0003229786816518754,-0.00046014972031116486,,,,,3.777090814044495,,1320,0.525
11.5333333333229,retreat,11.53333393484354,17.886994962424463,18.068452924489975,-0.014603137969970703,-0.5943481810390949,3.7215226516698263,0.03352921339683235,0.055952909680744456,0.08285962790250778,0.07338839769363403,9.301167488098145,-0.048013658670242876,73,0.048606086522340775,0.0708865225315094,0.042460016906261444,0.0052629560232162476,0.011589348228881136,-18.32762722174531,0.03979054093360901,-0.07244473695755005,0.005847364664077759,0.07318855822086334,-0.005234333220869303,0.001375964260660112,-8.179289579857141e-05,0.0001563592959428206,0.032470110803842545,0.9994726777076721,-0.0005214517586864531,-0.003575825598090887,7.370759703917429e-06,0.1614200323820114,0.02795363962650299,0.0029399069026112556,-0.4751676321029663,0.5599237680435181,0.4997214674949646,-2.0059354305267334,-0.5168201327323914,2.4434475898742676,1.1534364223480225,-0.0006149475229904056,-0.0003812079376075417,0.0005490976036526263,-0.001688063028268516,0.0014682896435260773,0.003077744971960783,-0.0010930810822173953,0.5999990105628967,0.001502509694546461,0.08926057070493698,0.032954275608062744,0.9994568228721619,-3.76817934011342e-06,-0.00024339549418073148,2.1804744392284192e-06,-3.72985377907753e-05,0.03239693492650986,-8.981506107375026e-05,8.27656258479692e-05,0.9999998807907104,0.0004844010400120169,-0.015767579898238182,-0.04270845279097557,-0.017027130350470543,-0.07077216356992722,-0.0039053282234817743,0.0009740047971718013,-0.015759654343128204,0.04373769089579582,0.014184487983584404,-0.0769432783126831,0.0015615287702530622,-0.0010423565981909633,7.68899917602539e-06,0.0016226500738412142,0.024947285652160645,0.0039954474195837975,0.0040082791820168495,-0.00032088064472191036,-0.00045716390013694763,,,,,3.777090814044495,,1320,0.5333333333333333
11.541666666656226,retreat,11.54166726861149,17.876324001155535,18.06870624423027,-0.014722347259521484,-0.5948502803221345,3.718153764775317,0.03431304867262952,0.07912936237050427,0.2275179624557495,0.07235249876976013,9.320693016052246,-0.048013658670242876,76,0.21066324412822723,0.07093893736600876,0.022719308733940125,0.004805526230484247,-0.010784415752368659,-18.327646255032423,0.0008772164583206177,-0.013666842132806778,-0.22710540890693665,0.07208534330129623,-0.006040055304765701,0.0014511632034555078,-7.878219184931368e-05,0.00015565872308798134,0.03244095668196678,0.9994736313819885,-0.0006445154431276023,0.00022897454618941993,1.2392920325510204e-05,-0.14754131436347961,0.022248608991503716,-0.002350402297452092,-0.4751684069633484,0.5599237680435181,0.4997202157974243,-2.0059354305267334,-0.516821563243866,2.4434475898742676,1.1534373760223389,-0.0004489388957154006,-0.000249254226218909,0.0002603387110866606,-0.0017684989143162966,0.002121136523783207,0.002500009024515748,-0.001702430541627109,0.5999990701675415,0.0015012174844741821,0.08926036208868027,0.032954853028059006,0.9994567632675171,-4.568651092995424e-06,-0.00024348053557332605,2.0088182282052003e-06,-3.812788054347038e-05,0.03239692375063896,-9.052466339198872e-05,8.053292549448088e-05,0.9999997615814209,0.0005141515866853297,-0.015120341442525387,-0.0023515482898801565,-0.210106760263443,-0.06979608535766602,-0.012670336291193962,0.0005488956812769175,-0.015018031932413578,0.016187375411391258,0.20950281620025635,-0.07014414668083191,0.010429156944155693,-0.0012049428187310696,7.62939453125e-06,0.0016211946494877338,0.024947382509708405,0.003995442297309637,0.004008384421467781,5.169074029254261e-06,7.364549674093723e-06,,,,,3.777090814044495,,1320,0.5416666666666666
11.549999999989552,retreat,11.550000602379441,17.865359753519297,18.068628013134003,-0.014722347259521484,-0.5947212921455503,3.7187856632110314,0.03369310070411302,0.07912936237050427,0.08090485632419586,0.07075532525777817,9.247861862182617,-0.048603535105939955,76,0.0747203528881073,0.07235691696405411,0.02422996051609516,0.0055815004743635654,-0.010299763511284254,-18.32761196885855,-0.012283682823181152,0.06514738500118256,-0.04637375473976135,0.0704641193151474,-0.006242644973099232,0.0014672188553959131,-8.426132990280166e-05,0.00016287548351101577,0.03244628384709358,0.9994733929634094,-0.0005769935087300837,0.0006415129755623639,-8.583671296946704e-05,-0.14153963327407837,0.023078743368387222,-0.001015479676425457,-0.4751698672771454,0.5599237680435181,0.49972155690193176,-2.0059354305267334,-0.5168166160583496,2.443451404571533,1.1534334421157837,-0.0006938938749954104,-0.00027410523034632206,0.0007526472909376025,-0.0018403265858069062,0.0030180399771779776,0.003170478856191039,-0.002166691003367305,0.5999998450279236,0.0015017609111964703,0.08926091343164444,0.03295234590768814,0.9994568824768066,-4.8034680730779655e-06,-0.00024184455105569214,1.128731128119398e-06,-3.758259117603302e-05,0.032397426664829254,-8.185966726159677e-05,8.653858094476163e-05,0.9999997615814209,0.0005063095595687628,0.01954440213739872,0.04813890531659126,-0.053700968623161316,-0.07233305275440216,-0.001218613120727241,0.0014029389712959528,0.01957068406045437,-0.04449762403964996,0.0567457377910614,-0.06538121402263641,0.003942757844924927,-0.0016337726265192032,7.987022399902344e-06,0.0016214605420827866,0.024947363883256912,0.0039954353123903275,0.0040084789507091045,5.171496013645083e-06,7.3660630732774734e-06,,,,,3.777090814044495,,1320,0.55
11.558333333322878,retreat,11.558333936147392,17.85410312193534,18.068885058164597,-0.014722347259521484,-0.594771234318614,3.7195753855070413,0.033104508474934846,0.08846931922527276,0.20373287796974182,0.07114873081445694,9.19836139678955,-0.048013658670242876,74,0.1904994696378708,0.07624294608831406,0.01938045397400856,0.003698938526213169,-0.009858966383035295,-18.327923934514153,-0.020469754934310913,0.008085981011390686,-0.20254060626029968,0.07084327191114426,-0.006417321041226387,0.0014801472425460815,-7.75970911490731e-05,0.00015422630531247705,0.032453227788209915,0.9994732141494751,-0.0006654862081632018,0.0005277434829622507,-0.00016763928579166532,-0.13725197315216064,0.018158311024308205,-0.005097598303109407,-0.4751710891723633,0.5599237680435181,0.49972257018089294,-2.0059354305267334,-0.5168111324310303,2.443451404571533,1.153429388999939,-0.0005835536285303533,-0.0002109215420205146,0.0005854687187820673,-0.0018877852708101273,0.002845464739948511,0.002418959978967905,-0.0020812114235013723,0.599999725818634,0.0015022912994027138,0.08926108479499817,0.032950419932603836,0.9994568824768066,-4.755209829454543e-06,-0.00024234570446424186,1.2805185178876854e-06,-3.690691664814949e-05,0.032397884875535965,-9.078359289560467e-05,7.952363375807181e-05,0.9999997019767761,0.0004974417970515788,0.007467048708349466,0.027319908142089844,-0.1883823722600937,-0.07570765167474747,-0.00898758415132761,0.0007491396390832961,0.007558540906757116,-0.014852963387966156,0.18976913392543793,-0.0717681422829628,0.009997238405048847,-0.0013754952233284712,7.569789886474609e-06,0.0016218071104958653,0.024947337806224823,0.003995428793132305,0.004008512943983078,5.175033948034979e-06,7.366557838395238e-06,,,,,3.777090814044495,,1320,0.5583333333333333
11.566666666656204,retreat,11.566667269915342,17.84255500882325,18.069011718034744,-0.014662742614746094,-0.5945002194494009,3.7194174544431653,0.03471045783953741,0.09691328065893987,0.1102297306060791,0.07153723388910294,9.247821807861328,-0.048603535105939955,75,0.11627420037984848,0.07240762561559677,0.00927100982517004,0.0023691721726208925,-0.012917194405417831,-18.328039611194804,-0.006200253963470459,0.0031050965189933777,-0.11001139879226685,0.07125773280858994,-0.006145351566374302,0.0014651474775746465,-7.585607090732083e-05,0.00015197202446870506,0.03245190158486366,0.9994732141494751,-0.0007623163401149213,0.00040762871503829956,-6.295896309893578e-05,-0.1781456172466278,0.03254913538694382,0.003258242504671216,-0.47517192363739014,0.5599237680435181,0.4997209906578064,-2.0059354305267334,-0.5168073773384094,2.4434518814086914,1.1534268856048584,-0.0005518919788300991,-0.00024766381829977036,0.000496421183925122,-0.0018388841999694705,0.0025752587243914604,0.0028138309717178345,-0.0019024378852918744,0.5999994874000549,0.0015008761547505856,0.0892607569694519,0.03294967859983444,0.9994568824768066,-6.135368039394962e-06,-0.00024292901798617095,1.6190188034670427e-06,-3.852834925055504e-05,0.032397571951150894,-9.360998956253752e-05,7.906970131443813e-05,0.9999996423721313,0.0004980258527211845,0.013218410313129425,0.013376074843108654,-0.11474338173866272,-0.0723676010966301,-0.002097121672704816,0.001181973610073328,0.01327422447502613,-0.005789993330836296,0.1153688132762909,-0.07044018059968948,0.0039224280044436455,-0.0014086130540817976,7.450580596923828e-06,0.0016217409865930676,0.02494734525680542,0.003995421342551708,0.0040085879154503345,5.032075023336802e-06,7.168069714680314e-06,,,,,3.777090814044495,,1320,0.5666666666666667
11.57499999998953,retreat,11.575000603683293,17.830716316602626,18.068795651197433,-0.014722347259521484,-0.5942753050476313,3.719628027706968,0.03372418359504081,0.08846931922527276,0.17872396111488342,0.06890162825584412,9.079286575317383,-0.048013658670242876,76,0.16677924990653992,0.07666783034801483,0.021884387359023094,0.0037269010208547115,-0.009955148387234658,-18.327838188506234,-0.01728084683418274,0.09282679110765457,-0.15174588561058044,0.06859153509140015,-0.0063544148579239845,0.001502440543845296,-7.962215750012547e-05,0.00015759290545247495,0.03245382383465767,0.9994732141494751,-0.0006214087479747832,0.0006317560910247266,-5.46292430954054e-05,-0.13919442892074585,0.021906858310103416,0.0007638884126208723,-0.4751737713813782,0.5599237680435181,0.49972301721572876,-2.0059354305267334,-0.5168002247810364,2.4434549808502197,1.1534218788146973,-0.000713228655513376,-0.0001569558953633532,0.0009404468000866473,-0.0019974056631326675,0.003338181646540761,0.0030954459216445684,-0.002254658378660679,0.6000001430511475,0.0015018805861473083,0.08926143497228622,0.03294647857546806,0.9994570016860962,-6.43677458356251e-06,-0.00024206556554418057,8.487104423693381e-07,-3.757374361157417e-05,0.03239808604121208,-8.725918451091275e-05,8.335271559190005e-05,0.9999997019767761,0.0004929034621454775,0.014672400429844856,0.08088301867246628,-0.14511367678642273,-0.07654860615730286,-0.004147094674408436,0.0010339280124753714,0.014742927625775337,-0.07115108519792557,0.15011827647686005,-0.0648694783449173,0.006187137216329575,-0.0014124270528554916,7.748603820800781e-06,0.001621836912818253,0.024947337806224823,0.003995415288954973,0.004008641932159662,5.180127118364908e-06,7.378141162917018e-06,,,,,3.777090814044495,,1320,0.575
11.583333333322855,retreat,11.583333937451243,17.818587947693054,18.069127202033997,-0.014722347259521484,-0.594626646488905,3.7196806691629303,0.0338069221470505,0.07912936237050427,0.18575255572795868,0.07224076241254807,9.291648864746094,-0.048013658670242876,76,0.17742446064949036,0.07553043961524963,0.022376570850610733,0.003961886744946241,-0.009933015677233925,-18.328173400250087,-0.011501893401145935,-0.03503808751702309,-0.18205508589744568,0.07195138931274414,-0.006284762639552355,0.001492421142756939,-7.159733650041744e-05,0.00014858630311209708,0.0324542261660099,0.9994731545448303,-0.0006718594813719392,0.00039563982863910496,-0.0001478197518736124,-0.13767825067043304,0.020631887018680573,-0.002423137193545699,-0.47517457604408264,0.5599237680435181,0.4997228682041168,-2.0059354305267334,-0.5167976021766663,2.4434549808502197,1.1534219980239868,-0.0005004602717235684,-0.00019041201448999345,0.00048645713832229376,-0.001863908371888101,0.002283876296132803,0.0024160260800272226,-0.0016514440067112446,0.5999999642372131,0.001501448918133974,0.0892612487077713,0.03294568508863449,0.999457061290741,-7.9583242040826e-06,-0.00024241757637355477,1.0535222827456892e-06,-3.761099651455879e-05,0.03239822760224342,-9.63979764492251e-05,7.654177898075432e-05,0.9999997615814209,0.0004917047917842865,0.007526878267526627,-0.00198546564206481,-0.1772536188364029,-0.07519548386335373,-0.0070501454174518585,0.000884194509126246,0.0076128654181957245,0.013654058799147606,0.17673440277576447,-0.07548940926790237,0.008064265362918377,-0.00138136837631464,7.331371307373047e-06,0.0016218569362536073,0.024947334080934525,0.003995407838374376,0.004008731339126825,5.1832012104569e-06,7.381924660876393e-06,,,,,3.777090814044495,,1320,0.5833333333333334
11.591666666656181,retreat,11.591667271219194,17.80617080451413,18.06907132267952,-0.014722347259521484,-0.594400567933917,3.7195753855070413,0.033461867133155465,0.07912936237050427,0.1515398770570755,0.06956274062395096,9.09911060333252,-0.048013658670242876,75,0.15045183897018433,0.07329567521810532,0.014338959939777851,0.0038272670935839415,-0.01008960761828348,-18.328110199029076,-0.018793627619743347,0.05579189956188202,-0.13963666558265686,0.06925221532583237,-0.006390583701431751,0.0015053394017741084,-7.713424565736204e-05,0.00015417076065205038,0.03245338797569275,0.9994731545448303,-0.0006416416144929826,0.0005156102706678212,-8.228369551943615e-05,-0.14131779968738556,0.020771628245711327,-0.0024609698448330164,-0.47517555952072144,0.5599237680435181,0.49972379207611084,-2.0059354305267334,-0.516793429851532,2.4434564113616943,1.1534202098846436,-0.0006165144732221961,-0.00017283194756601006,0.0007517235935665667,-0.0019718126859515905,0.002780715236440301,0.0029434463940560818,-0.0018980423919856548,0.6000002026557922,0.0015019183047115803,0.08926145732402802,0.03294401988387108,0.9994571805000305,-8.67614107846748e-06,-0.00024205868248827755,7.934231689432636e-07,-3.7270598113536835e-05,0.03239840641617775,-9.06661880435422e-05,8.298886677948758e-05,0.9999997615814209,0.0004908717819489539,0.021616436541080475,0.05142104625701904,-0.1397296041250229,-0.07326958328485489,-0.0016064690425992012,0.0011148677440360188,0.021684052422642708,-0.04210864007472992,0.14280204474925995,-0.06584655493497849,0.004648048430681229,-0.0013912306167185307,7.569789886474609e-06,0.0016218150267377496,0.024947337806224823,0.003995402250438929,0.004008809570223093,5.184579094930086e-06,7.387076038867235e-06,,,,,3.777090814044495,,1320,0.5916666666666667
11.599999999989507,retreat,11.600000604987144,17.793465789485445,18.069175630807877,-0.014722347259521484,-0.5942413117736578,3.7198912275477767,0.03368464604136534,0.07912936237050427,0.19299443066120148,0.07043038308620453,9.142473220825195,-0.048013658670242876,76,0.1887461096048355,0.07501014322042465,0.007868881337344646,0.0011933943023905158,-0.009937965427525342,-18.328236472133586,-0.015818282961845398,0.010476350784301758,-0.19205957651138306,0.07012755423784256,-0.006349299568682909,0.0015003273729234934,-7.4646326538641e-05,0.0001500762446084991,0.03245631232857704,0.9994730949401855,-0.0006686224369332194,0.00045657833106815815,-0.0001091078738681972,-0.13937288522720337,0.019309869036078453,-0.003761783242225647,-0.4751764237880707,0.5599237680435181,0.49972447752952576,-2.0059354305267334,-0.5167903900146484,2.4434564113616943,1.153420090675354,-0.0005402149399742484,-0.0001591084583196789,0.0006206618272699416,-0.0019622372929006815,0.0024596943985670805,0.0026544975116848946,-0.0016972136218100786,0.6000002026557922,0.0015018233098089695,0.08926156163215637,0.03294295072555542,0.9994571208953857,-1.0200482392974664e-05,-0.00024229961854871362,8.122578947222792e-07,-3.746943548321724e-05,0.032398585230112076,-9.496526035945863e-05,8.188172796508297e-05,0.9999997615814209,0.00048688051174394786,0.011961842887103558,0.028157006949186325,-0.18625034391880035,-0.07478570938110352,-0.0057226987555623055,0.0009329144959338009,0.012052052654325962,-0.015831712633371353,0.18769438564777374,-0.07072526961565018,0.007375969551503658,-0.001386858755722642,7.3909759521484375e-06,0.0016219611279666424,0.024947330355644226,0.0039953975938260555,0.004008848685771227,5.1869574235752225e-06,7.386028300970793e-06,,,,,3.777090814044495,,1320,0.6
11.608333333322832,retreat,11.608333938755095,17.780473805026592,18.069235235452652,-0.014662742614746094,-0.5940163973718882,3.7199965022772394,0.033545591577421874,0.055952909680744456,0.17883403599262238,0.06962322443723679,9.098149299621582,-0.048013658670242876,75,0.1779821664094925,0.07427401095628738,0.006108000874519348,0.001871102605946362,-0.010121632818481885,-18.328303398021493,-0.016971558332443237,0.04010075330734253,-0.1734517514705658,0.06931328773498535,-0.00638221949338913,0.001525911153294146,-7.242663559736684e-05,0.00014946777082514018,0.0324568897485733,0.9994731545448303,-0.0006487333448603749,0.0004963883548043668,-0.00011048604210373014,-0.14236535131931305,0.019872982054948807,-0.001990238204598427,-0.4751773178577423,0.5599237680435181,0.4997250437736511,-2.0059354305267334,-0.5167868733406067,2.4434573650360107,1.1534197330474854,-0.0005735184531658888,-0.00014075174112804234,0.0007211139309220016,-0.002016734331846237,0.0025760908611118793,0.0028867607470601797,-0.001723760855384171,0.6000003814697266,0.001502153929322958,0.08926180750131607,0.032941631972789764,0.9994572401046753,-1.1260561223025434e-05,-0.0002420930250082165,6.820046110078692e-07,-3.7297606468200684e-05,0.03239889815449715,-9.533239790471271e-05,8.070805779425427e-05,0.9999998807907104,0.0004849850374739617,0.017774609848856926,0.045434754341840744,-0.17116482555866241,-0.07420352101325989,-0.003052813233807683,0.0010708196787163615,0.017857268452644348,-0.03406604006886482,0.17377644777297974,-0.06764642894268036,0.005540766287595034,-0.0014052336337044835,7.331371307373047e-06,0.0016219901153817773,0.024947330355644226,0.00399539340287447,0.004008963704109192,5.189504463487538e-06,7.391558028757572e-06,,,,,3.777090814044495,,1320,0.6083333333333333
11.616666666656158,retreat,11.616667272523046,17.76719575355716,18.069324642419815,-0.014662742614746094,-0.5943631986156106,3.719628027706968,0.03483480395516381,0.06852804166478502,0.19647599756717682,0.071445532143116,9.244373321533203,-0.048013658670242876,75,0.19338001310825348,0.07337821274995804,0.012199814431369305,0.0011841943487524986,-0.010265469740261324,-18.328367179728616,-0.013528898358345032,-0.017339468002319336,-0.19524121284484863,0.07114730775356293,-0.006341549567878246,0.001519813435152173,-6.860794383101165e-05,0.00014566771278623492,0.03245403990149498,0.9994731545448303,-0.0006629954441450536,0.0003812505165114999,-0.0001513648749096319,-0.14322960376739502,0.02001405693590641,-0.0022643953561782837,-0.4751778542995453,0.5599237680435181,0.49972298741340637,-2.0059354305267334,-0.5167868733406067,2.4434573650360107,1.1534225940704346,-0.00045475829392671585,-0.0001676347601460293,0.0004516234912443906,-0.0019547753036022186,0.0020797799807041883,0.002624175976961851,-0.0014780638739466667,0.6000003218650818,0.0015004570595920086,0.08926142007112503,0.032942112535238266,0.9994572401046753,-1.3995158042234834e-05,-0.00024234058219008148,7.63073330745101e-07,-3.865640610456467e-05,0.032398521900177,-9.934181434800848e-05,7.94905427028425e-05,0.9999998211860657,0.0004883125075139105,0.012276592664420605,0.00729322386905551,-0.19285207986831665,-0.07318385690450668,-0.005259932950139046,0.0009046740015037358,0.012370102107524872,0.005421076901257038,0.19290784001350403,-0.07213800400495529,0.00696203438565135,-0.0013305098982527852,7.152557373046875e-06,0.0016218475066125393,0.024947337806224823,0.0039953915402293205,0.004008993040770292,5.188753675611224e-06,7.392052793875337e-06,,,,,3.777090814044495,,1320,0.6166666666666667
11.624999999989484,retreat,11.625000606290996,17.753632537496742,18.0691160261631,-0.014662742614746094,-0.5941370036453009,3.7199965022772394,0.033596526918699965,0.07912936237050427,0.20340083539485931,0.06793279200792313,9.024147987365723,-0.048013658670242876,75,0.19089874625205994,0.07627478241920471,0.029143502935767174,0.005253174342215061,-0.010294973370037042,-18.328184188731942,-0.03305654227733612,0.11360597610473633,-0.1654474139213562,0.06758559495210648,-0.006682680919766426,0.0015470668440684676,-7.541602826677263e-05,0.00015305099077522755,0.03245716542005539,0.9994730949401855,-0.0006550746038556099,0.0006426745094358921,-0.00010882482456509024,-0.14558503031730652,0.019539425149559975,-0.0013578451471403241,-0.4751792550086975,0.5599237680435181,0.4997251033782959,-2.0059354305267334,-0.5167810916900635,2.443460702896118,1.1534202098846436,-0.0007297465344890952,-0.00011313922732369974,0.0010953355813398957,-0.0021818794775754213,0.003143361769616604,0.003171124728396535,-0.0019744373857975006,0.6000009179115295,0.0015017800033092499,0.08926204591989517,0.032939281314611435,0.9994572401046753,-1.4642085261584725e-05,-0.00024124153424054384,9.742689144331962e-08,-3.740610554814339e-05,0.03239899128675461,-9.110476094065234e-05,8.721570338821039e-05,0.9999997615814209,0.000482355389976874,0.031859178096055984,0.09549229592084885,-0.16219909489154816,-0.0762590691447258,-0.0009746119612827897,0.001203066436573863,0.031936269253492355,-0.08460683375597,0.16811920702457428,-0.06246986985206604,0.00548891257494688,-0.0015364163555204868,7.510185241699219e-06,0.0016220038523897529,0.024947330355644226,0.003995389677584171,0.004009000491350889,5.190623596718069e-06,7.3927221819758415e-06,,,,,3.777090814044495,,1320,0.625
11.63333333332281,retreat,11.633333940058947,17.73978505926493,18.06943267583847,-0.014662742614746094,-0.5944749573245645,3.7202596760859534,0.034181372029706836,0.055952909680744456,0.2456800490617752,0.0719565823674202,9.265007972717285,-0.048013658670242876,75,0.23419426381587982,0.07575444877147675,0.02850492298603058,0.005153473000973463,-0.01004417979856953,-18.328519140606186,-0.020714759826660156,-0.047426529228687286,-0.2401672601699829,0.07164563238620758,-0.006501026451587677,0.0015459602000191808,-6.537314038723707e-05,0.0001413073332514614,0.03245918080210686,0.9994730949401855,-0.0007112973253242671,0.0003781344566959888,-0.00018061758601106703,-0.14076219499111176,0.01770883984863758,-0.0033491391222923994,-0.4751799404621124,0.5599237680435181,0.49972468614578247,-2.0059354305267334,-0.5167812705039978,2.443460702896118,1.1534249782562256,-0.0004726772604044527,-0.0001632057537790388,0.000529344251845032,-0.0020464363042265177,0.0018733852775767446,0.0023008687421679497,-0.001269781612791121,0.6000010371208191,0.0015009180642664433,0.08926207572221756,0.03293945640325546,0.9994572997093201,-1.7574120647623204e-05,-0.0002410714514553547,-2.6617271942086518e-08,-3.7962570786476135e-05,0.03239931911230087,-0.00010244087752653286,7.973257743287832e-05,0.9999998807907104,0.00048051649355329573,0.01436995156109333,-0.0052192555740475655,-0.23369470238685608,-0.07543550431728363,-0.006898701190948486,0.0007932932930998504,0.014482936821877956,0.020594397559762,0.23283706605434418,-0.07619860768318176,0.008906945586204529,-0.0013453211868181825,6.973743438720703e-06,0.0016221043188124895,0.02494731917977333,0.003995390143245459,0.00400907825678587,5.190825049794512e-06,7.390277460217476e-06,,,,,3.777090814044495,,1320,0.6333333333333333
11.641666666656135,retreat,11.641667273826897,17.725654221281314,18.06945502758026,-0.014603137969970703,-0.5941980052739382,3.720101774031732,0.03306069629616104,0.055952909680744456,0.21600158512592316,0.06830254942178726,9.024282455444336,-0.048013658670242876,76,0.20990358293056488,0.07420126348733902,0.022513380274176598,0.005207296926528215,-0.010534313434618525,-18.328530511184457,-0.0364728718996048,0.08610659837722778,-0.19471022486686707,0.06794857978820801,-0.006764488760381937,0.0015717422356829047,-6.845893221907318e-05,0.00014591898070648313,0.03245801106095314,0.9994730949401855,-0.0006920535233803093,0.00056673918152228,-0.00013278418919071555,-0.1494806557893753,0.017804676666855812,-0.003064300399273634,-0.4751809239387512,0.5599237680435181,0.4997255206108093,-2.0059499740600586,-0.5167772769927979,2.443462371826172,1.1534254550933838,-0.0006677748751826584,-0.00012712851457763463,0.0009709392907097936,-0.0022771661169826984,0.002737062517553568,0.003012638073414564,-0.0016966931289061904,0.5999945402145386,0.00150295440107584,0.08925705403089523,0.03293745964765549,0.9994572997093201,-1.7435198969906196e-05,-0.00024740336812101305,6.93732454237761e-06,-3.574974834918976e-05,0.03239443525671959,-0.00010425434447824955,8.262370101874694e-05,0.9999998807907104,0.0004796887224074453,0.03692641109228134,0.07647797465324402,-0.19195590913295746,-0.07419002056121826,0.0005032874178141356,0.0011895825155079365,0.03702013939619064,-0.06367572396993637,0.1965564787387848,-0.06314894556999207,0.004747179336845875,-0.0014721746556460857,7.152557373046875e-06,0.0016220459947362542,0.024947326630353928,0.0039953915402293205,0.00400912668555975,5.191181571717607e-06,7.393944542855024e-06,,,,,3.777090814044495,,1320,0.6416666666666666
11.649999999989461,retreat,11.650000607594848,17.711240925965484,18.06708574295044,-0.01436471939086914,-0.5936514353379607,3.719470098875172,0.031911400583339855,0.08846931922527276,0.22045356035232544,0.07519153505563736,9.411246299743652,-0.048013658670242876,75,0.13531598448753357,0.06456101685762405,0.09043671935796738,0.010298337787389755,-0.006264978706894908,-18.32611729722563,0.08761732280254364,-0.17083364725112915,0.10834592580795288,0.07505790144205093,-0.004273600876331329,0.0013470714911818504,-9.062937897397205e-05,0.00017337275494355708,0.03245222568511963,0.9994732141494751,-0.00034413437242619693,0.00032574255601502955,0.00011218238796573132,-0.08465012907981873,0.035312626510858536,0.009898357093334198,-0.47518664598464966,0.5599194169044495,0.49973222613334656,-2.0059499740600586,-0.5167907476425171,2.4434781074523926,1.1534359455108643,-0.00043213902972638607,-0.0005861045210622251,0.00013142035459168255,-0.0011995258973911405,-0.0002013813063967973,0.003335209097713232,-0.00019722257275134325,0.5999995470046997,0.0015036584809422493,0.08926180750131607,0.03293811157345772,0.9994572997093201,-1.7345975720672868e-05,-0.0002356268814764917,1.407296622346621e-06,-3.579119220376015e-05,0.0323968268930912,-6.577132444363087e-05,0.0001059785281540826,0.9999997019767761,0.00048612395767122507,-0.035310570150613785,-0.12074890732765198,0.04983252286911011,-0.06452810019254684,-0.0018209356348961592,0.0009661412914283574,-0.03533178195357323,0.1172076165676117,-0.057657938450574875,-0.08197115361690521,-0.0033328495919704437,-0.0007109760190360248,8.52346420288086e-06,0.0016217574011534452,0.02494734153151512,0.0039953929372131824,0.004009133204817772,5.194759069127031e-06,7.398455636575818e-06,,,,,3.777090814044495,,1320,0.65
11.658333333322787,retreat,11.658333941362798,17.69654607573704,18.067260831594467,-0.014960765838623047,-0.5931382765993476,3.7129365050563172,0.0357436656486243,0.06852804166478502,0.6254830360412598,0.076914481818676,9.143963813781738,-0.047948113206075504,84,0.5512844920158386,0.0731002539396286,0.09747152030467987,0.01815681718289852,-0.006561455593327992,-18.325838010617456,-0.0778464823961258,-0.06596945226192474,-0.6171036958694458,0.07652081549167633,-0.00767442537471652,0.0012270078295841813,-3.729166928678751e-05,0.00015796996012795717,0.03239554911851883,0.9994751214981079,-0.0002300876221852377,0.0002269915712531656,-5.749176489189267e-05,-0.0870916098356247,-0.016683099791407585,-0.07951758056879044,-0.4751874804496765,0.559917688369751,0.4997284412384033,-2.0059499740600586,-0.5167961716651917,2.4434781074523926,1.1534360647201538,-0.00011707935482263565,-0.0002343601081520319,-0.0004336852580308914,-0.0019149945583194494,0.0022312167566269636,0.0008100150735117495,-0.002091173082590103,0.599999725818634,0.001500412356108427,0.08926215022802353,0.03294104337692261,0.9994571805000305,-1.7195503460243344e-05,-0.00023493217304348946,5.871888788533397e-07,-3.976607695221901e-05,0.03239709511399269,-7.87107419455424e-05,5.2054805564694107e-05,0.9999998211860657,0.0005457781371660531,0.009350916370749474,-0.017611991614103317,-0.550923764705658,-0.06909597665071487,-0.023861899971961975,-5.3962256060913205e-05,0.009610598906874657,0.05384961515665054,0.5485641360282898,-0.07166174799203873,0.02516557089984417,-0.0015724141849204898,7.808208465576172e-06,0.001618927693925798,0.024947524070739746,0.003995398059487343,0.004009242635220289,5.185641384741757e-06,7.384165655821562e-06,,,,,3.777090814044495,,1320,0.6583333333333333
11.666666666656113,retreat,11.666667275130749,17.681570573015566,18.067666888237,-0.014185905456542969,-0.5936239613220096,3.7142546855617327,0.03658747664303519,0.03956468118525214,0.11045663058757782,0.07306607812643051,9.006649017333984,-0.04683388033299707,73,0.09026270359754562,0.07277940958738327,0.07078366726636887,0.01722399704158306,-0.0068389296502573416,-18.326335739682,-0.02177080512046814,0.10770973563194275,0.01119425892829895,0.07280275225639343,-0.006057778373360634,0.0013092657318338752,-4.846555020776577e-05,0.0001564122358104214,0.032407116144895554,0.9994747638702393,-0.0005565887549892068,0.000585038389544934,-9.056988346856087e-06,-0.08983249217271805,0.024489497765898705,0.0007078344351612031,-0.47518840432167053,0.559917688369751,0.49972501397132874,-2.0059499740600586,-0.5167887806892395,2.4434876441955566,1.1534277200698853,-0.0006647826521657407,-0.0004019691841676831,0.0005612688837572932,-0.0020728425588458776,0.003669541794806719,0.0038996324874460697,-0.002743780380114913,0.6000012755393982,0.0014988766051828861,0.0892624482512474,0.03293786570429802,0.9994573593139648,-1.7608390407986008e-05,-0.00023196879192255437,-3.7845984479645267e-07,-4.065409302711487e-05,0.032397735863924026,-7.768747309455648e-05,6.367429159581661e-05,0.9999999403953552,0.0005310196429491043,0.05886965990066528,0.063980832695961,-0.02425224892795086,-0.07105967402458191,0.01559878047555685,0.002010821830481291,0.05887965112924576,-0.06224820017814636,0.028384892269968987,-0.061818499118089676,-0.007207687012851238,-0.0015084345359355211,7.748603820800781e-06,0.0016195051139220595,0.02494749054312706,0.0039954050444066525,0.004009330179542303,5.179898835194763e-06,7.378432201221585e-06,,,,,3.777090814044495,,1320,0.6666666666666666
11.674999999989438,retreat,11.6750006088987,17.666315320220654,18.067625910043716,-0.014781951904296875,-0.5934707587584853,3.7148872462959464,0.03595434463932179,0.08846931922527276,0.45708367228507996,0.07384386658668518,9.081689834594727,-0.048013658670242876,84,0.4073513150215149,0.08856095373630524,0.06422179937362671,0.01164967380464077,-0.007826362707419321,-18.326338752664633,-0.1175423115491867,0.08784672617912292,-0.4328882396221161,0.07336793839931488,-0.008275436237454414,0.0012568715028464794,-3.220729195163585e-05,0.00015252448793035,0.032412417232990265,0.9994744658470154,-0.00027007964672520757,0.0006769105093553662,-9.567319648340344e-05,-0.10466783493757248,-0.021763844415545464,-0.08754471689462662,-0.47519412636756897,0.5599170923233032,0.499728798866272,-2.0059549808502197,-0.5167746543884277,2.4434876441955566,1.1534171104431152,-0.0007640904514119029,-0.0002430977183394134,0.0008951493073254824,-0.002657212782651186,0.004650183022022247,0.0018107633804902434,-0.003246554872021079,0.5999987721443176,0.0014994111843407154,0.08926136791706085,0.032932672649621964,0.9994574785232544,-1.8378812455921434e-05,-0.00023528192832600325,1.7445354387746193e-06,-3.986340016126633e-05,0.03239663317799568,-8.437310316367075e-05,4.7958495997590944e-05,0.9999997019767761,0.0005205222987569869,0.06724599748849869,0.10212922096252441,-0.38856491446495056,-0.08796520531177521,-0.010254447348415852,0.00010855273285415024,0.06742704659700394,-0.07633206248283386,0.39441341161727905,-0.0732259526848793,0.019923532381653786,-0.0013857327867299318,7.569789886474609e-06,0.0016197693767026067,0.024947471916675568,0.0039954157546162605,0.004009427037090063,5.18262640980538e-06,7.381197065114975e-06,,,,,3.777090814044495,,1320,0.675
11.683333333322764,retreat,11.68333394266665,17.6507812197719,18.06759238243103,-0.013947486877441406,-0.5934220971539617,3.71652086390757,0.034228894946863875,0.06852804166478502,0.06848039478063583,0.07300767302513123,9.02306842803955,-0.04683388033299707,76,0.09533457458019257,0.07904496043920517,0.061850279569625854,0.01369029562920332,0.0024733992067922372,-18.326418834170497,0.03864531219005585,0.02105477824807167,-0.052467137575149536,0.07283758372068405,-0.004836183041334152,0.0011909871827811003,-3.8128302549012005e-05,0.00014401883527170867,0.03242678567767143,0.9994741082191467,-0.0005576321855187416,-0.001966903218999505,-4.3151347199454904e-05,0.03650207817554474,0.025840990245342255,0.0023875345941632986,-0.47519975900650024,0.5599170923233032,0.49973413348197937,-2.0059549808502197,-0.5167675018310547,2.443500280380249,1.1534138917922974,-0.0007451742421835661,-0.0004080110229551792,0.0008282666094601154,-0.0022285159211605787,0.0028738235123455524,0.004079917445778847,-0.0019416561117395759,0.6000015139579773,0.001500896643847227,0.0892631933093071,0.03292704373598099,0.9994577169418335,-1.9812783648376353e-05,-0.0002295825252076611,-5.280608093016781e-07,-3.818236291408539e-05,0.0323985256254673,-8.741674537304789e-05,5.5207252444233745e-05,0.9999998211860657,0.0005005156272090971,0.00938020832836628,0.03299129009246826,-0.08895092457532883,-0.07838089764118195,0.010105173103511333,0.001557691371999681,0.009420336224138737,-0.027065657079219818,0.09092516452074051,-0.07361898571252823,-0.008829569444060326,-0.0009443710441701114,7.152557373046875e-06,0.001620486960746348,0.024947423487901688,0.003995413891971111,0.00400819955393672,-2.569635398685932e-06,-3.6658893804997206e-06,,,,,3.777090814044495,,1320,0.6833333333333333
11.69166666665609,retreat,11.6916672764346,17.634969174088894,18.0683933198452,-0.013887882232666016,-0.593828153796494,3.715519699488726,0.03476078563835472,0.055952909680744456,0.48455673456192017,0.07395774871110916,9.135276794433594,-0.0473582222184632,75,0.4450634717941284,0.08213231712579727,0.057031646370887756,0.010461189784109592,0.011936108858208172,-18.32715014613158,-0.03768528997898102,-0.026760680601000786,-0.482347309589386,0.07366833835840225,-0.006402542814612389,0.001316045643761754,-2.5213395929313265e-05,0.00012852011423092335,0.032417990267276764,0.9994744658470154,-0.0008202914614230394,-0.0034694450441747904,-0.00020198151469230652,0.15979790687561035,0.012172378599643707,-0.006994803436100483,-0.47520071268081665,0.5599165558815002,0.49973201751708984,-2.005969524383545,-0.5167647004127502,2.443500280380249,1.153411626815796,-0.00040717708179727197,-0.00021452542569022626,0.000273885641945526,-0.002380110789090395,0.002642824547365308,0.0021056928671896458,-0.001970532350242138,0.5999943614006042,0.0015008528716862202,0.08925752341747284,0.032926566898822784,0.9994577169418335,-1.9040395272895694e-05,-0.0002371891459915787,7.1728663897374645e-06,-3.746990114450455e-05,0.0323936864733696,-0.00011006181739503518,4.076937329955399e-05,0.9999998807907104,0.0005088436882942915,0.0014710640534758568,0.02631296217441559,-0.44428253173828125,-0.08051799982786179,-0.016203420236706734,-0.00013489762204699218,0.0016816746210679412,0.0029855482280254364,0.4450499713420868,-0.07673291116952896,0.016396522521972656,-0.0009095312561839819,6.377696990966797e-06,0.0016200478421524167,0.024947457015514374,0.003995425533503294,0.0040082973428070545,-0.00031211719033308327,-0.0004446767270565033,,,,,3.777090814044495,,1320,0.6916666666666667
11.699999999989416,retreat,11.70000061020255,17.618880085591226,18.065860122442245,-0.013768672943115234,-0.5928061436861753,3.714307403065077,0.03341250339872204,0.055952909680744456,0.239196315407753,0.07551918178796768,9.221273422241211,-0.048013658670242876,77,0.15148359537124634,0.0678008571267128,0.10681720823049545,0.01527100894600153,-0.005133956401550677,-18.324532640105524,0.07742618024349213,-0.04751664400100708,0.22127410769462585,0.0754065066576004,-0.003970953170210123,0.0011120731942355633,-6.418037810362875e-05,0.0001765821361914277,0.032407138496637344,0.9994747638702393,-0.0003031975356861949,0.00044683582382276654,0.00034252385376021266,-0.0671638771891594,0.03673122078180313,0.01018178928643465,-0.47520744800567627,0.5599063038825989,0.49973997473716736,-2.005969524383545,-0.5167725086212158,2.443528413772583,1.1534184217453003,-0.0006756352377124131,-0.0007392109255306423,0.00045109348138794303,-0.0014648281503468752,0.0011177767300978303,0.00432240404188633,-0.001062412397004664,0.6000030040740967,0.0015025022439658642,0.08926685154438019,0.03292420133948326,0.9994577765464783,-1.932379018398933e-05,-0.0002175041299778968,-2.6217303457087837e-06,-3.713741898536682e-05,0.03240050747990608,-4.364051710581407e-05,8.222517499234527e-05,0.9999998807907104,0.0005173258250579238,-0.003506573848426342,-0.05592149868607521,0.14074008166790009,-0.06692827492952347,0.010701256804168224,0.0017452819738537073,-0.0035665857139974833,0.046537965536117554,-0.14411376416683197,-0.07500313967466354,-0.011294079944491386,-0.0009713717154227197,8.702278137207031e-06,0.0016195063944905996,0.02494748681783676,0.003995422273874283,0.004008360672742128,5.173161298444029e-06,7.369380909949541e-06,,,,,3.777090814044495,,1320,0.7
11.708333333322742,retreat,11.708333943970501,17.60251485669849,18.069853633642197,-0.01341104507446289,-0.5938519025221467,3.712092624222409,0.038186044548638165,0.03956468118525214,1.245368242263794,0.0707118883728981,8.94562816619873,-0.046768338506808504,74,1.1092060804367065,0.09207742661237717,0.17402684688568115,0.022819938138127327,-0.011770740617066622,-18.3283721251832,-0.010263115167617798,0.026325926184654236,-1.245047688484192,0.07046344131231308,-0.005793308839201927,0.001229510293342173,9.398781003255863e-06,7.736657425994053e-05,0.03238833323121071,0.9994754195213318,-0.0010423654457554221,8.035957580432296e-05,-0.00037436472484841943,-0.16716685891151428,0.0009273553732782602,-0.015420795418322086,-0.47520026564598083,0.5599114298820496,0.4997250437736511,-2.0059971809387207,-0.5167667865753174,2.4435207843780518,1.1534099578857422,0.0004340668092481792,0.0004912827862426639,-0.0009375677909702063,-0.002584912581369281,0.0035422726068645716,0.0016633610939607024,-0.0027898524422198534,0.5999863147735596,0.001500996295362711,0.08925113081932068,0.03292558714747429,0.9994577169418335,-1.605042962182779e-05,-0.00023916484497021884,1.5815765436855145e-05,-3.691483289003372e-05,0.03238876909017563,-0.00016192767361644655,1.4476431715593208e-06,0.9999999403953552,0.0005375458276830614,-0.0933942049741745,0.10234429687261581,-1.1005187034606934,-0.08199961483478546,-0.041880372911691666,-0.0005921961273998022,-0.09286858141422272,-0.02968674898147583,1.1049124002456665,-0.06725485622882843,0.028386542573571205,-0.001248390763066709,3.874301910400391e-06,0.0016185671556741,0.024947546422481537,0.003995419945567846,0.004008336924016476,5.163792593521066e-06,7.356313290074468e-06,,,,,3.777090814044495,,1320,0.7083333333333334
11.716666666656067,retreat,11.716667277738452,17.585874389830277,18.06456744670868,-0.013947486877441406,-0.5930156912654638,3.717890442107495,0.028428519726730883,0.07912936237050427,1.2574526071548462,0.07402782887220383,9.380292892456055,-0.047948113206075504,77,0.9966967701911926,0.06897859275341034,0.3200821578502655,0.04439244419336319,-0.003618725808337331,-18.32348914491592,0.24598868191242218,-0.051790349185466766,1.2320691347122192,0.07402022927999496,0.00022581848315894604,0.0010360708693042397,-0.00016049473197199404,0.00024175777798518538,0.03243828937411308,0.9994736313819885,-9.967247024178505e-05,0.0006823974545113742,0.0008900418179109693,-0.05809465050697327,0.09834098070859909,0.02333005517721176,-0.4752103090286255,0.5599022507667542,0.49973776936531067,-2.0059971809387207,-0.5167843103408813,2.4435842037200928,1.1534239053726196,-0.000794070539996028,-0.001048778067342937,0.0006006389739923179,7.015038863755763e-05,-0.000537702813744545,0.007940192706882954,-9.776683145901188e-05,0.6000022888183594,0.0015059891156852245,0.08926325291395187,0.03291873633861542,0.9994578957557678,-1.507854994997615e-05,-0.00020190734358038753,-3.1060153560247272e-06,-3.2773707062006e-05,0.0323958657681942,3.404973176657222e-05,0.00017688806110527366,0.9999997615814209,0.0004806675133295357,-0.030863067135214806,-0.11983813345432281,0.9889847040176392,-0.05607147142291069,0.04002700001001358,0.0034460294991731644,-0.03126119077205658,0.054502785205841064,-0.9947142601013184,-0.0733538419008255,-0.044609811156988144,-0.0004826278309337795,1.1801719665527344e-05,0.001621062750928104,0.024947386234998703,0.0039954171516001225,0.004008383024483919,5.181332198844757e-06,7.379363523796201e-06,,,,,3.777090814044495,,1320,0.7166666666666667
11.724999999989393,retreat,11.725000611506402,17.568959587406177,18.06580424308777,-0.01341104507446289,-0.5930345505475998,3.704911887377662,0.0409460008086171,0.06852804166478502,1.6803314685821533,0.08401796966791153,9.134027481079102,-0.046702803956577554,81,1.4188331365585327,0.11579680442810059,0.35580864548683167,0.06904882937669754,-0.0032771576079539955,-18.32382334980945,-0.2023552507162094,-0.29068654775619507,-1.6425795555114746,0.08352163434028625,-0.00909158680588007,0.0007061343640089035,2.7361938919057138e-05,0.00013251205382402986,0.032325368374586105,0.9994773864746094,-0.0007733194506727159,-0.00015095598064363003,-0.00030018307734280825,-0.052003201097249985,-0.040402982383966446,-0.07908708602190018,-0.47520944476127625,0.5598970651626587,0.49972859025001526,-2.0059971809387207,-0.5167924165725708,2.4435384273529053,1.1534180641174316,0.0007431925041601062,3.523936902638525e-05,-0.0020965614821761847,-0.0014623496681451797,0.002362227300181985,-0.004472943022847176,-0.0030167268123477697,0.5999938249588013,0.0014956267550587654,0.08926082402467728,0.0329328253865242,0.9994574785232544,-1.3305972061061766e-05,-0.00022149368305690587,7.15804890205618e-06,-4.392862319946289e-05,0.03239399194717407,-8.846438868204132e-05,-1.6842875993461348e-05,0.9999998211860657,0.0006077903090044856,-0.04338233917951584,-0.09611433744430542,-1.4149090051651,-0.08014164865016937,-0.0835011899471283,-0.0037102862261235714,-0.04275347664952278,0.18905098736286163,1.405531644821167,-0.09408637136220932,0.07732442766427994,-0.0013437372399494052,6.67572021484375e-06,0.0016154234763234854,0.024947751313447952,0.003995414823293686,0.004008372779935598,5.3162693802732974e-06,7.574097253382206e-06,,,,,3.777090814044495,,1320,0.725
11.733333333322719,retreat,11.733333945274353,17.551771351845783,18.065278977155685,-0.012814998626708984,-0.5922595737501979,3.708715183409323,0.03611076681409031,0.07912936237050427,0.6319171786308289,0.06895628571510315,8.568693161010742,-0.046768338506808504,72,0.3994629681110382,0.09066708385944366,0.2823438346385956,0.0660606399178505,-0.003795586177147925,-18.32356258485702,0.12393245100975037,0.4266412556171417,0.4493742883205414,0.06891781091690063,-0.002224469557404518,0.0005968015175312757,-1.7870028386823833e-05,0.0001665650197537616,0.03235858306288719,0.9994762539863586,-2.151678199879825e-05,0.00139342132024467,0.00033142443862743676,-0.05452783405780792,0.04802241548895836,0.02201257459819317,-0.47521066665649414,0.5598970651626587,0.49972739815711975,-2.0059971809387207,-0.5167711973190308,2.4435794353485107,1.1534026861190796,-0.0008017691434361041,-0.0001451965217711404,0.001108714146539569,-0.001594249508343637,0.006274897139519453,0.0083903344348073,-0.004277714528143406,0.6000014543533325,0.0014992873184382915,0.08926378190517426,0.03291916474699974,0.9994579553604126,-1.4378648302226793e-05,-0.000205192161956802,-9.275945558329113e-07,-4.032393917441368e-05,0.032396625727415085,-3.9667371311225e-05,3.107486918452196e-05,0.9999997615814209,0.0005608723149634898,0.04649129882454872,0.23324577510356903,0.3209449052810669,-0.06755863130092621,0.060233134776353836,0.00532176997512579,0.04635579138994217,-0.2538611888885498,-0.30492010712623596,-0.0338522344827652,-0.053749002516269684,-0.0017732091946527362,8.285045623779297e-06,0.0016170819289982319,0.024947643280029297,0.003995411563664675,0.00400844169780612,5.159938154974952e-06,7.3579722084105015e-06,,,,,3.777090814044495,,1320,0.7333333333333333
11.741666666656045,retreat,11.741667279042304,17.53431058556869,18.066340684890747,-0.01329183578491211,-0.591872027143836,3.7106153716062447,0.034407497878419235,0.03956468118525214,0.9223698377609253,0.07815665006637573,8.896894454956055,-0.046702803956577554,79,0.7992174625396729,0.11692893505096436,0.18566782772541046,0.04401620849967003,-0.003713954094564542,-18.32475644113224,-0.13483791053295135,-0.04154341295361519,-0.9115146398544312,0.07777348160743713,-0.0076981475576758385,0.0006971778348088264,3.265642953920178e-05,0.00013231401680968702,0.03237532451748848,0.9994758367538452,-0.00046047315117903054,0.0006703076069243252,-0.00024545518681406975,-0.05177581310272217,-0.02721814438700676,-0.08468198776245117,-0.47521257400512695,0.5598970651626587,0.4997307360172272,-2.0059971809387207,-0.516753613948822,2.4435794353485107,1.15338933467865,-0.00012365130532998592,0.0002758369082584977,9.411544306203723e-05,-0.001975099788978696,0.004978847224265337,-0.0002769789716694504,-0.00379562028683722,0.6000012159347534,0.0015013199299573898,0.08926449716091156,0.03291316702961922,0.9994581937789917,-1.397589858243009e-05,-0.00020679214503616095,-1.062418959918432e-06,-3.841053694486618e-05,0.03239850699901581,-7.3820716352202e-05,-2.1008407202316448e-05,0.9999999403953552,0.0005381345981732011,0.0005665238131769001,0.07311612367630005,-0.7958657741546631,-0.1068304106593132,-0.04743196815252304,-0.0031381361186504364,0.0008951856871135533,-0.020597219467163086,0.7989516258239746,-0.09629593789577484,0.0476205013692379,4.5087814214639366e-05,6.67572021484375e-06,0.0016179174417629838,0.024947594851255417,0.003995406441390514,0.004008517134934664,5.173053523321869e-06,7.366616046056151e-06,,,,,3.777090814044495,,1320,0.7416666666666667
11.74999999998937,retreat,11.750000612810254,17.516578190994483,18.06800216436386,-0.012814998626708984,-0.5929127801209688,3.711987125647788,0.03622337317210622,0.03956468118525214,0.04297184944152832,0.07649218291044235,8.961043357849121,-0.04552303289528936,75,0.10010668635368347,0.0766281858086586,0.08600478619337082,0.019755596294999123,-0.005888988508559123,-18.32651331902888,-0.0053411126136779785,-0.04200734943151474,-0.007309913635253906,0.07634095102548599,-0.004741387907415628,0.0007953777676448226,2.0151766875642352e-05,0.000121611803479027,0.03238740935921669,0.9994754195213318,-0.0005452549085021019,0.00041328309453092515,1.9063969375565648e-05,-0.07660277187824249,0.023660335689783096,0.004049874376505613,-0.47520825266838074,0.5598970651626587,0.4997212290763855,-2.0059971809387207,-0.5167472958564758,2.4435813426971436,1.1533827781677246,-0.00019857854931615293,-0.00017946201842278242,-8.673834236105904e-05,-0.001612875727005303,0.0027882931753993034,0.003052604151889682,-0.0021627992391586304,0.6000009775161743,0.0014985506422817707,0.08926315605640411,0.032913170754909515,0.9994581937789917,-1.4811465916864108e-05,-0.00020769807451870292,-2.8671456675510854e-07,-4.0156301110982895e-05,0.032398711889982224,-8.586166222812608e-05,-8.06249681772897e-06,0.9999999403953552,0.000526044808793813,0.06879782676696777,-0.0288900975137949,-0.06673507392406464,-0.07245740294456482,0.024828892201185226,0.0023085360880941153,0.06882605701684952,0.03321508318185806,0.06466130167245865,-0.07663501799106598,-0.015005840919911861,-0.001289422158151865,6.139278411865234e-06,0.0016185209387913346,0.024947550147771835,0.003995401319116354,0.004008564166724682,5.175179012439912e-06,7.372698746621609e-06,,,,,3.777090814044495,,1320,0.75
11.758333333322696,retreat,11.758333946578205,17.49857507054276,18.068251758813858,-0.012159347534179688,-0.593074131757021,3.7126728128716717,0.03536259464453906,0.08846931922527276,0.6117933988571167,0.06810279935598373,8.886774063110352,-0.04729268039227463,76,0.5706255435943604,0.08586692810058594,0.05613352730870247,0.006649596616625786,-0.009573481031111442,-18.3268105994357,0.009043842554092407,0.1659831702709198,-0.5887775421142578,0.06800375878810883,-0.0035867297556251287,0.0007847033557482064,5.115401108923834e-06,0.00012757861986756325,0.032393284142017365,0.9994751811027527,-0.001136374892666936,0.0007151914178393781,-0.00019490101840347052,-0.1321239322423935,0.03464067354798317,-0.00815774966031313,-0.47520631551742554,0.5598970651626587,0.49971798062324524,-2.0059971809387207,-0.516735315322876,2.4435858726501465,1.153372883796692,-0.00016103860980365425,0.00033995017292909324,0.00033109390642493963,-0.002058865502476692,0.004426163155585527,0.0034435049165040255,-0.0030495107639580965,0.6000014543533325,0.0014990493655204773,0.08926291763782501,0.03290950506925583,0.9994582533836365,-1.4839001778454985e-05,-0.00020731658150907606,-1.3251883501652628e-07,-3.926130011677742e-05,0.032398760318756104,-8.00081979832612e-05,7.20003708920558e-06,0.9999997019767761,0.0005164966569282115,-0.03014061413705349,0.16191162168979645,-0.5463420748710632,-0.08523400872945786,-0.010403539054095745,-0.00024448471958748996,-0.02991626411676407,-0.1256193220615387,0.5558218955993652,-0.061863936483860016,0.006054634694010019,-0.00012959816376678646,6.377696990966797e-06,0.0016188141889870167,0.024947531521320343,0.003995396662503481,0.004008582327514887,5.177624188945629e-06,7.3759001679718494e-06,,,,,3.777090814044495,,1320,0.7583333333333333
11.766666666656022,retreat,11.766667280346155,17.48030212663311,18.068385869264603,-0.013649463653564453,-0.5935358349233866,3.714465551092244,0.03402953007025644,0.055952909680744456,0.24237601459026337,0.07362006604671478,9.100667953491211,-0.04729268766823225,81,0.24763411283493042,0.08478784561157227,0.020445555448532104,0.007269638124853373,-0.009481341734499438,-18.327069385269645,-0.10831552743911743,0.010633930563926697,-0.21656590700149536,0.0732727125287056,-0.00709870457649231,0.000795454834587872,1.1530562915140763e-05,0.0001398444437654689,0.032409049570560455,0.9994746446609497,-0.0001642536954022944,0.0005682023474946618,-2.377521013841033e-06,-0.12880463898181915,-0.013928420841693878,-0.08022194355726242,-0.47520652413368225,0.5598970651626587,0.4997186064720154,-2.0059971809387207,-0.5167292952537537,2.4435858726501465,1.1533699035644531,-0.0004064254753757268,-4.324711426306749e-06,0.0005979880224913359,-0.002034128177911043,0.0032175539527088404,0.0017511692130938172,-0.0021017102990299463,0.6000012159347534,0.0014997953549027443,0.08926309645175934,0.032907549291849136,0.9994583129882812,-1.5468747733393684e-05,-0.00020799737831111997,-1.338645233772695e-06,-3.7950463593006134e-05,0.03239915147423744,-6.824288720963523e-05,1.7947410242413753e-06,0.9999998807907104,0.000498766778036952,0.09688421338796616,0.03926192224025726,-0.22448742389678955,-0.08474783599376678,0.00250809732824564,0.0007019200711511075,0.096977099776268,-0.024414557963609695,0.2265436351299286,-0.07908426225185394,0.011421187780797482,-0.0014196883421391249,7.033348083496094e-06,0.001619601040147245,0.024947479367256165,0.0039953915402293205,0.004008621908724308,5.184633664612193e-06,7.384427590295672e-06,,,,,3.777090814044495,,1320,0.7666666666666666
11.774999999989348,retreat,11.775000614114106,17.46176026168512,18.068289011716843,-0.013649463653564453,-0.5933651700615883,3.7134638333301,0.03519620804581791,0.07912936237050427,0.4289075434207916,0.07415112107992172,9.124650955200195,-0.048013658670242876,81,0.41671356558799744,0.07783109694719315,0.018276628106832504,0.001057440647855401,-0.009459882705414202,-18.326902863624547,-0.07959248125553131,-0.01800500601530075,-0.4210730791091919,0.07385153323411942,-0.006610948592424393,0.0007968489662744105,1.7772406863514334e-05,0.0001285685139009729,0.03240016847848892,0.9994749426841736,-0.00020522046543192118,0.0004511614388320595,-0.00010620756074786186,-0.12876898050308228,-0.01754368282854557,-0.08122901618480682,-0.47520682215690613,0.5598970651626587,0.49971720576286316,-2.0059971809387207,-0.5167276263237,2.4435858726501465,1.15337073802948,-0.00029495693161152303,-6.837166438344866e-05,0.0002798521309159696,-0.002274444093927741,0.002682875841856003,0.0016693973448127508,-0.001807000720873475,0.6000012159347534,0.0014986423775553703,0.08926264941692352,0.0329073891043663,0.9994583129882812,-1.7343438230454922e-05,-0.00020830481662414968,-1.3151684470358305e-06,-3.922451287508011e-05,0.032398521900177,-7.96801396063529e-05,-2.9471198104147334e-06,0.9999997615814209,0.0005074916407465935,0.06924940645694733,0.020245516672730446,-0.41042032837867737,-0.07776375859975815,0.003235845360904932,8.288018580060452e-05,0.06942033767700195,0.006792079657316208,0.41083428263664246,-0.07485488802194595,0.006751733832061291,-0.0004941289080306888,6.4373016357421875e-06,0.001619157730601728,0.024947509169578552,0.0039953868836164474,0.004008723422884941,5.184972906135954e-06,7.386464858427644e-06,,,,,3.777090814044495,,1320,0.775
11.783333333322673,retreat,11.783333947882056,17.442950378118393,18.068601936101913,-0.013113021850585938,-0.5936386296525598,3.7146764046696368,0.0332938798237592,0.0,0.25374650955200195,0.06963427364826202,9.011480331420898,-0.04735822949442081,76,0.26943859457969666,0.07794789969921112,0.03549957275390625,0.007727287709712982,-0.009399816815857776,-18.32730011583221,-0.050379082560539246,0.09026453644037247,-0.2317359447479248,0.06938144564628601,-0.005833358038216829,0.0010575938504189253,-4.699727014667587e-06,0.00012589237303473055,0.03241093456745148,0.9994746446609497,-0.0007298242417164147,0.0006203674711287022,-0.00012848337064497173,-0.13114936649799347,0.01607118733227253,-0.005015295930206776,-0.47520771622657776,0.5598970651626587,0.49971839785575867,-2.006012439727783,-0.5167233347892761,2.4435877799987793,1.1533706188201904,-0.0006287951837293804,-0.00019942478684242815,0.0008995888638310134,-0.0023897793143987656,0.002969255903735757,0.0030142334289848804,-0.001820678822696209,0.5999943614006042,0.0015009953640401363,0.08925753831863403,0.032905176281929016,0.9994584321975708,-1.683880327618681e-05,-0.00021491838560905308,6.5011663537006825e-06,-3.614509478211403e-05,0.03239390626549721,-8.968124893726781e-05,1.8703565729083493e-05,1.0,0.0004945050459355116,0.06554273515939713,0.08260811120271683,-0.24794597923755646,-0.07727683335542679,0.0101739801466465,0.0008099389378912747,0.0656479150056839,-0.06612379103899002,0.25281453132629395,-0.0653521791100502,-0.000752180814743042,-0.0007309932843782008,6.258487701416016e-06,0.0016196954529732466,0.024947471916675568,0.003995384089648724,0.004008803516626358,5.1874740165658295e-06,7.392256520688534e-06,,,,,3.777090814044495,,1320,0.7833333333333333
11.791666666655999,retreat,11.791667281650007,17.42387337835251,18.065912276506424,-0.013709068298339844,-0.5925486329942942,3.71378019440395,0.034286036679986864,0.055952909680744456,0.16691558063030243,0.07655981183052063,9.318860054016113,-0.047948113206075504,82,0.13256527483463287,0.06921789050102234,0.0832238495349884,0.008918112143874168,-0.003116081439657137,-18.324548129638455,0.03248003125190735,-0.1618356704711914,-0.02480071783065796,0.07640445977449417,-0.0047837053425610065,0.0009373918874189258,-2.2437781808548607e-05,0.00015143743075896055,0.032402943819761276,0.9994748830795288,0.0002948944456875324,0.0004052818985655904,0.0003679831570480019,-0.0413624569773674,-0.005605592858046293,-0.08813782036304474,-0.47521457076072693,0.5598856210708618,0.49972832202911377,-2.006012439727783,-0.5167357325553894,2.4435880184173584,1.1533809900283813,-0.0005600117729045451,-0.000762206269428134,0.00031164049869403243,-0.0014355407329276204,0.00016842814511619508,0.0025123015511780977,-0.0003846802283078432,0.5999978184700012,0.0015009590424597263,0.08926532417535782,0.03290919214487076,0.9994582533836365,-1.6737207261030562e-05,-0.00020711051183752716,1.944289579114411e-06,-3.78643162548542e-05,0.03239891678094864,-5.692778358934447e-05,3.742525223060511e-05,0.9999998807907104,0.0005065142759121954,0.008440000005066395,-0.10409289598464966,-0.08165161311626434,-0.06921420246362686,0.0006066704518161714,0.00037735304795205593,0.008475957438349724,0.10923832654953003,0.07462375611066818,-0.08425572514533997,0.0005906366859562695,-0.0003819382982328534,7.510185241699219e-06,0.0016192966140806675,0.024947501718997955,0.003995381295681,0.004008906427770853,5.192333446757402e-06,7.39505048841238e-06,,,,,3.777090814044495,,1320,0.7916666666666666
11.799999999989325,retreat,11.800000615417957,17.40453016480707,18.067439645528793,-0.01245737075805664,-0.592837342992425,3.7084511914844995,0.03835612369584851,0.055952909680744456,1.2683981657028198,0.07406741380691528,8.923883438110352,-0.046768338506808504,77,1.1655569076538086,0.08231506496667862,0.1181875541806221,0.011059939861297607,-0.00635257238172926,-18.325704893895907,0.1298079937696457,-0.004496686160564423,-1.2617303133010864,0.07402574270963669,-0.00239788880571723,0.0006489068036898971,4.206131779938005e-05,7.770070806145668e-05,0.032356683164834976,0.999476432800293,-0.0007464993395842612,0.00031949859112501144,-0.00040429571527056396,-0.08796701580286026,0.014251818880438805,-0.002936973236501217,-0.47520923614501953,0.5598853230476379,0.4997170865535736,-2.006012439727783,-0.516738772392273,2.4435908794403076,1.1533806324005127,0.0007634333451278508,0.0005530525813810527,-0.0014488939195871353,-0.0021278823260217905,0.0023793147411197424,0.0034154842142015696,-0.0019997230265289545,0.5999978184700012,0.0014969473704695702,0.08926413208246231,0.03291241079568863,0.9994581937789917,-1.7391990695614368e-05,-0.0002068275207420811,3.1789622880751267e-06,-4.180939868092537e-05,0.0323990136384964,-0.00012824022269342095,-2.8788579584215768e-05,0.9999998807907104,0.000556032347958535,-0.17501041293144226,0.06788589060306549,-1.1503416299819946,-0.07485874742269516,-0.034233301877975464,0.00013480815687216818,-0.17453493177890778,0.007949680089950562,1.1523873805999756,-0.06509923934936523,0.008927574381232262,-0.0007037860341370106,3.933906555175781e-06,0.001616987050510943,0.024947650730609894,0.003995381295681,0.004008994437754154,5.179593244974967e-06,7.377384463325143e-06,,,,,3.777090814044495,,1320,0.8
11.80833333332265,retreat,11.808333949185908,17.38492163990166,18.067461997270584,-0.012814998626708984,-0.5926960147917271,3.710984739813622,0.03547687083482742,0.055952909680744456,0.2478512078523636,0.07188279926776886,8.870302200317383,-0.04729268039227463,75,0.15177437663078308,0.08327768743038177,0.12260513007640839,0.01805379055440426,-0.006605955655686557,-18.32590344118174,0.04702647030353546,0.212227463722229,0.11907240748405457,0.07178311794996262,-0.003701451700180769,0.000787263095844537,-1.8608438949740957e-06,0.00013411797408480197,0.032378628849983215,0.9994755983352661,-0.0002879719249904156,0.0008755401358939707,-1.1759111657738686e-06,-0.08593882620334625,0.037817250937223434,0.015820451080799103,-0.47520482540130615,0.5598904490470886,0.4997098743915558,-2.006012439727783,-0.5167315006256104,2.443617820739746,1.1533757448196411,-0.0002632774703670293,0.00023342823260463774,0.0005654332926496863,-0.001693735015578568,0.003675163025036454,0.0062409439124166965,-0.0023702881298959255,0.6000017523765564,0.0014987187460064888,0.08926248550415039,0.03290588781237602,0.9994584321975708,-1.795804564608261e-05,-0.00019804034673143178,-1.6810754459584132e-06,-3.9653386920690536e-05,0.03239750489592552,-6.453372770920396e-05,1.7810480130719952e-05,0.9999998807907104,0.0005275376606732607,0.017319640144705772,0.1429084688425064,0.048090118914842606,-0.0821484848856926,0.01354556530714035,0.0018212745198979974,0.017297275364398956,-0.1457630693912506,-0.038592856377363205,-0.061501774936914444,-0.011136187240481377,-0.0010662259301170707,6.67572021484375e-06,0.0016180824022740126,0.02494758367538452,0.003995382227003574,0.004009067080914974,5.182037057238631e-06,7.3864939622581005e-06,,,,,3.777090814044495,,1320,0.8083333333333333
11.816666666655976,retreat,11.816667282953858,17.365048706055873,18.066754192113876,-0.01245737075805664,-0.5922046257182956,3.7124618456574,0.03291383109171875,0.10467831195095843,0.4660335183143616,0.07521233707666397,8.887022972106934,-0.04663725849241018,74,0.4145844876766205,0.09449498355388641,0.0889759436249733,0.027099333703517914,-0.0036480562994256616,-18.32529836107433,-0.17015323042869568,-0.008363830856978893,-0.43378007411956787,0.07471418380737305,-0.00856818538159132,0.00112821813672781,-1.8486905446479796e-06,0.0001399224711349234,0.03239142894744873,0.9994751811027527,-0.0012432555668056011,0.0006540738977491856,-0.000146495207445696,-0.04945584014058113,0.05071510002017021,0.02484903857111931,-0.4752066433429718,0.5598904490470886,0.4997156858444214,-2.006012439727783,-0.5167263150215149,2.443617820739746,1.15337336063385,-0.0005243957857601345,-3.278847361798398e-05,0.0008911899058148265,-0.0018166612135246396,0.0032259817235171795,0.0002222070615971461,-0.002202386735007167,0.600001871585846,0.0015016845427453518,0.089263416826725,0.032902978360652924,0.9994584321975708,-1.7046046195901e-05,-0.00019795070693362504,-1.450129275326617e-06,-3.7010759115219116e-05,0.032397881150245667,-5.861608951818198e-05,1.7075561117962934e-05,0.9999995827674866,0.0005118190310895443,0.09238579124212265,0.0493495911359787,-0.4011355936527252,-0.09230073541402817,-0.020225267857313156,-0.0009029644425027072,0.09254392981529236,-0.02286427468061447,0.4034762680530548,-0.08518502861261368,0.03356248885393143,-0.0012700501829385757,6.973743438720703e-06,0.0016187215223908424,0.02494753897190094,0.003995385952293873,0.0040091765113174915,5.187994247535244e-06,7.386261131614447e-06,,,,,3.777090814044495,,1320,0.8166666666666667
11.824999999989302,retreat,11.825000616721809,17.344912265689302,18.067696690559387,-0.01341104507446289,-0.5936158122494817,3.712250866470645,0.034177246561739594,0.055952909680744456,0.5571455359458923,0.07854634523391724,9.090158462524414,-0.0454574910691008,82,0.5268535017967224,0.07043997943401337,0.053365450352430344,0.004666072782129049,-0.006403000952559523,-18.32622618702232,-0.1186896413564682,-0.17197127640247345,-0.5164782404899597,0.07820180803537369,-0.007305505219846964,0.0007970792357809842,2.0277968360460363e-05,0.0001215868687722832,0.03238976374268532,0.9994753003120422,-0.0003378908149898052,0.00015490774239879102,-7.363478653132915e-05,-0.08706070482730865,-0.02339751645922661,-0.08027320355176926,-0.47520652413368225,0.5598904490470886,0.4997124671936035,-2.006012439727783,-0.5167316198348999,2.443617820739746,1.1533793210983276,-0.000105995153717231,-0.00028584295068867505,-0.0003290732856839895,-0.0020736579317599535,0.0015921002486720681,-0.00010062289948109537,-0.0013385877246037126,0.600001871585846,0.0014991913922131062,0.08926299214363098,0.03290534391999245,0.9994584321975708,-1.953693208633922e-05,-0.0001976873172679916,-2.415587005089037e-06,-3.827735781669617e-05,0.03239832818508148,-7.602818368468434e-05,-3.143551339235273e-06,0.9999998807907104,0.0005158580024726689,0.10712882876396179,-0.08891268074512482,-0.5081265568733215,-0.06997919827699661,0.008003353141248226,0.000805333664175123,0.10733257979154587,0.12213660031557083,0.5011357069015503,-0.08284392207860947,0.007407679222524166,-0.0012581365881487727,6.079673767089844e-06,0.001618638401851058,0.02494754269719124,0.003995390143245459,0.004009240306913853,5.188850082049612e-06,7.389404345303774e-06,,,,,3.777090814044495,,1320,0.825
11.833333333322628,retreat,11.83333395048976,17.324513221221537,18.067394942045212,-0.013470649719238281,-0.5927694728597999,3.710245966678375,0.03520758400554769,0.055952909680744456,0.35470661520957947,0.07347230613231659,8.925102233886719,-0.047948113206075504,83,0.36103639006614685,0.07556965202093124,0.046791963279247284,0.01330451387912035,-0.007655810113647021,-18.32578500805258,-0.14354801177978516,0.09761583060026169,-0.3093249201774597,0.07306956499814987,-0.007638401351869106,0.0008205408230423927,1.5828261894057505e-05,0.000134074900415726,0.03237221762537956,0.9994758367538452,-0.0002948741312138736,0.0005650877137668431,-5.277397576719522e-07,-0.1024121418595314,-0.01925947330892086,-0.0813087448477745,-0.4752078354358673,0.5598896145820618,0.4997110664844513,-2.006030559539795,-0.5167276263237,2.443617820739746,1.1533757448196411,-0.0007180309621617198,-0.0004918318591080606,0.0006761425174772739,-0.0027799378149211407,0.0036872834898531437,0.0019727128092199564,-0.0025543358642607927,0.599993109703064,0.0014998321421444416,0.0892564132809639,0.032904189079999924,0.9994584918022156,-1.789194175216835e-05,-0.00020683302136603743,6.872774065413978e-06,-3.7954654544591904e-05,0.032391443848609924,-7.278059638338163e-05,-2.2162203094922006e-07,0.9999998807907104,0.0005322563229128718,0.14750342071056366,0.07499884068965912,-0.3208819031715393,-0.0726591944694519,0.020766353234648705,0.0004143842088524252,0.14763478934764862,-0.05373842269182205,0.3250589370727539,-0.06183701381087303,0.000519581139087677,-0.00041771039832383394,6.735324859619141e-06,0.0016177623765543103,0.024947606027126312,0.0039953975938260555,0.004009311553090811,5.185384907235857e-06,7.39051029086113e-06,,,,,3.777090814044495,,1320,0.8333333333333334
11.841666666655954,retreat,11.84166728425771,17.303852475072173,18.064653128385544,-0.01233816146850586,-0.591660151258111,3.7134111038677835,0.032275936973746866,0.08846931922527276,0.13510183990001678,0.07338789105415344,8.88332748413086,-0.046112916606944054,76,0.1540062129497528,0.0728335976600647,0.09386663883924484,0.015251151286065578,-0.0016801623642095365,-18.32326331323978,0.09055092930793762,-0.050471194088459015,-0.08663541078567505,0.07333731651306152,-0.002642960287630558,0.0006597306346520782,-1.654141306062229e-05,0.00015219079796224833,0.032399725168943405,0.9994749426841736,-0.00038425647653639317,0.0006733193877153099,0.00023350298579316586,-0.020159579813480377,0.029035482555627823,0.008788032457232475,-0.4752189517021179,0.5598781704902649,0.49972498416900635,-2.006030559539795,-0.5167338848114014,2.4436488151550293,1.1533828973770142,-0.0007094734464772046,-0.0008357680053450167,0.0004768855287693441,-0.0018546809442341328,0.0013374786358326674,0.0041162376292049885,-0.001122682704590261,0.6000029444694519,0.0015029995702207088,0.089267298579216,0.03289974480867386,0.9994585514068604,-1.834973954828456e-05,-0.00018481248116586357,-3.2512962206965312e-06,-3.6149751394987106e-05,0.03239970654249191,-3.374961670488119e-05,3.389117046026513e-05,0.9999997019767761,0.0005002826801501215,-0.021993521600961685,-0.02427397109568119,-0.15048246085643768,-0.07224541902542114,0.009196938946843147,0.0008656188729219139,-0.02193714864552021,0.03411880135536194,0.14856839179992676,-0.07575836032629013,-0.012401321902871132,-2.2746709873899817e-05,7.569789886474609e-06,0.0016191358445212245,0.02494751662015915,0.003995403181761503,0.004009308759123087,5.189631337998435e-06,7.392663974314928e-06,,,,,3.777090814044495,,1320,0.8416666666666667
11.84999999998928,retreat,11.85000061802566,17.282930929660797,18.067558854818344,-0.012099742889404297,-0.5926067242398858,3.7069196680936796,0.03955033025704324,0.07912936237050427,1.4903959035873413,0.07890236377716064,8.811405181884766,-0.04532640377874486,82,1.331221342086792,0.09024091809988022,0.2027253657579422,0.02830859087407589,-0.006330287433229387,-18.325717593191364,-0.08807863295078278,-0.13840191066265106,-1.481339693069458,0.07858853787183762,-0.007004910614341497,0.0005968066398054361,6.995115109020844e-05,6.388546171365306e-05,0.03234325349330902,0.9994767904281616,-0.001115154242143035,1.1310236004646868e-05,-0.0004949716385453939,-0.09156631678342819,0.00830413680523634,-0.0462980791926384,-0.47521400451660156,0.55987548828125,0.49971094727516174,-2.006054639816284,-0.5167370438575745,2.4436333179473877,1.1533803939819336,0.0006729178130626678,0.00017261762695852667,-0.001777823199518025,-0.0030119395814836025,0.0026561429258435965,-7.770296360831708e-05,-0.00241946242749691,0.5999881029129028,0.0014979331754148006,0.08925672620534897,0.03290710225701332,0.999458372592926,-1.6102650988614187e-05,-0.00020394699822645634,1.3060019227850717e-05,-4.023313522338867e-05,0.032391782850027084,-0.00013821167522110045,-5.831493399455212e-05,0.9999997615814209,0.0005641614552587271,-0.03543844074010849,-0.0020442537497729063,-1.3307479619979858,-0.0807381123304367,-0.04028402641415596,-0.0014063246781006455,-0.034894462674856186,0.0895761102437973,1.3277453184127808,-0.08108572661876678,0.03520172834396362,-0.0008794095483608544,3.2782554626464844e-06,0.001616316381841898,0.024947695434093475,0.003995408769696951,0.004009331110864878,5.179867002880201e-06,7.379363523796201e-06,,,,,3.777090814044495,,1320,0.85
11.858333333322605,retreat,11.858333951793611,17.261749487407005,18.0647574365139,-0.012040138244628906,-0.592057011090219,3.712725552804779,0.03227116758353077,0.06852804166478502,0.7685331106185913,0.07010877877473831,8.78271770477295,-0.046112916606944054,76,0.4984241724014282,0.07803574204444885,0.31095069646835327,0.05689682066440582,-0.002592919219750911,-18.32331994492046,0.2943919897079468,0.1773494929075241,0.6874035596847534,0.07007536292076111,0.002110707340762019,0.0004785403434652835,-6.202545046107844e-05,0.0001638750545680523,0.03239378705620766,0.9994751811027527,-0.00018298841314390302,0.0009417369728907943,0.0005291959387250245,-0.03603782877326012,0.08641840517520905,0.027968868613243103,-0.4752178192138672,0.559867262840271,0.49971461296081543,-2.006054639816284,-0.5167427062988281,2.443701982498169,1.1533857583999634,-0.0004832458798773587,-0.0005594117101281881,0.0003038510330952704,-0.0012109414674341679,0.0016797961434349418,0.010195848532021046,-0.001277563045732677,0.6000044345855713,0.0015025287866592407,0.08926726132631302,0.032897353172302246,0.9994587302207947,-1.6040379705373198e-05,-0.00016710645286366343,-5.594884896709118e-06,-3.6071520298719406e-05,0.03239978104829788,-5.795644938189071e-06,7.800075400155038e-05,0.9999998211860657,0.0005038203671574593,-0.07406540215015411,0.06407062709331512,0.4887084364891052,-0.06306712329387665,0.045812781900167465,0.003647478763014078,-0.07423050701618195,-0.09606580436229706,-0.48341286182403564,-0.05379556864500046,-0.056625768542289734,9.137298911809921e-05,8.106231689453125e-06,0.0016188398003578186,0.024947531521320343,0.003995419479906559,0.004009431228041649,5.185188456380274e-06,7.390714017674327e-06,,,,,3.777090814044495,,1320,0.8583333333333333
11.86666666665593,retreat,11.866667285561562,17.240309050730385,18.067409843206406,-0.011920928955078125,-0.5930877523496747,3.7062857494177606,0.040493981941835955,0.08846931922527276,1.8048624992370605,0.07968953251838684,8.849052429199219,-0.04532640377874486,82,1.5590894222259521,0.1274116188287735,0.34585922956466675,0.06948814541101456,0.016354868188500404,-18.325524495568395,-0.21156996488571167,-0.17511095106601715,-1.783845067024231,0.07919345051050186,-0.00886092334985733,0.0005504124565050006,7.13801637175493e-05,7.443622598657385e-05,0.032337844371795654,0.9994770288467407,-0.0013224927242845297,-0.00400063581764698,-0.0006178467301651835,0.18378140032291412,-0.0004068239650223404,-0.04925760626792908,-0.47521206736564636,0.559865415096283,0.4997016489505768,-2.006054639816284,-0.5167432427406311,2.443662643432617,1.1533793210983276,0.000885415414813906,0.0005388531135395169,-0.0018504821928218007,-0.002554381499066949,0.003373206127434969,-0.0026773058343678713,-0.003085304982960224,0.5999959707260132,0.0014941650442779064,0.08926291018724442,0.03290800377726555,0.9994583129882812,-1.6200696336454712e-05,-0.00018637000175658613,4.2351857700850815e-06,-4.396820440888405e-05,0.03239758312702179,-0.00011005278065567836,-5.872916881344281e-05,0.9999997019767761,0.0005704786744900048,-0.031022656708955765,0.02508712001144886,-1.5585787296295166,-0.0983019769191742,-0.08096206188201904,-0.00394820049405098,-0.03044084459543228,0.07749249041080475,1.556864857673645,-0.09474319219589233,0.07658500224351883,-0.00105774134863168,3.814697265625e-06,0.0016160464147105813,0.02494771033525467,0.003995430190116167,0.004008173011243343,-0.00032087654108181596,-0.00045713968575000763,,,,,3.777090814044495,,1320,0.8666666666666667
11.874999999989257,retreat,11.875000619329512,17.218610522050533,18.067584931850433,-0.012278556823730469,-0.592488911934197,3.7128310304266625,0.035530130844563246,0.07912936237050427,0.6536652445793152,0.06387834250926971,8.562174797058105,-0.04729268039227463,74,0.4126005172729492,0.09997308254241943,0.3003162443637848,0.061195243149995804,-0.00792646239278838,-18.326154775669693,0.10262992978096008,0.46047109365463257,0.4524507522583008,0.063845694065094,-0.001954325009137392,0.0005923342541791499,-1.0067500966215448e-07,0.00012020929716527462,0.03239469230175018,0.9994751214981079,-0.00011363861267454922,0.0013068454572930932,0.00015786827134434134,-0.11258592456579208,0.04565950483083725,0.022532084956765175,-0.4752105474472046,0.5598654747009277,0.4996994733810425,-2.0060551166534424,-0.5167245268821716,2.4437100887298584,1.153369665145874,-0.0008643140317872167,6.587852840311825e-05,0.0016585537232458591,-0.002234147395938635,0.005442425142973661,0.008967543952167034,-0.0030606419313699007,0.6000048518180847,0.00149907311424613,0.08926627039909363,0.03289449214935303,0.9994587898254395,-1.7708207451505587e-05,-0.0001668824115768075,-6.2611397879663855e-06,-3.902427852153778e-05,0.03240141272544861,-4.7232420911313966e-05,1.634509135328699e-05,0.9999997615814209,0.0005000639357604086,0.07758242636919022,0.27158141136169434,0.3007718324661255,-0.07650871574878693,0.06414733082056046,0.005114064086228609,0.07747510820627213,-0.29077401757240295,-0.2822892665863037,-0.037263963371515274,-0.05315680801868439,-0.0016084956005215645,6.020069122314453e-06,0.0016188845038414001,0.024947527796030045,0.003995438106358051,0.004009526688605547,5.176745617063716e-06,7.378810551017523e-06,,,,,3.777090814044495,,1320,0.875
11.883333333322582,retreat,11.883333953097463,17.196654803787034,18.06901916861534,-0.012159347534179688,-0.5931338528171182,3.7134638333301,0.03427981573622674,0.06852804166478502,1.1795446872711182,0.07303455471992493,8.881093978881836,-0.04604737478075549,75,1.04245924949646,0.11763869225978851,0.21044433116912842,0.05049821361899376,-0.008137229655403644,-18.327633020523045,-0.16322208940982819,-0.08194314688444138,-1.1653194427490234,0.07265717536211014,-0.007346528582274914,0.001004883786663413,3.794060103246011e-05,6.742079131072387e-05,0.03240044042468071,0.9994749426841736,-0.001233767601661384,0.000536422012373805,-0.0003760965191759169,-0.12077866494655609,-0.012379803694784641,-0.02306545525789261,-0.4752086102962494,0.5598718523979187,0.49969959259033203,-2.006079912185669,-0.5167164206504822,2.4436869621276855,1.1533653736114502,-1.3040764315519482e-05,0.00045726486132480204,0.00025975288008339703,-0.002535024890676141,0.0032196049578487873,-0.000978137948550284,-0.0021018816623836756,0.5999870300292969,0.0015027751214802265,0.08925216645002365,0.03289414197206497,0.9994587898254395,-1.4134358934825286e-05,-0.00019294668163638562,1.335601155005861e-05,-3.383168950676918e-05,0.032389044761657715,-0.00012466931366361678,-2.782825868052896e-05,0.9999998211860657,0.0004939725040458143,0.014023189432919025,0.07041344791650772,-1.039983868598938,-0.10655080527067184,-0.04974222183227539,-0.0033910151105374098,0.014424167573451996,-0.0018799155950546265,1.042357325553894,-0.09641193598508835,0.05189690366387367,1.7384911188855767e-05,3.4570693969726562e-06,0.0016191712347790599,0.024947509169578552,0.003995432518422604,0.00400833273306489,5.172767487238161e-06,7.362279575318098e-06,,,,,3.777090814044495,,1320,0.8833333333333333
11.891666666655908,retreat,11.891667286865413,17.174442798359486,18.06410178542137,-0.013232231140136719,-0.592153868637979,3.7146236923957816,0.02921423401858192,0.06852804166478502,1.030002474784851,0.078896164894104,9.51119327545166,-0.04729268039227463,81,0.7854568958282471,0.06772999465465546,0.31396788358688354,0.04297706112265587,0.002335895667783916,-18.322796299298606,0.13957281410694122,-0.29080143570899963,0.9781917333602905,0.07885996997356415,-0.0022287615574896336,0.0008618769934400916,-5.112711733090691e-05,0.00017236036364920437,0.03240995854139328,0.9994745850563049,0.0010567926801741123,0.00045063160359859467,0.001117510488256812,0.02041551284492016,0.021071946248412132,-0.07616407424211502,-0.47521886229515076,0.5598618984222412,0.49971282482147217,-2.006079912185669,-0.516748309135437,2.4437239170074463,1.153388261795044,-0.0008278090972453356,-0.0014824260724708438,0.00043683339026756585,5.226412758929655e-05,-0.0029074212070554495,0.004293191712349653,0.0015555999707430601,0.5999980568885803,0.001504609826952219,0.08926250785589218,0.03289609029889107,0.9994587302207947,-1.2623713701032102e-05,-0.00016629848687443882,-4.703624654212035e-07,-3.346148878335953e-05,0.03239452466368675,3.964937604905572e-06,6.399997073458508e-05,0.9999998211860657,0.0004863798385486007,0.06563897430896759,-0.2761298418045044,0.7323840260505676,-0.04609806090593338,0.04951152205467224,0.003306066384539008,0.06539885699748993,0.2273707389831543,-0.7489778995513916,-0.08596646040678024,-0.04015607759356499,-0.0006359347607940435,8.52346420288086e-06,0.0016196469077840447,0.024947479367256165,0.0039954278618097305,0.004008384887129068,5.287150088406634e-06,7.530266884714365e-06,,,,,3.777090814044495,,1320,0.8916666666666666
11.899999999989234,retreat,11.900000620633364,17.151975408187482,18.06468665599823,-0.010907649993896484,-0.5925711011514068,3.7015279036994864,0.04308970892452635,0.07912936237050427,2.1127264499664307,0.0799814909696579,8.876039505004883,-0.045391945604933426,75,1.86881685256958,0.10243299603462219,0.32189372181892395,0.049320392310619354,-0.0007755844853818417,-18.32247042194552,-0.06416788697242737,-0.22517839074134827,-2.0997118949890137,0.0797722339630127,-0.005760001949965954,0.0005020987591706216,6.610665150219575e-05,7.678064866922796e-05,0.0322960689663887,0.9994783401489258,-0.0016045281663537025,-3.115030995104462e-05,-0.0005152372177690268,-0.0238913856446743,0.027928238734602928,0.004004186950623989,-0.47521889209747314,0.5598549842834473,0.49970459938049316,-2.006079912185669,-0.5167651772499084,2.443678855895996,1.1533901691436768,0.0011266730725765228,0.00021553794795181602,-0.0026505242567509413,-0.0017371472204104066,0.0016389685915783048,-0.0026708238292485476,-0.0023999186232686043,0.5999905467033386,0.0014935550279915333,0.08926168084144592,0.03291289508342743,0.9994581341743469,-1.1331119821988977e-05,-0.00018333207117393613,1.0464300430612639e-05,-4.514958709478378e-05,0.03239356353878975,-0.00010468813707120717,-5.813994721393101e-05,0.9999997615814209,0.0006171680288389325,-0.1387380212545395,-0.04388557747006416,-1.8631430864334106,-0.069822296500206,-0.07487630844116211,-0.003302081022411585,-0.13805337250232697,0.16637176275253296,1.8562700748443604,-0.0762445330619812,0.05495362728834152,-0.00029268371872603893,3.933906555175781e-06,0.0016139608342200518,0.024947848170995712,0.0039954232051968575,0.004008459392935038,5.3631511036655866e-06,7.64275318942964e-06,,,,,3.777090814044495,,1320,0.9
11.90833333332256,retreat,11.908333954401314,17.12925353569061,18.064571171998978,-0.01138448715209961,-0.5913630593568087,3.705968749473806,0.03629580169217661,0.055952909680744456,0.5541015267372131,0.06738931685686111,8.383011817932129,-0.04663725849241018,74,0.30960631370544434,0.09004610776901245,0.29212504625320435,0.06566650420427322,-0.002411821740679443,-18.322663778519647,0.21602533757686615,0.49415746331214905,0.12716108560562134,0.06738606840372086,0.0006550959660671651,9.478094580117613e-05,2.2338661437970586e-05,0.00012743750994559377,0.03233487531542778,0.9994771480560303,0.00010244356235489249,0.001501594902947545,0.00020737593877129257,-0.03725932911038399,0.05350017175078392,0.03025449812412262,-0.475218802690506,0.5598549842834473,0.4997025728225708,-2.006079912185669,-0.5167478919029236,2.4437382221221924,1.1533781290054321,-0.00033371319295838475,0.0003462086315266788,0.0007144526462070644,-0.0016477103345096111,0.0060553159564733505,0.010156214237213135,-0.0038876323960721493,0.6000019907951355,0.001498740166425705,0.08926603943109512,0.03289749473333359,0.9994586706161499,-1.1843245374620892e-05,-0.00015805986186023802,-3.0906048777978867e-06,-4.046224057674408e-05,0.032398078590631485,-3.0255585443228483e-05,-1.1409892067604233e-05,0.9999998807907104,0.0005629243678413332,-0.03982225060462952,0.30690792202949524,0.008819758892059326,-0.07521127909421921,0.049247365444898605,0.005124613177031279,-0.03982911631464958,-0.30682235956192017,0.011393960565328598,-0.03087455779314041,-0.05521748587489128,-0.0014895423082634807,6.377696990966797e-06,0.0016158983344212174,0.024947717785835266,0.003995416220277548,0.00400855578482151,5.159440206625732e-06,7.352966349571943e-06,,,,,3.777090814044495,,1320,0.9083333333333333
11.916666666655885,retreat,11.916667288169265,17.10627808328846,18.06652322411537,-0.009775161743164062,-0.5916212685406208,3.7083455894598205,0.03444068715907633,0.06852804166478502,1.1680128574371338,0.07797174155712128,8.74116325378418,-0.04532640377874486,74,1.05331552028656,0.12527789175510406,0.1932109147310257,0.04927806928753853,-0.0016311312792822719,-18.32478112838182,-0.06921714544296265,-0.07973776012659073,-1.1632304191589355,0.07783588021993637,-0.00459037022665143,0.00031042861519381404,8.119495760183781e-05,8.018303196877241e-05,0.0323556624352932,0.999476432800293,-0.0017352384747937322,0.0005808820715174079,-0.0003562803321983665,-0.024984445422887802,0.06297800689935684,0.016412029042840004,-0.47521549463272095,0.559861958026886,0.49969884753227234,-2.006079912185669,-0.5167369842529297,2.4437382221221924,1.1533689498901367,0.0005444127600640059,0.0008174511604011059,-0.0006201034993864596,-0.0015630201669409871,0.0038295306731015444,0.0003626891993917525,-0.002913365140557289,0.5999997854232788,0.0015000090934336185,0.08926142752170563,0.03289354592561722,0.9994587898254395,-1.1061432815040462e-05,-0.00016301797586493194,1.042780240823049e-06,-3.8506463170051575e-05,0.032395508140325546,-8.048129529925063e-05,-7.273329538293183e-05,0.9999998211860657,0.0005381831433624029,-0.06572060286998749,0.07112632691860199,-1.0488543510437012,-0.11129316687583923,-0.057409048080444336,-0.0035474004689604044,-0.06537884473800659,-0.002006515860557556,1.0512828826904297,-0.10105647146701813,0.048048388212919235,0.0004196015070192516,4.112720489501953e-06,0.0016169357113540173,0.02494765818119049,0.0039954106323421,0.004008598159998655,5.172024430066813e-06,7.361290045082569e-06,,,,,3.777090814044495,,1320,0.9166666666666666
11.924999999989211,retreat,11.925000621937215,17.083049953400625,18.06599050760269,-0.013113021850585938,-0.593143398873508,3.7117233661107485,0.03393506267457269,0.06852804166478502,0.16047339141368866,0.07457023859024048,8.983646392822266,-0.0448676037194673,78,0.1650996059179306,0.07832673192024231,0.11362039297819138,0.013131586834788322,-0.005646131990943104,-18.324483319162837,-0.09696212410926819,-0.0453447550535202,0.11955714225769043,0.07451063394546509,-0.0028490396216511726,0.0008767006220296025,-7.312024536076933e-05,0.00017582291911821812,0.032384809106588364,0.9994754195213318,0.000998368370346725,0.00046810918138362467,0.00038206804310902953,-0.07585500925779343,-0.10126012563705444,-0.0912393182516098,-0.47521552443504333,0.559861958026886,0.49969735741615295,-2.006079912185669,-0.5167408585548401,2.4437382221221924,1.1533727645874023,-0.00031804153695702553,-0.00023580808192491531,0.00031741175916977227,-0.001003748970106244,0.002035080222412944,0.0014902610564604402,-0.0015976952854543924,0.5999999642372131,0.0014987345784902573,0.08926146477460861,0.032894980162382126,0.9994587302207947,-1.2394746590871364e-05,-0.00016264602891169488,-2.4953924366855063e-06,-3.832019865512848e-05,0.03239503502845764,1.0359650332247838e-05,8.598255226388574e-05,0.9999998211860657,0.0005104297888465226,0.1590064913034439,-0.03849353268742561,0.02220502495765686,-0.07102096080780029,0.03296487405896187,0.0021017175167798996,0.15899978578090668,0.03694450855255127,-0.02473965287208557,-0.0765819400548935,-0.01010722853243351,-0.0014090212062001228,8.64267349243164e-06,0.0016183918341994286,0.024947557598352432,0.003995404113084078,0.004008702468127012,5.183421308174729e-06,7.379479939118028e-06,,,,,3.777090814044495,,1320,0.9249999999999999
11.933333333322537,retreat,11.933333955705166,17.059570048446698,18.064191192388535,-0.012159347534179688,-0.5923561984673142,3.7098237446400133,0.03272213871241547,0.07912936237050427,0.8264721035957336,0.07083763927221298,8.8153076171875,-0.046702803956577554,81,0.771755039691925,0.08074011653661728,0.07649222016334534,0.012342450208961964,-0.0048613173712510616,-18.32255189498719,-0.1481112539768219,0.05176261439919472,-0.8114430904388428,0.07064373791217804,-0.005218111909925938,0.0004522615345194936,2.177124542868114e-06,0.00014756958989892155,0.03236812353134155,0.9994760155677795,-0.0003009963547810912,0.0006389039917849004,-4.2181258322671056e-05,-0.06815838813781738,-0.023459380492568016,-0.07831864804029465,-0.47522127628326416,0.5598570108413696,0.4997069239616394,-2.006079912185669,-0.5167372822761536,2.4437382221221924,1.1533695459365845,-0.0004260353744029999,-8.473981870338321e-05,0.0005783024244010448,-0.0018113688565790653,0.0037376543041318655,-0.00036516072577796876,-0.0026767186354845762,0.6000015139579773,0.0015008756890892982,0.089265376329422,0.03289273753762245,0.9994587898254395,-1.106320178223541e-05,-0.00015974542475305498,-3.281293174950406e-06,-3.696326166391373e-05,0.03239723667502403,-1.2457215234462637e-05,8.566782526031602e-06,0.9999997615814209,0.0005248961388133466,0.08778820931911469,0.08983145654201508,-0.761465311050415,-0.08061181008815765,-0.004509896971285343,-0.0006024723406881094,0.0880308672785759,-0.03957362473011017,0.7656955718994141,-0.06766177713871002,0.017194807529449463,-0.0005045729340054095,7.3909759521484375e-06,0.0016175581840798259,0.02494761347770691,0.0039953989908099174,0.004008741118013859,5.183153007237706e-06,7.386959623545408e-06,,,,,3.777090814044495,,1320,0.9333333333333333
11.941666666655863,retreat,11.941667289473116,17.03583927084627,18.06628480553627,-0.011920928955078125,-0.5929312901571393,3.710984739813622,0.03452960663707927,0.055952909680744456,0.9029328227043152,0.07349199056625366,8.996809005737305,-0.04670281123253517,80,0.8666881322860718,0.07681041955947876,0.040648169815540314,0.004036067984998226,-0.009117372799664736,-18.324726249447426,-0.060782190412282944,-0.058935366570949554,-0.8989548683166504,0.07339879870414734,-0.003679465502500534,0.00038775373832322657,2.0840883735218085e-05,9.763984417077154e-05,0.03237852454185486,0.9994755983352661,-0.00034262146800756454,0.00029056082712486386,-0.000271843426162377,-0.12805189192295074,-0.02529234066605568,-0.0808672308921814,-0.4752194285392761,0.5598561763763428,0.49970194697380066,-2.006079912185669,-0.5167366862297058,2.4437382221221924,1.1533688306808472,0.00018312128668185323,0.00013372312241699547,-0.0005686135264113545,-0.0022824949119240046,0.0027882785070687532,0.0008536526584066451,-0.0020445638801902533,0.6000013947486877,0.0014989124611020088,0.0892651155591011,0.03289405256509781,0.9994588494300842,-1.1870302841998637e-05,-0.00015997291484382004,-2.906735062424559e-06,-3.855302929878235e-05,0.03239898383617401,-6.200066127348691e-05,-1.0937599654425867e-05,0.9999998807907104,0.0005158002604730427,0.05113080143928528,0.016926735639572144,-0.8650129437446594,-0.07642565667629242,0.007657493930310011,0.0005677260342054069,0.051407866179943085,0.03998491168022156,0.8642377853393555,-0.07401377707719803,-0.00030718138441443443,-0.0005230109672993422,4.887580871582031e-06,0.0016180771635845304,0.02494758367538452,0.003995393868535757,0.004008818417787552,5.182199856790248e-06,7.381517207249999e-06,,,,,3.777090814044495,,1320,0.9416666666666667
11.949999999989188,retreat,11.950000623241067,17.011858523018933,18.066422641277313,-0.011920928955078125,-0.5932318745180964,3.711617857055068,0.03571908746380359,0.06852804166478502,0.4902149736881256,0.06998097896575928,8.830756187438965,-0.04670281123253517,82,0.5112225413322449,0.0805610939860344,0.04567333310842514,0.010832197032868862,-0.009866617940133438,-18.324908115229505,-0.07447174191474915,0.10151142627000809,-0.47377222776412964,0.06987489759922028,-0.003828522516414523,0.0004214867076370865,1.769365553627722e-05,0.00011117714166175574,0.03238422051072121,0.9994754195213318,-0.00020648434292525053,0.0005621057935059071,-0.00011849714792333543,-0.13670319318771362,-0.016225699335336685,-0.08016413450241089,-0.4752180874347687,0.5598561763763428,0.4996977746486664,-2.006080150604248,-0.5167340636253357,2.4437389373779297,1.1533671617507935,-0.00023603135196026415,-1.3058672266197391e-05,0.00020021098316647112,-0.0025441383477300406,0.0033914712257683277,0.002839165274053812,-0.0022152455057948828,0.6000009179115295,0.0014972980134189129,0.08926446735858917,0.03289395943284035,0.9994587898254395,-1.3373224646784365e-05,-0.0001605982251930982,-2.386524101893883e-06,-3.982521593570709e-05,0.03239838406443596,-4.924630411551334e-05,-5.8593341236701235e-06,0.9999998211860657,0.0005100123235024512,0.09407325088977814,0.10067479312419891,-0.4923040568828583,-0.07835305482149124,0.01872722990810871,0.0004233750223647803,0.09423009306192398,-0.06809031963348389,0.4978282153606415,-0.06382844597101212,-0.005151831544935703,-6.071350071579218e-05,5.602836608886719e-06,0.0016183615662157536,0.02494756504893303,0.003995389211922884,0.004008936230093241,5.185368081583874e-06,7.386348443105817e-06,,,,,3.777090814044495,,1320,0.95
11.958333333322514,retreat,11.958333957009017,16.98762870738428,18.066515773534775,-0.011444091796875,-0.5933074280619621,3.7140965285683913,0.033024003641912714,0.08846931922527276,0.6542120575904846,0.06635039299726486,8.788352012634277,-0.04670281123253517,73,0.6500694751739502,0.08725649118423462,0.025725724175572395,0.001986811636015773,-0.008776721952017397,-18.325173626011843,-0.02834056317806244,0.13623374700546265,-0.6392421722412109,0.06628607958555222,-0.002845198381692171,0.0006594849401153624,-4.987615511709009e-07,9.934053377946839e-05,0.03240584954619408,0.999474823474884,-0.0007718242122791708,0.0007527947309426963,-0.0002715953451115638,-0.12798358500003815,0.01012798398733139,-0.0033953706733882427,-0.475219190120697,0.559855580329895,0.4997000992298126,-2.0061004161834717,-0.5167286396026611,2.443742275238037,1.1533665657043457,-0.00039626812213100493,0.00010996390483342111,0.0007463542860932648,-0.002632249379530549,0.003415225073695183,0.0031956559978425503,-0.0019589215517044067,0.5999922752380371,0.0015008696354925632,0.08925814181566238,0.032890912145376205,0.9994588494300842,-1.196245830215048e-05,-0.0001687278418103233,7.2546308729215525e-06,-3.557885065674782e-05,0.032392386347055435,-6.975528958719224e-05,1.0253504115098622e-05,0.9999997019767761,0.00048532281653024256,0.028117872774600983,0.15235529839992523,-0.6313378810882568,-0.0872090607881546,0.0028559823986142874,0.0003441999724600464,0.028329361230134964,-0.11051858961582184,0.639979362487793,-0.06522184610366821,0.0011877990327775478,-0.0003989949182141572,4.947185516357422e-06,0.001619441551156342,0.02494749426841736,0.003995388280600309,0.00400899862870574,5.1896972763643134e-06,7.389491656795144e-06,,,,,3.777090814044495,,1320,0.9583333333333334
11.96666666665584,retreat,11.966667290776968,16.963150726361903,18.063341826200485,-0.012218952178955078,-0.5918956594541669,3.7139910868364208,0.03161533095408231,0.06852804166478502,0.22596974670886993,0.07493491470813751,9.079050064086914,-0.04663725849241018,84,0.2169998288154602,0.07073202729225159,0.1243193969130516,0.014523531310260296,-0.000582133696298115,-18.321992345771324,0.08133313059806824,-0.18671566247940063,-0.09790050983428955,0.07492005825042725,-0.0013461897615343332,0.000643322360701859,-4.31898697570432e-05,0.0001359637244604528,0.032404929399490356,0.9994747638702393,0.00041841636993922293,0.0004694571834988892,0.0004351191164460033,-0.006063656881451607,-0.0007214022916741669,-0.07901807874441147,-0.4752281606197357,0.5598443150520325,0.49971288442611694,-2.0061004161834717,-0.5167479515075684,2.4437661170959473,1.1533821821212769,-0.00037039414746686816,-0.0006500157178379595,0.0001582832628628239,-0.0011310866102576256,-0.0007530256407335401,0.0029603620059788227,0.00035325915087014437,0.6000009179115295,0.0015028058551251888,0.08926805853843689,0.0328921303153038,0.999458909034729,-1.1251092473685276e-05,-0.0001487577974330634,-3.455451405898202e-06,-3.557698801159859e-05,0.032399170100688934,-1.4577887668565381e-05,5.406074342317879e-05,0.9999998211860657,0.00048745001549832523,-0.011710147373378277,-0.11073678731918335,-0.18625026941299438,-0.07050186395645142,0.005679381545633078,0.0005015177302993834,-0.011653217487037182,0.12274327129125595,0.17856992781162262,-0.08650689572095871,-0.007386019453406334,9.875708201434463e-06,6.735324859619141e-06,0.001619395799934864,0.02494749426841736,0.003995389677584171,0.004009083844721317,5.203367891226662e-06,7.412134436890483e-06,,,,,3.777090814044495,,1320,0.9666666666666667
11.974999999989166,retreat,11.975000624544919,16.93842548237139,18.065644055604935,-0.009894371032714844,-0.5931394407525659,3.705915913517231,0.039548351196572185,0.07912936237050427,1.675517201423645,0.07648283243179321,8.863391876220703,-0.04532640377874486,73,1.5279558897018433,0.0841837078332901,0.18653665482997894,0.02397376112639904,-0.0049394258530810475,-18.323732987634866,-0.020250260829925537,-0.13403579592704773,-1.6700246334075928,0.07634682953357697,-0.004499985836446285,0.0007318072603084147,4.2454244976397604e-05,3.6135366826783866e-05,0.03233454003930092,0.9994770288467407,-0.0014442233368754387,-1.398876884195488e-05,-0.000580773688852787,-0.07657111436128616,0.03898872062563896,0.017113009467720985,-0.4752216041088104,0.559842050075531,0.4996976852416992,-2.0061004161834717,-0.5167602300643921,2.4437460899353027,1.153387188911438,0.0010313073871657252,0.0004861063207499683,-0.002059863181784749,-0.002212060149759054,0.0015241117216646671,0.00011342210927978158,-0.0016310762148350477,0.5999965071678162,0.001494807656854391,0.08926516771316528,0.03290347754955292,0.9994584918022156,-1.2015370884910226e-05,-0.00015789439203217626,3.8727603168808855e-06,-4.301406443119049e-05,0.032398123294115067,-0.0001206875967909582,-3.433851452427916e-05,0.9999997615814209,0.000569244846701622,-0.08828803151845932,0.0021982721518725157,-1.5254014730453491,-0.07350890338420868,-0.041016776114702225,-0.0009807114256545901,-0.0878053829073906,0.09813719987869263,1.5222707986831665,-0.0732562392950058,0.02827334776520729,-0.0008613384561613202,1.8477439880371094e-06,0.0016158813377842307,0.024947725236415863,0.003995392471551895,0.004009142052382231,5.211707502894569e-06,7.425900548696518e-06,,,,,3.777090814044495,,1320,0.975
11.983333333322491,retreat,11.983333958312869,16.913453877832335,18.065696209669113,-0.01245737075805664,-0.592496944591403,3.711934375237642,0.03559828837751411,0.0,0.4756014943122864,0.06326494365930557,8.364694595336914,-0.046571709390264004,86,0.40726202726364136,0.09056328982114792,0.19012703001499176,0.03746822476387024,-0.0087293871329166,-18.32420369581772,0.017189808189868927,0.4346429109573364,-0.1923196017742157,0.06321819871664047,-0.002316857920959592,0.0007381941541098058,-3.80069250240922e-05,0.00011500548862386495,0.032387033104896545,0.9994754195213318,0.0002250777033623308,0.0012333597987890244,4.5638123992830515e-05,-0.12383200228214264,-0.0011795719619840384,-0.07080592960119247,-0.47521916031837463,0.5598421096801758,0.4996955394744873,-2.006100654602051,-0.5167468190193176,2.4437813758850098,1.1533809900283813,-0.00042907928582280874,0.0004548508150037378,0.0011136990506201982,-0.0025388046633452177,0.005395909771323204,0.006956898607313633,-0.0030758604407310486,0.6000031232833862,0.0014987722970545292,0.08926758915185928,0.03289356082677841,0.9994588494300842,-1.331283783656545e-05,-0.00014325576194096357,-6.250924343476072e-06,-3.9218924939632416e-05,0.03240082785487175,-2.991894507431425e-05,5.044013960286975e-05,1.0,0.0005067909369245172,0.0692940428853035,0.30662626028060913,-0.25892284512519836,-0.08306825906038284,0.03593314066529274,0.0031911234837025404,0.06936313956975937,-0.2889407277107239,0.27850398421287537,-0.03878091275691986,-0.026076003909111023,-0.0014678218867629766,5.662441253662109e-06,0.0016185024287551641,0.024947553873062134,0.003995396196842194,0.0040092263370752335,5.181429514777847e-06,7.379974704235792e-06,,,,,3.777090814044495,,1320,0.9833333333333333
11.991666666655817,retreat,11.99166729208082,16.888236815164333,18.067339062690735,-0.010907649993896484,-0.5930584156885743,3.7150453696740056,0.031655865313950926,0.055952909680744456,1.0553261041641235,0.07177437096834183,8.952937126159668,-0.04670281123253517,76,0.990479052066803,0.10499386489391327,0.11461174488067627,0.02950344979763031,-0.008012812002561986,-18.32606290193197,-0.04192015528678894,-0.05864613130688667,-1.0528610944747925,0.07173164933919907,-0.0023121610283851624,0.0008858269429765642,-2.5765655664145015e-05,6.864729220978916e-05,0.03241420537233353,0.9994745254516602,-0.0014700123574584723,0.0004922071238979697,-0.0005361215444281697,-0.11902628093957901,0.020014725625514984,-0.021767277270555496,-0.47521501779556274,0.5598500370979309,0.49969273805618286,-2.006119728088379,-0.5167431831359863,2.4437813758850098,1.1533864736557007,0.0003191922151017934,0.0007066097459755838,-0.00010789161751745269,-0.00226595182903111,0.0023836030159145594,0.001322558498941362,-0.001369584584608674,0.5999921560287476,0.0015025283209979534,0.08925602585077286,0.03289102017879486,0.999458909034729,-1.3882330677006394e-05,-0.00015651345893274993,7.12298106009257e-06,-3.409385681152344e-05,0.032391201704740524,-8.91199306352064e-05,3.68128894479014e-05,0.9999998807907104,0.00047706696204841137,-0.028647461906075478,0.07165904343128204,-0.9874680042266846,-0.10086551308631897,-0.029119230806827545,-0.0013894038274884224,-0.02833886258304119,-0.0065803974866867065,0.9900516867637634,-0.09054628014564514,0.02502848394215107,-0.0002286795643158257,3.3974647521972656e-06,0.001619858667254448,0.02494746819138527,0.003995399922132492,0.004009262192994356,5.193141987547278e-06,7.392169209197164e-06,,,,,3.777090814044495,,1320,0.9916666666666667
11.999999999989143,retreat,12.00000062584877,16.86277519678697,18.063900619745255,-0.011682510375976562,-0.5924542201682925,3.716415490862176,0.028740665584336966,0.06852804166478502,0.369717538356781,0.07452475279569626,9.338187217712402,-0.04722713856608607,74,0.23422996699810028,0.0648454800248146,0.190531387925148,0.02108064293861389,-0.00404327309661312,-18.322719743375405,0.03688865900039673,-0.21937377750873566,0.29530563950538635,0.07450854778289795,-0.0013719149865210056,0.0007297892589122057,-8.829896250972524e-05,0.00016658910317346454,0.03242575004696846,0.9994741082191467,-0.00021153085981495678,0.0003188885748386383,0.0002362355007790029,-0.057720765471458435,0.03985317423939705,0.016622139140963554,-0.4752223491668701,0.5598407983779907,0.499703586101532,-2.006119728088379,-0.5167715549468994,2.443812131881714,1.1534074544906616,-0.0002956514654215425,-0.0006981457117944956,5.40418695891276e-05,-0.0005188605864532292,-0.0018558604642748833,0.0026724168565124273,0.001045792829245329,0.6000018119812012,0.0015048333443701267,0.08926528692245483,0.032893598079681396,0.9994588494300842,-1.1866894965351094e-05,-0.0001333723630523309,-4.8087631512316875e-06,-3.294646739959717e-05,0.03239712491631508,2.9905997507739812e-05,0.00010126013512490317,0.9999998211860657,0.00046808121260255575,0.07457464188337326,-0.1717304140329361,0.1407514363527298,-0.05815102905035019,0.028646133840084076,0.0016712406650185585,0.07453957200050354,0.16210173070430756,-0.15175819396972656,-0.08295667171478271,-0.01794009655714035,-0.00046719517558813095,8.165836334228516e-06,0.0016204356215894222,0.024947427213191986,0.003995404113084078,0.004009287804365158,5.258264536678325e-06,7.486814865842462e-06,,,,,3.777090814044495,,1320,1.0
12.008333333322469,retreat,12.00833395961672,16.83706992511984,18.06468293070793,-0.011801719665527344,-0.5925019504502416,3.7058102393472905,0.03996935993200168,0.06852804166478502,1.707896113395691,0.07826340198516846,8.87559986114502,-0.045981832954566926,80,1.5318455696105957,0.07962698489427567,0.2295222133398056,0.03775791451334953,-0.0046523058554157615,-18.32276451359878,-0.18611383438110352,-0.1951783448457718,-1.6864686012268066,0.0780419409275055,-0.005859225057065487,0.0005343469674699008,3.3732160318322713e-06,9.198587213177234e-05,0.03233356401324272,0.9994770884513855,-0.0007765957270748913,-0.00013468117685988545,-0.0004543142858892679,-0.07405907660722733,-0.04098926857113838,-0.07915478944778442,-0.47522103786468506,0.5598359107971191,0.4996948540210724,-2.006119728088379,-0.5167879462242126,2.4437718391418457,1.15341317653656,0.0007205998408608139,9.42524493439123e-05,-0.0017963513964787126,-0.0020611558575183153,0.001516037154942751,-0.003163121175020933,-0.0018441214924678206,0.5999945402145386,0.0014948919415473938,0.089263416826725,0.032908979803323746,0.9994583129882812,-1.2405638699419796e-05,-0.00014944736903999,3.385270701983245e-06,-4.3744686990976334e-05,0.0323953852057457,-5.772248186985962e-05,7.221483883768087e-06,0.9999998211860657,0.000575721322093159,0.030477819964289665,-0.045888062566518784,-1.5308547019958496,-0.06932947039604187,-0.0391136109828949,-0.002001534914597869,0.03093709796667099,0.14649079740047455,1.5245113372802734,-0.07602446526288986,0.04356194660067558,-0.0008419424993917346,4.589557647705078e-06,0.0016158327925950289,0.024947725236415863,0.003995412494987249,0.0040093716233968735,5.291029992804397e-06,7.537571946159005e-06,,,,,3.777090814044495,,1320,1.0083333333333333
12.016666666655794,retreat,12.016667293384671,16.811121902582535,18.06419864296913,-0.01138448715209961,-0.5915936781093478,3.7097181816322866,0.03561104313121177,0.06852804166478502,0.500586748123169,0.06446431577205658,8.448320388793945,-0.04670281123253517,76,0.4351794123649597,0.09069491177797318,0.23089314997196198,0.054282158613204956,-0.005208623071666807,-18.32255200419196,0.08842504769563675,0.43345075845718384,-0.23428300023078918,0.06446084380149841,-0.00035849696723744273,0.0005648026708513498,-4.140289092902094e-05,0.00011099459516117349,0.03236765041947365,0.9994759559631348,-0.00031951244454830885,0.0012832818320021033,-1.3729521015193313e-05,-0.07485244423151016,0.033614955842494965,0.013128706254065037,-0.4752234220504761,0.5598353147506714,0.49969741702079773,-2.006119728088379,-0.5167738199234009,2.4438085556030273,1.1534055471420288,-0.0005561004509218037,0.00018451189680490643,0.0010776638519018888,-0.0023918633814901114,0.005483013112097979,0.007492355071008205,-0.0032964819110929966,0.6000019311904907,0.0014993445947766304,0.0892670676112175,0.0328974686563015,0.9994586706161499,-1.344868269370636e-05,-0.00013341223530005664,-4.623776476364583e-06,-3.9670150727033615e-05,0.0323987752199173,-2.4206228772527538e-05,5.4157470003701746e-05,0.9999998211860657,0.0005300913471728563,0.04039981961250305,0.2935507893562317,-0.3187113404273987,-0.07571475952863693,0.049769725650548935,0.0039770333096385,0.04047978296875954,-0.2719586491584778,0.3373144865036011,-0.03332004323601723,-0.04409988597035408,-0.001070209313184023,5.4836273193359375e-06,0.0016175346681848168,0.02494761347770691,0.003995419945567846,0.004009373486042023,5.174831130716484e-06,7.377326255664229e-06,,,,,3.777090814044495,,1320,1.0166666666666666
12.02499999998912,retreat,12.025000627152622,16.78493203159465,18.065617978572845,-0.011026859283447266,-0.5922770360484719,3.712092624222409,0.03232820381526835,0.07912936237050427,1.3098403215408325,0.07619018107652664,8.76511287689209,-0.0452608619525563,79,1.1941862106323242,0.11097894608974457,0.1776411533355713,0.04144475981593132,-0.005468194489367306,-18.32413647011385,-0.16760984063148499,-0.09930132329463959,-1.2952712774276733,0.07583518326282501,-0.007296932861208916,0.0008502877317368984,1.8209937024948886e-06,6.0213984397705644e-05,0.03238833695650101,0.9994753003120422,-0.0010255561210215092,0.0004813077102880925,-0.0004698309930972755,-0.08152533322572708,0.006359406281262636,-0.05105135589838028,-0.4752230644226074,0.5598347187042236,0.4996984004974365,-2.0061330795288086,-0.5167696475982666,2.4438085556030273,1.1534037590026855,0.000208432917133905,0.00043894490227103233,-0.00028133337036706507,-0.002690016757696867,0.003220855025574565,-0.0006429310888051987,-0.002202985342592001,0.5999956130981445,0.001501964870840311,0.08926276862621307,0.03289603814482689,0.9994587302207947,-1.1548291695362423e-05,-0.00013976260379422456,2.4586302060924936e-06,-3.609154373407364e-05,0.032396119087934494,-7.982031820574775e-05,7.176489816629328e-06,0.9999997615814209,0.0005079706315882504,0.04456854239106178,0.05711408331990242,-1.1919866800308228,-0.10470299422740936,-0.036707259714603424,-0.0024871998466551304,0.04490168020129204,0.021388918161392212,1.1931500434875488,-0.09649360179901123,0.04322218894958496,-0.00032686846680007875,3.039836883544922e-06,0.0016185671556741,0.024947550147771835,0.003995426464825869,0.0040093897841870785,5.184788278711494e-06,7.378315785899758e-06,,,,,3.777090814044495,,1320,1.025
12.033333333322446,retreat,12.033333960920572,16.75850121457577,18.06538701057434,-0.011444091796875,-0.5927047459408641,3.7131474453399647,0.03433470556046814,0.055952909680744456,0.21922607719898224,0.07497645169496536,9.072904586791992,-0.045981832954566926,74,0.28622347116470337,0.07181601226329803,0.15818282961845398,0.02897118590772152,-0.005292053974699229,-18.323978859377945,0.07821685820817947,-0.12940765917301178,-0.15873202681541443,0.07497227936983109,-0.000491750193759799,0.0006192659493535757,-4.415236981003545e-05,9.642825898481533e-05,0.03239736333489418,0.9994750022888184,-0.00039729237323626876,0.00028442853363230824,-2.644527194206603e-05,-0.07172930985689163,0.02928425371646881,0.010406389832496643,-0.4752230644226074,0.5598347187042236,0.49969398975372314,-2.0061330795288086,-0.5167853832244873,2.4438223838806152,1.1534154415130615,0.00010137713252333924,-0.00030852563213557005,-0.0006259643123485148,-0.0015711274463683367,-8.29385535325855e-05,0.003995298873633146,-9.82289930107072e-05,0.5999988913536072,0.0014992309734225273,0.08926325291395187,0.03289933502674103,0.9994586706161499,-1.3093803318042774e-05,-0.00013201481488067657,-1.7354341252939776e-06,-3.8621947169303894e-05,0.03239622712135315,-3.7446487112902105e-05,5.611241067526862e-05,0.9999998807907104,0.0005022304248996079,0.03700041398406029,-0.08650042861700058,-0.27031928300857544,-0.06336373835802078,0.03371480107307434,0.00242668972350657,0.03707349672913551,0.1040889248251915,0.2640358805656433,-0.0758717954158783,-0.02846534363925457,-0.0005342165241017938,4.76837158203125e-06,0.0016190180322155356,0.024947520345449448,0.00399543484672904,0.004009443800896406,5.186167072679382e-06,7.383670890703797e-06,,,,,3.777090814044495,,1320,1.0333333333333332
12.041666666655772,retreat,12.041667294688523,16.73183035394549,18.064995855093002,-0.009775161743164062,-0.5923885619267821,3.710457059705613,0.035768178349826485,0.08846931922527276,1.1784448623657227,0.06733182817697525,8.66213607788086,-0.04644062209990807,74,1.1076385974884033,0.08675149083137512,0.10150672495365143,0.01894242689013481,0.012879687565146014,-18.32340060154822,-0.07008743286132812,0.13276976346969604,-1.1688421964645386,0.06720544397830963,-0.004035530611872673,0.0008473588968627155,-3.399176421226002e-05,8.702755440026522e-05,0.032373879104852676,0.9994757771492004,-0.00173873919993639,-0.0033627438824623823,-0.0003201650397386402,0.17912133038043976,0.06559477001428604,0.014273327775299549,-0.47522515058517456,0.5598313212394714,0.4996959865093231,-2.0061330795288086,-0.5167874693870544,2.4438223838806152,1.1534159183502197,3.247462154831737e-05,0.00029175664531067014,-3.5745499189943075e-05,-0.002395186573266983,0.003392900573089719,0.0018380690598860383,-0.0023528547026216984,0.5999996662139893,0.0014984593726694584,0.08926534652709961,0.03289997950196266,0.9994585514068604,-1.311062715103617e-05,-0.0001301213342230767,-9.635487003833987e-07,-3.986246883869171e-05,0.03239784762263298,-4.4615160732064396e-05,4.57257337984629e-05,0.9999997019767761,0.0005263760103844106,-0.001523238024674356,0.17587514221668243,-1.0935853719711304,-0.08411946892738342,-0.0211868304759264,-0.0009243102977052331,-0.0012409344781190157,-0.10357540845870972,1.1027848720550537,-0.05875396728515625,0.020983194932341576,-0.0004414801369421184,4.291534423828125e-06,0.0016178454970940948,0.024947598576545715,0.003995442762970924,0.004008177667856216,-0.00032257617567665875,-0.00045956671237945557,,,,,3.777090814044495,,1320,1.0416666666666667
12.049999999989097,retreat,12.050000628456473,16.704920352123402,18.065718561410904,-0.01049041748046875,-0.5930021870881319,3.711828872171522,0.03559593460522592,0.08846931922527276,0.7119871973991394,0.07198510318994522,8.882492065429688,-0.045916287490399554,74,0.7300804257392883,0.08339371532201767,0.033129289746284485,0.007042905315756798,-0.005982285569189116,-18.32421871036985,-0.0016547441482543945,0.03344014286994934,-0.7111995220184326,0.0719679594039917,-0.0015492690727114677,0.00026129448087885976,2.779614987957757e-05,7.86858654464595e-05,0.032385848462581635,0.999475359916687,-0.000717956805601716,0.0005801651277579367,-0.00030370301101356745,-0.0838298350572586,0.013007373549044132,0.0010513495653867722,-0.4752233624458313,0.5598310232162476,0.49969354271888733,-2.0061330795288086,-0.51678866147995,2.443824052810669,1.153421401977539,4.53510983788874e-05,0.00021927077614236623,-6.24718886683695e-05,-0.0022045562509447336,0.0024327056016772985,0.002979220589622855,-0.0014583476586267352,0.5999999642372131,0.0014981813728809357,0.08926545083522797,0.032900966703891754,0.9994585514068604,-1.5183874893409666e-05,-0.00012914904800709337,-2.0353172658360563e-06,-3.9645005017519e-05,0.03239869326353073,-5.0018064939649776e-05,-1.419948512193514e-05,0.9999997019767761,0.000515393796376884,0.02724575065076351,0.07090802490711212,-0.7261178493499756,-0.08286505192518234,0.009239434264600277,0.0015899427235126495,0.027432389557361603,-0.02300146222114563,0.7292022109031677,-0.07265030592679977,-0.005394909530878067,-0.001218010438606143,3.993511199951172e-06,0.001618442707695067,0.024947553873062134,0.003995450213551521,0.004009542521089315,5.1806691772071645e-06,7.380236638709903e-06,,,,,3.777090814044495,,1320,1.05
12.058333333322423,retreat,12.058333962224424,16.677772111529098,18.065867573022842,-0.011861324310302734,-0.5929660983383656,3.711512345004225,0.034873544791480526,0.09691328065893987,0.9778704047203064,0.07110624015331268,8.781758308410645,-0.04663725849241018,84,0.9456713199615479,0.08786651492118835,0.04641662538051605,0.007934963330626488,-0.009247876121662557,-18.3243457091579,-0.10518597066402435,0.06846815347671509,-0.9697827100753784,0.07098327577114105,-0.0041348692029714584,0.00061181525234133,-1.0544980796112213e-05,8.551801147405058e-05,0.03238324075937271,0.9994754791259766,-0.00032166088931262493,0.000752054329495877,-0.00022945395903661847,-0.12880557775497437,-0.029293159022927284,-0.07906685024499893,-0.47522422671318054,0.559830367565155,0.4996948838233948,-2.006135940551758,-0.5167888402938843,2.443824052810669,1.1534239053726196,-1.2024604984617326e-05,0.00034806743497028947,0.00015489319048356265,-0.00266068521887064,0.0031434744596481323,0.001624859170988202,-0.0019091287394985557,0.5999987125396729,0.0014988374896347523,0.08926484733819962,0.0329006128013134,0.9994585514068604,-1.584429082868155e-05,-0.00013020430924370885,-2.0849192878813483e-06,-3.8973987102508545e-05,0.0323982760310173,-4.5522290747612715e-05,2.4972916435217485e-05,0.9999996423721313,0.0005176470149308443,0.06953912228345871,0.12097100913524628,-0.9353205561637878,-0.08784200251102448,-0.001968157244846225,-0.0006576890591531992,0.06978073716163635,-0.0591999888420105,0.941233217716217,-0.07040140777826309,0.012032735161483288,-0.00011303863720968366,4.231929779052734e-06,0.001618312788195908,0.024947568774223328,0.003995444625616074,0.0040083397179841995,5.1692777560674585e-06,7.3633273132145405e-06,,,,,3.777090814044495,,1320,1.0583333333333333
12.066666666655749,retreat,12.066667295992374,16.650386534582168,18.066269904375076,-0.011444091796875,-0.5930517800152302,3.7137274694272033,0.034533026337157935,0.055952909680744456,0.6642941236495972,0.07018633931875229,8.887063980102539,-0.04663725849241018,75,0.695584774017334,0.08223389089107513,0.04402409866452217,0.009471984580159187,-0.008213547334889881,-18.324902090766905,-0.01163780689239502,0.027169905602931976,-0.6636362075805664,0.07014647871255875,-0.002224607625976205,0.0008028510492295027,-3.133053542114794e-05,7.557456410722807e-05,0.0324023999273777,0.999474823474884,-0.0007321368902921677,0.0007473043515346944,-0.000204996918910183,-0.11617734283208847,0.011302536353468895,-0.004466370679438114,-0.47522473335266113,0.5598303079605103,0.499695748090744,-2.0061399936676025,-0.516793429851532,2.443826675415039,1.15343177318573,-8.329778211191297e-05,0.00016792902897577733,0.00022530791466124356,-0.0023886237759143114,0.0018840625416487455,0.003108594799414277,-0.0009596370509825647,0.5999975204467773,0.0014991257339715958,0.08926369249820709,0.03290146216750145,0.9994586110115051,-1.7446633137296885e-05,-0.00013015155855100602,-4.758967406814918e-07,-3.860611468553543e-05,0.032397568225860596,-5.614637120743282e-05,4.701883881352842e-05,0.9999998807907104,0.0004993194015696645,0.0435929112136364,0.07174865901470184,-0.6904997825622559,-0.08111569285392761,0.013465255498886108,0.0011591261718422174,0.043771471828222275,-0.026182912290096283,0.6937123537063599,-0.07077741622924805,-0.007225337903946638,-0.0006652332376688719,3.7550926208496094e-06,0.0016192692564800382,0.024947501718997955,0.003995438106358051,0.004008420743048191,5.173385943635367e-06,7.3714181780815125e-06,,,,,3.777090814044495,,1320,1.0666666666666667
12.074999999989075,retreat,12.075000629760325,16.62276452370221,18.06561052799225,-0.01138448715209961,-0.5929686594754457,3.71298924124914,0.034224878618260846,0.06852804166478502,0.884273111820221,0.07081667333841324,8.924002647399902,-0.04663725849241018,75,0.8775649070739746,0.08150560408830643,0.014212287031114101,0.0032857698388397694,-0.006771456042770296,-18.324191374538742,-0.01376478374004364,-0.00662250816822052,-0.8841411471366882,0.07077522575855255,-0.0022892747074365616,0.000792725826613605,-3.836821633740328e-05,8.228010847233236e-05,0.03239632025361061,0.9994750618934631,-0.0007690656930208206,0.0006460227887146175,-0.00037497663288377225,-0.09838606417179108,0.008710464462637901,-0.005768611561506987,-0.47522634267807007,0.5598291158676147,0.49969881772994995,-2.0061399936676025,-0.5168024301528931,2.443826675415039,1.1534414291381836,5.414269253378734e-05,0.00020969125034753233,-7.609708973177476e-06,-0.002260472159832716,0.0014287206577137113,0.0023891411256045103,-0.0007799282320775092,0.5999981760978699,0.0014996645040810108,0.08926475793123245,0.032903414219617844,0.9994584918022156,-1.833023998187855e-05,-0.00012814166257157922,-1.200173755933065e-06,-3.8304366171360016e-05,0.03239798918366432,-4.769565202877857e-05,5.522267383639701e-05,0.9999998211860657,0.0005073562497273088,0.008212336339056492,0.062467582523822784,-0.8753002882003784,-0.08141085505485535,-0.003928571008145809,5.3943931561661884e-05,0.008435830473899841,-0.0047631338238716125,0.8775110244750977,-0.07241962105035782,0.0051025995053350925,-0.00037147625698708,4.0531158447265625e-06,0.0016189658781513572,0.024947520345449448,0.003995431587100029,0.004008501302450895,5.175395017431583e-06,7.372931577265263e-06,,,,,3.777090814044495,,1320,1.075
12.0833333333224,retreat,12.083333963528275,16.594906981308807,18.065927177667618,-0.01055002212524414,-0.5930491024628282,3.712725552804779,0.03492619362077676,0.07912936237050427,0.9845663905143738,0.07084984332323074,8.89477252960205,-0.04663725849241018,79,0.9742536544799805,0.07883129268884659,0.012783242389559746,0.00267044804058969,-0.007254953088704497,-18.324489686074177,0.04082214832305908,-0.0010400712490081787,-0.9837192296981812,0.07084600627422333,-0.0002918501850217581,0.000677249045111239,-3.7949150282656774e-05,7.552510942332447e-05,0.03239409625530243,0.9994751214981079,-0.001154345809482038,0.0005545709864236414,-0.0003656272019725293,-0.10391328483819962,0.02841050736606121,-0.006689616944640875,-0.47522392868995667,0.5598284006118774,0.4996967613697052,-2.0061399936676025,-0.5168126821517944,2.443829298019409,1.1534512042999268,0.00038447423139587045,0.00045163684990257025,-0.00048130916547961533,-0.002152474597096443,0.0013003140920773149,0.00308245955966413,-0.0007315716939046979,0.5999990701675415,0.0014992356300354004,0.08926524221897125,0.032906774431467056,0.9994584321975708,-1.862635326688178e-05,-0.00012556099682115018,-1.4261195246945135e-06,-3.8922764360904694e-05,0.0323987752199173,-5.186360067455098e-05,5.49654068890959e-05,0.9999997615814209,0.0005129431374371052,-0.034135617315769196,0.06676959246397018,-0.971363365650177,-0.0787622407078743,-0.003203767351806164,0.000785937940236181,-0.033892545849084854,-0.002729177474975586,0.9736601710319519,-0.06915410608053207,-0.001774125499650836,-0.0006546418881043792,3.6954879760742188e-06,0.0016188548179343343,0.024947531521320343,0.003995425067842007,0.004008562304079533,5.1761949180217925e-06,7.372815161943436e-06,,,,,3.777090814044495,,1320,1.0833333333333333
12.091666666655726,retreat,12.091667297296226,16.566814809821555,18.066105991601944,-0.012278556823730469,-0.5935224471613765,3.7121981198030167,0.03548743552528322,0.055952909680744456,0.8811385035514832,0.07274358719587326,8.933094024658203,-0.046571709390264004,85,0.8700600266456604,0.08172876387834549,0.025680162012577057,0.00720940763130784,-0.008834391599521041,-18.324631819809838,-0.11097794771194458,0.01272737979888916,-0.8740291595458984,0.07260704040527344,-0.004381275735795498,0.0008074612123891711,-3.5832850699080154e-05,8.924078429117799e-05,0.032389432191848755,0.999475359916687,-0.0003259095537941903,0.0005298698088154197,-0.0002593328827060759,-0.12226053327322006,-0.021243326365947723,-0.07892695814371109,-0.47522154450416565,0.5598284006118774,0.49969416856765747,-2.0061399936676025,-0.5168213844299316,2.443829298019409,1.153460144996643,0.00015628425171598792,0.0003239111974835396,-0.00016669434262439609,-0.002409830456599593,0.0020072313491255045,0.0016046289820224047,-0.0012108085211366415,0.5999992489814758,0.0014982949942350388,0.0892648994922638,0.03290998563170433,0.9994583129882812,-1.9743602024391294e-05,-0.0001247739273821935,-3.3822134355432354e-06,-3.958633169531822e-05,0.03239857777953148,-3.7335583328967914e-05,5.444139242172241e-05,0.9999998807907104,0.000520826259162277,0.08649538457393646,0.06976699084043503,-0.8629342913627625,-0.08172312378883362,0.0009268968133255839,0.0002500845876056701,0.08670955896377563,-0.012852415442466736,0.8656327128410339,-0.0716777816414833,0.011528227478265762,-0.0009894471149891615,4.410743713378906e-06,0.0016186221037060022,0.024947546422481537,0.003995419479906559,0.00400862842798233,5.177176717552356e-06,7.372698746621609e-06,,,,,3.777090814044495,,1320,1.0916666666666666
12.099999999989052,retreat,12.100000631064177,16.538488911660043,18.066370487213135,-0.010907649993896484,-0.5930861225351691,3.7142546855617327,0.033653919672360644,0.06852804166478502,0.8641716241836548,0.06846871972084045,8.905089378356934,-0.04788257137988694,75,0.8723700642585754,0.08349968492984772,0.03377804160118103,0.008542327210307121,-0.008580443332903087,-18.325039338658137,-0.02046215534210205,0.10715113580226898,-0.8572587370872498,0.0684446170926094,-0.001548148924484849,0.0009501356980763376,-6.0063655837439e-05,7.831471884856e-05,0.032407183200120926,0.9994747042655945,-0.0012946603819727898,0.0007101710652932525,-0.0003938066365662962,-0.12380912154912949,0.029648687690496445,-0.014014133252203465,-0.4752211272716522,0.5598278641700745,0.4996952712535858,-2.0061497688293457,-0.5168237686157227,2.443833589553833,1.1534678936004639,-1.5895269825705327e-05,0.0003978819877374917,0.00029910882585681975,-0.002519279019907117,0.002521850634366274,0.003260222962126136,-0.0013324973406270146,0.599995493888855,0.0015005506575107574,0.08926177769899368,0.032909661531448364,0.9994583129882812,-2.074539224850014e-05,-0.0001270267675863579,1.8911155166279059e-06,-3.756163641810417e-05,0.032395847141742706,-5.133976446813904e-05,7.922446093289182e-05,0.9999998211860657,0.0005027360166423023,0.034950125962495804,0.1356731653213501,-0.861046314239502,-0.08286002278327942,0.01025452371686697,0.0011217709397897124,0.0351654514670372,-0.07873818278312683,0.8680972456932068,-0.06329256296157837,-0.0052629695273935795,-0.0007594620110467076,3.814697265625e-06,0.0016195082571357489,0.02494749054312706,0.003995412494987249,0.004008703865110874,5.179604613658739e-06,7.376132998615503e-06,,,,,3.777090814044495,,1320,1.1
12.108333333322378,retreat,12.108333964832127,16.509930189243867,18.065301328897476,-0.011205673217773438,-0.5930569022893906,3.7152034863315833,0.03320623727631755,0.07912936237050427,0.7502897381782532,0.07250253856182098,9.078853607177734,-0.046571709390264004,77,0.7700172662734985,0.07778441905975342,0.054484784603118896,0.007390520069748163,-0.005888834348297678,-18.32403616428969,0.02468755841255188,-0.10625386238098145,-0.7423175573348999,0.07248744368553162,-0.0013308977941051126,0.0006459657452069223,-3.995689985458739e-05,9.252278687199578e-05,0.0324154868721962,0.9994744062423706,-0.0006446564802899957,0.00045167814823798835,-0.00025619103689678013,-0.08422419428825378,0.017424043267965317,0.0030527706257998943,-0.47522351145744324,0.5598270893096924,0.49970000982284546,-2.0061497688293457,-0.516839861869812,2.443833589553833,1.153480887413025,0.0001891122810775414,0.00011613969400059432,-0.0003168123366776854,-0.0017961155390366912,0.0001745084737194702,0.002531331032514572,-5.375878026825376e-05,0.5999965071678162,0.0015011201612651348,0.08926329016685486,0.03291336074471474,0.9994581937789917,-1.989237716770731e-05,-0.00012391891505103558,3.7692825571866706e-07,-3.72924841940403e-05,0.03239632770419121,-3.334082430228591e-05,5.8842910220846534e-05,0.9999997615814209,0.0004981326055712998,-0.0010722246952354908,-0.013493427075445652,-0.7698982954025269,-0.07778333872556686,-0.0002386231062700972,0.0003327701997477561,-0.000880072417203337,0.06411665678024292,0.7673425674438477,-0.07976148277521133,6.576679879799485e-05,-0.0003179683117195964,4.5299530029296875e-06,0.0016199228120967746,0.02494746446609497,0.003995405975729227,0.004008812829852104,5.185993359191343e-06,7.3878036346286535e-06,,,,,3.777090814044495,,1320,1.1083333333333334
12.116666666655703,retreat,12.116667298600078,16.481139544992615,18.065860122442245,-0.011205673217773438,-0.5931858904659748,3.7135692900117427,0.03462286986177787,0.08846931922527276,1.1654729843139648,0.06938590109348297,8.929940223693848,-0.04663725849241018,74,1.1325308084487915,0.0765557587146759,0.03895653784275055,0.006288222037255764,-0.00762187730288133,-18.32448130830023,0.0015415996313095093,-0.0010302215814590454,-1.1654715538024902,0.06935814768075943,-0.0018344931304454803,0.0006968639208935201,-2.9566701414296404e-05,7.907545659691095e-05,0.03240135312080383,0.9994748830795288,-0.000792413018643856,0.0004251677601132542,-0.00039286352694034576,-0.11311496049165726,0.010043583810329437,-0.004618075210601091,-0.4752219617366791,0.5598253011703491,0.4996984899044037,-2.0061497688293457,-0.5168529152870178,2.443833589553833,1.1534911394119263,0.0004864238144364208,0.00046277770888991654,-0.0007035265443846583,-0.002022417727857828,0.0012685422552749515,0.0022052230779081583,-0.000874557881616056,0.5999970436096191,0.0015000146813690662,0.08926411718130112,0.03291819617152214,0.9994580149650574,-1.9905537556041963e-05,-0.00012191130372229964,-2.8921658667968586e-07,-3.8671307265758514e-05,0.032397639006376266,-4.443022044142708e-05,4.8096393584273756e-05,0.9999997019767761,0.0005171123775653541,-0.02225448004901409,0.07270518690347672,-1.129975438117981,-0.0758996531367302,-0.009997602552175522,0.0002749146078713238,-0.021979941055178642,0.0018066316843032837,1.1323161125183105,-0.06543957442045212,0.006752464454621077,-0.0007056109025143087,3.874301910400391e-06,0.0016192169860005379,0.024947509169578552,0.003995400853455067,0.004008851014077663,5.1850665840902366e-06,7.382623152807355e-06,,,,,3.777090814044495,,1320,1.1166666666666667
12.12499999998903,retreat,12.125000632368028,16.452117881325883,18.06635931134224,-0.011146068572998047,-0.5931900814175606,3.7148345370096716,0.03472392927506007,0.0,0.9146400094032288,0.06773903220891953,8.830376625061035,-0.04663725849241018,76,0.9216231107711792,0.07981594651937485,0.029185879975557327,0.006715560797601938,-0.008268150209914893,-18.32506848831874,-0.00046609342098236084,0.08450797200202942,-0.9107275009155273,0.0677122250199318,-0.0017752035055309534,0.0006924853078089654,-2.925469379988499e-05,7.878649194026366e-05,0.03241248428821564,0.9994746446609497,-0.0006842036382295191,0.0005976772517897189,-0.00034836141276173294,-0.1207728311419487,0.014979411847889423,0.001169470138847828,-0.47521862387657166,0.5598260760307312,0.4996953308582306,-2.0061497688293457,-0.5168601274490356,2.443838357925415,1.1534994840621948,0.0003220518701709807,0.0005504083819687366,-0.0002587890194263309,-0.0020593188237398863,0.002060356317088008,0.0033283280208706856,-0.0012092130491510034,0.599997878074646,0.0014999271370470524,0.08926351368427277,0.032919980585575104,0.9994579553604126,-2.104479426634498e-05,-0.00011953763896599412,-1.215489646710921e-06,-3.88631597161293e-05,0.03239752724766731,-4.2377338104415685e-05,4.899063424090855e-05,1.0,0.0005077653913758695,0.012977317906916142,0.12016531825065613,-0.9136635661125183,-0.0797029659152031,0.004113681614398956,0.0010490078711882234,0.013192806392908096,-0.059782519936561584,0.9195874333381653,-0.06237870454788208,-0.002301017753779888,-0.0008841570233926177,3.874301910400391e-06,0.0016197728691622615,0.024947471916675568,0.0039953975938260555,0.004008973017334938,5.18447313879733e-06,7.386028300970793e-06,,,,,3.777090814044495,,1320,1.125
12.133333333322355,retreat,12.133333966135979,16.42286610066326,18.066098541021347,-0.011205673217773438,-0.5935031222179532,3.7158358857742386,0.033848496968857944,0.07912936237050427,0.9122242331504822,0.06985943019390106,8.95683479309082,-0.04663725849241018,76,0.9125611186027527,0.08346235007047653,0.014066929928958416,0.005403790157288313,-0.007381746079772711,-18.324877356325235,-0.06160867214202881,0.014405012130737305,-0.9100274443626404,0.06979340314865112,-0.002933473326265812,0.0007843156927265227,-3.580338307074271e-05,8.63856912474148e-05,0.03242103382945061,0.9994742274284363,-0.0007809936068952084,0.0005528281326405704,-0.00037062668707221746,-0.10833311825990677,0.01005898229777813,-0.002076908014714718,-0.4752182066440582,0.5598260760307312,0.4996969997882843,-2.0061497688293457,-0.5168678164482117,2.443838357925415,1.1535083055496216,0.000185815806617029,0.00042691323324106634,-6.101786493672989e-05,-0.0020000897347927094,0.0018063134048134089,0.0019591893069446087,-0.0010679299011826515,0.5999982357025146,0.0015006186440587044,0.08926388621330261,0.032921887934207916,0.9994578957557678,-2.1505860786419362e-05,-0.00011821497901109979,-1.7173588275909424e-06,-3.799190744757652e-05,0.03239770606160164,-3.3690506825223565e-05,5.629022416542284e-05,0.9999997615814209,0.0005011137691326439,0.04884961619973183,0.08059623092412949,-0.9076815247535706,-0.08345732092857361,-0.0008995956741273403,0.00017406333063263446,0.04906256124377251,-0.02069118618965149,0.9110060334205627,-0.07184793800115585,0.007930338382720947,-0.0006786166341044009,4.231929779052734e-06,0.0016201995313167572,0.02494744211435318,0.003995396662503481,0.004009063821285963,5.188954673940316e-06,7.389608072116971e-06,,,,,3.777090814044495,,1320,1.1333333333333333
12.14166666665568,retreat,12.14166729990393,16.393385105424336,18.06625872850418,-0.011086463928222656,-0.5937910173088312,3.715941275232455,0.033941538276849315,0.08846931922527276,1.0293569564819336,0.07039285451173782,8.955410957336426,-0.04663725849241018,76,1.0206835269927979,0.07922167330980301,0.014967539347708225,0.0013479760382324457,-0.007369783881586045,-18.32504487306362,-0.053207606077194214,-0.01799173653125763,-1.0278234481811523,0.07033370435237885,-0.002782180206850171,0.0007639563991688192,-2.8330821805866435e-05,7.656924572074786e-05,0.03242193162441254,0.9994742274284363,-0.0008340920321643353,0.00045837412471883,-0.00040656691999174654,-0.10915482044219971,0.007285034283995628,-0.004606963135302067,-0.47521644830703735,0.5598254799842834,0.49969592690467834,-2.0061497688293457,-0.5168769955635071,2.443838357925415,1.153517723083496,0.0002905181027017534,0.0004136045463383198,-0.00031707697780802846,-0.0020905195269733667,0.0015395097434520721,0.0016692596254870296,-0.0009290692396461964,0.5999985337257385,0.0015004943124949932,0.08926409482955933,0.03292497247457504,0.9994577765464783,-2.2259253455558792e-05,-0.0001170453688246198,-1.9702792997122742e-06,-3.805290907621384e-05,0.03239808231592178,-4.2111008951906115e-05,4.928730413666926e-05,0.9999997019767761,0.000503303250297904,0.04518268257379532,0.05894991010427475,-1.0179775953292847,-0.07918309420347214,0.002406300278380513,0.0005662423791363835,0.045420173555612564,0.008172981441020966,1.0196396112442017,-0.07070537656545639,0.004076772835105658,-0.0008180774748325348,3.7550926208496094e-06,0.0016202444676309824,0.02494743838906288,0.0039953975938260555,0.00400911271572113,5.1887154768337496e-06,7.392634870484471e-06,,,,,3.777090814044495,,1320,1.1416666666666666
12.149999999989006,retreat,12.15000063367188,16.36367579802871,18.06635558605194,-0.011026859283447266,-0.593692297115922,3.715361596269537,0.0351612688973546,0.07912936237050427,0.9793158173561096,0.07079003751277924,9.075467109680176,-0.047817029553698376,76,0.9809948205947876,0.07895456999540329,0.0033158103469759226,0.00260220211930573,-0.008042737608775496,-18.32510141712585,-0.06278294324874878,0.009487032890319824,-0.9772552251815796,0.07072273641824722,-0.002979919081553817,0.0008029329474084079,-2.6349547624704428e-05,7.508803537348285e-05,0.03241691738367081,0.9994744062423706,-0.0008450265740975738,0.0004712997761089355,-0.0004419175093062222,-0.11740213632583618,0.00836867280304432,-0.005156904924660921,-0.4752146601676941,0.5598248243331909,0.49969393014907837,-2.0061497688293457,-0.5168856382369995,2.443838357925415,1.1535266637802124,0.00021130472305230796,0.00034377918927930295,-0.0002449090243317187,-0.0022362498566508293,0.0017771918792277575,0.0019789168145507574,-0.0010959585197269917,0.5999987721443176,0.0014995569363236427,0.08926402777433395,0.032928217202425,0.9994576573371887,-2.3208800485008396e-05,-0.00011600391007959843,-2.214641426689923e-06,-3.929901868104935e-05,0.0323980450630188,-4.251637801644392e-05,4.824162169825286e-05,0.9999997615814209,0.0005115687381476164,0.06192333996295929,0.07116151601076126,-0.9764488339424133,-0.07863494008779526,0.0070762913674116135,0.0005448289448395371,0.06214851140975952,-0.006739944219589233,0.9790003895759583,-0.06839274615049362,0.0018315440975129604,-0.0006485441117547452,3.6954879760742188e-06,0.0016199940582737327,0.024947460740804672,0.003995400387793779,0.004009170923382044,5.1878946578653995e-06,7.390044629573822e-06,,,,,3.777090814044495,,1320,1.15
12.158333333322332,retreat,12.15833396743983,16.333739080895963,18.06574836373329,-0.012159347534179688,-0.5930149927735329,3.7149926626280814,0.03537011070875451,0.07912936237050427,1.0256774425506592,0.07157249003648758,8.925125122070312,-0.047817029553698376,83,1.0136075019836426,0.08481365442276001,0.028965285047888756,0.0050798445008695126,-0.007787724636727944,-18.324468537486574,-0.14654183387756348,0.05810141935944557,-1.013490915298462,0.07139700651168823,-0.004921795800328255,0.0009298879886046052,-4.424544022185728e-05,8.768076804699376e-05,0.03241372108459473,0.9994745254516602,-0.0003962028422392905,0.0006492628599517047,-0.0003350996703375131,-0.11009376496076584,-0.026711227372288704,-0.08143707364797592,-0.47521641850471497,0.5598234534263611,0.4996969401836395,-2.006150007247925,-0.5168892741203308,2.443838357925415,1.153532862663269,-0.00011488657764857635,0.00022583059035241604,0.00028050984838046134,-0.002730906940996647,0.0027631705161184072,0.0012840544804930687,-0.001632018364034593,0.599999189376831,0.001500159502029419,0.08926527202129364,0.032928816974163055,0.999457597732544,-2.4410330297541805e-05,-0.00011454086779849604,-3.856504463328747e-06,-3.945501521229744e-05,0.03239867091178894,-2.9094448109390214e-05,6.779535760870203e-05,0.9999997615814209,0.0005153680103830993,0.12234361469745636,0.11017897725105286,-1.0001463890075684,-0.08438242971897125,0.008528945967555046,0.00046697756624780595,0.12256967276334763,-0.044115349650382996,1.0052015781402588,-0.06850409507751465,0.009095761924982071,-0.0010477487230673432,4.291534423828125e-06,0.0016198346856981516,0.02494746446609497,0.003995402716100216,0.004009194206446409,5.185874670132762e-06,7.386202923953533e-06,,,,,3.777090814044495,,1320,1.1583333333333332
12.166666666655658,retreat,12.16666730120778,16.30357585644569,18.06642636656761,-0.011324882507324219,-0.5939566763117909,3.7157304933310478,0.0344309228239581,0.08846931922527276,1.0644102096557617,0.07279568910598755,9.079715728759766,-0.04670281123253517,75,1.063532829284668,0.0817510113120079,0.01631113328039646,0.0045321788638830185,-0.007069641258567572,-18.325197852407488,-0.05757831037044525,-0.03513556718826294,-1.0622708797454834,0.07272254675626755,-0.003105668118223548,0.0009989707032218575,-3.5407130781095475e-05,5.46561750525143e-05,0.032419972121715546,0.999474287033081,-0.0009483264293521643,0.0004498772614169866,-0.0004924894310534,-0.10354449599981308,0.0027290144935250282,-0.010565384291112423,-0.47521552443504333,0.5598219633102417,0.49969565868377686,-2.006174087524414,-0.5168963074684143,2.443838357925415,1.1535414457321167,0.00010064641537610441,0.00016593761392869055,-0.00023539995891042054,-0.0027827078010886908,0.0017128527397289872,0.0020433529280126095,-0.0010120687074959278,0.5999882221221924,0.0015018163248896599,0.08925723284482956,0.03293127194046974,0.9994575381278992,-2.2901420379639603e-05,-0.00012472769594751298,8.600175533501897e-06,-3.653671592473984e-05,0.0323914997279644,-7.194499630713835e-05,5.603520912700333e-05,0.9999997019767761,0.0005115685635246336,0.063493512570858,0.0498480498790741,-1.060464859008789,-0.08108526468276978,0.010388408787548542,0.0006991982809267938,0.06375765055418015,0.020063675940036774,1.0614300966262817,-0.07392305880784988,-0.0012461105361580849,-0.0005971752107143402,2.682209014892578e-06,0.001620146562345326,0.024947449564933777,0.003995407372713089,0.0040092989802360535,5.187024726183154e-06,7.390073733404279e-06,,,,,3.777090814044495,,1320,1.1666666666666667
12.174999999988984,retreat,12.175000634975731,16.27318702709749,18.0625781416893,-0.010907649993896484,-0.5929040489718318,3.7150453696740056,0.032244264730252326,0.08846931922527276,0.5988265872001648,0.07735783606767654,9.300776481628418,-0.047817029553698376,74,0.6531023383140564,0.06747898459434509,0.12962226569652557,0.016922345384955406,-0.00122782322432613,-18.321301980930535,0.13251465559005737,-0.18271303176879883,-0.5546612739562988,0.0773516595363617,0.0007295582909137011,0.0006504466291517019,-8.012846228666604e-05,0.0001093162500183098,0.032414134591817856,0.9994745254516602,-0.00033203233033418655,0.00042996759293600917,-3.722900146385655e-05,-0.014235501177608967,0.03380557894706726,0.011919018812477589,-0.4752238690853119,0.5598116517066956,0.49970588088035583,-2.006174087524414,-0.5169230699539185,2.4438748359680176,1.1535593271255493,0.0002161209558835253,-0.0003910216619260609,-0.000905265798792243,-0.0013999843504279852,-0.0011346640530973673,0.004206793382763863,0.00038706226041540504,0.5999992489814758,0.0015034805983304977,0.08926734328269958,0.03293253481388092,0.9994574785232544,-2.0747167582158e-05,-9.895239054458216e-05,-3.6815899875364266e-06,-3.64203006029129e-05,0.032397784292697906,7.0451610554300714e-06,0.00010120958177139983,0.9999997019767761,0.0005186694907024503,-0.042781341820955276,-0.09610454738140106,-0.6445745229721069,-0.06654679030179977,0.011138967238366604,0.000928161374758929,-0.04264960438013077,0.13833007216453552,0.636858344078064,-0.08045515418052673,-0.01734163612127304,0.00022874027490615845,5.304813385009766e-06,0.0016198555240407586,0.02494746819138527,0.003995414357632399,0.004009355790913105,5.224179403739981e-06,7.440714398398995e-06,,,,,3.777090814044495,,1320,1.175
12.18333333332231,retreat,12.183333968743682,16.242573495270946,18.06703731417656,-0.010848045349121094,-0.5939475959166884,3.7114595878555368,0.03621241557993926,0.07912936237050427,2.062807559967041,0.06947427242994308,8.878066062927246,-0.04657171666622162,76,1.9123479127883911,0.09215682744979858,0.19426566362380981,0.028939547017216682,-0.008769152918830514,-18.325511781324604,-0.06250731647014618,0.025135084986686707,-2.061707019805908,0.0694001168012619,-0.0030728275887668133,0.0009253835305571556,-1.5170171536738053e-05,1.9524273739079945e-05,0.03238299489021301,0.9994754791259766,-0.0012107110815122724,0.00012226912076584995,-0.0008086717571131885,-0.14331407845020294,-0.009723519906401634,-0.019219547510147095,-0.47521647810935974,0.5598141551017761,0.49968990683555603,-2.006193161010742,-0.5169304013252258,2.4438748359680176,1.1535595655441284,0.001132785459049046,0.0008571216021664441,-0.001960905734449625,-0.002771749161183834,0.002825454343110323,0.0008039124659262598,-0.0023627551272511482,0.5999888181686401,0.0014999755658209324,0.08925679326057434,0.03293762728571892,0.9994574189186096,-1.8133121557184495e-05,-0.00011039491801057011,7.5430421020428184e-06,-3.880541771650314e-05,0.03239155933260918,-9.191354183712974e-05,3.0354916816577315e-05,0.9999997615814209,0.0005549232591874897,-0.060699913650751114,0.14448650181293488,-1.905915379524231,-0.08307261765003204,-0.03989163786172867,-0.0006915202247910202,-0.06028122082352638,-0.01868578791618347,1.9113057851791382,-0.06227264180779457,0.0311177596449852,-0.0013476299354806542,9.5367431640625e-07,0.0016183005645871162,0.024947568774223328,0.003995419014245272,0.004009346477687359,5.176228114578407e-06,7.368216756731272e-06,,,,,3.777090814044495,,1320,1.1833333333333333
12.191666666655635,retreat,12.191667302511632,16.211736163385655,18.062768131494522,-0.011146068572998047,-0.5926546873524785,3.7156250979026284,0.03358651156304404,0.06852804166478502,0.2238171100616455,0.07318761944770813,9.092988967895508,-0.047817029553698376,76,0.11556624621152878,0.08545000851154327,0.24954715371131897,0.034501802176237106,-0.0018752332252915949,-18.3215322876619,0.04144982993602753,0.04923271760344505,0.21436452865600586,0.07318229228258133,-0.0005168576026335359,0.0007155716884881258,-0.00010877217573579401,0.00014016572094988078,0.03241879492998123,0.9994743466377258,-0.00010835463763214648,0.0007876377203501761,0.00020491858595050871,-0.02565731108188629,0.04431876167654991,0.019794199615716934,-0.4752240777015686,0.5598043203353882,0.49969902634620667,-2.006193161010742,-0.5169438123703003,2.443918228149414,1.1535707712173462,-0.0004479106573853642,-0.0005637530121020973,0.0003020441217813641,-0.0012428086483851075,0.001156980055384338,0.005766105372458696,-0.0009477905696257949,0.6000006198883057,0.0015025320462882519,0.08926697820425034,0.03293391317129135,0.9994574785232544,-1.8176278899773024e-05,-8.321598579641432e-05,-6.315428436209913e-06,-3.7692952901124954e-05,0.03239753469824791,5.274396244203672e-05,0.0001287980703637004,0.9999998211860657,0.0005153818055987358,0.1126522570848465,0.013405675999820232,0.022029858082532883,-0.06946632266044617,0.04965945705771446,0.0031736576929688454,0.11264815181493759,-0.014831578359007835,-0.021118149161338806,-0.06753035634756088,-0.033518023788928986,-0.0009536889847368002,6.854534149169922e-06,0.0016200885875150561,0.024947449564933777,0.0039954278618097305,0.0040094321593642235,5.18595061294036e-06,7.390452083200216e-06,,,,,3.777090814044495,,1320,1.1916666666666667
12.199999999988961,retreat,12.200000636279583,16.18067593386121,18.06415393948555,-0.009655952453613281,-0.5928032333031297,3.70744785097403,0.041149291064357385,0.09691328065893987,2.3536112308502197,0.08022988587617874,8.86625862121582,-0.04637508754967712,79,2.1335456371307373,0.1105634942650795,0.29612061381340027,0.05121619254350662,-0.0018452750518918037,-18.322349410426757,-0.22448810935020447,-0.13679981231689453,-2.338883638381958,0.0798812061548233,-0.007448864635080099,0.0005849138833582401,3.256552736274898e-05,2.0026187485200353e-05,0.032347723841667175,0.9994766712188721,-0.001426982693374157,0.0001652412029216066,-0.000810910074505955,-0.05037397891283035,-0.007635397370904684,-0.0508294478058815,-0.47522449493408203,0.5597996711730957,0.49969419836997986,-2.0062015056610107,-0.5169473886489868,2.443881034851074,1.1535682678222656,0.00085693399887532,0.0005293515860103071,-0.0017880230443552136,-0.002918374026194215,0.003559831529855728,-0.0029775225557386875,-0.0030881352722644806,0.5999900698661804,0.0014963243156671524,0.08926264196634293,0.03294378146529198,0.9994571208953857,-1.733186945784837e-05,-0.00010266176104778424,6.9814641392440535e-06,-4.4185202568769455e-05,0.03239418938755989,-8.207679638871923e-05,-1.788412373571191e-05,0.9999996423721313,0.0005963820149190724,0.020820174366235733,0.06384468078613281,-2.132488489151001,-0.09579967707395554,-0.05511806905269623,-0.0029508790466934443,0.021258480846881866,0.07672125101089478,2.1320607662200928,-0.08666832745075226,0.05821257829666138,-0.0008651480311527848,1.0728836059570312e-06,0.0016165397828444839,0.02494768053293228,0.00399543484672904,0.004009410738945007,5.172751116333529e-06,7.370806997641921e-06,,,,,3.777090814044495,,1320,1.2
12.208333333322287,retreat,12.208333970047534,16.149393709117195,18.063341826200485,-0.008463859558105469,-0.5921499105170369,3.711565101404058,0.0346033921232447,0.07912936237050427,0.4871360957622528,0.07026425749063492,8.636039733886719,-0.04637508754967712,78,0.530936062335968,0.09658931940793991,0.2684101462364197,0.06131276115775108,0.0005867454456165433,-18.321823631270256,0.1957787275314331,0.27741917967796326,-0.3493005335330963,0.07024503499269485,0.0016074564773589373,0.00034244044218212366,-2.8635502530960366e-05,5.531718488782644e-05,0.032384034246206284,0.9994755387306213,-0.0010482656070962548,-0.00044927524868398905,-2.315526216989383e-05,0.015950294211506844,0.10972344130277634,0.043016739189624786,-0.4752245545387268,0.5597983002662659,0.4996959865093231,-2.0062015056610107,-0.5169426798820496,2.4439361095428467,1.1535673141479492,-5.302234785631299e-05,0.0002575055987108499,0.00011091309715993702,-0.0021862259600311518,0.0038307495415210724,0.009013882838189602,-0.0023301069159060717,0.6000015139579773,0.0015021711587905884,0.08926816284656525,0.03293235972523689,0.9994574785232544,-1.7083631973946467e-05,-7.673584332223982e-05,-4.9489731281937566e-06,-3.8572121411561966e-05,0.03239922225475311,-2.2903124772710726e-05,4.503297896008007e-05,0.9999997615814209,0.0005486204754561186,-0.004717641975730658,0.20163594186306,-0.4911351799964905,-0.0771699771285057,0.05791451036930084,0.0044945948757231236,-0.0046476139687001705,-0.16886751353740692,0.5033441781997681,-0.04806091636419296,-0.05876549705862999,-0.000621228595264256,2.7418136596679688e-06,0.0016183526022359729,0.02494756132364273,0.003995431121438742,0.004008220974355936,4.958650606567971e-06,7.06635182723403e-06,,,,,3.777090814044495,,1320,1.2083333333333333
12.216666666655613,retreat,12.216667303815484,16.11789039157321,18.06543543934822,-0.009298324584960938,-0.5933890352025628,3.710404287573124,0.03729822128661908,0.07912936237050427,1.9305076599121094,0.08068901300430298,8.898147583007812,-0.0450642328360118,79,1.7666083574295044,0.11730498820543289,0.2461583912372589,0.05510300397872925,0.006006909068673849,-18.323836515769994,-0.21498432755470276,-0.1889370083808899,-1.9091737270355225,0.08038710802793503,-0.006959506310522556,0.0004423285135999322,4.914794772048481e-05,1.4919827663106844e-05,0.03237387165427208,0.9994757771492004,-0.0012314764317125082,-0.0025155912153422832,-0.0007073268061503768,0.049782853573560715,-1.9577870261855423e-05,-0.04839206114411354,-0.47522032260894775,0.559799313545227,0.4996882379055023,-2.006214141845703,-0.5169472694396973,2.443913221359253,1.1535675525665283,0.0009098407463170588,0.0006604020018130541,-0.0016655272338539362,-0.002773543819785118,0.002756356494501233,-0.0018145428039133549,-0.0023309311363846064,0.5999904274940491,0.0014992039650678635,0.08926010131835938,0.032939087599515915,0.9994573593139648,-1.5233644262480084e-05,-9.430907812202349e-05,6.436178864532849e-06,-4.0339305996894836e-05,0.03239316865801811,-7.822007319191471e-05,-3.646031836979091e-05,0.9999997615814209,0.0005655201966874301,0.04340280964970589,0.02815639041364193,-1.7658506631851196,-0.1053171381354332,-0.05152065306901932,-0.0037925003562122583,0.04373679682612419,0.08817103505134583,1.76386559009552,-0.10131864994764328,0.057930249720811844,-6.334739737212658e-07,8.344650268554688e-07,0.0016178450314328074,0.024947598576545715,0.00399542972445488,0.00400828942656517,-2.732733264565468e-06,-3.897013812093064e-06,,,,,3.777090814044495,,1320,1.2166666666666666
12.224999999988938,retreat,12.225000637583435,16.08616688364884,18.062298744916916,-0.009834766387939453,-0.591890187934041,3.7107209091262905,0.03613704029703513,0.07912936237050427,0.08705205470323563,0.07604753226041794,8.857620239257812,-0.04657171666622162,85,0.22278337180614471,0.09086087346076965,0.2543141543865204,0.044702451676130295,0.005776719881396275,-18.320721840754246,0.05093039572238922,0.07038552314043045,-0.005480259656906128,0.07604662328958511,-0.00033293431624770164,0.00016477168537676334,9.558449164615013e-06,8.755348972044885e-05,0.03237639740109444,0.9994757771492004,0.0005554292583838105,-0.000802636262960732,0.0005106016760692,0.07501020282506943,0.006399996113032103,-0.07561054825782776,-0.4752253293991089,0.5597893595695496,0.49969354271888733,-2.006214141845703,-0.5169568061828613,2.4439542293548584,1.1535768508911133,-0.00044506246922537684,-0.0005253040581010282,0.0002682653139345348,-0.0016443001804873347,0.0017531962366774678,0.0057884580455720425,-0.0012119609164074063,0.6000015139579773,0.0015013446100056171,0.08926983922719955,0.032935671508312225,0.9994574785232544,-1.5781393813085742e-05,-6.888447387609631e-05,-6.831014616182074e-06,-3.991229459643364e-05,0.032399799674749374,1.8462531443219632e-05,6.8710455707332585e-06,0.9999997615814209,0.0005595756811089814,0.11757416278123856,0.02975630946457386,-0.1868778020143509,-0.06848090142011642,0.05960980802774429,0.003568614600226283,0.11759928613901138,-0.017392773181200027,0.18841524422168732,-0.06419108808040619,-0.04276489466428757,-0.0007413728162646294,4.410743713378906e-06,0.0016179712256416678,0.02494759112596512,0.0039954278618097305,0.004008299671113491,4.9647023843135685e-06,7.075374014675617e-06,,,,,3.777090814044495,,1320,1.225
12.233333333322264,retreat,12.233333971351385,16.05422408776368,18.065018206834793,-0.007450580596923828,-0.5929176695644855,3.7067083738973783,0.041877992771333084,0.07912936237050427,2.5426437854766846,0.07669580727815628,8.678510665893555,-0.04512977466220036,74,2.329787015914917,0.11611872911453247,0.2801492512226105,0.04296755790710449,-0.002413227455690503,-18.323162250710872,-0.11677184700965881,-0.04819396510720253,-2.539503812789917,0.07654929906129837,-0.004727245774120092,0.00032409251434728503,0.00011217940482310951,-3.7200145015958697e-05,0.032341279089450836,0.9994769096374512,-0.0018568248488008976,0.00033606914803385735,-0.0007777916616760194,-0.057398755103349686,0.015724634751677513,-0.0014258682494983077,-0.4752211570739746,0.5597910284996033,0.4996832609176636,-2.0062360763549805,-0.5169548392295837,2.4439268112182617,1.1535718441009521,0.0011436365311965346,0.0009706081473268569,-0.00197248044423759,-0.003198940074071288,0.004006701987236738,-0.0008875766070559621,-0.0031584056559950113,0.5999845266342163,0.0014978479593992233,0.0892571210861206,0.032941605895757675,0.9994572401046753,-1.3626476174977142e-05,-9.454846440348774e-05,1.4196281881595496e-05,-4.2102765291929245e-05,0.03238965570926666,-0.0001284247700823471,-0.0001027813195833005,0.9999997615814209,0.0006006603944115341,-0.06485694646835327,0.14101941883563995,-2.324610471725464,-0.10129282623529434,-0.05667976289987564,-0.003275214461609721,-0.0644184872508049,0.012358546257019043,2.3288631439208984,-0.08101733028888702,0.047459062188863754,0.0001651695929467678,-1.6689300537109375e-06,0.0016162183601409197,0.024947702884674072,0.003995424136519432,0.004008371848613024,5.1541255743359216e-06,7.343420293182135e-06,,,,,3.777090814044495,,1320,1.2333333333333334
12.24166666665559,retreat,12.241667305119336,16.02206290633732,18.059735745191574,-0.007927417755126953,-0.5910429172217846,3.710984739813622,0.03336842200951651,0.06852804166478502,0.39689069986343384,0.07931353896856308,8.792781829833984,-0.04624400389729999,76,0.09360252320766449,0.09530089050531387,0.34885117411613464,0.057910021394491196,0.006533499967190437,-18.31817718910273,0.2056097686290741,0.05363735184073448,0.3352161645889282,0.07928390800952911,0.002153385430574417,-0.00025014771381393075,3.8865036344759574e-07,0.00010859531903406605,0.03237858787178993,0.9994756579399109,-0.00011893926421180367,0.0013010838301852345,0.0005002483958378434,0.0825825035572052,0.10020047426223755,0.06472231447696686,-0.4752301573753357,0.5597808361053467,0.49969586730003357,-2.0062360763549805,-0.5169687867164612,2.444000482559204,1.153584599494934,-0.0002979499695356935,-0.00048383200191892684,6.707017018925399e-05,-0.0009935483103618026,0.0010108096757903695,0.00867221225053072,-0.0007346076890826225,0.6000028848648071,0.0015044226311147213,0.08927042782306671,0.03293197974562645,0.999457597732544,-1.2674294339376502e-05,-5.2473133109742776e-05,-7.364008524746168e-06,-3.73166985809803e-05,0.032397978007793427,5.569511267822236e-05,1.4156611541693565e-05,0.9999998211860657,0.0005536839016713202,0.03480052202939987,0.002853377489373088,0.08684592694044113,-0.07032355666160583,0.06419333070516586,0.00400910759344697,0.03479127585887909,-0.008565105497837067,-0.08647336810827255,-0.06990981101989746,-0.05929860472679138,-9.712859173305333e-05,5.424022674560547e-06,0.0016180805396288633,0.02494758367538452,0.003995419945567846,0.00400843471288681,5.167629751667846e-06,7.36466608941555e-06,,,,,3.777090814044495,,1320,1.2416666666666667
12.249999999988916,retreat,12.250000638887286,15.989684241789359,18.065234273672104,-0.008285045623779297,-0.592937576584518,3.7051232838802965,0.04192295091343112,0.055952909680744456,2.94201397895813,0.07938383519649506,8.874188423156738,-0.04460543277673423,76,2.6528520584106445,0.1335870325565338,0.39536798000335693,0.07066432386636734,-0.0006586075760424137,-18.323268082035497,-0.18269625306129456,-0.19544053077697754,-2.9298245906829834,0.07927092164754868,-0.004225057549774647,0.00025275174994021654,0.00010280465357936919,-2.8113641747040674e-05,0.0323275551199913,0.9994773268699646,-0.001695241080597043,-3.0096109185251407e-05,-0.0011704512871801853,-0.05550587177276611,-0.03823884204030037,-0.03595304861664772,-0.4752223491668701,0.5597829818725586,0.4996787905693054,-2.006251811981201,-0.5169731974601746,2.4439585208892822,1.1535799503326416,0.0017460649833083153,0.0011831381125375628,-0.0030850733164697886,-0.002757062204182148,0.003331264713779092,-0.003538296325132251,-0.00319291721098125,0.5999855399131775,0.0014967815950512886,0.08925759047269821,0.03294409066438675,0.9994571805000305,-1.028384667733917e-05,-8.233374683186412e-05,1.1550904673640616e-05,-4.335260018706322e-05,0.03239027410745621,-0.0001073386738426052,-9.605777449905872e-05,0.9999998807907104,0.0006168711115606129,-0.08080945163965225,0.07206703722476959,-2.650641441345215,-0.10285335779190063,-0.08509215712547302,-0.005099704954773188,-0.08037251234054565,0.10264265537261963,2.6496474742889404,-0.09255540370941162,0.0736275240778923,0.0002643521293066442,-1.2516975402832031e-06,0.0016155330231413245,0.024947747588157654,0.003995415288954973,0.004008478485047817,5.23893231729744e-06,7.465481758117676e-06,,,,,3.777090814044495,,1320,1.25
12.258333333322241,retreat,12.258333972655237,15.95708899653938,18.06199699640274,-0.01043081283569336,-0.5918658571317792,3.71335837365776,0.03372681385371834,0.07912936237050427,0.6841997504234314,0.06909586489200592,8.725940704345703,-0.04650616756407544,78,0.3843451142311096,0.11480692028999329,0.4173637330532074,0.07302290201187134,0.0021867476170882583,-18.320603514151294,0.11459299921989441,0.3138096034526825,0.5970939993858337,0.06908561289310455,0.001139046624302864,0.0003460987936705351,-4.129800436203368e-05,0.00010981500236084685,0.03239908441901207,0.9994750022888184,0.0009842859581112862,0.0013806922361254692,0.0007053798763081431,0.017121030017733574,0.024964895099401474,-0.07160516083240509,-0.47522902488708496,0.5597763657569885,0.4996875822544098,-2.006251811981201,-0.5169733166694641,2.4440300464630127,1.1535831689834595,-0.000835282786283642,-0.0004582897818181664,0.0012063917238265276,-0.0011853044852614403,0.0032312730327248573,0.009106076322495937,-0.0019517651526257396,0.6000020503997803,0.0015035471878945827,0.08926854282617569,0.03293076902627945,0.9994575381278992,-1.0423966159578413e-05,-4.483390512177721e-05,-9.532282092550304e-06,-3.7315767258405685e-05,0.03239833936095238,6.324911373667419e-05,5.3857500461163e-05,0.9999997615814209,0.0005319702904671431,0.1511092185974121,0.15792840719223022,0.3161420226097107,-0.068540558218956,0.09191103279590607,0.005931506399065256,0.15107783675193787,-0.17839980125427246,-0.3050740361213684,-0.04571472853422165,-0.07031447440385818,-0.00129755272064358,5.424022674560547e-06,0.001619103946723044,0.02494751289486885,0.0039954097010195255,0.004008525982499123,5.168515599507373e-06,7.371010724455118e-06,,,,,3.777090814044495,,1320,1.2583333333333333
12.266666666655567,retreat,12.266667306423187,15.924278073006978,18.065431714057922,-0.009298324584960938,-0.593151431530714,3.7092431109717063,0.03894584733643569,0.08846931922527276,3.118628978729248,0.07850099354982376,8.812259674072266,-0.04519532012636773,79,2.790677309036255,0.1431693434715271,0.44973185658454895,0.0818752720952034,-0.003656436689198017,-18.323752036496753,-0.2940848767757416,-0.22493477165699005,-3.0965733528137207,0.07806727290153503,-0.00820837914943695,0.000727345235645771,2.121099896612577e-05,-2.7020798370358534e-05,0.032363470643758774,0.9994761943817139,-0.0019130889559164643,2.686389780137688e-05,-0.001161280320957303,-0.10090044885873795,-0.022837886586785316,-0.050399426370859146,-0.4752275347709656,0.5597763061523438,0.49968221783638,-2.006265640258789,-0.516973078250885,2.4439847469329834,1.1535786390304565,0.001396031817421317,0.001125334412790835,-0.0023838316556066275,-0.0031686259899288416,0.003930152393877506,-0.005547624081373215,-0.0033621692564338446,0.5999858379364014,0.0014987536706030369,0.08925864845514297,0.03293980285525322,0.9994572401046753,-8.496215741615742e-06,-7.349059887928888e-05,9.663597666076384e-06,-4.097726196050644e-05,0.032391663640737534,-0.00010003240458900109,-1.597278424014803e-05,0.9999997019767761,0.0005766473477706313,-0.010839694179594517,0.0804409459233284,-2.789496660232544,-0.11271482706069946,-0.08809860050678253,-0.005609333049505949,-0.010429290123283863,0.10340510308742523,2.7887415885925293,-0.10120653361082077,0.08674324303865433,-8.711138070793822e-05,-1.3113021850585938e-06,0.0016173259355127811,0.0249476321041584,0.0039954036474227905,0.004008586052805185,5.173788395040901e-06,7.372786058112979e-06,,,,,3.777090814044495,,1320,1.2666666666666666
12.274999999988893,retreat,12.275000640191138,15.891252373611744,18.062887340784073,-0.009775161743164062,-0.5924709839746356,3.7146764046696368,0.03321193435112946,0.055952909680744456,0.4279601275920868,0.07165981829166412,8.85958480834961,-0.04657171666622162,76,0.1166452169418335,0.11316179484128952,0.4157826900482178,0.0824236050248146,-0.0017954970244318247,-18.32158552051437,0.21543307602405548,0.1589270532131195,0.33388715982437134,0.0715392604470253,0.004137158393859863,0.00038360137841664255,-0.00011807333794422448,9.095938730752096e-05,0.03241083025932312,0.9994746446609497,-0.00030225591035559773,0.0009889502543956041,0.00032458960777148604,-0.025548890233039856,0.07891177386045456,0.022993596270680428,-0.4752311110496521,0.5597712993621826,0.4996853470802307,-2.006265640258789,-0.5169827938079834,2.44405460357666,1.153588891029358,-0.00020740480977110565,-0.0002696173614822328,5.5309275921899825e-05,-0.0013285184977576137,0.0015542625915259123,0.009402737952768803,-0.0009105417993851006,0.6000016331672668,0.0015033786185085773,0.08926783502101898,0.03293021395802498,0.9994576573371887,-9.589080036676023e-06,-3.719080632436089e-05,-8.956092642620206e-06,-3.685522824525833e-05,0.032398562878370285,4.9540823965799063e-05,0.00012938574946019799,0.9999998807907104,0.0005196561105549335,0.07882177829742432,0.062104932963848114,0.05946604907512665,-0.06069640442728996,0.095295250415802,0.006352450232952833,0.07881627976894379,-0.06588627398014069,-0.05525485426187515,-0.05172381550073624,-0.08414226770401001,-0.000809336022939533,4.351139068603516e-06,0.0016196907963603735,0.024947479367256165,0.00399539852514863,0.004008639603853226,5.1761071517830715e-06,7.381371688097715e-06,,,,,3.777090814044495,,1320,1.275
12.283333333322219,retreat,12.283333973959088,15.858012800773272,18.064556270837784,-0.010311603546142578,-0.5932137137278914,3.7067611985740285,0.03946286960854195,0.08846931922527276,2.64188289642334,0.08087754994630814,8.824316024780273,-0.04532640377874486,82,2.3770925998687744,0.12903228402137756,0.37345048785209656,0.0762222558259964,-0.0024887402541935444,-18.322703988416844,-0.31710973381996155,-0.2044876664876938,-2.6147985458374023,0.08058564364910126,-0.006844379007816315,0.0005345619865693152,-7.09057030690019e-06,9.687744750408456e-06,0.03234216943383217,0.9994767904281616,-0.0012752083130180836,4.576941137202084e-06,-0.0009634208399802446,-0.06703700125217438,-0.06198945268988609,-0.0787324458360672,-0.475228875875473,0.5597679615020752,0.4996780753135681,-2.006274938583374,-0.5169893503189087,2.444014310836792,1.1535873413085938,0.0010961490916088223,0.0006977428565733135,-0.0021400107070803642,-0.0029411844443529844,0.003359140595421195,-0.004851723555475473,-0.0030767566058784723,0.5999894738197327,0.0014968281611800194,0.08926194906234741,0.03294186294078827,0.9994571805000305,-7.781731255818158e-06,-5.92098876950331e-05,4.088528839929495e-06,-4.312954843044281e-05,0.032393958419561386,-4.998031727154739e-05,1.3270120689412579e-05,0.9999997019767761,0.0006000128923915327,0.04909808188676834,0.05173257738351822,-2.3760223388671875,-0.1058029904961586,-0.0736527144908905,-0.005507700610905886,0.049379944801330566,0.10483503341674805,2.374267101287842,-0.0984303206205368,0.08094479888677597,0.00019209616584703326,4.76837158203125e-07,0.0016162623651325703,0.024947702884674072,0.00399539340287447,0.004008674994111061,5.205138222663663e-06,7.417722372338176e-06,,,,,3.777090814044495,,1320,1.2833333333333332
12.291666666655544,retreat,12.291667307727039,15.824560256911148,18.06347966194153,-0.009953975677490234,-0.5916717927902937,3.7121453723869484,0.036759265640284866,0.055952909680744456,0.44504010677337646,0.06830957531929016,8.59045124053955,-0.04716160037787631,75,0.5264416337013245,0.10895342379808426,0.30207550525665283,0.06646864861249924,-0.0030083920573815703,-18.32200182184211,0.08494724333286285,0.32317644357681274,-0.29394155740737915,0.06829847395420074,0.0011062510311603546,0.0005414445186033845,-7.4929695983883e-05,4.982408063369803e-05,0.03238892927765846,0.9994753003120422,-0.000277760555036366,0.0012248239945620298,-9.314258932136e-06,-0.04371139407157898,0.035225410014390945,0.016186915338039398,-0.47523313760757446,0.5597652792930603,0.499681293964386,-2.006274938583374,-0.5169842839241028,2.4440579414367676,1.153586983680725,-0.0004158872179687023,2.823858267220203e-05,0.0006436305702663958,-0.0024636462330818176,0.004255891777575016,0.007839166559278965,-0.002441977383568883,0.5999990105628967,0.0015003629960119724,0.08926723152399063,0.03293226659297943,0.999457597732544,-9.35718162509147e-06,-3.7923055060673505e-05,-6.465438673330937e-06,-4.0794722735881805e-05,0.03239830210804939,9.12365248950664e-06,8.46558905323036e-05,0.9999998807907104,0.0005436211358755827,0.11503402888774872,0.2212555706501007,-0.4636312425136566,-0.07489918172359467,0.0789126604795456,0.005809696391224861,0.11506588011980057,-0.190257728099823,0.4771817624568939,-0.04295492172241211,-0.06254294514656067,-0.001689688302576542,2.384185791015625e-06,0.0016185969579964876,0.024947550147771835,0.003995387814939022,0.0040087332017719746,5.1727506615861785e-06,7.379538146778941e-06,,,,,3.777090814044495,,1320,1.2916666666666667
12.29999999998887,retreat,12.30000064149499,15.790895644444973,18.064917623996735,-0.007569789886474609,-0.5928329192101955,3.7114068299579634,0.03453289536992088,0.06852804166478502,2.217414617538452,0.07597512751817703,8.782434463500977,-0.0450642328360118,72,2.0651185512542725,0.12033602595329285,0.22199110686779022,0.045106180012226105,-0.0015073034446686506,-18.323388422105467,-0.11668211221694946,-0.09861813485622406,-2.2121453285217285,0.07589305192232132,-0.0034695914946496487,0.0006535914726555347,7.1809208748163655e-06,-2.9133811040082946e-05,0.03238235041499138,0.9994755983352661,-0.0022251622285693884,0.0004342592437751591,-0.000805687450338155,-0.045223135501146317,0.03984963148832321,-0.0032795649021863937,-0.4752334952354431,0.5597660541534424,0.4996808171272278,-2.0062925815582275,-0.5169848203659058,2.4440579414367676,1.1535868644714355,0.0008172615780495107,0.0008275099098682404,-0.001269918167963624,-0.002982897451147437,0.003134967526420951,-0.0005579899298027158,-0.0023052331525832415,0.5999904870986938,0.0015017851255834103,0.08926044404506683,0.032932158559560776,0.9994575381278992,-6.797568403271725e-06,-4.674895899370313e-05,5.008106199966278e-06,-3.785872831940651e-05,0.03239312022924423,-7.582995749544352e-05,-2.854800413842895e-06,0.9999998211860657,0.0005501043633557856,-0.031621672213077545,0.11228945106267929,-2.0618209838867188,-0.10967904329299927,-0.04938020184636116,-0.003586464561522007,-0.0314292274415493,0.02368144690990448,2.0647425651550293,-0.09353449940681458,0.04496276378631592,0.0006361583946272731,-1.430511474609375e-06,0.0016182685503736138,0.024947572499513626,0.003995382692664862,0.004008788615465164,5.177542334422469e-06,7.374066626653075e-06,,,,,3.777090814044495,,1320,1.3
12.308333333322196,retreat,12.30833397526294,15.75701986579433,18.063483387231827,-0.007867813110351562,-0.5925957811996341,3.7131474453399647,0.03455258774920367,0.06852804166478502,0.44229546189308167,0.07664959877729416,9.049266815185547,-0.04617845843313262,74,0.590960681438446,0.08273056894540787,0.19612237811088562,0.031593382358551025,-0.0017649153996899258,-18.32207523603543,0.0269334614276886,-0.09576332569122314,-0.4309631586074829,0.07664082944393158,-0.001109381322748959,0.0003371373750269413,-1.6346781194442883e-05,2.976093310280703e-05,0.03239782527089119,0.9994750022888184,-0.0007869122782722116,0.0005006629507988691,-3.8747260987292975e-05,-0.02137839049100876,0.07119648903608322,0.043829016387462616,-0.47523725032806396,0.5597585439682007,0.49968287348747253,-2.0062925815582275,-0.517004132270813,2.4440948963165283,1.153601050376892,0.00011881691170856357,-0.0003110174147877842,-0.0006970016402192414,-0.0017220607260242105,0.0001664890005486086,0.004186653532087803,-0.0002115788374794647,0.6000002026557922,0.001501819584518671,0.08926773816347122,0.03293246403336525,0.9994574785232544,-6.9390121097967494e-06,-2.367724482610356e-05,-6.498888978967443e-06,-3.846688196063042e-05,0.032398954033851624,5.317171144270105e-06,2.348685302422382e-05,0.9999998211860657,0.0005349254352040589,0.1056651696562767,-0.04761620983481407,-0.5794843435287476,-0.06896550953388214,0.045590922236442566,0.0030940708238631487,0.10569345206022263,0.08565831184387207,0.5750880241394043,-0.07586744427680969,-0.030465727671980858,-0.001082883682101965,1.4901161193847656e-06,0.0016190408496186137,0.02494751662015915,0.003995379898697138,0.004008859861642122,5.184008841752075e-06,7.384544005617499e-06,,,,,3.777090814044495,,1320,1.3083333333333333
12.316666666655522,retreat,12.31666730903089,15.722933823378815,18.064872920513153,-0.00947713851928711,-0.5933119682595134,3.70744785097403,0.04016461025457829,0.03956468118525214,2.3345158100128174,0.07612134516239166,8.644997596740723,-0.0452608619525563,81,2.1632158756256104,0.09879738837480545,0.22793075442314148,0.038391388952732086,-0.0048209133092314005,-18.32306839145436,-0.23331519961357117,-0.02365482598543167,-2.322707176208496,0.07598064094781876,-0.004621097352355719,0.00021676920005120337,2.363597923249472e-05,-9.026862244354561e-06,0.032348085194826126,0.9994767308235168,-0.0010483990190550685,0.00024390133330598474,-0.0008279347093775868,-0.08756492286920547,-0.0547710657119751,-0.08295043557882309,-0.4752364754676819,0.5597543120384216,0.4996751546859741,-2.006309986114502,-0.5170091390609741,2.4440696239471436,1.153600811958313,0.0007947760750539601,0.0005805746768601239,-0.0016174454940482974,-0.0034194448962807655,0.003781113540753722,-0.0018325787968933582,-0.002930175280198455,0.599987268447876,0.001496331300586462,0.08926055580377579,0.03294101357460022,0.9994572997093201,-6.051655418559676e-06,-4.258570334059186e-05,6.048216164344922e-06,-4.3400563299655914e-05,0.03239286690950394,-5.099646659800783e-05,-1.924967364175245e-05,0.9999999403953552,0.0005932497442699969,0.07209496200084686,0.13243766129016876,-2.157953977584839,-0.0932740718126297,-0.03245682641863823,-0.002725132741034031,0.07227827608585358,0.009941935539245605,2.161985397338867,-0.07423463463783264,0.04297256842255592,-9.43876220844686e-05,-4.172325134277344e-07,0.0016165579436346889,0.024947676807641983,0.0039953794330358505,0.004008951596915722,5.176876584300771e-06,7.376598659902811e-06,,,,,3.777090814044495,,1320,1.3166666666666667
12.324999999988847,retreat,12.325000642798841,15.68863841961802,18.062857538461685,-0.009238719940185547,-0.5919466493651271,3.714307403065077,0.03583525904105045,0.06852804166478502,0.5947210788726807,0.06803059577941895,8.55698299407959,-0.04657171666622162,75,0.6940901279449463,0.10062851756811142,0.2563461363315582,0.05231902003288269,-0.0017000828229356557,-18.321530056124963,0.1357097625732422,0.2685278356075287,-0.5129997730255127,0.0679808184504509,0.0025901775807142258,0.00024726969422772527,-5.676042565028183e-05,3.5401728382566944e-05,0.03240754082798958,0.9994747042655945,-0.0002621040912345052,0.0012597946915775537,-1.883385266410187e-05,-0.02639131247997284,0.034332361072301865,0.016505513340234756,-0.47524383664131165,0.5597480535507202,0.4996850788593292,-2.006309986114502,-0.5170090198516846,2.4441139698028564,1.1536056995391846,-0.00031610409496352077,7.808389636920765e-05,0.0005362536176107824,-0.002529323101043701,0.0034401635639369488,0.007985249161720276,-0.0018352215411141515,0.599998414516449,0.0015012468211352825,0.08926891535520554,0.032932098954916,0.999457597732544,-7.355576599366032e-06,-1.7744425349519588e-05,-6.46504031465156e-06,-3.969762474298477e-05,0.03239943087100983,1.554088703414891e-05,6.466920603998005e-05,0.9999998211860657,0.0005248351953923702,0.03966771438717842,0.21374501287937164,-0.6591666340827942,-0.0822775736451149,0.05780690163373947,0.0038550698664039373,0.03968852758407593,-0.16989001631736755,0.6718057990074158,-0.05142475664615631,-0.05222029238939285,-0.00041633794899098575,1.6689300537109375e-06,0.0016195259522646666,0.02494748681783676,0.003995378501713276,0.004008987452834845,5.180822881811764e-06,7.382099283859134e-06,,,,,3.777090814044495,,1320,1.325
12.333333333322173,retreat,12.333333976566792,15.654134556931535,18.0664524435997,-0.007808208465576172,-0.5936602829024196,3.71298924124914,0.03750085670617409,0.08846931922527276,2.458113670349121,0.07361780852079391,8.822007179260254,-0.0450642328360118,73,2.2857260704040527,0.12154945731163025,0.2438293844461441,0.04683263599872589,-0.004299129592254758,-18.325033290146195,-0.10847288370132446,-0.10151965171098709,-2.4536197185516357,0.07350289076566696,-0.0040465653873980045,0.0007296836702153087,2.260804467368871e-05,-7.838243618607521e-05,0.03239626809954643,0.9994750618934631,-0.0018015276873484254,0.000271563942078501,-0.0009645738173276186,-0.09086846560239792,0.02070298045873642,0.0068509820848703384,-0.4752396047115326,0.5597516298294067,0.49967798590660095,-2.0063345432281494,-0.517012357711792,2.4440958499908447,1.1536083221435547,0.0011348533444106579,0.001087866025045514,-0.0016738753765821457,-0.003209643065929413,0.002653713570907712,-0.0005030145985074341,-0.0018636069726198912,0.5999820828437805,0.0015009394846856594,0.08925577998161316,0.0329367034137249,0.9994573593139648,-4.878730578639079e-06,-3.992257916252129e-05,1.272771078220103e-05,-3.796583041548729e-05,0.03238999471068382,-0.00011765704402932897,-2.159335599571932e-05,0.9999997019767761,0.0005407280987128615,-0.05062289908528328,0.12497375905513763,-2.281745672225952,-0.10840893536806107,-0.054878514260053635,-0.0031814470421522856,-0.05044093728065491,0.025522857904434204,2.2850265502929688,-0.09044113755226135,0.0477018877863884,4.788936348631978e-05,-3.874301910400391e-06,0.0016189632005989552,0.024947527796030045,0.003995378967374563,0.004009070806205273,5.184288966120221e-06,7.381837349385023e-06,,,,,3.777090814044495,,1320,1.3333333333333333
12.341666666655499,retreat,12.341667310334742,15.619423137738952,18.060927838087082,-0.009298324584960938,-0.5921607371419668,3.7141492483134226,0.033558037102920935,0.07912936237050427,0.22506780922412872,0.07932081073522568,9.150870323181152,-0.04709605127573013,74,0.2693043649196625,0.08357643336057663,0.31247344613075256,0.04731740429997444,0.0029838232148904353,-18.319589356938984,0.18220224976539612,-0.1315346658229828,-0.012509703636169434,0.07923409342765808,0.0037056440487504005,0.00013358041178435087,-9.265043627237901e-05,7.975110929692164e-05,0.032406292855739594,0.999474823474884,8.30018543638289e-05,0.000668648979626596,0.0002503242576494813,0.040679365396499634,0.05283645913004875,0.03176076337695122,-0.47524768114089966,0.5597409009933472,0.49968859553337097,-2.0063345432281494,-0.5170440673828125,2.444140911102295,1.153629183769226,0.00015220501518342644,-0.0004575639613904059,-0.0007559617515653372,-0.0008195697446353734,-0.0015356107614934444,0.006632309872657061,0.0008814238826744258,0.599994957447052,0.0015028994530439377,0.08926672488451004,0.032937951385974884,0.9994572997093201,-2.1197856767685153e-06,-9.317832336819265e-06,-3.624160399340326e-06,-3.7943944334983826e-05,0.032395437359809875,6.727415166096762e-05,9.704271360533312e-05,0.9999997615814209,0.0005319443880580366,0.033208563923835754,-0.10443391650915146,-0.24599915742874146,-0.06224575266242027,0.055653441697359085,0.003630641847848892,0.03321356326341629,0.12040378898382187,0.2385888695716858,-0.07734253257513046,-0.05098502337932587,-0.00027127942303195596,3.814697265625e-06,0.0016194640193134546,0.02494749426841736,0.003995380364358425,0.00400910247117281,5.204381977819139e-06,7.418682798743248e-06,,,,,3.777090814044495,,1320,1.3416666666666666
12.349999999988825,retreat,12.350000644102693,15.584505064459862,18.06512251496315,-0.008940696716308594,-0.5936837987974286,3.7083455894598205,0.03993313657701947,0.06852804166478502,3.0071351528167725,0.07152275741100311,8.769696235656738,-0.04526085831457749,76,2.765611171722412,0.12031780928373337,0.32233381271362305,0.05299795791506767,-0.003841640893369913,-18.323380419229597,-0.08606669306755066,-0.024548016488552094,-3.005803108215332,0.07149872183799744,-0.001790017238818109,0.0004831393307540566,-4.716705916507635e-06,-4.5692951971432194e-05,0.03235577791929245,0.999476432800293,-0.0014564828015863895,0.00012827417231164873,-0.001044554403051734,-0.09354276210069656,-0.023325737565755844,-0.027751483023166656,-0.4752422571182251,0.5597411394119263,0.49967730045318604,-2.0063345432281494,-0.51705402135849,2.4441139698028564,1.1536301374435425,0.001748519018292427,0.0014037967193871737,-0.0027698474004864693,-0.0026168054901063442,0.0031751838978379965,-0.0012802795972675085,-0.002748811384662986,0.5999890565872192,0.0014963285066187382,0.08926291763782501,0.032948464155197144,0.9994570016860962,-1.1752425734812277e-06,-2.2280733901425265e-05,3.4718354982032906e-06,-4.368787631392479e-05,0.032395489513874054,-6.813200889155269e-05,3.6565256777976174e-06,0.9999998211860657,0.0005930030602030456,-0.12461332231760025,0.18017151951789856,-2.7569212913513184,-0.09584568440914154,-0.07265421003103256,-0.003368281526491046,-0.12449045479297638,0.001794189214706421,2.7628071308135986,-0.06993718445301056,0.054764412343502045,-0.00024078832939267159,-2.2649765014648438e-06,0.001616941881366074,0.02494765818119049,0.003995384555310011,0.004009194206446409,5.177314051252324e-06,7.3753471951931715e-06,,,,,3.777090814044495,,1320,1.35
12.35833333332215,retreat,12.358333977870643,15.54938123951386,18.064116686582565,-0.009179115295410156,-0.5920709809288383,3.7142546855617327,0.03573244612198323,0.09691328065893987,0.5651301145553589,0.06721949577331543,8.604582786560059,-0.0477514804515522,74,0.6595244407653809,0.10587462037801743,0.26602116227149963,0.049413640052080154,-0.003985144896432757,-18.322785538027567,0.05591420829296112,0.3508774936199188,-0.43946629762649536,0.0672035813331604,0.001436486723832786,0.0002754753513727337,-6.263398245209828e-05,3.1537405448034406e-05,0.03240751847624779,0.9994747042655945,-0.00025137601187452674,0.0012722040992230177,-0.00014020499656908214,-0.05852761119604111,0.03636009246110916,0.018228506669402122,-0.47524213790893555,0.559741199016571,0.49967899918556213,-2.0063345432281494,-0.5170496106147766,2.444157838821411,1.1536314487457275,-1.8242644728161395e-08,0.0006742528057657182,0.0005074166692793369,-0.0019747912883758545,0.0042716460302472115,0.007607825566083193,-0.0022714799270033836,0.5999979972839355,0.0015015373937785625,0.08926685899496078,0.03293870761990547,0.9994572997093201,-1.977974079636624e-06,-2.0276077066228027e-06,-7.017174993961817e-06,-3.9659906178712845e-05,0.032398659735918045,2.736503847700078e-05,6.55499825370498e-05,0.9999996423721313,0.0005314720328897238,0.10532646626234055,0.2659808397293091,-0.594249963760376,-0.08588939905166626,0.06171988323330879,0.0048064617440104485,0.10532794147729874,-0.22627758979797363,0.6104723811149597,-0.04748702049255371,-0.04672274738550186,-0.0017314021242782474,1.4901161193847656e-06,0.0016195247881114483,0.02494748681783676,0.003995390608906746,0.004009245429188013,5.181180313229561e-06,7.38623202778399e-06,,,,,3.777090814044495,,1320,1.3583333333333334
12.366666666655476,retreat,12.366667311638594,15.514052565320535,18.06570366024971,-0.007987022399902344,-0.5936134839430451,3.7144128358303,0.035521963582141325,0.07912936237050427,2.2113454341888428,0.07611849904060364,8.927818298339844,-0.0450642328360118,75,2.063971519470215,0.11626292765140533,0.22819671034812927,0.051002033054828644,-0.002433606656268239,-18.324383510193005,-0.21203511953353882,-0.16840779781341553,-2.194704532623291,0.0759061798453331,-0.005624338053166866,0.0008031026809476316,-6.814194875914836e-06,-4.645551962312311e-05,0.03240850567817688,0.9994747042655945,-0.0017945071449503303,0.0002750251442193985,-0.0008716847514733672,-0.06214717775583267,0.020693693310022354,0.006733601912856102,-0.4752391576766968,0.5597449541091919,0.49967795610427856,-2.0063345432281494,-0.5170549750328064,2.444129467010498,1.1536365747451782,0.0009714642656035721,0.0010170332388952374,-0.0012852270156145096,-0.0024456086102873087,0.0023595932871103287,-0.0023886291310191154,-0.001703151618130505,0.599991500377655,0.0015003667213022709,0.0892624482512474,0.03294483944773674,0.9994571208953857,-1.7863902712633717e-06,-1.641355083847884e-05,1.6030419374146732e-06,-3.95006500184536e-05,0.0323958620429039,-6.3116051023826e-05,6.536480668728473e-06,0.9999997615814209,0.0005366226541809738,0.054103296250104904,0.06529165059328079,-2.0622289180755615,-0.10778991132974625,-0.043421823531389236,-0.0035983682610094547,0.05417102947831154,0.0706557035446167,2.0620501041412354,-0.09843864291906357,0.05136759579181671,0.00022157339844852686,-2.3245811462402344e-06,0.001619574031792581,0.02494748681783676,0.003995396196842194,0.004009251948446035,5.186120688449591e-06,7.381109753623605e-06,,,,,3.777090814044495,,1320,1.3666666666666667
12.374999999988802,retreat,12.375000645406544,15.478519944299478,18.06400865316391,-0.009238719940185547,-0.5927658639848232,3.7140438080760685,0.03512755938572809,0.06852804166478502,0.8360568284988403,0.07407098263502121,8.833880424499512,-0.04644062937586568,74,0.9564621448516846,0.08892364054918289,0.15825976431369781,0.03255179524421692,-0.0022710165358148515,-18.322662839213958,-0.02718682587146759,0.016877219080924988,-0.8354442119598389,0.07406959682703018,-0.0002075332449749112,0.0004033230652566999,-5.47125528100878e-05,2.2825110136182047e-05,0.032405681908130646,0.9994747638702393,-0.0006087166257202625,0.0006618362967856228,-0.00024319645308423787,-0.03311649709939957,0.016773300245404243,0.005235082004219294,-0.47524070739746094,0.5597432255744934,0.4996800720691681,-2.0063345432281494,-0.5170681476593018,2.4441497325897217,1.1536484956741333,0.000238425302086398,0.00023500347742810845,-0.00039578782161697745,-0.001975407125428319,0.0014574875822290778,0.0034037409350275993,-0.0007478779298253357,0.5999964475631714,0.0015014451928436756,0.08926524966955185,0.03294514864683151,0.9994571208953857,-2.2524045562022366e-06,-4.430540684552398e-06,-5.370882718125358e-06,-3.9363279938697815e-05,0.032396987080574036,1.6508358385181054e-05,5.754482845077291e-05,0.9999998211860657,0.0005397553322836757,0.13639135658740997,0.05172308161854744,-0.9452734589576721,-0.0729510709643364,0.05074632540345192,0.0032195071689784527,0.13639965653419495,0.010639078915119171,0.9466267824172974,-0.06551610678434372,-0.031191213056445122,-0.0011622679885476828,1.0728836059570312e-06,0.0016194332856684923,0.024947497993707657,0.003995400387793779,0.00400925287976861,5.185605004953686e-06,7.390131941065192e-06,,,,,3.777090814044495,,1320,1.375
12.383333333322128,retreat,12.383333979174495,15.442784278870283,18.06492879986763,-0.007927417755126953,-0.5933120846748352,3.7126728128716717,0.03533977724146098,0.055952909680744456,2.042617082595825,0.07392757385969162,8.880607604980469,-0.04630953844753094,73,1.9458478689193726,0.09404929727315903,0.13582995533943176,0.0239680465310812,-0.0029795827576890588,-18.32348764048947,-0.18923509120941162,-0.03389762341976166,-2.0335497856140137,0.07374177873134613,-0.005178481340408325,0.0007869249093346298,-1.2228230843902566e-05,-3.6921635910402983e-05,0.032393474131822586,0.9994751811027527,-0.0017014346085488796,0.0004053966549690813,-0.0007592980400659144,-0.06333093345165253,0.02607346512377262,0.010428489185869694,-0.47524115443229675,0.5597395896911621,0.4996791481971741,-2.0063459873199463,-0.5170759558677673,2.4441497325897217,1.153653621673584,0.000610403367318213,0.0005969256162643433,-0.001006936770863831,-0.0028981021605432034,0.002750163897871971,-0.0008093717624433339,-0.0019353727111592889,0.5999917984008789,0.001500934362411499,0.0892629399895668,0.032948337495326996,0.9994570016860962,-8.008619829524832e-07,-7.590147561131744e-06,7.911972943475121e-07,-3.944290801882744e-05,0.03239559754729271,-4.49140825367067e-05,1.1562170584511478e-05,0.9999998807907104,0.0005551623762585223,0.08952212333679199,0.11531392484903336,-1.9403640031814575,-0.09265469014644623,-0.016018442809581757,-0.0019464257638901472,0.08955156803131104,0.012730389833450317,1.9437448978424072,-0.07607214897871017,0.02901862934231758,4.0099374018609524e-05,-1.8477439880371094e-06,0.0016188236186280847,0.024947531521320343,0.003995404578745365,0.004009267780929804,5.178108040126972e-06,7.375114364549518e-06,,,,,3.777090814044495,,1320,1.3833333333333333
12.391666666655453,retreat,12.391667312942445,15.40684647145254,18.064090609550476,-0.007927417755126953,-0.5926672602072358,3.714307403065077,0.03730531898327172,0.06852804166478502,1.1431859731674194,0.07339993864297867,8.761488914489746,-0.04617845843313262,72,1.2173386812210083,0.08689076453447342,0.10186309367418289,0.02240798994898796,-0.0020842886297032237,-18.322763127213754,-0.03809055685997009,0.014431970193982124,-1.1424599885940552,0.07337180525064468,-0.0019661695696413517,0.0005135642131790519,-3.146556264255196e-05,-1.6888237951206975e-05,0.032407715916633606,0.9994747638702393,-0.0011418596841394901,0.0006451591034419835,-0.0003336399095132947,-0.03280597925186157,0.05164250731468201,0.030299829319119453,-0.47524383664131165,0.5597352385520935,0.4996805787086487,-2.0063459873199463,-0.5170867443084717,2.4441583156585693,1.153664231300354,0.00021328865841496736,0.00012243728269822896,-0.0005531091010197997,-0.002622487721964717,0.001860737451352179,0.003234593430534005,-0.0010767501080408692,0.5999948382377625,0.0014998107217252254,0.0892660915851593,0.03295055404305458,0.9994568824768066,-2.5012061541929143e-06,-2.6093442784258514e-07,-2.7197820600122213e-06,-4.15043905377388e-05,0.032397788017988205,-1.825330218707677e-05,3.3386539143975824e-05,0.9999998211860657,0.0005431333556771278,0.11026299744844437,0.07740253210067749,-1.2098612785339355,-0.07921972125768661,0.03562099486589432,0.002320617903023958,0.11026343703269958,0.0024529248476028442,1.212331771850586,-0.06808778643608093,-0.019804148003458977,-0.0010139981750398874,-8.940696716308594e-07,0.0016195346834138036,0.02494749054312706,0.003995408769696951,0.004009288270026445,5.179413165024016e-06,7.380906026810408e-06,,,,,3.777090814044495,,1320,1.3916666666666666
12.399999999988779,retreat,12.400000646710396,15.370707424465843,18.065115064382553,-0.007510185241699219,-0.593139324337244,3.713305642699998,0.03672004459076561,0.06852804166478502,2.0630404949188232,0.07120197266340256,8.753878593444824,-0.04617845843313262,74,1.9879084825515747,0.09751798212528229,0.09561825543642044,0.012655657716095448,-0.0037155841710045934,-18.32371791497321,-0.08782914280891418,0.07754167914390564,-2.05971097946167,0.07113154232501984,-0.003107688622549176,0.000605763983912766,2.8798920084227575e-06,-6.050411320757121e-05,0.032399024814367294,0.9994750022888184,-0.001578649040311575,0.0006375155062414706,-0.0007720674620941281,-0.07162558287382126,0.032268792390823364,0.01666085235774517,-0.4752441346645355,0.5597344636917114,0.49967992305755615,-2.006366729736328,-0.5170900225639343,2.4441583156585693,1.1536675691604614,0.0005960402777418494,0.0007404097123071551,-0.0008661727188155055,-0.0033822280820459127,0.0033757134806364775,0.0017315157456323504,-0.0020890068262815475,0.5999852418899536,0.0015012575313448906,0.08925903588533401,0.03295142576098442,0.9994568824768066,-5.297852680996584e-07,-9.427104487258475e-06,7.883272701292299e-06,-3.924872726202011e-05,0.03239189460873604,-6.981258047744632e-05,-4.648128651751904e-06,0.9999998211860657,0.0005526990280486643,0.027302706614136696,0.19622880220413208,-1.9780113697052002,-0.09683305770158768,-0.011496070772409439,-0.0009775594808161259,0.0273399967700243,-0.06551691889762878,1.9866403341293335,-0.06856288760900497,0.015486950054764748,-3.8696074625477195e-05,-3.039836883544922e-06,0.0016191008035093546,0.02494751662015915,0.00399541761726141,0.004009385127574205,5.176084414415527e-06,7.370079401880503e-06,,,,,3.777090814044495,,1320,1.4
12.408333333322105,retreat,12.408333980478346,15.334368040329782,18.062522262334824,-0.006735324859619141,-0.592957716435194,3.7157304933310478,0.0346743363479618,0.06852804166478502,0.9931014180183411,0.07711785286664963,9.094533920288086,-0.04617845843313262,73,1.0846498012542725,0.08018586784601212,0.1694495975971222,0.026422709226608276,0.000115294023999013,-18.3212937481747,0.16639739274978638,-0.1413879096508026,-0.9687991738319397,0.07706408947706223,0.0028730607591569424,0.0001850262633524835,-5.4349766287487e-05,-5.704160685127135e-06,0.03242027759552002,0.999474287033081,-0.0012265907134860754,0.0005523683503270149,-0.0001691470097284764,0.0045099821873009205,0.09538225829601288,0.03689952194690704,-0.4752498269081116,0.5597265958786011,0.49968594312667847,-2.006366729736328,-0.5171155333518982,2.444199562072754,1.1536853313446045,0.0006715260096825659,0.00011264972999924794,-0.0013999869115650654,-0.0016786415362730622,-0.0006766387377865613,0.005425586830824614,0.0003834296949207783,0.5999963879585266,0.0015023048035800457,0.08926773071289062,0.03295211121439934,0.9994569420814514,6.610121658923163e-07,1.6903315554372966e-05,-4.195519068161957e-06,-3.883056342601776e-05,0.032398056238889694,9.422713446838316e-06,5.402282113209367e-05,0.9999998211860657,0.0005321165663190186,-0.04296937584877014,-0.032813429832458496,-1.0833015441894531,-0.07690927386283875,0.02261953055858612,0.0017588945338502526,-0.04300602152943611,0.10409744828939438,1.0787862539291382,-0.08169179409742355,-0.028885336592793465,0.00013974643661640584,-3.5762786865234375e-07,0.0016201616963371634,0.02494744211435318,0.003995427396148443,0.004009437747299671,5.183389475860167e-06,7.381895557045937e-06,,,,,3.777090814044495,,1320,1.4083333333333332
12.41666666665543,retreat,12.416667314246297,15.297829221463948,18.06625872850418,-0.00667572021484375,-0.5942702991887927,3.7118816240788974,0.0363755680155009,0.10467831195095843,2.5996317863464355,0.07048115879297256,8.805891036987305,-0.046112916606944054,74,2.4446542263031006,0.10431040078401566,0.2062266319990158,0.03410794213414192,0.014572038315236568,-18.3247625460841,-0.09392404556274414,0.03930051624774933,-2.597637176513672,0.07045356184244156,-0.0019027681555598974,0.0005182081367820501,2.2698604880133644e-06,-7.749853830318898e-05,0.032386720180511475,0.999475359916687,-0.0021684064995497465,-0.00371209136210382,-0.0009776079095900059,0.15804588794708252,0.04437759518623352,0.0013176972279325128,-0.4752422273159027,0.5597293972969055,0.4996723532676697,-2.0063834190368652,-0.5171248316764832,2.444199562072754,1.1536883115768433,0.001480656093917787,0.0013262088177725673,-0.0022184846457093954,-0.0029861400835216045,0.0031256137881428003,0.0005701651098206639,-0.002293429570272565,0.5999872088432312,0.0015002032741904259,0.0892581194639206,0.03295706585049629,0.9994567036628723,3.4308716294617625e-06,6.7786586441798136e-06,5.693294951925054e-06,-3.955233842134476e-05,0.03239212930202484,-7.049350824672729e-05,-8.029725904634688e-06,0.9999995827674866,0.0005706504452973604,-0.04336496442556381,0.2053162306547165,-2.435631036758423,-0.09549853205680847,-0.041925329715013504,-0.0017193728126585484,-0.04339716210961342,-0.04441511631011963,2.443864107131958,-0.06593452394008636,0.03570980951189995,-0.0006359653198160231,-3.874301910400391e-06,0.0016184864798560739,0.024947557598352432,0.003995436709374189,0.004008174408227205,-0.0003222221857868135,-0.0004590507596731186,,,,,3.777090814044495,,1320,1.4166666666666667
12.424999999988756,retreat,12.425000648014247,15.261091870287935,18.062492460012436,-0.008046627044677734,-0.5928385071456432,3.7157304933310478,0.034037431760225445,0.07912936237050427,0.3728064298629761,0.07490560412406921,9.034862518310547,-0.047620400437153876,75,0.5752078294754028,0.09369494020938873,0.2404910773038864,0.0324849970638752,0.019645892083644867,-18.321263945852312,0.014774173498153687,0.02357983961701393,-0.3717665374279022,0.07487855106592178,0.002001299522817135,0.00021537585416808724,-9.96410017251037e-05,4.8910180339589715e-05,0.03242030739784241,0.999474287033081,-0.0007823969935998321,-0.0030990466475486755,2.9647222618223168e-05,0.2583451271057129,0.05361057072877884,0.00824357382953167,-0.47524693608283997,0.5597209930419922,0.4996800422668457,-2.0063834190368652,-0.517142653465271,2.4442431926727295,1.1537023782730103,-1.763633918017149e-06,-0.00011501363769639283,-0.0001795355638023466,-0.0014525455189868808,0.0010024687508121133,0.0050386772491037846,-0.0005790758295916021,0.5999990105628967,0.0015036361292004585,0.0892673209309578,0.032954778522253036,0.9994568228721619,4.675034233514452e-06,3.411698344280012e-05,-9.25248514249688e-06,-3.7765130400657654e-05,0.03239769488573074,7.985073898453265e-05,9.763157868292183e-05,0.9999997615814209,0.0005347621045075357,0.13377435505390167,0.036823395639657974,-0.5582226514816284,-0.0768544003367424,0.05350755527615547,0.0030140408780425787,0.13373638689517975,3.0376017093658447e-05,0.559444785118103,-0.07155520468950272,-0.034311339259147644,-0.0007556549971923232,2.2649765014648438e-06,0.0016201634425669909,0.02494744211435318,0.003995445556938648,0.004008311312645674,-0.0003113798447884619,-0.00044360198080539703,,,,,3.777090814044495,,1320,1.425
12.433333333322082,retreat,12.433333981782198,15.22415688922133,18.066109716892242,-0.006496906280517578,-0.5942713469266891,3.71135407131147,0.039835606003180146,0.07912936237050427,2.948410749435425,0.07301834970712662,8.902556419372559,-0.046112916606944054,73,2.7311887741088867,0.11083526909351349,0.29038354754447937,0.04846441373229027,-0.00567986024543643,-18.324576845909363,-0.2190878987312317,-0.08192375302314758,-2.939117908477783,0.07290384918451309,-0.004037956707179546,0.0006347742164507508,4.214338787278393e-06,-8.768575207795948e-05,0.03238203376531601,0.9994755983352661,-0.0025702437851577997,0.00012922959285788238,-0.0009799697436392307,-0.12085077166557312,0.022801252081990242,-0.025686539709568024,-0.4752436876296997,0.5597217082977295,0.49967139959335327,-2.0064003467559814,-0.5171492695808411,2.4442057609558105,1.1537033319473267,0.0013467494864016771,0.0011036333162337542,-0.0022076922468841076,-0.0031597460620105267,0.003335674060508609,-0.0030124112963676453,-0.0026109658647328615,0.5999829173088074,0.001498473808169365,0.08925674855709076,0.03296492621302605,0.9994564056396484,6.4317023316107225e-06,7.85972224548459e-06,1.0087522241519764e-05,-4.1686464101076126e-05,0.03239049017429352,-7.94361112639308e-05,-1.3273685908643529e-05,0.9999997615814209,0.0005832079914398491,0.02084936574101448,0.13818340003490448,-2.7276113033294678,-0.09941013902425766,-0.04891909658908844,-0.0030005143489688635,0.02080705389380455,0.041850537061691284,2.730787754058838,-0.07956237345933914,0.052042342722415924,-0.00042872270569205284,-4.351139068603516e-06,0.0016182527178898454,0.024947572499513626,0.003995440434664488,0.004008384887129068,5.1564247769420035e-06,7.342954631894827e-06,,,,,3.777090814044495,,1320,1.4333333333333333
12.441666666655408,retreat,12.441667315550148,15.187025180683731,18.062317371368408,-0.008285045623779297,-0.5928807659074664,3.716942326258441,0.03385766103747301,0.055952909680744456,0.457141250371933,0.06985671818256378,8.916915893554688,-0.047620400437153876,77,0.6319615244865417,0.10349170863628387,0.31582850217819214,0.058964572846889496,-0.0027378058512113057,-18.32117313346182,0.13097849488258362,0.16515052318572998,-0.4056452512741089,0.0697578564286232,0.003715089987963438,-3.3675220038276166e-05,-7.402713526971638e-05,3.1683463021181524e-05,0.03243089094758034,0.9994739890098572,-0.0001347328070551157,0.0012073743855580688,0.00015313159383367747,-0.03864799067378044,0.04222133755683899,0.0242927223443985,-0.47525209188461304,0.5597129464149475,0.49968352913856506,-2.0064003467559814,-0.5171607732772827,2.444260597229004,1.153715968132019,-8.749187691137195e-05,-9.90803528111428e-08,8.791921572992578e-05,-0.0017406947445124388,0.0018757160287350416,0.007461663335561752,-0.0008882682886905968,0.5999971032142639,0.0015038023702800274,0.08926762640476227,0.03295770660042763,0.9994567036628723,6.099230631662067e-06,4.012879071524367e-05,-7.975841981533449e-06,-3.775628283619881e-05,0.032397836446762085,6.952845433261245e-05,7.023569924058393e-05,0.9999998807907104,0.0005271001136861742,0.08695638924837112,0.1264284998178482,-0.6130495667457581,-0.07307282090187073,0.07314682006835938,0.0045209662057459354,0.08690818399190903,-0.08576507866382599,0.6200537085533142,-0.054830051958560944,-0.06075606867671013,-0.0005216532154008746,1.4901161193847656e-06,0.0016206917352974415,0.02494741603732109,0.003995436243712902,0.004008410032838583,5.167814379092306e-06,7.364840712398291e-06,,,,,3.777090814044495,,1320,1.4416666666666667
12.449999999988734,retreat,12.450000649318099,15.149697647094728,18.066806346178055,-0.00667572021484375,-0.5946732126176357,3.7138329186332135,0.03931082392227836,0.07912936237050427,3.115861654281616,0.07208724319934845,9.008614540100098,-0.04617845843313262,76,2.8810946941375732,0.1249365508556366,0.32229819893836975,0.057475652545690536,-0.005641162861138582,-18.325445865998084,-0.17476999759674072,-0.12572979927062988,-3.108414649963379,0.07196149230003357,-0.004220778122544289,0.0005470409523695707,3.3329397410852835e-05,-0.00011712191917467862,0.03240327537059784,0.999474823474884,-0.0020723394118249416,0.00015901651931926608,-0.0012386600719764829,-0.13314160704612732,0.008452985435724258,-0.005060473456978798,-0.4752466082572937,0.5597151517868042,0.4996739327907562,-2.0064189434051514,-0.5171680450439453,2.4442241191864014,1.153718113899231,0.0016262689605355263,0.0013677951646968722,-0.002500346163287759,-0.003124136943370104,0.002861480228602886,-0.0025805518962442875,-0.002238447079434991,0.5999797582626343,0.001499953679740429,0.08925511687994003,0.03296782821416855,0.9994563460350037,8.851373422658071e-06,1.2708994290733244e-05,1.2748795597872231e-05,-3.993511199951172e-05,0.03238969296216965,-0.00010297170956619084,-4.560830711852759e-05,0.9999997615814209,0.0005648543010465801,-0.03959359973669052,0.14104321599006653,-2.8773677349090576,-0.10632592439651489,-0.06546584516763687,-0.0042617651633918285,-0.03966595232486725,0.04888066649436951,2.8804068565368652,-0.08606675267219543,0.05993214249610901,0.000310905888909474,-5.781650543212891e-06,0.001619313145056367,0.024947501718997955,0.003995431121438742,0.004008451011031866,5.1630258894874714e-06,7.353024557232857e-06,,,,,3.777090814044495,,1320,1.45
12.45833333332206,retreat,12.45833398308605,15.11217519087391,18.06158348917961,-0.008165836334228516,-0.5929871695116162,3.7171530395390033,0.03239006400690414,0.07912936237050427,0.28918275237083435,0.0737663134932518,9.140457153320312,-0.048275822337018326,76,0.4654589891433716,0.0991063341498375,0.3555276095867157,0.06183305382728577,-0.0005282324418658391,-18.32045390520026,0.19082510471343994,0.046795036643743515,-0.21218547224998474,0.07359274476766586,0.005054380279034376,-0.0001720650470815599,-8.559544221498072e-05,4.202123818686232e-05,0.03243253380060196,0.9994738698005676,0.00010061878128908575,0.001008958206512034,7.474196172552183e-05,-0.007971455343067646,0.05332363024353981,0.031043771654367447,-0.4752542972564697,0.5597056150436401,0.4996848702430725,-2.0064189434051514,-0.5171911120414734,2.4442949295043945,1.153735637664795,0.00021483957243617624,-6.513365951832384e-05,-0.0005321166245266795,-0.0010351560777053237,0.00011128963524242863,0.007929855026304722,9.644665260566399e-05,0.5999975800514221,0.001505556982010603,0.08926784247159958,0.032961539924144745,0.9994565844535828,1.0535807632550132e-05,5.403534305514768e-05,-9.243227395927534e-06,-3.61134298145771e-05,0.03239744156599045,9.35275384108536e-05,7.815643766662106e-05,0.9999997615814209,0.0005292950663715601,0.05735621601343155,0.02754838950932026,-0.4610894024372101,-0.06588561832904816,0.07387829571962357,0.0048111979849636555,0.057306576520204544,0.002892807126045227,0.46190863847732544,-0.06192072480916977,-0.06577225774526596,-0.0004836074076592922,1.9669532775878906e-06,0.0016207736916840076,0.024947404861450195,0.003995424602180719,0.004008491523563862,5.173795216251165e-06,7.3762203101068735e-06,,,,,3.777090814044495,,1320,1.4583333333333333
12.466666666655385,retreat,12.466667316854,15.074458714440869,18.066933006048203,-0.0064373016357421875,-0.5949874175712466,3.7123563575607106,0.04019978587166406,0.03956468118525214,3.367253065109253,0.07233036309480667,9.01079273223877,-0.046112916606944054,73,3.090597152709961,0.12868469953536987,0.3805140256881714,0.06855949759483337,-0.005424142349511385,-18.32546983886442,-0.23130404949188232,-0.1395273655653,-3.356400489807129,0.07215134799480438,-0.005057064816355705,0.0005387109122239053,3.116597872576676e-05,-0.00012119102029828355,0.032390426844358444,0.999475359916687,-0.0021720516961067915,-0.00011722631461452693,-0.0012858019908890128,-0.13847602903842926,0.0048226057551801205,-0.0034532847348600626,-0.4752471148967743,0.5597076416015625,0.4996697008609772,-2.0064334869384766,-0.5172017812728882,2.444254159927368,1.15373694896698,0.001933740102685988,0.0014865836128592491,-0.003089547622948885,-0.002911859191954136,0.0029599640984088182,-0.003926947247236967,-0.0025899463798850775,0.5999811887741089,0.0014982344582676888,0.08925587683916092,0.03297494351863861,0.9994561672210693,1.3006983863306232e-05,2.620762461447157e-05,1.0674164514057338e-05,-4.185643047094345e-05,0.03239048644900322,-9.347771265311167e-05,-4.729665306513198e-05,0.9999999403953552,0.0005848313448950648,-0.029651472344994545,0.138535276055336,-3.087348461151123,-0.10314163565635681,-0.07679614424705505,-0.004889756441116333,-0.029812438413500786,0.0652647316455841,3.0897655487060547,-0.08325985074043274,0.07270769029855728,9.330309694632888e-05,-6.020069122314453e-06,0.0016186719294637442,0.024947546422481537,0.0039954171516001225,0.004008554387837648,5.198568032938056e-06,7.405818905681372e-06,,,,,3.777090814044495,,1320,1.4666666666666666
12.474999999988711,retreat,12.47500065062195,15.036549120215199,18.06207150220871,-0.009179115295410156,-0.59231196064502,3.717521759081357,0.03321366602904163,0.055952909680744456,0.28317704796791077,0.06845545768737793,8.915719032287598,-0.04886570604867302,80,0.3288051187992096,0.1189502701163292,0.4026217460632324,0.06875529140233994,0.0008330438286066055,-18.32096756059776,0.06157165765762329,0.2682904601097107,0.06647107005119324,0.06842494010925293,0.0020119701512157917,0.00035941327223554254,-9.799304825719446e-05,3.396772808628157e-05,0.03243577852845192,0.9994738101959229,0.0008604881586506963,0.0012959919404238462,0.000508075871039182,0.005681243259459734,0.01479356363415718,-0.07542817294597626,-0.47525566816329956,0.5596986413002014,0.49968382716178894,-2.0064334869384766,-0.5172092318534851,2.4443202018737793,1.1537480354309082,-0.0006286110146902502,-0.0002748472907114774,0.0010301772272214293,-0.0013631100300699472,0.002514088526368141,0.007749727927148342,-0.0012027142802253366,0.5999976992607117,0.001506045926362276,0.08926811814308167,0.03296395018696785,0.999456524848938,1.2822441931348294e-05,6.37649791315198e-05,-1.1010634807462338e-05,-3.650551661849022e-05,0.03239818662405014,9.486813360126689e-05,8.831093146000057e-05,0.9999998807907104,0.0005284629296511412,0.1931716650724411,0.16220423579216003,-0.21092014014720917,-0.07106847316026688,0.09520411491394043,0.00588357774540782,0.19314807653427124,-0.14794804155826569,0.2211742401123047,-0.04764045774936676,-0.06754161417484283,-0.001437092781998217,1.5497207641601562e-06,0.0016209357418119907,0.0249473936855793,0.0039954110980033875,0.004008675459772348,5.1748493206105195e-06,7.381109753623605e-06,,,,,3.777090814044495,,1320,1.475
12.483333333322037,retreat,12.483333984389901,14.99844731061649,18.06398257613182,-0.006079673767089844,-0.5932770436629653,3.709612615624793,0.039882554119685665,0.07912936237050427,3.642868757247925,0.08248917758464813,8.977005004882812,-0.04526085831457749,77,3.3323020935058594,0.13593843579292297,0.42766931653022766,0.07482266426086426,0.004214603221043944,-18.32232859576932,-0.19141805171966553,-0.3680034875869751,-3.6191747188568115,0.08246912062168121,-0.001800823025405407,0.00025655142962932587,3.380140697117895e-05,-0.00010915828897850588,0.032366737723350525,0.9994760751724243,-0.0023753223940730095,-0.0001717115956125781,-0.0012990713585168123,-0.011466150172054768,-0.033580418676137924,-0.05760692059993744,-0.4752531945705414,0.559696614742279,0.49967673420906067,-2.006441831588745,-0.5172226428985596,2.444275379180908,1.1537524461746216,0.0021043482702225447,0.0013231815537437797,-0.0036251037381589413,-0.0028146645054221153,0.0020063654519617558,-0.005442848429083824,-0.002164826262742281,0.5999851226806641,0.0014990977942943573,0.08926171064376831,0.03297796845436096,0.999455988407135,1.4572402506018989e-05,4.0539714973419905e-05,6.166490948089631e-06,-4.3087638914585114e-05,0.03239329531788826,-6.699336518067867e-05,-5.063652861281298e-05,0.9999997615814209,0.0006115580908954144,-0.07772115617990494,0.004770056810230017,-3.3313920497894287,-0.10699264705181122,-0.08367177844047546,-0.005555674899369478,-0.07799418270587921,0.21484346687793732,3.3244543075561523,-0.10644946247339249,0.0726693719625473,0.0007548989378847182,-5.424022674560547e-06,0.0016174892662093043,0.024947620928287506,0.003995404578745365,0.004008766263723373,5.2887285164615605e-06,7.5355637818574905e-06,,,,,3.777090814044495,,1320,1.4833333333333334
12.491666666655362,retreat,12.491667318157852,14.960154188064335,18.06194856762886,-0.005424022674560547,-0.5923736607655883,3.7114595878555368,0.038043755921535194,0.055952909680744456,0.5278032422065735,0.07476861029863358,8.619426727294922,-0.046112916606944054,73,0.7132503986358643,0.11316655576229095,0.3573746085166931,0.07443656772375107,0.0020585481397574767,-18.320423034776905,0.1137126088142395,0.23073075711727142,-0.46087852120399475,0.07470852881669998,0.0029879796784371138,-0.0002284660586155951,-3.083238334511407e-05,-2.553097510826774e-05,0.032382987439632416,0.9994755387306213,-0.0009839379927143455,0.0010715118842199445,2.1033629309386015e-05,0.02363250032067299,0.10392452776432037,0.04710226505994797,-0.47525322437286377,0.5596925020217896,0.49967387318611145,-2.006441831588745,-0.5172312259674072,2.4443325996398926,1.1537606716156006,0.00030380135285668075,0.00022534200979862362,-0.0006562519702129066,-0.0018524335464462638,0.002866532187908888,0.008382557891309261,-0.0017113755457103252,0.5999976992607117,0.0015009474009275436,0.08926816284656525,0.03297195956110954,0.9994562864303589,1.3245232366898563e-05,6.958594167372212e-05,-7.633227141923271e-06,-4.204548895359039e-05,0.03239778056740761,4.344321496319026e-05,1.8990911485161632e-05,0.9999998807907104,0.000589287665206939,0.12714946269989014,0.1516822725534439,-0.6852383613586426,-0.06837061792612076,0.08999715745449066,0.00571307772770524,0.12705686688423157,-0.10618576407432556,0.6937630772590637,-0.046483710408210754,-0.07185523211956024,-0.0009816921083256602,-1.3113021850585938e-06,0.0016183002153411508,0.024947568774223328,0.0039953989908099174,0.004008828662335873,5.164552021597046e-06,7.371039828285575e-06,,,,,3.777090814044495,,1320,1.4916666666666667
12.499999999988688,retreat,12.500000651925802,14.921670654978326,18.063826113939285,-0.0057220458984375,-0.5931314080953598,3.7089263634390854,0.039983638998819515,0.07912936237050427,2.9197208881378174,0.07854736596345901,8.803357124328613,-0.04571966201183386,76,2.721118927001953,0.13026560842990875,0.2833908498287201,0.057540811598300934,0.002127749379724264,-18.32212440816449,-0.2240058034658432,-0.039611488580703735,-2.9108457565307617,0.07851582020521164,-0.002192405052483082,-0.00038434291491284966,9.632589353714138e-05,-9.04704284039326e-05,0.03236084058880806,0.9994762539863586,-0.0016258967807516456,0.0004398623132146895,-0.0010861647315323353,-0.015614881180226803,-0.03506355360150337,-0.03068528324365616,-0.47525134682655334,0.5596930980682373,0.4996698200702667,-2.006455659866333,-0.5172291994094849,2.444305658340454,1.1537574529647827,0.0012467745691537857,0.0012179312761873007,-0.0019158574286848307,-0.0031169878784567118,0.004693521652370691,-0.0022041508927941322,-0.003443561028689146,0.5999851226806641,0.001498950645327568,0.08926023542881012,0.03297671303153038,0.9994560480117798,1.4739065591129474e-05,4.940395592711866e-05,5.949947990302462e-06,-4.319148138165474e-05,0.03239165619015694,-3.7389520002761856e-05,-0.00011238503066124395,0.9999997615814209,0.0006161977653391659,0.02005213499069214,0.1904519498348236,-2.714371681213379,-0.11780582368373871,-0.05538263916969299,-0.004866068251430988,0.019786464050412178,-0.011112302541732788,2.721024990081787,-0.09041186422109604,0.05848665535449982,0.001005937927402556,-4.351139068603516e-06,0.0016171950846910477,0.024947643280029297,0.003995395265519619,0.004008894320577383,5.1653605623869225e-06,7.361872121691704e-06,,,,,3.777090814044495,,1320,1.5
12.508333333322014,retreat,12.508333985693753,14.882997613778056,18.06059256196022,-0.004649162292480469,-0.592057011090219,3.712092624222409,0.03720000313478522,0.07912936237050427,0.782364010810852,0.08071986585855484,8.838431358337402,-0.046112916606944054,74,0.9631189703941345,0.1028485968708992,0.25424060225486755,0.046972427517175674,0.006598728468816262,-18.319111053501224,0.07660272717475891,0.014855198562145233,-0.7784631252288818,0.08068124204874039,0.0023818970657885075,-0.0007486684480682015,5.187244823900983e-05,-3.20304388878867e-05,0.03238849714398384,0.999475359916687,-0.0006723497644998133,0.0009996626758947968,-9.150577534455806e-05,0.07971099764108658,0.07430542260408401,0.051362086087465286,-0.47525784373283386,0.5596851110458374,0.49967727065086365,-2.006455659866333,-0.5172404050827026,2.4443490505218506,1.1537690162658691,0.0003056821005884558,9.95521986624226e-05,-0.0007382872281596065,-0.0017529996111989021,0.0019776353146880865,0.005783629138022661,-0.0011816120240837336,0.5999965071678162,0.0015019122511148453,0.08926892280578613,0.03297238051891327,0.9994562268257141,1.3929492524766829e-05,7.546118285972625e-05,-6.0481088439701125e-06,-4.138704389333725e-05,0.03239722177386284,4.557167994789779e-05,-6.437592674046755e-05,0.9999997615814209,0.0005841947859153152,0.10167533904314041,0.049803607165813446,-0.9564412236213684,-0.08091554790735245,0.06339603662490845,0.0033837908413261175,0.10153134167194366,0.013346031308174133,0.9576591849327087,-0.07375846803188324,-0.0488322451710701,-0.00017297291196882725,-1.4901161193847656e-06,0.0016185754211619496,0.024947553873062134,0.003995393868535757,0.004009014926850796,5.172759301785845e-06,7.368798833340406e-06,,,,,3.777090814044495,,1320,1.5083333333333333
12.51666666665534,retreat,12.516667319461703,14.844135966883112,18.063990026712418,-0.005424022674560547,-0.5930520128458738,3.708767979542509,0.040359424019698054,0.09691328065893987,3.0863399505615234,0.0775243490934372,8.714883804321289,-0.045129771024221554,76,2.8906993865966797,0.11924842745065689,0.2614627480506897,0.04379325360059738,0.002036332502029836,-18.32227730612334,-0.153158038854599,-0.037607237696647644,-3.082307815551758,0.077517569065094,-0.0009221231448464096,-0.0004489141865633428,0.00011404296674299985,-0.00011366949911462143,0.032359473407268524,0.9994762539863586,-0.0015814866637811065,0.0003665794793050736,-0.0011277911253273487,-0.019533609971404076,-0.03245161846280098,-0.02806772291660309,-0.4752540588378906,0.5596858263015747,0.4996689260005951,-2.0064711570739746,-0.5172414183616638,2.4443273544311523,1.1537671089172363,0.0015793951461091638,0.0013816967839375138,-0.0024807536974549294,-0.003184087108820677,0.004284511785954237,-0.0013762739254161716,-0.0031918613240122795,0.5999841690063477,0.0014989254996180534,0.08925985544919968,0.03297799453139305,0.999455988407135,1.548769614601042e-05,5.650229286402464e-05,6.740515345882159e-06,-4.336424171924591e-05,0.03239142894744873,-5.287706881063059e-05,-0.00013137940550222993,0.9999996423721313,0.0006188430124893785,-0.02076505869626999,0.1884065419435501,-2.8844783306121826,-0.10940896719694138,-0.047247085720300674,-0.004192654974758625,-0.02108866721391678,0.0021477341651916504,2.8906219005584717,-0.08231806755065918,0.04444397985935211,0.0012566206278279424,-5.4836273193359375e-06,0.001617126981727779,0.024947643280029297,0.003995394334197044,0.0040091052651405334,5.16663658345351e-06,7.360882591456175e-06,,,,,3.777090814044495,,1320,1.5166666666666666
12.524999999988665,retreat,12.525000653229654,14.805086616713087,18.061792105436325,-0.004887580871582031,-0.5925468867644668,3.7149399548354065,0.03589835614548065,0.06852804166478502,0.7896060943603516,0.07521592825651169,8.81454849243164,-0.046112916606944054,75,0.9672619104385376,0.10331206023693085,0.2692672610282898,0.048818640410900116,0.0036152600150671788,-18.3205086136495,0.1110963225364685,0.10745225846767426,-0.7743315696716309,0.07513542473316193,0.0034585725516080856,-0.0003769673057831824,-1.698511914582923e-05,-3.248355642426759e-05,0.03241307660937309,0.9994745850563049,-0.0015300544910132885,0.0011539063416421413,-9.182452777167782e-05,0.04442475736141205,0.1279807835817337,0.05394585058093071,-0.4752580225467682,0.5596796274185181,0.49967482686042786,-2.0064711570739746,-0.5172514915466309,2.4443728923797607,1.153778314590454,0.0004239458648953587,0.0003586902457755059,-0.0007046632235869765,-0.0017398620257154107,0.002191251842305064,0.007021217606961727,-0.0012326848227530718,0.599995493888855,0.0015028356574475765,0.08926821500062943,0.03297276794910431,0.9994562268257141,1.4838776223768946e-05,8.263697964139283e-05,-5.739965217799181e-06,-4.003429785370827e-05,0.032397810369729996,5.0047488912241533e-05,3.7516490465350216e-06,0.9999998211860657,0.0005599949508905411,0.07368942350149155,0.11748594790697098,-0.9572682976722717,-0.08265714347362518,0.06188197433948517,0.0034350063651800156,0.07353321462869644,-0.054134637117385864,0.962942361831665,-0.06572060286998749,-0.051358796656131744,-5.87383983656764e-05,-1.6689300537109375e-06,0.0016198024386540055,0.024947471916675568,0.003995396662503481,0.004009193740785122,5.02799593959935e-06,7.164693670347333e-06,,,,,3.777090814044495,,1320,1.525
12.533333333321991,retreat,12.533333986997604,14.765850465687578,18.06335672736168,-0.006735324859619141,-0.5928192986175418,3.7091375314620936,0.041042803786695004,0.055952909680744456,3.0362939834594727,0.0817301869392395,8.764028549194336,-0.04565411654766649,81,2.8360538482666016,0.12130814045667648,0.2799070477485657,0.05408000200986862,0.0016684472793713212,-18.321669707272232,-0.22750842571258545,-0.14102335274219513,-3.02447247505188,0.08168524503707886,-0.0026864218525588512,-0.0003569430555216968,6.0278041928540915e-05,-9.095131827052683e-05,0.03236262500286102,0.9994762539863586,-0.0010864018695428967,0.0002545325260143727,-0.0011134336236864328,-0.02148391492664814,-0.061697736382484436,-0.08176289498806,-0.4752560555934906,0.5596790909767151,0.49966883659362793,-2.006479263305664,-0.5172589421272278,2.444343328475952,1.153780221939087,0.0016059387708082795,0.0012707093264907598,-0.0026125404983758926,-0.0030148779042065144,0.003560141660273075,-0.0028011046815663576,-0.0027871928177773952,0.5999853610992432,0.0014980658888816833,0.0892619714140892,0.03298187628388405,0.9994559288024902,1.6099238564493135e-05,6.489400402642787e-05,3.692351583595155e-06,-4.4803135097026825e-05,0.032392848283052444,-2.3530501493951306e-05,-7.723737508058548e-05,0.9999998807907104,0.0006195818423293531,0.03457946330308914,0.1173134446144104,-2.8334155082702637,-0.11030635982751846,-0.05029862001538277,-0.004268493503332138,0.034212175756692886,0.0697440654039383,2.834989547729492,-0.09348785132169724,0.05546221509575844,0.0006030489457771182,-4.470348358154297e-06,0.0016172840259969234,0.0249476358294487,0.003995401319116354,0.004009240306913853,5.171826160221826e-06,7.368595106527209e-06,,,,,3.777090814044495,,1320,1.5333333333333332
12.541666666655317,retreat,12.541667320765555,14.726428416226168,18.062224239110947,-0.005245208740234375,-0.5923258140683174,3.7139383648494175,0.03807258326560259,0.055952909680744456,1.030940055847168,0.07347650080919266,8.652505874633789,-0.046112916606944054,73,1.1815216541290283,0.10736442357301712,0.2536676228046417,0.05258827283978462,0.001688850752543658,-18.320871092150377,0.0725327730178833,0.21057192981243134,-1.0065962076187134,0.07343382388353348,0.0025028325617313385,-7.353635737672448e-05,-3.572430068743415e-05,-5.419091394287534e-05,0.03240455687046051,0.9994748830795288,-0.0012546320213004947,0.0011429963633418083,-0.00023578891705255955,0.015402847900986671,0.09057537466287613,0.03742406144738197,-0.47525936365127563,0.5596749186515808,0.4996722936630249,-2.006479263305664,-0.517262876033783,2.4443881511688232,1.1537867784500122,0.0003829995112027973,0.0005549685447476804,-0.0004848197859246284,-0.0022464757785201073,0.003402156289666891,0.006948887370526791,-0.001893392065539956,0.5999958515167236,0.0015012468211352825,0.08926870673894882,0.03297509253025055,0.9994561672210693,1.4809814274485689e-05,8.875969797372818e-05,-6.8517838371917605e-06,-4.2051542550325394e-05,0.032398615032434464,3.385235322639346e-05,2.1991896574036218e-05,0.9999998807907104,0.0005708459648303688,0.09817202389240265,0.19723279774188995,-1.160799264907837,-0.08447180688381195,0.06616287678480148,0.003755823941901326,0.09796961396932602,-0.12028709053993225,1.1712924242019653,-0.05602457374334335,-0.052124232053756714,-0.00032801495399326086,-2.7418136596679688e-06,0.001619376940652728,0.024947501718997955,0.003995407838374376,0.004009296651929617,5.172603778191842e-06,7.3696719482541084e-06,,,,,3.777090814044495,,1320,1.5416666666666667
12.549999999988643,retreat,12.550000654533505,14.686821370748458,18.06437373161316,-0.005543231964111328,-0.5933598149567842,3.711248551771602,0.038617479731328785,0.07912936237050427,2.8920464515686035,0.07912631332874298,8.895626068115234,-0.04571966201183386,76,2.7321925163269043,0.12167467921972275,0.2264942079782486,0.04453964903950691,0.0015925951302051544,-18.322833522290132,-0.16035723686218262,-0.09147565066814423,-2.886147975921631,0.0791214257478714,-0.0008092275238595903,-0.0003446717746555805,8.170492947101593e-05,-0.00011914331844309345,0.032380685210227966,0.9994756579399109,-0.001527942018583417,0.00038815801963210106,-0.0011296935845166445,-0.022080831229686737,-0.029147978872060776,-0.026352010667324066,-0.47525614500045776,0.5596770644187927,0.49966609477996826,-2.006495237350464,-0.5172664523124695,2.4443740844726562,1.1537883281707764,0.0014855596236884594,0.0013737998669967055,-0.002181088784709573,-0.003061724826693535,0.003534185467287898,-0.0012424490414559841,-0.0024644278455525637,0.5999847650527954,0.0015000514686107635,0.08925966918468475,0.03297930583357811,0.9994560480117798,1.6367182979593053e-05,7.334765541600063e-05,4.932630417897599e-06,-4.203105345368385e-05,0.032391734421253204,-4.25390899181366e-05,-9.957369911717251e-05,0.9999997615814209,0.0005989353521727026,0.0072036730125546455,0.15170520544052124,-2.7279679775238037,-0.11407839506864548,-0.04216662794351578,-0.0035810009576380253,0.0068050273694098,0.028460144996643066,2.7320363521575928,-0.09227902442216873,0.04335946962237358,0.0007116015767678618,-5.841255187988281e-06,0.0016181858954951167,0.024947572499513626,0.0039954157546162605,0.004009365104138851,5.171234079170972e-06,7.3632108978927135e-06,,,,,3.777090814044495,,1320,1.55
12.558333333321968,retreat,12.558333988301456,14.647030231674034,18.060734122991562,-0.0069141387939453125,-0.5920989206060767,3.713516562044743,0.03724563794094138,0.08846931922527276,0.9051491618156433,0.08018246293067932,8.8302001953125,-0.046112916606944054,74,1.082340121269226,0.09963751584291458,0.2378702461719513,0.03911414369940758,0.005594387585006189,-18.319351641900514,0.05754079297184944,-0.01234777644276619,-0.9032340049743652,0.07996609061956406,0.005818171892315149,-0.0008944947621785104,5.315192993293749e-06,-5.470474206958897e-06,0.0324007049202919,0.9994748830795288,3.782869316637516e-05,0.0008568396442569792,-0.0001260300341527909,0.06878142058849335,-0.01924682967364788,0.007828858681023121,-0.4752621650695801,0.5596692562103271,0.4996735155582428,-2.006495237350464,-0.5172842741012573,2.444417715072632,1.153802514076233,0.00045313412556424737,0.00019338511629030108,-0.0008952604839578271,-0.0016336740227416158,0.0012433079537004232,0.005041027907282114,-0.0006838259287178516,0.5999963283538818,0.0015025418251752853,0.08926872164011002,0.032976891845464706,0.9994560480117798,1.690296267042868e-05,0.00010018920147558674,-9.741823305375874e-06,-4.100566729903221e-05,0.032397203147411346,9.539327584207058e-05,-1.9135752154397778e-05,0.9999997019767761,0.0005764949601143599,0.1040974035859108,0.03940293937921524,-1.0766017436981201,-0.07990775257349014,0.05946236848831177,0.002571375574916601,0.10388167202472687,0.03165430575609207,1.0768781900405884,-0.07425770163536072,-0.044509731233119965,0.000352310249581933,-2.384185791015625e-07,0.0016191845061257482,0.024947509169578552,0.0039954232051968575,0.004009393509477377,5.17680928169284e-06,7.373804692178965e-06,,,,,3.777090814044495,,1320,1.5583333333333333
12.566666666655294,retreat,12.566667322069407,14.60705590142249,18.0630661547184,-0.004410743713378906,-0.5925929872319102,3.7068140224989405,0.04114145485800691,0.08846931922527276,3.182553291320801,0.08031877875328064,8.707269668579102,-0.04519532012636773,76,2.989020347595215,0.11432956159114838,0.2614569664001465,0.04338934272527695,0.008946186397224665,-18.321217545947942,-0.1816634237766266,-0.08933945000171661,-3.1761081218719482,0.08031626790761948,-0.0004875115118920803,-0.000406916398787871,8.497869566781446e-05,-0.00011691182589856908,0.032342180609703064,0.9994767904281616,-0.0020921407267451286,-0.001327353180386126,-0.0011590246576815844,0.057774897664785385,-0.018495023250579834,-0.047659024596214294,-0.4752589762210846,0.5596686005592346,0.499666303396225,-2.00650691986084,-0.5172911286354065,2.444391965866089,1.1538035869598389,0.0016844942001625896,0.0013483681250363588,-0.002720246557146311,-0.003105230163782835,0.003755117068067193,-0.002060952363535762,-0.002889910712838173,0.5999850630760193,0.0014986633323132992,0.08926144242286682,0.032984957098960876,0.9994558095932007,1.8781593098537996e-05,8.224035991588607e-05,5.186349881114438e-06,-4.4578686356544495e-05,0.032392051070928574,-3.12373049382586e-05,-0.00010490204294910654,0.9999997019767761,0.0006431093206629157,0.005684298928827047,0.15359503030776978,-2.9850659370422363,-0.10597414523363113,-0.042736124247312546,-0.0037885962519794703,0.005194868426769972,0.04355683922767639,2.9886980056762695,-0.0839204415678978,0.04372414946556091,0.0008947817841544747,-5.7220458984375e-06,0.0016162634128704667,0.024947702884674072,0.003995419945567846,0.00400819955393672,4.95113454235252e-06,7.050373824313283e-06,,,,,3.777090814044495,,1320,1.5666666666666667
12.57499999998862,retreat,12.575000655837357,14.566899282413413,18.06011199951172,-0.006377696990966797,-0.5938031245023012,3.7171530395390033,0.036059263948118314,0.06852804166478502,0.896783709526062,0.07137297093868256,8.806721687316895,-0.04512977466220036,77,1.0806996822357178,0.1085139662027359,0.26241424679756165,0.04637286439538002,0.017713203298626468,-18.318982415532368,0.021846473217010498,0.1719731241464615,-0.879868745803833,0.07128915190696716,0.0034437915310263634,-0.00031259850948117673,-7.615043432451785e-05,-2.627983303682413e-05,0.032432448118925095,0.9994738698005676,0.0008213772089220583,-0.0028680989053100348,-3.6304263630881906e-06,0.240136981010437,-0.10780059546232224,-0.021877629682421684,-0.47526493668556213,0.559661328792572,0.4996742010116577,-2.00650691986084,-0.5172984004020691,2.444437265396118,1.1538127660751343,0.00012278917711228132,0.00024318437499459833,-0.00019726649043150246,-0.0020925761200487614,0.0029468941502273083,0.005880418233573437,-0.0016153635224327445,0.5999966859817505,0.0015024109743535519,0.08927012234926224,0.032979149371385574,0.9994560480117798,1.7886568457470275e-05,0.00010858140012715012,-1.0108759852300864e-05,-3.9633363485336304e-05,0.03239809349179268,8.032543701119721e-05,6.0890495660714805e-05,0.9999998211860657,0.0005469974130392075,0.15002653002738953,0.1715538650751114,-1.0563963651657104,-0.08322562277317047,0.06954923272132874,0.0034176951739937067,0.14980091154575348,-0.10153405368328094,1.0654401779174805,-0.058481134474277496,-0.048009105026721954,-0.00026194099336862564,-1.430511474609375e-06,0.0016207691514864564,0.024947408586740494,0.003995430655777454,0.0040082791820168495,-0.0003152860444970429,-0.00044916383922100067,,,,,3.777090814044495,,1320,1.575
12.583333333321946,retreat,12.583333989605308,14.526561277066403,18.060864508152008,-0.0034570693969726562,-0.5955472588539124,3.7189962721972196,0.03577513052732684,0.08846931922527276,3.1193065643310547,0.06505550444126129,8.9511079788208,-0.046375080273719504,75,2.9253041744232178,0.11850002408027649,0.270677775144577,0.049948740750551224,-0.008454118622466922,-18.31986311052008,-0.29953962564468384,0.015372633934020996,-3.1048531532287598,0.06470789015293121,-0.006693612318485975,0.0005507593741640449,1.8538106814958155e-05,-0.00014993114746175706,0.03244815021753311,0.9994733333587646,-0.0018657168839126825,-8.613071986474097e-05,-0.00106381019577384,-0.1751079559326172,-0.04047685116529465,-0.03865717723965645,-0.4752669632434845,0.5596599578857422,0.4996769428253174,-2.0065245628356934,-0.5172996520996094,2.4444057941436768,1.1538138389587402,0.000970030261669308,0.001134962192736566,-0.0013131726300343871,-0.0036604246124625206,0.004140870179980993,-0.0031471638940274715,-0.002651467453688383,0.5999823808670044,0.0015021990984678268,0.08926237374544144,0.03298430144786835,0.9994558095932007,2.0190776922390796e-05,8.662763866595924e-05,8.535183951607905e-06,-3.797654062509537e-05,0.03239120543003082,-6.200119241839275e-05,-4.084415195393376e-05,0.9999997019767761,0.0005364336539059877,0.10165683925151825,0.23822198808193207,-2.913815498352051,-0.11139518022537231,-0.04025533050298691,-0.003588614519685507,0.10115668922662735,-0.04558315873146057,2.9231996536254883,-0.07709428668022156,0.05507960170507431,-5.0601724069565535e-05,-7.450580596923828e-06,0.0016215532086789608,0.024947356432676315,0.003995427396148443,0.004008360207080841,5.1641272875713184e-06,7.353402907028794e-06,,,,,3.777090814044495,,1320,1.5833333333333333
12.591666666655271,retreat,12.591667323373258,14.486042787801045,18.057657033205032,-0.003039836883544922,-0.594510929659009,3.7214174200527275,0.032765827199909836,0.055952909680744456,1.097900152206421,0.0717998519539833,9.437853813171387,-0.0493245133839082,76,1.2690132856369019,0.0952184796333313,0.2615737318992615,0.050857625901699066,-0.006704776271362789,-18.31682401222813,0.11642280966043472,-0.07941360026597977,-1.0888177156448364,0.07177942991256714,0.0017087742453441024,-0.0001113891921704635,-2.5405033738934435e-05,-9.173855505650863e-05,0.03246975317597389,0.9994726777076721,-0.00042884232243523,0.0006194140296429396,-0.00012067289208061993,-0.09366284310817719,0.029665298759937286,0.016244318336248398,-0.47527456283569336,0.5596513152122498,0.49968698620796204,-2.0065245628356934,-0.5173254609107971,2.4444503784179688,1.1538362503051758,0.0005460951360873878,6.552702689077705e-05,-0.0011552965734153986,-0.002046843757852912,-0.0004182937555015087,0.005481951404362917,0.0006100501632317901,0.5999946594238281,0.001504749059677124,0.08927234262228012,0.032983697950839996,0.9994558691978455,1.982223147933837e-05,0.00011551523493835703,-5.197469818085665e-06,-3.6872923374176025e-05,0.032398056238889694,2.3571776182507165e-05,6.303907866822556e-06,0.9999998807907104,0.0005142210866324604,0.07787452638149261,0.005928686819970608,-1.2666077613830566,-0.07072758674621582,0.06364940851926804,0.0035944911651313305,0.07758061587810516,0.0775972455739975,1.2642605304718018,-0.06991526484489441,-0.05253158137202263,-0.0001447130343876779,-4.649162292480469e-06,0.0016226314473897219,0.024947285652160645,0.003995423670858145,0.00400838628411293,5.174082616576925e-06,7.37482332624495e-06,,,,,3.777090814044495,,1320,1.5916666666666666
12.599999999988597,retreat,12.600000657141209,14.445344717036932,18.061520159244537,-0.0028014183044433594,-0.5955906817689538,3.717574430320524,0.037868692743359134,0.06852804166478502,3.407025098800659,0.06528714299201965,8.956377029418945,-0.04742376404465176,77,3.2009804248809814,0.11177469044923782,0.2711353003978729,0.04291492700576782,-0.009472766891121864,-18.32041988062088,-0.16011041402816772,0.010118350386619568,-3.4032459259033203,0.06517153978347778,-0.0038719172589480877,0.000298176018986851,4.938053825753741e-05,-0.00019019228057004511,0.03243577852845192,0.9994738101959229,-0.0017040558159351349,0.00023480213712900877,-0.0012626339448615909,-0.19788514077663422,-0.03692200779914856,-0.03295785188674927,-0.475269079208374,0.5596516132354736,0.4996761381626129,-2.006544589996338,-0.5173380374908447,2.444430112838745,1.1538431644439697,0.0018018278060480952,0.001526943757198751,-0.0027216034941375256,-0.00372958742082119,0.002888947958126664,-0.0010529198916628957,-0.0019571895245462656,0.5999807119369507,0.0015011169016361237,0.08926179260015488,0.032993096858263016,0.9994555711746216,2.178147951781284e-05,9.659818169893697e-05,1.0210944310529158e-05,-3.9587728679180145e-05,0.03239122033119202,-9.120520553551614e-05,-7.426297815982252e-05,0.9999998211860657,0.0005576068651862442,-0.018888236954808235,0.23770771920681,-3.1920862197875977,-0.10023325681686401,-0.049336984753608704,-0.003569011576473713,-0.01950030028820038,-0.02667224407196045,3.200809955596924,-0.06602226197719574,0.04677145928144455,0.00047428125981241465,-9.417533874511719e-06,0.0016209360910579562,0.0249473936855793,0.003995419945567846,0.004008422140032053,5.166891241970006e-06,7.365422789007425e-06,,,,,3.777090814044495,,1320,1.6
12.608333333321923,retreat,12.60833399090916,14.404467967193659,18.05747076869011,-0.003039836883544922,-0.5940768169239163,3.723153361934068,0.0324557586282026,0.03956468118525214,0.7800081968307495,0.06703588366508484,9.071633338928223,-0.04866908420808613,75,0.9915798306465149,0.10070310533046722,0.3096565008163452,0.05183161422610283,-0.005829978399560787,-18.316758472020474,0.1149718165397644,0.10856448858976364,-0.7638115286827087,0.06700307130813599,0.0020912387408316135,-0.00015778429224155843,-4.110071313334629e-05,-7.647551683476195e-05,0.032484959810972214,0.9994722604751587,-0.0001863163779489696,0.001022296492010355,-0.0001424723886884749,-0.08455663919448853,0.038299310952425,0.02370128594338894,-0.47527626156806946,0.5596436262130737,0.49968671798706055,-2.006544589996338,-0.5173608064651489,2.4444894790649414,1.1538647413253784,0.0003431304357945919,0.00022065626399125904,-0.0005139545537531376,-0.0019438941963016987,0.00041449631680734456,0.007504540495574474,0.0003075162530876696,0.5999956727027893,0.001505956519395113,0.08927237242460251,0.03298856317996979,0.9994556903839111,2.169573235732969e-05,0.00013151910388842225,-7.251071110658813e-06,-3.640679642558098e-05,0.03239795193076134,5.4364634706871584e-05,2.1145780920051038e-05,0.9999999403953552,0.0005038800882175565,0.09435930103063583,0.11891382932662964,-0.9798910021781921,-0.0753888264298439,0.06664316356182098,0.004040960688143969,0.09410442411899567,-0.05403490364551544,0.9856240749359131,-0.05824223905801773,-0.05317220464348793,-0.0005487349699251354,-3.874301910400391e-06,0.0016233907081186771,0.024947233498096466,0.0039954157546162605,0.004008471500128508,5.1773167797364295e-06,7.379305316135287e-06,,,,,3.777090814044495,,1320,1.6083333333333334
12.616666666655249,retreat,12.61666732467711,14.363413440690813,18.06166172027588,-0.0025033950805664062,-0.5962251452729106,3.7186803542512474,0.03860404103761539,0.06852804166478502,3.5833842754364014,0.06923394650220871,9.188870429992676,-0.04683388033299707,77,3.3403403759002686,0.12288643419742584,0.33573615550994873,0.06112651526927948,-0.007448313757777214,-18.320638352366718,-0.21975915133953094,-0.15029609203338623,-3.5734801292419434,0.0690687745809555,-0.004767465405166149,0.0003387473989278078,5.428793156170286e-05,-0.00020158851111773401,0.032445505261421204,0.999473512172699,-0.0018610137049108744,-6.644216773565859e-05,-0.0014398775529116392,-0.18253301084041595,-0.04370113089680672,-0.036823950707912445,-0.4752708375453949,0.5596442818641663,0.4996766149997711,-2.006563186645508,-0.5173780918121338,2.444453477859497,1.153876543045044,0.0019862703047692776,0.001536282361485064,-0.0030499245040118694,-0.0034491736441850662,0.001937536639161408,-0.00326760346069932,-0.0014530798653140664,0.5999791026115417,0.0015007983893156052,0.08926089107990265,0.033001963049173355,0.9994552731513977,2.277323255839292e-05,0.00010617316729621962,1.149642685049912e-05,-3.979681059718132e-05,0.03239048644900322,-9.283301187679172e-05,-8.02306822151877e-05,0.9999998211860657,0.000556746672373265,-0.006733816582709551,0.15013080835342407,-3.3369579315185547,-0.10408400744199753,-0.06516820192337036,-0.004549718461930752,-0.007441204506903887,0.07032820582389832,3.3395915031433105,-0.0825321301817894,0.06438959389925003,0.00028650250169448555,-1.0013580322265625e-05,0.0016214217757806182,0.024947363883256912,0.0039954110980033875,0.004008491989225149,5.195602170715574e-06,7.404625648632646e-06,,,,,3.777090814044495,,1320,1.6166666666666667
12.624999999988574,retreat,12.62500065844506,14.322182039947991,18.056979030370712,-0.00286102294921875,-0.5943324649706483,3.723311134755362,0.032079220545710996,0.07912936237050427,0.7470681071281433,0.06680282950401306,9.084481239318848,-0.04925896428176202,76,0.9703469276428223,0.10553963482379913,0.3496816158294678,0.06391718983650208,-0.005323868099367246,-18.316277705839187,0.13071191310882568,0.1528375893831253,-0.7194899320602417,0.06674937903881073,0.002661333652213216,-0.00023634720128029585,-4.7647572500864044e-05,-7.330655353143811e-05,0.03248624876141548,0.9994721412658691,-0.00010742631275206804,0.0010338039137423038,-4.9169768317369744e-05,-0.0763484388589859,0.04357399418950081,0.029802175238728523,-0.4752785563468933,0.5596357583999634,0.49968791007995605,-2.006563186645508,-0.5174018740653992,2.444524049758911,1.15389883518219,0.0003224821120966226,0.0002188342041336,-0.00046052533434703946,-0.0018202930223196745,0.0005557258846238256,0.007952801883220673,0.00023611992946825922,0.5999969244003296,0.0015069348737597466,0.08927316963672638,0.03299570083618164,0.999455451965332,2.3140484699979424e-05,0.00014731100236531347,-9.349819265480619e-06,-3.565847873687744e-05,0.03239833563566208,7.314545655390248e-05,2.685702384042088e-05,0.9999997615814209,0.0005097287357784808,0.10746176540851593,0.13292188942432404,-0.9551737308502197,-0.06907649338245392,0.07964753359556198,0.004829310346394777,0.10718391090631485,-0.06962749361991882,0.9618922472000122,-0.04990364611148834,-0.06431299448013306,-0.0006010018987581134,-3.7550926208496094e-06,0.0016234548529610038,0.024947233498096466,0.0039954050444066525,0.004008552059531212,5.1779893510683905e-06,7.38480594009161e-06,,,,,3.777090814044495,,1320,1.625
12.6333333333219,retreat,12.63333399221301,14.28077466738478,18.061989545822144,-0.0023245811462402344,-0.5964634474366903,3.7185223852274993,0.03872828165185638,0.06852804166478502,3.774589776992798,0.0710422545671463,9.313761711120605,-0.04742376404465176,75,3.5017192363739014,0.12771183252334595,0.3782765865325928,0.06947945058345795,-0.0073557146824896336,-18.320955192072443,-0.2663273811340332,-0.19858995079994202,-3.759941339492798,0.07083452492952347,-0.005418857559561729,0.00032803387148305774,5.9451398556120694e-05,-0.00021683317027054727,0.032443661242723465,0.999473512172699,-0.002018735045567155,-0.0002497070818208158,-0.0014853288885205984,-0.18715150654315948,-0.04864325374364853,-0.041045207530260086,-0.4752715229988098,0.559636652469635,0.4996747374534607,-2.006582498550415,-0.517419159412384,2.4444849491119385,1.153908371925354,0.0021360618993639946,0.0015803048154339194,-0.0033613790292292833,-0.003515443066135049,0.002028656890615821,-0.004418522119522095,-0.001648443634621799,0.5999792218208313,0.0015006442554295063,0.08926064521074295,0.03301061689853668,0.9994549751281738,2.5032612029463053e-05,0.00011971419007750228,1.0674610166461207e-05,-4.027923569083214e-05,0.03239057585597038,-9.428934572497383e-05,-8.771483408054337e-05,0.9999998211860657,0.0005672473344020545,0.009985709562897682,0.1301228404045105,-3.499286413192749,-0.10583940148353577,-0.07127722352743149,-0.005281196907162666,0.009148077107965946,0.10106262564659119,3.500248432159424,-0.08718694746494293,0.0729420930147171,0.0004498583439271897,-1.0728836059570312e-05,0.001621329807676375,0.02494737133383751,0.003995400853455067,0.004008596297353506,5.2131204029137734e-06,7.423892384395003e-06,,,,,3.777090814044495,,1320,1.6333333333333333
12.641666666655226,retreat,12.641667325980961,14.239192225420775,18.058372288942337,-0.003635883331298828,-0.5940055707469583,3.722206584766505,0.033811644243542105,0.055952909680744456,0.6664949059486389,0.0690172091126442,8.850001335144043,-0.04893124787486158,74,0.9074207544326782,0.11527017503976822,0.3857135474681854,0.07182072103023529,-0.0035639338748296723,-18.31759414964991,0.11709366738796234,0.19609685242176056,-0.6261394023895264,0.06895066797733307,0.0029882427770644426,-0.0005009820451959968,-8.291506674140692e-05,-8.327115210704505e-05,0.03247636929154396,0.9994725584983826,0.0007989918813109398,0.0010923902736976743,0.00011758475011447445,-0.05053329840302467,-0.049175385385751724,0.03798917308449745,-0.47527891397476196,0.5596280694007874,0.49968504905700684,-2.006582498550415,-0.5174382328987122,2.4445533752441406,1.153926968574524,0.00017075352661777288,0.00012824518489651382,-0.00026635723770596087,-0.001961866859346628,0.0012351350160315633,0.008322813548147678,-0.0001677136169746518,0.5999961495399475,0.001506277360022068,0.08927251398563385,0.033003468066453934,0.9994552135467529,2.4800276150926948e-05,0.0001590090396348387,-1.0111023584613577e-05,-3.719283267855644e-05,0.0323990136384964,7.376824214588851e-05,6.0497513914015144e-05,0.9999998807907104,0.0005273956921882927,0.14311860501766205,0.15052086114883423,-0.8833305835723877,-0.06924793124198914,0.09199213981628418,0.0054205940105021,0.14284227788448334,-0.09191016852855682,0.8913815021514893,-0.047530513256788254,-0.0715295821428299,-0.0007146642310544848,-4.291534423828125e-06,0.0016229617176577449,0.024947263300418854,0.003995395731180906,0.0040087224915623665,5.1781094043690246e-06,7.38640665076673e-06,,,,,3.777090814044495,,1320,1.6416666666666666
12.649999999988552,retreat,12.650000659748912,14.197435616475566,18.05964633822441,-0.00095367431640625,-0.5963993025943637,3.7225748044602414,0.03647552148322575,0.06852804166478502,3.7946617603302,0.06624017655849457,9.15608024597168,-0.04683388033299707,75,3.5192666053771973,0.13198620080947876,0.385112464427948,0.07219548523426056,-0.008162547834217548,-18.318893806391895,-0.3161773085594177,-0.11684718728065491,-3.779660940170288,0.06581825017929077,-0.0074312626384198666,0.0007037587347440422,5.461703040054999e-06,-0.00021548543008975685,0.03247920051217079,0.9994723796844482,-0.002112090587615967,-5.586635597865097e-05,-0.0014707004884257913,-0.20801445841789246,-0.05308720842003822,-0.043929971754550934,-0.4752779006958008,0.559626042842865,0.49968236684799194,-2.006599187850952,-0.517450213432312,2.444516181945801,1.1539334058761597,0.0017298344755545259,0.001465792185626924,-0.002604168839752674,-0.0038136146031320095,0.002913309261202812,-0.00468131760135293,-0.0020733848214149475,0.5999810099601746,0.001502803061157465,0.08926399797201157,0.033014412969350815,0.9994548559188843,2.7261939976597205e-05,0.00013546836271416396,9.232332558894996e-06,-3.85018065571785e-05,0.03239171579480171,-7.890263805165887e-05,-3.542079866747372e-05,0.9999998211860657,0.0005354946479201317,0.04586542397737503,0.19719918072223663,-3.5134377479553223,-0.11131486296653748,-0.07068989425897598,-0.005683054681867361,0.044916730374097824,0.03509530425071716,3.5188047885894775,-0.08296728134155273,0.07754925638437271,0.0005475073121488094,-1.0788440704345703e-05,0.0016231033951044083,0.024947255849838257,0.003995391074568033,0.004008841700851917,5.177326784178149e-06,7.3763367254287004e-06,,,,,3.777090814044495,,1320,1.65
12.658333333321877,retreat,12.658333993516862,14.155505742968744,18.056900799274445,-0.0008940696716308594,-0.5954451626166701,3.72741088737434,0.032743137126090005,0.03956468118525214,0.9606745839118958,0.06443141400814056,9.215381622314453,-0.0491278842673637,74,1.1846550703048706,0.1083415225148201,0.34000441431999207,0.0673476830124855,-0.008836023713229224,-18.316484586860412,0.11874955892562866,0.1019555926322937,-0.9478392601013184,0.06441306322813034,0.0015355839859694242,7.793850090820342e-05,-5.825887274113484e-05,-0.0001376639265799895,0.03252177685499191,0.9994710087776184,-0.0002954410738311708,0.0007589654996991158,-0.0002283664362039417,-0.1321413666009903,0.03523637354373932,0.024141788482666016,-0.47528275847435,0.5596185326576233,0.49968937039375305,-2.006599187850952,-0.5174732804298401,2.4445619583129883,1.1539558172225952,0.00046625584946013987,0.00022470831754617393,-0.0007895577582530677,-0.002294912002980709,0.0002852748439181596,0.007398195564746857,0.00048105360474437475,0.599993109703064,0.001505750697106123,0.08927308768033981,0.03301326930522919,0.999454915523529,2.628041329444386e-05,0.00016385877097491175,-4.646274192054989e-06,-3.6856625229120255e-05,0.03239817172288895,2.5116854885709472e-05,3.27404668496456e-05,0.9999999403953552,0.0004917623591609299,0.12334515154361725,0.11372159421443939,-1.172715187072754,-0.06692339479923248,0.08501580357551575,0.005608745850622654,0.12296376377344131,-0.03607778251171112,1.1777039766311646,-0.05053269490599632,-0.06742826104164124,-0.0011742996284738183,-6.973743438720703e-06,0.0016252283239737153,0.024947118014097214,0.0039953868836164474,0.004008915740996599,5.186735961615341e-06,7.396825822070241e-06,,,,,3.777090814044495,,1320,1.6583333333333332
12.666666666655203,retreat,12.666667327284813,14.1134035073199,18.059787899255753,-0.0005960464477539062,-0.597190810367465,3.723153361934068,0.03768321766983718,0.06852804166478502,3.710294246673584,0.0663520097732544,9.226137161254883,-0.04788257137988694,76,3.4803569316864014,0.12283840775489807,0.31261080503463745,0.054986461997032166,-0.00902857119217515,-18.319075602586118,-0.17456527054309845,-0.08989213407039642,-3.705095052719116,0.06619542837142944,-0.004530848003923893,0.0004751163360197097,1.974052247533109e-05,-0.00023701638565398753,0.03248421475291252,0.9994722008705139,-0.0018361170077696443,-2.46745184995234e-05,-0.001472380943596363,-0.2116064876317978,-0.03978893533349037,-0.03301890194416046,-0.4752787947654724,0.559617817401886,0.4996815025806427,-2.0066168308258057,-0.5174907445907593,2.444535970687866,1.1539688110351562,0.0020790754351764917,0.0016673232894390821,-0.0031092355493456125,-0.0037422101013362408,0.00211133761331439,-0.0019841270986944437,-0.0014421294908970594,0.5999797582626343,0.0015017762780189514,0.08926381170749664,0.03302469849586487,0.9994544386863708,2.7118174330098554e-05,0.00014462119725067168,1.0249345905322116e-05,-3.940099850296974e-05,0.03239164501428604,-9.081185271497816e-05,-4.9961450713453814e-05,0.9999998211860657,0.0005407679709605873,-0.03282167389988899,0.20042376220226288,-3.474426031112671,-0.10531501471996307,-0.06305506080389023,-0.004699018783867359,-0.03382330760359764,0.029369890689849854,3.4800689220428467,-0.07650211453437805,0.058527301996946335,0.0008157262345775962,-1.1801719665527344e-05,0.0016233536880463362,0.024947240948677063,0.003995385020971298,0.004008957650512457,5.183638677408453e-06,7.389637175947428e-06,,,,,3.777090814044495,,1320,1.6666666666666667
12.674999999988529,retreat,12.675000661052763,14.07112981194863,18.054673075675964,-0.0021457672119140625,-0.594147015362978,3.724310207631157,0.034529861295595765,0.06852804166478502,0.5837311744689941,0.07032426446676254,9.094459533691406,-0.04978331344318576,72,0.8676000237464905,0.1102324053645134,0.35103893280029297,0.054171256721019745,-0.0011976967580267228,-18.31404123052806,0.0006834417581558228,0.1128368079662323,-0.5727210640907288,0.07030708342790604,-0.0014275060966610909,0.0006153960130177438,-9.203591616824269e-05,-0.00011865537817357108,0.03249471262097359,0.99947190284729,0.0005436937790364027,0.0009975009597837925,0.0002354875614400953,-0.015241245739161968,0.0010047588730230927,-0.07398121058940887,-0.475287526845932,0.5596083998680115,0.4996940791606903,-2.0066168308258057,-0.5175139307975769,2.4445817470550537,1.153991460800171,-0.0001694327947916463,-0.0002459200914017856,0.00016107535338960588,-0.0020301274489611387,0.0005019981181249022,0.006517126224935055,0.00026406339020468295,0.5999925136566162,0.0015057725831866264,0.08927461504936218,0.033022526651620865,0.9994545578956604,2.630643211887218e-05,0.0001745810150168836,-5.99604936724063e-06,-3.8685277104377747e-05,0.03239738196134567,5.371747465687804e-05,6.744828715454787e-05,0.9999998211860657,0.0005281126359477639,0.21903099119663239,0.10078664124011993,-0.8334250450134277,-0.07263778895139694,0.0827789306640625,0.004752281121909618,0.21874281764030457,-0.045539215207099915,0.8383363485336304,-0.05810577794909477,-0.05134626477956772,-0.001378484070301056,-6.079673767089844e-06,0.00162387709133327,0.024947207421064377,0.003995383623987436,0.004008972551673651,5.186497219256125e-06,7.3953415267169476e-06,,,,,3.777090814044495,,1320,1.675
12.683333333321855,retreat,12.683333994820714,14.028685559274525,18.05301159620285,-0.001430511474609375,-0.5950670456513762,3.7203649404041252,0.037247504224069417,0.07912936237050427,3.969111442565918,0.07095446437597275,9.142428398132324,-0.0471615931019187,76,3.7131662368774414,0.12656500935554504,0.3432098627090454,0.057553067803382874,-0.002276068087667227,-18.31210538148659,-0.12064208835363388,-0.15079817175865173,-3.9644105434417725,0.07092194259166718,0.002146769780665636,7.31496256776154e-05,-3.832326547126286e-05,-0.000181064082426019,0.03246011584997177,0.999472975730896,-0.0013973424211144447,0.00016781342856120318,-0.0013981686206534505,-0.09935437887907028,-0.12662366032600403,-0.0550478920340538,-0.475290983915329,0.5596023201942444,0.4996980130672455,-2.0066275596618652,-0.5175309181213379,2.4445526599884033,1.1540037393569946,0.00194712879601866,0.0014916142681613564,-0.0029976051300764084,-0.003462151624262333,0.0022317683324217796,-0.0030414280481636524,-0.00165492482483387,0.599983274936676,0.0015032547526061535,0.08927206695079803,0.03303319215774536,0.9994542598724365,2.8022761398460716e-05,0.00016073441656772047,4.852584424952511e-06,-4.06922772526741e-05,0.03239309787750244,-2.0669705918408e-05,9.532403964840341e-06,0.9999997615814209,0.0005733855650760233,-0.09632543474435806,0.17231637239456177,-3.7079148292541504,-0.1066005602478981,-0.06810232996940613,-0.004134658724069595,-0.09751575440168381,0.0728880763053894,3.7111711502075195,-0.0818617045879364,0.054353926330804825,0.0005172509700059891,-9.119510650634766e-06,0.0016221500700339675,0.02494731917977333,0.003995384089648724,0.004009033553302288,5.1816623454215005e-06,7.3846313171088696e-06,,,,,3.777090814044495,,1320,1.6833333333333333
12.69166666665518,retreat,12.691667328588665,13.986071651717172,18.049953132867813,-0.0013113021850585938,-0.5941811250522733,3.721312185464065,0.03625627505243756,0.055952909680744456,0.9719759821891785,0.07488352060317993,9.141944885253906,-0.04794810593011789,77,1.2073924541473389,0.10864649713039398,0.2709859609603882,0.045201800763607025,-0.0013687971295439638,-18.309112793451146,-0.12630990147590637,0.04828234761953354,-0.9625236988067627,0.07468467950820923,-0.005421881098300219,0.0005865799030289054,-4.4549291487783194e-05,-0.00016106481780298054,0.03246862441301346,0.9994727373123169,6.895312981214374e-05,0.0007499359198845923,-4.922339576296508e-05,-0.01866718754172325,-0.012567790225148201,-0.06890708953142166,-0.475295752286911,0.5595935583114624,0.49970394372940063,-2.0066275596618652,-0.5175502300262451,2.444598436355591,1.154021143913269,2.6236499252263457e-05,-0.00024803882115520537,-0.00041251129005104303,-0.002570875221863389,0.0013242341810837388,0.00418899767100811,-0.0005210338858887553,0.5999954342842102,0.0015053264796733856,0.08928152918815613,0.03303130716085434,0.9994542598724365,2.7004851290257648e-05,0.00018899227143265307,-9.017741831485182e-06,-3.981078043580055e-05,0.03239954635500908,2.7319898435962386e-05,1.834654358390253e-05,0.9999998807907104,0.0005629897932521999,0.29091331362724304,0.07435400038957596,-1.1694602966308594,-0.07341577857732773,0.07998604327440262,0.0040519521571695805,0.29047250747680664,0.0030430257320404053,1.1719269752502441,-0.0627172589302063,-0.03815629705786705,-0.0015488951466977596,-8.106231689453125e-06,0.001622574869543314,0.024947285652160645,0.003995385952293873,0.004009128548204899,5.177525508770486e-06,7.381662726402283e-06,,,,,3.777090814044495,,1320,1.6916666666666667
12.699999999988506,retreat,12.700000662356615,13.943288991696166,18.052568286657333,-0.0011920928955078125,-0.594816985540092,3.718417068821916,0.04125430132262409,0.08846931922527276,3.9488582611083984,0.07404553890228271,8.757800102233887,-0.046702803956577554,75,3.6844265460968018,0.11927756667137146,0.34623435139656067,0.05233270674943924,-0.003488878719508648,-18.311526608753926,-0.37077081203460693,-0.039270028471946716,-3.9312171936035156,0.07336823642253876,-0.0099605368450284,0.0007945717661641538,-7.689453013881575e-06,-0.0002695042348932475,0.0324423648416996,0.999473512172699,-0.001855097827501595,0.00022797643032390624,-0.0015695190522819757,-0.13177025318145752,-0.08534225076436996,-0.08034931123256683,-0.4752967953681946,0.5595887899398804,0.4997003674507141,-2.0066521167755127,-0.5175538659095764,2.4445629119873047,1.1540220975875854,0.0014038735534995794,0.0011503550922498107,-0.0024230116978287697,-0.005150746088474989,0.0047568464651703835,-0.004047460854053497,-0.0031815567053854465,0.5999776124954224,0.0015014749951660633,0.08927188068628311,0.0330401249229908,0.9994539618492126,2.889033203246072e-05,0.0001630587357794866,1.0601504982332699e-05,-4.312582314014435e-05,0.03239232301712036,-0.0001056984401657246,-2.4801051040412858e-05,0.9999997019767761,0.0005980738787911832,0.1340794414281845,0.23846957087516785,-3.674255609512329,-0.11132992804050446,-0.04264676570892334,-0.003746837144717574,0.13288603723049164,0.0047234296798706055,3.6820273399353027,-0.07704240828752518,0.062162429094314575,-0.00037640391383320093,-1.3470649719238281e-05,0.0016212641494348645,0.02494736760854721,0.003995391074568033,0.004009230528026819,5.170297299628146e-06,7.3668197728693485e-06,,,,,3.777090814044495,,1320,1.7
12.708333333321832,retreat,12.708333996124566,13.9003384816311,18.04947257041931,-0.0005364418029785156,-0.5937379319220781,3.7237844131677047,0.03562200072337873,0.055952909680744456,0.9021356105804443,0.07343045622110367,9.067790985107422,-0.04794810593011789,75,1.1570932865142822,0.12020653486251831,0.38901007175445557,0.07495487481355667,-4.369346424937248e-05,-18.308804159504987,0.1487845778465271,0.09836640954017639,-0.8843278884887695,0.0734299048781395,-6.224727258086205e-05,0.0002788047422654927,-2.8040460165357217e-05,-0.00020982808200642467,0.03248977288603783,0.9994720220565796,0.00047768407966941595,0.0010232919594272971,6.25356042291969e-05,-0.0015105281490832567,0.001913105952553451,-0.06928326934576035,-0.4753052592277527,0.5595792531967163,0.4997085928916931,-2.0066592693328857,-0.5175703763961792,2.4446346759796143,1.1540398597717285,4.688384069595486e-05,-0.00030101442825980484,-0.0005261842161417007,-0.003215122502297163,0.0010322167072445154,0.009188513271510601,-4.089203866897151e-05,0.5999918580055237,0.001506039872765541,0.08928165584802628,0.0330323651432991,0.9994542598724365,2.738908187893685e-05,0.00020011825836263597,-5.3878602557233535e-06,-3.9585866034030914e-05,0.032399214804172516,-9.735479579831008e-06,2.2095089491358522e-07,0.9999998807907104,0.0005428841686807573,0.1294109970331192,0.11126817017793655,-1.1444374322891235,-0.07680798321962357,0.09232646226882935,0.005095922388136387,0.12895575165748596,-0.03545092046260834,1.1493388414382935,-0.06077323108911514,-0.07381629943847656,-0.0002423637779429555,-1.055002212524414e-05,0.0016236305236816406,0.02494722232222557,0.0039953975938260555,0.004009289667010307,5.176333615963813e-06,7.377908332273364e-06,,,,,3.777090814044495,,1320,1.7083333333333333
12.716666666655158,retreat,12.716667329892516,13.857221023941563,18.052303791046143,-0.0007152557373046875,-0.5948146572336555,3.718153764775317,0.04200323746772483,0.09691328065893987,4.13378381729126,0.07634095102548599,8.936948776245117,-0.046702803956577554,74,3.8517611026763916,0.14011263847351074,0.38452860713005066,0.06815245002508163,-0.0023650447838008404,-18.311243801848295,-0.24667498469352722,-0.13625779747962952,-4.124166965484619,0.07597572356462479,-0.0074310870841145515,0.0006392733193933964,8.824667361295724e-07,-0.00029645441100001335,0.03243992477655411,0.9994736313819885,-0.0016672024503350258,8.758404874242842e-05,-0.0016353679820895195,-0.12094881385564804,-0.07986968010663986,-0.08146580308675766,-0.4753042757511139,0.5595746636390686,0.4997023046016693,-2.006683349609375,-0.5175830721855164,2.4446046352386475,1.1540472507476807,0.0019622291438281536,0.0013353698886930943,-0.003381530288606882,-0.005020699929445982,0.0031863192562013865,-0.002583912340924144,-0.0022937909234315157,0.5999749898910522,0.0015017595142126083,0.08927175402641296,0.033043619245290756,0.9994538426399231,2.9639450076501817e-05,0.00017691707762423903,1.2802172932424583e-05,-4.3044332414865494e-05,0.032391950488090515,-0.0001184785069199279,-3.456357080722228e-05,0.9999996423721313,0.0006040105363354087,-0.010695615783333778,0.19878776371479034,-3.8466131687164307,-0.11786587536334991,-0.07557923346757889,-0.005192764103412628,-0.012053964659571648,0.055718809366226196,3.851339101791382,-0.08931934833526611,0.0742584615945816,0.0002588009519968182,-1.4841556549072266e-05,0.0016211424954235554,0.024947378784418106,0.003995405975729227,0.0040093520656228065,5.170602889847942e-06,7.3691189754754305e-06,,,,,3.777090814044495,,1320,1.7166666666666666
12.724999999988484,retreat,12.725000663660467,13.813937521047148,18.049096316099167,-0.003933906555175781,-0.5942980060353875,3.7246782196546135,0.035404915252001956,0.06852804166478502,0.9024450778961182,0.07127431780099869,9.028645515441895,-0.047817029553698376,79,1.1526061296463013,0.11655370891094208,0.3856281638145447,0.06999499350786209,-0.002333450422156602,-18.308490063907808,0.14495866000652313,0.15544955432415009,-0.8770573139190674,0.07123337686061859,0.002415143884718418,-4.2912386561511084e-05,-5.771510404883884e-05,-0.00017667669453658164,0.03249786049127579,0.9994718432426453,0.0006508439546450973,0.0010185593273490667,-0.00016408397641498595,-0.03659903630614281,-0.05596225708723068,0.022243214771151543,-0.4753112494945526,0.5595656037330627,0.499708890914917,-2.006687641143799,-0.517602801322937,2.444680690765381,1.1540673971176147,0.0002462504489813,-0.00010658147220965475,-0.0007326068007387221,-0.0030968193896114826,0.0010160984238609672,0.009631064720451832,-5.132242222316563e-07,0.5999914407730103,0.0015064678154885769,0.08928230404853821,0.033036068081855774,0.9994540810585022,2.8208842195454054e-05,0.0002176125708501786,-9.50299363466911e-06,-3.8858503103256226e-05,0.03239954635500908,3.992818892584182e-05,3.072665640502237e-05,0.9999998211860657,0.0005385080585256219,0.12123154103755951,0.14794115722179413,-1.1366254091262817,-0.07644490897655487,0.08780520409345627,0.005584677215665579,0.12074122577905655,-0.072551429271698,1.143966555595398,-0.05511052906513214,-0.07052069157361984,-0.0009506185306236148,-8.940696716308594e-06,0.0016240343684330583,0.024947188794612885,0.003995411563664675,0.004009339027106762,5.175676051294431e-06,7.380673196166754e-06,,,,,3.777090814044495,,1320,1.7249999999999999
12.73333333332181,retreat,12.733333997428417,13.770488875367448,18.0531308054924,-0.0017881393432617188,-0.5954430671408772,3.7203649404041252,0.041651015635579824,0.06852804166478502,4.092670440673828,0.0717792883515358,9.03648853302002,-0.04722714584204368,82,3.816784620285034,0.14011666178703308,0.3830453157424927,0.07138009369373322,-0.002153086941689253,-18.31222459077614,-0.2841022312641144,-0.09580153971910477,-4.081673622131348,0.07141971588134766,-0.007135108578950167,0.0007616304792463779,4.575796992867254e-05,-0.00032320423633791506,0.032458849251270294,0.999472975730896,-0.0017256438732147217,5.424261325970292e-05,-0.0016364667098969221,-0.12293344736099243,-0.10810744762420654,-0.05254712328314781,-0.4753078520298004,0.5595636367797852,0.49970006942749023,-2.006713390350342,-0.5176133513450623,2.4446465969085693,1.1540734767913818,0.0018767827423289418,0.001401635818183422,-0.0030711472500115633,-0.004902103450149298,0.0033249121624976397,-0.0030165661592036486,-0.002292633755132556,0.5999725461006165,0.0015019853599369526,0.08927011489868164,0.03304772078990936,0.9994537234306335,3.0363309633685276e-05,0.00019052757124882191,1.3290545211930294e-05,-4.240404814481735e-05,0.032391197979450226,-0.00013009828398935497,-8.057634113356471e-05,0.9999998211860657,0.000589167233556509,0.01884920336306095,0.22967001795768738,-3.809821605682373,-0.11880338937044144,-0.07409269362688065,-0.005357857793569565,0.017401713877916336,0.02250733971595764,3.816678285598755,-0.08579204976558685,0.07704612612724304,0.00023976078955456614,-1.609325408935547e-05,0.001622087904252112,0.02494731917977333,0.003995421342551708,0.004009428899735212,5.170269105292391e-06,7.3707487899810076e-06,,,,,3.777090814044495,,1320,1.7333333333333334
12.741666666655135,retreat,12.741667331196368,13.726875989322052,18.048902601003647,-0.0017881393432617188,-0.5933698266744614,3.723100769509974,0.034953791328007355,0.08846931922527276,0.8896751403808594,0.07491656392812729,9.175760269165039,-0.04925897155771963,75,1.1622257232666016,0.11698310077190399,0.3778408467769623,0.06855864077806473,0.009118520873016678,-18.308186646851023,0.09013216942548752,0.08967500180006027,-0.8805432915687561,0.07488200813531876,-0.0022727895993739367,-0.00010087339614983648,2.7586529540712945e-05,-0.00022472972341347486,0.032483767718076706,0.9994722008705139,-0.00027893431251868606,-0.0016155350022017956,-0.0002176315465476364,0.11788016557693481,0.03625727817416191,0.024900920689105988,-0.4753166139125824,0.5595536828041077,0.49971115589141846,-2.006716012954712,-0.5176365375518799,2.444722890853882,1.154097080230713,0.00014881131937727332,-0.0002479952236171812,-0.0006231539882719517,-0.0030313534662127495,0.0006644923123531044,0.008717917837202549,0.0002739457704592496,0.59999018907547,0.0015078028663992882,0.08928242325782776,0.03304039314389229,0.9994539618492126,2.9146782253519632e-05,0.00023325496295001358,-7.120555892470293e-06,-3.872811794281006e-05,0.032399509102106094,1.038404388964409e-05,-5.655057611875236e-05,0.9999997019767761,0.0005569109926000237,0.16865995526313782,0.1050674319267273,-1.1451127529144287,-0.07582102715969086,0.08891111612319946,0.005570688750594854,0.16812832653522491,-0.02919699251651764,1.1496299505233765,-0.060680847615003586,-0.06478391587734222,-0.0013175525236874819,-1.1205673217773438e-05,0.0016233314527198672,0.024947233498096466,0.003995419479906559,0.004008194897323847,-2.6597699616104364e-06,-3.783592546824366e-06,,,,,3.777090814044495,,1320,1.7416666666666667
12.74999999998846,retreat,12.750000664964318,13.683099765330553,18.0497407913208,-0.0020265579223632812,-0.5938684334978461,3.7141492483134226,0.04289957360015251,0.07912936237050427,4.1223344802856445,0.08451685309410095,9.077640533447266,-0.046178451157175004,83,3.825376510620117,0.1324853152036667,0.415584921836853,0.07837563753128052,0.031422607600688934,-18.308402310172703,-0.4155333936214447,-0.29415786266326904,-4.090775489807129,0.08369995653629303,-0.011718537658452988,0.0003023846657015383,0.00011060953693231568,-0.00031517777824774384,0.03240492194890976,0.9994747042655945,-0.0019343505846336484,-0.004021770320832729,-0.0015914225950837135,0.27446258068084717,-0.09126122295856476,-0.08394880592823029,-0.4753184914588928,0.5595442056655884,0.49970704317092896,-2.0067367553710938,-0.5176553726196289,2.4446873664855957,1.1541072130203247,0.0018213435541838408,0.0008212531683966517,-0.0036137918941676617,-0.005050754174590111,0.0025790203362703323,-0.005606581922620535,-0.0021860708948224783,0.5999755263328552,0.0015011182986199856,0.08927664905786514,0.03305523470044136,0.9994534850120544,3.101122274529189e-05,0.00021260463108774275,8.639945008326322e-06,-4.55356203019619e-05,0.0323941744863987,-9.784987196326256e-05,-0.00014507703599520028,0.9999997615814209,0.0006506249192170799,0.12701700627803802,0.08068892359733582,-3.822415590286255,-0.11259559541940689,-0.0695161446928978,-0.006488230545073748,0.12538863718509674,0.17206060886383057,3.8194470405578613,-0.10111989080905914,0.08812807500362396,0.0006299025844782591,-1.5556812286376953e-05,0.0016193967312574387,0.02494749054312706,0.003995431121438742,0.004008266143500805,-0.00032174662919715047,-0.00045836344361305237,,,,,3.777090814044495,,1320,1.75
12.758333333321787,retreat,12.758333998732269,13.639161105812544,18.047472089529037,-0.004589557647705078,-0.5940505070611835,3.7219961571804254,0.03453813405940309,0.055952909680744456,1.3586547374725342,0.06727723777294159,8.688621520996094,-0.046506174840033054,78,1.5587607622146606,0.1259792149066925,0.37550678849220276,0.0803556889295578,-0.004652230825740844,-18.30667931626174,0.10433951020240784,0.33558669686317444,-1.312416672706604,0.06723451614379883,0.0023446455597877502,-0.0004996234201826155,4.52844615210779e-05,-0.0002374673931626603,0.03247389569878578,0.9994726181030273,0.0003657786292023957,0.0010716819670051336,-0.0001817672309698537,-0.06821481138467789,-0.07217290997505188,0.010268072597682476,-0.4753234386444092,0.5595344305038452,0.4997100830078125,-2.0067594051361084,-0.5176633596420288,2.4447567462921143,1.1541192531585693,0.00011304313375148922,-3.072017716476694e-05,-0.000545282440725714,-0.0042162868194282055,0.0033801766112446785,0.009721141308546066,-0.0014117448590695858,0.5999812483787537,0.001507088541984558,0.08927979320287704,0.0330459326505661,0.9994537234306335,3.110543548245914e-05,0.00023964546562638134,-1.3972585293231532e-06,-3.885291516780853e-05,0.03239544853568077,4.689968136517564e-06,-7.641415868420154e-05,0.9999998807907104,0.0005723318317905068,0.15004605054855347,0.28100791573524475,-1.5258623361587524,-0.07828105986118317,0.09853003919124603,0.005887958686798811,0.14932498335838318,-0.1795904040336609,1.5411628484725952,-0.03773774579167366,-0.07707924395799637,-0.0008109266636893153,-1.1801719665527344e-05,0.0016228390159085393,0.02494727075099945,0.003995427396148443,0.004008374642580748,5.1471324695739895e-06,7.3426635935902596e-06,,,,,3.777090814044495,,1320,1.7583333333333333
12.766666666655112,retreat,12.76666733250022,13.595060913187615,18.046380579471588,-0.0032186508178710938,-0.5954094231128693,3.72494106315678,0.035974277125205845,0.06852804166478502,3.4410769939422607,0.07083433866500854,9.261266708374023,-0.04696497489931062,72,3.2921695709228516,0.1262064427137375,0.2298896163702011,0.051940739154815674,-0.004928077105432749,-18.305792606411046,-0.10870642960071564,-0.1776389181613922,-3.4347691535949707,0.07078009098768234,-0.0027714609168469906,-3.588300387491472e-05,0.00012323939881753176,-0.0002995267859660089,0.03249916434288025,0.9994717240333557,-0.0017665750347077847,0.00031595028121955693,-0.0009881530422717333,-0.11784625798463821,-0.03508063778281212,-0.08343286067247391,-0.47532933950424194,0.5595237612724304,0.499714732170105,-2.006776809692383,-0.5176827311515808,2.4447567462921143,1.1541341543197632,0.0014973151264712214,0.0007143519469536841,-0.0027826507575809956,-0.004240782931447029,0.0014125348534435034,-0.00022330755018629134,-0.001019502291455865,0.5999762415885925,0.0015056226402521133,0.08927983790636063,0.033052898943424225,0.9994535446166992,3.236331031075679e-05,0.0002388846769463271,5.027624865761027e-06,-3.9340928196907043e-05,0.0323944017291069,-5.547964610741474e-05,-0.00015765502757858485,0.9999998211860657,0.0005539956036955118,-0.03841165080666542,0.1403491348028183,-3.288952112197876,-0.11358033865690231,-0.054781701415777206,-0.005151618737727404,-0.03998233377933502,0.07725441455841064,3.291019916534424,-0.0934390053153038,0.04947429150342941,0.001841269782744348,-1.4781951904296875e-05,0.0016241016564890742,0.024947185069322586,0.0039954232051968575,0.004008424002677202,5.168223651708104e-06,7.3627743404358625e-06,,,,,3.777090814044495,,1320,1.7666666666666666
12.774999999988438,retreat,12.77500066626817,13.550800089875358,18.043992668390274,-0.004470348358154297,-0.5945145385339856,3.723889577991192,0.03539505269145593,0.08846931922527276,2.095527410507202,0.06952853500843048,9.021902084350586,-0.048210287786787376,76,2.190220355987549,0.09189722687005997,0.1499621421098709,0.030516669154167175,-0.004916009376756847,-18.30333157104343,0.045127902179956436,0.060406140983104706,-2.094170331954956,0.06947872042655945,0.002562369452789426,-0.0005991860525682569,5.27375414094422e-05,-0.0002499584516044706,0.03249042481184006,0.9994719624519348,-0.0004081573279108852,0.0006537828012369573,-0.0006471622036769986,-0.08325020223855972,-0.07183302193880081,-0.010184810496866703,-0.47533348202705383,0.559513509273529,0.49971580505371094,-2.0067880153656006,-0.5177050828933716,2.4448025226593018,1.1541531085968018,0.0009832547511905432,0.0003541983023751527,-0.0019257779931649566,-0.0035581840202212334,0.001293871784582734,0.005415044259279966,-0.0004544454859569669,0.5999831557273865,0.0015064910985529423,0.08928537368774414,0.033053357154130936,0.9994534850120544,3.2402880606241524e-05,0.00026216692640446126,-4.647596142604016e-06,-3.9606355130672455e-05,0.03239753469824791,1.500261168985162e-05,-8.483874262310565e-05,0.9999997019767761,0.0005632153479382396,0.06495551019906998,0.16512204706668854,-2.183021068572998,-0.0825209692120552,0.04033283516764641,0.0029413499869406223,0.0638146847486496,-0.02052241563796997,2.1891937255859375,-0.058749474585056305,-0.03109038434922695,-0.0009183062938973308,-1.239776611328125e-05,0.0016236640512943268,0.024947218596935272,0.003995416220277548,0.004008521791547537,5.1679844546015374e-06,7.363996701315045e-06,,,,,3.777090814044495,,1320,1.775
12.783333333321764,retreat,12.78333400003612,13.506379538295365,18.04298311471939,-0.003337860107421875,-0.5953469080850482,3.7219961571804254,0.03785493390751071,0.06852804166478502,3.105236768722534,0.07232575118541718,9.262914657592773,-0.048144742322620004,74,3.013796091079712,0.10427019000053406,0.138860285282135,0.029462361708283424,-0.004820149624720216,-18.302190341452093,-0.2050950676202774,-0.04809492826461792,-3.098083257675171,0.07220946997404099,-0.004087628331035376,0.000313685362925753,8.538942347513512e-05,-0.00029779280885122716,0.03247326985001564,0.9994725584983826,-0.001783264335244894,0.00028301923885010183,-0.0010248061735183,-0.10935532301664352,-0.031373508274555206,-0.07936447113752365,-0.47533491253852844,0.5595047473907471,0.49971306324005127,-2.0068063735961914,-0.5177215933799744,2.4448025226593018,1.1541650295257568,0.0012946776114404202,0.000682174926623702,-0.0023974759969860315,-0.004194516688585281,0.0025058924220502377,-0.00015539221931248903,-0.0016927378019317985,0.5999764204025269,0.0015038647688925266,0.0892828181385994,0.03306039050221443,0.9994533061981201,3.323119744891301e-05,0.000258552172454074,3.454602847341448e-06,-4.161521792411804e-05,0.032393865287303925,-3.53137293132022e-05,-0.0001200048573082313,0.9999998211860657,0.0005874023772776127,0.10128311067819595,0.17900413274765015,-3.006769895553589,-0.10259179770946503,-0.018411941826343536,-0.0028629510197788477,0.09973135590553284,0.02009683847427368,3.0120787620544434,-0.0768602192401886,0.03316504880785942,0.0006375882076099515,-1.4722347259521484e-05,0.0016228083986788988,0.02494727447628975,0.0039954097010195255,0.004008631221950054,5.16405634698458e-06,7.352267857640982e-06,,,,,3.777090814044495,,1320,1.7833333333333332
12.79166666665509,retreat,12.791667333804071,13.461800160867226,18.040990084409714,-0.0034570693969726562,-0.5939918337389827,3.722890392394447,0.03531715992721729,0.06852804166478502,2.2906439304351807,0.07124651968479156,8.967182159423828,-0.048472466005478054,82,2.363826274871826,0.09895768016576767,0.12420186400413513,0.02723502553999424,-0.002977887401357293,-18.300259499807,0.021555095911026,0.09984904527664185,-2.288365125656128,0.07122073322534561,0.0018862038850784302,-0.0003400788700673729,2.5980532882385887e-05,-0.00027074653189629316,0.032481588423252106,0.9994722604751587,-0.0010728337801992893,0.0008106071036309004,-0.0005871093599125743,-0.05618730187416077,-0.029024474322795868,-0.036815401166677475,-0.47534024715423584,0.5594943761825562,0.4997187852859497,-2.006819248199463,-0.517735481262207,2.4448463916778564,1.1541796922683716,0.000893144984729588,0.0004976911586709321,-0.0016136084450408816,-0.0037575075402855873,0.0025003724731504917,0.005036587826907635,-0.0012041525915265083,0.5999822020530701,0.001507350243628025,0.08928841352462769,0.03305741399526596,0.9994534254074097,3.3384174457751215e-05,0.00027985399356111884,-3.828167791652959e-06,-3.953510895371437e-05,0.03239760175347328,1.1049203749280423e-05,-5.9191272157477215e-05,0.9999998211860657,0.000576117483433336,0.06923854351043701,0.21146486699581146,-2.353330135345459,-0.09170825779438019,0.03710101917386055,0.0023945008870214224,0.06792707741260529,-0.055491894483566284,2.362199306488037,-0.06124858558177948,-0.02721131592988968,-0.0006302612600848079,-1.3470649719238281e-05,0.0016232227208092809,0.02494724839925766,0.003995404113084078,0.004008655436336994,5.167405106476508e-06,7.359427399933338e-06,,,,,3.777090814044495,,1320,1.7916666666666667
12.799999999988415,retreat,12.800000667572021,13.417062860010535,18.042100220918655,-0.0029206275939941406,-0.5947776371613145,3.7191542211211512,0.039699432818451896,0.07912936237050427,3.2131083011627197,0.08009523153305054,9.169046401977539,-0.04689942943514325,75,3.120828151702881,0.10454369336366653,0.14008572697639465,0.026902882382273674,0.0008439095690846443,-18.30110980772354,-0.14937300980091095,-0.18416647613048553,-3.204346179962158,0.08004049956798553,-0.0029602916911244392,-4.306439950596541e-05,0.00014069225289858878,-0.00033845697180368006,0.032448459416627884,0.9994733929634094,-0.001734171062707901,0.00014398030180018395,-0.0010724642779678106,-0.03498391807079315,-0.03234723582863808,-0.07813669741153717,-0.47533753514289856,0.5594887733459473,0.49970948696136475,-2.0068392753601074,-0.5177547335624695,2.4448463916778564,1.1541937589645386,0.001757096266373992,0.0008070730837062001,-0.0032662537414580584,-0.004036919679492712,0.00176669517531991,-5.2745679568033665e-05,-0.001358211855404079,0.5999739170074463,0.0015032910741865635,0.0892827957868576,0.03306630626320839,0.999453067779541,3.3845906727947295e-05,0.00027371582109481096,5.392641469370574e-06,-4.308018833398819e-05,0.03239288553595543,-5.8951751270797104e-05,-0.00017675149138085544,0.9999997615814209,0.0006181324133649468,0.06469916552305222,0.09085117280483246,-3.1188344955444336,-0.10285536199808121,-0.01852325350046158,-0.0026546623557806015,0.06299024820327759,0.1154969185590744,3.1180529594421387,-0.08986784517765045,0.027993757277727127,0.000759941409341991,-1.6689300537109375e-05,0.0016215709038078785,0.02494734525680542,0.0039953989908099174,0.004008746240288019,5.1836286729667336e-06,7.383641786873341e-06,,,,,3.777090814044495,,1320,1.8
12.808333333321741,retreat,12.808334001339972,13.372168538144885,18.039559572935104,-0.0034570693969726562,-0.5930580664426088,3.7203649404041252,0.037968726246617734,0.07912936237050427,2.1103403568267822,0.07319445163011551,8.766399383544922,-0.04788257137988694,81,2.210956573486328,0.10232614725828171,0.16170944273471832,0.03136507421731949,0.0006847348995506763,-18.298653358218843,-0.012084582820534706,0.171586811542511,-2.103318452835083,0.07319033890962601,0.0005273615242913365,-0.0005687340744771063,5.4792741138953716e-05,-0.000279440195299685,0.032459456473588943,0.9994730353355408,-0.00046610116260126233,0.000988015322946012,-0.0004560970701277256,-0.005273562390357256,-0.044111695140600204,-0.024993639439344406,-0.4753439128398895,0.5594771504402161,0.4997149109840393,-2.0068490505218506,-0.5177667737007141,2.444892168045044,1.1542049646377563,0.0007253886433318257,0.00038574275095015764,-0.0013831208925694227,-0.0036565507762134075,0.003220143960788846,0.005556061398237944,-0.0017465323908254504,0.5999818444252014,0.0015059835277497768,0.08929002285003662,0.033062707632780075,0.9994531869888306,3.400701825739816e-05,0.00029774397262372077,-4.630317562259734e-06,-4.218658432364464e-05,0.032397620379924774,2.1213110812823288e-05,-8.832820458337665e-05,0.9999997615814209,0.000603550928644836,0.1134696751832962,0.2423911839723587,-2.1946980953216553,-0.09238419681787491,0.043949175626039505,0.002066592453047633,0.11217022687196732,-0.09680530428886414,2.2059855461120605,-0.057456307113170624,-0.027647530660033226,-0.00027062895242124796,-1.3887882232666016e-05,0.0016221184050664306,0.024947315454483032,0.003995394334197044,0.004008824471384287,5.163791684026364e-06,7.357040885835886e-06,,,,,3.777090814044495,,1320,1.8083333333333333
12.816666666655067,retreat,12.816667335107923,13.327118097689866,18.042510002851486,-0.002562999725341797,-0.5942384013906121,3.720049138526341,0.03964493953390047,0.07912936237050427,3.657762289047241,0.07583823800086975,8.939343452453613,-0.04624400389729999,75,3.5161828994750977,0.11890193074941635,0.188240647315979,0.030937565490603447,0.0007851915434002876,-18.301581825963975,-0.12863540649414062,-0.05854377895593643,-3.6550309658050537,0.0757964551448822,-0.002504999516531825,-0.00024581438628956676,0.00019954338495153934,-0.0003786070446949452,0.0324556864798069,0.9994730353355408,-0.0018748259171843529,0.00037468684604391456,-0.001238945173099637,-0.04949881508946419,-0.039920318871736526,-0.09083167463541031,-0.47534048557281494,0.5594746470451355,0.4997062683105469,-2.0068724155426025,-0.5177752375602722,2.444892168045044,1.1542103290557861,0.0019268111791461706,0.001344486023299396,-0.0031395263504236937,-0.004439575597643852,0.003494292264804244,0.00035510025918483734,-0.002270136959850788,0.599970817565918,0.001504617277532816,0.08928152918815613,0.03306735306978226,0.9994530081748962,3.614352681324817e-05,0.00028739546542055905,7.9596065916121e-06,-4.230579361319542e-05,0.03239207714796066,-8.338583575095981e-05,-0.00023875276383478194,0.9999997615814209,0.0006119232857599854,0.011198337189853191,0.2172061651945114,-3.5094499588012695,-0.11484041064977646,-0.030683331191539764,-0.0028074125293642282,0.009185461327433586,0.01523926854133606,3.516139030456543,-0.08361391723155975,0.032436273992061615,0.0006187391700223088,-1.8596649169921875e-05,0.0016219328390434384,0.02494732290506363,0.003995390608906746,0.004008896183222532,5.161348326510051e-06,7.351860404014587e-06,,,,,3.777090814044495,,1320,1.8166666666666667
12.824999999988393,retreat,12.825000668875873,13.281912441065067,18.039127439260483,-0.0045299530029296875,-0.5944218719378114,3.72525645091383,0.0365733758371789,0.07912936237050427,1.7013763189315796,0.07309620827436447,9.112789154052734,-0.04703051672549918,76,1.8737088441848755,0.10352732986211777,0.2274855673313141,0.034873783588409424,-0.0018060717266052961,-18.298561399449678,0.022439703345298767,0.032492853701114655,-1.7009179592132568,0.07306697219610214,0.0019077255856245756,-0.0007960315560922027,6.588720134459436e-05,-0.0002712272689677775,0.032502174377441406,0.9994716644287109,-0.0002669910609256476,0.0007295325631275773,-0.0004593007324729115,-0.03295666351914406,-0.060841336846351624,-0.005523880943655968,-0.4753468632698059,0.5594661831855774,0.4997124671936035,-2.0068750381469727,-0.5177959203720093,2.4449379444122314,1.154228925704956,0.0008079311228357255,0.00022156714112497866,-0.0015661537181586027,-0.0029867365956306458,0.00130223308224231,0.005708537995815277,-0.00047892332077026367,0.5999817848205566,0.0015062768943607807,0.08929001539945602,0.03306570276618004,0.999453067779541,3.511939576128498e-05,0.00031439558370038867,-6.724157174176071e-06,-4.0698330849409103e-05,0.03239728882908821,4.646810702979565e-05,-9.97006573015824e-05,0.9999997615814209,0.0005638035363517702,0.12953712046146393,0.13041123747825623,-1.864670991897583,-0.08758725225925446,0.05515377223491669,0.002107854699715972,0.1283673495054245,-0.0068683922290802,1.869293451309204,-0.06881971657276154,-0.03651786968111992,0.00026737304870039225,-1.3470649719238281e-05,0.0016242511337623,0.02494717389345169,0.003995390143245459,0.004008970223367214,5.175841579330154e-06,7.3736009653657675e-06,,,,,3.777090814044495,,1320,1.825
12.833333333321718,retreat,12.833334002643824,13.236552470690086,18.037719279527664,-0.003039836883544922,-0.5948921898379922,3.72399473984903,0.03567974272300489,0.055952909680744456,3.7078793048858643,0.06844167411327362,8.978694915771484,-0.04755485861096531,73,3.5429067611694336,0.11728276312351227,0.23245669901371002,0.043438371270895004,-0.0029656090773642063,-18.297065495541187,-0.26630544662475586,0.02734437584877014,-3.698202610015869,0.06830282509326935,-0.004353893455117941,0.00017251179087907076,0.00011214460391784087,-0.00033912272192537785,0.032490573823451996,0.9994720220565796,-0.002070668386295438,0.00043198541970923543,-0.0012144694337621331,-0.10582323372364044,-0.04739302769303322,-0.10366707295179367,-0.4753507375717163,0.5594589114189148,0.4997158944606781,-2.006892204284668,-0.5178045034408569,2.4449379444122314,1.1542351245880127,0.0013963979436084628,0.0010941114742308855,-0.0021895086392760277,-0.0043832468800246716,0.004003604874014854,-0.0018901103176176548,-0.0025483230128884315,0.5999757647514343,0.0015067053027451038,0.0892883762717247,0.033068832010030746,0.9994530081748962,3.724125781445764e-05,0.0003109824319835752,1.0045023373095319e-06,-3.9801932871341705e-05,0.03239431604743004,-2.3203132514026947e-05,-0.00015041680308058858,0.9999998807907104,0.0005785233806818724,0.09768830239772797,0.2774689793586731,-3.5306735038757324,-0.1123853251338005,-0.03335414454340935,-0.003504958236590028,0.09549979120492935,-0.043470144271850586,3.541353940963745,-0.07244592159986496,0.0475914403796196,0.00031874090200290084,-1.6748905181884766e-05,0.0016236727824434638,0.024947211146354675,0.003995390143245459,0.004009080119431019,5.173506906430703e-06,7.371156243607402e-06,,,,,3.777090814044495,,1320,1.8333333333333333
12.841666666655044,retreat,12.841667336411774,13.19103908898451,18.035677820444107,-0.0022649765014648438,-0.5937349051237106,3.7234163129273816,0.03618359187385067,0.055952909680744456,2.0639171600341797,0.07896193861961365,9.133649826049805,-0.04807920049643144,76,2.195693254470825,0.1020820215344429,0.17965704202651978,0.033461008220911026,0.0002615397679619491,-18.294983810412305,-0.030078232288360596,-0.10327661037445068,-2.06111216545105,0.07895682752132416,0.0007364524062722921,-0.0005149029893800616,5.696131847798824e-05,-0.0003158368926960975,0.03248563036322594,0.9994722008705139,-0.0015026681357994676,0.0005352302687242627,-0.00039081377326510847,-0.007238085847347975,0.019142910838127136,-0.02492956444621086,-0.4753549098968506,0.559448778629303,0.49971804022789,-2.006901502609253,-0.5178258419036865,2.444981098175049,1.1542534828186035,0.0009598375763744116,0.0001275887480005622,-0.002034551464021206,-0.0033562856260687113,0.0010075931204482913,0.003565373830497265,-0.00040281552355736494,0.5999829173088074,0.0015077278949320316,0.08929425477981567,0.03306899964809418,0.9994530081748962,3.6895213270327076e-05,0.00033367631840519607,-6.844578820164315e-06,-4.020100459456444e-05,0.03239813819527626,2.0918749214615673e-05,-9.341031545773149e-05,0.9999998807907104,0.0005836549098603427,0.15812450647354126,0.05235784873366356,-2.189366102218628,-0.08473473787307739,0.05686990171670914,0.0025648674927651882,0.15666158497333527,0.09249288588762283,2.188143730163574,-0.07725516706705093,-0.03414285182952881,-0.00035445624962449074,-1.5676021575927734e-05,0.001623425167053938,0.02494722604751587,0.0039953915402293205,0.0040091099217534065,5.1736756176978815e-06,7.37197115086019e-06,,,,,3.777090814044495,,1320,1.8416666666666666
12.84999999998837,retreat,12.850000670179725,13.145373198367931,18.033278733491898,-0.0035762786865234375,-0.5943876458331943,3.720838593035222,0.03792421193793416,0.07912936237050427,3.4190094470977783,0.07497694343328476,8.87925910949707,-0.046506174840033054,79,3.3040688037872314,0.10343220084905624,0.16485756635665894,0.03197791427373886,-0.0013423450291156769,-18.29240545852764,-0.2910877764225006,-0.04506383836269379,-3.406297445297241,0.07493605464696884,-0.0024700427893549204,-0.00016840451280586421,7.728845957899466e-06,-0.00031889710226096213,0.032463353127241135,0.9994727969169617,-0.0010945883113890886,0.00031680523534305394,-0.0011707370867952704,-0.06275808066129684,-0.13727056980133057,-0.015190557576715946,-0.47535932064056396,0.5594373345375061,0.4997183382511139,-2.0069196224212646,-0.5178388357162476,2.444981098175049,1.1542606353759766,0.0011846399866044521,0.000493402301799506,-0.0023987453896552324,-0.004548895638436079,0.003556694369763136,-0.002055235207080841,-0.002504398813471198,0.5999771952629089,0.0015051891095936298,0.08929391205310822,0.03307512402534485,0.9994527697563171,3.880292206304148e-05,0.0003315999056212604,-2.3012853489490226e-06,-4.22988086938858e-05,0.03239527344703674,1.4220733646652661e-05,-4.628984970622696e-05,0.9999997615814209,0.0006120857433415949,0.16873200237751007,0.19098082184791565,-3.2942264080047607,-0.10290326923131943,-0.009935212321579456,-0.0032295684795826674,0.16655059158802032,0.027248471975326538,3.299755811691284,-0.07545638084411621,0.03443508967757225,0.0009114062413573265,-1.5914440155029297e-05,0.0016223120037466288,0.02494730055332184,0.003995395731180906,0.004009210038930178,5.170262738829479e-06,7.3643168434500694e-06,,,,,3.777090814044495,,1320,1.8499999999999999
12.858333333321696,retreat,12.858334003947675,13.099555701259941,18.032142519950867,-0.0018477439880371094,-0.5946173332631588,3.7264126446374113,0.034114873415092006,0.07912936237050427,2.5658297538757324,0.06744255125522614,9.006900787353516,-0.04807920049643144,74,2.627549171447754,0.10711579024791718,0.10829471796751022,0.028089307248592377,-0.005556946620345116,-18.291656886128926,-0.12014952301979065,0.15040528774261475,-2.558598279953003,0.06739987432956696,-0.002398432930931449,-5.318484181771055e-05,7.653312786715105e-05,-0.00036548858042806387,0.032511092722415924,0.9994713068008423,-0.0014341037021949887,0.0007209638133645058,-0.000794700114056468,-0.1045423299074173,-0.01828029565513134,-0.05603612959384918,-0.47536563873291016,0.5594261884689331,0.4997224509716034,-2.0069427490234375,-0.5178444385528564,2.4450221061706543,1.1542677879333496,0.0006030870135873556,0.00025011651450768113,-0.001323946169577539,-0.0047721657902002335,0.003923640586435795,0.0034582584630697966,-0.0020725554786622524,0.5999774932861328,0.0015085875056684017,0.08929558843374252,0.03307054191827774,0.9994528889656067,3.9869442844064906e-05,0.00034585854155011475,-1.7970814951695502e-06,-3.841705620288849e-05,0.03239604830741882,-1.5787367374286987e-05,-0.00011718158930307254,0.9999997615814209,0.0005597097333520651,0.18927191197872162,0.26408490538597107,-2.6073837280273438,-0.0943678617477417,0.050627171993255615,0.0023214390967041254,0.18747743964195251,-0.09112697839736938,2.619267702102661,-0.05631352961063385,-0.023396119475364685,-0.0008088906761258841,-1.811981201171875e-05,0.0016246966551989317,0.0249471478164196,0.003995400387793779,0.004009275697171688,5.1705274017876945e-06,7.368042133748531e-06,,,,,3.777090814044495,,1320,1.8583333333333334
12.866666666655021,retreat,12.866667337715626,13.053587500080134,18.0303655564785,-0.0011324882507324219,-0.5935846129432321,3.7234163129273816,0.039406284486176446,0.09691328065893987,3.0906050205230713,0.07888425886631012,8.96529483795166,-0.04742376404465176,74,3.0605714321136475,0.1010940819978714,0.07391681522130966,0.012890730053186417,0.0014222902245819569,-18.289671546446698,-0.06981009244918823,-0.18731701374053955,-3.0841333866119385,0.07888352125883102,-3.197230398654938e-05,-0.00034045890788547695,8.883100963430479e-05,-0.00037854339461773634,0.03248482570052147,0.9994720816612244,-0.0020980476401746273,0.00032058649230748415,-0.0008047620649449527,-0.014641768299043179,-0.007160709239542484,-0.05777284875512123,-0.47537097334861755,0.5594137907028198,0.49972373247146606,-2.0069615840911865,-0.5178647637367249,2.4450221061706543,1.1542837619781494,0.001383629278279841,0.0002880234969779849,-0.002920584287494421,-0.004374479874968529,0.0013762898743152618,0.0013207695446908474,-0.0009575586300343275,0.5999716520309448,0.001505525317043066,0.08929553627967834,0.03307877108454704,0.9994526505470276,4.00893586629536e-05,0.0003447083290666342,4.835152140003629e-06,-4.291534423828125e-05,0.032393962144851685,-2.9569553589681163e-05,-0.00013016907905694097,0.9999996423721313,0.0005942176794633269,0.05442370846867561,0.08192653954029083,-3.058990478515625,-0.1010737419128418,0.0005306110833771527,-0.001957093132659793,0.05231255292892456,0.12052284181118011,3.0577502250671387,-0.08937125653028488,0.007450714707374573,0.0014084379654377699,-1.8775463104248047e-05,0.001623385469429195,0.024947233498096466,0.003995406907051802,0.00400933250784874,5.175304977456108e-06,7.367314537987113e-06,,,,,3.777090814044495,,1320,1.8666666666666667
12.874999999988347,retreat,12.875000671483576,13.007469497248099,18.029002100229263,-0.0013709068298339844,-0.5927634192630649,3.7199965022772394,0.03888775245286524,0.07912936237050427,2.8437395095825195,0.07562706619501114,8.613960266113281,-0.046178451157175004,78,2.868464708328247,0.09890900552272797,0.06810352951288223,0.01794915273785591,0.0031532917637377977,-18.288070262798104,0.006121814250946045,0.08818426728248596,-2.842365264892578,0.07562316209077835,-0.0003977953165303916,-0.0006573513383045793,0.00011998395348200575,-0.00039323221426457167,0.032455191016197205,0.9994731545448303,-0.001215100404806435,0.0008198708528652787,-0.0006129959365352988,0.016126880422234535,-0.007537274155765772,-0.020054280757904053,-0.4753762483596802,0.5594015121459961,0.4997250437736511,-2.0069780349731445,-0.5178793668746948,2.445063352584839,1.154295802116394,0.001223381725139916,0.00047662181896157563,-0.0024073205422610044,-0.004308354575186968,0.0029775146394968033,0.004761273507028818,-0.0017625597538426518,0.5999754667282104,0.00150635140016675,0.08929993212223053,0.03307785093784332,0.9994527101516724,4.0595030441181734e-05,0.0003633872256614268,-4.3075488065369427e-07,-4.3050386011600494e-05,0.03239698335528374,-2.453315391903743e-05,-0.0001617031666683033,0.9999997615814209,0.0006229356513358653,0.04180280491709709,0.23427480459213257,-2.8585760593414307,-0.0971149280667305,0.018740598112344742,0.0006871722871437669,0.039732132107019424,-0.044750213623046875,2.867840528488159,-0.0633915364742279,-0.012726984918117523,0.00011004286352545023,-1.9431114196777344e-05,0.0016219069948419929,0.02494732290506363,0.00399541761726141,0.004009425174444914,5.163721652934328e-06,7.36021320335567e-06,,,,,3.777090814044495,,1320,1.875
12.883333333321673,retreat,12.883334005251527,12.96120259518343,18.029680103063583,-0.0008940696716308594,-0.5929679609835148,3.7189436210672664,0.04320616426412016,0.07912936237050427,3.449864149093628,0.07966983318328857,8.670408248901367,-0.045588574721477926,80,3.3828494548797607,0.11215004324913025,0.08127499371767044,0.011727523058652878,0.00455869419965893,-18.288675043848755,-0.01796811819076538,-0.03566909581422806,-3.4496328830718994,0.07966513186693192,0.0006556068547070026,-0.0005653847474604845,0.0001309334038523957,-0.00041751767275854945,0.03244553133845329,0.9994734525680542,-0.0020536070223897696,0.0005995977553538978,-0.0010318554705008864,0.011362970806658268,-0.005288995802402496,-0.05240781605243683,-0.47537490725517273,0.5593950748443604,0.4997176229953766,-2.006997585296631,-0.5178916454315186,2.44506573677063,1.1543041467666626,0.0020513501949608326,0.0011570585193112493,-0.0035546361468732357,-0.0044043296948075294,0.003128631040453911,0.003045204794034362,-0.002093065530061722,0.5999680161476135,0.001503252424299717,0.08929529041051865,0.03308406099677086,0.9994524121284485,4.129162334720604e-05,0.0003583433572202921,7.825021384633146e-06,-4.607951268553734e-05,0.03239282965660095,-5.3466410463443026e-05,-0.00017432079766876996,0.9999997615814209,0.0006388099864125252,-0.020994260907173157,0.20851679146289825,-3.376351833343506,-0.11127550154924393,-0.013885609805583954,-0.001607996760867536,-0.02340962551534176,0.015221953392028809,3.3827342987060547,-0.0813097208738327,0.010953068733215332,0.0008276647422462702,-2.0623207092285156e-05,0.0016214250354096293,0.024947352707386017,0.003995425067842007,0.0040093944407999516,5.157172381586861e-06,7.342139724642038e-06,,,,,3.777090814044495,,1320,1.8833333333333333
12.891666666654999,retreat,12.891667339019477,12.914787696305716,18.02484095096588,-0.0021457672119140625,-0.592421623878181,3.7237844131677047,0.037954952858854085,0.06852804166478502,2.137993335723877,0.07190163433551788,8.653826713562012,-0.04591628021444194,79,2.263814926147461,0.10971467196941376,0.1820220798254013,0.02329692244529724,0.0034061678452417254,-18.284172540051557,0.048366010189056396,0.19287633895874023,-2.128726005554199,0.0718255266547203,0.003227436915040016,-0.0007225971203297377,3.6417844967218116e-05,-0.00033657465246506035,0.03248855099081993,0.9994720220565796,-0.0003025401383638382,0.0011635614791885018,-0.00033818293013609946,0.03245534375309944,-0.06027904152870178,-0.0015342229744419456,-0.4753820300102234,0.5593838095664978,0.49972790479660034,-2.007002353668213,-0.517902135848999,2.4451115131378174,1.1543161869049072,0.0008080634870566428,0.0005421997047960758,-0.001232600538060069,-0.003221281571313739,0.003197338432073593,0.00652695307508111,-0.0016411941032856703,0.5999782681465149,0.00150775583460927,0.08930495381355286,0.033078860491514206,0.9994526505470276,4.120452649658546e-05,0.000384862651117146,-5.399839210440405e-06,-4.211347550153732e-05,0.032397910952568054,5.081261042505503e-05,-7.62143317842856e-05,0.9999998211860657,0.0005906000733375549,0.06403104960918427,0.2798117995262146,-2.2455430030822754,-0.10420016199350357,0.03432219848036766,0.001273968257009983,0.06231332942843437,-0.13071390986442566,2.259178876876831,-0.0638681948184967,-0.025119919329881668,0.000339626451022923,-1.6748905181884766e-05,0.0016235705697908998,0.02494722232222557,0.003995432984083891,0.004009439144283533,5.166782102605794e-06,7.356895366683602e-06,,,,,3.777090814044495,,1320,1.8916666666666666
12.899999999988324,retreat,12.900000672787428,12.86822570303455,18.023525923490524,-0.0004172325134277344,-0.5949054611846805,3.724783359278086,0.03653380917967297,0.08846931922527276,3.971559524536133,0.07248636335134506,9.132404327392578,-0.045588574721477926,74,3.802199363708496,0.12388890981674194,0.24372637271881104,0.04698909446597099,0.008842295734211802,-18.282926983106716,-0.2153923064470291,-0.11924152821302414,-3.963921546936035,0.07238902151584625,-0.003755009500309825,4.051560608786531e-05,0.00013245298760011792,-0.0004290097567718476,0.03249627351760864,0.9994717240333557,-0.002055178629234433,-0.002380783436819911,-0.0013831192627549171,0.03534393385052681,-0.046073127537965775,-0.09849678725004196,-0.47538304328918457,0.5593782067298889,0.4997279942035675,-2.0070178508758545,-0.5179142951965332,2.4451045989990234,1.1543258428573608,0.0019969181157648563,0.0013750169891864061,-0.003092279424890876,-0.004073656629770994,0.003109103301540017,-0.0021520652808248997,-0.002031048061326146,0.5999711751937866,0.001507262233644724,0.08930167555809021,0.03308446705341339,0.9994524121284485,4.260259083821438e-05,0.00037818457349203527,3.854513124679215e-06,-4.0187034755945206e-05,0.032393455505371094,-4.502379670157097e-05,-0.00017686178034637123,0.9999997019767761,0.0005884403944946826,0.05318283289670944,0.20849987864494324,-3.7961058616638184,-0.11700095981359482,-0.04060937091708183,-0.0031805464532226324,0.05031496658921242,0.04300907254219055,3.801623582839966,-0.08703798055648804,0.04840230569243431,-8.370776777155697e-05,-2.1219253540039062e-05,0.0016239581163972616,0.024947188794612885,0.003995428793132305,0.004008211195468903,-2.598710125312209e-06,-3.707242285599932e-06,,,,,3.777090814044495,,1320,1.9
12.90833333332165,retreat,12.908334006555378,12.821517517789527,18.02254244685173,-0.00017881393432617188,-0.5939917173236609,3.726097354606019,0.036136229027761146,0.08846931922527276,2.298977851867676,0.07172443717718124,9.028226852416992,-0.04801365139428526,72,2.427830934524536,0.10387007147073746,0.17853327095508575,0.035603638738393784,0.00029768096283078194,-18.28203488660507,-0.04123426973819733,0.030668750405311584,-2.298403263092041,0.07171300053596497,-0.0011821114458143711,-0.0004924067761749029,8.43125453684479e-05,-0.00040195477777160704,0.03250819444656372,0.9994713664054871,-0.0010179111268371344,-0.0010595995699986815,-0.0006691236048936844,-0.016522394493222237,0.001976422965526581,-0.017369568347930908,-0.47538524866104126,0.559369683265686,0.49972817301750183,-2.0070266723632812,-0.5179335474967957,2.4451498985290527,1.1543437242507935,0.001256922842003405,0.0005894185160286725,-0.002127263229340315,-0.003385905409231782,0.0017838148633018136,0.004154636058956385,-0.0007374528795480728,0.5999787449836731,0.001508350484073162,0.08930719643831253,0.03308410570025444,0.9994524121284485,4.205758887110278e-05,0.00040132785215973854,-4.978001015842892e-06,-4.0290411561727524e-05,0.03239798918366432,3.535886207828298e-06,-0.0001265563623746857,0.9999997019767761,0.0005761692300438881,0.167493537068367,0.15773585438728333,-2.4169046878814697,-0.08640755712985992,0.057589638978242874,0.002481647301465273,0.16555696725845337,0.002462625503540039,2.4221785068511963,-0.06371305137872696,-0.03350178152322769,-0.0003121236804872751,-1.996755599975586e-05,0.0016245521837845445,0.0249471515417099,0.003995427396148443,0.004008294548839331,4.954277756041847e-06,7.063703378662467e-06,,,,,3.777090814044495,,1320,1.9083333333333332
12.916666666654976,retreat,12.916667340323329,12.77466404299023,18.02232638001442,-0.0012516975402832031,-0.5938390968367457,3.7204702017482107,0.039032005588524044,0.07912936237050427,3.6853513717651367,0.07847553491592407,8.849365234375,-0.046768338506808504,75,3.5624871253967285,0.1101117730140686,0.17829139530658722,0.034402601420879364,-0.00017121154814958572,-18.281427485606475,-0.30258217453956604,-0.08857141435146332,-3.6718406677246094,0.07825974375009537,-0.0058130063116550446,0.00017752524581737816,0.00010750393266789615,-0.00043005403131246567,0.03245861455798149,0.9994730353355408,-0.0014888086589053273,0.00043296950752846897,-0.001114588463678956,-0.055874817073345184,-0.07740049809217453,-0.14765673875808716,-0.4753859043121338,0.5593620538711548,0.49972444772720337,-2.007044553756714,-0.5179480910301208,2.4451498985290527,1.1543532609939575,0.0016989164287224412,0.0009372967761009932,-0.0029566586017608643,-0.004502343013882637,0.0033839589450508356,-0.002149516250938177,-0.002321462146937847,0.5999718904495239,0.001505811233073473,0.08930398523807526,0.03309060260653496,0.9994522333145142,4.3312222260283306e-05,0.0003970546240452677,1.080830770661123e-06,-4.317006096243858e-05,0.0323944054543972,-2.8007516448269598e-05,-0.00015207997057586908,0.9999997615814209,0.0006322705885395408,0.17249847948551178,0.18112662434577942,-3.5536956787109375,-0.10905792564153671,-0.01481845322996378,-0.0033741791266947985,0.1696786731481552,0.05434846878051758,3.558028221130371,-0.08304987847805023,0.039869699627161026,0.0006799821276217699,-2.1338462829589844e-05,0.0016220778925344348,0.024947315454483032,0.003995422273874283,0.004008415620774031,5.150935066922102e-06,7.3379778768867254e-06,,,,,3.777090814044495,,1320,1.9166666666666667
12.924999999988302,retreat,12.92500067409128,12.72766618105626,18.020884692668915,-0.00017881393432617188,-0.5927716847509146,3.7224696025449227,0.03708730946527794,0.10467831195095843,2.5131561756134033,0.07574372738599777,8.684200286865234,-0.04683388033299707,73,2.6190078258514404,0.1093716248869896,0.15953855216503143,0.035940609872341156,0.0016684152069501579,-18.280124844678483,-0.03851807117462158,0.08709676563739777,-2.5113511085510254,0.07574320584535599,7.334956899285316e-05,-0.00027005167794413865,3.897602073266171e-05,-0.00041450190474279225,0.03247634693980217,0.9994723796844482,-0.0016219126991927624,0.0009954809211194515,-0.000579757965169847,0.0005176298436708748,0.009328020736575127,-0.03232145309448242,-0.4753900468349457,0.5593513250350952,0.4997268319129944,-2.0070605278015137,-0.5179595947265625,2.4451944828033447,1.1543656587600708,0.0010422577615827322,0.00044209457701072097,-0.001931510167196393,-0.004102295730262995,0.0031231686007231474,0.004596547689288855,-0.0016496175667271018,0.599976122379303,0.0015086843632161617,0.08930812776088715,0.033087607473134995,0.9994522929191589,4.348179209046066e-05,0.000416688562836498,-3.352435669512488e-06,-4.135351628065109e-05,0.03239721059799194,4.894927315035602e-06,-8.259389142040163e-05,0.9999995827674866,0.0006115552387200296,0.15199041366577148,0.21059434115886688,-2.6060988903045654,-0.09404245764017105,0.05577839910984039,0.0026342710480093956,0.14982467889785767,-0.03775110840797424,2.614445209503174,-0.06372182071208954,-0.03393648564815521,-0.0004383906489238143,-2.0623207092285156e-05,0.0016229613684117794,0.024947259575128555,0.003995418082922697,0.004008451942354441,5.150674951437395e-06,7.34123750589788e-06,,,,,3.777090814044495,,1320,1.925
12.933333333321627,retreat,12.93333400785923,12.680524834407205,18.018116801977158,-0.0028014183044433594,-0.5937333917245269,3.723153361934068,0.03801049751928076,0.07912936237050427,3.4112722873687744,0.07696264982223511,8.935981750488281,-0.045981832954566926,76,3.3362436294555664,0.10990434885025024,0.1261172741651535,0.030240962281823158,0.000276859849691391,-18.277404505307523,-0.2718677520751953,-0.10647647082805634,-3.398754119873047,0.07689735293388367,-0.0031639114022254944,0.00018975260900333524,-2.929398942796979e-05,-0.00040992937283590436,0.032482508569955826,0.9994722604751587,-0.0004234749358147383,0.0004057333862874657,-0.0011048344895243645,-0.037282317876815796,-0.16274666786193848,-0.0932820588350296,-0.47539597749710083,0.5593391060829163,0.4997302293777466,-2.007078170776367,-0.5179734826087952,2.4451944828033447,1.1543757915496826,0.0012313153129070997,0.0004109856963623315,-0.0024485879112035036,-0.0045684510841965675,0.0030812397599220276,-0.001591250766068697,-0.0021095199044793844,0.5999709963798523,0.0015069958753883839,0.08930875360965729,0.033093370497226715,0.9994521141052246,4.461393837118521e-05,0.0004154874768573791,-7.717226253589615e-07,-4.230998456478119e-05,0.03239503130316734,6.044358087820001e-06,-1.5382793208118528e-05,0.9999997615814209,0.0006111889961175621,0.17992326617240906,0.16248227655887604,-3.327423572540283,-0.10971666127443314,-0.005766513291746378,-0.002822713227942586,0.17715996503829956,0.05800521373748779,3.3310301303863525,-0.08638858795166016,0.031864505261182785,0.0006517827278003097,-2.0503997802734375e-05,0.001623267657123506,0.024947233498096466,0.003995411563664675,0.0040085394866764545,5.158369276614394e-06,7.348338840529323e-06,,,,,3.777090814044495,,1320,1.9333333333333333
12.941666666654953,retreat,12.94166734162718,12.633240905462657,18.014521896839142,-0.0008344650268554688,-0.5931773921474814,3.7245205046622663,0.03619611743488349,0.06852804166478502,2.847195863723755,0.07284780591726303,8.765857696533203,-0.04683388033299707,74,2.904799222946167,0.10434044897556305,0.0907430499792099,0.02396705001592636,8.804455865174532e-05,-18.273904676548355,-0.0898362398147583,0.06397745013237,-2.8450589179992676,0.07283965498209,-0.0010847360827028751,0.00010628158634062856,-7.290204848686699e-06,-0.0004302400047890842,0.03249385580420494,0.9994718432426453,-0.001872230670414865,0.0007778907893225551,-0.0005941585986874998,-0.023046158254146576,-9.029763168655336e-05,-0.04460872709751129,-0.4754043221473694,0.559325098991394,0.4997374415397644,-2.0070953369140625,-0.5179852843284607,2.445232391357422,1.1543875932693481,0.0008731625857762992,0.0001797282457118854,-0.0018689968856051564,-0.004540922585874796,0.0032231505028903484,0.0030563143081963062,-0.0018190849805250764,0.5999742746353149,0.001509359572082758,0.08931413292884827,0.033091187477111816,0.9994522333145142,4.518864807323553e-05,0.0004334687546361238,-3.2503867259947583e-06,-4.048272967338562e-05,0.03239693492650986,4.460510353965219e-06,-3.8032321754144505e-05,0.9999998211860657,0.0005976372631266713,0.1540728509426117,0.2193840891122818,-2.892402172088623,-0.09500136971473694,0.043098967522382736,0.002036927966400981,0.15157149732112885,-0.027564197778701782,2.9007108211517334,-0.06342142820358276,-0.02094617299735546,-0.0007025871891528368,-2.1517276763916016e-05,0.0016238345997408032,0.02494719997048378,0.003995405975729227,0.004008612595498562,5.158324256626656e-06,7.351802196353674e-06,,,,,3.777090814044495,,1320,1.9416666666666667
12.949999999988279,retreat,12.950000675395131,12.585815296642206,18.016596883535385,-0.0008344650268554688,-0.5946106975898147,3.723363724212235,0.04073038144269958,0.08846931922527276,3.927206516265869,0.07662995904684067,8.934649467468262,-0.046112916606944054,77,3.818981409072876,0.10779890418052673,0.13493674993515015,0.016198894008994102,-0.0012362808920443058,-18.275899216279626,-0.09710055589675903,-0.12204604595899582,-3.9241085052490234,0.07662156224250793,-0.0011335634626448154,4.97677392559126e-05,8.264361531473696e-05,-0.0004982596728950739,0.03248301148414612,0.9994720816612244,-0.0024589134845882654,0.00022625197016168386,-0.00130926922429353,-0.08206219971179962,-0.023609042167663574,-0.07385839521884918,-0.4754032790660858,0.5593165159225464,0.499728262424469,-2.0071191787719727,-0.5180008411407471,2.445232391357422,1.1543980836868286,0.0021686747204512358,0.0009831960778683424,-0.003969179000705481,-0.0050749327056109905,0.002736736321821809,0.0007902899524196982,-0.0019110521534457803,0.5999648571014404,0.0015048887580633163,0.08930904418230057,0.0330994687974453,0.9994519352912903,4.577623258228414e-05,0.00042653235141187906,6.618080078624189e-06,-4.384992644190788e-05,0.03239373117685318,-6.74576367600821e-05,-0.00013098806084599346,0.9999997019767761,0.0006167282117530704,0.03104163333773613,0.17735989391803741,-3.81473445892334,-0.10712195187807083,-0.011927686631679535,-0.0017948267050087452,0.027788856998085976,0.07542535662651062,3.8181352615356445,-0.08166954666376114,0.016510527580976486,0.0006365000735968351,-2.473592758178711e-05,0.001623295247554779,0.024947233498096466,0.003995400387793779,0.004008672200143337,5.1594365686469246e-06,7.346185157075524e-06,,,,,3.777090814044495,,1320,1.95
12.958333333321605,retreat,12.958334009163082,12.538248910365446,18.013273924589157,-0.0024437904357910156,-0.5931326886638999,3.7276210097244142,0.036577337596099824,0.08846931922527276,2.342144727706909,0.0659756138920784,8.52379035949707,-0.04716160037787631,75,2.4765825271606445,0.11277671158313751,0.21880681812763214,0.03659965097904205,-0.0017442188691347837,-18.272872324832765,0.026073511689901352,0.2784890830516815,-2.325382947921753,0.0659409612417221,0.002097838092595339,-0.00041274208342656493,5.638350103254197e-06,-0.00042579229921102524,0.032520901411771774,0.9994709491729736,-0.00047730683581903577,0.0011569058988243341,-0.0004829643003176898,-0.04010850191116333,-0.06973982602357864,-0.006525794509798288,-0.47540968656539917,0.5593045949935913,0.49973514676094055,-2.007134437561035,-0.5180104970932007,2.4452781677246094,1.154410481452942,0.0007654562359675765,0.0004440101911313832,-0.0012495426926761866,-0.004228482022881508,0.003629900747910142,0.007169985678046942,-0.0017027490539476275,0.5999700427055359,0.001509177964180708,0.08931440114974976,0.0330948531627655,0.9994520545005798,4.5650682295672596e-05,0.0004476908943615854,-1.5488676581298932e-06,-4.0881335735321045e-05,0.03239594027400017,2.356727054575458e-05,-5.079490802017972e-05,0.9999997019767761,0.0005742427310906351,0.11061794310808182,0.34357550740242004,-2.450139045715332,-0.10039112716913223,0.05132569372653961,0.002425291109830141,0.10843909531831741,-0.18072432279586792,2.467597007751465,-0.050851646810770035,-0.03543790429830551,-0.00012291560415178537,-2.1278858184814453e-05,0.0016251849010586739,0.024947114288806915,0.003995395265519619,0.004008756019175053,5.167588824406266e-06,7.361872121691704e-06,,,,,3.777090814044495,,1320,1.9583333333333333
12.96666666665493,retreat,12.966667342931032,12.490542649051969,18.014860898256302,-0.0024437904357910156,-0.5942475982010365,3.7266228231931064,0.03828965054708533,0.055952909680744456,4.258154392242432,0.0749829113483429,8.873250961303711,-0.045850738388253376,75,4.101345062255859,0.12758482992649078,0.21492671966552734,0.03939862549304962,0.00042324746027588844,-18.274389881017328,-0.042311571538448334,-0.1623808592557907,-4.254846572875977,0.07496768981218338,0.0014537977986037731,-0.00041124457493424416,2.941845559689682e-05,-0.0004948260029777884,0.03251150622963905,0.9994713068008423,-0.0014390054857358336,0.0003357466193847358,-0.0014882632531225681,-0.07230053097009659,-0.11428774893283844,-0.021616164594888687,-0.475409597158432,0.5592983961105347,0.49973246455192566,-2.007152795791626,-0.5180286765098572,2.4452781677246094,1.1544265747070312,0.0025733753573149443,0.0015808980679139495,-0.004059978295117617,-0.00441052345559001,0.00211901287548244,0.0002891709445975721,-0.0013206860749050975,0.5999630689620972,0.001507704146206379,0.08931076526641846,0.03310202434659004,0.9994518756866455,4.6354965888895094e-05,0.00044363466440699995,5.687963493983261e-06,-4.156818613409996e-05,0.03239388018846512,-4.867310417466797e-05,-7.769125659251586e-05,0.9999998807907104,0.000590803159866482,-0.07552177459001541,0.19521547853946686,-4.0960001945495605,-0.11927323043346405,-0.04518343508243561,-0.0032008385751396418,-0.07915417104959488,0.07622617483139038,4.099872589111328,-0.09124669432640076,0.03442182391881943,0.0008418447105214,-2.467632293701172e-05,0.001624716678634286,0.024947136640548706,0.0039953915402293205,0.004008794669061899,5.1686811275430955e-06,7.355964044108987e-06,,,,,3.777090814044495,,1320,1.9666666666666666
12.974999999988256,retreat,12.975000676698983,12.442697415121366,18.013489991426468,-0.0011920928955078125,-0.5934105720371008,3.7263075509202443,0.038072026654845104,0.055952909680744456,2.4713423252105713,0.0728243961930275,8.749771118164062,-0.04663725849241018,83,2.602733612060547,0.10230135172605515,0.1860191524028778,0.03284240514039993,3.8975849747657776e-07,-18.27299704900301,0.027898460626602173,0.06410610675811768,-2.470353364944458,0.07282381504774094,-3.576837480068207e-05,0.00028790091164410114,-5.671764301951043e-05,-0.0004658406542148441,0.03250930830836296,0.9994713068008423,-0.00137691805139184,0.0006569538381882012,-0.000699777330737561,-0.022068507969379425,-0.001077597145922482,-0.005257682409137487,-0.4754091501235962,0.5592915415763855,0.4997290074825287,-2.0071609020233154,-0.5180525183677673,2.445323944091797,1.1544469594955444,0.0017309027025476098,0.0009081162279471755,-0.0027395605575293303,-0.0033775127958506346,0.0014962992863729596,0.005963239353150129,-0.0006345129804685712,0.5999704003334045,0.0015080142766237259,0.08931493759155273,0.03310311213135719,0.9994518160820007,4.545465708361007e-05,0.00046637473860755563,-1.8649225239641964e-06,-4.235049709677696e-05,0.03239663690328598,1.4522503022362798e-07,1.0996305718435906e-05,0.9999998807907104,0.000594130833633244,0.10101377964019775,0.19618883728981018,-2.593362331390381,-0.09141933917999268,0.04585418477654457,0.0023375547025352716,0.0986001119017601,-0.024144083261489868,2.6007537841796875,-0.06318213045597076,-0.031359463930130005,-0.0003183837397955358,-2.3365020751953125e-05,0.0016246048035100102,0.024947144091129303,0.003995387814939022,0.004008837975561619,5.168570169189479e-06,7.367081707343459e-06,,,,,3.777090814044495,,1320,1.9749999999999999
12.983333333321582,retreat,12.983334010466933,12.394714110993228,18.012774735689163,-0.0033974647521972656,-0.5928940372541547,3.7223117941049075,0.03978014865424484,0.08846931922527276,3.7869107723236084,0.07737676054239273,8.574607849121094,-0.045981832954566926,75,3.683619737625122,0.11834269762039185,0.1556200236082077,0.03547671437263489,0.004989736538846046,-18.272003913073068,-0.22095373272895813,-0.020538073033094406,-3.7804036140441895,0.07735653221607208,-0.0017620777944102883,-0.00015980773605406284,-8.750518645683769e-06,-0.0004605127905961126,0.032474126666784286,0.999472439289093,-0.0009293776820413768,0.0006193444132804871,-0.001249467022716999,0.0068269758485257626,-0.13035830855369568,-0.014102024026215076,-0.47540968656539917,0.5592849850654602,0.4997282028198242,-2.007174253463745,-0.5180668830871582,2.445323944091797,1.1544580459594727,0.0019716997630894184,0.0013315653195604682,-0.0029943156987428665,-0.004070769064128399,0.0035449666902422905,-0.0007213024073280394,-0.002249093260616064,0.5999659299850464,0.0015071313828229904,0.08931352198123932,0.03310897946357727,0.9994516372680664,4.6920922613935545e-05,0.00046447664499282837,5.221118044573814e-07,-4.398589953780174e-05,0.032394424080848694,5.204309218242997e-06,-3.831384310615249e-05,0.9999997019767761,0.0006351755000650883,0.10565605759620667,0.24512766301631927,-3.673935890197754,-0.11631058901548386,-0.02171565778553486,-0.0022957033943384886,0.10224905610084534,-0.0014300346374511719,3.6821987628936768,-0.08106417953968048,0.03704239800572395,-0.00022705324226990342,-2.300739288330078e-05,0.0016228494932875037,0.024947263300418854,0.003995385020971298,0.004008934833109379,5.1653123591677286e-06,7.35861249268055e-06,,,,,3.777090814044495,,1320,1.9833333333333334
12.991666666654908,retreat,12.991667344234884,12.346593639087146,18.00893023610115,0.0010728836059570312,-0.5929295439273119,3.7272007531952562,0.03658323112176731,0.08846931922527276,2.666738271713257,0.07379177212715149,8.715361595153809,-0.04591628021444194,73,2.7673327922821045,0.10874973982572556,0.12443201243877411,0.022289125248789787,0.0026625043828971684,-18.268499410203358,-0.13232272863388062,0.052262529730796814,-2.662940502166748,0.0736345648765564,-0.0048141321167349815,-3.862136509269476e-06,3.124006252619438e-05,-0.0004893612349405885,0.03251632675528526,0.9994710683822632,-0.0025385054759681225,0.0008089023176580667,-0.0006671631708741188,0.007808207534253597,0.07212968170642853,0.031048385426402092,-0.47541606426239014,0.5592739582061768,0.49973538517951965,-2.007183790206909,-0.5180809497833252,2.4453659057617188,1.1544740200042725,0.0011117197573184967,0.0005710588302463293,-0.0017760030459612608,-0.0036589938681572676,0.0028130144346505404,0.0028661976102739573,-0.0013940794160589576,0.5999730229377747,0.0015103216283023357,0.08932055532932281,0.033106014132499695,0.9994516372680664,4.608040035236627e-05,0.0004868712567258626,-3.5524481063475832e-06,-4.0786806493997574e-05,0.0323978066444397,5.2236199366006986e-08,-7.765260670566931e-05,0.9999997019767761,0.0005899681127630174,0.20840878784656525,0.20730580389499664,-2.751676082611084,-0.09813565760850906,0.04682842642068863,0.001731220749206841,0.2057347297668457,-0.024731367826461792,2.759563684463501,-0.06829595565795898,-0.016815435141324997,-0.0006788421887904406,-2.4378299713134766e-05,0.0016249571926891804,0.024947121739387512,0.003995385020971298,0.004009033553302288,5.167797098692972e-06,7.365044439211488e-06,,,,,3.777090814044495,,1320,1.9916666666666667
12.999999999988233,retreat,13.000000678002834,12.298336901822712,18.006128817796707,-0.0015497207641601562,-0.5938829854130745,3.7264126446374113,0.037532059650402516,0.07912936237050427,3.912369966506958,0.07543725520372391,8.813282012939453,-0.045588574721477926,83,3.809457302093506,0.10805463790893555,0.14394579827785492,0.026478677988052368,0.0004759109579026699,-18.265643183974767,-0.20598283410072327,-0.13162872195243835,-3.9047257900238037,0.07543674111366272,0.0002673676935955882,-7.943276432342827e-05,-3.8095840864116326e-05,-0.0004705300380010158,0.032509785145521164,0.9994713068008423,-0.0006769877509213984,0.0003587575920391828,-0.0011775146704167128,-0.041034307330846786,-0.1841168999671936,-0.04598986357450485,-0.47541964054107666,0.559264063835144,0.4997367858886719,-2.0071990489959717,-0.518097460269928,2.4453659057617188,1.1544867753982544,0.0018971547251567245,0.0009758663363754749,-0.003197436686605215,-0.0042887176387012005,0.0027942138258367777,-0.001950874924659729,-0.0018840715056285262,0.599968433380127,0.0015085279010236263,0.08932064473628998,0.03311271220445633,0.9994514584541321,4.697383337770589e-05,0.0004860427579842508,-1.5309415175579488e-06,-4.187924787402153e-05,0.032395053654909134,1.5776387954247184e-05,-8.652581527712755e-06,0.9999997615814209,0.0006032492965459824,0.11791760474443436,0.17281603813171387,-3.803708076477051,-0.10772976279258728,-0.007990810088813305,-0.0024999740999192,0.11422086507081985,0.07934165000915527,3.8069188594818115,-0.08292694389820099,0.025120627135038376,0.0007627882296219468,-2.3603439331054688e-05,0.0016246290178969502,0.024947144091129303,0.0039953868836164474,0.004009134601801634,5.171570592210628e-06,7.36743095330894e-06,,,,,3.777090814044495,,1320,2.0
13.00833333332156,retreat,13.008334011770785,12.24994480161952,18.002671748399734,0.0004172325134277344,-0.5934860091656446,3.7278311202474783,0.037978206819389015,0.055952909680744456,2.8179244995117188,0.07190268486738205,8.656268119812012,-0.046112916606944054,79,2.9072742462158203,0.10719266533851624,0.11965054273605347,0.025451356545090675,0.00026388675905764103,-18.262284760474994,-0.13739344477653503,0.0668044462800026,-2.8137800693511963,0.07188549637794495,-0.0015620191115885973,0.00017716323782224208,-3.0297282137325965e-05,-0.0004790840612258762,0.03252219036221504,0.9994709491729736,-0.001847331877797842,0.0007205863948911428,-0.0006142496131360531,-0.0226358100771904,3.849573840852827e-05,-0.04324230179190636,-0.4754258394241333,0.5592515468597412,0.49974119663238525,-2.0072128772735596,-0.5181120038032532,2.44538950920105,1.1545006036758423,0.0010928749106824398,0.00037803384475409985,-0.0020032154861837626,-0.004147539380937815,0.003015334950760007,0.002578476443886757,-0.0016701155109331012,0.5999701023101807,0.0015086405910551548,0.08932488411664963,0.03311428427696228,0.9994514584541321,4.639926555682905e-05,0.0004981352249160409,-2.015547579503618e-06,-4.23165038228035e-05,0.03239581361413002,1.955535844899714e-05,-1.5757608707644977e-05,0.9999998807907104,0.0005924068973399699,0.21297098696231842,0.2177872657775879,-2.8912723064422607,-0.09339003264904022,0.052581578493118286,0.0019357544369995594,0.2100961059331894,-0.025903165340423584,2.899556875228882,-0.06204609200358391,-0.021907661110162735,-0.0005402206443250179,-2.396106719970703e-05,0.0016252485802397132,0.02494710683822632,0.003995389211922884,0.004009169526398182,5.170334588910919e-06,7.3685660026967525e-06,,,,,3.777090814044495,,1320,2.0083333333333333
13.016666666654885,retreat,13.016667345538735,12.201418240897162,18.001777678728104,0.0005960464477539062,-0.5933332722634077,3.7234689009008335,0.04129204899072647,0.09691328065893987,3.9154975414276123,0.07929766178131104,8.74236011505127,-0.04604737478075549,76,3.830376386642456,0.110855832695961,0.11158745735883713,0.0165677759796381,0.00626449438277632,-18.261087325868463,-0.16045187413692474,-0.08489247411489487,-3.911287546157837,0.07925613969564438,-0.0025557400658726692,-0.0002277075545862317,0.0001000994598143734,-0.0005356876063160598,0.03248317912220955,0.9994720816612244,-0.0019489340484142303,0.0005480144172906876,-0.001147773116827011,0.018478693440556526,-0.040889814496040344,-0.06059746816754341,-0.47543004155158997,0.5592398047447205,0.49974218010902405,-2.007230520248413,-0.5181257724761963,2.44538950920105,1.1545110940933228,0.0018423245055601,0.0008652874385006726,-0.003256148425862193,-0.004728024825453758,0.003349755425006151,-9.931946260621771e-05,-0.002199735026806593,0.5999646186828613,0.0015064072795212269,0.08932486176490784,0.03312060236930847,0.9994511604309082,4.722692392533645e-05,0.000496659311465919,3.741992259165272e-06,-4.5046210289001465e-05,0.032394737005233765,-3.415068567846902e-05,-0.00014885728887747973,0.9999996423721313,0.0006376907113008201,0.09604337811470032,0.20053145289421082,-3.8239176273345947,-0.11073087155818939,-0.0049470956437289715,-0.0017934439238160849,0.09224746376276016,0.05308249592781067,3.8288979530334473,-0.08193610608577728,0.018903585150837898,0.0004664311418309808,-2.658367156982422e-05,0.0016233042115345597,0.02494722604751587,0.003995395731180906,0.004009279888123274,5.16498494107509e-06,7.3525006882846355e-06,,,,,3.777090814044495,,1320,2.0166666666666666
13.02499999998821,retreat,13.025000679306686,12.15275812207523,18.001479655504227,0.0013113021850585938,-0.5921453703194857,3.7238369959501707,0.038986872823443264,0.09691328065893987,3.281829833984375,0.07624991983175278,8.443034172058105,-0.046112916606944054,78,3.3243680000305176,0.11129624396562576,0.10294926911592484,0.02717183344066143,0.005412999307736754,-18.260814901399534,0.03714895248413086,0.12534373998641968,-3.2792248725891113,0.07623991370201111,0.0010899356566369534,-0.0005810531438328326,9.628776024328545e-05,-0.0005485960864461958,0.03248611092567444,0.9994719624519348,-0.0017650076188147068,0.0010090554133057594,-0.0008271365659311414,0.030959922820329666,0.00654206145554781,-0.03103836439549923,-0.47543203830718994,0.5592312812805176,0.4997411370277405,-2.007249116897583,-0.5181348919868469,2.445435047149658,1.154520869255066,0.0017945343861356378,0.0010824253549799323,-0.0028712404891848564,-0.004495398607105017,0.0038414315786212683,0.005520155653357506,-0.0021218331530690193,0.5999671816825867,0.0015093814581632614,0.08932632207870483,0.03311685845255852,0.9994512796401978,4.794360575033352e-05,0.0005136464606039226,7.913076842669398e-07,-4.309834912419319e-05,0.032396018505096436,-3.0176539439707994e-05,-0.00014563625154551119,0.9999996423721313,0.0006310081225819886,0.04439259320497513,0.29466599225997925,-3.3109853267669678,-0.10663989931344986,0.031828418374061584,0.0013182678958401084,0.041000846773386,-0.07483536005020142,3.3232710361480713,-0.06421014666557312,-0.02545212209224701,0.00030328918364830315,-2.7239322662353516e-05,0.0016234505455940962,0.024947218596935272,0.00399540551006794,0.004009370692074299,5.158170097274706e-06,7.345661288127303e-06,,,,,3.777090814044495,,1320,2.025
13.033333333321536,retreat,13.033334013074636,12.103965347573311,17.998097091913223,-0.0007748603820800781,-0.5934842629358172,3.728408863219211,0.039359551010420546,0.03956468118525214,3.312197208404541,0.0748840942978859,8.680309295654297,-0.04421217818162404,75,3.310103178024292,0.11380120366811752,0.05507100000977516,0.01953568123281002,0.02349741943180561,-18.257750282267693,-0.16681089997291565,-0.059462301433086395,-3.3074593544006348,0.07487668097019196,-0.0010147853754460812,-0.00028360862052068114,1.72644267877331e-05,-0.0005030243191868067,0.03252679109573364,0.9994707703590393,-0.000662917853333056,-0.003243380459025502,-0.0009287177817896008,0.26026803255081177,-0.11841233819723129,-0.006358068436384201,-0.4754363000392914,0.5592203140258789,0.49974462389945984,-2.0072624683380127,-0.5181512236595154,2.445435047149658,1.1545352935791016,0.0015871155774220824,0.0007558648940175772,-0.002649021800607443,-0.004076356068253517,0.002694383729249239,0.0009046155610121787,-0.0016297901747748256,0.599963903427124,0.0015080389566719532,0.089327871799469,0.0331231988966465,0.9994511604309082,4.791782339452766e-05,0.000514441926497966,1.9338294805493206e-06,-4.339078441262245e-05,0.03239419683814049,1.3550035873777233e-05,-6.507892976514995e-05,0.9999999403953552,0.0005966952885501087,0.13699764013290405,0.20349512994289398,-3.3010003566741943,-0.11376874893903732,0.0018768197624012828,-0.001965747680515051,0.1336052119731903,0.015528380870819092,3.30737042427063,-0.08451709151268005,0.018001144751906395,0.0006945730419829488,-2.5093555450439453e-05,0.001625479431822896,0.024947091937065125,0.0039954157546162605,0.0040082004852592945,-0.00030921981669962406,-0.00044050998985767365,,,,,3.777090814044495,,1320,2.033333333333333
13.041666666654862,retreat,13.041667346842587,12.055040819810998,17.99503117799759,0.0010728836059570312,-0.5934775108471513,3.729984071678346,0.038254318496910855,0.08846931922527276,3.5324018001556396,0.0673312321305275,8.76990795135498,-0.046702803956577554,78,3.529942035675049,0.10732164978981018,0.03713363781571388,0.00839086715131998,0.007309731096029282,-18.254793913757005,-0.06469225883483887,0.11138425767421722,-3.530052661895752,0.06731946766376495,-0.001157907652668655,-0.000493720464874059,8.148764754878357e-05,-0.0005423573311418295,0.032540179789066315,0.9994702935218811,-0.0015036960830911994,-0.0018738065846264362,-0.0008891766192391515,0.056341249495744705,-0.01746983639895916,-0.03207370266318321,-0.4754433035850525,0.5592095851898193,0.49975332617759705,-2.007275104522705,-0.5181639790534973,2.445446491241455,1.1545491218566895,0.001590958097949624,0.0010404868517071009,-0.0023502218537032604,-0.0042090993374586105,0.0034533734433352947,0.0026590670458972454,-0.001759149832651019,0.5999632477760315,0.0015096901915967464,0.08933138847351074,0.033125072717666626,0.9994510412216187,4.801702743861824e-05,0.0005211371462792158,4.002788045909256e-06,-4.19015996158123e-05,0.03239474818110466,-1.6938220142037608e-05,-0.00013044168008491397,0.9999997019767761,0.0005851422902196646,0.07980651408433914,0.309566855430603,-3.5154359340667725,-0.10606976598501205,0.016334204003214836,0.0005789350252598524,0.07615231722593307,-0.07610684633255005,3.5282981395721436,-0.06149435415863991,-0.0048264870420098305,-0.0003197382902726531,-2.6941299438476562e-05,0.00162614940200001,0.024947043508291245,0.003995416220277548,0.004008275456726551,-2.8080539777874947e-06,-4.004012225777842e-06,,,,,3.777090814044495,,1320,2.0416666666666665
13.049999999988188,retreat,13.050000680610538,12.005985441207887,17.99052357673645,0.0002384185791015625,-0.5928750615566969,3.7287239580718925,0.03803615618380718,0.08846931922527276,3.4263741970062256,0.07448238134384155,8.7762451171875,-0.04604737478075549,73,3.439753293991089,0.10582605749368668,0.037361133843660355,0.005300353281199932,0.002374106814386323,-18.250198679884605,-0.0063696932047605515,-0.07379224896430969,-3.4255735874176025,0.07442516833543777,0.0028650586027652025,-0.0005571680376306176,1.2570807484735269e-05,-0.0005131341749802232,0.03252934664487839,0.9994706511497498,-0.000909270893316716,0.0002434136113151908,-0.0007177347433753312,0.0025607310235500336,-0.09033998847007751,-0.015124066732823849,-0.47544899582862854,0.5591986775398254,0.49976083636283875,-2.007282257080078,-0.5181857943534851,2.4454596042633057,1.1545685529708862,0.0019326367182657123,0.0010146965505555272,-0.0030024172738194466,-0.0034971421118825674,0.0016670094337314367,0.0022514325100928545,-0.0008664550259709358,0.5999659895896912,0.0015102881006896496,0.0893368050456047,0.0331297442317009,0.9994508624076843,4.8058878746815026e-05,0.0005320855416357517,-2.835113264154643e-07,-4.2269937694072723e-05,0.032395653426647186,2.093650255119428e-05,-6.028802818036638e-05,0.9999997019767761,0.0006006943876855075,0.0330539233982563,0.18009747564792633,-3.4348762035369873,-0.10546226054430008,0.008707348257303238,-0.0010241931304335594,0.029400689527392387,0.047770291566848755,3.4392952919006348,-0.07959019392728806,-0.0038669821806252003,0.0011993555817753077,-2.562999725341797e-05,0.0016256066737696528,0.02494708076119423,0.003995414823293686,0.004008343443274498,5.158169187780004e-06,7.3450792115181684e-06,,,,,3.777090814044495,,1320,2.05
13.058333333321514,retreat,13.058334014378488,11.956800114183565,17.989923804998398,-0.0008344650268554688,-0.5920311668887734,3.723153361934068,0.04198284659651108,0.07912936237050427,3.8595380783081055,0.07936742901802063,8.59869384765625,-0.04604737478075549,77,3.8052120208740234,0.10753268748521805,0.06895028799772263,0.011718252673745155,0.0072947952430695295,-18.249211508328763,-0.11645054072141647,-0.04631432145833969,-3.8575029373168945,0.07936173677444458,0.0008883920963853598,-0.0003381138958502561,-1.5638253216820885e-06,-0.0005289487889967859,0.0324803926050663,0.9994722008705139,-0.0007297358242794871,0.0007520317449234426,-0.001231448957696557,0.03514949232339859,-0.12322581559419632,-0.010166262276470661,-0.4754486083984375,0.5591914057731628,0.49975764751434326,-2.007293701171875,-0.5182037353515625,2.4454596042633057,1.1545825004577637,0.0023382871877402067,0.001390981487929821,-0.003632156876847148,-0.0038787329103797674,0.0030004759319126606,0.0006869764183647931,-0.001937305205501616,0.5999625325202942,0.0015078093856573105,0.08933639526367188,0.03313734382390976,0.99945068359375,4.847396121476777e-05,0.0005317406030371785,2.1236737666185945e-06,-4.6010129153728485e-05,0.03239443525671959,4.321579581301194e-06,-4.714306123787537e-05,0.9999997615814209,0.000657277530990541,0.07770027220249176,0.21554052829742432,-3.7983078956604004,-0.10752683132886887,0.0007669020560570061,-0.0008191209635697305,0.07366415858268738,0.03653624653816223,3.8043253421783447,-0.07656489312648773,0.010487474501132965,4.695344250649214e-05,-2.6464462280273438e-05,0.0016231625340878963,0.024947233498096466,0.0039954110980033875,0.004008452408015728,5.1518145482987165e-06,7.3400442488491535e-06,,,,,3.777090814044495,,1320,2.058333333333333
13.06666666665484,retreat,13.066667348146439,11.907485741157627,17.98641085624695,0.0011324882507324219,-0.5928869359195232,3.729669083133903,0.03663064126158133,0.07912936237050427,3.170236349105835,0.06960804015398026,8.578458786010742,-0.04493314918363467,72,3.229151725769043,0.11206074804067612,0.09324628859758377,0.016264475882053375,0.0006787433521822095,-18.24615168663713,-0.09360620379447937,0.1618882417678833,-3.1647162437438965,0.06959047168493271,-0.0015059389406815171,-0.00042246191878803074,4.833278580917977e-05,-0.0005373645108193159,0.03253716602921486,0.9994704127311707,-0.0012827457394450903,0.0010739588178694248,-0.0007362597389146686,-0.024786848574876785,-0.011934642679989338,-0.031991902738809586,-0.4754534065723419,0.5591827034950256,0.49976423382759094,-2.00730299949646,-0.518213152885437,2.4455010890960693,1.1545934677124023,0.0015708026476204395,0.001141308923251927,-0.0021380335092544556,-0.003730388591066003,0.003942197188735008,0.003423118032515049,-0.0020945649594068527,0.599969208240509,0.0015119034796953201,0.08934210240840912,0.03313274681568146,0.9994507431983948,4.862903369939886e-05,0.0005524411099031568,-3.928980731870979e-06,-4.091951996088028e-05,0.03239693492650986,1.8263974197907373e-05,-9.67387022683397e-05,0.9999997615814209,0.0005958526162430644,0.14436133205890656,0.3211842179298401,-3.2098941802978516,-0.10709130764007568,0.03299110010266304,0.000805992865934968,0.1408257633447647,-0.10787147283554077,3.224276065826416,-0.060820162296295166,-0.012182747945189476,-6.199732888489962e-05,-2.676248550415039e-05,0.001625998062081635,0.02494705095887184,0.0039954050444066525,0.004008528310805559,5.1562287808337715e-06,7.344788173213601e-06,,,,,3.777090814044495,,1320,2.0666666666666664
13.074999999988165,retreat,13.07500068191439,11.858043224549661,17.98528954386711,-0.00011920928955078125,-0.5945854354649782,3.7341289462782172,0.03543460479704663,0.07912936237050427,4.084476470947266,0.06865820288658142,8.815393447875977,-0.045391945604933426,77,3.995755910873413,0.11365905404090881,0.12872017920017242,0.025320548564195633,-0.003977295011281967,-18.24534052749997,-0.19209566712379456,-0.07615086436271667,-4.0792460441589355,0.06865793466567993,-7.809148519299924e-05,0.00017417577328160405,-7.938036105770152e-06,-0.0005417470238171518,0.032576244324445724,0.9994690418243408,-0.0011614415561780334,0.00039459348772652447,-0.0012796887895092368,-0.11880240589380264,-0.14127373695373535,-0.07845638692378998,-0.47545403242111206,0.5591766834259033,0.499764621257782,-2.007317066192627,-0.5182278752326965,2.4455010890960693,1.1546071767807007,0.002291690791025758,0.0015193931758403778,-0.0033333825413137674,-0.004134306218475103,0.002960968529805541,-0.0013004991924390197,-0.0017474519554525614,0.5999640822410583,0.0015116184949874878,0.08934013545513153,0.03313831984996796,0.9994506239891052,4.9434122047387064e-05,0.0005499778199009597,1.0638541425578296e-07,-3.966502845287323e-05,0.03239396587014198,9.586621672497131e-06,-4.151029861532152e-05,0.9999997615814209,0.0005623565521091223,0.11256848275661469,0.23638950288295746,-3.987168550491333,-0.11344791203737259,-0.006641155108809471,-0.001961121568456292,0.10818685591220856,0.028255701065063477,3.9941916465759277,-0.07945960760116577,0.022972891107201576,0.0003570523113012314,-2.7060508728027344e-05,0.0016279472038149834,0.024946920573711395,0.003995399456471205,0.004008643329143524,5.170198164705653e-06,7.361115422099829e-06,,,,,3.777090814044495,,1320,2.075
13.083333333321491,retreat,13.08333401568234,11.808473466779265,17.98076704144478,0.0023245811462402344,-0.5844059633091092,3.717521759081357,0.0437146081821993,0.09691328065893987,2.611297130584717,0.07120078057050705,8.761791229248047,-0.04729268766823225,72,2.7620644569396973,0.10884594917297363,0.1784583032131195,0.025693191215395927,0.0005534024676308036,-18.23966309983383,-0.13313037157058716,0.016303226351737976,-2.6078503131866455,0.07117778807878494,-0.001808306435123086,6.366302841342986e-05,-5.264920037006959e-05,-0.0005100647103972733,0.03243158757686615,0.9994738698005676,-0.0017751744017004967,0.00017586309695616364,0.00011491845361888409,0.007419954519718885,0.030821382999420166,-0.017761752009391785,-0.4754626750946045,0.5591630339622498,0.49977636337280273,-2.00732159614563,-0.5182491540908813,2.4455361366271973,1.1546279191970825,0.0010307451011613011,0.00030914938542991877,-0.0016428015660494566,-0.0032515807542949915,0.001745474524796009,0.0023487121798098087,-0.0006944088963791728,0.599973201751709,0.0015142648480832577,0.0893503949046135,0.0331384539604187,0.9994505643844604,4.885593443759717e-05,0.000574056408368051,-8.132885341183282e-06,-4.757102578878403e-05,0.03239917382597923,6.381201092153788e-05,5.5049513321137056e-06,0.9999996423721313,0.000707252707798034,0.23944608867168427,0.17755243182182312,-2.745931625366211,-0.09211351722478867,0.05795580521225929,0.001914536696858704,0.23629675805568695,0.004761755466461182,2.751934766769409,-0.06658947467803955,-0.02346925437450409,-0.0004275464452803135,-2.5570392608642578e-05,0.0016207247972488403,0.0249473974108696,0.003980293869972229,0.003993245307356119,5.282120582705829e-06,7.531692972406745e-06,,,,,3.777090814044495,,1320,2.0833333333333335
13.091666666654817,retreat,13.09166734945029,11.758777370266024,17.978114634752274,0.0026226043701171875,-0.5915004294365644,3.723311134755362,0.04261913272785023,0.07912936237050427,4.779025077819824,0.07792364060878754,8.732081413269043,-0.037395599065348506,77,4.594866752624512,0.11152547597885132,0.2563989460468292,0.04217952489852905,-0.03259510500356555,-18.23741331022075,-0.3141544461250305,-0.21560850739479065,-4.763811111450195,0.07779484242200851,-0.00447469437494874,0.00018209201516583562,0.00011381203512428328,-0.000578413950279355,0.032481301575899124,0.9994721412658691,-0.002072525443509221,0.0003140669141430408,0.005728558637201786,-0.06793462485074997,-0.1105116456747055,0.17097437381744385,-0.4754658341407776,0.5591508746147156,0.49977609515190125,-2.0073366165161133,-0.518268346786499,2.445507049560547,1.154640793800354,0.0024802335537970066,0.0012005659518763423,-0.004223754163831472,-0.004835786763578653,0.0029960330575704575,-0.004719811957329512,-0.0022198213264346123,0.5999634265899658,0.0015088696964085102,0.0893494039773941,0.03315214067697525,0.999450147151947,4.958517092745751e-05,0.0005611350643448532,2.7795322239398956e-06,-4.652049392461777e-05,0.03239566460251808,-1.1874914889631327e-05,-0.00016425752255599946,0.9999997615814209,0.0006711070891469717,0.1452758014202118,0.1625998169183731,-4.589690208435059,-0.1086718961596489,-0.02486131526529789,-0.0032040050718933344,0.14012263715267181,0.14192596077919006,4.590536117553711,-0.08540154993534088,0.0459618866443634,6.950250826776028e-05,-2.872943878173828e-05,0.0016232110792770982,0.024947233498096466,0.00399573240429163,0.004009129945188761,5.203654382057721e-06,7.422146154567599e-06,,,,,3.777090814044495,,1320,2.091666666666667
13.099999999988142,retreat,13.10000068321824,11.708955837429535,17.975812405347824,0.003814697265625,-0.5931772757321596,3.7317160340890263,0.03729444506461732,0.07912936237050427,2.991058588027954,0.06754078716039658,8.573090553283691,-0.044802058255299926,77,3.104562997817993,0.12119907140731812,0.2203563153743744,0.05461163818836212,-0.0024987158831208944,-18.235695587493595,-0.035057902336120605,0.24784259498119354,-2.9805662631988525,0.06753379851579666,-0.0008024401031434536,-0.0005478090606629848,9.613807924324647e-05,-0.0005983383161947131,0.03255394101142883,0.9994698762893677,-0.00122770422603935,0.0010740731377154589,-0.000748033111449331,-0.0643242746591568,-0.009988849982619286,-0.029729658737778664,-0.47546806931495667,0.5591406226158142,0.49977603554725647,-2.0073561668395996,-0.5182763338088989,2.4455528259277344,1.154651403427124,0.0014126042369753122,0.0007932282169349492,-0.002223189687356353,-0.004722283687442541,0.004223297815769911,0.005940721835941076,-0.002081893617287278,0.5999659299850464,0.0015119938179850578,0.08935147523880005,0.03314817696809769,0.9994502067565918,4.982692553312518e-05,0.0005786002147942781,3.363056748639792e-07,-4.1458290070295334e-05,0.032395750284194946,-1.4904993804520927e-05,-0.000146882317494601,0.9999997615814209,0.000594476645346731,0.1915571242570877,0.3436099588871002,-3.0795371532440186,-0.09410879760980606,0.07629256695508957,0.0034917942248284817,0.1880062222480774,-0.13877874612808228,3.0957565307617188,-0.044589199125766754,-0.04874801263213158,-0.0003060863818973303,-2.9742717742919922e-05,0.0016268370673060417,0.024946995079517365,0.003994452767074108,0.004007941111922264,5.324236099113477e-06,7.594208000227809e-06,,,,,3.777090814044495,,1320,2.1
13.108333333321468,retreat,13.108334016986191,11.659009770689387,17.972522974014282,0.0040531158447265625,-0.5859069060534239,3.721575266364117,0.04421384073793888,0.11190581936148891,3.774090528488159,0.06936370581388474,8.754154205322266,-0.046178451157175004,72,3.7394540309906006,0.11805687844753265,0.08558682352304459,0.02768486551940441,-0.005578738026088104,-18.231700930307916,-0.18473020195960999,-0.057696908712387085,-3.76912522315979,0.0692371055483818,-0.004187485668808222,-0.0001106282725231722,6.498980656033382e-05,-0.0005941282142885029,0.032465580850839615,0.9994726181030273,-0.0013038943288847804,0.0006312182522378862,0.00015360384713858366,-0.06950577348470688,-0.04956897348165512,0.09822281450033188,-0.47547683119773865,0.5591266751289368,0.49978768825531006,-2.0073702335357666,-0.5182921886444092,2.4455528259277344,1.1546674966812134,0.0015530205564573407,0.0007022579666227102,-0.0025108044501394033,-0.004462007898837328,0.0026017858181148767,2.5069815819733776e-05,-0.0014357666950672865,0.5999632477760315,0.0015129735693335533,0.08935537934303284,0.033152807503938675,0.9994500279426575,4.985118721378967e-05,0.0005812475574202836,3.085617208853364e-06,-4.8075802624225616e-05,0.03239593654870987,-9.087745638680644e-06,-0.00011560549319256097,0.9999995231628418,0.0006875310209579766,0.12578824162483215,0.23817136883735657,-3.729741096496582,-0.1176186054944992,-0.009616181254386902,-0.0032891270238906145,0.12145697325468063,0.009536206722259521,3.7374684810638428,-0.08339551091194153,0.02794576622545719,0.0013497699983417988,-2.956390380859375e-05,0.0016224249266088009,0.024947281926870346,0.003979751840233803,0.003993928898125887,5.393641913542524e-06,7.682247087359428e-06,,,,,3.777090814044495,,1320,2.1083333333333334
13.116666666654794,retreat,13.116667350754142,11.60894007246517,17.97153577208519,0.0059604644775390625,-0.588357332162559,3.7249936296347346,0.04541980160865933,0.07912936237050427,4.0625319480896,0.061872370541095734,8.309722900390625,-0.0385753701266367,73,4.027641296386719,0.09966745972633362,0.035917967557907104,0.007769061718136072,-0.006086201639845967,-18.230951454695596,-0.03339320421218872,0.00777861475944519,-4.062386989593506,0.06182125210762024,-0.002484001684933901,-0.0003905276826117188,0.00015772503684274852,-0.0006665169494226575,0.032494284212589264,0.9994716644287109,-0.002070382470265031,0.0006303951959125698,-0.0006844712188467383,-0.13029545545578003,0.012897168286144733,-0.04177987575531006,-0.47547948360443115,0.5591163635253906,0.499788761138916,-2.007387399673462,-0.5183132290840149,2.4455528259277344,1.1546869277954102,0.0023121549747884274,0.001271320739760995,-0.0035685114562511444,-0.004638731479644775,0.0020218549761921167,0.002265883842483163,-0.0008048728341236711,0.5999577641487122,0.0015114648267626762,0.0893549844622612,0.03316092863678932,0.9994498491287231,4.988175714970566e-05,0.000580095686018467,1.0552594176260754e-05,-4.757009446620941e-05,0.0323946513235569,-7.951332372613251e-05,-0.00021074862161185592,0.9999997615814209,0.0006668749265372753,0.04616396874189377,0.27342551946640015,-4.018084526062012,-0.09898867458105087,0.011583621613681316,0.0008157062693499029,0.0415082648396492,-0.006477713584899902,4.027421951293945,-0.05967795103788376,-0.0049234782345592976,-0.0005548944463953376,-3.30805778503418e-05,0.001623861026018858,0.024947188794612885,0.003981009125709534,0.003994039725512266,5.161933586350642e-06,7.355381967499852e-06,,,,,3.777090814044495,,1320,2.1166666666666667
13.12499999998812,retreat,13.125000684522092,11.558747645176481,17.970746010541916,0.005602836608886719,-0.5894621135666966,3.729669083133903,0.04013427678728476,0.06852804166478502,3.651296615600586,0.0577206015586853,8.11705207824707,-0.04139370867051184,69,3.6811769008636475,0.10147610306739807,0.07478456944227219,0.014583887532353401,-0.006252397550269961,-18.230486840932098,0.06635557115077972,0.11469884216785431,-3.6488912105560303,0.05770844593644142,-0.0011340767377987504,-0.00034222204703837633,0.00010099136125063524,-0.0006667545530945063,0.0325351357460022,0.9994703531265259,-0.0009647060069255531,0.001537122530862689,-0.0007543182000517845,-0.13817380368709564,-0.028633510693907738,0.020004233345389366,-0.47548016905784607,0.5591091513633728,0.49978965520858765,-2.0074005126953125,-0.5183368921279907,2.445598602294922,1.154708981513977,0.0023980101104825735,0.001548484549857676,-0.0033183086197823286,-0.004037503618746996,0.0015221090288832784,0.005216651596128941,-0.00031639798544347286,0.5999631285667419,0.0015143249183893204,0.08935807645320892,0.03316116705536842,0.9994498491287231,5.054736902820878e-05,0.0006012351368553936,3.456945705693215e-06,-4.378287121653557e-05,0.032397203147411346,-6.048069553798996e-05,-0.000154006716911681,0.9999998211860657,0.0006262686219997704,-0.0017835437320172787,0.32700076699256897,-3.666623830795288,-0.10068576037883759,0.012636286206543446,-0.00031850000959821045,-0.006182403303682804,-0.0832366943359375,3.6802289485931396,-0.053604669868946075,-0.012839529663324356,0.0011084481375291944,-3.314018249511719e-05,0.0016258986433967948,0.02494705468416214,0.003979735542088747,0.003994059283286333,5.511878043762408e-06,7.852038834244013e-06,,,,,3.777090814044495,,1320,2.125
13.133333333321445,retreat,13.133334018290043,11.508433391242908,17.96760931611061,0.005781650543212891,-0.5878431256860495,3.7228377962606203,0.04495682878769003,0.08846931922527276,3.693840980529785,0.07070069015026093,7.957574367523193,-0.04257360706105828,71,3.6951816082000732,0.10191842913627625,0.06065165996551514,0.0168707724660635,-0.004442392382770777,-18.226875073765825,-0.0645696222782135,-0.1528838872909546,-3.690110921859741,0.07069208472967148,-0.0011027122382074594,-3.057968569919467e-05,3.539574390742928e-05,-0.0006195079768076539,0.032476458698511124,0.9994722604751587,-0.0013686246238648891,0.00047248933697119355,0.0009111245162785053,-0.01469847746193409,-0.020212195813655853,0.09115675091743469,-0.4754791855812073,0.5591016411781311,0.4997880160808563,-2.0074057579040527,-0.5183709859848022,2.445598602294922,1.1547355651855469,0.002627600682899356,0.00135318364482373,-0.003933460917323828,-0.0032475804910063744,-5.402536771725863e-06,0.00134118995629251,0.0002107987820636481,0.5999631881713867,0.001511609647423029,0.0893600732088089,0.033173125237226486,0.9994494318962097,5.089135083835572e-05,0.0006058984436094761,3.275461494922638e-06,-4.880689084529877e-05,0.03239577263593674,-1.0760477380244993e-05,-8.711338159628212e-05,0.9999997019767761,0.0006969888345338404,0.051413923501968384,0.150178000330925,-3.691770553588867,-0.10162542760372162,-0.007618619594722986,-0.001262999139726162,0.04693950340151787,0.09495991468429565,3.6936628818511963,-0.0801122784614563,0.01509785559028387,0.00016794478869996965,-3.0875205993652344e-05,0.001622967072762549,0.024947240948677063,0.003980989567935467,0.003994095139205456,5.189719558984507e-06,7.3892297223210335e-06,,,,,3.777090814044495,,1320,2.1333333333333333
13.141666666654771,retreat,13.141667352057993,11.457998213084043,17.965977638959885,0.004947185516357422,-0.587737187743187,3.718206427074209,0.048341109504690394,0.08846931922527276,3.7278730869293213,0.0551883690059185,6.478396892547607,-0.04139370867051184,75,3.74255633354187,0.09021521359682083,0.029972955584526062,0.005854870192706585,-0.009079155279323459,-18.224921312124952,-0.029341652989387512,0.05065149813890457,-3.7274134159088135,0.055172380059957504,0.001328189391642809,2.117105759680271e-05,-5.7493663916829973e-05,-0.0005844018887728453,0.03243673965334892,0.9994735717773438,-0.0010706352768465877,-0.00015434517990797758,0.002362813102081418,-0.0024099531583487988,-0.06706024706363678,-0.019482556730508804,-0.4754785895347595,0.5590941905975342,0.49978697299957275,-2.007408380508423,-0.5184004306793213,2.445598602294922,1.1547582149505615,0.0024893321096897125,0.0014927700394764543,-0.003477099584415555,-0.0030325010884553194,0.0010229477193206549,0.001990016084164381,-0.0003502274048514664,0.5999642014503479,0.001508872490376234,0.08936305344104767,0.03318393975496292,0.9994490742683411,5.1260885811643675e-05,0.0006111387629061937,1.0863841453101486e-06,-5.2434392273426056e-05,0.03239693492650986,2.6489586161915213e-05,6.6599291130842175e-06,0.9999997019767761,0.0007476055179722607,0.04984816163778305,0.27816256880760193,-3.7318718433380127,-0.0896180272102356,0.010351096279919147,0.0005000439705327153,0.04529383033514023,-0.030003070831298828,3.7421629428863525,-0.049627285450696945,-0.0031787888146936893,-0.0003478389116935432,-2.9325485229492188e-05,0.0016209816094487906,0.024947375059127808,0.003965706564486027,0.00397861422970891,5.297337338561192e-06,7.551891030743718e-06,,,,,3.777090814044495,,1320,2.1416666666666666
13.149999999988097,retreat,13.150000685825944,11.407443013119478,17.962393909692764,0.004947185516357422,-0.5881675751879811,3.7232059536163096,0.04577939762384631,0.07912936237050427,3.87798810005188,0.04687891900539398,6.249319076538086,-0.04139370867051184,72,3.863722562789917,0.10353634506464005,0.0643731877207756,0.006890210788697004,-0.006892610806971788,-18.221685270454305,-0.05939390882849693,0.24366673827171326,-3.8698694705963135,0.046863455325365067,0.0011985460296273232,0.00011419156362535432,-0.00010327273048460484,-0.0005695937434211373,0.03248037025332451,0.9994722008705139,-0.0011078588431701064,0.0011180213186889887,0.0007289843633770943,-0.07085420936346054,-0.07631445676088333,-0.021087396889925003,-0.47548121213912964,0.5590882897377014,0.4997955560684204,-2.0074121952056885,-0.5184177756309509,2.445598602294922,1.1547771692276,0.0021039501298218966,0.0019004670903086662,-0.002172054722905159,-0.003184443572536111,0.002947890665382147,0.0020310133695602417,-0.0011006324784830213,0.5999647378921509,0.001511202659457922,0.08936622738838196,0.033188458532094955,0.9994488954544067,5.125515963300131e-05,0.0006152618443593383,2.830565790645778e-07,-4.99458983540535e-05,0.032396696507930756,4.389640162116848e-05,5.306726961862296e-05,0.9999997615814209,0.0007085074321366847,0.05595501884818077,0.4363395571708679,-3.838597297668457,-0.10331815481185913,0.006706940941512585,0.0003871459048241377,0.051247935742139816,-0.18071669340133667,3.8591530323028564,-0.04047249257564545,0.0013435613363981247,-0.0005244226194918156,-2.86102294921875e-05,0.0016231584595516324,0.024947233498096466,0.003966985736042261,0.003979917149990797,5.132937985763419e-06,7.31245381757617e-06,,,,,3.777090814044495,,1320,2.15
13.158333333321423,retreat,13.158334019593894,11.356768693768805,17.96415224671364,0.0057220458984375,-0.5914311623200774,3.73287022988894,0.04101447120774537,0.09691328065893987,4.616855144500732,0.058678701519966125,7.460426330566406,-0.042049137846333906,71,4.517499923706055,0.11134117841720581,0.11340184509754181,0.010999025776982307,-0.0037586665712296963,-18.224115695315554,-0.01456819474697113,-0.0033850669860839844,-4.616830825805664,0.05865882337093353,0.0015269542345777154,2.4196342565119267e-05,-5.584155587712303e-05,-0.0006418878911063075,0.032563190907239914,0.9994694590568542,-0.001703087706118822,0.0007381592295132577,-0.0010065530659630895,-0.12614448368549347,-0.04487970843911171,-0.012599022127687931,-0.4754754304885864,0.559090793132782,0.49979421496391296,-2.0074214935302734,-0.5184389352798462,2.445598602294922,1.154799222946167,0.0034511385019868612,0.0029189519118517637,-0.00405254028737545,-0.00348142278380692,0.0018719024956226349,0.0009284161496907473,-0.00037126350798644125,0.5999600291252136,0.0015137526206672192,0.08936124294996262,0.03319419175386429,0.9994486570358276,5.197229256737046e-05,0.0006120077450759709,5.979058187222108e-06,-4.4302549213171005e-05,0.032393865287303925,-3.0010129194124602e-05,2.492027533662622e-06,0.9999996423721313,0.0006313452031463385,-0.027315109968185425,0.3229690194129944,-4.505857467651367,-0.11070652306079865,-0.011867344379425049,-0.0003001449513249099,-0.03282241150736809,-0.023289740085601807,4.517319202423096,-0.06424931436777115,0.00794119294732809,-0.00030555317061953247,-3.218650817871094e-05,0.0016272939974442124,0.02494695782661438,0.003982021939009428,0.003995404578745365,5.019171112508047e-06,7.152557373046875e-06,,,,,3.777090814044495,,1320,2.158333333333333
13.166666666654748,retreat,13.166667353361845,11.305976157451614,17.961369454860687,0.00667572021484375,-0.5916537484154105,3.7386358715854286,0.03526921500451863,0.07912936237050427,2.606311798095703,0.048041779547929764,6.465628623962402,-0.04453989095054567,72,2.7976715564727783,0.09474620968103409,0.23389586806297302,0.026379026472568512,-0.0057723079808056355,-18.221733862989886,-0.006620839238166809,0.020877718925476074,-2.60621976852417,0.04804009571671486,0.0003984016366302967,5.5613345466554165e-05,-0.00010005325020756572,-0.0005765965906903148,0.03261483833193779,0.9994678497314453,-0.0006842836737632751,0.0007469285046681762,0.0010303985327482224,-0.058820389211177826,-0.004312540404498577,0.04400322586297989,-0.4754740297794342,0.5590886473655701,0.4997996985912323,-2.0074214935302734,-0.5184789299964905,2.4456427097320557,1.1548348665237427,0.0020950830075889826,0.0014915278879925609,-0.0021464719902724028,-0.0015307471621781588,-0.0016205243300646544,0.003466190304607153,0.0020719377789646387,0.5999710559844971,0.0015188255347311497,0.08936716616153717,0.033197518438100815,0.9994485974311829,5.346407851902768e-05,0.0006391291390173137,-5.858226359123364e-06,-3.944290801882744e-05,0.032397348433732986,6.093339470680803e-05,4.8263987991958857e-05,0.9999997615814209,0.0005830310983583331,0.14983122050762177,0.20189690589904785,-2.786351442337036,-0.08169841766357422,0.047963742166757584,0.001300872303545475,0.14627455174922943,-0.016531795263290405,2.793797016143799,-0.05263720452785492,-0.026369992643594742,0.0003871476510539651,-2.8967857360839844e-05,0.001629871316254139,0.024946797639131546,0.0039659286849200726,0.003979922272264957,5.3299354476621374e-06,7.600465323776007e-06,,,,,3.777090814044495,,1320,2.1666666666666665
13.174999999988074,retreat,13.175000687129796,11.2550663065875,17.957398295402527,0.006198883056640625,-0.5935091758146882,3.7345484242645783,0.041589770262362435,0.09691328065893987,4.8991475105285645,0.07964654266834259,9.036901473999023,-0.04453989095054567,78,4.702630043029785,0.10601066797971725,0.28815460205078125,0.055151570588350296,0.008245617151260376,-18.21747845080413,-0.3218739628791809,-0.3506937026977539,-4.875967025756836,0.07962752133607864,-0.0016388726653531194,0.0005861138924956322,-8.687861554790288e-05,-0.0005809717695228755,0.032578956335783005,0.9994689226150513,-0.0014747544191777706,-0.0010133653413504362,-0.0013985589612275362,0.0202673077583313,-0.1525878757238388,-0.08353563398122787,-0.4754723906517029,0.5590822696685791,0.4997999370098114,-2.0074095726013184,-0.51851886510849,2.4456088542938232,1.154862403869629,0.0033036265522241592,0.002000819193199277,-0.004671554081141949,-0.002720615593716502,0.0002476653316989541,-0.006745018996298313,-0.00033293190062977374,0.5999721884727478,0.001512125600129366,0.0893721655011177,0.03321738541126251,0.9994478821754456,5.387666169553995e-05,0.0006363749853335321,-7.2905786510091275e-06,-4.563387483358383e-05,0.0323980413377285,5.425488780019805e-05,3.442057641223073e-05,0.9999996423721313,0.0006387989851646125,0.1335056722164154,0.07311050593852997,-4.70016622543335,-0.09942279756069183,-0.036632370203733444,-0.0033820439130067825,0.12751474976539612,0.2391526848077774,4.694814682006836,-0.0890829786658287,0.05597366765141487,-0.00044355401769280434,-2.9146671295166016e-05,0.0016280801501125097,0.024946916848421097,0.003994994796812534,0.004007888957858086,5.023846824769862e-06,7.151247700676322e-06,,,,,3.777090814044495,,1320,2.175
13.1833333333214,retreat,13.183334020897746,11.204040043596052,17.95784905552864,0.00667572021484375,-0.5928335012868047,3.7339716299012387,0.04137023279326968,0.10467831195095843,3.840592384338379,0.07204419374465942,8.312237739562988,-0.046375080273719504,77,3.869079113006592,0.11887853592634201,0.13520118594169617,0.04229050129652023,0.0021015764214098454,-18.217889098900923,-0.23709838092327118,0.25143271684646606,-3.825011968612671,0.07204122841358185,0.00043963314965367317,0.0004841589252464473,-0.00010009670222643763,-0.0005879029049538076,0.03257402405142784,0.9994690418243408,-0.0013654382200911641,0.001048266887664795,-0.0012434781529009342,-0.02917846105992794,-0.11855551600456238,-0.08077669143676758,-0.47546663880348206,0.5590810179710388,0.49979278445243835,-2.007424831390381,-0.5185244679450989,2.4456088542938232,1.1548709869384766,0.0023516835644841194,0.002029522554948926,-0.0028590126894414425,-0.004239092115312815,0.005571248009800911,0.0013213196070864797,-0.0030029057525098324,0.59996497631073,0.0015127426013350487,0.08936646580696106,0.03322049230337143,0.999447762966156,5.38779167982284e-05,0.0006295432685874403,8.474671631120145e-07,-4.5544467866420746e-05,0.032392799854278564,4.00639146391768e-05,4.716673356597312e-05,0.9999995827674866,0.000646853179205209,0.2874346375465393,0.38394081592559814,-3.8392374515533447,-0.09594807028770447,0.07009006291627884,0.003668362507596612,0.2826147675514221,-0.12810873985290527,3.8566160202026367,-0.0406508594751358,-0.028748583048582077,-0.0018011878710240126,-2.956390380859375e-05,0.0016278335824608803,0.024946928024291992,0.0039946408942341805,0.0040078479796648026,5.288971806294285e-06,7.544324034824967e-06,,,,,3.777090814044495,,1320,2.183333333333333
13.191666666654726,retreat,13.191667354665697,11.152898270896863,17.952700704336166,0.009119510650634766,-0.5930232582613826,3.7396832163963563,0.03682821989059448,0.07912936237050427,3.2403829097747803,0.07731446623802185,8.924288749694824,-0.04565411654766649,68,3.3402962684631348,0.11723780632019043,0.11724292486906052,0.012678061611950397,0.005326411221176386,-18.213137947593108,-0.16083043813705444,-0.08413088321685791,-3.235295534133911,0.07729397714138031,-0.0017655647825449705,0.00022460317995864898,-8.31603174447082e-05,-0.0005915204528719187,0.03262363001704216,0.9994674921035767,-0.0019845054484903812,0.0006692691240459681,-0.0005660300375893712,0.03999897465109825,0.005329609382897615,-0.02698800340294838,-0.47547417879104614,0.5590696334838867,0.49980786442756653,-2.0074286460876465,-0.5185410976409912,2.445632219314575,1.1548898220062256,0.0016764230094850063,0.0009326008148491383,-0.0022761663421988487,-0.0032230087090283632,0.00235287519171834,0.001105575356632471,-0.0011489525204524398,0.5999716520309448,0.001517214346677065,0.08937525749206543,0.03322029858827591,0.999447762966156,5.3965544793754816e-05,0.0006476332200691104,-4.561436071526259e-06,-4.112301394343376e-05,0.032396744936704636,5.5092034017434344e-05,3.065448618144728e-05,0.9999997615814209,0.000597017293330282,0.22059620916843414,0.17111101746559143,-3.328608989715576,-0.11040636897087097,0.039430227130651474,-0.0006284398841671646,0.21628616750240326,0.050332337617874146,3.3329081535339355,-0.08582346886396408,-0.007530290633440018,0.0010276325047016144,-2.968311309814453e-05,0.001630310551263392,0.024946771562099457,0.003994657192379236,0.0040078856982290745,5.299159056448843e-06,7.537775672972202e-06,,,,,3.777090814044495,,1320,2.1916666666666664
13.199999999988052,retreat,13.200000688433647,11.101641890909523,17.948662489652634,0.008761882781982422,-0.5935158114880323,3.73716909643803,0.039384583942592144,0.06852804166478502,4.651358604431152,0.0763939693570137,8.876080513000488,-0.04591628021444194,75,4.535477638244629,0.10773410648107529,0.16012439131736755,0.025688569992780685,0.004181724274531007,-18.208924894213116,-0.250431627035141,-0.17255769670009613,-4.6414055824279785,0.07638999074697495,-0.0006932287360541523,0.0003572802525013685,-4.9700112867867574e-05,-0.0006161530036479235,0.03260151669383049,0.9994682669639587,-0.0014007139252498746,0.00040657009230926633,-0.001385214738547802,-0.02092215232551098,-0.1520799696445465,-0.08252789825201035,-0.4754776656627655,0.5590578317642212,0.49981144070625305,-2.007439613342285,-0.5185604691505432,2.4456164836883545,1.1549049615859985,0.002553457161411643,0.001350912731140852,-0.003975364379584789,-0.0041341157630085945,0.0029240408912301064,-0.0033289752900600433,-0.002007217612117529,0.5999667048454285,0.0015147272497415543,0.08937694132328033,0.03323040157556534,0.9994474649429321,5.47787276445888e-05,0.0006431092042475939,3.2276147976517677e-07,-4.361104220151901e-05,0.03239426389336586,2.709388718358241e-05,-4.584863290801877e-06,0.9999998211860657,0.0006292284233495593,0.15394631028175354,0.18443544209003448,-4.529110431671143,-0.10766305029392242,-0.00365943624638021,-0.0013835134450346231,0.14811985194683075,0.11683699488639832,4.531554222106934,-0.08121947944164276,0.025923611596226692,-0.00043733115307986736,-3.0875205993652344e-05,0.0016292076325044036,0.02494683861732483,0.0039946651086211205,0.00400795741006732,5.292901732900646e-06,7.5414718594402075e-06,,,,,3.777090814044495,,1320,2.2
13.208333333321377,retreat,13.208334022201598,11.050271806053626,17.948390543460846,0.008761882781982422,-0.5884027341380715,3.7293540680225012,0.04405684012454003,0.06852804166478502,3.771022319793701,0.06517259776592255,7.996267318725586,-0.04650616756407544,75,3.8299810886383057,0.10816117376089096,0.10919646918773651,0.03027758002281189,-0.002743349177762866,-18.208109466626386,-0.08002695441246033,0.09123599529266357,-3.769068956375122,0.06516619771718979,0.0009083502227440476,-9.427420445717871e-05,-3.3812793844845146e-05,-0.0006270688027143478,0.03253313899040222,0.9994704723358154,-0.0007213926292024553,0.0007841103943064809,-0.0004155391361564398,-0.055909279733896255,-0.10952112078666687,-0.024977175518870354,-0.4754789471626282,0.5590485334396362,0.49981075525283813,-2.007452964782715,-0.5185744166374207,2.4456422328948975,1.1549177169799805,0.0022418214939534664,0.001234773313626647,-0.0034005800262093544,-0.00423132348805666,0.0034159542992711067,0.0027960403822362423,-0.0018955264240503311,0.5999678373336792,0.0015153111889958382,0.08937928080558777,0.033232081681489944,0.9994474649429321,5.5049164075171575e-05,0.0006543676136061549,-1.5413279470521957e-06,-4.8376619815826416e-05,0.03239603713154793,2.7962694730376825e-05,-2.07777429750422e-05,0.9999998211860657,0.0006993081187829375,0.16345186531543732,0.2955859303474426,-3.8150579929351807,-0.0948893129825592,0.05187128856778145,0.002056328346952796,0.15846730768680573,-0.04148370027542114,3.82647705078125,-0.05236683040857315,-0.028345543891191483,-0.00023516907822340727,-3.141164779663086e-05,0.0016257945680990815,0.02494705840945244,0.003979797475039959,0.003994006663560867,5.380854418035597e-06,7.676484528928995e-06,,,,,3.777090814044495,,1320,2.2083333333333335
13.216666666654703,retreat,13.216667355969548,10.998788918748765,17.944303900003433,0.007212162017822266,-0.5909483879804611,3.7325554845617015,0.04283363523427397,0.07912936237050427,3.667083978652954,0.0632697194814682,7.124342918395996,-0.04159033778705634,73,3.714944839477539,0.10849051177501678,0.05085325986146927,0.010177230462431908,-0.03140568360686302,-18.204245460222168,-0.22456930577754974,0.01030837744474411,-3.660186767578125,0.06322332471609116,-0.0023529985919594765,0.000575649319216609,-0.00011796795297414064,-0.0006025946349836886,0.032561223953962326,0.999469518661499,-0.0005638649454340339,0.0008224371122196317,0.00647110166028142,-0.10617316514253616,-0.1293162852525711,-0.2306031882762909,-0.4754844903945923,0.5590353012084961,0.4998170733451843,-2.007462978363037,-0.5185916423797607,2.4456422328948975,1.1549324989318848,0.0015327740693464875,0.0006321672699414194,-0.0023702397011220455,-0.00394926592707634,0.0028311447240412235,-0.00012457362026907504,-0.0016567057464271784,0.599966824054718,0.0015143947675824165,0.08938344568014145,0.033238478004932404,0.999447226524353,5.5555028666276485e-05,0.000658187607768923,-2.3265311028808355e-06,-4.717102274298668e-05,0.03239622339606285,5.346469333744608e-05,6.377507088473067e-05,0.9999997615814209,0.000677666103001684,0.21667176485061646,0.2640567719936371,-3.6992084980010986,-0.10655084252357483,0.020387670025229454,-0.0012050290824845433,0.21180889010429382,-0.017663896083831787,3.708860397338867,-0.06858004629611969,0.010951528325676918,0.0003974027931690216,-3.0279159545898438e-05,0.0016271938802674413,0.024946972727775574,0.003979818429797888,0.0039928811602294445,5.36284005647758e-06,7.632392225787044e-06,,,,,3.777090814044495,,1320,2.216666666666667
13.224999999988029,retreat,13.225000689737499,10.947194131414527,17.93985217809677,0.006973743438720703,-0.5926789017394185,3.7378501706637968,0.03999699401902035,0.10467831195095843,4.688835620880127,0.07319267839193344,8.584173202514648,-0.043950007238890976,69,4.583664894104004,0.11500237137079239,0.12121494114398956,0.011086633428931236,0.006607333372812718,-18.20016194644906,-0.19094990193843842,0.029967457056045532,-4.684849739074707,0.07319144159555435,-0.00030457560205832124,0.000297202990623191,-5.030681495554745e-05,-0.0006459374562837183,0.0326065719127655,0.9994680285453796,-0.0013239852851256728,0.000916837016120553,-0.0014173085801303387,0.004494379740208387,-0.14759014546871185,-0.079522505402565,-0.4754922688007355,0.5590214729309082,0.499827116727829,-2.007478713989258,-0.5186002254486084,2.4456422328948975,1.1549426317214966,0.0021231479477137327,0.0013180470559746027,-0.003143200185149908,-0.005011202767491341,0.004698357544839382,-0.0006442536832764745,-0.0027424420695751905,0.5999632477760315,0.0015158215537667274,0.08938676118850708,0.03324137628078461,0.9994470477104187,5.608581341220997e-05,0.0006591809797100723,9.469040378462523e-07,-4.4133514165878296e-05,0.032395292073488235,1.3401829164649826e-05,-5.753314326284453e-06,0.9999995827674866,0.0006351468036882579,0.13361875712871552,0.3261007070541382,-4.570096969604492,-0.11462114751338959,0.009344920516014099,0.00045917005627416074,0.12760213017463684,-0.02169477939605713,4.581836700439453,-0.06771231442689896,0.009900006465613842,-0.0012029206845909357,-3.236532211303711e-05,0.001629459671676159,0.024946819990873337,0.0039954823441803455,0.004008853808045387,5.134650564286858e-06,7.31111504137516e-06,,,,,3.777090814044495,,1320,2.225
13.233333333321355,retreat,13.23333402350545,10.895488346470508,17.941848933696747,0.007152557373046875,-0.5929211620241404,3.7401544260129245,0.03863288657157682,0.08846931922527276,4.322661876678467,0.07478359341621399,8.727862358093262,-0.04637508754967712,72,4.3188629150390625,0.11473448574542999,0.048423003405332565,0.018306532874703407,0.002494810614734888,-18.202318946088106,-0.0023225992918014526,-0.008626744151115417,-4.322652339935303,0.07475773990154266,0.0019590891897678375,-0.0001683867012616247,2.8687876692856662e-05,-0.0007053040899336338,0.032625630497932434,0.9994673132896423,-0.0008791415020823479,0.0007145809940993786,-0.0013915803283452988,-0.039780933409929276,-0.12870781123638153,-0.049613457173109055,-0.4754895567893982,0.5590152144432068,0.49982115626335144,-2.0074992179870605,-0.5186129808425903,2.445676565170288,1.1549562215805054,0.002885347930714488,0.001739785191603005,-0.004324871581047773,-0.004934229422360659,0.003403737209737301,0.0036057448014616966,-0.0018211022252216935,0.5999617576599121,0.0015171114355325699,0.08938473463058472,0.03324160352349281,0.9994471073150635,5.6311433581868187e-05,0.0006688273861072958,1.990494638448581e-06,-4.261685535311699e-05,0.0323953740298748,-3.3654443541308865e-05,-8.65803740452975e-05,0.9999997019767761,0.0006162431091070175,0.05632844939827919,0.27882421016693115,-4.309484958648682,-0.11125427484512329,0.028034839779138565,0.0007316167466342449,0.05056990683078766,0.00815051794052124,4.318558692932129,-0.07115481793880463,-0.019904516637325287,0.0004996213247068226,-3.522634506225586e-05,0.0016304136952385306,0.024946752935647964,0.003995470702648163,0.004008858930319548,5.141696419741493e-06,7.32261105440557e-06,,,,,3.777090814044495,,1320,2.2333333333333334
13.24166666665468,retreat,13.2416673572734,10.843672466336297,17.940407246351242,0.006973743438720703,-0.5925147561356425,3.7381644708212973,0.03850314533337951,0.08846931922527276,3.8022546768188477,0.07917113602161407,8.800691604614258,-0.046375080273719504,82,3.852621555328369,0.11181727796792984,0.0682283341884613,0.004759603645652533,0.005351837375201285,-18.200738871996336,-0.04680538922548294,-0.08262757956981659,-3.8010685443878174,0.0791451707482338,0.0019800937734544277,0.0004355493001639843,-0.00010372110409662127,-0.0006583537324331701,0.0326092503964901,0.9994679689407349,-0.0010909702396020293,0.0005907618906348944,-0.001061251270584762,0.0198587104678154,-0.09803494811058044,-0.04818776249885559,-0.4754869043827057,0.5590073466300964,0.4998146593570709,-2.007511615753174,-0.5186364054679871,2.4457223415374756,1.1549752950668335,0.002755362307652831,0.0013464372605085373,-0.004327115137130022,-0.004022807348519564,0.002014733385294676,0.003436761675402522,-0.0013031935086473823,0.5999671816825867,0.0015175198204815388,0.08938731998205185,0.033243440091609955,0.9994469881057739,5.6700151617405936e-05,0.0006895291735418141,-4.955312761012465e-06,-4.28101047873497e-05,0.032396502792835236,2.9573620849987492e-05,4.7595207433914766e-05,0.9999997019767761,0.0006345705478452146,0.09134329110383987,0.1979210078716278,-3.846449851989746,-0.11019545048475266,0.01896827295422554,-0.0005214604898355901,0.08604051172733307,0.05812773108482361,3.8512229919433594,-0.08176720887422562,-0.005756712518632412,0.0007956682820804417,-3.30805778503418e-05,0.0016295918030664325,0.02494680881500244,0.003995460458099842,0.00400887755677104,5.150736797077116e-06,7.334310794249177e-06,,,,,3.777090814044495,,1320,2.2416666666666667
13.249999999988006,retreat,13.25000069104135,10.791747393431487,17.939312011003494,0.0064373016357421875,-0.592212425544858,3.7347581456147947,0.042336683691246435,0.09691328065893987,4.303939342498779,0.07778185606002808,8.68901538848877,-0.045785203838022426,73,4.258131980895996,0.1145421713590622,0.085819773375988,0.021507831290364265,0.009584535378962755,-18.199406751057293,-0.28350162506103516,-0.031274452805519104,-4.294477939605713,0.07775568962097168,-0.001864307327196002,0.0007707601762376726,-0.00011712832929333672,-0.0006486200727522373,0.03257983550429344,0.9994688630104065,-0.001240826677531004,0.000624918146058917,-0.0013543239329010248,0.05034306272864342,-0.14359793066978455,-0.074630007147789,-0.47548604011535645,0.558997631072998,0.4998093247413635,-2.007525682449341,-0.5186518430709839,2.4457223415374756,1.154985785484314,0.0024782675318419933,0.0012606566306203604,-0.003966601565480232,-0.004604968708008528,0.0040091522969305515,-0.0007508083945140243,-0.0027461773715913296,0.5999624729156494,0.0015143551863729954,0.08938656747341156,0.0332513228058815,0.99944669008255,5.77636128582526e-05,0.000688085681758821,-6.885966286063194e-07,-4.665739834308624e-05,0.03239442780613899,3.744680361705832e-05,6.017958003212698e-05,0.9999996423721313,0.0006718955701217055,0.2147178202867508,0.2599438726902008,-4.244762897491455,-0.11428818851709366,0.007620737422257662,-0.00020971063349861652,0.20888113975524902,0.022797048091888428,4.252945423126221,-0.07693518698215485,0.023346014320850372,-0.0014414677862077951,-3.260374069213867e-05,0.0016281227581202984,0.0249469056725502,0.0039954520761966705,0.004008921328932047,5.144990609551314e-06,7.325987098738551e-06,,,,,3.777090814044495,,1320,2.25
13.258333333321332,retreat,13.258334024809301,10.73971403017567,17.939364165067673,0.006556510925292969,-0.5919934483245015,3.7359114028959692,0.04208487007417716,0.08846931922527276,4.137247085571289,0.07629109174013138,8.571189880371094,-0.045785203838022426,70,4.15745210647583,0.12079565227031708,0.05872003361582756,0.017581284046173096,0.008402264444157481,-18.199539106032184,-0.12335153669118881,0.10854709893465042,-4.133983135223389,0.07629022002220154,0.0001471144933020696,0.00033336516935378313,-7.203355198726058e-05,-0.000685672799590975,0.03258919715881348,0.9994685649871826,-0.0009188248077407479,0.001011434243991971,-0.0011916272342205048,0.04312947764992714,-0.12980559468269348,-0.05546822026371956,-0.47548723220825195,0.5589876770973206,0.49980825185775757,-2.0075430870056152,-0.518656849861145,2.445739507675171,1.1549919843673706,0.0022467048838734627,0.0013325773179531097,-0.003418834414333105,-0.004904665052890778,0.005158853251487017,0.0027785003185272217,-0.003119617234915495,0.5999600291252136,0.0015151239931583405,0.0893869400024414,0.03325192257761955,0.9994467496871948,5.8274948969483376e-05,0.0006927496870048344,1.5706464182585478e-06,-4.617543891072273e-05,0.032394904643297195,6.590138582396321e-06,1.3524422683985904e-05,0.9999997019767761,0.0006630946882069111,0.16281765699386597,0.34081560373306274,-4.1402587890625,-0.11477328091859818,0.037627361714839935,0.0016931042773649096,0.15709234774112701,-0.06484484672546387,4.153975963592529,-0.06572485715150833,-0.014190727844834328,-0.0008349445415660739,-3.439188003540039e-05,0.0016285915626212955,0.024946875870227814,0.003995444625616074,0.004008994437754154,5.141115707374411e-06,7.323600584641099e-06,,,,,3.777090814044495,,1320,2.2583333333333333
13.266666666654658,retreat,13.266667358577251,10.687573278988438,17.93811246752739,0.005304813385009766,-0.591491349041462,3.7361734572479186,0.04370085662230849,0.07912936237050427,4.096895217895508,0.07906682044267654,8.711654663085938,-0.045785203838022426,69,4.122527122497559,0.124344103038311,0.028525488451123238,0.004687956999987364,-0.029257827438414097,-18.19830563250928,-0.17265412211418152,-0.0038887634873390198,-4.0932536125183105,0.0790267139673233,-0.0024074616376310587,0.0007382709882222116,-9.753703488968313e-05,-0.0006993525312282145,0.03259097784757614,0.9994685649871826,-0.0006814529770053923,0.0009236539481207728,0.005608709529042244,-0.07000315189361572,-0.13457219302654266,-0.3217586874961853,-0.4754907488822937,0.5589762926101685,0.49981120228767395,-2.007558822631836,-0.5186654329299927,2.44573974609375,1.1550003290176392,0.002089973073452711,0.0011029471643269062,-0.0032475655898451805,-0.004748007282614708,0.004363711923360825,0.0015543443150818348,-0.002708827843889594,0.599955677986145,0.0015147249214351177,0.0893879383802414,0.03325590491294861,0.9994465708732605,5.8707897551357746e-05,0.0006919078296050429,4.724210157291964e-06,-4.7316309064626694e-05,0.032394587993621826,-8.757247087487485e-06,3.809907502727583e-05,0.9999997615814209,0.0006653142045252025,0.17400974035263062,0.28123271465301514,-4.109240531921387,-0.12279944866895676,0.019533909857273102,-0.0004194744979031384,0.1683303713798523,-0.007420718669891357,4.119081974029541,-0.08236634731292725,0.0056266020983457565,-5.935633089393377e-05,-3.510713577270508e-05,0.0016286795726045966,0.024946868419647217,0.003995438572019339,0.004009006544947624,5.1473530220391694e-06,7.32831540517509e-06,,,,,3.777090814044495,,1320,2.2666666666666666
13.274999999987983,retreat,13.275000692345202,10.635326042289382,17.933694273233414,0.004112720489501953,-0.5930917104706168,3.7420386719597967,0.038071637391112745,0.06852804166478502,4.349414348602295,0.07161198556423187,8.690638542175293,-0.044474349124357104,73,4.3286566734313965,0.11908207833766937,0.02410236932337284,0.0033599042799323797,0.004689851775765419,-18.19429532078102,-0.08961305022239685,0.05040420591831207,-4.348198890686035,0.07160981744527817,-0.0005422844551503658,0.00013032328570261598,-4.002583955298178e-05,-0.0007004438084550202,0.032642316073179245,0.9994668364524841,-0.0002633004914969206,0.0008979556150734425,-0.001184045453555882,-0.002990019042044878,-0.15724684298038483,-0.1303752213716507,-0.4754975438117981,0.5589628219604492,0.4998205006122589,-2.007572889328003,-0.5186751484870911,2.4457662105560303,1.1550120115280151,0.0022608989384025335,0.0013123017270117998,-0.0033610472455620766,-0.004717491567134857,0.004101620055735111,0.0023342412896454334,-0.002317005768418312,0.5999580025672913,0.001518250908702612,0.08939377963542938,0.033254556357860565,0.99944669008255,5.9587233408819884e-05,0.0007058262708596885,3.0156297725625336e-07,-4.2208004742860794e-05,0.0323963537812233,6.004116130498005e-06,-1.980595880013425e-05,0.9999998211860657,0.0006125582731328905,0.10440649837255478,0.32961490750312805,-4.314825534820557,-0.1177796870470047,0.017547456547617912,0.0007571196765638888,0.0983254685997963,-0.042052507400512695,4.327335834503174,-0.07034189254045486,-0.0025191400200128555,-0.0006862040027044713,-3.504753112792969e-05,0.001631244202144444,0.024946697056293488,0.0039954353123903275,0.004009103402495384,5.154266546014696e-06,7.3381816036999226e-06,,,,,3.777090814044495,,1320,2.275
13.283333333321309,retreat,13.283334026113153,10.582973222498092,17.930538952350616,0.00286102294921875,-0.5835954798385501,3.7227851993847514,0.04957442797604017,0.07912936237050427,4.047177791595459,0.07823577523231506,9.031917572021484,-0.04585074566421099,76,4.086467266082764,0.11395546048879623,0.05608643218874931,0.005369266495108604,-0.026122878771275282,-18.18980105221194,-0.12801675498485565,-0.10818891227245331,-4.043705463409424,0.07823345065116882,0.0004455390153452754,0.00040637279744260013,-0.00012490490917116404,-0.0006674143369309604,0.03247489407658577,0.9994723200798035,-0.000806687748990953,-0.0005595621187239885,0.004747636616230011,-0.07982955127954483,-0.13294243812561035,-0.1694430112838745,-0.4755014479160309,0.5589494705200195,0.4998236298561096,-2.0075840950012207,-0.5186944007873535,2.4457685947418213,1.1550287008285522,0.0022298747207969427,0.0009240451618097723,-0.0036103082820773125,-0.004149515647441149,0.0025778659619390965,0.001101172179915011,-0.0016511138528585434,0.5999568104743958,0.0015166280791163445,0.0893973559141159,0.03326210379600525,0.9994463920593262,5.96925056015607e-05,0.0007101084920577705,-3.430250217206776e-08,-5.382020026445389e-05,0.03239602968096733,4.047180846100673e-05,6.60323494230397e-05,0.9999997615814209,0.0007876839954406023,0.14477962255477905,0.20144903659820557,-4.078929901123047,-0.11221615225076675,0.01982913911342621,-0.0004326757334638387,0.13898801803588867,0.07021790742874146,4.083498954772949,-0.0833335667848587,0.001099761575460434,0.00024928292259573936,-3.355741500854492e-05,0.0016228837193921208,0.02494724467396736,0.003979462664574385,0.00399227999150753,5.391535523813218e-06,7.677124813199043e-06,,,,,3.777090814044495,,1320,2.283333333333333
13.291666666654635,retreat,13.291667359881103,10.530515722034163,17.92559176683426,0.0050067901611328125,-0.5832517053931952,3.7223117941049075,0.05173476165509783,0.10467831195095843,4.412148952484131,0.07388236373662949,8.409528732299805,-0.03641245712060481,68,4.405028343200684,0.1135365441441536,0.024315889924764633,0.007363907061517239,-0.035747998394072056,-18.184820944218163,-0.05492854118347168,0.05039896070957184,-4.4115190505981445,0.07385183125734329,0.002123530488461256,-4.077676567249e-05,-6.63639439153485e-05,-0.0006836451939307153,0.03247033804655075,0.999472439289093,-0.001551344059407711,0.0008218211587518454,0.006175346672534943,-0.10139274597167969,-0.07481813430786133,0.13983482122421265,-0.475506991147995,0.5589351058006287,0.4998292326927185,-2.007594585418701,-0.5187084078788757,2.4457688331604004,1.1550406217575073,0.002356188604608178,0.0012605785159394145,-0.0035916774068027735,-0.0041908882558345795,0.003892636625096202,0.002167529659345746,-0.002425071783363819,0.5999557375907898,0.0015154513530433178,0.08940223604440689,0.03326781839132309,0.9994462132453918,5.994365346850827e-05,0.0007140148663893342,2.9312250262591988e-06,-5.570286884903908e-05,0.0323958620429039,3.010908949363511e-05,6.853714239696274e-06,0.9999995827674866,0.000797917484305799,0.0655164122581482,0.3203505277633667,-4.392875671386719,-0.11275022476911545,0.013328774832189083,0.0005280908080749214,0.059252314269542694,-0.02750992774963379,4.404543399810791,-0.06671378761529922,-0.0038881469517946243,-0.0003612097934819758,-3.427267074584961e-05,0.001622658222913742,0.024947259575128555,0.003980712499469519,0.003994910046458244,5.219410013523884e-06,7.437687600031495e-06,,,,,3.777090814044495,,1320,2.2916666666666665
13.29999999998796,retreat,13.300000693649054,10.477954443317184,17.920435965061188,0.007331371307373047,-0.5842415848746896,3.722101372458428,0.050990853196708485,0.10467831195095843,4.2865705490112305,0.07625318318605423,8.218133926391602,-0.03654354441096075,76,4.28687858581543,0.11816111207008362,0.0023299865424633026,0.001690922537818551,-0.02270493796095252,-18.17965050888503,-0.10866151750087738,0.006089173257350922,-4.285189151763916,0.07621566206216812,-0.0023918927181512117,-1.4229241060093045e-05,1.4870028053337592e-06,-0.000726482190657407,0.032467398792505264,0.9994724988937378,-0.0012757665244862437,0.0009145887452177703,0.004032681696116924,-0.06628738343715668,-0.03944551199674606,0.13938774168491364,-0.47551262378692627,0.5589218139648438,0.49983593821525574,-2.007603883743286,-0.5187208652496338,2.44577693939209,1.155051589012146,0.002307032933458686,0.0012360542314127088,-0.003483830252662301,-0.004028003197163343,0.0039030155166983604,0.0017361523350700736,-0.0024398548994213343,0.5999565124511719,0.0015156171284615993,0.08940746635198593,0.03327150642871857,0.9994460344314575,6.052691242075525e-05,0.000721306016203016,4.007284587714821e-06,-5.479436367750168e-05,0.03239601477980614,-3.1363840662379516e-06,-6.273580947890878e-05,0.9999995827674866,0.0008044997812248766,0.11699839681386948,0.29188311100006104,-4.27532958984375,-0.1174444779753685,0.012992140837013721,-0.00021674326853826642,0.11083818972110748,-0.006881654262542725,4.285439968109131,-0.07551179826259613,0.003920990973711014,-0.00014593778178095818,-3.629922866821289e-05,0.001622513635084033,0.024947267025709152,0.003980702254921198,0.003993707709014416,5.1839615480275825e-06,7.3816918302327394e-06,,,,,3.777090814044495,,1320,2.3
13.308333333321286,retreat,13.308334027417004,10.42529028876675,17.917463183403015,0.004589557647705078,-0.5867172731086612,3.73129623813194,0.0451439518656116,0.07912936237050427,4.831596851348877,0.062266476452350616,7.838452339172363,-0.03693679900607094,83,4.7733612060546875,0.12050625681877136,0.06569967418909073,0.004185561556369066,-0.01089010527357459,-18.17731717157323,0.010475486516952515,0.1486293226480484,-4.829298496246338,0.06205274909734726,0.005145352333784103,0.00030922592850402,-0.0001719168503768742,-0.0006873686797916889,0.03254886716604233,0.9994699358940125,-0.0006512171239592135,0.0011820979416370392,0.0010086133843287826,-0.07055394351482391,-0.18681970238685608,-0.15244325995445251,-0.4755151569843292,0.5589128136634827,0.49984103441238403,-2.007615089416504,-0.5187285542488098,2.4457948207855225,1.1550601720809937,0.0029302951879799366,0.0021639815531671047,-0.0038688962813466787,-0.004220181610435247,0.0046471720561385155,0.0028217900544404984,-0.0026921529788523912,0.5999570488929749,0.0015185647644102573,0.08941031247377396,0.03327102214097977,0.9994460344314575,6.183770892675966e-05,0.000729674007743597,1.8369246390648186e-07,-4.9342866986989975e-05,0.032396238297224045,3.859286880469881e-05,0.00011090018233517185,0.9999997615814209,0.0007226341404020786,-0.01123667974025011,0.4347364008426666,-4.753509998321533,-0.12045726180076599,0.003431653371080756,0.00017360188940074295,-0.01815672591328621,-0.11764317750930786,4.771876335144043,-0.057885944843292236,-0.005064497701823711,7.824237400200218e-05,-3.463029861450195e-05,0.0016265747835859656,0.02494700625538826,0.003980694338679314,0.003993785008788109,5.202040028962074e-06,7.410562830045819e-06,,,,,3.777090814044495,,1320,2.308333333333333
13.316666666654612,retreat,13.316667361184955,10.372524160802449,17.913387715816498,0.006079673767089844,-0.5889997119084001,3.7353872391173564,0.044393938878783956,0.06852804166478502,3.726257801055908,0.06799718737602234,7.421163082122803,-0.03962405025959015,85,3.8196277618408203,0.11230826377868652,0.10457315295934677,0.01073819026350975,-0.03155125677585602,-18.17352620489987,-0.17475613951683044,-0.08081665635108948,-3.721280097961426,0.06791619956493378,-0.003234239062294364,0.0007394497515633702,-0.00014817753981333226,-0.0006986330263316631,0.03258395195007324,0.9994687438011169,-0.0009712149621918797,0.0007046780665405095,0.006543185096234083,-0.10060996562242508,-0.061163563281297684,0.003703890135511756,-0.47551605105400085,0.5589041113853455,0.499843567609787,-2.0076189041137695,-0.5187519788742065,2.4457950592041016,1.1550806760787964,0.0022487675305455923,0.0011572869261726737,-0.0031786116305738688,-0.003199393628165126,0.0017515941290184855,0.0007772203534841537,-0.0008657641592435539,0.5999581217765808,0.0015175817534327507,0.08941430598497391,0.033279385417699814,0.9994457960128784,6.164838850963861e-05,0.0007351546664722264,2.4629844119772315e-07,-4.8582907766103745e-05,0.03239624947309494,3.3597763831494376e-05,8.718349999981001e-05,0.9999998211860657,0.0006958783487789333,0.21240001916885376,0.20979250967502594,-3.8079428672790527,-0.1087602823972702,0.027999967336654663,0.0005911439075134695,0.2068040817975998,0.044019997119903564,3.8137705326080322,-0.07863640040159225,0.0026275422424077988,-0.0008733832510188222,-3.516674041748047e-05,0.0016283269505947828,0.02494688704609871,0.003980687353760004,0.003993896767497063,5.2268505896790884e-06,7.4431009124964476e-06,,,,,3.777090814044495,,1320,2.3166666666666664
13.324999999987938,retreat,13.325000694952905,10.31965696184387,17.90553107857704,0.007212162017822266,-0.590523355640471,3.7385834966538534,0.04287936462787911,0.08846931922527276,4.425515651702881,0.05868601053953171,7.057117938995361,-0.042180221498711035,77,4.413370132446289,0.10616184771060944,0.030685454607009888,0.007533587049692869,-0.03733705170452595,-18.165891844412712,-0.1474393606185913,0.06950704753398895,-4.422513008117676,0.05868237838149071,-0.0004950733855366707,0.0004252599901519716,-0.00014866171113681048,-0.000684340309817344,0.03261231258511543,0.9994679093360901,-0.001210309681482613,0.0007896783063188195,0.0062751322984695435,-0.14080101251602173,-0.09173785150051117,0.04785700514912605,-0.4755241572856903,0.5588898658752441,0.49985671043395996,-2.0076208114624023,-0.5187714695930481,2.4457950592041016,1.155098795890808,0.0020092276390641928,0.0012373803183436394,-0.002598240040242672,-0.003371200058609247,0.00298979296348989,-0.0004465636156965047,-0.0015850699273869395,0.5999615788459778,0.0015179640613496304,0.08942319452762604,0.033285435289144516,0.9994455575942993,6.171719724079594e-05,0.0007444964721798897,-2.6852321752812713e-06,-4.714261740446091e-05,0.032397396862506866,5.720544504583813e-05,8.839904330670834e-05,0.9999997019767761,0.0006735638598911464,0.13132800161838531,0.3454994857311249,-4.397865295410156,-0.10554078966379166,0.01146650593727827,9.817124919209164e-06,0.12479058653116226,-0.052104175090789795,4.4112982749938965,-0.055834829807281494,0.007467917166650295,-0.0005860387464053929,-3.445148468017578e-05,0.0016297429101541638,0.024946801364421844,0.003980686422437429,0.0039939298294484615,5.22286563864327e-06,7.438793545588851e-06,,,,,3.777090814044495,,1320,2.325
13.333333333321264,retreat,13.333334028720856,10.266689594310613,17.903750389814377,0.006973743438720703,-0.5938027752563357,3.749513977967787,0.03683216345962137,0.055952909680744456,5.536800861358643,0.06487490981817245,8.436017990112305,-0.04342566535342485,72,5.371866226196289,0.12100928276777267,0.18801721930503845,0.014591044746339321,5.517154932022095e-05,-18.164871285982123,-0.16443759202957153,0.08281265199184418,-5.533738613128662,0.06487137079238892,0.00038605043664574623,0.0005572098307311535,-0.00010572436440270394,-0.0007405602373182774,0.032706473022699356,0.999464750289917,-0.0019049271941184998,0.0007612922927364707,-0.001900815055705607,-0.13307535648345947,-0.14793939888477325,-0.11659185588359833,-0.47552552819252014,0.5588836669921875,0.49986186623573303,-2.0076353549957275,-0.5187780261039734,2.4457950592041016,1.1551090478897095,0.0032344807405024767,0.00258344947360456,-0.0041154008358716965,-0.004902091342955828,0.005115723703056574,-0.0009233482996933162,-0.0027915448881685734,0.5999563932418823,0.0015210025012493134,0.08942186087369919,0.03328719362616539,0.9994455575942993,6.26171677140519e-05,0.0007417468004859984,2.441662218188867e-06,-4.074443131685257e-05,0.032394733279943466,-2.7045513206758187e-07,4.268774137017317e-05,0.9999998807907104,0.0005810717702843249,0.07923523336648941,0.42682817578315735,-5.3542962074279785,-0.12099622189998627,-0.0017771326238289475,6.321446562651545e-05,0.0713064894080162,-0.06960761547088623,5.370942115783691,-0.059553179889917374,0.013193130493164062,-0.0010276208631694317,-3.719329833984375e-05,0.0016344443429261446,0.024946488440036774,0.003996350336819887,0.00400986522436142,4.9919062803382985e-06,7.106311386451125e-06,,,,,3.777090814044495,,1320,2.3333333333333335
13.34166666665459,retreat,13.341667362488806,10.213622960622267,17.901649326086044,0.007748603820800781,-0.5922922864556313,3.747894721032155,0.03690213998197578,0.07912936237050427,3.6849796772003174,0.0783047154545784,8.72916030883789,-0.04644062209990807,75,3.821070671081543,0.11539637297391891,0.19663900136947632,0.03209063410758972,0.005266665481030941,-18.162657616072064,-0.00040246546268463135,-0.165152907371521,-3.68127703666687,0.07820393890142441,0.003958403132855892,0.0003208853886462748,-0.00015654184971936047,-0.0007094535394571722,0.03269311040639877,0.9994652271270752,-0.0013419105671346188,0.0005335479509085417,-0.0009400306735187769,0.0273258239030838,-0.06917469948530197,-0.03631892427802086,-0.47552239894866943,0.5588774085044861,0.49985817074775696,-2.007641553878784,-0.5188068151473999,2.445840835571289,1.1551340818405151,0.0030484767630696297,0.0015760508831590414,-0.004460846073925495,-0.00331156887114048,0.0006694664480164647,0.0036667075473815203,-0.00012087111826986074,0.59996497631073,0.0015225890092551708,0.08942659199237823,0.03328966349363327,0.999445378780365,6.25935208518058e-05,0.0007660870905965567,-6.946691428311169e-06,-4.1005201637744904e-05,0.03239734098315239,5.345578756532632e-05,9.532756666885689e-05,0.9999997615814209,0.000596960075199604,0.14345335960388184,0.1284988820552826,-3.816214084625244,-0.10064136236906052,0.05643438920378685,0.0016732094809412956,0.1376029998064041,0.12575095891952515,3.816519021987915,-0.08222853392362595,-0.035782698541879654,0.0005878889933228493,-3.5703182220458984e-05,0.0016337757697328925,0.024946533143520355,0.003995037637650967,0.004008724354207516,5.238407993601868e-06,7.460446795448661e-06,,,,,3.777090814044495,,1320,2.341666666666667
13.349999999987915,retreat,13.350000696256757,10.160457963198422,17.897693067789078,0.010132789611816406,-0.5931268678978086,3.744706399716957,0.04069232090841979,0.08846931922527276,4.843774318695068,0.07335220277309418,8.624942779541016,-0.04499869100982323,71,4.754473686218262,0.11197813600301743,0.15278705954551697,0.0349096916615963,0.005797580117359757,-18.15847963528741,-0.3667161464691162,-0.08379755914211273,-4.829145431518555,0.07319507747888565,-0.004724198952317238,0.0008412948809564114,-9.676983609097078e-05,-0.0007243608124554157,0.03266500309109688,0.9994661211967468,-0.0027178286109119654,0.0003123250207863748,-0.0014660153537988663,-0.025962790474295616,-0.039868082851171494,-0.07678814232349396,-0.47552183270454407,0.5588670969009399,0.49985504150390625,-2.0076498985290527,-0.518829345703125,2.4458303451538086,1.1551494598388672,0.0028965435922145844,0.0015586018562316895,-0.004395791329443455,-0.004272483289241791,0.0033006516750901937,-0.003074930515140295,-0.002309968462213874,0.5999612808227539,0.0015182974748313427,0.08942758291959763,0.03330134227871895,0.9994449615478516,6.368201138684526e-05,0.000763757445383817,-7.1325121098198e-07,-4.501407966017723e-05,0.03239414840936661,3.8250764191616327e-05,3.389616540516727e-05,0.9999997019767761,0.000636718817986548,0.24721240997314453,0.25899848341941833,-4.740972995758057,-0.11189345270395279,-0.003857162082567811,-0.0020202372688800097,0.23997396230697632,0.057205915451049805,4.748070240020752,-0.07469663769006729,0.03960137069225311,-0.0007208697497844696,-3.635883331298828e-05,0.0016323747113347054,0.02494662255048752,0.003995025996118784,0.004008776042610407,5.2336354201543145e-06,7.458205800503492e-06,,,,,3.777090814044495,,1320,2.35
13.35833333332124,retreat,13.358334030024707,10.10719550445867,17.892783135175705,0.00858306884765625,-0.5922365235164762,3.7468496682938093,0.039047739846864715,0.07912936237050427,4.036949634552002,0.06940797716379166,8.448413848876953,-0.04598182567860931,69,4.107366561889648,0.1254202276468277,0.10589203983545303,0.021494248881936073,0.004171044158283621,-18.15371875011231,-0.30381566286087036,0.15771281719207764,-4.0224103927612305,0.06932961195707321,-0.003217923454940319,0.0007195411017164588,-0.0001307892962358892,-0.000704625272192061,0.03268382325768471,0.9994655251502991,-0.00045782269444316626,0.0010280959540978074,-0.0010341284796595573,0.006085686851292849,-0.16541023552417755,-0.13445445895195007,-0.47553062438964844,0.5588515996932983,0.4998664855957031,-2.0076634883880615,-0.5188356041908264,2.445844888687134,1.1551587581634521,0.0016143417451530695,0.0008812554297037423,-0.002344708191230893,-0.004857057239860296,0.005326224956661463,0.00042254436993971467,-0.003017381764948368,0.599962055683136,0.0015208455733954906,0.08943377435207367,0.033301178365945816,0.9994450211524963,6.361065607052296e-05,0.0007731065852567554,-3.6453675420489162e-06,-4.343455657362938e-05,0.03239554911851883,6.61835219943896e-05,6.894574471516535e-05,0.9999997615814209,0.0006177508039399981,0.3524397313594818,0.36201199889183044,-4.076173782348633,-0.10778280347585678,0.06408105790615082,0.0025918723549693823,0.346150279045105,-0.08981442451477051,4.091769695281982,-0.05565614253282547,-0.013332396745681763,-0.00178059795871377,-3.540515899658203e-05,0.0016333130188286304,0.024946562945842743,0.003995032049715519,0.004008756950497627,5.228735972195864e-06,7.45430588722229e-06,,,,,3.777090814044495,,1320,2.3583333333333334
13.366666666654567,retreat,13.366667363792658,10.053836486822604,17.889028042554855,0.009894371032714844,-0.5911599146202207,3.7456997739981452,0.04033083678223193,0.06852804166478502,4.782278537750244,0.07408372312784195,8.520892143249512,-0.04532640377874486,73,4.766765117645264,0.12126030027866364,0.03925779461860657,0.005661495961248875,-0.04330314323306084,-18.149883691450977,-0.15667131543159485,-0.06025184690952301,-4.779331684112549,0.0740768238902092,0.0008978983387351036,0.00046454824041575193,-0.00010103922977577895,-0.0007517249905504286,0.03267313167452812,0.9994657635688782,-0.001664114068262279,0.0007560892845503986,0.006884282920509577,-0.1234268844127655,-0.13753093779087067,-0.04597760736942291,-0.475538432598114,0.5588361024856567,0.4998757541179657,-2.007678985595703,-0.5188468098640442,2.445844888687134,1.1551703214645386,0.002180673647671938,0.0010633636265993118,-0.0033723236992955208,-0.004982535261660814,0.004024811554700136,-0.00024392246268689632,-0.0023990836925804615,0.5999588966369629,0.0015211831778287888,0.08943788707256317,0.03330545127391815,0.9994449019432068,6.427281914511696e-05,0.0007751306402496994,6.921218300703913e-07,-4.447204992175102e-05,0.0323958657681942,2.2144929971545935e-05,3.7033340049674734e-05,0.9999998211860657,0.0006326952716335654,0.1427319049835205,0.2866044342517853,-4.75600004196167,-0.1198572963476181,0.01837700419127941,-0.0007572164759039879,0.13536450266838074,0.030682265758514404,4.764742851257324,-0.07866524159908295,0.0022779367864131927,0.0004909771960228682,-3.7729740142822266e-05,0.001632779953069985,0.02494659274816513,0.003996307495981455,0.00401010038331151,5.0054245548381004e-06,7.122609531506896e-06,,,,,3.777090814044495,,1320,2.3666666666666667
13.374999999987892,retreat,13.375000697560608,10.000381812709815,17.886267602443695,0.009894371032714844,-0.593450153246522,3.7514979214593174,0.03947557706851512,0.08846931922527276,5.009506702423096,0.06618525087833405,8.51711654663086,-0.04349119626567699,65,4.95139741897583,0.11453038454055786,0.05842242389917374,0.007001579739153385,0.0017031379975378513,-18.14752646549986,-0.06325853615999222,0.015753716230392456,-5.009082317352295,0.0661517009139061,0.0021028006449341774,0.00013498733460437506,-5.152305675437674e-05,-0.0007848316454328597,0.03272268548607826,0.9994640946388245,-0.0016199200181290507,0.0006290294113568962,-0.0014814842725172639,-0.0715535432100296,-0.12380367517471313,-0.07599987089633942,-0.47554144263267517,0.558823823928833,0.49987778067588806,-2.0076966285705566,-0.5188609957695007,2.445847272872925,1.1551847457885742,0.0029660712461918592,0.0016781969461590052,-0.004461245145648718,-0.005244123749434948,0.00364416791126132,0.0019340082071721554,-0.0020076753571629524,0.5999541878700256,0.001520758494734764,0.08943866193294525,0.03331128880381584,0.9994447231292725,6.435593968490139e-05,0.0007751128287054598,5.4046104196459055e-06,-4.2856670916080475e-05,0.03239401429891586,-9.311556823377032e-06,-1.360864825983299e-05,0.9999997019767761,0.000588910945225507,0.0758795365691185,0.3433775305747986,-4.938893795013428,-0.11285426467657089,0.019506124779582024,0.0007964411051943898,0.06823255121707916,-0.013743102550506592,4.950906753540039,-0.06345795094966888,-0.008562786504626274,-0.0003204835229553282,-3.927946090698242e-05,0.0016352555248886347,0.024946432560682297,0.003995015285909176,0.004008843097835779,5.2369678087416105e-06,7.464346708729863e-06,,,,,3.777090814044495,,1320,2.375
13.383333333321218,retreat,13.383334031328559,9.946832384539894,17.884859442710876,0.011563301086425781,-0.5868980661034584,3.7404685328257377,0.04246954995323904,0.10467831195095843,4.339789867401123,0.0616598017513752,8.13852310180664,-0.04657171666622162,62,4.397567272186279,0.11364496499300003,0.0934714749455452,0.016185929998755455,-0.002169665414839983,-18.145351298891914,0.016134649515151978,0.08551174402236938,-4.338917255401611,0.06165056675672531,0.001061249990016222,-0.00011114525841549039,-2.620620944071561e-05,-0.0007957141497172415,0.032626304775476456,0.9994672536849976,-0.0016084046801552176,0.0010040664346888661,-0.0007550910231657326,-0.07737249881029129,-0.03165283799171448,-0.03612064570188522,-0.475543349981308,0.5588130354881287,0.4998803734779358,-2.0077097415924072,-0.5188809633255005,2.4458930492401123,1.1552047729492188,0.0028352958615869284,0.0016393871046602726,-0.0040259165689349174,-0.004437207244336605,0.0025072733405977488,0.004786040633916855,-0.0010683955624699593,0.5999603271484375,0.0015237773768603802,0.08944406360387802,0.03331049159169197,0.9994446635246277,6.45448817522265e-05,0.0007976256310939789,-5.296460585668683e-07,-4.6596862375736237e-05,0.03239774703979492,3.1605550248059444e-06,-3.880015719914809e-05,0.9999995827674866,0.0006845314637757838,0.06090196967124939,0.3561926484107971,-4.382694721221924,-0.1106594055891037,0.025872234255075455,0.0005494711804203689,0.05392245575785637,-0.06357407569885254,4.39677619934082,-0.05940268933773041,-0.017085684463381767,0.0004969293950125575,-3.981590270996094e-05,0.001630445127375424,0.024946745485067368,0.003980496432632208,0.003993508405983448,5.257329576124903e-06,7.478374755010009e-06,,,,,3.777090814044495,,1320,2.3833333333333333
13.391666666654544,retreat,13.39166736509651,9.893189104732432,17.881495505571365,0.00864267349243164,-0.5912279011681676,3.744863265781092,0.04066332621732727,0.09691328065893987,4.799065589904785,0.07490274310112,8.563648223876953,-0.03988622484030202,68,4.762580871582031,0.1181023046374321,0.1025194302201271,0.029471607878804207,-0.04080034792423248,-18.142292981880566,-0.27708151936531067,-0.1256866157054901,-4.7894110679626465,0.07486853003501892,-0.0022286504972726107,0.00039645866490900517,-5.6680688430787995e-05,-0.0007704126765020192,0.0326651856303215,0.9994660019874573,-0.0008762474753893912,0.0006211735308170319,0.006609675008803606,-0.10680030286312103,-0.16989220678806305,-0.24003562331199646,-0.4755434989929199,0.5588021874427795,0.49987897276878357,-2.0077226161956787,-0.518904983997345,2.4458930492401123,1.155224084854126,0.0028842284809798002,0.0014710560208186507,-0.004377973731607199,-0.004612524062395096,0.0026696203276515007,-0.001492148614488542,-0.001636381377466023,0.5999571084976196,0.0015216055326163769,0.08944496512413025,0.03332039341330528,0.999444305896759,6.536902947118506e-05,0.0007989322766661644,-3.1439049053005874e-07,-4.49218787252903e-05,0.03239543363451958,2.8767011826857924e-05,-8.255302418547217e-06,0.9999996423721313,0.000655563548207283,0.20142696797847748,0.24235665798187256,-4.752143383026123,-0.11808189749717712,-0.0013405581703409553,-0.0017383767990395427,0.1938357651233673,0.07472869753837585,4.758047580718994,-0.08328801393508911,0.030472014099359512,-0.00041649327613413334,-3.8564205169677734e-05,0.0016323849558830261,0.02494662255048752,0.003995150327682495,0.004008052870631218,5.3061476137372665e-06,7.559254299849272e-06,,,,,3.777090814044495,,1320,2.3916666666666666
13.39999999998787,retreat,13.40000069886446,9.839452875707023,17.87637695670128,0.007867813110351562,-0.5861864192411304,3.7354920777487868,0.046385248424485326,0.08846931922527276,4.135252952575684,0.06863275915384293,8.072412490844727,-0.04401554906507954,71,4.204476356506348,0.11334119737148285,0.08914977312088013,0.016536640003323555,-0.009004038292914629,-18.136522736571234,-0.19833776354789734,0.020801901817321777,-4.130441665649414,0.0686253160238266,-0.000989369465969503,0.00020552813657559454,-0.00010553205356700346,-0.0007359075243584812,0.03258434683084488,0.9994686841964722,-0.0008339919149875641,0.0009306252468377352,0.0015930670779198408,-0.028004568070173264,-0.11707136780023575,0.023392222821712494,-0.47555017471313477,0.5587853789329529,0.4998859465122223,-2.0077340602874756,-0.5189247131347656,2.445909261703491,1.1552420854568481,0.002015868201851845,0.0007533181924372911,-0.003191145369783044,-0.0044108363799750805,0.003005770966410637,0.0010346960043534636,-0.0016439296305179596,0.5999595522880554,0.0015213335864245892,0.08945225179195404,0.03332514688372612,0.9994442462921143,6.489457882707939e-05,0.0008118055993691087,-4.368237568996847e-06,-5.0675589591264725e-05,0.032397251576185226,7.447204552590847e-05,4.2540828872006387e-05,0.9999997019767761,0.0007412411505356431,0.2592288851737976,0.2757907211780548,-4.187405109405518,-0.10108301788568497,0.051243267953395844,0.0016054981388151646,0.2524363696575165,0.0038056373596191406,4.196890830993652,-0.06144846975803375,-0.013898052275180817,-0.0007694663945585489,-3.695487976074219e-05,0.0016283479053527117,0.024946890771389008,0.003979428205639124,0.00399243226274848,5.406323452916695e-06,7.705006282776594e-06,,,,,3.777090814044495,,1320,2.4
13.408333333321195,retreat,13.40833403263241,9.785624599883258,17.870472371578217,0.009000301361083984,-0.5909636383876204,3.747058702125395,0.04080815051565878,0.08846931922527276,5.135287284851074,0.06855130195617676,8.249076843261719,-0.03916525383829139,76,5.076674938201904,0.12329109013080597,0.08669939637184143,0.01345105841755867,-0.04591318219900131,-18.131422523150864,-0.19695204496383667,0.10356752574443817,-5.13046407699585,0.0685449093580246,0.0008787724655121565,0.0003227264678571373,-8.265951328212395e-05,-0.0007778678555041552,0.03268396854400635,0.9994654059410095,-0.0017293005948886275,0.0009410359198227525,0.006650372873991728,-0.14242206513881683,-0.15152272582054138,-0.014366332441568375,-0.47555792331695557,0.5587702989578247,0.49989572167396545,-2.0077497959136963,-0.5189327001571655,2.445909261703491,1.1552510261535645,0.002223675139248371,0.0013475066516548395,-0.0031721899285912514,-0.0052608586847782135,0.005324356723576784,-0.0002579359570518136,-0.003125464078038931,0.5999560952186584,0.0015222798101603985,0.08945586532354355,0.03332852944731712,0.9994441270828247,6.596477760467678e-05,0.0008130325004458427,1.423177309334278e-07,-4.503084346652031e-05,0.03239535167813301,3.456367994658649e-05,1.7333395589957945e-05,0.9999997019767761,0.0006449290667660534,0.14375276863574982,0.41725748777389526,-5.057456016540527,-0.12292294204235077,0.00947871059179306,-0.0008927620947360992,0.13554362952709198,-0.07937651872634888,5.074244976043701,-0.06287327408790588,0.011312599293887615,4.3293461203575134e-05,-3.898143768310547e-05,0.0016333216335624456,0.024946559220552444,0.003996518440544605,0.0040099709294736385,4.927910140395397e-06,7.047347025945783e-06,,,,,3.777090814044495,,1320,2.408333333333333
13.416666666654521,retreat,13.416667366400361,9.731705179680725,17.86799132823944,0.009298324584960938,-0.5929748294875026,3.7560882993967573,0.03679128712974489,0.06852804166478502,5.0262861251831055,0.06528792530298233,8.56595230102539,-0.044081090891268104,73,4.98741340637207,0.12028760462999344,0.043400898575782776,0.009222693741321564,0.0012972932308912277,-18.12956941297727,-0.07607023417949677,0.016910389065742493,-5.025681972503662,0.06525230407714844,0.0021559910383075476,-3.562161873560399e-05,-3.8066882552811876e-05,-0.0008175722905434668,0.032762061804533005,0.9994627833366394,-0.0016380696324631572,0.0007235364755615592,-0.0015058601275086403,-0.07966715097427368,-0.12490455061197281,-0.07579676061868668,-0.47556185722351074,0.558758556842804,0.4999008774757385,-2.007767677307129,-0.5189443230628967,2.445925235748291,1.155266284942627,0.0029267261270433664,0.0017651512753218412,-0.004195544868707657,-0.005292309448122978,0.0037634919863194227,0.0019056645687669516,-0.0018583856290206313,0.5999538898468018,0.0015246388502418995,0.08945763856172562,0.033330146223306656,0.9994440078735352,6.562678754562512e-05,0.0008190955850295722,2.2541316866409034e-06,-4.07281331717968e-05,0.032394926995038986,2.420495775368181e-06,-2.796280568873044e-05,0.9999998211860657,0.0005683711497113109,0.10196485370397568,0.35469532012939453,-4.9737396240234375,-0.11744390428066254,0.025978848338127136,0.0010657658567652106,0.0938267633318901,-0.0225222110748291,4.98647928237915,-0.0664023905992508,-0.011295433156192303,-0.000418229668866843,-4.094839096069336e-05,0.0016372216632589698,0.024946298450231552,0.003994964528828859,0.004008803050965071,5.247871740721166e-06,7.477356120944023e-06,,,,,3.777090814044495,,1320,2.4166666666666665
13.424999999987847,retreat,13.425000700168312,9.677695517519025,17.865439504384995,0.008344650268554688,-0.5920684197917581,3.7497750830492023,0.04001514025731012,0.10467831195095843,4.442594528198242,0.07790592312812805,8.707341194152832,-0.04585074566421099,70,4.489138126373291,0.11220483481884003,0.07765845209360123,0.007018187083303928,0.008946160320192575,-18.126578558273103,-0.12006485462188721,-0.1739674061536789,-4.437562942504883,0.07790486514568329,0.00032286165514960885,0.00024503565509803593,-6.825815216870978e-05,-0.0008070135954767466,0.03270706534385681,0.9994645714759827,-0.000895846402272582,0.0005041293916292489,-0.0012221953365951777,0.04898282513022423,-0.12971273064613342,-0.055267177522182465,-0.4755622446537018,0.558745801448822,0.4998980462551117,-2.0077810287475586,-0.5189729332923889,2.445944309234619,1.1552891731262207,0.0029545507859438658,0.0011889414163306355,-0.004743227269500494,-0.004471203777939081,0.0014827987179160118,0.0015443607699126005,-0.0008809762657620013,0.5999549031257629,0.0015225866809487343,0.08946103602647781,0.03333842381834984,0.9994437098503113,6.60731820971705e-05,0.0008301024790853262,-4.2734245653264225e-07,-4.427414387464523e-05,0.03239557147026062,2.2979626010055654e-05,2.429896312605706e-06,0.9999995827674866,0.0006317073712125421,0.16439127922058105,0.17469270527362823,-4.482724189758301,-0.10863588005304337,0.02806568332016468,-0.0006987637607380748,0.15694659948349,0.124453604221344,4.484668731689453,-0.08359779417514801,-0.0042773522436618805,0.0008538361871615052,-4.0411949157714844e-05,0.001634474960155785,0.024946480989456177,0.003994999919086695,0.004008818883448839,5.239537131274119e-06,7.46597652323544e-06,,,,,3.777090814044495,,1320,2.425
13.433333333321173,retreat,13.433334033936262,9.623596515817741,17.86050722002983,0.008881092071533203,-0.5919741233810782,3.750088385183831,0.041434297600062564,0.08846931922527276,4.861807346343994,0.06867652386426926,8.273481369018555,-0.04440880366018973,70,4.830986499786377,0.1178787350654602,0.0766390785574913,0.015600137412548065,0.007137427310226485,-18.12166806150878,-0.32655903697013855,0.11429877579212189,-4.849481105804443,0.06834547966718674,-0.006689234636723995,0.0007836344302631915,-5.302199861034751e-05,-0.0008257752633653581,0.032709378749132156,0.9994645118713379,-0.0015924599720165133,0.0008624602342024446,-0.0013330683577805758,0.0028750060591846704,-0.08331561833620071,-0.13838346302509308,-0.4755682945251465,0.558729887008667,0.49990418553352356,-2.0077967643737793,-0.5189855694770813,2.4459447860717773,1.1553006172180176,0.002267747186124325,0.001155027188360691,-0.0034602719824761152,-0.0054330178536474705,0.004934364464133978,-0.0002800190995912999,-0.002950103487819433,0.5999515652656555,0.00152196129783988,0.08946479856967926,0.033343974500894547,0.9994435906410217,6.677795317955315e-05,0.0008321390487253666,3.315693902550265e-06,-4.5272521674633026e-05,0.032394375652074814,6.797898549848469e-06,-1.40658303280361e-05,0.9999997019767761,0.0006349310278892517,0.27531418204307556,0.3948083519935608,-4.806948661804199,-0.11610762774944305,0.02035718783736229,7.480604381271405e-06,0.26732757687568665,-0.07349169254302979,4.823024272918701,-0.059290576726198196,0.01937815360724926,-0.001387244206853211,-4.1365623474121094e-05,0.0016345909098163247,0.02494647353887558,0.003995005041360855,0.004008806776255369,5.227830115472898e-06,7.452908903360367e-06,,,,,3.777090814044495,,1320,2.433333333333333
13.441666666654498,retreat,13.441667367704213,9.569409076996466,17.85363033413887,0.006318092346191406,-0.5833053728565574,3.73638308751507,0.04543144314084202,0.09691328065893987,4.359363079071045,0.07130485028028488,8.442970275878906,-0.0450642328360118,70,4.445560932159424,0.12070340663194656,0.11738358438014984,0.018549585714936256,-0.013265082845464349,-18.113838077411774,-0.042723074555397034,0.009165003895759583,-4.35914421081543,0.07113301753997803,0.004947161301970482,-3.726945578819141e-05,-0.0001534182665636763,-0.0007514100871048868,0.032591503113508224,0.9994683861732483,-0.0006864157039672136,0.0011503961868584156,0.0027551501989364624,-0.004641151055693626,-0.15404677391052246,-0.19671346247196198,-0.47558069229125977,0.5587102770805359,0.49992117285728455,-2.0078086853027344,-0.5189997553825378,2.445988178253174,1.1553173065185547,0.002013927325606346,0.0007637606468051672,-0.003130232682451606,-0.004564621951431036,0.003271498018875718,0.002693342277780175,-0.0017493212362751365,0.599960207939148,0.0015269373543560505,0.08947701007127762,0.03334067761898041,0.9994436502456665,6.693829345749691e-05,0.0008590277284383774,-9.63993079494685e-06,-4.910072311758995e-05,0.03239943087100983,0.00010464722436154261,8.937280654208735e-05,0.9999996423721313,0.0007496640319004655,0.13145053386688232,0.30016106367111206,-4.433467388153076,-0.11302133649587631,0.04235314577817917,0.001304701785556972,0.12384089082479477,-0.004003942012786865,4.443832874298096,-0.06987050175666809,-0.02345343679189682,0.000141907949000597,-3.7789344787597656e-05,0.0016287029720842838,0.02494686096906662,0.003980496898293495,0.0039935060776770115,5.2466284614638425e-06,7.468712283298373e-06,,,,,3.777090814044495,,1320,2.4416666666666664
13.449999999987824,retreat,13.450000701472163,9.515134103474791,17.845915257930756,0.007033348083496094,-0.5840468220412731,3.737797784738417,0.04604522109730169,0.07912936237050427,5.135322093963623,0.06660356372594833,8.006390571594238,-0.03601920252549462,63,5.080955982208252,0.11727701872587204,0.09920164942741394,0.024099765345454216,-0.045600567013025284,-18.106221383221715,-0.225065678358078,-0.06494314223527908,-5.129976749420166,0.06653306633234024,0.003051255363970995,0.0002766003308352083,-0.00016662420239299536,-0.0007463340880349278,0.03260432556271553,0.9994680881500244,-0.0017302758060395718,0.0006624630186706781,0.0066397469490766525,-0.13959386944770813,-0.18679215013980865,0.02451084554195404,-0.4755886495113373,0.5586920976638794,0.49992942810058594,-2.007821798324585,-0.5190179347991943,2.445988178253174,1.1553317308425903,0.0023177561815828085,0.0009456522529944777,-0.003655690234154463,-0.004819586873054504,0.0035071037709712982,-0.002110025379806757,-0.002226873766630888,0.5999589562416077,0.00152558833360672,0.08948317915201187,0.03334807604551315,0.9994434118270874,6.79074801155366e-05,0.0008640072774142027,-7.994680345291272e-06,-5.008280277252197e-05,0.03239784389734268,0.00011428562720539048,0.00010194012429565191,0.9999997615814209,0.0007442511268891394,0.15632674098014832,0.30844923853874207,-5.069174766540527,-0.11724302172660828,0.0024044769816100597,-0.0014804676175117493,0.14757290482521057,0.03017270565032959,5.078723907470703,-0.07293961197137833,0.020179547369480133,1.4420016668736935e-05,-3.7550926208496094e-05,0.0016293429071083665,0.024946819990873337,0.003980504814535379,0.00399352889508009,5.2974082791479304e-06,7.547496352344751e-06,,,,,3.777090814044495,,1320,2.45
13.45833333332115,retreat,13.458334035240114,9.460772497672314,17.840543389320374,0.008881092071533203,-0.5904984427616,3.750245026449982,0.04058874401380308,0.08846931922527276,5.028627872467041,0.06815958768129349,8.153609275817871,-0.036674631701316684,51,5.001110553741455,0.11951509118080139,0.04263100400567055,0.007008612621575594,-0.037459936924278736,-18.10171512391023,-0.29702508449554443,0.046800047159194946,-5.019629955291748,0.0681520476937294,-0.0009582329075783491,0.0003304535639472306,-0.00011765212548198178,-0.000819395063444972,0.032710883766412735,0.9994645118713379,-0.0016148299910128117,0.0009094408596865833,0.005680875852704048,-0.10856828838586807,-0.1551235318183899,0.10900392383337021,-0.47559550404548645,0.558675229549408,0.49993541836738586,-2.007840394973755,-0.519027590751648,2.445988178253174,1.1553422212600708,0.0021802252158522606,0.0009764391579665244,-0.003449513576924801,-0.0057440767996013165,0.005007473286241293,-0.0012545747449621558,-0.0029180001001805067,0.5999544858932495,0.0015245182439684868,0.08948641270399094,0.03335323557257652,0.9994431734085083,6.776073860237375e-05,0.0008645143825560808,-1.706477632978931e-06,-4.490511491894722e-05,0.03239607810974121,4.340063242125325e-05,5.081321796751581e-05,0.9999997019767761,0.0006427507614716887,0.28019189834594727,0.3574073910713196,-4.980447769165039,-0.11263926327228546,0.03993644937872887,0.00115476013161242,0.27159029245376587,-0.02451545000076294,4.99367094039917,-0.06122727319598198,0.00044446811079978943,-0.0012813459616154432,-4.112720489501953e-05,0.0016346636693924665,0.024946462363004684,0.003995153121650219,0.004008053801953793,5.191076525079552e-06,7.388123776763678e-06,,,,,3.777090814044495,,1320,2.4583333333333335
13.466666666654476,retreat,13.466667369008064,9.406325162008622,17.835763841867447,0.00762939453125,-0.5908465245738626,3.753428649732579,0.03863912570523098,0.07912936237050427,4.8916544914245605,0.06943683326244354,8.247747421264648,-0.043491203541634604,48,4.88132381439209,0.1252337247133255,0.014930851757526398,0.00650049326941371,0.007002869970165193,-18.097156970832245,-0.26804298162460327,0.03169044852256775,-4.884202003479004,0.06939832121133804,-0.0022554295137524605,0.0005103842122480273,-0.00012112568219890818,-0.0008504496072418988,0.0327378511428833,0.9994636178016663,-0.0007660477422177792,0.0009500728920102119,-0.0014962368877604604,0.003482978092506528,-0.17408037185668945,-0.06978999823331833,-0.4756050407886505,0.5586568713188171,0.4999457895755768,-2.007861375808716,-0.5190362930297852,2.4459996223449707,1.1553534269332886,0.0020234258845448494,0.0007891661953181028,-0.003295708214864135,-0.006188817787915468,0.00478528905659914,3.0081759177846834e-05,-0.002681269310414791,0.5999518036842346,0.0015263184905052185,0.08949119597673416,0.033354971557855606,0.9994431138038635,6.811245111748576e-05,0.0008705289219506085,-6.666123226750642e-07,-4.287483170628548e-05,0.03239622712135315,1.827447340474464e-05,5.311091445037164e-05,0.9999997615814209,0.0006175066810101271,0.28093254566192627,0.3470028340816498,-4.860862731933594,-0.11709922552108765,0.04439879581332207,6.956284050829709e-05,0.2724788188934326,-0.02208930253982544,4.873662948608398,-0.06717659533023834,-0.0038249902427196503,8.024671114981174e-05,-4.267692565917969e-05,0.001636009430512786,0.02494637668132782,0.003996430896222591,0.004009437281638384,4.969255314790644e-06,7.073627784848213e-06,,,,,3.777090814044495,,1320,2.466666666666667
13.474999999987801,retreat,13.475000702776015,9.35179299890331,17.83166229724884,0.00762939453125,-0.5904561839997768,3.7528547530427163,0.039946760807652026,0.07912936237050427,4.838133811950684,0.07064919918775558,8.270626068115234,-0.04342566535342485,64,4.876950740814209,0.1198134571313858,0.04956170171499252,0.008980863727629185,-0.043515888042747974,-18.093015516557912,-0.13746915757656097,-0.03895310312509537,-4.836023330688477,0.0706455260515213,0.0004212199419271201,0.0005840407684445381,-0.00015481881564483047,-0.0008702332270331681,0.032732412219047546,0.9994637370109558,-0.0012361826375126839,0.0008780609932728112,0.006854322738945484,-0.12727585434913635,-0.1435714066028595,-0.12910065054893494,-0.4756126403808594,0.5586373209953308,0.49995192885398865,-2.007882595062256,-0.5190533995628357,2.4460136890411377,1.1553701162338257,0.002219204790890217,0.0006743758567608893,-0.003755744080990553,-0.005932696163654327,0.0033358915243297815,0.0015365417348220944,-0.0018184887012466788,0.5999494791030884,0.0015259962528944016,0.08949600160121918,0.033360082656145096,0.999442994594574,6.823029252700508e-05,0.0008780994103290141,1.1663832992780954e-06,-4.396308213472366e-05,0.032396890223026276,4.950321454089135e-06,8.625418558949605e-05,0.9999997615814209,0.0006280883681029081,0.1749148815870285,0.299363911151886,-4.86461067199707,-0.11471645534038544,0.03457189351320267,0.00042672260315157473,0.16637735068798065,0.025722861289978027,4.874044895172119,-0.07168028503656387,-0.009317770600318909,7.668731268495321e-05,-4.374980926513672e-05,0.001635736203752458,0.024946387857198715,0.003995146136730909,0.0040082563646137714,5.230518581811339e-06,7.448077667504549e-06,,,,,3.777090814044495,,1320,2.475
13.483333333321127,retreat,13.483334036543965,9.297176910775965,17.828652262687683,0.0073909759521484375,-0.5919719114899635,3.7571829028145345,0.03883561657858081,0.08846931922527276,5.529063701629639,0.06405886262655258,8.250118255615234,-0.04342566535342485,49,5.44509220123291,0.11980392038822174,0.08709558099508286,0.0041178371757268906,0.0029747062362730503,-18.090306467520815,-0.08446622639894485,0.05546340346336365,-5.528140068054199,0.0640522837638855,0.000903349369764328,0.00016391550889238715,-8.306892414111644e-05,-0.0009125219075940549,0.03276919201016426,0.9994624853134155,-0.001179416780360043,0.0007448630640283227,-0.001661843154579401,-0.07860413938760757,-0.15246203541755676,-0.01781190186738968,-0.47561678290367126,0.5586214065551758,0.49995383620262146,-2.0079052448272705,-0.5190680623054504,2.4460320472717285,1.1553850173950195,0.003028273116797209,0.0015165063086897135,-0.00470008933916688,-0.0063498057425022125,0.003991834353655577,0.002279168227687478,-0.0021350884344428778,0.5999466776847839,0.0015260935761034489,0.08949843049049377,0.033363740891218185,0.9994428157806396,6.842309085186571e-05,0.000885011802893132,3.282049874542281e-06,-4.255259409546852e-05,0.03239641711115837,-2.80072090390604e-05,1.3196614418120589e-05,0.9999997019767761,0.0005948849720880389,0.07139960676431656,0.409335732460022,-5.429214954376221,-0.1194622591137886,0.009040722623467445,0.00011426652781665325,0.06180211529135704,-0.046334922313690186,5.444541931152344,-0.06055746600031853,0.0012700315564870834,-0.00030265573877841234,-4.571676254272461e-05,0.0016375751001760364,0.024946268647909164,0.003996418323367834,0.0040096077136695385,4.9717918955138884e-06,7.083348464220762e-06,,,,,3.777090814044495,,1320,2.4833333333333334
13.491666666654453,retreat,13.491667370311916,9.24247780004618,17.82578006386757,0.006139278411865234,-0.5911088082939386,3.7536894829001084,0.039068290789145976,0.08846931922527276,4.648281574249268,0.07178787142038345,8.306268692016602,-0.0442777163698338,62,4.721979141235352,0.11855443567037582,0.10207497328519821,0.013888067565858364,-0.01943635381758213,-18.08719133156208,-0.014953434467315674,-0.027339085936546326,-4.648177146911621,0.07167518883943558,0.003999296575784683,0.0004135279741603881,-0.00017013921751640737,-0.0008745000814087689,0.03273949772119522,0.9994634985923767,-0.0009591968264430761,0.0009225709945894778,0.003305549966171384,-0.04296184703707695,-0.13799938559532166,-0.13505476713180542,-0.47561711072921753,0.5586079359054565,0.4999503493309021,-2.0079243183135986,-0.5190920233726501,2.446077823638916,1.1554064750671387,0.003011241788044572,0.0012739199446514249,-0.004735821392387152,-0.005325562320649624,0.0022954698652029037,0.004368526861071587,-0.001152178505435586,0.59995037317276,0.0015263990499079227,0.08950215578079224,0.033366378396749496,0.9994427561759949,6.846326868981123e-05,0.0009058011346496642,-3.012952220160514e-06,-4.333723336458206e-05,0.032397229224443436,2.7866022719535977e-05,0.00010209313040832058,0.9999997019767761,0.0006273160688579082,0.09444624185562134,0.2951867878437042,-4.71179723739624,-0.11429808288812637,0.03147350996732712,0.0007214032812044024,0.08591604232788086,0.019744575023651123,4.721156120300293,-0.07185438275337219,-0.01786554791033268,0.00034369254717603326,-4.398822784423828e-05,0.0016360891750082374,0.024946369230747223,0.003995137754827738,0.00400830851867795,5.2081695685046725e-06,7.414724677801132e-06,,,,,3.777090814044495,,1320,2.4916666666666667
13.499999999987779,retreat,13.500000704079866,9.18769656913355,17.821134626865387,0.005364418029785156,-0.5913689965382218,3.754315408672139,0.03971699334215373,0.08846931922527276,5.122204303741455,0.0685703381896019,8.264665603637695,-0.043950007238890976,55,5.070014476776123,0.12357054650783539,0.0939895510673523,0.024522749707102776,0.007209304254502058,-18.08258942235487,-0.32841020822525024,0.03654177486896515,-5.11153507232666,0.06849145889282227,-0.003228341694921255,0.0006239492213353515,-0.00014153595839161426,-0.0008756103925406933,0.03274519741535187,0.9994632601737976,-0.0013934088638052344,0.0007607098668813705,-0.0015134136192500591,-0.0029750154353678226,-0.15047752857208252,0.002705082530155778,-0.4756215512752533,0.5585924386978149,0.4999536871910095,-2.0079429149627686,-0.5191084146499634,2.4460854530334473,1.155421257019043,0.002536526182666421,0.001164881861768663,-0.0039039039984345436,-0.005830173380672932,0.004263218492269516,-0.0006727412110194564,-0.0024606743827462196,0.5999467968940735,0.0015257368795573711,0.08950483053922653,0.033372290432453156,0.9994425773620605,6.933433178346604e-05,0.0009093810804188251,-4.4151965994387865e-07,-4.3989624828100204e-05,0.03239523991942406,3.13142008963041e-05,7.271413778653368e-05,0.9999997019767761,0.0006275004125200212,0.2565946578979492,0.3738120198249817,-5.049699783325195,-0.12321718782186508,0.009313587099313736,-0.0006806277669966221,0.24742092192173004,-0.03607654571533203,5.0638427734375,-0.06943944096565247,0.02772378921508789,-0.001287052407860756,-4.398822784423828e-05,0.0016363748582080007,0.02494635060429573,0.0039964355528354645,0.00400966964662075,4.969646397512406e-06,7.075694156810641e-06,,,,,3.777090814044495,,1320,2.5
13.508333333321104,retreat,13.508334037847817,9.132834120457662,17.81696230173111,0.006020069122314453,-0.5899330135434866,3.7548369338913954,0.038312886317726225,0.06852804166478502,4.722057342529297,0.06909683346748352,8.146697998046875,-0.044474349124357104,62,4.796156406402588,0.12510234117507935,0.09520666301250458,0.016853921115398407,-0.04436640813946724,-18.07845336482438,-0.13476450741291046,0.0801011323928833,-4.719454288482666,0.06909184157848358,0.0006770824547857046,0.0004812392289750278,-0.00015302184328902513,-0.0008905782015062869,0.03274901211261749,0.9994632005691528,-0.0013153677573427558,0.0010808646911755204,0.007026245817542076,-0.13889020681381226,-0.1240154430270195,0.012664313428103924,-0.47562873363494873,0.558575451374054,0.4999617040157318,-2.0079617500305176,-0.5191220641136169,2.446115016937256,1.1554368734359741,0.002141895703971386,0.0009096644353121519,-0.0032190848141908646,-0.005577234085649252,0.00410479074344039,0.002377257216721773,-0.0020728427916765213,0.5999484658241272,0.0015286714769899845,0.08951051533222198,0.03337232768535614,0.9994425177574158,6.947883957764134e-05,0.0009242781670764089,-2.4228720576502383e-06,-4.259822890162468e-05,0.0323968380689621,3.087018558289856e-05,8.403947140322998e-05,0.9999998211860657,0.0006237374618649483,0.19821113348007202,0.3714219629764557,-4.777643203735352,-0.1167086809873581,0.045021019876003265,0.0016696794191375375,0.18939048051834106,-0.05185103416442871,4.792133331298828,-0.06324924528598785,-0.016484636813402176,-0.0006811668863520026,-4.476308822631836e-05,0.0016365648480132222,0.024946335703134537,0.003995161037892103,0.004008379764854908,5.198558028496336e-06,7.408089004456997e-06,,,,,3.777090814044495,,1320,2.5083333333333333
13.51666666665443,retreat,13.516667371615767,9.077891356438112,17.811169475317,0.0054836273193359375,-0.5903023993596435,3.7569223118386557,0.03926421777578071,0.03956468118525214,5.322556972503662,0.06843966990709305,8.242515563964844,-0.04270469435141422,56,5.266690731048584,0.12139040231704712,0.08758725970983505,0.018246062099933624,-0.025902509689331055,-18.07280555833531,-0.2538836598396301,-0.07751493155956268,-5.3159332275390625,0.06841666251420975,-0.0016218076925724745,0.0007198488456197083,-0.00010732403461588547,-0.0009041017619892955,0.032766904681921005,0.9994626045227051,-0.001620609313249588,0.0006910708034411073,0.0036690908018499613,-0.07903488725423813,-0.15669915080070496,-0.12378181517124176,-0.4756373465061188,0.558556079864502,0.49997127056121826,-2.0079798698425293,-0.5191408395767212,2.446115016937256,1.155454158782959,0.0024712327867746353,0.0009500682353973389,-0.003903389908373356,-0.005782998166978359,0.003427049145102501,-0.0013006717199459672,-0.0019212154438719153,0.5999449491500854,0.0015279264189302921,0.08951563388109207,0.033379875123500824,0.9994423389434814,7.008115790085867e-05,0.0009274282492697239,3.53433279087767e-07,-4.341639578342438e-05,0.032396163791418076,2.204426891694311e-05,3.743324487004429e-05,0.9999999403953552,0.0006133406423032284,0.2060922533273697,0.3130899667739868,-5.253334999084473,-0.12083940207958221,0.011505384929478168,-0.0010465936502441764,0.19635304808616638,0.03816443681716919,5.262892723083496,-0.07583949714899063,0.01828460954129696,-0.00030596042051911354,-4.5359134674072266e-05,0.0016374599654227495,0.02494627982378006,0.003996423911303282,0.004009712021797895,4.9769987526815385e-06,7.085793185979128e-06,,,,,3.777090814044495,,1320,2.5166666666666666
13.524999999987756,retreat,13.525000705383718,9.022869179494489,17.808442562818527,0.005125999450683594,-0.5926326848566532,3.761401964973129,0.037647118006134406,0.06852804166478502,5.4291157722473145,0.06355957686901093,8.271890640258789,-0.04263914888724685,47,5.3918657302856445,0.11504349857568741,0.041559237986803055,0.011447541415691376,0.001259558368474245,-18.070390165635043,-0.11633330583572388,0.018205851316452026,-5.4278388023376465,0.06355802714824677,0.0004143555124755949,0.00015675269241910428,-2.9640981665579602e-05,-0.0009483919711783528,0.0328049398958683,0.99946129322052,-0.0014020566595718265,0.0006568972021341324,-0.0015847424510866404,-0.09572019428014755,-0.151383176445961,-0.0845329761505127,-0.4756409823894501,0.5585400462150574,0.4999729096889496,-2.0080013275146484,-0.519158661365509,2.4461309909820557,1.1554718017578125,0.003064303193241358,0.0014212909154593945,-0.004744290374219418,-0.006129056680947542,0.003496377030387521,0.0016568450955674052,-0.001761323888786137,0.5999422669410706,0.001527776475995779,0.08951795101165771,0.03338514640927315,0.9994421005249023,7.037879549898207e-05,0.0009342691628262401,2.234723069705069e-06,-4.155561327934265e-05,0.03239589184522629,-1.2778730706486385e-05,-4.172939225099981e-05,0.9999998211860657,0.0005804843385703862,0.14093279838562012,0.36772337555885315,-5.37746524810791,-0.11086761951446533,0.030688492581248283,0.0012625992530956864,0.1308937668800354,-0.008021056652069092,5.390269756317139,-0.05796397849917412,-0.010388655588030815,-0.0006726561114192009,-4.744529724121094e-05,0.0016393620753660798,0.024946145713329315,0.003995147068053484,0.004008416086435318,5.2080413297517225e-06,7.423601346090436e-06,,,,,3.777090814044495,,1320,2.525
13.533333333321082,retreat,13.533334039151669,8.967768492046387,17.80344322323799,0.006794929504394531,-0.5912722554057837,3.758954443038484,0.03711037788889371,0.055952909680744456,4.871747970581055,0.06870444864034653,8.265620231628418,-0.04519532012636773,69,4.917050838470459,0.11823701113462448,0.05777599290013313,0.008305664174258709,0.006779749368433841,-18.065220622999064,-0.12987840175628662,-0.003843739628791809,-4.870014667510986,0.0686744749546051,-0.0020079000387340784,0.00029302292387001216,-3.772873606067151e-05,-0.000952928327023983,0.03278346359729767,0.9994620084762573,-0.0023475249763578176,0.0007395128486678004,-0.0012907705968245864,0.0031086972448974848,-0.027288557961583138,-0.08002419024705887,-0.4756448566913605,0.5585235357284546,0.49997588992118835,-2.00801944732666,-0.5191811919212341,2.446176767349243,1.1554930210113525,0.0028459648601710796,0.0011334199225530028,-0.0044682323932647705,-0.005637854337692261,0.0027823883574455976,0.002827598713338375,-0.0013911064015701413,0.5999473333358765,0.001529577188193798,0.08952473849058151,0.03338638320565224,0.9994420409202576,7.052221189951524e-05,0.0009572661947458982,-2.655790012795478e-06,-4.1316263377666473e-05,0.03239769861102104,5.405938281910494e-06,-3.3211974368896335e-05,0.9999998807907104,0.0006032160599716008,0.17646874487400055,0.3235588073730469,-4.903219223022461,-0.11392068862915039,0.03165518119931221,-0.00012855675595346838,0.16708815097808838,0.0044168829917907715,4.914209365844727,-0.06737881153821945,-0.006165202707052231,0.0004181026015430689,-4.76837158203125e-05,0.00163828965742141,0.024946212768554688,0.003996425308287144,0.004009791649878025,4.9772547754400875e-06,7.09120649844408e-06,,,,,3.777090814044495,,1320,2.533333333333333
13.541666666654407,retreat,13.541667372919619,8.912590196513394,17.80085787177086,0.005662441253662109,-0.592320691794157,3.7617663534650903,0.038840640627313405,0.055952909680744456,5.584559917449951,0.06409648805856705,8.227582931518555,-0.0438844581367448,64,5.518741607666016,0.11981303989887238,0.08654645830392838,0.015308571048080921,0.001691749319434166,-18.062830814476584,-0.20289339125156403,0.0018920749425888062,-5.580872535705566,0.06409259140491486,-0.00019859056919813156,0.0006781180272810161,-0.00010385114728705958,-0.0009477666462771595,0.0328080914914608,0.99946129322052,-0.0019650249741971493,0.00048360711662098765,-0.0017023347318172455,-0.1013256311416626,-0.14547184109687805,-0.10496316850185394,-0.4756457209587097,0.558509349822998,0.4999735355377197,-2.008040189743042,-0.5191999077796936,2.4461796283721924,1.1555092334747314,0.0032560473773628473,0.0015780647518113256,-0.004978292156010866,-0.006084816064685583,0.003668770892545581,0.00028352069784887135,-0.002083055442199111,0.5999413728713989,0.0015273992903530598,0.08952457457780838,0.033394888043403625,0.9994418025016785,7.107966666808352e-05,0.0009566255030222237,2.2180101950652897e-06,-4.28101047873497e-05,0.0323948971927166,7.73834835854359e-06,3.248764915042557e-05,0.9999998807907104,0.0005871545290574431,0.15602773427963257,0.37980252504348755,-5.503445625305176,-0.11960367858409882,0.007059460040181875,-0.0005361823714338243,0.14550748467445374,-0.011555194854736328,5.516811847686768,-0.0649729073047638,0.015481701120734215,-0.0006156633608043194,-4.750490188598633e-05,0.001639515976421535,0.024946138262748718,0.003994851838797331,0.004008558113127947,5.270264409773517e-06,7.507333066314459e-06,,,,,3.777090814044495,,1320,2.5416666666666665
13.549999999987733,retreat,13.55000070668757,8.857335195315105,17.795612663030624,0.007033348083496094,-0.5903731798753142,3.7617143001242024,0.036019358958583325,0.07912936237050427,4.68803071975708,0.0650591179728508,7.954269886016846,-0.04453989095054567,52,4.7706990242004395,0.12534081935882568,0.10612381249666214,0.01621590368449688,-0.0051404996775090694,-18.057581985902893,-0.1999666392803192,0.11922474205493927,-4.682246208190918,0.06492727994918823,-0.004102334380149841,0.000555309874471277,-6.471751112258062e-05,-0.0009629460982978344,0.03280705586075783,0.9994612336158752,-0.0018557445146143436,0.0010266774334013462,0.0006832081126049161,-0.03139042854309082,-0.05435802415013313,-0.009365909732878208,-0.47565266489982605,0.5584920644760132,0.499982625246048,-2.008058547973633,-0.5192157030105591,2.44622540473938,1.1555274724960327,0.002358559751883149,0.001026282086968422,-0.003486245172098279,-0.005831263493746519,0.0039117285050451756,0.0028047331143170595,-0.0018241911893710494,0.5999466180801392,0.0015319338999688625,0.08953224867582321,0.033392731100320816,0.9994418025016785,7.15546339051798e-05,0.0009799223626032472,-3.171186108374968e-06,-4.025176167488098e-05,0.03239748254418373,1.717132909107022e-05,-6.84486349200597e-06,0.9999997615814209,0.0005859897355549037,0.26416996121406555,0.39594486355781555,-4.746894836425781,-0.11544287949800491,0.04878750070929527,0.0017444438999518752,0.25487950444221497,-0.07816076278686523,4.763243675231934,-0.058428067713975906,-0.010742846876382828,-0.0011352822184562683,-4.8220157623291016e-05,0.0016394658014178276,0.024946138262748718,0.003996120300143957,0.0040098694153130054,5.038720246375306e-06,7.181166438385844e-06,,,,,3.777090814044495,,1320,2.55
13.558333333321059,retreat,13.55833404045552,8.80200439087111,17.789845913648605,0.006794929504394531,-0.5899774841964245,3.7615581357857897,0.038291345845209435,0.06852804166478502,5.42781925201416,0.06664101034402847,8.112167358398438,-0.04270469435141422,66,5.391666412353516,0.1192769929766655,0.07762023061513901,0.01879756525158882,-0.02237389050424099,-18.051804376719083,-0.21806290745735168,-0.11202844977378845,-5.4222798347473145,0.06663903594017029,4.6757981181144714e-05,0.0005108467303216457,-8.714218711247668e-05,-0.0009521471220068634,0.03280624747276306,0.99946129322052,-0.0018997298320755363,0.0005683547933585942,0.0031533699948340654,-0.06524989008903503,-0.1517229974269867,-0.05697644129395485,-0.4756592810153961,0.5584731698036194,0.49998924136161804,-2.0080766677856445,-0.519239068031311,2.44622540473938,1.1555488109588623,0.0027961728628724813,0.0010502735385671258,-0.00439048744738102,-0.005758965853601694,0.0026810455601662397,-0.0010187997249886394,-0.0014196849660947919,0.599943220615387,0.001530610490590334,0.08953683823347092,0.03340201452374458,0.9994414448738098,7.175909559009597e-05,0.0009832081850618124,-2.2267340682446957e-07,-4.249066114425659e-05,0.032396189868450165,3.0505472750519402e-05,1.582391450938303e-05,0.9999998211860657,0.0005961130373179913,0.18045641481876373,0.2986162602901459,-5.380365371704102,-0.11886360496282578,0.009835506789386272,-0.0013069573324173689,0.1698794662952423,0.06131643056869507,5.388641357421875,-0.07595566660165787,0.016268912702798843,7.887149695307016e-05,-4.774332046508789e-05,0.0016394245903939009,0.024946145713329315,0.0039948588237166405,0.004008688498288393,5.272556336421985e-06,7.508118869736791e-06,,,,,3.777090814044495,,1320,2.558333333333333
13.566666666654385,retreat,13.56666737422347,8.746598685601004,17.786012589931488,0.006854534149169922,-0.585195142775774,3.7513413324343925,0.04390149479149841,0.08846931922527276,5.129964828491211,0.05980828031897545,7.723669052124023,-0.043360119889257476,67,5.167349338531494,0.11189521104097366,0.05911119654774666,0.013954894617199898,-0.03470290222321637,-18.047260563525306,-0.11656935513019562,0.032422661781311035,-5.128537654876709,0.0598035529255867,0.0007504960522055626,4.6550776460208e-05,-8.239162707468495e-05,-0.0009605838567949831,0.03271660581231117,0.999464213848114,-0.00138596270699054,0.0012434746604412794,0.006835350301116705,0.008788698352873325,-0.11879704147577286,-0.057092953473329544,-0.47566500306129456,0.5584545731544495,0.49999406933784485,-2.0080947875976562,-0.5192616581916809,2.4462451934814453,1.155570149421692,0.002744425320997834,0.0010317395208403468,-0.004260990768671036,-0.005610231775790453,0.0027434872463345528,0.0017457010690122843,-0.0012512271059677005,0.5999434590339661,0.001530311070382595,0.08954261988401413,0.03340794891119003,0.9994412064552307,7.161089888541028e-05,0.0009952253894880414,-1.1821903171949089e-06,-4.8076268285512924e-05,0.032397788017988205,3.423487942200154e-05,1.1238742445129901e-05,0.9999997019767761,0.0006917382124811411,0.1692287176847458,0.3579716682434082,-5.152156352996826,-0.10533148795366287,0.03773530572652817,0.0013648561434820294,0.15898185968399048,-0.0130842924118042,5.16488790512085,-0.05385958030819893,-0.013365201652050018,-0.0005733069265261292,-4.8160552978515625e-05,0.0016349498182535172,0.024946440011262894,0.003980300854891539,0.003993366379290819,5.280900950310752e-06,7.519003702327609e-06,,,,,3.777090814044495,,1320,2.5666666666666664
13.57499999998771,retreat,13.575000707991421,8.691118981924372,17.77779832482338,0.006794929504394531,-0.5851782625541091,3.7509237297878393,0.04530875594355166,0.08846931922527276,4.916125774383545,0.059588462114334106,7.352283954620361,-0.03785439912462607,58,4.9622578620910645,0.11613975465297699,0.052592188119888306,0.0014671946410089731,-0.04412803053855896,-18.039017257622096,-0.14574676752090454,0.062496185302734375,-4.913567543029785,0.059576258063316345,0.0011896288488060236,0.0001978324435185641,-0.00012837714166380465,-0.0009386208839714527,0.032713882625103,0.9994642734527588,-0.0012783915735781193,0.0009254608303308487,0.006750593427568674,-0.15194669365882874,-0.13708153367042542,-0.009861734695732594,-0.4756733179092407,0.5584338903427124,0.5000038743019104,-2.0081095695495605,-0.5192846059799194,2.4462456703186035,1.1555911302566528,0.002142144599929452,0.0006932250107638538,-0.0031933218706399202,-0.005085605662316084,0.0029610435012727976,0.0012033283710479736,-0.0014151426730677485,0.5999423265457153,0.0015293918550014496,0.0895499512553215,0.033416807651519775,0.9994409680366516,7.171878678491339e-05,0.0010015331208705902,-5.160545697435737e-07,-4.952447488903999e-05,0.03239684924483299,6.0959118854952976e-05,5.8024117606692016e-05,0.9999997019767761,0.0007033738656900823,0.17778168618679047,0.3796778917312622,-4.944516181945801,-0.11288931220769882,0.02728196606040001,-0.0003748216258827597,0.1678880751132965,-0.04851800203323364,4.9591779708862305,-0.0582834854722023,-0.001583881676197052,0.0003730999305844307,-4.7087669372558594e-05,0.0016348118660971522,0.024946443736553192,0.003981579095125198,0.003994663245975971,5.079096808913164e-06,7.237598765641451e-06,,,,,3.777090814044495,,1320,2.575
13.583333333321036,retreat,13.583334041759372,8.635566182260813,17.76658520102501,0.006794929504394531,-0.5870576715096831,3.7567659485890417,0.04208357131574303,0.055952909680744456,4.979907512664795,0.054059501737356186,6.887438774108887,-0.03785439912462607,66,5.031075954437256,0.11750724166631699,0.0563872791826725,0.0054123494774103165,-0.08654816541820765,-18.028210410349317,-0.19294540584087372,0.11236931383609772,-4.9748992919921875,0.05405483767390251,-0.0006504955235868692,0.0002851203316822648,-0.00013283450971357524,-0.0009401871357113123,0.03276439756155014,0.9994627237319946,-0.0011093213688582182,0.0016516675241291523,0.016572987660765648,-0.05906201899051666,-0.15045300126075745,-0.07941802591085434,-0.4756883680820465,0.5584099888801575,0.5000254511833191,-2.008121967315674,-0.5193038582801819,2.4462456703186035,1.1556113958358765,0.0014543677680194378,0.00040719498065300286,-0.0018917163833975792,-0.00481674587354064,0.0034921467304229736,-0.00049083202611655,-0.0015206140233203769,0.5999433398246765,0.0015311255119740963,0.08956151455640793,0.03342268243432045,0.9994407892227173,7.208957686088979e-05,0.0010112352902069688,-2.15986801777035e-06,-4.632445052266121e-05,0.032397445291280746,6.894888792885467e-05,6.241727533051744e-05,0.9999998807907104,0.0006587157840840518,0.20079819858074188,0.4257368743419647,-5.009007453918457,-0.11525002121925354,0.022918548434972763,0.000354734220309183,0.1906813681125641,-0.0901021957397461,5.026654243469238,-0.05397617444396019,0.006031589582562447,-0.0008605886250734329,-4.7206878662109375e-05,0.0016373334219679236,0.02494627982378006,0.0039802854880690575,0.003993390128016472,5.1777651606244035e-06,7.374415872618556e-06,,,,,3.777090814044495,,1320,2.5833333333333335
13.591666666654362,retreat,13.591667375527322,8.579941189029917,17.756709456443787,0.008761882781982422,-0.589764560572803,3.765096272562311,0.036552130040945485,0.06852804166478502,5.737938404083252,0.06336811184883118,7.9994001388549805,-0.03968959936173633,59,5.664309978485107,0.12081774324178696,0.09159082919359207,0.012666010297834873,-0.0781480916775763,-18.018913964097255,-0.21193715929985046,-0.007806599140167236,-5.734017372131348,0.06336039304733276,-0.0008307638927362859,0.0005363611271604896,1.673346196184866e-05,-0.001032514264807105,0.03283429518342018,0.9994602203369141,-0.0012035011313855648,0.0012981777545064688,0.012893551960587502,-0.05236043781042099,-0.1359821856021881,-0.07962439209222794,-0.475704163312912,0.5583862662315369,0.5000494718551636,-2.00813627243042,-0.5193206667900085,2.4462456703186035,1.1556298732757568,0.0019717668183147907,0.0008176252013072371,-0.002667977474629879,-0.005331495311111212,0.003939613699913025,-0.0024953011889010668,-0.0018970095552504063,0.5999436378479004,0.0015346012078225613,0.08957253396511078,0.03342697396874428,0.9994406700134277,7.295397517737001e-05,0.0010199574753642082,-1.061249349731952e-06,-4.051020368933678e-05,0.0323990136384964,-9.571957889420446e-06,-9.066057828022167e-05,0.9999998211860657,0.0005929110338911414,0.1690615713596344,0.38664865493774414,-5.648568630218506,-0.12031771242618561,0.010974075645208359,-0.0003815776144620031,0.15754751861095428,-0.00833141803741455,5.662113189697266,-0.06468908488750458,0.013426440767943859,-0.0006427203770726919,-5.155801773071289e-05,0.0016408294904977083,0.024946045130491257,0.003996130544692278,0.004009678494185209,5.03506498716888e-06,7.162743713706732e-06,,,,,3.777090814044495,,1320,2.591666666666667
13.599999999987688,retreat,13.600000709295273,8.52424490465127,17.74875596165657,0.011980533599853516,-0.5895857466384768,3.767279934696001,0.03808292240137234,0.08846931922527276,5.692700386047363,0.06380268931388855,7.965970516204834,-0.04198359602014534,70,5.643405437469482,0.11224725097417831,0.057374257594347,0.006073166150599718,-0.04430632013827562,-18.011112322250657,-0.15953625738620758,-0.09665361791849136,-5.689643383026123,0.0636710524559021,-0.004044292960315943,0.0006512915133498609,-3.7750476167275338e-06,-0.0010634508216753602,0.032852623611688614,0.9994596838951111,-0.002184709068387747,0.0005933206994086504,0.005984186660498381,-0.14971905946731567,-0.07723652571439743,0.10162919759750366,-0.4757121801376343,0.5583663582801819,0.5000593066215515,-2.0081536769866943,-0.5193427801132202,2.4462456703186035,1.155651569366455,0.0028183013200759888,0.0010992020834237337,-0.004240971989929676,-0.0055993725545704365,0.0026534884236752987,-0.0008335480815730989,-0.001185595989227295,0.5999406576156616,0.0015342505648732185,0.08957811444997787,0.033435698598623276,0.9994402527809143,7.351634849328548e-05,0.0010242906864732504,4.860798071604222e-06,-4.144525155425072e-05,0.032396603375673294,-3.683128670672886e-05,-7.161054236348718e-05,0.9999997019767761,0.0005833227187395096,0.17074336111545563,0.3105525076389313,-5.632266521453857,-0.10904056578874588,0.02663351409137249,0.0005072675994597375,0.15920795500278473,0.06660455465316772,5.640768527984619,-0.06440787017345428,-0.0019821003079414368,-0.0004995147464796901,-5.316734313964844e-05,0.0016417434671893716,0.024945981800556183,0.003994866739958525,0.004008531104773283,5.300514658301836e-06,7.555296178907156e-06,,,,,3.777090814044495,,1320,2.6
13.608333333321013,retreat,13.608334043063223,8.468478231544472,17.744814604520798,0.009655952453613281,-0.5904878489673138,3.768527174346655,0.03872112210956402,0.055952909680744456,5.652828216552734,0.0630674660205841,8.005525588989258,-0.04237697794451378,59,5.629866123199463,0.11217999458312988,0.02933168038725853,0.009331946261227131,-0.023863749345764518,-18.007257698603702,-0.08984571695327759,-0.011733874678611755,-5.652101993560791,0.0630623996257782,-0.00029814656591042876,0.0007414518622681499,-9.708751895232126e-05,-0.0010506977559998631,0.032864008098840714,0.9994593262672424,-0.001202946063131094,0.0011030359892174602,0.004898414947092533,0.05741804465651512,-0.1544724553823471,-0.10698938369750977,-0.47571465373039246,0.5583499073982239,0.5000602602958679,-2.008172035217285,-0.5193654298782349,2.4462571144104004,1.155672311782837,0.0034065668005496264,0.0015243366360664368,-0.005119785666465759,-0.00573055911809206,0.0028620886150747538,0.0015318946680054069,-0.001464591477997601,0.5999383330345154,0.0015330566093325615,0.08958159387111664,0.03344372659921646,0.99944007396698,7.35097419237718e-05,0.0010307736229151487,4.442015779204667e-06,-4.222569987177849e-05,0.03239613398909569,-2.0723891793750226e-05,2.2297745090327226e-05,0.9999998807907104,0.0005800607614219189,0.11896082013845444,0.36133891344070435,-5.616998672485352,-0.1095004677772522,0.02437056228518486,0.0002733776636887342,0.107387974858284,0.014990746974945068,5.628820896148682,-0.0575348399579525,-0.007174000144004822,9.421072900295258e-05,-5.269050598144531e-05,0.0016423068009316921,0.024945944547653198,0.003996113780885935,0.00400990154594183,5.039675670559518e-06,7.1821268647909164e-06,,,,,3.777090814044495,,1320,2.6083333333333334
13.61666666665434,retreat,13.616667376831174,8.41264207212911,17.739234119653702,0.009834766387939453,-0.589057570323348,3.766812113509904,0.03645930701168254,0.08846931922527276,5.112788677215576,0.06262286007404327,7.755832195281982,-0.04283577800379135,58,5.169320106506348,0.12071673572063446,0.08499587327241898,0.012932137586176395,-0.044608973897993565,-18.00155794776409,-0.055591780692338943,0.11616167426109314,-5.111166477203369,0.06261017918586731,0.001075716339983046,0.0006564540090039372,-0.00015375575458165258,-0.0010271529899910092,0.03284978121519089,0.9994598031044006,-0.0014327189419418573,0.0009537041769362986,0.006530962884426117,-0.14959613978862762,-0.10790719091892242,-0.12165721505880356,-0.47571736574172974,0.5583348274230957,0.500063419342041,-2.0081872940063477,-0.5193860530853271,2.446302890777588,1.1556919813156128,0.0029805877711623907,0.0014490687754005194,-0.004161176271736622,-0.005148216150701046,0.003449386917054653,0.003680919064208865,-0.0016616479260846972,0.599944531917572,0.001536073163151741,0.08958819508552551,0.03344381973147392,0.9994399547576904,7.429296965710819e-05,0.0010543782263994217,-3.110762918367982e-06,-4.0718354284763336e-05,0.032397229224443436,2.4531225790269673e-05,7.970495062181726e-05,0.9999997019767761,0.0005944558070041239,0.11947096139192581,0.42632052302360535,-5.150325298309326,-0.11712353676557541,0.029208296909928322,0.001217693672515452,0.10862372070550919,-0.08104121685028076,5.167544364929199,-0.05573984235525131,-0.012031188234686852,-0.0005288072861731052,-5.155801773071289e-05,0.001641593873500824,0.02494598925113678,0.003994847647845745,0.004008611664175987,5.269418579700869e-06,7.508206181228161e-06,,,,,3.777090814044495,,1320,2.6166666666666667
13.624999999987665,retreat,13.625000710599124,8.356737328824778,17.7324578166008,0.009059906005859375,-0.589211005717516,3.768890874941442,0.03657254274003208,0.07912936237050427,5.526078701019287,0.06283983588218689,7.848330974578857,-0.04106599590159021,58,5.484823703765869,0.12272229790687561,0.09444930404424667,0.027807483449578285,-0.043807169422507286,-17.994926202528973,-0.32005977630615234,-0.05094301700592041,-5.516567230224609,0.06278733909130096,-0.0023893434554338455,0.0009415964013896883,-0.00015485179028473794,-0.0010025668889284134,0.032868653535842896,0.9994590878486633,-0.0016499361954629421,0.0006105881184339523,0.006054258905351162,-0.14034950733184814,-0.16197219491004944,-0.11773160845041275,-0.4757230579853058,0.5583173036575317,0.5000719428062439,-2.008201837539673,-0.5194070339202881,2.446302890777588,1.1557108163833618,0.0028181159868836403,0.001222842838615179,-0.0040381308645009995,-0.005286899860948324,0.0034427570644766092,-0.002403978956863284,-0.0018711582524701953,0.5999426245689392,0.001536188181489706,0.08959392458200455,0.033451735973358154,0.9994397759437561,7.544069376308471e-05,0.0010590199381113052,-2.279113687109202e-06,-4.089297726750374e-05,0.03239621967077255,5.37408996024169e-05,8.063751010922715e-05,0.9999997615814209,0.0005834884359501302,0.2527680993080139,0.3519259989261627,-5.467681884765625,-0.12247148156166077,0.007802898995578289,-0.0007830929826013744,0.24119378626346588,0.01451873779296875,5.479498386383057,-0.07185711711645126,0.02867395430803299,-0.0012800365220755339,-5.036592483520508e-05,0.0016425359062850475,0.024945933371782303,0.00399610074236989,0.004009945783764124,5.08264474774478e-06,7.239112164825201e-06,,,,,3.777090814044495,,1320,2.625
13.63333333332099,retreat,13.633334044367075,8.300764904051064,17.727864533662796,0.009417533874511719,-0.5900069372728467,3.7712800360971155,0.037244190025376156,0.08846931922527276,5.648339748382568,0.06132505461573601,7.925500392913818,-0.041655879613244906,65,5.626845359802246,0.11478030681610107,0.025951383635401726,0.009385921061038971,-0.006072050251532346,-17.9904990622905,-0.1604643613100052,-0.015677452087402344,-5.646038055419922,0.06129081919789314,0.0020170058123767376,0.00036015757359564304,-9.706320997793227e-05,-0.0010330022778362036,0.032888639718294144,0.9994584918022156,-0.001673388876952231,0.0008272157865576446,0.0011599728604778647,0.016872001811861992,-0.14953704178333282,-0.19327597320079803,-0.4757269620895386,0.5583000183105469,0.5000767111778259,-2.0082192420959473,-0.5194265246391296,2.446302890777588,1.1557297706604004,0.0031992667354643345,0.0014161554863676429,-0.004696309566497803,-0.005529497750103474,0.003370224265381694,-0.0001576086797285825,-0.0017091151094064116,0.5999387502670288,0.0015355157665908337,0.08959751576185226,0.03346008062362671,0.9994394183158875,7.582019316032529e-05,0.0010611802572384477,1.8142382032237947e-06,-4.1244085878133774e-05,0.03239522501826286,2.743108052527532e-05,2.156384289264679e-05,0.9999997019767761,0.0005717843887396157,0.18617157638072968,0.3589615225791931,-5.6122965812683105,-0.108592689037323,0.03714907914400101,0.0014466781867668033,0.1742669641971588,0.017248153686523438,5.624117851257324,-0.05696234479546547,-0.010329606011509895,-0.0008705629734322429,-5.179643630981445e-05,0.00164353649597615,0.024945862591266632,0.00399483647197485,0.004008722957223654,5.275777766655665e-06,7.519294740632176e-06,,,,,3.777090814044495,,1320,2.6333333333333333
13.641666666654316,retreat,13.641667378135026,8.244725700227562,17.72150546312332,0.010609626770019531,-0.5886445287615061,3.7695662259387293,0.036717989132739604,0.06852804166478502,5.155468463897705,0.06313769519329071,7.811339378356934,-0.04283577800379135,66,5.219799518585205,0.11698154360055923,0.1397537738084793,0.013695440255105495,-0.026790489442646503,-17.98402081312846,-0.06321541965007782,0.06976564228534698,-5.154608726501465,0.06307359784841537,0.0028357445262372494,0.00022030362742953002,-0.00013211325858719647,-0.0010317268315702677,0.03287366032600403,0.9994590282440186,-0.0016266320599243045,-0.003022110089659691,0.006662791594862938,0.11201305687427521,-0.1178932711482048,0.03982878103852272,-0.47573164105415344,0.5582823157310486,0.5000821948051453,-2.008232593536377,-0.5194474458694458,2.4463400840759277,1.1557493209838867,0.0030582714825868607,0.0011150784557685256,-0.004609704948961735,-0.004767393693327904,0.0027393829077482224,0.00213522557169199,-0.001525279600173235,0.5999448895454407,0.0015374477952718735,0.08960597217082977,0.03346226364374161,0.9994393587112427,7.640082185389474e-05,0.0010830084793269634,-4.5523265725933015e-06,-4.0957704186439514e-05,0.03239735588431358,4.9368496547685936e-05,5.6757155107334256e-05,0.9999998211860657,0.0005889966269023716,0.13797494769096375,0.3118029832839966,-5.208651065826416,-0.11130891740322113,0.035985104739665985,0.00028214012854732573,0.12669740617275238,0.03731662034988403,5.2181267738342285,-0.066474549472332,-0.016073323786258698,0.0006544118514284492,-5.179643630981445e-05,0.0016427870141342282,0.024945911020040512,0.003996110055595636,0.004008796997368336,-0.0333978608250618,-9.319372475147247e-05,,,,,3.777090814044495,,1320,2.6416666666666666
13.649999999987642,retreat,13.650000711902976,8.188620619773864,17.71240457892418,0.007867813110351562,-0.5874346243217587,3.7748090736449558,0.03446171467658132,0.08846931922527276,5.275877952575684,0.05773589387536049,7.357185363769531,-0.04093490497325547,54,5.292796611785889,0.12448721379041672,0.09967398643493652,0.024095097556710243,-0.06864919839426875,-17.975284516626658,-0.40824365615844727,0.08426728844642639,-5.259384632110596,0.05768616497516632,-0.002235718537122011,0.000861132750287652,-0.0001806591171771288,-0.0009854319505393505,0.03292065113782883,0.9994574189186096,-0.001002773642539978,0.0013875773875042796,0.012113405391573906,-0.05329419672489166,-0.21517662703990936,-0.27172762155532837,-0.47574329376220703,0.5582618117332458,0.5001004338264465,-2.0082478523254395,-0.5194530487060547,2.4463388919830322,1.1557590961456299,0.001727962400764227,0.0006737573421560228,-0.0021838161628693342,-0.005343573167920113,0.005481158848851919,-0.0028667470905929804,-0.002987537533044815,0.5999429821968079,0.0015409891493618488,0.0896143689751625,0.033463940024375916,0.9994392395019531,7.737385021755472e-05,0.0010874897707253695,-5.6780336308293045e-06,-3.8693659007549286e-05,0.03239680081605911,9.852364746620879e-05,0.00010605069110170007,0.9999997019767761,0.0005437127547338605,0.3487614095211029,0.5041297674179077,-5.257177352905273,-0.12184258550405502,0.025522079318761826,-0.00027499982388690114,0.33734679222106934,-0.15126746892929077,5.279866695404053,-0.049218080937862396,0.02478519268333912,-0.0014828190905973315,-4.953145980834961e-05,0.0016451305709779263,0.024945765733718872,0.003994873724877834,0.004008801653981209,5.278169737721328e-06,7.518799975514412e-06,,,,,3.777090814044495,,1320,2.65
13.658333333320968,retreat,13.658334045670927,8.132450565109563,17.683205753564835,0.008285045623779297,-0.5769813433289528,3.8161850984327432,0.016090991266537458,0.055952909680744456,3.1607608795166016,0.02317669428884983,3.925920009613037,-0.03975514118792489,53,3.390956163406372,0.19486495852470398,0.5167060494422913,0.05050624534487724,-0.04703155532479286,-17.948962903089274,-0.42713820934295654,1.268011212348938,-2.863583564758301,0.022719254717230797,-0.0045740255154669285,0.0002700430923141539,-0.0001860418706201017,-0.0008805397665128112,0.03328488767147064,0.9994454979896545,0.0015732529573142529,0.004113974515348673,0.015160897746682167,-0.1188017874956131,-0.17361968755722046,0.15933330357074738,-0.4757929742336273,0.558232843875885,0.5001950263977051,-2.0082640647888184,-0.5194006562232971,2.4463791847229004,1.1557527780532837,-0.004693147260695696,-0.0016001509502530098,0.009997113607823849,-0.004971401300281286,0.012430123053491116,0.002870101248845458,-0.004451597109436989,0.5999536514282227,0.0015757023356854916,0.08964042365550995,0.03342506289482117,0.999440610408783,7.75879598222673e-05,0.0011174166575074196,-1.786719440133311e-05,-1.17570161819458e-05,0.032395265996456146,0.00023311485711019486,0.00011615562834776938,0.9999998807907104,0.0001404015492880717,0.5976501107215881,1.1333222389221191,-3.139582633972168,-0.15363359451293945,0.11975710093975067,0.005225840490311384,0.5907109379768372,-0.9208887815475464,3.209611177444458,0.010070696473121643,-0.033745914697647095,-0.002968532033264637,-4.4286251068115234e-05,0.0016633134800940752,0.024944566190242767,0.003994534723460674,0.004007933661341667,5.380356469686376e-06,7.667607860639691e-06,,,,,3.777090814044495,,1320,2.658333333333333
13.666666666654294,retreat,13.666667379438877,8.076216438654251,17.66686663031578,0.00959634780883789,-0.5894401110708714,3.7841865257247,0.03274055779911578,0.07912936237050427,8.072724342346191,0.09815962612628937,10.750980377197266,-0.03786010347539559,66,7.454422950744629,0.12085479497909546,1.0336376428604126,0.1890343725681305,-0.08506968803703785,-17.930398670665863,-0.385180801153183,-2.6937031745910645,-7.600294589996338,0.09812914580106735,0.0024435955565422773,0.00011133038788102567,0.00011150640057167038,-0.0010813578264787793,0.03299969807267189,0.9994547367095947,-0.002834978513419628,-0.0033168522641062737,0.013004343025386333,0.17335832118988037,-0.3170051872730255,-0.2325778752565384,-0.47581642866134644,0.5581828355789185,0.5002161860466003,-2.008246421813965,-0.5195266604423523,2.446204900741577,1.1558375358581543,0.004062448628246784,-0.0026330507826060057,-0.009837349876761436,-0.0018627771642059088,-0.017626192420721054,-0.02967260219156742,0.00910380482673645,0.5999422073364258,0.0015437477268278599,0.0896628350019455,0.033501237630844116,0.9994379878044128,7.520068902522326e-05,0.0010840889299288392,-2.9571601771749556e-06,-3.6553945392370224e-05,0.032400041818618774,8.964313565229531e-06,-0.00018706019909586757,0.9999997615814209,0.0005016164504922926,0.06778407841920853,-1.2964857816696167,-7.340500831604004,-0.05820007249712944,-0.10523512214422226,-0.01200836431235075,0.05173974111676216,1.7851439714431763,7.237329006195068,-0.24580736458301544,0.11549785733222961,0.003754925914108753,-5.3882598876953125e-05,0.001649091369472444,0.024945490062236786,0.003995802719146013,0.004009269643574953,6.966892215132248e-06,9.893847163766623e-06,,,,,3.777090814044495,,1320,2.6666666666666665
13.67499999998762,retreat,13.675000713206828,8.019919142827513,17.64015629887581,0.025391578674316406,-0.5804047686979175,3.7606210137678633,0.047519602958345786,0.07912936237050427,3.9907772541046143,0.03182602301239967,5.146162509918213,-0.04152479232288897,65,4.148197650909424,0.20412015914916992,0.8447238206863403,0.21606598794460297,-0.051047468557953835,-17.902049593637983,0.05303125083446503,1.4065853357315063,-3.7343015670776367,0.03131492808461189,0.005620203912258148,-0.0008271936676464975,-5.0203598220832646e-05,-0.001084886840544641,0.03279360011219978,0.9994615316390991,0.000497007742524147,0.002329691080376506,0.011315145529806614,-0.15748055279254913,-0.1148352399468422,0.23911677300930023,-0.47583720088005066,0.558137059211731,0.5002259612083435,-2.0082619190216064,-0.5195323824882507,2.446247100830078,1.1558347940444946,-0.0018356677610427141,-0.0023937837686389685,0.002267966279760003,-0.005158403888344765,0.010340426117181778,0.010112985037267208,-0.00601463345810771,0.5999538898468018,0.0015373826026916504,0.08968639373779297,0.03350311517715454,0.9994379878044128,7.47457379475236e-05,0.00111806346103549,-1.0334115359000862e-06,-5.18294982612133e-05,0.03239588066935539,3.395172825548798e-05,-2.4210896299337037e-05,0.9999997615814209,0.000709880783688277,0.35637712478637695,1.0119144916534424,-4.0070648193359375,-0.01832054927945137,0.2029593139886856,0.01170108001679182,0.3474763333797455,-0.7412155866622925,4.066619396209717,0.1276969313621521,-0.1518922746181488,-0.0012283662799745798,-5.429983139038086e-05,0.0016387944342568517,0.024946168065071106,0.003994517959654331,0.004008065909147263,5.348813374439487e-06,7.606897270306945e-06,,,,,3.777090814044495,,1320,2.675
13.683333333320945,retreat,13.683334046974778,7.963559580048951,17.60251596570015,0.022411346435546875,-0.5865519633516669,3.7802000618804263,0.03750549876713194,0.09691328065893987,4.226932525634766,0.04505973681807518,5.882411956787109,-0.034249547752551734,59,4.3328328132629395,0.15903811156749725,0.14442771673202515,0.06832484900951385,-0.06259003886952996,-17.865770790498956,-0.2754407525062561,0.16689136624336243,-4.214645862579346,0.0450444258749485,0.0011642950121313334,0.00015463223098777235,-0.00019604129192885011,-0.0009416964021511376,0.03296900913119316,0.9994558095932007,-0.0002650184906087816,0.00020077370572835207,0.01498045027256012,0.029962439090013504,-0.15483719110488892,-0.11471717059612274,-0.47589147090911865,0.558082640171051,0.5003048777580261,-2.0082528591156006,-0.5195211172103882,2.4462013244628906,1.1558318138122559,-0.004137834534049034,-0.004078361205756664,0.006243220064789057,-0.0026956943329423666,0.006567338015884161,-0.006880662869662046,-0.0038770600222051144,0.5999647378921509,0.0015436997637152672,0.08972637355327606,0.03350209817290306,0.9994379281997681,7.506940164603293e-05,0.001133503275923431,-1.5870296920184046e-05,-3.948574885725975e-05,0.0323990136384964,0.00018762658874038607,0.000126725499285385,0.9999996423721313,0.000533540325704962,0.20546673238277435,0.5088708996772766,-4.297938346862793,-0.1568969190120697,-0.025375479832291603,-0.005706376861780882,0.1957443803548813,-0.21986466646194458,4.32282018661499,-0.08356688916683197,0.05523071438074112,0.0018221293576061726,-4.738569259643555e-05,0.001647544209845364,0.024945609271526337,0.00397976441308856,0.003992753569036722,5.1792030717479065e-06,7.376482244580984e-06,,,,,3.777090814044495,,1320,2.683333333333333
13.691666666654271,retreat,13.691667380742729,7.907138652738146,17.547594010829926,0.023245811462402344,-0.5797742633149028,3.7996783697443943,0.028847529392805882,0.055952909680744456,4.001543998718262,0.04006040468811989,5.436026573181152,-0.03995177030446939,75,4.104174613952637,0.15066780149936676,0.1966383159160614,0.030498316511511803,-0.07406853139400482,-17.81220332966927,-0.7646775245666504,0.5348045825958252,-3.8912220001220703,0.03912821039557457,-0.008553311228752136,0.0008123479201458395,-0.00024466722970828414,-0.0008662790060043335,0.033141180872917175,0.9994503259658813,0.0006867133779451251,0.0028278359677642584,0.017479445785284042,-0.07711373269557953,-0.23871909081935883,-0.1299433559179306,-0.4759782552719116,0.5580123066902161,0.5004412531852722,-2.0082449913024902,-0.5194804072380066,2.446106433868408,1.1558215618133545,-0.008491268381476402,-0.00636109197512269,0.01355850137770176,-0.0033840045798569918,0.010899104177951813,-0.015801265835762024,-0.005168326664716005,0.5999714136123657,0.001562661025673151,0.08977865427732468,0.03349116072058678,0.9994383454322815,7.468114199582487e-05,0.0011371815344318748,-2.194572880398482e-05,-2.644350752234459e-05,0.032397184520959854,0.00026504715788178146,0.00017856524209491909,0.9999998807907104,0.0003504004853311926,0.6926363110542297,0.6846935153007507,-3.986940860748291,-0.1377524584531784,0.06098046898841858,0.002535056322813034,0.683601975440979,-0.41609740257263184,4.025393486022949,-0.038938455283641815,0.03873012214899063,-0.00522499019280076,-4.369020462036133e-05,0.001656137639656663,0.02494504675269127,0.003995442762970924,0.004008184187114239,5.199468432692811e-06,7.402035407721996e-06,,,,,3.777090814044495,,1320,2.6916666666666664
13.699999999987597,retreat,13.70000071451068,7.850657263314696,17.49720200896263,0.031948089599609375,-0.5820252699777484,3.7940053610530935,0.02950408998003695,0.07912936237050427,5.684692859649658,0.06700840592384338,7.833001136779785,-0.0326763947668951,65,5.556318283081055,0.08372822403907776,0.36214911937713623,0.06337232142686844,-0.08908879465889186,-17.761416837932913,-0.5432190299034119,-1.0056086778640747,-5.568608283996582,0.06687076389789581,-0.004247446544468403,0.0006222391966730356,-0.00010240050323773175,-0.001055581378750503,0.03308610990643501,0.9994519948959351,-0.0017942290287464857,-0.00017759483307600021,0.01618446595966816,0.03617371618747711,-0.20778194069862366,-0.09903620928525925,-0.47606348991394043,0.5579243898391724,0.5005567669868469,-2.0082364082336426,-0.5195081830024719,2.4459264278411865,1.1558468341827393,-0.006259541492909193,-0.008006082847714424,0.007175464183092117,-0.0028477616142481565,-0.0012318212538957596,-0.026474250480532646,0.0006518310983665287,0.5999654531478882,0.0015556984581053257,0.0898306667804718,0.033525314182043076,0.999437153339386,7.338695286307484e-05,0.0011140350252389908,-5.7837896747514606e-06,-3.346707671880722e-05,0.03239851072430611,5.7435619964962825e-05,3.0466670068562962e-05,0.9999997615814209,0.00043949036626145244,0.4463076889514923,-0.29739466309547424,-5.530374050140381,-0.07858302444219589,0.028671108186244965,-0.003618150018155575,0.4339427947998047,0.6674306392669678,5.498992919921875,-0.12174295634031296,0.03591121733188629,0.0009587425738573074,-5.2928924560546875e-05,0.0016533936141058803,0.024945206940174103,0.003995449282228947,0.0040095290169119835,5.790056093246676e-06,8.239876478910446e-06,,,,,3.777090814044495,,1320,2.7
13.708333333320923,retreat,13.70833404827863,7.794116314198192,17.439307272434235,0.04571676254272461,-0.57879404630512,3.7829444415160673,0.03673942046589218,0.06852804166478502,4.521993160247803,0.047557681798934937,6.28808069229126,-0.036150289815850556,72,4.676643371582031,0.11985139548778534,0.29513800144195557,0.08449336141347885,-0.07626985386013985,-17.70275293936494,-0.0932849571108818,0.24328073859214783,-4.5144805908203125,0.047556325793266296,0.00010433238639961928,0.0003430777578614652,-8.067792077781633e-05,-0.0011355289025232196,0.032986830919981,0.9994550943374634,-0.00053712900262326,0.0013901297934353352,0.01599152758717537,-0.0682343989610672,-0.10527462512254715,-0.07311415672302246,-0.47614923119544983,0.5578294992446899,0.5006631016731262,-2.0082437992095947,-0.5195099115371704,2.4458348751068115,1.1558481454849243,-0.00785565935075283,-0.008548826910555363,0.009820005856454372,-0.0037335657980293036,0.005814859643578529,-0.010106367990374565,-0.0035088593140244484,0.5999700427055359,0.0015526078641414642,0.08988656848669052,0.03353893756866455,0.9994367957115173,7.328434730879962e-05,0.0011232487158849835,2.804699761327356e-06,-4.0522776544094086e-05,0.032396137714385986,-1.2542216609290335e-05,6.357586698868545e-06,0.9999998211860657,0.0005524161970242858,0.29062530398368835,0.3866138458251953,-4.6515655517578125,-0.050990596413612366,0.10839516669511795,0.0038475722540169954,0.28018543124198914,-0.07383900880813599,4.667660713195801,0.004687268286943436,-0.06650295853614807,0.0006356243975460529,-5.6862831115722656e-05,0.001648438279516995,0.02494553104043007,0.003995443228632212,0.004008335992693901,5.166059054317884e-06,7.380120223388076e-06,,,,,3.777090814044495,,1320,2.7083333333333335
13.716666666654248,retreat,13.71666738204658,7.737516707808229,17.371588945388794,0.046253204345703125,-0.5764329107478261,3.7925083382343616,0.030734026950085536,0.06852804166478502,4.114594459533691,0.04168306291103363,5.682835578918457,-0.033593987609492615,73,4.246790409088135,0.12223184108734131,0.17622874677181244,0.010194598697125912,-0.07633031299337745,-17.635699673903883,-0.21901345252990723,0.4090594947338104,-4.088348388671875,0.041677094995975494,0.0006618527695536613,0.0002437527582515031,-0.00014576823741663247,-0.0010300950380042195,0.033073797821998596,0.9994523525238037,-0.00015460202121175826,0.0022181628737598658,0.01744183897972107,-0.08808253705501556,-0.12714290618896484,-0.07683292776346207,-0.47625455260276794,0.5577272772789001,0.5008067488670349,-2.00823974609375,-0.5194829106330872,2.4457433223724365,1.1558350324630737,-0.010592800565063953,-0.009758601896464825,0.014813915826380253,-0.0030283357482403517,0.009311928413808346,-0.012547217309474945,-0.005304708145558834,0.5999829769134521,0.0015614661388099194,0.08995562046766281,0.03353722020983696,0.9994367361068726,7.37967638997361e-05,0.00114246248267591,-1.0842843039426953e-05,-3.401981666684151e-05,0.03239785507321358,0.00010987476707668975,7.516822370234877e-05,0.9999998211860657,0.0004637744859792292,0.25833621621131897,0.5891262292861938,-4.197787761688232,-0.11763983219861984,0.0331854410469532,-0.00046883762115612626,0.24877029657363892,-0.3063383102416992,4.228417873382568,-0.03267347067594528,0.004105869680643082,0.00012152502313256264,-5.173683166503906e-05,0.0016527768457308412,0.024945255368947983,0.003995437175035477,0.004008437506854534,5.177384082344361e-06,7.377384463325143e-06,,,,,3.777090814044495,,1320,2.716666666666667
13.724999999987574,retreat,13.72500071581453,7.680859346564391,17.292437702417374,0.054836273193359375,-0.5728794494643807,3.8013786238708898,0.02725707963691093,0.06852804166478502,4.073345184326172,0.043360043317079544,5.656366348266602,-0.0318898783007171,78,4.182869911193848,0.11666768044233322,0.12080580741167068,0.030366141349077225,-0.07617510203272104,-17.557165253080246,-0.380734920501709,0.03865303099155426,-4.055328369140625,0.04335230588912964,-0.0007629306637682021,0.00029787240782752633,-0.0001492616138420999,-0.0010187389561906457,0.03315170854330063,0.9994497895240784,-0.00032310455571860075,0.00179090048186481,0.017869744449853897,-0.049403462558984756,-0.15636028349399567,-0.059828467667102814,-0.47637829184532166,0.5576109886169434,0.5009800791740417,-2.008228302001953,-0.5194600224494934,2.4455878734588623,1.1558291912078857,-0.012585359625518322,-0.011700904928147793,0.01757575385272503,-0.0019241165136918426,0.007296767085790634,-0.021133409813046455,-0.003896000562235713,0.599991500377655,0.001569107174873352,0.09003420174121857,0.033544644713401794,0.9994364976882935,7.260779239004478e-05,0.0011462331749498844,-1.1024516425095499e-05,-3.038393333554268e-05,0.03239756077528,0.00012483961472753435,8.043171692406759e-05,0.9999998211860657,0.00039325974648818374,0.3634296655654907,0.35483863949775696,-4.151916027069092,-0.11329834163188934,0.02783569134771824,-8.847272692946717e-05,0.35391998291015625,-0.07556790113449097,4.167186737060547,-0.06216317415237427,0.0245598666369915,-0.0016977250343188643,-5.1140785217285156e-05,0.0016566659323871136,0.02494499832391739,0.003995430190116167,0.004008521791547537,5.197249265620485e-06,7.398775778710842e-06,,,,,3.777090814044495,,1320,2.725
13.7333333333209,retreat,13.733334049582481,7.624145132886278,17.201846092939377,0.06669759750366211,-0.5698379827663302,3.8055487589934454,0.024890894565032795,0.06852804166478502,3.7737748622894287,0.04035255312919617,5.246218681335449,-0.028350570573820733,71,3.9367947578430176,0.10027410835027695,0.1664603054523468,0.006289007142186165,-0.07433782168664038,-17.466863624372543,-0.3337034285068512,-0.023840099573135376,-3.758916139602661,0.040347833186388016,-0.0005555867683142424,0.00026836723554879427,-0.00014391267905011773,-0.0010365998605266213,0.03318757563829422,0.9994484782218933,-9.039248107001185e-05,0.001532434020191431,0.019029278308153152,-0.037976719439029694,-0.13402032852172852,-0.041247978806495667,-0.4765177071094513,0.5574783086776733,0.5011728405952454,-2.0082125663757324,-0.5194434523582458,2.4454047679901123,1.1558253765106201,-0.014655103906989098,-0.013884889893233776,0.020166372880339622,-0.0009302700054831803,0.006105212494730949,-0.02417857199907303,-0.0032691818196326494,0.6000011563301086,0.0015747402794659138,0.09012343734502792,0.03355815261602402,0.99943608045578,7.222611020551994e-05,0.001149446819908917,-9.023904567584395e-06,-2.8582755476236343e-05,0.03239639103412628,0.000110368084278889,7.500667561544105e-05,0.9999998211860657,0.00037087532109580934,0.38458505272865295,0.25855404138565063,-3.909424066543579,-0.08387726545333862,0.05494942143559456,0.0002492504718247801,0.37560024857521057,0.004351019859313965,3.9188344478607178,-0.046635743230581284,0.0005474984645843506,-0.0003855631221085787,-5.2034854888916016e-05,0.0016584561672061682,0.024944879114627838,0.003995423670858145,0.004008554387837648,5.1998586059198715e-06,7.411901606246829e-06,,,,,3.777090814044495,,1320,2.7333333333333334
13.741666666654226,retreat,13.741667383350432,7.567374969193478,17.097724229097366,0.08034706115722656,-0.5668101366609335,3.810279681139606,0.023088337911758572,0.0,3.3826112747192383,0.035575974732637405,4.691075325012207,-0.025794402972678654,79,3.5799167156219482,0.09305579960346222,0.19965624809265137,0.0004719369753729552,-0.07053439016453922,-17.36307073532853,-0.34806662797927856,0.04060254991054535,-3.364410877227783,0.03549916669726372,-0.0023238174617290497,0.0002425930870231241,-0.00012318557128310204,-0.0010489866835996509,0.03322826698422432,0.999447226524353,0.0003664275864139199,0.0015487853670492768,0.020245563238859177,-0.03927212208509445,-0.10761462897062302,-0.0038810353726148605,-0.47667741775512695,0.5573267936706543,0.5013929009437561,-2.008190393447876,-0.5194213390350342,2.4451918601989746,1.1558160781860352,-0.017454182729125023,-0.016389796510338783,0.023995039984583855,7.796155841788277e-05,0.006735251750797033,-0.027323860675096512,-0.003803364699706435,0.6000131368637085,0.00158015638589859,0.0902264341711998,0.03357342258095741,0.9994356036186218,7.21741744200699e-05,0.0011527236783877015,-7.564987754449248e-06,-2.711452543735504e-05,0.03239544481039047,0.00010195413779001683,5.4068983445176855e-05,1.0,0.0003454182296991348,0.4054873287677765,0.2698094844818115,-3.546630382537842,-0.07449326664209366,0.0557684563100338,0.00011635860573733225,0.39731520414352417,-0.0311012864112854,3.557664394378662,-0.0356108583509922,0.0027625486254692078,-0.0003758764360100031,-5.263090133666992e-05,0.0016604885458946228,0.024944737553596497,0.0039954157546162605,0.0040085893124341965,5.204590706853196e-06,7.41964322514832e-06,,,,,3.777090814044495,,1320,2.7416666666666667
13.749999999987551,retreat,13.750000717118382,7.510549757905579,16.977006196975708,0.08702278137207031,-0.5610219668596983,3.8117183632479166,0.026381014322396368,0.07912936237050427,2.904376268386841,0.03587589040398598,3.9928510189056396,-0.02481113187968731,76,3.1314122676849365,0.09746913611888885,0.22881528735160828,0.00942978821694851,-0.06594712566584349,-17.242452744688162,-0.45539796352386475,0.0888814926147461,-2.8670740127563477,0.03587218001484871,0.0005158690037205815,1.3155658962205052e-05,-0.00019010565301869065,-0.0009507020004093647,0.033243581652641296,0.9994467496871948,0.0007926306570880115,0.0016648084856569767,0.021473167464137077,-0.05292503535747528,-0.15815432369709015,0.0015707268612459302,-0.4768638014793396,0.557152509689331,0.5016500949859619,-2.008159637451172,-0.5193862318992615,2.4449405670166016,1.1557968854904175,-0.021199071779847145,-0.019491927698254585,0.02927931770682335,0.001085242023691535,0.008657907135784626,-0.03292957693338394,-0.005127083510160446,0.6000282764434814,0.0015865098685026169,0.09034717082977295,0.03358869627118111,0.9994350075721741,7.227869355119765e-05,0.001155699952505529,-1.6221914847847074e-05,-2.7542468160390854e-05,0.032395463436841965,0.0002009121817536652,0.00012424671149346977,0.9999997615814209,0.000345464184647426,0.4933013617992401,0.27422013878822327,-3.080129861831665,-0.0749531090259552,0.06230781599879265,-3.84994973501307e-06,0.4861880838871002,-0.06669414043426514,3.0927200317382812,-0.03542285040020943,0.008880503475666046,-0.0006667608395218849,-4.780292510986328e-05,0.00166125048417598,0.024944696575403214,0.0039954097010195255,0.004008653108030558,5.212915311858524e-06,7.4277049861848354e-06,,,,,3.777090814044495,,1320,2.75
13.758333333320877,retreat,13.758334050886333,7.45367040144218,16.83594062924385,0.10061264038085938,-0.5564201856032014,3.8194676427492578,0.02501933522580657,0.06852804166478502,2.5056073665618896,0.031122557818889618,3.394273042678833,-0.019633253032225184,73,2.752690553665161,0.10304226726293564,0.25300493836402893,0.012811115011572838,-0.06003488413989544,-17.10192603488195,-0.5927398204803467,0.11794954538345337,-2.4316282272338867,0.031030308455228806,-0.002394013572484255,-4.831672413274646e-05,-0.00017859062063507736,-0.0009279411169700325,0.033312007784843445,0.9994446039199829,0.0010760579025372863,0.0018050989601761103,0.02290451154112816,-0.05175117403268814,-0.14967039227485657,0.0733170136809349,-0.47708413004875183,0.5569509863853455,0.5019545555114746,-2.008122205734253,-0.5193328261375427,2.444639205932617,1.1557666063308716,-0.025617992505431175,-0.02317781373858452,0.03547493368387222,0.0018781590042635798,0.010629451833665371,-0.0398678332567215,-0.006336192134767771,0.6000445485115051,0.0015952321700751781,0.09048733860254288,0.033602792769670486,0.9994345307350159,7.117985660443082e-05,0.0011541788699105382,-1.8802085833158344e-05,-2.4286098778247833e-05,0.03239483758807182,0.00022249210451263934,0.00011461701069492847,0.9999998211860657,0.0002911006158683449,0.6157503128051758,0.27226683497428894,-2.6690874099731445,-0.07190124690532684,0.07381001859903336,8.641751264804043e-06,0.609595775604248,-0.09224089980125427,2.6827585697174072,-0.03263368457555771,0.015053518116474152,-0.0010878141038119793,-4.667043685913086e-05,0.0016646671574562788,0.024944469332695007,0.0039954036474227905,0.004008727613836527,5.21794572705403e-06,7.435737643390894e-06,,,,,3.777090814044495,,1320,2.7583333333333333
13.766666666654203,retreat,13.766667384654284,7.396737802222868,16.67543277144432,0.10633468627929688,-0.5523315630853176,3.829656355166684,0.026629177227732725,0.06852804166478502,2.427206039428711,0.022734664380550385,3.1785902976989746,-0.01819131284719333,77,2.633558750152588,0.1070874035358429,0.2334686666727066,0.02467428147792816,-0.062054422218352556,-16.942126657277026,-0.8154618144035339,0.07200237363576889,-2.284987211227417,0.022481422871351242,-0.0033682044595479965,0.000325172150041908,-0.0002675206633284688,-0.0008256387081928551,0.0334036648273468,0.9994415640830994,0.0010745660401880741,0.0017731012776494026,0.024820173159241676,-0.0344301275908947,-0.21416550874710083,-0.02958987094461918,-0.47734057903289795,0.556716799736023,0.5023083686828613,-2.0080835819244385,-0.5192636251449585,2.4442734718322754,1.1557257175445557,-0.03026510402560234,-0.027275031432509422,0.04171551391482353,0.0019624135456979275,0.012395425699651241,-0.0494234524667263,-0.007522864732891321,0.6000577211380005,0.0016050226986408234,0.09064704924821854,0.03361968323588371,0.9994339942932129,7.051199645502493e-05,0.0011421098606660962,-2.5469096726737916e-05,-1.9638333469629288e-05,0.0323944129049778,0.00030966062331572175,0.00020728708477690816,0.9999998211860657,0.00021639568149112165,0.783149003982544,0.23626385629177094,-2.503295660018921,-0.06369411945343018,0.08608255535364151,-0.0007518051424995065,0.7774353623390198,-0.06733477115631104,2.5152909755706787,-0.029614746570587158,0.02697543054819107,-0.0011218911968171597,-4.172325134277344e-05,0.0016692394856363535,0.024944178760051727,0.003995398059487343,0.004008806310594082,5.229680027696304e-06,7.451773853972554e-06,,,,,3.777090814044495,,1320,2.7666666666666666
13.774999999987529,retreat,13.775000718422234,7.339752862667233,16.494204849004745,0.125885009765625,-0.545589835382998,3.8362466635190464,0.023048709408612922,0.07912936237050427,2.0866997241973877,0.019960545003414154,2.757206439971924,-0.015045131476654205,93,2.3633010387420654,0.11533260345458984,0.2794363498687744,0.005130786914378405,-0.05676974030211568,-16.761356992662623,-0.6723244786262512,0.01132810115814209,-1.9753904342651367,0.019687354564666748,-0.003280217293649912,0.00026765273651108146,-0.000228012417210266,-0.0008848878787830472,0.03345968574285507,0.9994395971298218,0.0012883766321465373,0.0017499220557510853,0.02684568054974079,-0.025583570823073387,-0.1700998842716217,-0.014504906721413136,-0.4776325523853302,0.5564489364624023,0.5027065873146057,-2.0080416202545166,-0.5191851854324341,2.4438700675964355,1.1556792259216309,-0.03446388244628906,-0.031421929597854614,0.047017622739076614,0.002394404960796237,0.01257093995809555,-0.053028617054224014,-0.007665214128792286,0.6000741720199585,0.0016142167150974274,0.09082940220832825,0.03363819792866707,0.9994333386421204,6.832767394371331e-05,0.0011332962894812226,-2.179729926865548e-05,-1.846766099333763e-05,0.032395701855421066,0.00024289393331855536,0.0001677441905485466,0.9999997615814209,0.0001788199442671612,0.7266141772270203,0.1599862277507782,-2.243129014968872,-0.04498979449272156,0.10619312524795532,0.0007399533642455935,0.7215302586555481,-0.008645713329315186,2.2504472732543945,-0.021916743367910385,-0.0013213381171226501,-0.0006924946792423725,-4.458427429199219e-05,0.001672036712989211,0.024943985044956207,0.00399539340287447,0.004008830059319735,5.228885584074305e-06,7.458933396264911e-06,,,,,3.777090814044495,,1320,2.775
13.783333333320854,retreat,13.783334052190185,7.282716485194873,16.2884384393692,0.14668703079223633,-0.5375143373385072,3.841143751698053,0.020964156647096388,0.03956468118525214,1.7167344093322754,0.015444405376911163,2.2384095191955566,-0.013144389413355384,85,2.013432502746582,0.10453631728887558,0.3027854859828949,0.0034035993739962578,-0.05041311588138342,-16.55593110031029,-0.5993865728378296,0.0944436714053154,-1.605924367904663,0.01526496559381485,-0.0023385081440210342,0.00020459530060179532,-0.00022154314501676708,-0.0008943864959292114,0.0335020050406456,0.9994382858276367,0.0017739583272486925,0.0019505623495206237,0.029231518507003784,-0.0298980213701725,-0.15709693729877472,-0.011982602998614311,-0.47796058654785156,0.556147575378418,0.5031529664993286,-2.007995843887329,-0.5190930962562561,2.4434292316436768,1.155621886253357,-0.039047617465257645,-0.03560774400830269,0.05316457524895668,0.0030798278748989105,0.014140207320451736,-0.056943926960229874,-0.00879918783903122,0.6000943183898926,0.001625625416636467,0.09103495627641678,0.033655889332294464,0.9994328022003174,6.716396455885842e-05,0.00112814805470407,-2.080597187159583e-05,-1.6274861991405487e-05,0.03239572048187256,0.0002284298388985917,0.000161984542501159,0.9999999403953552,0.0001541713427286595,0.6614807844161987,0.19564899802207947,-1.8915801048278809,-0.04151485487818718,0.09593933075666428,-5.142780355527066e-05,0.6572163701057434,-0.06781354546546936,1.9019405841827393,-0.013280950486660004,-0.0004147067666053772,5.613453686237335e-05,-4.506111145019531e-05,0.0016741494182497263,0.024943839758634567,0.003995388746261597,0.004008883610367775,5.233261617831886e-06,7.462309440597892e-06,,,,,3.777090814044495,,1320,2.783333333333333
13.79166666665418,retreat,13.791667385958135,7.225629572225374,16.05934426188469,0.16772747039794922,-0.5284093786031008,3.8463400865404793,0.019211021935916506,0.06852804166478502,1.5075984001159668,0.013163715600967407,1.9257845878601074,-0.011309192814223934,82,1.7834547758102417,0.09096460789442062,0.2878786325454712,0.008607454597949982,-0.0473178643733263,-16.327198245982313,-0.6092110276222229,0.05298157036304474,-1.3780086040496826,0.012924720533192158,-0.0024867381434887648,0.0002261255431221798,-0.00021909602219238877,-0.0008842942770570517,0.03354751691222191,0.9994366765022278,0.0020998616237193346,0.0019662403501570225,0.03174411132931709,-0.022041447460651398,-0.160284623503685,-0.016077443957328796,-0.47832679748535156,0.5558121204376221,0.5036455988883972,-2.0079500675201416,-0.5189864635467529,2.442936420440674,1.1555542945861816,-0.04362842068076134,-0.039930135011672974,0.05921415239572525,0.0038727496284991503,0.015562019310891628,-0.06348184496164322,-0.009924056008458138,0.6001136898994446,0.0016355053521692753,0.09126122295856476,0.03367559611797333,0.9994321465492249,6.431620568037033e-05,0.0011180598521605134,-1.8471469957148656e-05,-1.6587786376476288e-05,0.0323929488658905,0.00022841688769403845,0.00016241715638898313,0.9999998211860657,0.0001283481251448393,0.6427980065345764,0.16065458953380585,-1.6558115482330322,-0.03894117847084999,0.08220785111188889,-0.00011618046119110659,0.6390973329544067,-0.04870179295539856,1.664299726486206,-0.01576065644621849,0.01060371845960617,-0.0006266068667173386,-4.458427429199219e-05,0.001676421263255179,0.02494368702173233,0.00399538641795516,0.0040089949034154415,5.236245669948403e-06,7.46428850106895e-06,,,,,3.777090814044495,,1320,2.7916666666666665
13.799999999987506,retreat,13.800000719726086,7.168493026178332,15.80997332930565,0.18513202667236328,-0.5222471663728356,3.8529527236532846,0.015261977750924416,0.0,1.3939956426620483,0.012037087231874466,1.7142623662948608,-0.008097468708001543,75,1.6418962478637695,0.08594269305467606,0.27054864168167114,0.011698611080646515,-0.04606280475854874,-16.07828711486543,-0.6514186263084412,-0.008279755711555481,-1.2323997020721436,0.011369733139872551,-0.003941727336496115,0.00028883287450298667,-0.0002227487275376916,-0.0008507554302923381,0.03360627219080925,0.999434769153595,0.0023276235442608595,0.0017807421972975135,0.034361861646175385,-0.013184462673962116,-0.1634233146905899,-0.012530739419162273,-0.47872740030288696,0.5554414391517639,0.5041904449462891,-2.007904291152954,-0.518862247467041,2.4423882961273193,1.1554723978042603,-0.048061802983284,-0.044324614107608795,0.06484291702508926,0.0043558478355407715,0.017236072570085526,-0.07050550729036331,-0.01136020664125681,0.6001314520835876,0.0016497960314154625,0.09150853753089905,0.033696189522743225,0.9994315505027771,6.5036270825658e-05,0.0011016592616215348,-1.776580756995827e-05,-9.674113243818283e-06,0.03239145502448082,0.0002454447967465967,0.0001659789850236848,1.0,9.016470721689984e-05,0.6652774214744568,0.10358528792858124,-1.4974976778030396,-0.029256034642457962,0.08080915361642838,-0.0003350377664901316,0.6619774103164673,-0.0023518353700637817,1.5025330781936646,-0.014307895675301552,0.015257105231285095,-0.00072120176628232,-4.291534423828125e-05,0.0016793544637039304,0.02494349330663681,0.0039953868836164474,0.004009085241705179,5.2372924983501434e-06,7.464666850864887e-06,,,,,3.777090814044495,,1320,2.8
13.808333333320832,retreat,13.808334053494036,7.111307749473335,15.541618317365648,0.20372867584228516,-0.5144474562257528,3.8570164123304163,0.01385194445902016,0.06852804166478502,1.2924745082855225,0.012865182012319565,1.576401710510254,-0.008097469617496245,76,1.5234096050262451,0.0815427154302597,0.26351556181907654,0.009086860343813896,-0.044631737284362316,-15.810214664669246,-0.6062319278717041,-0.192857563495636,-1.1250685453414917,0.012621520087122917,-0.0024838000535964966,0.00020214264804963022,-0.00021049530187156051,-0.0008578731794841588,0.03364139422774315,0.9994335174560547,0.0024451008066534996,0.0013015425065532327,0.036305055022239685,0.0064852540381252766,-0.16753755509853363,-0.011823012493550777,-0.4791618585586548,0.5550297498703003,0.5047698020935059,-2.0078585147857666,-0.5187271237373352,2.4417858123779297,1.155380129814148,-0.051820311695337296,-0.04873410239815712,0.06899121403694153,0.004910631105303764,0.017761286348104477,-0.07668343186378479,-0.01244006585329771,0.6001487374305725,0.0016571441665291786,0.09177844226360321,0.03372490406036377,0.9994305372238159,6.351622141664848e-05,0.0010812527034431696,-1.5133158740354702e-05,-1.2089964002370834e-05,0.0323929637670517,0.00021828993340022862,0.00015433414955623448,0.9999998211860657,8.373577293241397e-05,0.6284075379371643,-0.04495538771152496,-1.3870326280593872,-0.01122079137712717,0.08076607435941696,-0.00038721575401723385,0.6253999471664429,0.13848036527633667,1.3821991682052612,-0.017733348533511162,0.009995587170124054,-0.00031744688749313354,-4.32133674621582e-05,0.0016811077948659658,0.02494337409734726,0.003995388280600309,0.004009156487882137,5.416671228886116e-06,7.729133358225226e-06,,,,,3.777090814044495,,1320,2.808333333333333
13.816666666654157,retreat,13.816667387261987,7.054074644529976,15.249030292034151,0.2282857894897461,-0.502038630656898,3.8560516734518773,0.012059149412380066,0.055952909680744456,0.8794245719909668,0.0053970105946063995,1.012664556503296,-0.007769755939079914,86,1.159245491027832,0.0883922427892685,0.32018423080444336,0.024402087554335594,-0.03072248224634677,-15.517559557967914,-0.4330591857433319,0.223979189991951,-0.7319021224975586,0.005266399588435888,-0.0011769547127187252,8.682561747264117e-05,-0.00018469012866262347,-0.0008833307074382901,0.03363252431154251,0.9994338750839233,0.0030057928524911404,0.002151590073481202,0.038787417113780975,-0.023925574496388435,-0.1270291656255722,-0.002815110841766,-0.4796307682991028,0.5545893311500549,0.5053945779800415,-2.007812738418579,-0.518557071685791,2.4411654472351074,1.1552598476409912,-0.05640244111418724,-0.05260152742266655,0.07550021260976791,0.005123283714056015,0.023106997832655907,-0.07668102532625198,-0.015864290297031403,0.6001701951026917,0.0016692583449184895,0.09206876158714294,0.033742472529411316,0.9994298815727234,6.338409730233252e-05,0.0010669381590560079,-1.1101652489742264e-05,-1.3370532542467117e-05,0.03239068388938904,0.0001794088602764532,0.00012731706374324858,0.9999998807907104,0.00011015989002771676,0.5164847373962402,0.20779620110988617,-1.0168157815933228,-0.015086136758327484,0.08708837628364563,0.001100589637644589,0.51432204246521,-0.138639897108078,1.0296125411987305,0.014921851456165314,-0.012529931962490082,-0.00021950574591755867,-4.4465065002441406e-05,0.0016806659987196326,0.02494340017437935,0.0039953915402293205,0.004009199794381857,5.242085535428487e-06,7.475202437490225e-06,,,,,3.777090814044495,,1320,2.8166666666666664
13.824999999987483,retreat,13.825000721029937,6.996794613767845,14.936981350183489,0.24819374084472656,-0.49081945326179266,3.8634080675054063,0.009396956556884106,0.0,0.8207027316093445,0.005036970134824514,0.9479507207870483,-0.0070487853918166365,87,1.0453919172286987,0.061798252165317535,0.25315558910369873,0.010743867605924606,-0.03091466031037271,-15.206022127723715,-0.42642927169799805,0.14446137845516205,-0.6861792206764221,0.0049111507833004,-0.0011158025590702891,8.157524280250072e-05,-0.00019587684073485434,-0.000848544470500201,0.03369739279150963,0.9994317293167114,0.003091293154284358,0.0022579915821552277,0.04156956449151039,-0.01881355047225952,-0.12790702283382416,-0.007899112068116665,-0.48013409972190857,0.5541201233863831,0.5060689449310303,-2.007765769958496,-0.5183616876602173,2.4404988288879395,1.1551235914230347,-0.060400210320949554,-0.05642907693982124,0.08100753277540207,0.005797029938548803,0.025558551773428917,-0.08296812325716019,-0.01761477068066597,0.6001906991004944,0.0016866084188222885,0.09237802028656006,0.03375592082738876,0.9994295239448547,6.385801680153236e-05,0.0010473384754732251,-1.0425093933008611e-05,-7.935799658298492e-06,0.032388314604759216,0.00019422368495725095,0.00013859191676601768,1.0,5.871873872820288e-05,0.44460824131965637,0.19140782952308655,-0.926569402217865,-0.03281595930457115,0.05236420780420303,-0.00035607043537311256,0.4426744282245636,-0.12836486101150513,0.9382997155189514,-0.005174074321985245,0.01184999942779541,-0.00045384722761809826,-4.273653030395508e-05,0.0016839038580656052,0.024943187832832336,0.003995394799858332,0.0040092370472848415,5.241935468802694e-06,7.466529496014118e-06,,,,,3.777090814044495,,1320,2.825
13.833333333320809,retreat,13.833334054797888,6.939468559606537,14.60886523127556,0.26470422744750977,-0.4784670891240239,3.8685239233678703,0.010088640920002945,0.055952909680744456,0.7889840006828308,0.005229657981544733,0.881460428237915,-0.0068521562752721366,78,0.9708123207092285,0.0549934022128582,0.22319015860557556,0.01576908491551876,-0.03044251969549805,-14.878261726630962,-0.4694328010082245,-0.03184317424893379,-0.6333361268043518,0.004857870750129223,-0.0019277229439467192,0.00018520127923693508,-0.00021057872800156474,-0.0008091136114671826,0.03374304249882698,0.9994301795959473,0.003006445011124015,0.0018944345647469163,0.043666545301675797,0.0015213387086987495,-0.13648180663585663,-0.025386765599250793,-0.48066624999046326,0.5536165833473206,0.5067784786224365,-2.007716417312622,-0.5181522369384766,2.439781665802002,1.1549761295318604,-0.06373728811740875,-0.06033347174525261,0.0850154235959053,0.006263469811528921,0.026521947234869003,-0.09011571109294891,-0.018676763400435448,0.6002106666564941,0.0017009610310196877,0.09270713478326797,0.033774200826883316,0.999428927898407,6.346232839860022e-05,0.001023028395138681,-1.2309847079450265e-05,-7.193069905042648e-06,0.03238944709300995,0.00020882296666968614,0.00015422151773236692,0.9999998807907104,3.1346982723334804e-05,0.46469810605049133,0.06304474174976349,-0.8500338792800903,-0.020717693492770195,0.050940755754709244,-0.00030121809686534107,0.4629589021205902,-0.005424328148365021,0.8532976508140564,-0.011617863550782204,0.016160521656274796,-0.00081287557259202,-4.076957702636719e-05,0.001686182338744402,0.024943038821220398,0.00399539852514863,0.0040092687122523785,5.295023584039882e-06,7.54965003579855e-06,,,,,3.777090814044495,,1320,2.8333333333333335
13.841666666654135,retreat,13.841667388565838,6.882097384465645,14.263113588094713,0.2828836441040039,-0.4666979657486081,3.869637372511302,0.010600055247778073,0.03956468118525214,0.7277153730392456,0.004547707736492157,0.7942894101142883,-0.004492617335927207,79,0.8957022428512573,0.058955419808626175,0.20260463654994965,0.005890955217182636,-0.028588792541995645,-14.532587503974034,-0.44955185055732727,-0.02672949619591236,-0.5716277956962585,0.004203529562801123,-0.0017267762450501323,0.0001738609716994688,-0.00020307819067966193,-0.0007925748359411955,0.03375318646430969,0.9994299411773682,0.0029027163982391357,0.0017661761958152056,0.04550077021121979,0.0044549815356731415,-0.1324923187494278,-0.021675262600183487,-0.4812212884426117,0.5530787110328674,0.5075113773345947,-2.00766921043396,-0.517922580242157,2.4390246868133545,1.15481436252594,-0.06677330285310745,-0.06397392600774765,0.08856994658708572,0.006153061520308256,0.028963467106223106,-0.09427346289157867,-0.02073313109576702,0.6002296805381775,0.0017104856669902802,0.09305413067340851,0.033796295523643494,0.9994281530380249,6.007386036799289e-05,0.0009949904633685946,-1.1323711078148335e-05,-1.0949093848466873e-05,0.032390523701906204,0.00019746711768675596,0.00014971954806242138,0.9999999403953552,4.329764124122448e-05,0.4531186819076538,0.04292082041501999,-0.7714426517486572,-0.007775594945997,0.05844033882021904,-9.180424967780709e-05,0.4515826404094696,0.00937601923942566,0.7734776735305786,-0.0015841922722756863,0.006999317556619644,-0.0003805803135037422,-3.993511199951172e-05,0.0016866892110556364,0.024943001568317413,0.003995404578745365,0.004009335767477751,5.3407657105708495e-06,7.61789851821959e-06,,,,,3.777090814044495,,1320,2.841666666666667
13.84999999998746,retreat,13.850000722333789,6.824681990764757,13.900363445281984,0.29265880584716797,-0.45772793237119913,3.878886876867869,0.01600120958755724,0.055952909680744456,0.6904163360595703,0.0023370215203613043,0.660494327545166,-0.005082502411823953,59,0.8177836537361145,0.0632755383849144,0.19419027864933014,0.015595251694321632,-0.025705928448587656,-14.170480495240698,-0.416242390871048,0.242486834526062,-0.49458783864974976,0.0021599186584353447,-0.0008899052627384663,6.700327503494918e-05,-0.0002639921731315553,-0.0006724706036038697,0.033836331218481064,0.999427080154419,0.0030269944109022617,0.0018067059572786093,0.04737817123532295,-0.06331393867731094,-0.09662195295095444,-0.06369377672672272,-0.4818028509616852,0.5525179505348206,0.5082840323448181,-2.0076234340667725,-0.5176527500152588,2.438246488571167,1.154621958732605,-0.0700250044465065,-0.06707598268985748,0.09315554797649384,0.005338518880307674,0.03437764197587967,-0.09581413120031357,-0.02417694590985775,0.6002492308616638,0.001727331429719925,0.09341622143983841,0.03380632773041725,0.9994279146194458,5.9772264648927376e-05,0.0009663585224188864,-1.9244602299295366e-05,-3.696884959936142e-06,0.03239038586616516,0.00028681603725999594,0.00021406551240943372,0.9999998807907104,-2.979878081532661e-05,0.41917508840560913,0.2272634357213974,-0.6643897294998169,-0.01940879411995411,0.06022399291396141,0.0004039952182210982,0.41790059208869934,-0.18177109956741333,0.6790348887443542,0.013420280069112778,0.00029208138585090637,-0.00040150457061827183,-3.403425216674805e-05,0.001690838485956192,0.024942737072706223,0.003994452767074108,0.004007645882666111,5.402937858889345e-06,7.702561561018229e-06,,,,,3.777090814044495,,1320,2.85
13.858333333320786,retreat,13.85833405610174,6.767223280923469,13.527651876211168,0.31554698944091797,-0.442680437117815,3.8731780389486192,0.009047190360433888,0.0,0.718178927898407,0.004419190809130669,0.76124107837677,-0.002657419827301055,69,0.7970443367958069,0.04676283523440361,0.15981251001358032,0.01726449653506279,-0.02940306079108268,-13.797371981599001,-0.4539634585380554,-0.11449471861124039,-0.5446000099182129,0.0039498936384916306,-0.0019707297906279564,0.00020931368635501713,-0.00016748653433751315,-0.0007757968851365149,0.03378458321094513,0.9994288682937622,0.0020650550723075867,0.0019388010259717703,0.04960817098617554,0.013746035285294056,-0.13263484835624695,0.02031310275197029,-0.48240357637405396,0.5519343018531799,0.5090737342834473,-2.007577657699585,-0.5173760652542114,2.437427282333374,1.1544171571731567,-0.07189280539751053,-0.07037490606307983,0.09473942965269089,0.005009271204471588,0.03409062325954437,-0.10184607654809952,-0.02459043450653553,0.6002656817436218,0.001737817656248808,0.09378929436206818,0.033823274075984955,0.999427318572998,5.978165063424967e-05,0.0009296973003074527,-1.0433537681819871e-05,-9.37003642320633e-06,0.032390445470809937,0.00015017447003629059,0.00011281407932983711,1.0,3.88327389373444e-05,0.41281670331954956,0.002954409923404455,-0.6818014979362488,-0.015178644098341465,0.044221531599760056,-0.000909623980987817,0.41154637932777405,0.043222688138484955,0.6812057495117188,-0.014760780148208141,0.015431225299835205,-0.0001576603390276432,-3.904104232788086e-05,0.0016882579075172544,0.024942897260189056,0.00399442994967103,0.004007741343230009,5.642592441290617e-06,8.048664312809706e-06,,,,,3.777090814044495,,1320,2.8583333333333334
13.866666666654112,retreat,13.86666738986969,6.709722157361366,13.142523914575579,0.33348798751831055,-0.4273930098861456,3.8699409849446167,0.011418077519920189,0.055952909680744456,0.4786749482154846,0.0011717925081029534,0.4274574816226959,-0.004689245997724356,77,0.5941490530967712,0.06278768926858902,0.17550790309906006,0.024995293468236923,-0.016696945356670767,-13.412018941265513,-0.2706826329231262,0.2354302555322647,-0.3169119954109192,0.0011420014780014753,0.0002608845825307071,-2.948656037915498e-05,-0.00014804390957579017,-0.0007662762654945254,0.033756550401449203,0.9994297623634338,0.0023696934804320335,0.002401573583483696,0.04987525939941406,-0.018544718623161316,-0.09576132893562317,0.004514073953032494,-0.48301851749420166,0.5513277649879456,0.5098823308944702,-2.0075318813323975,-0.5170716047286987,2.436603307723999,1.1541976928710938,-0.0741325244307518,-0.07295861095190048,0.09782189875841141,0.004091483540832996,0.038633082062006,-0.09924153983592987,-0.027388310059905052,0.6002862453460693,0.0017503672279417515,0.09417721629142761,0.03383385390043259,0.9994270205497742,5.678399247699417e-05,0.0009003839222714305,-1.1156273103551939e-05,-1.297658309340477e-05,0.03239304944872856,0.00013093900633975863,9.567393863108009e-05,0.9999998807907104,7.744231697870418e-05,0.3091853857040405,0.20612762868404388,-0.46360427141189575,-0.01230092067271471,0.06155826896429062,0.001249263877980411,0.3083595931529999,-0.1742488592863083,0.4770379066467285,0.017474226653575897,-0.016939934343099594,-7.057259790599346e-05,-3.8564205169677734e-05,0.0016868594102561474,0.024942994117736816,0.003995700739324093,0.004009137861430645,5.183494977245573e-06,7.392634870484471e-06,,,,,3.777090814044495,,1320,2.8666666666666667
13.874999999987438,retreat,13.87500072363764,6.652179522498045,12.745638936758043,0.34493207931518555,-0.41240116115659475,3.8692325189303967,0.020926076103933156,0.07912936237050427,0.5173389911651611,0.0012470727087929845,0.4652405381202698,-0.004558160071610473,83,0.5693972110748291,0.04640033096075058,0.11350668966770172,0.00761541910469532,-0.01817476365249604,-13.0150847023052,-0.31158730387687683,0.2248436063528061,-0.34640780091285706,0.0012349419994279742,0.00017185660544782877,-2.3959270038176328e-05,-0.0001708262279862538,-0.0006886101909913123,0.03375187888741493,0.9994299411773682,0.001737737562507391,0.0025279296096414328,0.05073051154613495,0.00013918547483626753,-0.0778002068400383,0.019052397459745407,-0.48364874720573425,0.5506983399391174,0.5107120871543884,-2.00748610496521,-0.5167427659034729,2.4357707500457764,1.1539641618728638,-0.07592383772134781,-0.07537466287612915,0.10028420388698578,0.0032548238523304462,0.0415361262857914,-0.10220864415168762,-0.02927633933722973,0.6003100275993347,0.0017656604759395123,0.09457940608263016,0.0338393896818161,0.9994268417358398,5.2869130740873516e-05,0.0008767843246459961,-2.196718196501024e-05,-1.3394281268119812e-05,0.03239833936095238,0.00018407369498163462,0.00012417924881447107,0.9999997615814209,8.767825056565925e-05,0.27714598178863525,0.23701734840869904,-0.43729400634765625,-0.032295119017362595,0.033310454338788986,-0.0006553825223818421,0.27638861536979675,-0.20685017108917236,0.4528082609176636,0.001939285546541214,0.006748218089342117,0.0002013072371482849,-3.4689903259277344e-05,0.0016866259975358844,0.024943016469478607,0.003981925547122955,0.003994697239249945,5.124904419062659e-06,7.306458428502083e-06,,,,,3.777090814044495,,1320,2.875
13.883333333320763,retreat,13.883334057405591,6.5945962787530945,12.338062375783922,0.36263465881347656,-0.3995015285909176,3.872722991473233,0.01094701474357862,0.07912936237050427,0.6297539472579956,0.0019824306946247816,0.6119757890701294,-0.0008877651112015883,72,0.6288842558860779,0.04845903068780899,0.09430065751075745,0.012556314468383789,-0.024511440889909863,-12.607750840882522,-0.41838452219963074,0.14330361783504486,-0.44833970069885254,0.0019627937581390142,-0.00027602771297097206,3.578342875698581e-05,-0.00014219166769180447,-0.000692178844474256,0.03378252312541008,0.9994288682937622,0.0013698725961148739,0.002549779834225774,0.05132406949996948,-0.010175962932407856,-0.11958534270524979,0.01835714280605316,-0.4842890501022339,0.5500460863113403,0.5115533471107483,-2.0074644088745117,-0.5163959264755249,2.4349048137664795,1.153717041015625,-0.07710418105125427,-0.07767777889966965,0.10154478996992111,0.0017847174312919378,0.04360644891858101,-0.10606320947408676,-0.030628329142928123,0.6003202199935913,0.0017806249670684338,0.09498343616724014,0.0338476337492466,0.999426543712616,5.1326609536772594e-05,0.0008355924510397017,-1.1780466593336314e-05,-1.1628493666648865e-05,0.032394953072071075,0.000140257048769854,9.561395563650876e-05,0.9999997615814209,6.523686170112342e-05,0.3437628149986267,0.1903620809316635,-0.4910038709640503,-0.03132878616452217,0.03696818649768829,-0.0003713505284395069,0.3429493010044098,-0.15665166079998016,0.5033303499221802,-0.0038348548114299774,0.012683596462011337,-0.0004925781395286322,-3.4809112548828125e-05,0.001688156509771943,0.02494291216135025,0.003995512146502733,0.0040089781396090984,5.246199179964606e-06,7.476803148165345e-06,,,,,3.777090814044495,,1320,2.8833333333333333
13.89166666665409,retreat,13.891667391173542,6.536973328546111,11.928347498178484,0.3743767738342285,-0.38399617187678814,3.876210325679966,0.007796233148837928,0.0,0.450327605009079,0.0019420841708779335,0.3602164089679718,-0.0039027322600304615,72,0.48712220788002014,0.060218069702386856,0.08118296414613724,0.01608186401426792,-0.014489415916614234,-12.198278443614191,-0.26496678590774536,0.24443911015987396,-0.2698834240436554,0.0013693999499082565,0.0013730471255257726,-0.00010571749589871615,-9.914143447531387e-05,-0.0007234514923766255,0.03381197527050972,0.9994279742240906,0.0011913429480046034,0.002829813165590167,0.05182075873017311,-0.011052890680730343,-0.09878062456846237,0.0053178719244897366,-0.4849351942539215,0.5493823289871216,0.5124011635780334,-2.0074644088745117,-0.5160301327705383,2.4340403079986572,1.1534618139266968,-0.07787501811981201,-0.07959140092134476,0.10242737829685211,0.00034820131259039044,0.04572800546884537,-0.1036226823925972,-0.03177665174007416,0.6003224849700928,0.0017988421022891998,0.09538696706295013,0.03385109454393387,0.999426543712616,4.964855907019228e-05,0.0007879846380092204,7.923845259938389e-07,-8.727889508008957e-06,0.03238898888230324,6.281854439293966e-05,5.16202999278903e-05,1.0,3.918533548130654e-05,0.26415252685546875,0.24112646281719208,-0.33071061968803406,-0.027959203347563744,0.05332949012517929,0.0006812249193899333,0.26364126801490784,-0.21815651655197144,0.3466827869415283,0.006872786208987236,-0.015179857611656189,0.00036006723530590534,-3.629922866821289e-05,0.0016896281158551574,0.02494281530380249,0.004010363481938839,0.004023971501737833,5.10453901370056e-06,7.284164894372225e-06,,,,,3.777090814044495,,1320,2.8916666666666666
13.899999999987415,retreat,13.900000724941492,6.479311574296682,11.518207937479021,0.3821253776550293,-0.37229282315820456,3.8823686828188335,0.004138988060731208,0.03956468118525214,0.010458331555128098,4.519833601079881e-05,0.00836152583360672,-0.0018709064306676737,74,0.13509318232536316,0.03207816183567047,0.12499149888753891,0.020010383799672127,-0.00033228286429221043,-11.788567081621226,-0.006388871930539608,0.005403630901128054,-0.006273738108575344,3.0700430215802044e-05,3.308476152596995e-05,-2.4024639060371555e-06,-5.58214851480443e-05,-0.0007561757229268551,0.03386498987674713,0.9994260668754578,0.0015007054898887873,0.002184397540986538,0.05257280915975571,0.010394904762506485,-0.03465165197849274,-0.013483029790222645,-0.48558178544044495,0.548707127571106,0.5132480263710022,-2.0074644088745117,-0.5156649947166443,2.4332163333892822,1.1532100439071655,-0.07752369344234467,-0.08148588240146637,0.10119396448135376,0.0004577939980663359,0.0433092825114727,-0.10140570998191833,-0.030648576095700264,0.6003347039222717,0.0018180948682129383,0.09579911828041077,0.03385048359632492,0.9994266033172607,4.647019522963092e-05,0.0007641485426574945,-2.132019290002063e-06,-1.2917444109916687e-06,0.0323915109038353,7.651067789993249e-06,9.62804551818408e-06,0.9999999403953552,-1.4508471394947264e-05,0.0586092434823513,0.07021380960941315,-0.09942407160997391,-0.016598038375377655,0.027448583394289017,-0.0002981431025546044,0.05845988914370537,-0.06331715732812881,0.10403624176979065,-0.00645457673817873,-0.018919214606285095,0.0015719083603471518,-3.790855407714844e-05,0.0016922756331041455,0.024942629039287567,0.004010364413261414,0.004024034831672907,5.259016234049341e-06,7.493479643017054e-06,,,,,3.777090814044495,,1320,2.9
13.90833333332074,retreat,13.908334058709443,6.4216119184244,11.101295799016954,0.39196014404296875,-0.3573891008272767,3.881965154975134,0.00993964022200089,0.06852804166478502,4.039095074404031e-05,2.2917085118479008e-07,0.0,-0.00010112385240290678,75,0.07148215174674988,0.007178774103522301,0.0714532732963562,0.0012049328070133924,-2.1521459264706166e-06,-11.371626885430734,-1.093726268663886e-06,-1.5239224921970163e-06,-4.034736775793135e-05,-1.3220851258211042e-07,1.8714891325544158e-07,-3.93417032285015e-09,-5.286888699629344e-05,-0.0007261926657520235,0.03386244177818298,0.9994261860847473,0.0008239431190304458,0.001644387375563383,0.05326242372393608,0.010875023901462555,0.006715116556733847,0.013941476121544838,-0.486223042011261,0.5480186343193054,0.514083206653595,-2.0074644088745117,-0.515298068523407,2.432349681854248,1.1529353857040405,-0.07717486470937729,-0.08306539058685303,0.10016532242298126,0.0002269004617119208,0.044274505227804184,-0.10192959755659103,-0.031915973871946335,0.6003401279449463,0.001828913576900959,0.09621359407901764,0.033862918615341187,0.9994261860847473,5.123748996993527e-05,0.0007245193119160831,4.838278982788324e-06,-6.00842759013176e-06,0.03238879144191742,-1.7275552863793564e-06,1.5723699107184075e-06,0.9999998211860657,4.789276886185689e-07,-0.004404972307384014,0.0511176772415638,-0.04977225139737129,-0.007125387899577618,0.00017026269051712006,-0.0008571221260353923,-0.004474492743611336,-0.04763219505548477,0.05311169475317001,0.0002575628459453583,-0.0007464453228749335,0.0009103287011384964,-3.635883331298828e-05,0.0016921487404033542,0.02494264394044876,0.004024930763989687,0.0040389737114310265,5.1277429520268925e-06,7.32537591829896e-06,,,,,3.777090814044495,,1320,2.908333333333333
13.916666666654066,retreat,13.916667392477393,6.363875263348856,10.684867948293688,0.3934502601623535,-0.35041419323533773,3.8833268936502607,0.009558341844240203,0.06852804166478502,0.0,0.0,0.0,0.0,79,0.04909298196434975,0.003806292312219739,0.049092985689640045,0.004768394865095615,0.0,-10.955293717820036,0.0,0.0,0.0,0.0,0.0,0.0,-4.897843609796837e-05,-0.0006912710960023105,0.03387497365474701,0.9994258284568787,-0.00048566010082140565,0.0012645319802686572,0.053519777953624725,0.011728890240192413,0.07166406512260437,0.0546768419444561,-0.4868624806404114,0.5473204851150513,0.51490718126297,-2.0074644088745117,-0.514909029006958,2.4314815998077393,1.1526607275009155,-0.07655871659517288,-0.0843641459941864,0.09881798923015594,-0.0004131902242079377,0.046480026096105576,-0.10195251554250717,-0.03386811167001724,0.6003454327583313,0.0018339939415454865,0.09663061052560806,0.03387428820133209,0.9994257688522339,4.4050506403436884e-05,0.0006841233116574585,3.654000465758145e-06,-8.67573544383049e-06,0.03238924965262413,-7.3116743806167506e-06,4.682628059526905e-06,0.9999998211860657,-6.809789283579448e-07,-0.021391039714217186,0.03912871703505516,-0.020530173555016518,-0.000922737002838403,-0.003691944060847163,-7.724567694822326e-05,-0.0214175246655941,-0.037651706486940384,0.023103248327970505,0.004729493521153927,0.0006063466425985098,4.27277700509876e-05,-3.463029861450195e-05,0.001692774472758174,0.02494259923696518,0.004024945665150881,0.004039098974317312,5.125213647261262e-06,7.304275641217828e-06,,,,,3.777090814044495,,1320,2.9166666666666665
13.924999999987392,retreat,13.925000726245344,6.306102511489643,10.268119722604753,0.3927946090698242,-0.3489985829219222,3.884234454617751,0.008487715604132973,0.03956468118525214,0.0,0.0,0.0,0.0,79,0.044846974313259125,0.004536517430096865,0.04484696686267853,0.006261575035750866,0.0,-10.538608595708395,0.0,0.0,0.0,0.0,0.0,0.0,-4.772490501636639e-05,-0.000643958046566695,0.03388361632823944,0.9994255900382996,-0.0005396747728809714,0.0004013471771031618,0.0538894459605217,-0.05997677147388458,0.05410847067832947,0.04402986541390419,-0.4874919354915619,0.546610951423645,0.5157195925712585,-2.0074644088745117,-0.5144971013069153,2.430657148361206,1.1523631811141968,-0.07560968399047852,-0.08540947735309601,0.09703720360994339,-0.0013854597928002477,0.04899454116821289,-0.10134970396757126,-0.03607635572552681,0.6003603935241699,0.001841896679252386,0.09705586731433868,0.03387623280286789,0.9994257688522339,4.016740422230214e-05,0.0006649604765698314,-1.0725405445555225e-05,-2.9061920940876007e-06,0.032398153096437454,2.0734505596919917e-05,8.27289477456361e-06,0.9999999403953552,-7.377801921393257e-06,-0.02867645025253296,0.034169699996709824,0.004619968589395285,0.001280284719541669,-0.004289831966161728,-0.0007336241542361677,-0.028669068589806557,-0.03440769016742706,-0.0023336410522460938,0.00621577724814415,0.00019710371270775795,0.0007297832053154707,-3.224611282348633e-05,0.00169320625718683,0.02494257688522339,0.004024723544716835,0.004037879873067141,5.107531251269393e-06,7.26914731785655e-06,,,,,3.777090814044495,,1320,2.925
13.933333333320718,retreat,13.933334060013294,6.248294565266354,9.845455735921862,0.40215253829956055,-0.3431611694395542,3.8843352816558996,0.011371489563316572,0.03956468118525214,0.0,0.0,0.0,0.0,81,0.05568276345729828,0.005178502295166254,0.05568275228142738,0.006060910876840353,0.0,-10.115951619621177,0.0,0.0,0.0,0.0,0.0,0.0,-4.395882206154056e-05,-0.000620033242739737,0.03388485684990883,0.9994255304336548,0.0007278691628016531,0.0006580724730156362,0.05305539071559906,0.011789558455348015,-0.04613063111901283,-0.018359294161200523,-0.48811039328575134,0.5458899736404419,0.5165095329284668,-2.0074708461761475,-0.514069676399231,2.429833173751831,1.1520427465438843,-0.07430824637413025,-0.08622842282056808,0.09477327764034271,-0.002630878472700715,0.05140950530767441,-0.10029498487710953,-0.03809918835759163,0.6003725528717041,0.001843152567744255,0.0974811464548111,0.03388134017586708,0.9994256496429443,3.8781308830948547e-05,0.0006428845226764679,-1.2096956197638065e-05,-7.98562541604042e-06,0.0324004590511322,2.2660100512439385e-05,5.9517569752642885e-06,0.9999999403953552,-3.515156095090788e-06,-0.03512983024120331,0.02965754084289074,0.03141489252448082,0.001762300031259656,-0.004857194144278765,-0.0003447479393798858,-0.035088345408439636,-0.03172122687101364,-0.029379256069660187,0.0060467771254479885,-0.00019314931705594063,0.00036581544554792345,-3.1054019927978516e-05,0.0016932680737227201,0.024942569434642792,0.0040261223912239075,0.004040070343762636,4.795064342033584e-06,6.848073098808527e-06,,,,,3.777090814044495,,1320,2.933333333333333
13.941666666654044,retreat,13.941667393781245,6.19045232709858,9.426412731409075,0.40525197982788086,-0.3424776950851083,3.884486517313578,0.00786612417869037,0.0,0.19478006660938263,0.0003969708050135523,0.15582405030727386,0.0,83,0.11371199041604996,0.005609852261841297,0.1158585399389267,0.011215230450034142,-0.0061367546586552635,-9.696919130659662,-0.12482574582099915,0.09329003095626831,-0.11685366928577423,0.00024364601995330304,0.0003133911231998354,-2.9075140446366277e-06,-3.827989348792471e-05,-0.0005913061322644353,0.03388672322034836,0.9994255304336548,-0.00044796071597374976,0.0005617792485281825,0.05230832099914551,-0.003697359235957265,-0.036739472299814224,-0.017035219818353653,-0.4887169599533081,0.5451689958572388,0.5172796845436096,-2.007516622543335,-0.513613224029541,2.429009199142456,1.151699423789978,-0.07296565175056458,-0.08673865348100662,0.09270162880420685,-0.0047969454899430275,0.055388666689395905,-0.09969832003116608,-0.04085279628634453,0.6003638505935669,0.0018462715670466423,0.09788869321346283,0.033881619572639465,0.9994256496429443,4.152231485932134e-05,0.0005958766560070217,2.7565693017095327e-06,-4.794914275407791e-06,0.03238917514681816,4.675569016399095e-06,-3.084348691118066e-06,1.0,-5.108979621581966e-06,0.03844534233212471,0.10178334265947342,-0.03305333852767944,-0.005585358012467623,-0.00029218668350949883,-0.000434565736213699,0.03841019049286842,-0.09930640459060669,0.039916329085826874,0.009117348119616508,0.005863264203071594,4.8944115405902267e-05,-2.962350845336914e-05,0.001693361671641469,0.024942569434642792,0.004009624943137169,0.004023513291031122,5.265420440991875e-06,7.51516199670732e-06,,,,,3.777090814044495,,1320,2.9416666666666664
13.94999999998737,retreat,13.950000727549195,6.132576699405906,9.024200588464739,0.39196014404296875,-0.34138106275349855,3.8841336249662755,0.0035905977711081505,0.055952909680744456,2.2965771222516196e-06,1.7468753554794603e-08,0.0,0.0,90,0.07280483096837997,0.010021346621215343,0.07280667871236801,0.013797280378639698,-1.1822364714975109e-07,-9.294682450790157,-1.0360198254844022e-09,-1.4680728854798986e-09,-2.2965764401305933e-06,1.1049272607976945e-08,1.3530346620882483e-08,-2.5032524664236888e-11,-3.7457582948263735e-05,-0.0005530636990442872,0.03388458490371704,0.9994255900382996,-0.0016821310855448246,0.00036633326089940965,0.0517343170940876,0.013437858782708645,0.0284456554800272,0.026220247149467468,-0.48930633068084717,0.5444474220275879,0.5180231332778931,-2.0075623989105225,-0.5131446123123169,2.4282310009002686,1.1513561010360718,-0.07075819373130798,-0.08711637556552887,0.08911073952913284,-0.006400672718882561,0.055850207805633545,-0.09550061821937561,-0.04135090485215187,0.6003623604774475,0.0018473886884748936,0.0982963889837265,0.033876534551382065,0.9994258284568787,3.764555003726855e-05,0.0005656856810674071,-7.088248821673915e-06,-4.816334694623947e-06,0.032394614070653915,1.261969555343967e-05,2.452208320846694e-07,0.9999998807907104,-8.054742465901654e-06,-0.02355332486331463,0.031248409301042557,0.06139479950070381,-0.0010832109255716205,0.009958474896848202,0.00028777806437574327,-0.023482579737901688,-0.03533665090799332,-0.05916443467140198,0.0034322221763432026,-0.013349130749702454,0.000621126382611692,-2.771615982055664e-05,0.0016932550352066755,0.02494257688522339,0.004025322385132313,0.00403935369104147,5.026838152843993e-06,7.17648072168231e-06,,,,,3.777090814044495,,1320,2.95
13.958333333320695,retreat,13.958334061317146,6.074668584607938,8.623821288347246,0.3832578659057617,-0.34274288918823004,3.883528592166151,0.013848149137629662,0.03956468118525214,0.0,0.0,0.0,0.0,81,0.10524976253509521,0.0011519691906869411,0.105249784886837,0.007535936310887337,0.0,-8.894261082169113,0.0,0.0,0.0,0.0,0.0,0.0,-4.6579927584389225e-05,-0.0005048263119533658,0.033880095928907394,0.9994258284568787,0.00024525265325792134,-0.006423062179237604,0.05084238573908806,0.48002392053604126,-0.112531378865242,-0.06303142011165619,-0.4898785352706909,0.543715238571167,0.5187329053878784,-2.0076100826263428,-0.5126639604568481,2.427452802658081,1.1510111093521118,-0.06842610239982605,-0.08725284039974213,0.0855078399181366,-0.008154129609465599,0.057238154113292694,-0.09247667342424393,-0.042565107345581055,0.6003597974777222,0.0018380079418420792,0.09870388358831406,0.03387783467769623,0.9994257688522339,2.4534965632483363e-05,0.0005339803174138069,-1.1152778824907728e-05,-1.3383105397224426e-05,0.03240117058157921,2.8394166292855516e-05,2.3024123947834596e-05,0.9999999403953552,-2.244164534204174e-06,-0.04085088521242142,0.03933026269078255,0.08866706490516663,-0.0008143183076754212,-0.00020327015954535455,-0.0007890500128269196,-0.04075556993484497,-0.045247722417116165,-0.08584372699260712,0.004868226125836372,-0.005630698055028915,0.0011772646103054285,-2.5331974029541016e-05,0.0016930310521274805,0.024942591786384583,0.004025327041745186,0.004038204438984394,-0.00028942307108081877,-0.0004127379506826401,,,,,3.777090814044495,,1320,2.9583333333333335
13.966666666654021,retreat,13.966667395085096,6.016728885124255,8.225163072347643,0.37354230880737305,-0.35448092967271805,3.883377319259855,0.006619923624384683,0.055952909680744456,0.0,0.0,0.0,0.0,85,0.11732681840658188,0.002190928440541029,0.1173267662525177,0.006998251657932997,0.0,-8.49559234801637,0.0,0.0,0.0,0.0,0.0,0.0,-4.3949996324954554e-05,-0.0004653755167964846,0.03387938812375069,0.9994257688522339,-0.0013465385418385267,-0.0002613728865981102,0.04978073015809059,0.012204623781144619,-0.04962223395705223,-0.023147981613874435,-0.490427702665329,0.5429908037185669,0.5194092988967896,-2.0077016353607178,-0.5121737122535706,2.426720380783081,1.1506448984146118,-0.06575831025838852,-0.0871877372264862,0.08141785860061646,-0.009986820630729198,0.05844457074999809,-0.08912210166454315,-0.04367292299866676,0.6003414392471313,0.001832433044910431,0.09908951073884964,0.03387366235256195,0.9994259476661682,2.371689879510086e-05,0.000492936815135181,1.622065610717982e-07,-6.081070750951767e-06,0.0323885902762413,2.6859434001380578e-05,2.1160774849704467e-05,0.9999998807907104,-5.7185234254575334e-06,-0.051740750670433044,0.012076073326170444,0.10460709780454636,0.0015453614760190248,-0.0013466578675433993,-0.0007736525149084628,-0.05163731798529625,-0.019135314971208572,-0.10360017418861389,0.0032898234203457832,-0.006061120890080929,0.0011897061485797167,-2.3305416107177734e-05,0.0016929956618696451,0.02494259923696518,0.004025137517601252,0.0040391189977526665,5.071798113931436e-06,7.237948011606932e-06,,,,,3.777090814044495,,1320,2.966666666666667
13.974999999987347,retreat,13.975000728853047,5.958758503374453,7.849542051553728,0.3504753112792969,-0.36160717718303204,3.8827721687889842,0.004818044999410631,0.03956468118525214,0.0,0.0,0.0,0.0,88,0.13123895227909088,0.0025651799514889717,0.1312389373779297,0.009065235033631325,0.0,-8.119929250499435,0.0,0.0,0.0,0.0,0.0,0.0,-2.9227472623460926e-05,-0.0004475079185795039,0.03387397155165672,0.9994259476661682,-0.002753637498244643,-0.00047899375203996897,0.0486011803150177,0.014038531109690666,0.00509700458496809,0.012003354728221893,-0.49095413088798523,0.5422698259353638,0.5200503468513489,-2.0077931880950928,-0.5116703510284424,2.426011800765991,1.1502786874771118,-0.06287463754415512,-0.08689096570014954,0.07713128626346588,-0.011942765675485134,0.05982382223010063,-0.08513462543487549,-0.04473522678017616,0.6003247499465942,0.0018221349455416203,0.09947027266025543,0.03386813402175903,0.9994261860847473,1.4904911949997768e-05,0.0004560209345072508,-3.8107973523437977e-06,-9.235460311174393e-06,0.03239351511001587,8.0255258581019e-06,1.4607054254156537e-05,0.9999999403953552,-5.834229796164436e-06,-0.051726702600717545,0.017828335985541344,0.11929024010896683,0.0025551721919327974,-2.8321978788881097e-06,-0.00022635224740952253,-0.05161784589290619,-0.02586621604859829,-0.11785668134689331,0.005131619982421398,-0.007436654530465603,0.0007356195128522813,-2.2411346435546875e-05,0.0016927255783230066,0.02494262158870697,0.00402516033500433,0.004039179999381304,5.075745320937131e-06,7.238384569063783e-06,,,,,3.777090814044495,,1320,2.975
13.983333333320672,retreat,13.983334062620997,5.900758341778124,7.480037957429888,0.32633543014526367,-0.37321215495467186,3.881914711049787,0.018147855371353216,0.0,0.0,0.0,0.0,0.0,83,0.14353954792022705,0.0023138560354709625,0.14353950321674347,0.008593878708779812,0.0,-7.750365536421909,0.0,0.0,0.0,0.0,0.0,0.0,-2.3583506845170632e-05,-0.0004033005388919264,0.03386731445789337,0.9994263052940369,-0.0021292625460773706,-0.0006975845899432898,0.04721483215689659,0.014279118739068508,-0.06361228972673416,-0.03115672804415226,-0.4914519488811493,0.5415488481521606,0.5206568837165833,-2.0079305171966553,-0.511165976524353,2.4253251552581787,1.149889588356018,-0.059761736541986465,-0.08640062808990479,0.07259055227041245,-0.01395203173160553,0.061018411070108414,-0.08098842948675156,-0.045702558010816574,0.6002883911132812,0.001814571674913168,0.09983029961585999,0.033866044133901596,0.9994262456893921,2.382616003160365e-05,0.000402103119995445,1.188724309031386e-05,-4.425644874572754e-06,0.03238433972001076,-1.1895526768057607e-06,-2.819017197452922e-07,1.0,-1.269176323148713e-06,-0.050131723284721375,0.01561177708208561,0.13359148800373077,0.0021940104197710752,7.22869808669202e-05,-0.0007314524846151471,-0.05002380162477493,-0.024622954428195953,-0.13226836919784546,0.004449365194886923,-0.007249042857438326,0.0012285285629332066,-2.0205974578857422e-05,0.0016923937946557999,0.02494264394044876,0.004025185015052557,0.00403929129242897,5.068299287813716e-06,7.2249677032232285e-06,,,,,3.777090814044495,,1320,2.9833333333333334
13.991666666653998,retreat,13.991667396388948,5.842729302754863,7.132066041231157,0.28508901596069336,-0.3823809092864394,3.8806029391852785,0.011657097275019623,0.06852804166478502,0.0,0.0,0.0,0.0,83,0.15241822600364685,0.0029671175871044397,0.15241827070713043,0.010812469758093357,0.0,-7.4023024112053015,0.0,0.0,0.0,0.0,0.0,0.0,-1.4464489140664227e-05,-0.0003755762882065028,0.03385607898235321,0.9994266033172607,-0.006676027551293373,-0.0018242159858345985,0.046202562749385834,-0.09669315069913864,0.18102379143238068,0.12439006567001343,-0.49192115664482117,0.5408393144607544,0.5212178826332092,-2.0080678462982178,-0.5106508731842041,2.4246842861175537,1.1495004892349243,-0.056385114789009094,-0.08569333702325821,0.06774881482124329,-0.015922635793685913,0.06191762164235115,-0.07614834606647491,-0.046286337077617645,0.600256085395813,0.0018021590076386929,0.10018178820610046,0.0338597409427166,0.9994264245033264,2.488617246854119e-05,0.0003580259217415005,5.795154720544815e-06,-7.492024451494217e-06,0.032387614250183105,-1.7190102880704217e-05,-1.1009798072336707e-05,0.9999998211860657,3.660363063318073e-06,-0.05504865199327469,0.014604592695832253,0.1413777470588684,0.0022236243821680546,0.001949641271494329,0.0002412062167422846,-0.05494685098528862,-0.024143721908330917,-0.14010444283485413,0.004334867931902409,-0.009896035306155682,0.00043233708129264414,-1.8775463104248047e-05,0.0016918330220505595,0.024942681193351746,0.004025195259600878,0.004038172774016857,4.976635864295531e-06,7.092225132510066e-06,,,,,3.777090814044495,,1320,2.9916666666666667
13.999999999987324,retreat,14.000000730156898,5.784672288724256,6.793526560068132,0.24467706680297852,-0.39613794069737196,3.8800982936394135,0.006539383775816532,0.03956468118525214,0.0,0.0,0.0,0.0,80,0.16129179298877716,0.0022734005469828844,0.16129173338413239,0.008868198841810226,0.0,-7.063727841414937,0.0,0.0,0.0,0.0,0.0,0.0,-2.3325608708546497e-05,-0.00031770995701663196,0.03385229781270027,0.9994268417358398,-0.00571175804361701,-0.0018430224154144526,0.04470856860280037,-0.07995474338531494,0.09407133609056473,0.06956954300403595,-0.49236175417900085,0.5401297807693481,0.5217443108558655,-2.0082051753997803,-0.5101244449615479,2.424089193344116,1.1491113901138306,-0.05284455418586731,-0.08482245355844498,0.06274969130754471,-0.017882661893963814,0.06268758326768875,-0.07152661681175232,-0.04685914143919945,0.6002306938171387,0.0017899503000080585,0.10053148865699768,0.03385017067193985,0.9994267821311951,2.1951893359073438e-05,0.00032982093398459256,-7.4003164627356455e-06,-6.08246773481369e-06,0.03239883854985237,1.20575250548427e-05,1.7796164684114046e-06,0.9999999403953552,-2.122831119777402e-06,-0.04710926488041878,0.011183613911271095,0.15385280549526215,0.0017300023464486003,0.0013935609022155404,-0.0004831457044929266,-0.04700735956430435,-0.02157101221382618,-0.1527744084596634,0.0033464892767369747,-0.008146612904965878,0.001038579735904932,-1.5914440155029297e-05,0.0016916444292291999,0.02494269609451294,0.004025205038487911,0.004038259852677584,4.970493137079757e-06,7.083115633577108e-06,,,,,3.777090814044495,,1320,3.0
14.00833333332065,retreat,14.008334063924849,5.726588202105898,6.457564979791643,0.21201372146606445,-0.4095198819413781,3.8796440566101618,0.011412533240218181,0.0,0.0,0.0,0.0,0.0,78,0.17008571326732635,0.002890517469495535,0.17008565366268158,0.008789611048996449,0.0,-6.727734677459528,0.0,0.0,0.0,0.0,0.0,0.0,-3.415218452573754e-05,-0.00027205984224565327,0.0338488444685936,0.9994269609451294,-0.0026810630224645138,-0.0012790742330253124,0.04247532784938812,0.012256361544132233,-0.11434415727853775,-0.06229306012392044,-0.49277350306510925,0.5394316911697388,0.5222249627113342,-2.0083882808685303,-0.5095978379249573,2.423539876937866,1.1487222909927368,-0.049137771129608154,-0.08378518372774124,0.057582128793001175,-0.019836174324154854,0.06332382559776306,-0.06674450635910034,-0.04729041829705238,0.6001878976821899,0.0017772475257515907,0.10085521638393402,0.033839017152786255,0.9994271993637085,2.1662053768523037e-05,0.0002900036342907697,5.318730472936295e-06,-3.854278475046158e-06,0.032386694103479385,1.7507945813122205e-05,1.3089099411445204e-05,1.0,-9.826522727962583e-06,-0.0424351766705513,0.007403118535876274,0.16454057395458221,0.0019246322335675359,0.0021244219969958067,-0.00037109648110345006,-0.042339373379945755,-0.0185182336717844,-0.16368745267391205,0.0029946831054985523,-0.008211199194192886,0.0009302428225055337,-1.3649463653564453e-05,0.0016914719017222524,0.024942710995674133,0.004025210160762072,0.004038390703499317,5.02316333950148e-06,7.161812391132116e-06,,,,,3.777090814044495,,1320,3.0083333333333333
14.016666666653975,retreat,14.0166673976928,5.668477945319379,6.1480380594730395,0.16576051712036133,-0.4225220764055848,3.8780285613796996,0.004228191755828448,0.07912936237050427,0.0,0.0,0.0,0.0,77,0.17425605654716492,0.004234120715409517,0.17425598204135895,0.011070752516388893,0.0,-6.418095429563332,0.0,0.0,0.0,0.0,0.0,0.0,-1.978728687390685e-05,-0.00025956545141525567,0.03383456915616989,0.999427318572998,-0.006305580493062735,-0.0012095001293346286,0.04091954231262207,0.029140563681721687,0.07866280525922775,0.06086527928709984,-0.49315115809440613,0.5387450456619263,0.5226598381996155,-2.0085713863372803,-0.5090712308883667,2.4230363368988037,1.148333191871643,-0.045230939984321594,-0.08255310356616974,0.05221116915345192,-0.021677685901522636,0.0636955127120018,-0.06137586757540703,-0.04750563204288483,0.6001492142677307,0.001761790830641985,0.10116975009441376,0.03382771462202072,0.9994275569915771,2.027459049713798e-05,0.0002608362992759794,-3.623026714194566e-07,-5.9087760746479034e-06,0.032391514629125595,1.2850528037233744e-06,-4.411714940033562e-07,0.9999997615814209,-6.856989330117358e-06,-0.048617586493492126,0.0056337169371545315,0.167241632938385,0.00214760797098279,0.003640884766355157,-0.00024395858054049313,-0.04853002354502678,-0.01693197339773178,-0.16650313138961792,0.00296257296577096,-0.010623186826705933,0.000965733197517693,-1.2993812561035156e-05,0.0016907594399526715,0.024942755699157715,0.004025213420391083,0.004038479644805193,5.331617103365716e-06,7.60337570682168e-06,,,,,3.777090814044495,,1320,3.0166666666666666
14.024999999987301,retreat,14.02500073146075,5.610342420784292,5.848345905542375,0.12087821960449219,-0.43822755105793476,3.876513424096674,0.006788442988181487,0.03956468118525214,0.0,0.0,0.0,0.0,76,0.18029052019119263,0.0030860123224556446,0.1802905648946762,0.008896192535758018,0.0,-6.1182979258843675,0.0,0.0,0.0,0.0,0.0,0.0,-2.5964029191527516e-05,-0.00022238345991354436,0.033821847289800644,0.9994277954101562,-0.005283722188323736,-0.001436878344975412,0.03911633789539337,0.022329166531562805,-0.00718503026291728,0.005127974785864353,-0.4934944808483124,0.5380698442459106,0.5230489373207092,-2.0087544918060303,-0.5085333585739136,2.4225785732269287,1.1479440927505493,-0.04123407602310181,-0.08117736130952835,0.046801548451185226,-0.023449374362826347,0.06402555108070374,-0.05634884908795357,-0.04768097400665283,0.6001142263412476,0.0017442922107875347,0.10147510468959808,0.03381224721670151,0.9994281530380249,1.2894255633000284e-05,0.00024077954003587365,-8.944633009377867e-06,-7.077585905790329e-06,0.032397039234638214,1.794003946997691e-05,1.3686902093468234e-05,0.9999999403953552,-9.60443776421016e-06,-0.04133009538054466,0.004519531037658453,0.17543110251426697,0.001545918988995254,0.0026414915919303894,-0.0003951308026444167,-0.041245464235544205,-0.0163675919175148,-0.1747443825006485,0.0021999794989824295,-0.008564341813325882,0.0009769207099452615,-1.1146068572998047e-05,0.0016901245107874274,0.024942800402641296,0.004025214817374945,0.004038631450384855,5.227227575232973e-06,7.449649274349213e-06,,,,,3.777090814044495,,1320,3.025
14.033333333320627,retreat,14.0333340652287,5.552182530920227,5.558265000581743,0.08034706115722656,-0.4555308260023594,3.874391237992681,0.011023525075870566,0.03956468118525214,0.0,0.0,0.0,0.0,79,0.18399693071842194,0.0037009171210229397,0.18399691581726074,0.008858110755681992,0.0,-5.828069461850864,0.0,0.0,0.0,0.0,0.0,0.0,-2.5742925572558306e-05,-0.0001890311687020585,0.03380342200398445,0.999428391456604,-0.003336660796776414,-0.0016395734855905175,0.03725587576627731,0.016895471140742302,-0.1472187489271164,-0.0815364345908165,-0.493803471326828,0.5374060869216919,0.5233922600746155,-2.0089833736419678,-0.5079954862594604,2.422166585922241,1.1475549936294556,-0.037135008722543716,-0.07965652644634247,0.041322968900203705,-0.02514466643333435,0.06422337889671326,-0.05123990774154663,-0.04776185750961304,0.6000623106956482,0.0017297696322202682,0.10175444185733795,0.033795759081840515,0.9994286894798279,1.1344462109263986e-05,0.00020972691709175706,4.45850491814781e-06,-2.508983016014099e-06,0.03238651528954506,2.019419480348006e-05,1.5089719454408623e-05,0.9999999403953552,-7.666844794584904e-06,-0.036944638937711716,0.0019372603856027126,0.18023931980133057,0.0015685620019212365,0.0033085420727729797,-0.0005384711548686028,-0.03686892241239548,-0.014109885320067406,-0.17971214652061462,0.0018487127963453531,-0.008590079843997955,0.0011220115702599287,-9.47713851928711e-06,0.0016892047133296728,0.02494286745786667,0.004025216214358807,0.004038728773593903,5.1200404413975775e-06,7.301074219867587e-06,,,,,3.777090814044495,,1320,3.033333333333333
14.041666666653953,retreat,14.041667398996651,5.493999178146778,5.294290930032732,0.026226043701171875,-0.4697537515312433,3.872369028746198,0.0031324939300247934,0.055952909680744456,0.0,0.0,0.0,0.0,68,0.18490499258041382,0.004805299919098616,0.18490496277809143,0.010512643493711948,0.0,-5.5639547834391045,0.0,0.0,0.0,0.0,0.0,0.0,-1.189166050608037e-05,-0.00018388047465123236,0.03378567472100258,0.9994290471076965,-0.007109104190021753,-0.0017795141320675611,0.035523682832717896,0.015452577732503414,0.06148534268140793,0.05087689682841301,-0.494078129529953,0.53675377368927,0.5236898064613342,-2.0092122554779053,-0.5074577927589417,2.421800374984741,1.1471658945083618,-0.03290599584579468,-0.07797659188508987,0.03573549911379814,-0.02666524425148964,0.06415139883756638,-0.04576275497674942,-0.04760334640741348,0.6000146865844727,0.0017126081511378288,0.10202471166849136,0.03377872332930565,0.9994292855262756,8.369283023057505e-06,0.00018958310829475522,-7.301678124349564e-07,-4.761852324008942e-06,0.032392606139183044,5.581843652180396e-06,3.714283593581058e-06,0.9999998807907104,-6.954570380912628e-06,-0.04056401550769806,-5.8068751968676224e-05,0.18040069937705994,0.0015842757420614362,0.004531674552708864,-0.0002119025302818045,-0.04049554839730263,-0.012123719789087772,-0.18000826239585876,0.0015767066506668925,-0.010353514924645424,0.0009134503197856247,-9.179115295410156e-06,0.0016883191419765353,0.024942927062511444,0.0040252190083265305,0.0040388936176896095,5.063999651611084e-06,7.217371603474021e-06,,,,,3.777090814044495,,1320,3.0416666666666665
14.049999999987278,retreat,14.050000732764602,5.435793264883538,5.039689689874651,-0.026047229766845703,-0.4867161624133587,3.8706493214816677,0.002691435156521038,0.03956468118525214,0.0,0.0,0.0,0.0,79,0.18734368681907654,0.003770844079554081,0.18734365701675415,0.008230170235037804,0.0,-5.309233968663348,0.0,0.0,0.0,0.0,0.0,0.0,-1.8224407540401444e-05,-0.00015681167133152485,0.03377079218626022,0.9994295835494995,-0.006188858300447464,-0.0018898473354056478,0.03361467644572258,0.01502676960080862,-0.01241029892116785,0.0038510840386152267,-0.4943184554576874,0.5361243486404419,0.5239415764808655,-2.0094411373138428,-0.5069199204444885,2.4214799404144287,1.146776795387268,-0.02864946983754635,-0.07618148624897003,0.030192583799362183,-0.02806471660733223,0.06405938416719437,-0.040718935430049896,-0.04744257405400276,0.5999687910079956,0.001694058533757925,0.10227987915277481,0.03375862538814545,0.9994300007820129,4.49052095063962e-06,0.00017469393787905574,-6.135521743999561e-06,-5.080830305814743e-06,0.03239306062459946,1.740746847644914e-05,1.433465240552323e-05,0.9999999403953552,-1.2169924048066605e-05,-0.03175486996769905,-0.0014771471032872796,0.18462692201137543,0.0010814596898853779,0.0035864380188286304,-0.00043263440602459013,-0.031690336763858795,-0.010985276661813259,-0.18431681394577026,0.0008688290254212916,-0.008124899119138718,0.0009832852520048618,-7.867813110351562e-06,0.0016875762958079576,0.024942979216575623,0.004025223199278116,0.004038968123495579,5.0525427468528505e-06,7.203227141872048e-06,,,,,3.777090814044495,,1320,3.05
14.058333333320604,retreat,14.058334066532552,5.377565693550094,4.800235480070116,-0.07551908493041992,-0.5044169956818223,3.8679670787831175,0.010202267731074244,0.0,0.0,0.0,0.0,0.0,72,0.18709780275821686,0.004583174828439951,0.18709780275821686,0.008285214193165302,0.0,-5.0695932567806254,0.0,0.0,0.0,0.0,0.0,0.0,-1.290643649554113e-05,-0.000136009490233846,0.03374786674976349,0.9994302988052368,-0.004927405621856451,-0.0019663695711642504,0.031687937676906586,0.01575133576989174,-0.10351847112178802,-0.05333453416824341,-0.4945194721221924,0.5355063676834106,0.5241475701332092,-2.0096700191497803,-0.5063907504081726,2.4211959838867188,1.1463876962661743,-0.02435022033751011,-0.07426892966032028,0.024661118164658546,-0.02933085523545742,0.06385216861963272,-0.03564273938536644,-0.047170720994472504,0.5999259352684021,0.0016742772422730923,0.10252518206834793,0.033742111176252365,0.9994305968284607,4.30487489211373e-06,0.0001673696970101446,-1.2278904250706546e-05,-6.4801424741744995e-06,0.032398756593465805,3.105337600572966e-05,9.654970199335366e-06,1.0,-5.759262876381399e-06,-0.026575785130262375,-0.0038437051698565483,0.18516084551811218,0.0011733616702258587,0.004418573807924986,-0.00032390939304605126,-0.026513777673244476,-0.008653895929455757,-0.18500734865665436,0.0006191316060721874,-0.008215042762458324,0.0008800659561529756,-6.794929504394531e-06,0.0016864319331943989,0.024943053722381592,0.0040252297185361385,0.004039070103317499,5.060346666141413e-06,7.210503099486232e-06,,,,,3.777090814044495,,1320,3.058333333333333
14.06666666665393,retreat,14.066667400300503,5.319317366566041,4.57069054245949,-0.12117624282836914,-0.5236003780737519,3.8661441184188967,0.01660881935094949,0.03956468118525214,0.0,0.0,0.0,0.0,73,0.18712082505226135,0.004536503925919533,0.18712078034877777,0.0077317385002970695,0.0,-4.8399215644955,0.0,0.0,0.0,0.0,0.0,0.0,-2.284043875988573e-05,-0.00012297203647904098,0.03373179957270622,0.9994309544563293,-0.003469322109594941,-0.0020228400826454163,0.029749829322099686,0.015748711302876472,-0.20459960401058197,-0.11677192896604538,-0.49468541145324707,0.534899890422821,0.5243077874183655,-2.0099446773529053,-0.5058639645576477,2.420924186706543,1.1459985971450806,-0.02003495953977108,-0.07224756479263306,0.01917930319905281,-0.030458251014351845,0.06357327848672867,-0.030679618939757347,-0.046809498220682144,0.5998591184616089,0.0016547003760933876,0.1027420312166214,0.03373109921813011,0.9994308948516846,1.0595141247904394e-05,0.0001334567932644859,1.1066693332395516e-05,-5.302950739860535e-06,0.03238606080412865,1.0065039532491937e-05,1.2590309779625386e-05,0.9999999403953552,-6.970286108298751e-07,-0.023162279278039932,-0.005994393490254879,0.18558496236801147,0.0011873220792040229,0.00437522865831852,-0.0001658556138863787,-0.023112712427973747,-0.006532792001962662,-0.18557292222976685,0.0003224237007088959,-0.007694483734667301,0.0006861053989268839,-6.198883056640625e-06,0.0016856301808729768,0.02494310587644577,0.0040252371691167355,0.004039115272462368,5.061829597252654e-06,7.2204857133328915e-06,,,,,3.777090814044495,,1320,3.0666666666666664
14.074999999987256,retreat,14.075000734068453,5.2610491863509665,4.372452944517137,-0.17637014389038086,-0.5199309671297669,3.8337957772104314,0.029142776838853024,0.03956468118525214,0.673503041267395,0.0012038180138915777,0.5388023853302002,0.0,66,0.45108169317245483,0.03067931719124317,0.2537127137184143,0.03510705381631851,-0.013251064519863576,-4.639434665935097,0.19021230936050415,0.5069083571434021,-0.40058645606040955,0.001152011682279408,-0.00027304753893986344,0.0002179268340114504,3.8792655686847866e-05,-0.0002531174395699054,0.033449187874794006,0.9994403123855591,-0.006321684457361698,0.0003937804140150547,0.02940179780125618,-0.012942619621753693,0.042448025196790695,-0.1295454353094101,-0.49481701850891113,0.5343186259269714,0.524425745010376,-2.0102193355560303,-0.5053259134292603,2.4207210540771484,1.145607590675354,-0.015771623700857162,-0.06880033016204834,0.015238958410918713,-0.03225211799144745,0.06809672713279724,-0.01948564685881138,-0.04845103248953819,0.599798321723938,0.0016389014199376106,0.10294483602046967,0.03370804339647293,0.9994317293167114,1.4162210391077679e-05,0.00011395417095627636,1.7923935956787318e-05,-2.3540109395980835e-05,0.032389312982559204,-0.00013730170030612499,-5.7647474022815004e-05,0.9999999403953552,0.0002589890209492296,-0.1872129738330841,0.37490609288215637,-0.16694733500480652,-0.03053070604801178,-0.0025010257959365845,0.0016856236616149545,-0.18724343180656433,-0.36281242966651917,0.19178585708141327,0.023625317960977554,-0.02459762431681156,-2.0622508600354195e-05,-1.2576580047607422e-05,0.0016715237870812416,0.02494405210018158,0.0040100798942148685,0.004023638553917408,5.537299330171663e-06,7.889146218076348e-06,,,,,3.777090814044495,,1320,3.075
14.083333333320581,retreat,14.083334067836404,5.202762055324467,4.190256446599962,-0.22476911544799805,-0.5091845523566008,3.824949363895828,0.031374227546621114,0.07912936237050427,1.64036226272583,0.0029465975239872932,1.312289834022522,-0.0038371899790945463,67,1.2826926708221436,0.11454340815544128,0.37038010358810425,0.05201427638530731,-0.03189015947282314,-4.456623029110114,0.6486256122589111,1.1605041027069092,-0.9608867764472961,0.0026984212454408407,-0.0008399469661526382,0.0008339359192177653,4.950435322825797e-05,-0.00034334513475187123,0.033370815217494965,0.9994428753852844,-0.006958853453397751,0.0034510099794715643,0.027147188782691956,-0.05560534447431564,0.17892862856388092,-0.209187313914299,-0.49490857124328613,0.5337762236595154,0.5245156288146973,-2.0104939937591553,-0.5047609210014343,2.420619487762451,1.145216464996338,-0.01083489041775465,-0.06340652704238892,0.012222141958773136,-0.03353339433670044,0.07324337959289551,-0.003463757922872901,-0.04918157309293747,0.5997480154037476,0.0016444376669824123,0.10313121974468231,0.033655714243650436,0.9994334578514099,1.747559326759074e-05,0.0001189842150779441,1.9497729226714e-05,-2.5628134608268738e-05,0.032393138855695724,-0.00022198270016815513,-7.4528441473376e-05,0.9999997615814209,0.00028504314832389355,-0.5828016400337219,0.9358091354370117,-0.6556707620620728,-0.10553751140832901,-0.04440503567457199,0.003196667181327939,-0.5829331278800964,-0.889604926109314,0.7170024514198303,0.02963835746049881,-0.03989957273006439,-0.0005032578483223915,-1.704692840576172e-05,0.001667611999437213,0.024944312870502472,0.00401009526103735,0.004023730289191008,5.167950803297572e-06,7.343594916164875e-06,,,,,3.777090814044495,,1320,3.0833333333333335
14.091666666653907,retreat,14.091667401604354,5.144456875906137,4.025665670633318,-0.2636909484863281,-0.48550067003816366,3.8213640793055057,0.036176410503685474,0.055952909680744456,1.8611441850662231,0.003354882588610053,1.4889153242111206,-0.013078846677672118,62,1.5762697458267212,0.19337736070156097,0.30885985493659973,0.02444412373006344,-0.03585248626768589,-4.2917829471284215,0.9541541337966919,1.1830294132232666,-1.0741922855377197,0.00286431098356843,-0.0013121110387146473,0.0011529636103659868,6.830530765000731e-05,-0.00042539514834061265,0.033338963985443115,0.9994439482688904,-0.006599081214517355,0.005172575358301401,0.02472635731101036,-0.06523602455854416,0.24478819966316223,-0.2687814235687256,-0.49495264887809753,0.5332796573638916,0.5245723724365234,-2.0107686519622803,-0.5042142868041992,2.4205822944641113,1.1448602676391602,-0.004758891183882952,-0.05766522139310837,0.007680240552872419,-0.03241943567991257,0.07017583400011063,0.006052237004041672,-0.04464856907725334,0.5997004508972168,0.001666477881371975,0.10329407453536987,0.03359444811940193,0.999435544013977,2.1574503989540972e-05,0.0001331012463197112,2.7218058676226065e-05,-2.3179221898317337e-05,0.03239130601286888,-0.00028911282424815,-9.968035737983882e-05,0.9999998807907104,0.0002556059043854475,-0.8796524405479431,1.0661954879760742,-0.7576707601547241,-0.1625502109527588,-0.1047162339091301,0.002596413716673851,-0.8798186182975769,-1.0129566192626953,0.8273241519927979,-0.00854124128818512,-0.022463567554950714,-0.00108412466943264,-2.1159648895263672e-05,0.0016660226974636316,0.02494441717863083,0.004010110627859831,0.004023830406367779,5.191864602238638e-06,7.323484169319272e-06,,,,,3.777090814044495,,1320,3.091666666666667
14.099999999987233,retreat,14.100000735372305,5.0861345505155615,3.8833521306514753,-0.3044605255126953,-0.4556307103484869,3.8205441139813,0.02764210512395948,0.03956468118525214,1.7510159015655518,0.003165516769513488,1.4008127450942993,-0.012226792932779063,53,1.5442476272583008,0.21751752495765686,0.2565041482448578,0.026393434032797813,-0.03193485923111439,-4.149412389967792,1.0361566543579102,1.0022051334381104,-0.9939924478530884,0.0025304590817540884,-0.0014016068307682872,0.0012856011744588614,6.835975364083424e-05,-0.0004494943714234978,0.03333112597465515,0.9994442462921143,-0.005999343004077673,0.005687246099114418,0.022102167829871178,-0.0532962791621685,0.2591820955276489,-0.275918185710907,-0.49494507908821106,0.5328292846679688,0.5245844721794128,-2.0109975337982178,-0.5037143230438232,2.4205799102783203,1.1445512771606445,0.0017061344115063548,-0.052248675376176834,0.0020568938925862312,-0.029904184862971306,0.06338615715503693,0.009977533482015133,-0.03832607343792915,0.5996706485748291,0.0016920878551900387,0.10344558954238892,0.03354097157716751,0.9994372725486755,2.1823874703841284e-05,0.00016516828327439725,1.4171159818943124e-05,-2.458132803440094e-05,0.03240019455552101,-0.0002811451558955014,-9.970405517378822e-05,0.9999999403953552,0.00020994001533836126,-0.9744930863380432,0.9776706695556641,-0.692260205745697,-0.16947218775749207,-0.13634394109249115,0.001839798060245812,-0.9746907949447632,-0.9291126728057861,0.7559298276901245,-0.028243139386177063,-0.0045479536056518555,-0.0015578791499137878,-2.2351741790771484e-05,0.001665631658397615,0.02494443953037262,0.004010126460343599,0.004023920278996229,5.194633104110835e-06,7.333233952522278e-06,,,,,3.777090814044495,,1320,3.1
14.108333333320559,retreat,14.108334069140255,5.027795981572336,3.751253336668016,-0.3349781036376953,-0.43055054266005754,3.8223887889737296,0.028872265829704702,0.06852804166478502,1.3531367778778076,0.0024520207662135363,1.0824960470199585,-0.009670624422142282,60,1.2335816621780396,0.1999637633562088,0.2281814068555832,0.03640592470765114,-0.02158245723694563,-4.01744186738548,0.8414247632026672,0.7314039468765259,-0.7668323516845703,0.001904957229271531,-0.0011577397817745805,0.0010213631903752685,5.1766335673164576e-05,-0.0004293866513762623,0.033347588032484055,0.9994436502456665,-0.0055175661109387875,0.005253333132714033,0.01937701180577278,-0.035865530371665955,0.21069152653217316,-0.20174270868301392,-0.4948868453502655,0.5324195027351379,0.5245503187179565,-2.0112264156341553,-0.5032620429992676,2.4205799102783203,1.1442835330963135,0.007699215319007635,-0.04774520546197891,-0.003762125736102462,-0.027173632755875587,0.05646006390452385,0.008416465483605862,-0.03270864114165306,0.5996317863464355,0.001720118336379528,0.10356976091861725,0.03350243344902992,0.9994385242462158,2.5388952053617686e-05,0.00018083913892041892,2.1495925466297194e-05,-1.860829070210457e-05,0.032392483204603195,-0.00024583141203038394,-8.546660683350638e-05,0.9999998211860657,0.0001549081498524174,-0.8296735286712646,0.7710196375846863,-0.48876816034317017,-0.14638055860996246,-0.1362268179655075,0.0007024671649560332,-0.8298212289810181,-0.7366095185279846,0.5390056371688843,-0.0350058376789093,0.01629386842250824,-0.0018092570826411247,-2.1398067474365234e-05,0.001666452968493104,0.02494438737630844,0.0040101418271660805,0.004023999907076359,5.183886059967335e-06,7.3445262387394905e-06,,,,,3.777090814044495,,1320,3.1083333333333334
14.116666666653884,retreat,14.116667402908206,4.969442071496051,3.644151240587236,-0.3630518913269043,-0.4026268143206835,3.8211078590150818,0.029563439966295846,0.03956468118525214,1.3605430126190186,0.0024538852740079165,1.0884344577789307,-0.009146282536676154,59,1.2080154418945312,0.16812841594219208,0.21179039776325226,0.019548777490854263,-0.02202460588887334,-3.9102507005322056,0.9498029947280884,0.6075471639633179,-0.7614709734916687,0.001676142797805369,-0.0014221541350707412,0.001090677105821669,6.988333188928664e-05,-0.0004930120776407421,0.033335573971271515,0.9994441270828247,-0.004903094843029976,0.00505297165364027,0.017461959272623062,-0.020442649722099304,0.24746721982955933,-0.20849336683750153,-0.4947786331176758,0.5320467948913574,0.5244696140289307,-2.0114333629608154,-0.5028500556945801,2.4206063747406006,1.144054651260376,0.013920641504228115,-0.0432414710521698,-0.010362093336880207,-0.024404805153608322,0.050854600965976715,0.011955412104725838,-0.028384940698742867,0.5995997786521912,0.0017499309033155441,0.10367811471223831,0.033473797142505646,0.999439537525177,2.7706026230589487e-05,0.0002027424779953435,2.400597441010177e-05,-1.4950055629014969e-05,0.032393865287303925,-0.00028684502467513084,-0.00010727698827395216,0.9999999403953552,0.00013827273505739868,-0.8750705122947693,0.6493942737579346,-0.5213826298713684,-0.11444102227687836,-0.12315842509269714,0.0015550218522548676,-0.8752555251121521,-0.6131137013435364,0.563312292098999,-0.020633377134799957,-0.0033439472317695618,-0.0013401499018073082,-2.4497509002685547e-05,0.0016658538952469826,0.024944424629211426,0.0040101599879562855,0.004024128895252943,5.1711458581849e-06,7.3458650149405e-06,,,,,3.777090814044495,,1320,3.1166666666666667
14.12499999998721,retreat,14.125000736676157,4.911073722706297,3.5520695149898542,-0.38695335388183594,-0.3751348704099655,3.8212103491898075,0.030154618798405863,0.0,1.3022756576538086,0.002352959243580699,1.0418205261230469,-0.00835964146972401,55,1.1642719507217407,0.16413567960262299,0.20447106659412384,0.01522139459848404,-0.02014609146863222,-3.8181761016986595,0.9625555872917175,0.49335262179374695,-0.7252667546272278,0.0014738140162080526,-0.001487647881731391,0.0010729364585131407,7.166115392465144e-05,-0.0005252581904642284,0.033336058259010315,0.9994440674781799,-0.004193525295704603,0.004616963677108288,0.015501216053962708,-0.010292167775332928,0.25076723098754883,-0.22357973456382751,-0.49462127685546875,0.5317109227180481,0.5243342518806458,-2.0116164684295654,-0.5024679899215698,2.420654296875,1.1438486576080322,0.01994335651397705,-0.038926973938941956,-0.016978628933429718,-0.021441368386149406,0.04660104960203171,0.014215203933417797,-0.025468936190009117,0.59957355260849,0.0017765490338206291,0.10376974940299988,0.0334542877972126,0.9994401931762695,2.8616619601962157e-05,0.00022652666666544974,2.4788761948002502e-05,-1.452770084142685e-05,0.03239336609840393,-0.0002952110953629017,-0.00011024280684068799,1.0,0.00011826342233689502,-0.8949804306030273,0.5532819628715515,-0.4984159767627716,-0.09649185091257095,-0.1327754557132721,0.000722950033377856,-0.8951837420463562,-0.5187788009643555,0.5338954925537109,-0.016569361090660095,0.0034377723932266235,-0.0009618084877729416,-2.6106834411621094e-05,0.0016658781096339226,0.024944424629211426,0.004010182339698076,0.004024256020784378,5.154231075721327e-06,7.3449627961963415e-06,,,,,3.777090814044495,,1320,3.125
14.133333333320536,retreat,14.133334070444107,4.852691837622666,3.4759618341922773,-0.4087686538696289,-0.350642716512084,3.8199290246533097,0.025504177756374702,0.055952909680744456,1.2192227840423584,0.0022055008448660374,0.9753739237785339,-0.006917699010955403,54,1.0949037075042725,0.15613813698291779,0.19390636682510376,0.011274329386651516,-0.01767026074230671,-3.741979322568801,0.9085323810577393,0.450702041387558,-0.676713228225708,0.0013778116554021835,-0.0013634382048621774,0.001052095671184361,5.679327659890987e-05,-0.0005223383195698261,0.03332490846514702,0.9994444251060486,-0.003467427333816886,0.002822272479534149,0.013364827260375023,-0.0737447664141655,0.21685032546520233,-0.20480945706367493,-0.4944172203540802,0.531409740447998,0.5241479873657227,-2.011770248413086,-0.5021046996116638,2.4207186698913574,1.1436426639556885,0.02547270990908146,-0.034835536032915115,-0.023035859689116478,-0.01865636743605137,0.044335704296827316,0.01567241922020912,-0.024011852219700813,0.5995553135871887,0.0017998106777668,0.1038481593132019,0.033441491425037384,0.999440610408783,3.490430026431568e-05,0.00025304051814600825,1.9481152776279487e-05,-1.507950946688652e-05,0.03239557519555092,-0.0002660828467924148,-0.00010068435949506238,0.9999998807907104,0.00011661175085464492,-0.8546702861785889,0.5070958733558655,-0.45957210659980774,-0.08336828649044037,-0.13201574981212616,0.000829574593808502,-0.8548768758773804,-0.4753153324127197,0.4920108914375305,-0.010116852819919586,0.008477739989757538,-0.0014075813814997673,-2.5987625122070312e-05,0.0016653211787343025,0.02494446188211441,0.004010189324617386,0.004023093730211258,5.1479655667208135e-06,7.341644959524274e-06,,,,,3.777090814044495,,1320,3.1333333333333333
14.141666666653862,retreat,14.141667404212058,4.7942973186647535,3.412326425313951,-0.41979551315307617,-0.33075176179409027,3.821056612898358,0.02807600685628131,0.03956468118525214,1.1752790212631226,0.002107291016727686,0.9401280879974365,-0.00901519615581492,57,1.053503394126892,0.14770880341529846,0.18747176229953766,0.009951094165444374,-0.016398395411670208,-3.678422321805104,0.8956331014633179,0.3617621064186096,-0.6695151329040527,0.001134975696913898,-0.0015845219604671001,0.0008011211175471544,7.884967635618523e-05,-0.0005609232466667891,0.03333405405282974,0.9994440674781799,-0.002951354254037142,0.0015481654554605484,0.011753328144550323,-0.028970982879400253,0.24301649630069733,-0.13447140157222748,-0.4941689968109131,0.5311413407325745,0.5239127278327942,-2.0119075775146484,-0.5017532110214233,2.4207985401153564,1.1434595584869385,0.030873630195856094,-0.030941084027290344,-0.02921706810593605,-0.015859652310609818,0.042201973497867584,0.017161613330245018,-0.022816874086856842,0.5995389819145203,0.0018217149190604687,0.10390936583280563,0.03343280032277107,0.9994409084320068,3.3688404073473066e-05,0.00027587366639636457,2.331112773390487e-05,-1.2345146387815475e-05,0.03239329531788826,-0.0002811324957292527,-0.0001220334306708537,0.9999999403953552,9.875605610432103e-05,-0.8391169905662537,0.4326305091381073,-0.46752843260765076,-0.07100599259138107,-0.12951862812042236,0.0009817512473091483,-0.8393545746803284,-0.40049129724502563,0.4949343800544739,-0.008511960506439209,0.008222214877605438,-0.0015396298840641975,-2.7894973754882812e-05,0.001665778341703117,0.024944424629211426,0.004010196775197983,0.004023145418614149,4.966435881215148e-06,7.086520781740546e-06,,,,,3.777090814044495,,1320,3.1416666666666666
14.149999999987187,retreat,14.150000737980008,4.735891068252149,3.364985436201097,-0.43135881423950195,-0.31280110124498606,3.822183868985069,0.025968209229176864,0.06852804166478502,1.1242201328277588,0.00200597383081913,0.899277925491333,-0.006458900770667242,58,1.0045759677886963,0.13964086771011353,0.17683130502700806,0.008549814112484455,-0.012584158685058355,-3.631159717606865,0.858769953250885,0.3272462487220764,-0.6475299000740051,0.0010660733096301556,-0.0015569627285003662,0.0006806508754380047,9.017589763971046e-05,-0.0005637278663925827,0.03334387019276619,0.9994437098503113,-0.001971165183931589,0.0031205276027321815,0.010146072134375572,-0.03807391971349716,0.19129085540771484,-0.2631664276123047,-0.4938785135746002,0.5309053063392639,0.5236295461654663,-2.0120201110839844,-0.5014098882675171,2.4208924770355225,1.1432764530181885,0.03591519594192505,-0.02723989076912403,-0.035047125071287155,-0.013201798312366009,0.04100128635764122,0.01854206807911396,-0.022454433143138885,0.5995278358459473,0.0018405523151159286,0.1039571687579155,0.033427704125642776,0.9994410276412964,3.356960223754868e-05,0.0002980380377266556,2.145862345059868e-05,-1.1161435395479202e-05,0.03239380940794945,-0.0002614116237964481,-0.00013258376566227525,0.9999998211860657,8.382912346860394e-05,-0.8047966361045837,0.39013317227363586,-0.4574618935585022,-0.06130756437778473,-0.12546272575855255,0.00024668138939887285,-0.8050516843795776,-0.3587647080421448,0.48202991485595703,-0.004952419549226761,0.00917021930217743,-0.000864929985255003,-2.8014183044433594e-05,0.0016662685666233301,0.024944394826889038,0.004010201431810856,0.004023253917694092,5.151704499439802e-06,7.348862709477544e-06,,,,,3.777090814044495,,1320,3.15
14.158333333320513,retreat,14.158334071747959,4.677473988804444,3.3298335969448103,-0.43886899948120117,-0.29883545357733965,3.8243861842904185,0.023737035007798113,0.055952909680744456,1.0074533224105835,0.0018075061962008476,0.805905818939209,-0.00665552897771704,58,0.9054864645004272,0.12961962819099426,0.16430407762527466,0.0102208461612463,-0.010083639062941074,-3.5961610183194472,0.7966902852058411,0.2493307739496231,-0.5639865398406982,0.0009322140249423683,-0.0013264971785247326,0.0007990375743247569,7.492725126212463e-05,-0.0005581264849752188,0.03336324915289879,0.9994430541992188,-0.00148871005512774,0.0028403906617313623,0.008637106977403164,0.002117879455909133,0.19250237941741943,-0.31571105122566223,-0.4935488700866699,0.5306971669197083,0.5233006477355957,-2.0121116638183594,-0.5010778307914734,2.4209961891174316,1.1430933475494385,0.04056195542216301,-0.023885374888777733,-0.04057713598012924,-0.01056614425033331,0.039874762296676636,0.019201334565877914,-0.022289352491497993,0.5995211601257324,0.0018550795502960682,0.10399255156517029,0.03342786803841591,0.9994410872459412,3.504599226289429e-05,0.00031859538285061717,1.92896604858106e-05,-1.0626856237649918e-05,0.03239408880472183,-0.00023572311329189688,-0.00011794101010309532,0.9999998807907104,6.460378790507093e-05,-0.7482595443725586,0.3237365186214447,-0.3939644694328308,-0.0516054630279541,-0.11890338361263275,0.00033199728932231665,-0.7484953999519348,-0.29675737023353577,0.4142407476902008,-0.004841331392526627,0.010766685009002686,-0.001058592926710844,-2.777576446533203e-05,0.0016672355122864246,0.024944327771663666,0.004010203760117292,0.004023307003080845,5.184454494155943e-06,7.389811798930168e-06,,,,,3.777090814044495,,1320,3.158333333333333
14.166666666653839,retreat,14.16666740551591,4.619046982741228,3.306572884321214,-0.4463791847229004,-0.28573046438395977,3.823259576574356,0.02918104473792482,0.0,0.8869163393974304,0.0015547305811196566,0.7094905376434326,-0.005344673354557017,56,0.8000748753547668,0.11680915206670761,0.1501326709985733,0.014973109588027,-0.006415746407583356,-3.5728219660675906,0.6362757086753845,0.3212686777114868,-0.5277880430221558,0.0008442415855824947,-0.0012809396721422672,0.0002522636204957962,9.576358570484444e-05,-0.0005229666130617261,0.033353958278894424,0.9994434714317322,-0.001217301469296217,0.002695501549169421,0.006790740415453911,-0.00048204968334175646,0.16526731848716736,-0.06505866348743439,-0.49318554997444153,0.5305172801017761,0.5229331851005554,-2.0122032165527344,-0.5007405281066895,2.4211087226867676,1.1429094076156616,0.04432549327611923,-0.02079208754003048,-0.04474938288331032,-0.008620153181254864,0.04105647653341293,0.019056411460042,-0.023342620581388474,0.5995081067085266,0.001870166976004839,0.10400800406932831,0.03342702239751816,0.9994410872459412,3.586656748666428e-05,0.00032553341588936746,2.4386752556893043e-05,-8.071772754192352e-06,0.032386429607868195,-0.00019292329670861363,-0.00013817826402373612,1.0,7.305312465177849e-05,-0.6187731623649597,0.3607636094093323,-0.35649573802948,-0.05032665282487869,-0.10541072487831116,0.00043072301195934415,-0.6189878582954407,-0.3361954092979431,0.37940293550491333,0.001784931868314743,0.015968836843967438,-0.0014961017295718193,-2.5987625122070312e-05,0.0016667722957208753,0.02494436502456665,0.004010205622762442,0.004023357294499874,5.197953669267008e-06,7.412221748381853e-06,,,,,3.777090814044495,,1320,3.1666666666666665
14.174999999987165,retreat,14.17500073928386,4.560610952482094,3.2982282340526594,-0.4521608352661133,-0.27219916228204966,3.8200315464088717,0.01790261194400955,0.055952909680744456,0.9015694260597229,0.0016214209608733654,0.7212654948234558,-0.005737930223403964,52,0.792341947555542,0.10479724407196045,0.15173935890197754,0.004713580943644047,-0.006330525502562523,-3.56425285139882,0.742695152759552,0.1368151307106018,-0.49245601892471313,0.0007608119631186128,-0.0011785273673012853,0.0008131692302413285,0.0002406249550404027,-0.0005163237801752985,0.033325884491205215,0.999444305896759,0.000491550425067544,0.0028708481695502996,0.005435313563793898,0.11175430566072464,0.30320852994918823,0.48747703433036804,-0.49279117584228516,0.5303599834442139,0.5225264430046082,-2.012248992919922,-0.5004149675369263,2.4212422370910645,1.1427217721939087,0.04856400936841965,-0.017909666523337364,-0.050191354006528854,-0.006012747995555401,0.03870779648423195,0.021102681756019592,-0.022600829601287842,0.5995144248008728,0.0018773307092487812,0.10402484983205795,0.03343046456575394,0.9994409680366516,3.5671557270688936e-05,0.0003507880901452154,1.0647185263223946e-05,-1.5216879546642303e-05,0.03239447623491287,-0.000156207854161039,-0.00028171809390187263,0.9999998807907104,0.00010453166032675654,-0.667125403881073,0.22519677877426147,-0.36336737871170044,-0.03797244280576706,-0.09767556935548782,0.00019797422282863408,-0.667370080947876,-0.20047515630722046,0.3771374821662903,-0.0054447241127491,0.0012856945395469666,-0.0002961326390504837,-2.5391578674316406e-05,0.0016653744969516993,0.024944454431533813,0.004010206088423729,0.004023403394967318,5.311826498655137e-06,7.57281668484211e-06,,,,,3.777090814044495,,1320,3.175
14.18333333332049,retreat,14.18333407305181,4.502166800446636,3.29437628388405,-0.4507899284362793,-0.27182535268366337,3.8268430879514814,0.01812485425034538,0.0,0.598112940788269,0.0024819455575197935,0.47849613428115845,-0.004295989128877409,57,0.5578924417495728,0.09568696469068527,0.12764571607112885,0.02353881299495697,-0.0027168539818376303,-3.5608745477927197,0.40857189893722534,0.25144606828689575,-0.35718756914138794,0.0014265473000705242,-0.0020131119526922703,-0.00026906633866019547,6.555216532433406e-05,-0.0004889399278908968,0.03338593989610672,0.999442458152771,-0.0004925093380734324,0.0015503040049225092,0.003845800878480077,-0.0054091522470116615,0.12950529158115387,0.22100204229354858,-0.4923693835735321,0.5302249193191528,0.5220903754234314,-2.0122947692871094,-0.5000767111778259,2.421363592147827,1.142515778541565,0.05112982541322708,-0.01557082124054432,-0.05298277735710144,-0.00452602282166481,0.04092894122004509,0.01854480430483818,-0.02437903918325901,0.5995121002197266,0.0018855459056794643,0.10402442514896393,0.03343307599425316,0.9994409084320068,4.153770350967534e-05,0.00035556897637434304,1.4022753020981327e-05,-7.276423275470734e-06,0.03239075094461441,-0.00012972095282748342,-0.00011150910722790286,1.0000001192092896,4.711631845566444e-05,-0.4283778965473175,0.2860136926174164,-0.2143186777830124,-0.039445966482162476,-0.0871778279542923,-0.0001928705460159108,-0.428513765335083,-0.27109724283218384,0.23265010118484497,0.0018688440322875977,0.025253187865018845,-0.001495878677815199,-2.4318695068359375e-05,0.0016683678841218352,0.024944260716438293,0.0040102070197463036,0.004023535177111626,5.257582415651996e-06,7.4962154030799866e-06,,,,,3.777090814044495,,1320,3.183333333333333
14.191666666653816,retreat,14.19166740681976,4.443715429054443,3.29786315560341,-0.451505184173584,-0.26814243756234646,3.8314455422128173,0.008363410415768158,0.0,0.5949448943138123,0.0030490823555737734,0.47627338767051697,-0.002985133733091061,57,0.5488648414611816,0.05429120361804962,0.09028999507427216,0.0022082324139773846,0.0008051255135796964,-3.564681453105789,0.43996337056159973,0.18629366159439087,0.3545226454734802,-0.001710648532025516,0.0025171455927193165,0.00018591064144857228,-3.707062569446862e-05,-0.00043228131835348904,0.03342663496732712,0.9994410872459412,0.0005513548385351896,0.0010961018269881606,0.0027318885549902916,-0.003584832651540637,0.07242880016565323,0.012273743748664856,-0.4919287860393524,0.5301058292388916,0.5216326117515564,-2.012312173843384,-0.4997446537017822,2.4214928150177,1.1423097848892212,0.05291635915637016,-0.01419408805668354,-0.05503736436367035,-0.001977283274754882,0.039805639535188675,0.01932496763765812,-0.02414480224251747,0.5995200872421265,0.001890429761260748,0.10402371734380722,0.03343760967254639,0.9994407296180725,4.5913337089587e-05,0.0003686126146931201,4.464376615942456e-06,-6.557907909154892e-06,0.03239358961582184,-6.334041972877458e-05,-1.0973169082717504e-05,1.0,1.0972897143801674e-05,-0.35506749153137207,0.19142204523086548,0.3722059726715088,-0.027199048548936844,-0.04698409512639046,0.0004911234718747437,-0.3547791540622711,-0.21591278910636902,-0.3588399291038513,0.0004577524960041046,-0.004335455596446991,-0.00020294124260544777,-2.1636486053466797e-05,0.0016703968867659569,0.02494412660598755,0.0040102070197463036,0.004023602232336998,5.191205673327204e-06,7.399619789794087e-06,,,,,3.777090814044495,,1320,3.1916666666666664
14.199999999987142,retreat,14.200000740587711,4.385257740725107,3.302184492349626,-0.4495978355407715,-0.26891171000897884,3.8328762914072296,0.005907331797061488,0.055952909680744456,0.20024161040782928,0.000547185365576297,0.1601933240890503,-0.0017398209593011416,57,0.2912820875644684,0.059908777475357056,0.09654559940099716,0.030519263818860054,0.0003600085765356198,-3.5691022772485828,0.14067278802394867,0.07726164907217026,0.11974349617958069,-0.00022699502005707473,0.0004958160570822656,-4.529325451585464e-05,-4.805870048585348e-05,-0.0003737536899279803,0.03344004601240158,0.999440610408783,0.0005369081627577543,0.00046859949361532927,0.0022909578401595354,0.007412261795252562,0.012085380032658577,-0.0038126306608319283,-0.49147674441337585,0.5299914479255676,0.5211599469184875,-2.012312173843384,-0.49940696358680725,2.4215846061706543,1.1421037912368774,0.05422166734933853,-0.013130155391991138,-0.05674217268824577,-0.00047716833068989217,0.040380846709012985,0.013528979383409023,-0.025206897407770157,0.5995269417762756,0.0018886681646108627,0.10402251034975052,0.033449601382017136,0.9994402527809143,4.477554830373265e-05,0.00036847658338956535,-4.736921255243942e-07,-8.534640073776245e-06,0.03239661455154419,-5.383900770539185e-06,3.1014592423161957e-06,0.9999998807907104,9.565017535351217e-06,-0.17730699479579926,0.12408803403377533,0.1949606090784073,-0.02363925240933895,-0.055040474981069565,-0.0008907823939807713,-0.17715471982955933,-0.1368660181760788,-0.18635761737823486,-0.005713449791073799,0.029418401420116425,-0.0010844029020518064,-1.8775463104248047e-05,0.00167106615845114,0.024944081902503967,0.0040102070197463036,0.004023648798465729,5.220996627031127e-06,7.445109076797962e-06,,,,,3.777090814044495,,1320,3.2
14.208333333320468,retreat,14.208334074355662,4.326794637878221,3.3079959452152266,-0.4456043243408203,-0.27556181885302067,3.8356851401868073,0.005892198714718688,0.0,0.05324805900454521,0.0002741153002716601,0.042632825672626495,-0.0004945084697283164,57,0.12923485040664673,0.022102387621998787,0.08020410686731339,0.013327011838555336,8.064190842560492e-05,-3.575109043423324,0.034773413091897964,0.02553412690758705,0.03121175989508629,-0.0001587914739502594,0.00021914811804890633,-4.357254147180356e-05,-6.374921940732747e-05,-0.0003517326549626887,0.033464498817920685,0.9994398355484009,0.00042960300925187767,-6.188784027472138e-05,0.0017949065659195185,0.009318944066762924,-0.011889218352735043,-0.02805718407034874,-0.4910133183002472,0.5298884510993958,0.5206680297851562,-2.012312173843384,-0.49906355142593384,2.4216761589050293,1.14187490940094,0.05545619875192642,-0.012201211415231228,-0.058686912059783936,0.00020280676835682243,0.04107729718089104,0.011752442456781864,-0.026277588680386543,0.5995302200317383,0.001883148681372404,0.1040118932723999,0.033461373299360275,0.9994398951530457,5.0025697419187054e-05,0.00035974313504993916,7.991584425326437e-07,-7.847324013710022e-06,0.03239189833402634,7.544297204731265e-06,1.3983409189677332e-05,1.0,-3.120572273473954e-06,-0.05058041960000992,0.06688419729471207,0.09833499789237976,-0.008557119406759739,-0.02037774585187435,-0.00019671815971378237,-0.05050428956747055,-0.07331785559654236,-0.09367737919092178,0.001104801893234253,0.013054674491286278,-0.0006775111542083323,-1.7702579498291016e-05,0.0016722865402698517,0.0249439999461174,0.004010207951068878,0.004023786634206772,5.254977622826118e-06,7.492781151086092e-06,,,,,3.777090814044495,,1320,3.2083333333333335
14.216666666653794,retreat,14.216667408123612,4.268327022933379,3.3221073448658003,-0.4412531852722168,-0.28359179850667715,3.835480929532409,0.011992071449640207,0.0,0.07484021782875061,0.00020571825734805316,0.05987219512462616,0.0,55,0.11498051136732101,0.005525435321033001,0.05797518044710159,0.005698931869119406,1.1579009878914803e-05,-3.5892062433070073,0.05038895457983017,0.03285011649131775,0.04452955350279808,-9.648106060922146e-05,0.00018003776494879276,-2.4450160708511248e-05,-5.6134635087801144e-05,-0.00034378579584881663,0.03346295282244682,0.9994398355484009,0.00042813768959604204,-0.0036345026455819607,0.0014446901623159647,0.09503895789384842,0.017939036712050438,0.0458749458193779,-0.49054399132728577,0.5297968983650208,0.520164430141449,-2.012312173843384,-0.4987151026725769,2.4217677116394043,1.1416460275650024,0.0565323531627655,-0.011283207684755325,-0.060429103672504425,0.0007538508507423103,0.04165998473763466,0.01293050404638052,-0.027170080691576004,0.5995302796363831,0.001875485759228468,0.1039935052394867,0.03347168490290642,0.9994395971298218,5.163871173863299e-05,0.0003438581188675016,6.118647434050217e-06,-7.862690836191177e-06,0.03238767012953758,-7.42958690125306e-08,4.494107088248711e-06,1.0,8.739020813663956e-06,-0.03239090368151665,0.06291095167398453,0.09062869846820831,-0.0032969641033560038,-0.004430381581187248,0.00017939404642675072,-0.03232324868440628,-0.06883767247200012,-0.08623863756656647,0.005791923031210899,-0.0002600196748971939,-0.00015822361456230283,-1.728534698486328e-05,0.0016722094733268023,0.024944007396697998,0.004010799340903759,0.004023788496851921,1.2491305824369192e-05,1.7810147255659103e-05,,,,,3.777090814044495,,1320,3.216666666666667
14.22499999998712,retreat,14.225000741891563,4.209855798310169,3.342074900865556,-0.4369020462036133,-0.2924770815297961,3.836093528931479,0.007369557806669036,0.055952909680744456,0.229279026389122,0.0006312492187134922,0.18342325091362,0.0,52,0.20887064933776855,0.008371434174478054,0.057191263884305954,0.01111672818660736,-1.0199364623986185e-06,-3.60921639633292,0.1560181975364685,0.09742529690265656,0.13687771558761597,-0.00028697651578113437,0.00055885553592816,-6.16485922364518e-05,-5.483548738993704e-05,-0.0003375736123416573,0.03346811234951019,0.9994396567344666,0.0009335224167443812,-0.0037582952063530684,0.0010035388404503465,0.09389741718769073,0.032706182450056076,0.05703229457139969,-0.4900635778903961,0.5297055244445801,0.5196492671966553,-2.012312173843384,-0.49836596846580505,2.421895742416382,1.141417145729065,0.05737536400556564,-0.010302839800715446,-0.06164222210645676,0.0017128490144386888,0.04200879484415054,0.015642058104276657,-0.027807392179965973,0.5995374321937561,0.0018707094714045525,0.10397682338953018,0.033477745950222015,0.9994394183158875,5.4179887229111046e-05,0.0003440754662733525,3.294919224572368e-06,-4.375353455543518e-06,0.03239122033119202,6.47802926323493e-06,8.681384997544228e-07,0.9999998807907104,9.638553819968365e-06,-0.10092558711767197,0.09551486372947693,0.1559419482946396,-0.006038282532244921,-0.005793368443846703,0.00023862981470301747,-0.10080959647893906,-0.10574933141469955,-0.1492697149515152,0.007761599961668253,-0.00878233090043068,0.0003550953697413206,-1.6987323760986328e-05,0.0016724669840186834,0.024943992495536804,0.00400988943874836,0.00402286509051919,-2.3659958969801664e-06,-3.3876240195240825e-06,,,,,3.777090814044495,,1320,3.225
14.233333333320445,retreat,14.233334075659513,4.151381866428183,3.361044079065324,-0.4303455352783203,-0.3014807589352131,3.8384919366374173,0.01729100949887652,0.03956468118525214,0.08368027210235596,0.00023094206699170172,0.06694429367780685,-0.0010188506394115393,58,0.123481884598732,0.02122652716934681,0.046704862266778946,0.010878377594053745,0.00010385638233856298,-3.6283523472326085,0.05499681830406189,0.038621194660663605,0.04986122250556946,-0.00011222836474189535,0.00020027178106829524,-2.5104718588409014e-05,-5.551244976231828e-05,-0.00032603039289824665,0.03348943218588829,0.9994390606880188,0.0015542290639132261,-0.0008366123074665666,0.0006685156840831041,-0.0024582925252616405,-0.015334841795265675,0.018731065094470978,-0.4895823299884796,0.529625415802002,0.5191230773925781,-2.012312173843384,-0.4980168342590332,2.422004222869873,1.1411882638931274,0.05798615515232086,-0.009500152431428432,-0.06266766041517258,0.0025990779977291822,0.042000457644462585,0.013811576180160046,-0.028342003002762794,0.5995376706123352,0.0018593203276395798,0.10395105928182602,0.03348696604371071,0.999439001083374,5.215258715907112e-05,0.00032864627428352833,1.062114279193338e-05,-6.898306310176849e-06,0.032384276390075684,2.5038948479050305e-06,3.443828063609544e-06,0.9999999403953552,-2.4627433958812617e-06,-0.056675590574741364,0.062031760811805725,0.09048598259687424,-0.00982703361660242,-0.018805619329214096,-0.0005861242534592748,-0.05661071836948395,-0.0679565966129303,-0.08616788685321808,-0.0008668545633554459,0.010632900521159172,-0.00012618978507816792,-1.6391277313232422e-05,0.001673531485721469,0.024943917989730835,0.0040098815225064754,0.004022940527647734,5.229895577940624e-06,7.451919373124838e-06,,,,,3.777090814044495,,1320,3.2333333333333334
14.24166666665377,retreat,14.241667409427464,4.092906129707012,3.3864729106426252,-0.42450428009033203,-0.3121353220194578,3.8375225477964285,0.00729124167264672,0.055952909680744456,0.32496291399002075,0.0008986318716779351,0.2599705159664154,0.0,58,0.26367121934890747,0.011085410602390766,0.07795441895723343,0.015042726881802082,0.000868119765073061,-3.6537137726476225,0.215598002076149,0.1463947296142578,0.19413135945796967,-0.00043612730223685503,0.000781357113737613,-8.254232670878991e-05,-5.8619221817934886e-05,-0.00031843132455833256,0.03348087891936302,0.9994392991065979,0.002815607935190201,-0.0010939962230622768,0.0018103524344041944,-0.08908327668905258,-0.08266740292310715,-0.18869523704051971,-0.48909592628479004,0.5295567512512207,0.5185962915420532,-2.0122663974761963,-0.4976651072502136,2.4221391677856445,1.1409575939178467,0.05833768472075462,-0.008536210283637047,-0.06301816552877426,0.0037816145922988653,0.04242054745554924,0.01707799732685089,-0.028807509690523148,0.5995625853538513,0.001848692074418068,0.10393813252449036,0.033489033579826355,0.999439001083374,4.6516095608239993e-05,0.0003423074958845973,-9.333035450254101e-06,-7.844995707273483e-06,0.03239674121141434,2.345890061405953e-05,1.2891001460957341e-05,0.9999998807907104,8.163475285982713e-06,-0.14034871757030487,0.12197685986757278,0.186939537525177,-0.00811350904405117,-0.007516367360949516,0.0007493461016565561,-0.14021165668964386,-0.13423331081867218,-0.17845049500465393,0.009511085227131844,-0.012778356671333313,0.00011059385724365711,-1.6033649444580078e-05,0.001673104357905686,0.024943947792053223,0.004010632634162903,0.004022662993520498,5.0663693400565535e-06,7.229973562061787e-06,,,,,3.777090814044495,,1320,3.2416666666666667
14.249999999987097,retreat,14.250000743195415,4.034429490566254,3.401746600866319,-0.4030466079711914,-0.3262945683673024,3.8397160785125752,0.00467545896754018,0.0,0.0,0.0,0.0,0.0,57,0.07436679303646088,0.030310271307826042,0.07436678558588028,0.02323026955127716,0.0,-3.669139989262382,0.0,0.0,0.0,0.0,0.0,0.0,-5.812323797727004e-05,-0.00031396362464874983,0.033500026911497116,0.9994386434555054,0.0034608091227710247,-0.0011228104121983051,0.0006140999030321836,0.011286324821412563,-0.12515737116336823,-0.06526336073875427,-0.4886094331741333,0.5294880867004395,0.5180692672729492,-2.012220621109009,-0.49731579422950745,2.4222307205200195,1.1407058238983154,0.0585143156349659,-0.0079061733558774,-0.06349320709705353,0.004635523539036512,0.04204463213682175,0.012296724133193493,-0.029165247455239296,0.5995784997940063,0.0018345192074775696,0.10392212867736816,0.03349992632865906,0.9994386434555054,5.188974682823755e-05,0.0003358757239766419,-3.384357114555314e-06,-8.51508229970932e-06,0.032396022230386734,2.1691081201424822e-05,6.963373380131088e-06,1.0,-9.707665782343611e-08,-0.035855501890182495,0.04429744929075241,0.04777592420578003,-0.012649145908653736,-0.02750577963888645,-0.0014641364105045795,-0.035819653421640396,-0.04740172252058983,-0.04472637176513672,-0.006252020597457886,0.02237311378121376,-3.877838025800884e-05,-1.5795230865478516e-05,0.001674060127697885,0.02494388073682785,0.004025519825518131,0.004039501305669546,4.9582454266783316e-06,7.080845534801483e-06,,,,,3.777090814044495,,1320,3.25
14.258333333320422,retreat,14.258334076963365,3.975952851425495,3.4194938838481916,-0.38611888885498047,-0.34289027098566294,3.8409398308268385,0.009375066838401835,0.03956468118525214,0.0,0.0,0.0,0.0,53,0.05923306569457054,0.0027987638022750616,0.05923303961753845,0.006620845757424831,0.0,-3.68697236526307,0.0,0.0,0.0,0.0,0.0,0.0,-5.723616050090641e-05,-0.0003178443294018507,0.03351076692342758,0.9994383454322815,0.0025508159305900335,-0.007848451845347881,0.0004828812088817358,0.4844657778739929,-0.06470049917697906,-0.02744724415242672,-0.4881230592727661,0.5294308662414551,0.5175321102142334,-2.0121748447418213,-0.4969666302204132,2.4223222732543945,1.1404540538787842,0.05876680091023445,-0.007404775824397802,-0.06445495039224625,0.005210530944168568,0.04145433381199837,0.01191882323473692,-0.029286764562129974,0.5995915532112122,0.0018152585253119469,0.10389849543571472,0.033509764820337296,0.9994382858276367,5.293440699460916e-05,0.0003227650886401534,1.3408352970145643e-06,-1.1417549103498459e-05,0.03238996863365173,4.768608960148413e-06,4.4644621084444225e-06,0.9999999403953552,-1.000632892100839e-06,0.006323882844299078,-0.05368933826684952,0.024207834154367447,0.0018498649587854743,-0.0020309945102781057,0.000534919963683933,0.006335066165775061,0.05194806307554245,-0.027745608240365982,-0.005905768368393183,0.002901321044191718,-0.0007347344071604311,-1.5974044799804688e-05,0.00167459633667022,0.024943850934505463,0.00402549933642149,0.004038320388644934,-0.0317918136715889,-7.91456550359726e-05,,,,,3.777090814044495,,1320,3.2583333333333333
14.266666666653748,retreat,14.266667410731316,3.917477114704324,3.4441702067852034,-0.3720521926879883,-0.36258308682590723,3.8415005872143797,0.010487306099093985,0.0,0.0,0.0,0.0,0.0,53,0.08222664892673492,0.004263595677912235,0.08222663402557373,0.014636549167335033,0.0,-3.711687680080539,0.0,0.0,0.0,0.0,0.0,0.0,-5.3875155572313815e-05,-0.00031048772507347167,0.03351583704352379,0.9994381070137024,0.0014805090613663197,-0.001343325013294816,0.0003320779651403427,0.012723108753561974,0.0069030094891786575,0.01860347017645836,-0.4876366853713989,0.5293736457824707,0.5169946551322937,-2.012129068374634,-0.4966118037700653,2.4224138259887695,1.140202283859253,0.058419786393642426,-0.00669889198616147,-0.06399274617433548,0.005427445285022259,0.042597413063049316,0.012982632964849472,-0.030144335702061653,0.5996044278144836,0.0017959619872272015,0.10387462377548218,0.03351829573512077,0.9994380474090576,5.1642036851262674e-05,0.00030932313529774547,3.405470124562271e-06,-1.1628959327936172e-05,0.03239080682396889,-1.236885168509616e-06,2.1926844055997208e-06,1.0,2.4600137749075657e-06,0.011047512292861938,0.08077050000429153,0.010737789794802666,0.0028866734355688095,0.0031371016521006823,6.291049794526771e-05,0.011060849763453007,-0.08130704611539841,-0.005295328795909882,0.014555210247635841,-0.0015401149867102504,4.9840637075249106e-05,-1.5616416931152344e-05,0.0016748495399951935,0.024943828582763672,0.004025544039905071,0.004039686638861895,4.956785232934635e-06,7.073365850374103e-06,,,,,3.777090814044495,,1320,3.2666666666666666
14.274999999987074,retreat,14.275000744499266,3.859003182822338,3.4687124192714704,-0.3592371940612793,-0.3841936122626066,3.842672813811779,0.009890027286019176,0.0,0.0,0.0,0.0,0.0,55,0.02111002616584301,0.002438854891806841,0.02111002244055271,0.0019544526003301144,0.0,-3.7363114026021003,0.0,0.0,0.0,0.0,0.0,0.0,-5.8240948419552296e-05,-0.00029741073376499116,0.03352610021829605,0.9994378685951233,0.0009501788299530745,-0.001546366373077035,0.00035305763594806194,0.011863847263157368,0.04360472038388252,0.04267073795199394,-0.4871504306793213,0.5293179750442505,0.516457736492157,-2.0120832920074463,-0.49626266956329346,2.4225053787231445,1.1399505138397217,0.05814326927065849,-0.006184449419379234,-0.06390736997127533,0.0059677124954760075,0.0419398732483387,0.012562260963022709,-0.029986076056957245,0.5996173024177551,0.0017767599783837795,0.10385031998157501,0.033528249710798264,0.999437689781189,5.2619237976614386e-05,0.0002958474797196686,4.2158480937359855e-06,-9.88692045211792e-06,0.032391197979450226,-1.7531963294459274e-06,5.5615309975109994e-06,1.0,2.155379434043425e-06,0.00859205611050129,0.01712183468043804,0.008868628181517124,-0.002332651289179921,-0.0007060578209348023,-9.0737798018381e-05,0.008598791435360909,-0.01767662726342678,-0.007696148939430714,0.00014067348092794418,0.0019489785190671682,-3.972842387156561e-05,-1.4960765838623047e-05,0.0016753620002418756,0.024943791329860687,0.00402430072426796,0.004038477782160044,5.305957529344596e-06,7.558672223240137e-06,,,,,3.777090814044495,,1320,3.275
14.2833333333204,retreat,14.283334078267217,3.80053195819913,3.493008762598039,-0.3465414047241211,-0.4055919125676155,3.8437937400242514,0.011445828931755386,0.055952909680744456,0.0,0.0,0.0,0.0,54,0.018712244927883148,0.0011797113111242652,0.018712243065238,0.0018629078986123204,0.0,-3.760685688719366,0.0,0.0,0.0,0.0,0.0,0.0,-5.5456843256251886e-05,-0.00027952870004810393,0.03353603929281235,0.9994373917579651,0.002358528319746256,-0.0022160629741847515,0.0006247407291084528,-0.06204667687416077,-0.033015064895153046,-0.005176344886422157,-0.48666977882385254,0.529272198677063,0.5159302949905396,-2.012037515640259,-0.49591752886772156,2.4225969314575195,1.1396987438201904,0.05765484273433685,-0.005711487494409084,-0.06350800395011902,0.006450464483350515,0.04155058041214943,0.012362398207187653,-0.029943926259875298,0.5996290445327759,0.0017607626505196095,0.10382232069969177,0.033534616231918335,0.9994375109672546,5.6217893870780244e-05,0.00028002061299048364,6.187883627717383e-06,-4.6622008085250854e-06,0.0323878712952137,5.193662673264043e-07,-7.453457442352374e-07,0.9999998807907104,-1.4271861346060177e-06,0.014960912987589836,0.011069453321397305,0.0019458632450550795,-1.8294240362592973e-05,0.0011777455219998956,6.557043525390327e-05,0.014963042922317982,-0.011173026636242867,-0.0011911659967154264,0.0015807397430762649,0.0009770883480086923,-0.0001303299213759601,-1.4066696166992188e-05,0.0016758576966822147,0.0249437615275383,0.004025764763355255,0.004038537386804819,4.818939487449825e-06,6.870366632938385e-06,,,,,3.777090814044495,,1320,3.283333333333333
14.291666666653725,retreat,14.291667412035167,3.7420643432542864,3.5197712481021894,-0.33223628997802734,-0.4199603572487831,3.8431823661950215,0.014888158148096409,0.03956468118525214,0.13943235576152802,0.0003921646857634187,0.11154601722955704,0.0,57,0.09665042161941528,0.004212694708257914,0.04954678192734718,0.008031340315937996,0.00015577358499285765,-3.78740566280069,0.06614606082439423,0.0907030776143074,0.08269844949245453,-0.0002898222010117024,0.00025906169321388006,-5.180031439522281e-05,-5.6822591432137415e-05,-0.0002687646192498505,0.03353094309568405,0.9994376301765442,0.003197084181010723,-0.0014155558310449123,0.00027365959249436855,-0.012894188985228539,-0.056823015213012695,-0.08935932070016861,-0.4861948490142822,0.5292264223098755,0.5154085755348206,-2.0119917392730713,-0.495572566986084,2.4226889610290527,1.1394469738006592,0.05683792009949684,-0.0051885065622627735,-0.06238570809364319,0.007099002134054899,0.0416385643184185,0.013611643575131893,-0.029972292482852936,0.599640965461731,0.0017447862774133682,0.10379496216773987,0.033540014177560806,0.9994373321533203,5.974908344796859e-05,0.0002647856599651277,9.551287803333253e-06,-6.575603038072586e-06,0.03238716721534729,-3.879105406667804e-06,-3.0636660994787235e-06,0.9999999403953552,9.074296031030826e-06,-0.026651084423065186,0.06518163532018661,0.06619953364133835,-0.0035624480806291103,0.002168974606320262,0.000592713535297662,-0.02660915069282055,-0.06947676837444305,-0.06169462949037552,0.005854927934706211,-0.006044930778443813,-0.00018429505871608853,-1.3530254364013672e-05,0.0016756035620346665,0.02494378387928009,0.004010502249002457,0.004023357760161161,5.093195795780048e-06,7.262831786647439e-06,,,,,3.777090814044495,,1320,3.2916666666666665
14.299999999987051,retreat,14.300000745803118,3.6836012404073983,3.544447571039201,-0.31834840774536133,-0.4335729172453284,3.8439465683109066,0.017046890206984244,0.06852804166478502,0.24355097115039825,0.0006846024189144373,0.19484101235866547,0.0,55,0.18517668545246124,0.015164019539952278,0.0605759359896183,0.0047919838689267635,0.00034757982211885974,-3.8121351239565926,0.11415814608335495,0.15957008302211761,0.14429962635040283,-0.0004976654308848083,0.0004599758831318468,-9.711738675832748e-05,-6.449161446653306e-05,-0.00024634250439703465,0.03353762999176979,0.9994373321533203,0.003437160747125745,-0.0010995743796229362,0.0006926450878381729,-0.018251702189445496,-0.04172858968377113,-0.10234348475933075,-0.4857306182384491,0.5291910767555237,0.5149021744728088,-2.0119457244873047,-0.49522897601127625,2.422797441482544,1.139195203781128,0.05573808774352074,-0.004654101096093655,-0.0606367401778698,0.008040692657232285,0.04160323366522789,0.013933179900050163,-0.029787058010697365,0.599655270576477,0.0017346367239952087,0.10376622527837753,0.033536892384290695,0.9994373917579651,6.543944618897513e-05,0.0002551142533775419,9.749410310178064e-06,-2.6458874344825745e-06,0.03238334134221077,8.796220754447859e-06,-6.53147253615316e-07,0.9999998211860657,-7.402840651593579e-07,-0.07482684403657913,0.12097106873989105,0.1185637041926384,-0.013224650174379349,-0.0074071818962693214,0.00043563309009186924,-0.07475209981203079,-0.12865805625915527,-0.1102253794670105,0.004251070320606232,-0.0034238831140100956,-0.0002034069038927555,-1.239776611328125e-05,0.0016759372083470225,0.024943754076957703,0.004009968135505915,0.004023138899356127,5.21202082381933e-06,7.419759640470147e-06,,,,,3.777090814044495,,1320,3.3
14.308333333320377,retreat,14.308334079571068,3.6251435520780664,3.5713963210582746,-0.3044009208679199,-0.4440197953954339,3.844761550062312,0.0075331245170673355,0.055952909680744456,0.11605013161897659,0.00032729952363297343,0.09284017980098724,-0.0004289657056233409,58,0.11021268367767334,0.022833310067653656,0.01719239167869091,0.010327376425266266,0.0001159935613941343,-3.8391405430658194,0.05256343632936478,0.07706436514854431,0.06903478503227234,-0.000250931887421757,0.00020657161076087505,-3.8553072954528034e-05,-7.67928286222741e-05,-0.000232838123338297,0.033544834703207016,0.999437153339386,0.0026797910686582327,-0.0011908278102055192,0.0009741883259266615,9.312773909186944e-05,0.0021398733370006084,0.0371059849858284,-0.48527300357818604,0.5291567444801331,0.514409601688385,-2.0118541717529297,-0.4948931932449341,2.422888994216919,1.1389464139938354,0.054668765515089035,-0.004288943484425545,-0.05917549133300781,0.00901041366159916,0.04041020944714546,0.011132742278277874,-0.028997445479035378,0.5996881723403931,0.0017217472195625305,0.10375414788722992,0.03353700414299965,0.9994373917579651,6.854339881101623e-05,0.0002612668031360954,-9.617170690034982e-06,-6.089452654123306e-06,0.03239801153540611,2.8135136744822375e-05,9.200345630233642e-06,0.9999998807907104,-7.829741662135348e-06,-0.05172145739197731,0.07821467518806458,0.05791538581252098,-0.015917010605335236,-0.016370967030525208,-1.8053091480396688e-05,-0.05168159306049347,-0.08192912489175797,-0.05256861448287964,-0.004618138074874878,0.008879777044057846,-0.0005820213700644672,-1.1742115020751953e-05,0.001676296815276146,0.024943731725215912,0.0040099420584738255,0.004023229703307152,5.231871455180226e-06,7.453578291460872e-06,,,,,3.777090814044495,,1320,3.308333333333333
14.316666666653703,retreat,14.316667413339019,3.5666921806858767,3.582415729761125,-0.2732276916503906,-0.458497554063797,3.8450161964872263,0.00898442704055924,0.03956468118525214,0.0,0.0,0.0,-3.558107408707656e-05,54,0.019281012937426567,0.01224751677364111,0.01928100921213627,0.010387380607426167,0.0,-3.850177658388642,0.0,0.0,0.0,0.0,0.0,0.0,-8.27189942356199e-05,-0.0002291587443323806,0.033546920865774155,0.9994370937347412,0.004696506541222334,-0.0011191999074071646,0.001035942928865552,0.025748247280716896,-0.12944930791854858,-0.06816278398036957,-0.4848266839981079,0.5291224122047424,0.5139282941818237,-2.0117626190185547,-0.494566947221756,2.4229743480682373,1.138717532157898,0.05359915271401405,-0.004063321277499199,-0.05799255520105362,0.009635405614972115,0.03914795443415642,0.00839532632380724,-0.028273815289139748,0.5997206568717957,0.0017083422280848026,0.10374338924884796,0.033538103103637695,0.9994373321533203,6.44755273242481e-05,0.00026757048908621073,-1.1328198525006883e-05,-5.108769983053207e-06,0.03239833191037178,3.778187237912789e-05,1.9524852177710272e-05,0.9999999403953552,-8.812803571345285e-06,-0.003995178267359734,0.017741162329912186,-0.006406804081052542,-0.007354523986577988,-0.009793497622013092,7.420334441121668e-06,-0.003996663726866245,-0.017272332683205605,0.007579610217362642,-0.004792520310729742,0.009194293059408665,-0.000628010428044945,-1.1563301086425781e-05,0.0016764008905738592,0.024943724274635315,0.004025275353342295,0.004038497805595398,5.331835382094141e-06,7.610826287418604e-06,,,,,3.777090814044495,,1320,3.3166666666666664
14.324999999987028,retreat,14.32500074710697,3.5082480286504136,3.5917736589908613,-0.2397298812866211,-0.47232513315975666,3.8450671237515186,0.004521255050349282,0.07912936237050427,0.0,0.0,0.0,0.0,50,0.018466169014573097,0.001277936971746385,0.018466169014573097,0.002102928003296256,0.0,-3.859539128801232,0.0,0.0,0.0,0.0,0.0,0.0,-7.840764737920836e-05,-0.00023576829698868096,0.033547621220350266,0.9994370341300964,0.005770882125943899,-0.0012063664617016912,0.0011363514931872487,0.02368061989545822,-0.19049523770809174,-0.10742530226707458,-0.48439180850982666,0.5290880799293518,0.5134590864181519,-2.0116710662841797,-0.4942464232444763,2.423020124435425,1.1384886503219604,0.05239739641547203,-0.003870811779052019,-0.056663088500499725,0.01002781093120575,0.03841368108987808,0.00742816599085927,-0.027905279770493507,0.5997458696365356,0.0016915034502744675,0.10373137891292572,0.03354542702436447,0.9994370937347412,6.135401781648397e-05,0.00025715664378367364,-2.360197868256364e-06,-8.408911526203156e-06,0.03239549696445465,2.080300146189984e-05,1.7756228771759197e-05,0.9999997615814209,-2.190702844018233e-06,0.00799645483493805,0.005407252814620733,-0.015742227435112,-0.0008585657342337072,-0.0009461078443564475,-2.9458113203872927e-05,0.007988866418600082,-0.004338400438427925,0.016073446720838547,-7.776787970215082e-05,0.002098530065268278,-0.00011149128840770572,-1.1920928955078125e-05,0.0016764358151704073,0.024943724274635315,0.00402526929974556,0.004038621671497822,5.2970717661082745e-06,7.55276414565742e-06,,,,,3.777090814044495,,1320,3.3249999999999997
14.333333333320354,retreat,14.33333408087492,3.4498119983912794,3.60207036137581,-0.21332502365112305,-0.48932607751339674,3.845627279213538,0.005131012130732415,0.03956468118525214,0.0,0.0,0.0,0.0,58,0.02102077752351761,0.0004793596745003015,0.02102077193558216,0.0009365627774968743,0.0,-3.8698747810931473,0.0,0.0,0.0,0.0,0.0,0.0,-6.558581662829965e-05,-0.00024059918359853327,0.03355209901928902,0.9994369149208069,0.003595137968659401,-0.0012949910014867783,0.0014053292106837034,0.01740761287510395,-0.05527470260858536,-0.02136256918311119,-0.4839683771133423,0.5290537476539612,0.5130013227462769,-2.0115795135498047,-0.4939316213130951,2.4230659008026123,1.138259768486023,0.05108238384127617,-0.0037099248729646206,-0.05517330393195152,0.01038062572479248,0.037743229418992996,0.006730835419148207,-0.027545932680368423,0.5997719168663025,0.0016744793392717838,0.10372086614370346,0.03355177864432335,0.9994369149208069,5.925836012465879e-05,0.00024883117293938994,-1.4588031262974255e-06,-8.828006684780121e-06,0.03239527717232704,8.01725582277868e-06,6.601128006877843e-06,0.9999999403953552,-3.1838965242059203e-07,0.0033827240113168955,0.0014718204038217664,-0.020694540813565254,0.0004434676084201783,-0.00017908250447362661,3.242876846343279e-05,0.003372497856616974,-8.01540445536375e-05,0.0207483172416687,0.0006558613968081772,0.0006641531945206225,-7.678710971958935e-05,-1.2159347534179688e-05,0.0016766595654189587,0.02494370937347412,0.004025263711810112,0.004038738552480936,5.159318334335694e-06,7.353199180215597e-06,,,,,3.777090814044495,,1320,3.3333333333333335
14.34166666665368,retreat,14.34166741464287,3.3913849923280655,3.61066833138466,-0.18769502639770508,-0.5064522847533226,3.8463400865404793,0.005244505246082554,0.06852804166478502,0.0,0.0,0.0,0.0,62,0.023112209513783455,0.0010118456557393074,0.023112215101718903,0.001568460138514638,0.0,-3.8785223154822814,0.0,0.0,0.0,0.0,0.0,0.0,-6.45935142529197e-05,-0.0002297549945069477,0.03355848044157028,0.9994366765022278,0.003331904299557209,-0.001346817472949624,0.0016599607188254595,0.011583484709262848,-0.036972638219594955,-0.009097408503293991,-0.4835563898086548,0.5290194153785706,0.5125550031661987,-2.0114879608154297,-0.4936225414276123,2.4231116771698,1.1380308866500854,0.04963532090187073,-0.003601016476750374,-0.05349412560462952,0.010690995492041111,0.037102364003658295,0.005795120261609554,-0.02717287838459015,0.5997986793518066,0.0016572042368352413,0.10371190309524536,0.0335577093064785,0.9994366765022278,5.8538127632346004e-05,0.00024227651010733098,-2.1650766939274035e-06,-9.33697447180748e-06,0.0323948971927166,1.2315098501858301e-05,6.47288925392786e-06,0.9999998211860657,-7.671772550565947e-07,0.004360211081802845,-0.00046064582420513034,-0.022692523896694183,0.0005062772543169558,-0.0008753379806876183,3.603300865506753e-05,0.0043490855023264885,0.0019823499023914337,0.022612612694501877,0.0004393835552036762,0.0014994440134614706,-0.00013666367158293724,-1.1563301086425781e-05,0.001676978194154799,0.02494368702173233,0.004025259520858526,0.004038893152028322,5.045065336162224e-06,7.194670615717769e-06,,,,,3.777090814044495,,1320,3.341666666666667
14.349999999987006,retreat,14.350000748410821,3.332967912880358,3.617805987596513,-0.16200542449951172,-0.5227039800956845,3.8448634106530757,0.005541009159060195,0.03956468118525214,0.023960262537002563,6.584160291822627e-05,0.019168494269251823,0.0,61,0.017954301089048386,0.0004088324203621596,0.02992067113518715,0.001397557440213859,-3.4457971196388826e-05,-3.8855572923931945,-0.0012516966089606285,0.021258458495140076,0.010982047766447067,-5.3034811571706086e-05,1.6406005670432933e-05,-3.540152101777494e-05,-5.8910918596666306e-05,-0.0002125210885424167,0.033545706421136856,0.999437153339386,0.0035664867609739304,0.0008482541306875646,0.0016254549846053123,-0.14252892136573792,-0.04034340754151344,-0.03849417343735695,-0.48315584659576416,0.528985857963562,0.5121209621429443,-2.0113964080810547,-0.49331918358802795,2.4231574535369873,1.137802004814148,0.048026375472545624,-0.003536215517669916,-0.051546890288591385,0.010940284468233585,0.036606207489967346,0.004915863275527954,-0.026809506118297577,0.5998263359069824,0.0016407505609095097,0.10370482504367828,0.03356219455599785,0.999436616897583,5.997576954541728e-05,0.00023781723575666547,-3.846362233161926e-06,-9.83336940407753e-06,0.03239496052265167,2.5319272026536055e-05,-2.2157901469199714e-07,0.9999999403953552,1.649759906285908e-05,0.006437282543629408,0.008408339694142342,-0.014498901553452015,-0.00033557842834852636,-0.00016006773512344807,0.00017002761887852103,0.006431204732507467,-0.007415843196213245,0.01503335777670145,0.0008789661806076765,0.0010762391611933708,-0.00024232256691902876,-1.0728836059570312e-05,0.0016763407038524747,0.024943731725215912,0.004011191427707672,0.004024669528007507,-2.9933289624750614e-06,-4.2607075556588825e-06,,,,,3.777090814044495,,1320,3.35
14.358333333320331,retreat,14.358334082178771,3.274561662467752,3.6223582923412336,-0.13464689254760742,-0.5322850774973631,3.8421122282542894,0.005865507318958407,0.03956468118525214,0.2842150330543518,0.0007663788856007159,0.2273758500814438,-0.0016742783373047132,61,0.20173603296279907,0.01690194383263588,0.08413265645503998,0.009844991378486156,-0.00011666625505313277,-3.889918295723535,-0.04786965250968933,0.2588461637496948,0.1071697399020195,-0.0005617362330667675,0.00012380957196000963,-0.0005064189899712801,-4.065007306053303e-05,-0.00021036536782048643,0.033521875739097595,0.9994379281997681,0.0028967850375920534,-0.00024381485127378255,0.0019995516631752253,-0.0025201174430549145,0.029597032815217972,0.2633275091648102,-0.4827730059623718,0.52895188331604,0.5117151141166687,-2.0113048553466797,-0.493009090423584,2.423203229904175,1.1375731229782104,0.04557126387953758,-0.0034242214169353247,-0.04777063801884651,0.010749693028628826,0.03856286779046059,0.004695027135312557,-0.02739870734512806,0.5998551249504089,0.0016312445513904095,0.10370141267776489,0.03355841711163521,0.9994366765022278,6.165744707686827e-05,0.00023579681874252856,-5.15022111358121e-06,-9.591225534677505e-06,0.032396089285612106,2.6118654204765335e-05,-2.0152805518591776e-05,0.9999999403953552,3.655990076367743e-05,0.04561780020594597,0.17920136451721191,0.08064313977956772,-0.015552560798823833,0.006584330927580595,0.0006634124438278377,0.04567538574337959,-0.1842009276151657,-0.06841953843832016,0.01033723633736372,-3.6757905036211014e-05,-0.0006579996552318335,-1.0609626770019531e-05,0.001675151288509369,0.024943813681602478,0.004009927157312632,0.004023396410048008,5.268761469778838e-06,7.511494914069772e-06,,,,,3.777090814044495,,1320,3.3583333333333334
14.366666666653657,retreat,14.366667415946722,3.216167143509839,3.6231555044651045,-0.10818243026733398,-0.5383092211559415,3.8432333177231937,0.009400779163115658,0.0,0.23516759276390076,0.0005750955315306783,0.1881340891122818,-0.002919590997407795,61,0.19119729101657867,0.029169702902436256,0.05033237859606743,0.006935484241694212,-0.0005020401440560818,-3.8907934620412457,-0.07827644795179367,0.22121548652648926,0.015501594170928001,-0.00021515438857022673,-2.0006798877147958e-05,-0.0005329570267349482,-7.450287375831977e-05,-0.0001979478693101555,0.03353184834122658,0.9994376301765442,0.0032072579488158226,1.4544944860972464e-05,0.0024003065191209316,-0.015881460160017014,-0.025808630511164665,0.23830989003181458,-0.48240843415260315,0.5289254188537598,0.5113354921340942,-2.0112133026123047,-0.49270421266555786,2.423203706741333,1.1373603343963623,0.043413806706666946,-0.003410426899790764,-0.04463677480816841,0.010693138465285301,0.03784307837486267,0.0023497266229242086,-0.02635534666478634,0.5998751521110535,0.0016240021213889122,0.1036946028470993,0.03355660289525986,0.9994367957115173,5.889800377190113e-05,0.00021402283164206892,2.7057340048486367e-06,-1.0284129530191422e-05,0.03239001706242561,1.554178561491426e-05,1.6134501493070275e-05,1.0,2.477354064467363e-05,0.05795306712388992,0.18216688930988312,0.003615687135607004,-0.02909044548869133,0.002137568546459079,-0.00021988213120494038,0.05797345191240311,-0.1819915622472763,0.00863594189286232,-0.002775125205516815,0.006234794855117798,-0.00019887383677996695,-1.0013580322265625e-05,0.0016756488475948572,0.024943776428699493,0.0040099117904901505,0.004023431334644556,5.210462404647842e-06,7.429131073877215e-06,,,,,3.777090814044495,,1320,3.3666666666666667
14.374999999986983,retreat,14.375000749714673,3.157785258426209,3.6259122192859663,-0.09167194366455078,-0.5405332194641232,3.84206126188108,0.0056922722251329105,0.0,0.3101155161857605,0.0008390128496102989,0.24810077250003815,-0.002001992243094719,54,0.24760065972805023,0.03452083095908165,0.0693117007613182,0.0022517319303005934,0.00017957232921617106,-3.893468678753731,-0.07966671139001846,0.2719520330429077,0.12596409022808075,-0.000659931218251586,6.454128015320748e-05,-0.0005140698049217463,-4.682165672420524e-05,-0.0001412234705640003,0.03352174535393715,0.9994380474090576,0.0029480867087841034,0.0006352961645461619,0.002797199646010995,-0.001238141325302422,-0.05029679834842682,0.00032409094274044037,-0.48206251859664917,0.5288912653923035,0.5109854936599731,-2.0111217498779297,-0.49240973591804504,2.423203706741333,1.1371543407440186,0.04105399549007416,-0.003533295588567853,-0.041192080825567245,0.01065354235470295,0.03684847429394722,0.0014532204950228333,-0.02502175234258175,0.599898099899292,0.0016220384277403355,0.10369569063186646,0.03355315327644348,0.9994369149208069,5.976601460133679e-05,0.00019957282347604632,-2.7994474294246174e-06,-1.0059215128421783e-05,0.03239387273788452,5.874994894838892e-05,-1.0982676940329839e-05,1.0000001192092896,3.1431129173142835e-05,0.08004800975322723,0.21445131301879883,0.09438769519329071,-0.03193025290966034,0.013120146468281746,9.17901998036541e-05,0.08010877668857574,-0.22028817236423492,-0.0797606036067009,-0.0009484328329563141,-0.0015585236251354218,1.2593751307576895e-05,-7.152557373046875e-06,0.0016751450020819902,0.024943813681602478,0.004009917378425598,0.004023508168756962,5.2120149121037684e-06,7.4312265496701e-06,,,,,3.777090814044495,,1320,3.375
14.383333333320309,retreat,14.383334083482623,3.0994169096364548,3.622119873762132,-0.06699562072753906,-0.5448671290650964,3.8467473457990335,0.0032175637443287997,0.03956468118525214,0.08173984289169312,0.00016085949027910829,0.06539336591959,-0.0006255940547816863,56,0.1089022308588028,0.02515806443989277,0.03344586119055748,0.011769555509090424,-0.0002219392299593892,-3.8900021762267762,-0.023467667400836945,0.07208474725484848,-0.030568938702344894,5.773352677351795e-05,-3.727008152054623e-05,-0.00014544262376148254,-6.806856254115701e-05,-0.00017564394511282444,0.0335625521838665,0.999436616897583,0.003099072026088834,0.00015629890549462289,0.003283003345131874,-0.015684297308325768,-0.027635246515274048,0.08174746483564377,-0.48173272609710693,0.5288569331169128,0.5106537938117981,-2.0110301971435547,-0.49213606119155884,2.423203706741333,1.1369712352752686,0.039482563734054565,-0.0036742615047842264,-0.03943665325641632,0.010976099409162998,0.033185187727212906,-0.0005127724725753069,-0.02247697114944458,0.5999225974082947,0.0016205511055886745,0.10369966179132462,0.03355211019515991,0.9994369149208069,5.7161498261848465e-05,0.0001899681956274435,-1.9935359887313098e-06,-7.163733243942261e-06,0.032394230365753174,1.394899209117284e-05,1.1381601325410884e-05,0.9999999403953552,-1.0444317013025284e-05,0.022207291796803474,0.09206900000572205,-0.05375715717673302,-0.025070670992136,0.002054553246125579,-0.00041043563396669924,0.02219601720571518,-0.08825358003377914,0.05981919541954994,-0.011770561337471008,0.0011769540142267942,0.0003276992356404662,-8.881092071533203e-06,0.0016771816881373525,0.024943672120571136,0.004009932745248079,0.004023624584078789,5.2078494263696484e-06,7.4221170507371426e-06,,,,,3.777090814044495,,1320,3.3833333333333333
14.391666666653634,retreat,14.391667417250574,3.04106299956017,3.61548885703087,-0.043451786041259766,-0.5464249989017844,3.8451689762596257,0.0016142444110300858,0.03956468118525214,0.06975815445184708,0.0001250406785402447,0.05580718442797661,-0.0007566795829916373,62,0.0908883735537529,0.014437522739171982,0.030780434608459473,0.004572634119540453,-0.000178751924977405,-3.883261409065818,-0.019341588020324707,0.057824183255434036,-0.033889040350914,8.204381447285414e-05,-2.1945863409200683e-05,-9.177343599731103e-05,-5.367386620491743e-05,-0.00015898561105132103,0.033548690378665924,0.9994369745254517,0.003022855846211314,0.0002684633363969624,0.003626188961789012,0.0027263329830020666,-0.024687064811587334,0.047330185770988464,-0.48141801357269287,0.5288226008415222,0.5103418827056885,-2.0109386444091797,-0.4918798804283142,2.423203706741333,1.1367881298065186,0.03777483478188515,-0.003826281288638711,-0.03752290457487106,0.011079968884587288,0.0311319287866354,-0.0015629123663529754,-0.02105254866182804,0.5999489426612854,0.0016209841705858707,0.10370682924985886,0.03355194255709648,0.9994369149208069,6.196644244482741e-05,0.0001848830870585516,-4.476524736674037e-06,-5.202367901802063e-06,0.0323948934674263,2.6162495487369597e-05,-7.421238933602581e-06,0.9999999403953552,3.2511964036530117e-06,0.020176950842142105,0.06495095044374466,-0.060290638357400894,-0.013986866921186447,0.003577608149498701,-0.00010165279672946781,0.02016165852546692,-0.06075853854417801,0.06451831012964249,-0.00460394099354744,-0.0006553265266120434,0.00014402235683519393,-8.046627044677734e-06,0.0016764895990490913,0.024943724274635315,0.004009903874248266,0.00402373680844903,5.240865903033409e-06,7.467548130080104e-06,,,,,3.777090814044495,,1320,3.3916666666666666
14.39999999998696,retreat,14.400000751018524,2.982724430616944,3.605393320322038,-0.015676021575927734,-0.5477068480104208,3.8465946286224537,0.0017983041971092462,0.03956468118525214,0.004236084409058094,7.350075975409709e-06,0.0033889051992446184,-0.00016666663782416435,54,0.042200297117233276,0.006916526705026627,0.038801319897174835,0.0041246493346989155,-8.224536941270344e-06,-3.873265003751458,-0.001056281733326614,0.0034466739743947983,-0.0022246616426855326,5.669301117450232e-06,-9.836753633862827e-07,-4.573294972942676e-06,-5.8861973229795694e-05,-0.00017266736540477723,0.03356105089187622,0.9994366765022278,0.0019051007693633437,0.00014609310892410576,0.003940607886761427,0.013794266618788242,0.03875647112727165,0.039367057383060455,-0.48111554980278015,0.5287882685661316,0.5100440382957458,-2.0108470916748047,-0.49163904786109924,2.423196792602539,1.1366279125213623,0.03608313575387001,-0.00407256418839097,-0.035769786685705185,0.0112766083329916,0.029118189588189125,-0.002587083028629422,-0.01976599358022213,0.5999746322631836,0.0016209990717470646,0.10371498763561249,0.033554647117853165,0.9994367957115173,6.102741463109851e-05,0.00017955027578864247,-2.042488631559536e-06,-3.953929990530014e-06,0.03239304572343826,6.9488205554080196e-06,-1.9325532321090577e-06,0.9999999403953552,-6.406208740372676e-06,0.004044057801365852,0.018884845077991486,-0.037521637976169586,-0.00671992776915431,0.001628401456400752,0.00017094418581109494,0.0040325140580534935,-0.01632514037191868,0.03870519623160362,-0.003991718403995037,-0.0010539079084992409,-0.00010195850336458534,-8.702278137207031e-06,0.0016771068330854177,0.024943679571151733,0.0040103062056005,0.004024118185043335,5.229143425822258e-06,7.456837920472026e-06,,,,,3.777090814044495,,1320,3.4
14.408333333320286,retreat,14.408334084786475,2.9244021052263687,3.593971580266954,0.008285045623779297,-0.5488747265189886,3.846950959284599,0.010322970410925336,0.0,0.0007566283456981182,1.291202806896763e-06,0.0006053067045286298,0.0,53,0.036362845450639725,0.0025236522778868675,0.03580410033464432,0.0010405763750895858,-2.784826833135412e-06,-3.861868040787496,-0.00014997192192822695,0.0006126894149929285,-0.00041785946814343333,1.0908069043580326e-06,-1.637131816778492e-07,-6.712249387419433e-07,-7.393513078568503e-05,-0.0001511239242972806,0.03356412425637245,0.9994365572929382,0.0028967582620680332,-0.0008351440192200243,0.003872332628816366,-0.011196333914995193,-0.014754917472600937,-0.02546529471874237,-0.4808294475078583,0.528753936290741,0.5097589492797852,-2.0107555389404297,-0.49140435457229614,2.4231510162353516,1.136467695236206,0.03425738587975502,-0.0043476116843521595,-0.03381077200174332,0.011347746476531029,0.028014058247208595,-0.0036982488818466663,-0.019144412130117416,0.5999935269355774,0.0016156616620719433,0.10372220724821091,0.033563029021024704,0.999436616897583,5.903112469241023e-05,0.0001584105339134112,4.398903911351226e-06,-8.37491825222969e-06,0.0323886014521122,6.785280220356071e-06,1.5140032701310702e-05,1.0,-1.0922507271970971e-06,0.002321031643077731,0.011138338595628738,-0.03453703224658966,-0.0025154270697385073,-0.00016248133033514023,-0.00012266678095329553,0.0023111552000045776,-0.008795916102826595,0.03520718961954117,-0.0009067697683349252,0.0005049245664849877,8.877013169694692e-05,-7.68899917602539e-06,0.0016772601520642638,0.024943672120571136,0.004020207561552525,0.0040328470058739185,3.024921170435846e-06,4.32846718467772e-06,,,,,3.777090814044495,,1320,3.408333333333333
14.416666666653612,retreat,14.416667418554425,2.866096925808039,3.584546595811845,0.024378299713134766,-0.5497088422998786,3.842927598436234,0.009004054845718201,0.0,0.19761690497398376,0.000333126139594242,0.1580941379070282,-0.00036329493013909087,51,0.1766277253627777,0.01145211048424244,0.05128374323248863,0.006978407967835665,-0.0006158787582535297,-3.852163295415427,-0.04001745581626892,0.1580105423927307,-0.11173053085803986,0.00029569686739705503,-2.603711254778318e-05,-0.00015119016461540014,-6.29275746177882e-05,-0.00011978302791249007,0.033529479056596756,0.999437689781189,0.0027505008038133383,0.0006423213053494692,0.004794260486960411,-0.003965249750763178,-0.021784447133541107,0.1514315903186798,-0.4805605113506317,0.5287196040153503,0.509495735168457,-2.0106639862060547,-0.49117013812065125,2.423105239868164,1.1363074779510498,0.03210786357522011,-0.004398524295538664,-0.030988752841949463,0.010822638869285583,0.02916448563337326,-0.004250155761837959,-0.019606221467256546,0.6000134944915771,0.001613339874893427,0.10373247414827347,0.033566735684871674,0.9994364976882935,5.806206172564998e-05,0.00013990799197927117,1.7245383787667379e-06,-1.0155607014894485e-05,0.0323893278837204,1.9946166503359564e-05,5.532254363060929e-06,1.0,3.727602961589582e-05,0.021933438256382942,0.1233794242143631,-0.12447407841682434,-0.011355203576385975,0.0014708071248605847,0.00021658935293089598,0.02191130444407463,-0.11474692821502686,0.132477805018425,0.006466833874583244,0.0016804004553705454,-0.0003278072108514607,-6.079673767089844e-06,0.0016755309188738465,0.02494378387928009,0.0040109362453222275,0.004024175461381674,5.066373887530062e-06,7.229828042909503e-06,,,,,3.777090814044495,,1320,3.4166666666666665
14.424999999986937,retreat,14.425000752322376,2.807809794781539,3.573013097047807,0.040471553802490234,-0.5470482865348458,3.8419593271093855,0.005382337349146837,0.03956468118525214,0.3167617619037628,0.0005260907346382737,0.2534102201461792,-0.002657419827301055,56,0.27973002195358276,0.02683580480515957,0.05913979560136795,0.004704257473349571,-0.0009267922869184986,-3.840562468545035,-0.07344473898410797,0.24817830324172974,-0.18262368440628052,0.0004887228133156896,1.2920796507387422e-05,-0.0001943053212016821,-7.129420555429533e-05,-9.14862030185759e-05,0.03352086618542671,0.9994380474090576,0.002706049242988229,0.0011669921223074198,0.004729773849248886,-0.012012235820293427,-0.032535336911678314,0.03144097700715065,-0.48030877113342285,0.5286852717399597,0.5092579126358032,-2.0105724334716797,-0.4909343123435974,2.4230594635009766,1.1361472606658936,0.029917359352111816,-0.004393733572214842,-0.02794570103287697,0.010101261548697948,0.029825299978256226,-0.004926920402795076,-0.019495589658617973,0.6000350117683411,0.0016168328002095222,0.10374634712934494,0.03356419876217842,0.9994365572929382,5.845276973559521e-05,0.0001243278820766136,-2.6923098630504683e-06,-9.318813681602478e-06,0.03239171952009201,3.239189391024411e-05,1.3931797184341121e-05,0.9999999403953552,4.3362011638237163e-05,0.04693252220749855,0.20900768041610718,-0.17989446222782135,-0.026368804275989532,0.004978257231414318,0.00025201361859217286,0.04690978303551674,-0.19646161794662476,0.19352303445339203,0.0038231927901506424,0.0017807665280997753,-0.000371478934539482,-4.708766937255859e-06,0.0016751012299209833,0.024943813681602478,0.004009545780718327,0.004022960551083088,5.299020813254174e-06,7.550232112407684e-06,,,,,3.777090814044495,,1320,3.425
14.433333333320263,retreat,14.433334086090326,2.7495416145664695,3.557180613279344,0.06091594696044922,-0.5443260306492448,3.8453217499709957,0.0034168299407610903,0.0,0.1490968018770218,0.00024804603890515864,0.11927789449691772,-0.0010188505257247016,59,0.17004479467868805,0.026217233389616013,0.03221616521477699,0.007382398005574942,-0.0004328836512286216,-3.8249637882983754,-0.03256465494632721,0.11690545827150345,-0.08661705255508423,0.00023308765958063304,6.2431436163024046e-06,-8.460500248475e-05,-6.108682282501832e-05,-9.189867705572397e-05,0.03355032950639725,0.9994369745254517,0.002521532354876399,0.0010398797458037734,0.005044656805694103,-0.0022038109600543976,-0.03369557484984398,0.003826423082500696,-0.4800741672515869,0.5286481976509094,0.5090404748916626,-2.0104808807373047,-0.4907139837741852,2.423013687133789,1.136009931564331,0.028145702555775642,-0.004668918903917074,-0.02593724988400936,0.009997580200433731,0.02710932120680809,-0.005763867404311895,-0.017470628023147583,0.6000581383705139,0.0016212784685194492,0.10376448929309845,0.0335625484585762,0.9994365572929382,5.412135578808375e-05,0.0001141112734330818,-4.7044045459188055e-06,-7.64802098274231e-06,0.03239412605762482,2.196501736762002e-05,7.704987183387857e-06,1.0,1.2229446838318836e-05,0.030406776815652847,0.12556345760822296,-0.11056436598300934,-0.025226199999451637,0.007139471359550953,0.00010028697579400614,0.030393777415156364,-0.11785957217216492,0.1187458261847496,-0.007087206467986107,-0.0027486602775752544,8.229285595007241e-05,-4.708766937255859e-06,0.0016765717882663012,0.024943716824054718,0.004009532742202282,0.0040231021121144295,5.295388291415293e-06,7.5513089541345835e-06,,,,,3.777090814044495,,1320,3.433333333333333
14.441666666653589,retreat,14.441667419858277,2.6912932875824147,3.5359241068363203,0.08392333984375,-0.5416411440819502,3.8461364407640715,0.008496402188029606,0.0,0.06492745876312256,0.00010765773913590237,0.051942095160484314,0.0,64,0.10193868726491928,0.016677144914865494,0.04102334380149841,0.006097501143813133,-0.00033623381750658154,-3.803763930622581,-0.014894391410052776,0.05045418441295624,-0.038054000586271286,0.00010269168706145138,8.250020982814021e-06,-3.124969589407556e-05,-5.890575994271785e-05,-8.889775926945731e-05,0.033557385206222534,0.9994368553161621,0.0024428004398941994,-0.0005528717301785946,0.005112728103995323,-0.05001557618379593,-0.018587175756692886,-0.01678423397243023,-0.47985512018203735,0.5286024212837219,0.5088348984718323,-2.0103893280029297,-0.4905106723308563,2.4229679107666016,1.1358726024627686,0.026387009769678116,-0.005061762873083353,-0.024103421717882156,0.010008422657847404,0.024650735780596733,-0.006753566674888134,-0.01587396115064621,0.6000846028327942,0.0016214018687605858,0.10378937423229218,0.03356563672423363,0.9994364976882935,5.279749530018307e-05,0.00011127303150715306,-7.975327207532246e-06,-1.064687967300415e-05,0.03239757940173149,2.215993845311459e-05,6.853063950984506e-06,1.0000001192092896,8.260389222414233e-06,0.01613854058086872,0.07094766199588776,-0.0713965892791748,-0.016080312430858612,0.004410425201058388,-0.0003144332440569997,0.01612936705350876,-0.0659957230091095,0.07599935680627823,-0.005831231363117695,-0.0020543893333524466,0.000451571773737669,-4.5299530029296875e-06,0.0016769241774454713,0.024943694472312927,0.004010005854070187,0.004023069515824318,5.1878823796869256e-06,7.388502126559615e-06,,,,,3.777090814044495,,1320,3.4416666666666664
14.449999999986915,retreat,14.450000753626227,2.6330657162489715,3.50906476378441,0.10764598846435547,-0.5383986281231046,3.8446596867769007,0.010509727871976793,0.0,0.26457181572914124,0.00043948288657702506,0.2116577923297882,0.0,59,0.2413814216852188,0.021486075595021248,0.051155995577573776,0.0048203072510659695,-0.0008199274161597714,-3.776801902814597,-0.056197214871644974,0.20602478086948395,-0.15618547797203064,0.0004237935063429177,3.496259159874171e-05,-0.0001110039884224534,-7.215181540232152e-05,-7.376602297881618e-05,0.03354468569159508,0.9994372129440308,0.002210482256487012,0.0012862596195191145,0.005378273315727711,-0.01485722977668047,-0.01819651760160923,0.03916123881936073,-0.47965192794799805,0.5285566449165344,0.5086519718170166,-2.0102977752685547,-0.4903084933757782,2.4229209423065186,1.1357406377792358,0.024254444986581802,-0.005214718636125326,-0.02132309414446354,0.009339706972241402,0.025317419320344925,-0.007444834336638451,-0.015958424657583237,0.6001118421554565,0.001625740434974432,0.10381720215082169,0.03356399014592171,0.9994365572929382,5.087513636681251e-05,0.00011040273238904774,-1.1431837265263312e-05,-9.51206311583519e-06,0.03239862248301506,3.589952029869892e-05,2.249244244012516e-05,1.0,1.9317072656122036e-05,0.03225988522171974,0.17568382620811462,-0.16235603392124176,-0.021255554631352425,0.0031327148899435997,0.00019742095901165158,0.03224007040262222,-0.16439203917980194,0.17378394305706024,0.004123782739043236,0.0015096620190888643,-0.0003001510049216449,-3.814697265625e-06,0.0016762901796028018,0.02494373917579651,0.004010023549199104,0.004023125860840082,5.194157893129159e-06,7.404683856293559e-06,,,,,3.777090814044495,,1320,3.4499999999999997
14.45833333332024,retreat,14.458334087394178,2.5748598029857312,3.4796722233295454,0.13214349746704102,-0.5315335001796484,3.844201268640548,0.007365595593000762,0.0,0.26248207688331604,0.0004367943911347538,0.20998600125312805,-0.002001992243094719,57,0.25156882405281067,0.028704933822155,0.03887319192290306,0.0012996664736419916,-0.0008346166578121483,-3.747377486632057,-0.07218684256076813,0.19904784858226776,-0.1551317274570465,0.00041740573942661285,7.418308814521879e-05,-0.00010516024485696107,-6.951306568225846e-05,-6.693672912660986e-05,0.03354063630104065,0.9994373917579651,0.0019266958115622401,0.0015692582819610834,0.005694106686860323,-0.012341179884970188,-0.025347935035824776,0.03275689110159874,-0.47946521639823914,0.5285108685493469,0.5084918141365051,-2.0102062225341797,-0.4901122748851776,2.42283034324646,1.135624647140503,0.022243112325668335,-0.005465120077133179,-0.01880684308707714,0.008737667463719845,0.024616634473204613,-0.008466703817248344,-0.015141948126256466,0.6001314520835876,0.0016309749335050583,0.1038442999124527,0.03356645628809929,0.9994364976882935,4.4519005314214155e-05,9.257028432330117e-05,-5.375120053940918e-06,-1.1144205927848816e-05,0.03239622712135315,2.4777535145403817e-05,2.5838053261395544e-05,1.0000001192092896,2.583810237410944e-05,0.04806353151798248,0.18645305931568146,-0.1619012951850891,-0.028078796342015266,0.005962171126157045,8.345623791683465e-05,0.04804852232336998,-0.1751655638217926,0.1740553379058838,-0.0011443085968494415,0.0009726081043481827,-0.00014973830548115075,-3.4570693969726562e-06,0.0016760880826041102,0.024943754076957703,0.004010026343166828,0.0040231989696621895,5.195196990825934e-06,7.403752533718944e-06,,,,,3.777090814044495,,1320,3.4583333333333335
14.466666666653566,retreat,14.466667421162128,2.516676450212282,3.4507118165493025,0.14895200729370117,-0.5249861860647798,3.8445578207966284,0.005005625553167192,0.055952909680744456,0.2517469525337219,0.00041691429214552045,0.20139771699905396,-0.0016087356016214471,51,0.24917669594287872,0.03041222132742405,0.032795250415802,0.002375468611717224,-0.0008329892734764144,-3.7184418724139046,-0.0773744210600853,0.18687812983989716,-0.14988762140274048,0.0003951353137381375,0.00011537970567587763,-6.612965080421418e-05,-6.123400817159563e-05,-4.6680648665642366e-05,0.03354370594024658,0.9994372725486755,0.0018744536209851503,0.00168743752874434,0.005861153360456228,-0.010891824960708618,-0.03576010465621948,-0.03164694085717201,-0.4792936146259308,0.5284650921821594,0.5083514451980591,-2.0101242065429688,-0.48992595076560974,2.422738790512085,1.1355102062225342,0.02032019942998886,-0.005785298999398947,-0.016507286578416824,0.008149117231369019,0.023361828178167343,-0.0092087397351861,-0.01404285803437233,0.6001477241516113,0.0016391659155488014,0.10387084633111954,0.03356781229376793,0.9994363784790039,4.3001688027288765e-05,7.309019565582275e-05,-3.573745743779e-06,-9.430572390556335e-06,0.0323939211666584,2.5780731448321603e-05,1.910477294586599e-05,0.9999998807907104,2.4125760319293477e-05,0.0585499033331871,0.18212197721004486,-0.15966376662254333,-0.02888614684343338,0.009511723183095455,-0.00014460436068475246,0.05854087695479393,-0.17099307477474213,0.1715322732925415,-0.002577362582087517,-0.0010420484468340874,0.0002145232865586877,-2.4437904357910156e-06,0.0016762414015829563,0.02494373917579651,0.004011301789432764,0.004024584777653217,4.907640686724335e-06,6.996386218816042e-06,,,,,3.777090814044495,,1320,3.466666666666667
14.474999999986892,retreat,14.475000754930079,2.458516560348217,3.421207517385484,0.16504526138305664,-0.5191711243242025,3.8475617351869524,0.014983363143983297,0.0,0.0931902676820755,0.00015451633953489363,0.0745522677898407,-0.00023220938771828514,51,0.13374647498130798,0.022511076182127,0.04424012079834938,0.008181271143257618,-0.00033636016996752005,-3.6891464475647084,-0.028445661067962646,0.06921040266752243,-0.05554449185729027,0.00014671002281829715,4.227715544402599e-05,-2.375102849327959e-05,-4.9448593927081674e-05,-4.321539381635375e-05,0.033569835126399994,0.9994364380836487,0.0020514160860329866,0.0014225102495402098,0.0062561603263020515,0.001242788857780397,-0.04271402582526207,-0.009974227286875248,-0.4791390895843506,0.528407871723175,0.5082256197929382,-2.0100746154785156,-0.48975691199302673,2.42264723777771,1.1354186534881592,0.01868002489209175,-0.006305213086307049,-0.014945817179977894,0.008017639629542828,0.02048894576728344,-0.00971476174890995,-0.012152079492807388,0.600152313709259,0.0016472255811095238,0.10389354825019836,0.03357337787747383,0.9994362592697144,3.874038884532638e-05,4.702705700765364e-05,9.627230610931292e-06,-7.093418389558792e-06,0.03238729387521744,3.4467580007913057e-06,1.0830028259078972e-05,1.0000001192092896,3.5478299196256557e-06,0.032136764377355576,0.09426790475845337,-0.0892687439918518,-0.020460791885852814,0.009386403486132622,-4.499651367950719e-06,0.032135143876075745,-0.08806204050779343,0.09539661556482315,-0.006843299604952335,-0.004732602275907993,0.00032329943496733904,-2.2649765014648438e-06,0.0016775457188487053,0.024943657219409943,0.004009738098829985,0.004023434594273567,5.2683176363643724e-06,7.5061689130961895e-06,,,,,3.777090814044495,,1320,3.475
14.483333333320218,retreat,14.48333408869803,2.4003810358131332,3.39433327317238,0.1709461212158203,-0.5148631753399968,3.849342612192295,0.017752230633050203,0.03956468118525214,0.0,0.0,0.0,0.0,50,0.0557861365377903,0.010330197401344776,0.0557861365377903,0.0063090561889112,0.0,-3.6623960345834905,0.0,0.0,0.0,0.0,0.0,0.0,-3.1705378205515444e-05,-4.319398067309521e-05,0.03358529508113861,0.9994358420372009,-0.00038806383963674307,0.0013679384719580412,0.006958396174013615,0.025856712833046913,0.1139906644821167,0.08524791896343231,-0.47899606823921204,0.5283506512641907,0.5081115365028381,-2.010026454925537,-0.4896070957183838,2.422555685043335,1.1353271007537842,0.017084382474422455,-0.00690070167183876,-0.013577057980000973,0.0080705676227808,0.018117288127541542,-0.010229485109448433,-0.010874473489820957,0.6001575589179993,0.0016545946709811687,0.10391787439584732,0.03358200937509537,0.9994359612464905,4.132021786062978e-05,2.3652726667933166e-05,1.1790407370426692e-05,-4.427973181009293e-06,0.032384954392910004,-1.920799695653841e-05,-1.0266468962072395e-05,0.9999999403953552,-3.2898183235374745e-06,0.004539647605270147,0.03108571469783783,-0.04609949141740799,-0.009006738662719727,0.005040699616074562,-0.00042776844929903746,0.004539859015494585,-0.027920737862586975,0.0480823777616024,-0.00451609306037426,-0.004346128087490797,0.0007212946657091379,-2.205371856689453e-06,0.0016783173196017742,0.024943605065345764,0.004025738686323166,0.004038806539028883,5.210991730564274e-06,7.429916877299547e-06,,,,,3.777090814044495,,1320,3.4833333333333334
14.491666666653543,retreat,14.49166742246598,2.342270779026613,3.3662147819995893,0.1748204231262207,-0.5100455600768328,3.8507158696926926,0.019549024727893993,0.03956468118525214,0.0,0.0,0.0,0.0,50,0.04806927591562271,0.0033810604363679886,0.04806926101446152,0.0012426662724465132,0.0,-3.634373031112845,0.0,0.0,0.0,0.0,0.0,0.0,-3.254534021834843e-05,-1.904924283735454e-05,0.03359733521938324,0.9994354248046875,-0.0014492003247141838,0.0007469761185348034,0.0075566330924630165,-0.01146297063678503,0.1808118224143982,0.12818604707717896,-0.4788700044155121,0.5282931327819824,0.5080087780952454,-2.009979486465454,-0.48946407437324524,2.42246413230896,1.1352355480194092,0.01536173839122057,-0.007480115629732609,-0.011962037533521652,0.008000362664461136,0.017183547839522362,-0.0110160605981946,-0.01050917711108923,0.600162923336029,0.0016585160046815872,0.10394283384084702,0.03359048068523407,0.9994356036186218,4.3199619540246204e-05,1.4058082342671696e-06,1.17364452307811e-05,-5.660112947225571e-06,0.032381732016801834,-1.727428571030032e-05,-1.1236308637307957e-05,0.9999999403953552,-6.857987500552554e-06,-0.0011451562168076634,0.022110942751169205,-0.042666733264923096,-0.0032046923879534006,0.0010774126276373863,-2.6411185899632983e-05,-0.0011434921761974692,-0.019196365028619766,0.0440550334751606,-1.084175892174244e-05,-0.0012377389939501882,0.00011001839447999373,-1.0132789611816406e-06,0.0016789183719083667,0.024943560361862183,0.00402564974501729,0.004038946703076363,4.8410138333565556e-06,6.899703294038773e-06,,,,,3.777090814044495,,1320,3.4916666666666667
14.49999999998687,retreat,14.50000075623393,2.2841866924082552,3.3376269042491926,0.17875432968139648,-0.5077933892607689,3.8515802624883486,0.013171506907383446,0.055952909680744456,0.0,0.0,0.0,0.0,57,0.044319599866867065,0.0010079556377604604,0.04431958496570587,0.001509921276010573,0.0,-3.605845257729841,0.0,0.0,0.0,0.0,0.0,0.0,-3.183707667631097e-05,2.4909654712246265e-06,0.03360489383339882,0.9994351863861084,-0.0015288150170817971,0.0009819355327636003,0.007825862616300583,0.025369388982653618,0.18356476724147797,0.12896545231342316,-0.4787556529045105,0.5282244682312012,0.5079265832901001,-2.00993275642395,-0.4893258213996887,2.422372579574585,1.1351439952850342,0.013616764917969704,-0.008063855580985546,-0.010289296507835388,0.0078726252540946,0.01670626923441887,-0.011826957575976849,-0.010459360666573048,0.6001718640327454,0.00166624179109931,0.10397713631391525,0.033598486334085464,0.9994353652000427,4.9206493713427335e-05,-1.291771786782192e-05,7.643438038940076e-06,-1.1008232831954956e-06,0.03238780423998833,-9.834784577833489e-06,-1.7708482118905522e-05,0.9999998807907104,-6.409838988474803e-06,-0.0015727930003777146,0.016553958877921104,-0.04108186438679695,-0.0009674770408309996,0.00026680572773329914,-9.36878495849669e-05,-0.0015702253440394998,-0.013757716864347458,0.04210089519619942,0.0014238933799788356,-0.00048614083789289,0.00012671576405409724,5.960464477539063e-08,0.0016792956739664078,0.024943538010120392,0.004025645554065704,0.004039031453430653,5.213165877648862e-06,7.430528057739139e-06,,,,,3.777090814044495,,1320,3.5
14.508333333320195,retreat,14.508334090001881,2.2261296783776476,3.299815207719804,0.18578767776489258,-0.5016591167077422,3.8523936317427996,0.013437420420814306,0.06852804166478502,0.0,0.0,0.0,0.0,54,0.042836833745241165,0.000442857010057196,0.04283682629466057,0.0019325707107782364,0.0,-3.568090117660145,0.0,0.0,0.0,0.0,0.0,0.0,-4.407168671605177e-05,2.486544326529838e-05,0.03361200913786888,0.9994348883628845,-0.0005861723911948502,0.000833306519780308,0.008234452456235886,0.02331438474357128,0.1253051608800888,0.09071444720029831,-0.4786583483219147,0.5281558036804199,0.5078578591346741,-2.0098869800567627,-0.4891885817050934,2.42228102684021,1.1350524425506592,0.011881254613399506,-0.008652577176690102,-0.008611547760665417,0.007696639280766249,0.016426676884293556,-0.012673983350396156,-0.010496141389012337,0.6001809239387512,0.0016725468449294567,0.10401266068220139,0.03360328823328018,0.9994352459907532,5.324448648025282e-05,-2.6125762815354392e-05,6.463048976002028e-06,-1.0882504284381866e-06,0.032385535538196564,-9.488186947237409e-07,-9.210860298480839e-06,0.9999998211860657,-8.729136425245088e-06,-0.0016448090318590403,0.015731465071439743,-0.03980967029929161,-0.00034452034742571414,-0.00024413834034930915,0.00013350858353078365,-0.0016411698888987303,-0.013022143393754959,0.040776513516902924,0.0019279413390904665,-1.9834988052025437e-06,-0.00013367159408517182,1.1920928955078125e-06,0.00167965074069798,0.0249435156583786,0.004025677684694529,0.004039062187075615,5.177920684218407e-06,7.383147021755576e-06,,,,,3.777090814044495,,1320,3.5083333333333333
14.51666666665352,retreat,14.516667423769832,2.1681006393543836,3.2608784735202803,0.19365549087524414,-0.4965831758454442,3.852851076604054,0.008128791705530602,0.06852804166478502,0.0,0.0,0.0,0.0,53,0.04192054644227028,0.00028987787663936615,0.04192055016756058,0.002050803042948246,0.0,-3.5291851912064853,0.0,0.0,0.0,0.0,0.0,0.0,-5.241218241280876e-05,3.898641443811357e-05,0.033616118133068085,0.9994347095489502,-0.0002966711763292551,0.000692797068040818,0.008632577955722809,0.022443287074565887,0.10574153065681458,0.07825709134340286,-0.4785725474357605,0.5280756950378418,0.5078006386756897,-2.009841203689575,-0.48905208706855774,2.4221878051757812,1.1349608898162842,0.010180523619055748,-0.009243596345186234,-0.006969201844185591,0.0074926018714904785,0.016185343265533447,-0.013447052799165249,-0.010571654886007309,0.6001927852630615,0.0016775336116552353,0.10405581444501877,0.03360904008150101,0.9994350671768188,5.6606309954077005e-05,-3.362978168297559e-05,2.9483285288733896e-06,-1.8333084881305695e-06,0.03238974139094353,5.494660399563145e-06,-4.012917088402901e-06,0.9999998211860657,-7.085261586325942e-06,-0.0033917336259037256,0.01491925772279501,-0.03902876004576683,-0.00011670238745864481,-0.0002653310657478869,-3.02637499771663e-06,-0.0033875361550599337,-0.01226397231221199,0.039943110197782516,0.0020384991075843573,-0.00022358636488206685,1.7996300812228583e-05,1.8477439880371094e-06,0.001679855864495039,0.024943500757217407,0.004025700967758894,0.00403914600610733,5.147284355189186e-06,7.336173439398408e-06,,,,,3.777090814044495,,1320,3.5166666666666666
14.524999999986846,retreat,14.525000757537782,2.110100477758058,3.2144837081432356,0.2040863037109375,-0.49284554552286863,3.8534609187412117,0.018513122995500453,0.0,0.0,0.0,0.0,0.0,53,0.039975184947252274,0.0007045562961138785,0.03997518867254257,0.002022643806412816,0.0,-3.4828328302658855,0.0,0.0,0.0,0.0,0.0,0.0,-5.463187335408293e-05,5.103971852804534e-05,0.03362122178077698,0.9994347095489502,0.0005805255495943129,0.0005573484231717885,0.008987095206975937,0.02084559015929699,0.04942793771624565,0.042482130229473114,-0.4785037934780121,0.5279955863952637,0.5077551007270813,-2.0097954273223877,-0.48892033100128174,2.4220504760742188,1.1348693370819092,0.008509625680744648,-0.009838037192821503,-0.0053533329628407955,0.007249175570905209,0.015998581424355507,-0.014258172363042831,-0.010667153634130955,0.6001960039138794,0.0016757715493440628,0.10409702360630035,0.033620983362197876,0.9994346499443054,5.7597197155700997e-05,-6.0146423493279144e-05,1.1875117706949823e-05,-7.745344191789627e-06,0.03238419443368912,-9.003104423754849e-06,-3.265972736699041e-06,1.0000001192092896,-2.3719984199033206e-07,-0.004138441756367683,0.014230272732675076,-0.03712664917111397,-3.553943315637298e-05,-0.0007035212474875152,1.3942212717665825e-05,-0.004132425878196955,-0.011703502386808395,0.03799956291913986,0.0020197953563183546,0.0001051989383995533,-2.1158091840334237e-05,2.4437904357910156e-06,0.0016801109304651618,0.024943478405475616,0.00402571726590395,0.004039220046252012,5.114273335493635e-06,7.293012458831072e-06,,,,,3.777090814044495,,1320,3.525
14.533333333320172,retreat,14.533334091305733,2.0521300960082556,3.1700037419796003,0.2066493034362793,-0.495864893309772,3.854629513559856,0.014191669833962806,0.03956468118525214,0.0,0.0,0.0,0.0,57,0.04048769921064377,0.0005710619152523577,0.04048770293593407,0.0026885427068918943,0.0,-3.438434120463362,0.0,0.0,0.0,0.0,0.0,0.0,-4.765563062392175e-05,6.288700387813151e-05,0.03363138809800148,0.999434232711792,-0.0016654342180117965,0.00034855928970500827,0.009446408599615097,0.012259119190275669,0.18213008344173431,0.12993033230304718,-0.4784465730190277,0.5279040932655334,0.5077210068702698,-2.0097496509552,-0.4887886345386505,2.4219138622283936,1.1347777843475342,0.006896515842527151,-0.010414899326860905,-0.0037954067811369896,0.006991106551140547,0.01580505073070526,-0.014746581204235554,-0.010756494477391243,0.600202739238739,0.001673025544732809,0.10414599627256393,0.03363291546702385,0.9994341731071472,5.737290484830737e-05,-7.976411143317819e-05,8.973925105237868e-06,-8.548609912395477e-06,0.03238868713378906,-1.6538951967959292e-05,-1.0277383807988372e-05,0.9999999403953552,1.530787926640187e-06,-0.008140450343489647,0.012458723038434982,-0.03765324875712395,0.000555342179723084,0.00012050941586494446,-5.6429056712659076e-05,-0.008133095689117908,-0.009900083765387535,0.038406968116760254,0.0023549681063741446,-0.00128915102686733,0.00014309579273685813,3.039836883544922e-06,0.0016806181520223618,0.02494344860315323,0.004025700036436319,0.004039355553686619,4.94176720167161e-06,7.045659003779292e-06,,,,,3.777090814044495,,1320,3.533333333333333
14.541666666653498,retreat,14.541667425073683,1.9941903965245729,3.117991238832475,0.21082162857055664,-0.49999216571450233,3.8559501079711187,0.012928949217894115,0.0,0.0,0.0,0.0,0.0,49,0.03695932775735855,0.0007875027367845178,0.036959320306777954,0.002104906365275383,0.0,-3.3865134425901386,0.0,0.0,0.0,0.0,0.0,0.0,-5.326979226083495e-05,9.015322575578466e-05,0.03364286199212074,0.9994339346885681,-0.0010532054584473372,0.00023428411805070937,0.0097843948751688,0.01071010623127222,0.1412302702665329,0.10294489562511444,-0.47840091586112976,0.5278125405311584,0.5076983571052551,-2.0097038745880127,-0.4886569380760193,2.421776533126831,1.1346862316131592,0.005303619895130396,-0.01099375355988741,-0.0022384298499673605,0.006693343631923199,0.015679307281970978,-0.015433937311172485,-0.010877114720642567,0.6002098917961121,0.0016701649874448776,0.10419677942991257,0.03364250063896179,0.9994339346885681,5.6356584536843e-05,-9.840808343142271e-05,7.202582310128491e-06,-7.82310962677002e-06,0.03238756209611893,-8.147310836648103e-06,-3.360691152920481e-06,1.0,-3.601781486395339e-07,-0.005720172543078661,0.011408145539462566,-0.03468610346317291,0.00044560260721482337,-0.0006388216861523688,-0.00011621404701145366,-0.005712119862437248,-0.009050391614437103,0.035375889390707016,0.0020933798514306545,-0.0001787915243767202,0.00012816139496862888,4.410743713378906e-06,0.001681191148236394,0.024943411350250244,0.004025736823678017,0.0040394640527665615,4.888003786618356e-06,6.966438377276063e-06,,,,,3.777090814044495,,1320,3.5416666666666665
14.549999999986824,retreat,14.550000758841634,1.936282281726605,3.0649505555629744,0.21272897720336914,-0.5012234905734658,3.853105189206889,0.008740144039620645,0.03956468118525214,0.07364397495985031,0.00012351035547908396,0.05891518294811249,0.0,50,0.08500207215547562,0.003408199641853571,0.02870960906147957,0.004328934010118246,-0.00047234191151801497,-3.333274942582461,-0.02304713986814022,0.05422092229127884,-0.04418547451496124,0.00011425622506067157,4.689273191615939e-05,-1.1804175983343157e-06,-7.603262201882899e-05,0.00014784641098231077,0.03361797332763672,0.999434769153595,0.002544193994253874,0.0007205799338407815,0.010124258697032928,0.032390300184488297,-0.09090784192085266,-0.02858966961503029,-0.4783713221549988,0.5277202725410461,0.5076950192451477,-2.009658098220825,-0.4885250926017761,2.4216392040252686,1.1345946788787842,0.0036353059113025665,-0.01149811688810587,-0.0004188528109807521,0.00612579844892025,0.016297437250614166,-0.016114532947540283,-0.01133609190583229,0.6002177596092224,0.001670083962380886,0.10425009578466415,0.03364791348576546,0.999433696269989,5.570421853917651e-05,-0.00011490326141938567,2.3113752831704915e-06,-7.045920938253403e-06,0.032387904822826385,3.223807652830146e-05,2.1428586478577927e-05,0.9999999403953552,2.996020884893369e-05,0.013167204335331917,0.05100271850824356,-0.06671356409788132,-0.003330215346068144,0.0007231539930216968,-5.038548988522962e-05,0.013188350945711136,-0.046398866921663284,0.06998976320028305,0.0040369825437664986,0.0011802706867456436,-2.9766219086013734e-05,7.271766662597656e-06,0.0016799492295831442,0.02494349330663681,0.004009583964943886,0.0040235016494989395,5.717092790291645e-06,8.141971193253994e-06,,,,,3.777090814044495,,1320,3.55
14.55833333332015,retreat,14.558334092609584,1.878406654033931,3.0097715556621565,0.2167224884033203,-0.500434311106801,3.85366417803983,0.004197768703306792,0.03956468118525214,0.14728820323944092,0.0002499116235412657,0.11783058196306229,-0.0006911367336215335,47,0.13955451548099518,0.010603182017803192,0.037965964525938034,0.0037792471703141928,-0.0008505924924975261,-3.27813481110123,-0.06624527275562286,0.0991143137216568,-0.086497001349926,0.00022216542856767774,9.360905096400529e-05,-6.584593938896433e-05,-7.392697443719953e-05,0.00017799349734559655,0.033622533082962036,0.9994345307350159,0.0008815745823085308,0.0013796009588986635,0.010821148753166199,0.0211673304438591,-0.025556499138474464,0.04741843417286873,-0.47835415601730347,0.5276172757148743,0.5077064633369446,-2.0096123218536377,-0.48839184641838074,2.421501874923706,1.1345031261444092,0.0019845860078930855,-0.01195858046412468,0.0014713130658492446,0.0053646923042833805,0.0168791264295578,-0.016752006486058235,-0.01161385141313076,0.6002287268638611,0.0016699894331395626,0.104311503469944,0.03365176171064377,0.9994335770606995,5.3977481002220884e-05,-0.00012482980673667043,-4.014307705801912e-06,-8.596573024988174e-06,0.032394059002399445,5.2459523431025445e-05,2.173239590774756e-05,0.9999999403953552,2.9243206881801598e-05,0.037234630435705185,0.0904097631573677,-0.09957469254732132,-0.009694259613752365,0.004294917918741703,4.974651164957322e-05,0.037269629538059235,-0.0835033506155014,0.10542117804288864,0.003365796059370041,0.0010783197358250618,-0.00012342823902145028,8.761882781982422e-06,0.001680176705121994,0.024943478405475616,0.00400957465171814,0.0040236166678369045,5.9895191952819005e-06,8.540082490071654e-06,,,,,3.777090814044495,,1320,3.558333333333333
14.566666666653475,retreat,14.566667426377535,1.820564415866155,2.947618812322618,0.22333860397338867,-0.49745908472687006,3.851529421215306,0.007517667654610705,0.0,0.268469899892807,0.0004551859456114471,0.2147759348154068,-0.0012154789601481752,46,0.2365008294582367,0.02152884379029274,0.0489073172211647,0.004997217562049627,-0.0021047640475444496,-3.2158336306267707,-0.116575688123703,0.18153807520866394,-0.15978150069713593,0.00040236712084151804,0.00020101504924241453,-6.991351983742788e-05,-8.334551239386201e-05,0.0001935504551511258,0.03360409289598465,0.9994351863861084,0.0007199166575446725,0.00020425074035301805,0.010410754941403866,-0.05202903598546982,-0.03775608912110329,0.024906529113650322,-0.4783494770526886,0.5275142788887024,0.507731556892395,-2.00956654548645,-0.48825427889823914,2.4213645458221436,1.1344115734100342,0.0002672538976185024,-0.012331691570580006,0.0036444542929530144,0.004241085145622492,0.01789855770766735,-0.01732412911951542,-0.011962920427322388,0.6002405881881714,0.0016718637198209763,0.10437493771314621,0.03365152329206467,0.9994335770606995,5.073675492894836e-05,-0.00013340670557226986,-8.696689292264637e-06,-9.766314178705215e-06,0.032395265996456146,5.9013320424128324e-05,3.462043605395593e-05,1.0,4.745655314764008e-05,0.07741715013980865,0.16304312646389008,-0.15282724797725677,-0.01940140873193741,0.00933145359158516,2.1219717382336967e-05,0.07747537642717361,-0.15238675475120544,0.16342726349830627,0.0041511170566082,0.0018461048603057861,-0.0001474864548072219,9.5367431640625e-06,0.001679256442002952,0.024943538010120392,0.004009528085589409,0.004022426903247833,5.298229552863631e-06,7.553957402706146e-06,,,,,3.777090814044495,,1320,3.5666666666666664
14.574999999986801,retreat,14.575000760145485,1.7627564696428664,2.884013205766679,0.2314448356628418,-0.4928841954097152,3.852342801188017,0.0112169909698423,0.03956468118525214,0.33118799328804016,0.0005616444977931678,0.26495039463043213,-0.0016087356016214471,49,0.28858622908592224,0.03173565864562988,0.056728385388851166,0.0013511452125385404,-0.00311961502302438,-3.152284581279183,-0.13680243492126465,0.22753125429153442,-0.19799014925956726,0.0004986259737052023,0.0002519937988836318,-5.7583114539738744e-05,-8.404162508668378e-05,0.00020002094970550388,0.033610887825489044,0.9994350075721741,0.0002773634041659534,0.0061983042396605015,0.009895655326545238,-0.3633897602558136,-0.044421885162591934,0.019391080364584923,-0.4783586263656616,0.5274112820625305,0.5077738165855408,-2.0095207691192627,-0.48811593651771545,2.421227216720581,1.1343200206756592,-0.0012920985464006662,-0.012685340829193592,0.005600546952337027,0.003046691883355379,0.018014559522271156,-0.01748506911098957,-0.011621828190982342,0.6002529263496399,0.0016756043769419193,0.10444049537181854,0.03364704176783562,0.999433696269989,4.715137038147077e-05,-0.0001404880895279348,-1.2461709047784097e-05,-1.0440126061439514e-05,0.032397158443927765,5.825775224366225e-05,3.887787534040399e-05,0.9999999403953552,3.617630500230007e-05,0.09938261657953262,0.1977444291114807,-0.18520867824554443,-0.02785756252706051,0.015201936475932598,9.665625839261338e-05,0.09945454448461533,-0.18483184278011322,0.19806058704853058,0.0007083360105752945,-0.0008512381464242935,-4.1120743844658136e-05,9.834766387939453e-06,0.0016795957926660776,0.0249435156583786,0.004009544383734465,0.004023838322609663,-0.000303683802485466,-0.00043300422839820385,,,,,3.777090814044495,,1320,3.5749999999999997
14.583333333320127,retreat,14.583334093913436,1.7049837177836515,2.8186567127704634,0.23984909057617188,-0.48738240730017424,3.8530543680250178,0.006483121524070157,0.055952909680744456,0.3435344994068146,0.0005901865079067647,0.27482762932777405,-0.001543192865938181,52,0.3140953481197357,0.03802216053009033,0.04585224390029907,0.001176903722807765,-0.0020799649064429104,-3.086977566016797,-0.1846078634262085,0.21106116473674774,-0.19846683740615845,0.00048593030078336596,0.0002696090377867222,-0.0001987530995393172,-6.418910197680816e-05,0.00020388225675560534,0.03361736610531807,0.9994347095489502,-0.00027848323225043714,0.0014672938268631697,0.010596317239105701,-0.027627119794487953,-0.02920377440750599,0.05415341630578041,-0.4783802032470703,0.5272969007492065,0.507830798625946,-2.0095179080963135,-0.4879818260669708,2.4210898876190186,1.134232997894287,-0.0027946762274950743,-0.013119458220899105,0.007432662416249514,0.0017851442098617554,0.017474759370088577,-0.01806863397359848,-0.010822447016835213,0.6002487540245056,0.0016845460049808025,0.10449853539466858,0.033642690628767014,0.9994338750839233,4.923501910525374e-05,-0.00016054921434260905,1.4068064047023654e-06,-6.232410669326782e-06,0.03239009156823158,4.2799267248483375e-05,1.6406884242314845e-05,0.9999998807907104,2.5336692488053814e-05,0.14023153483867645,0.21210715174674988,-0.18439508974552155,-0.032237302511930466,0.02016010880470276,-0.00010446672968100756,0.1403132528066635,-0.19921456277370453,0.19819575548171997,-0.0015972163528203964,0.00010490231215953827,9.931926615536213e-05,1.0073184967041016e-05,0.0016799188451841474,0.02494349330663681,0.004009596072137356,0.004022697918117046,5.286286068439949e-06,7.533759344369173e-06,,,,,3.777090814044495,,1320,3.5833333333333335
14.591666666653452,retreat,14.591667427681386,1.6472470627081108,2.7574874460697187,0.23978948593139648,-0.48299762420356274,3.856711783979462,0.012616845197044313,0.03956468118525214,0.0,0.0,0.0,-0.0006911367904649524,49,0.06995443999767303,0.026363329961895943,0.06995442509651184,0.018745945766568184,0.0,-3.026062611601141,0.0,0.0,0.0,0.0,0.0,0.0,-5.4355165048036724e-05,0.0001781386526999995,0.03364953771233559,0.9994336366653442,-0.0003520063473843038,0.0007277674740180373,0.010859750211238861,-0.02454599365592003,0.019207272678613663,0.02668895199894905,-0.4784088134765625,0.5271824598312378,0.5078961253166199,-2.0095179080963135,-0.48787301778793335,2.420952558517456,1.1341643333435059,-0.003510340116918087,-0.013767045922577381,0.007550787180662155,0.0017282288754358888,0.013025151565670967,-0.016316590830683708,-0.008026309311389923,0.6002442240715027,0.0016929120756685734,0.10455670952796936,0.03364402428269386,0.9994338154792786,5.204031549510546e-05,-0.0001781876926543191,7.011622528807493e-06,-2.1443702280521393e-06,0.03238736838102341,-1.2594323095527216e-07,2.316599420737475e-06,0.9999999403953552,-5.516243618330918e-06,0.032918017357587814,0.0446946956217289,-0.04257242754101753,-0.01636725477874279,0.020667020231485367,0.00011161330621689558,0.032938215881586075,-0.04172747582197189,0.04546991363167763,-0.009909018874168396,-0.015883803367614746,0.0009626308456063271,8.821487426757812e-06,0.0016815245617181063,0.024943381547927856,0.004026232752948999,0.004039094317704439,4.696508767665364e-06,6.687914719805121e-06,,,,,3.777090814044495,,1320,3.591666666666667
14.599999999986778,retreat,14.600000761449337,1.5895474068358233,2.6964969933033003,0.23573637008666992,-0.4779309965670109,3.8565086850641292,0.014816148905083537,0.0,0.0,0.0,0.0,0.0,55,0.043877143412828445,0.00808762852102518,0.04387715086340904,0.004709518048912287,0.0,-2.965058036720921,0.0,0.0,0.0,0.0,0.0,0.0,-4.5469401811715215e-05,0.00018511091184336692,0.03364741802215576,0.9994338154792786,-0.0017021496314555407,-0.0008012510952539742,0.011472648940980434,-0.17516456544399261,0.10488030314445496,0.07903675734996796,-0.47844839096069336,0.5270679593086243,0.5079648494720459,-2.0095179080963135,-0.48777586221694946,2.4208152294158936,1.1340956687927246,-0.004492730833590031,-0.01433452870696783,0.008225403726100922,0.0015863680746406317,0.011543736793100834,-0.016406485810875893,-0.007340273354202509,0.600240170955658,0.0016958420164883137,0.10461512953042984,0.03364851325750351,0.999433696269989,5.5327040172414854e-05,-0.00019461728516034782,8.067312592174858e-06,-4.393979907035828e-06,0.032384660094976425,-9.171267265628558e-06,-1.0174519957217854e-05,1.0000001192092896,1.098429606827267e-06,0.0014192553935572505,0.030705856159329414,-0.03131037950515747,-0.006901666056364775,0.004193271975964308,-0.00043955346336588264,0.0014351169811561704,-0.028530288487672806,0.03330416604876518,-0.0024655060842633247,-0.003949628211557865,0.000708009407389909,9.179115295410156e-06,0.0016814188566058874,0.024943388998508453,0.0040260739624500275,0.0040379175916314125,4.7580397222191095e-06,6.783520802855492e-06,,,,,3.777090814044495,,1320,3.6
14.608333333320104,retreat,14.608334095217288,1.5318856525863964,2.635581046342851,0.23061037063598633,-0.4769884981215,3.8582346855771985,0.009452542144572362,0.03956468118525214,4.742184319184162e-05,1.7704768140447413e-07,0.0,0.0,58,0.03255774825811386,0.0024072134401649237,0.03251544013619423,0.0014970103511586785,-5.551998647490564e-07,-2.904262103960383,5.713474820367992e-06,3.2798320717120077e-06,-4.696200630860403e-05,1.4766547451472434e-07,9.45362401694183e-08,2.4570116607947057e-08,-5.180248626857065e-05,0.00020003138342872262,0.033662326633930206,0.9994332790374756,-0.0019980063661932945,0.00027983973268419504,0.011469395831227303,-0.010581308044493198,0.12332893162965775,0.09259510040283203,-0.47849416732788086,0.5269420742988586,0.5080443620681763,-2.0095179080963135,-0.4876842498779297,2.420677900314331,1.1340270042419434,-0.0055163647048175335,-0.01487529557198286,0.009011199697852135,0.001375645282678306,0.011053604073822498,-0.01675373502075672,-0.00726986164227128,0.6002389788627625,0.0017002187669277191,0.10468141734600067,0.033654775470495224,0.9994333982467651,6.20789360255003e-05,-0.00020400209177751094,4.72811734653078e-06,-1.735985279083252e-06,0.03239024430513382,-3.62342370863189e-06,-1.0405580724182073e-05,0.9999999403953552,-7.5508323789108545e-06,-0.002957090502604842,0.018517209216952324,-0.02661532536149025,-0.0021938153076916933,0.00098980322945863,-4.626423469744623e-05,-0.00294379610568285,-0.016685128211975098,0.027801917865872383,0.0004813701380044222,-0.00141048151999712,0.00014135762467049062,9.894371032714844e-06,0.0016821628669276834,0.024943336844444275,0.004026077687740326,0.004039284773170948,4.726734914584085e-06,6.73791510052979e-06,,,,,3.777090814044495,,1320,3.6083333333333334
14.61666666665343,retreat,14.616667428985238,1.4742627023794093,2.567117661237718,0.22798776626586914,-0.4741847515106201,3.858843678185977,0.009548632988298777,0.03956468118525214,0.0,0.0,0.0,0.0,57,0.0289334524422884,0.00045872185728512704,0.028933443129062653,0.0020266224164515734,0.0,-2.8358410639529006,0.0,0.0,0.0,0.0,0.0,0.0,-6.407389446394518e-05,0.00021558397565968335,0.03366752713918686,0.9994330406188965,-0.0012455233372747898,0.0005092025967314839,0.011503970250487328,0.02530844882130623,0.0737217515707016,0.06203840672969818,-0.4785504639148712,0.526816189289093,0.5081247091293335,-2.0095179080963135,-0.4875926077365875,2.4205405712127686,1.133958339691162,-0.006527602206915617,-0.015389835461974144,0.009823817759752274,0.0011046710424125195,0.01101901475340128,-0.01709114946424961,-0.007475141901522875,0.600238025188446,0.0016988166607916355,0.10474775731563568,0.03366069868206978,0.9994332194328308,6.36997792753391e-05,-0.00021337205544114113,3.6618957892642356e-06,-6.173271685838699e-06,0.03238784149289131,2.1955950160190696e-06,4.4843409341410734e-07,0.9999999403953552,-6.830551228631521e-06,-0.003396549727767706,0.016077890992164612,-0.023814061656594276,-0.00041366706136614084,0.00018733293109107763,6.489759107353166e-05,-0.003384216921404004,-0.014439545571804047,0.02484332211315632,0.0019088468980044127,-0.0006805182201787829,-1.99224341486115e-05,1.0669231414794922e-05,0.001682422705926001,0.02494332194328308,0.004026091657578945,0.00403936579823494,5.089667865831871e-06,7.25907739251852e-06,,,,,3.777090814044495,,1320,3.6166666666666667
14.624999999986755,retreat,14.625000762753189,1.4166794586344622,2.4987883865833296,0.22602081298828125,-0.4766910569742322,3.8591988795616716,0.003748930339497747,0.0,0.0,0.0,0.0,0.0,54,0.027180282399058342,0.000314229546347633,0.027180291712284088,0.002478127833455801,0.0,-2.7675364875102555,0.0,0.0,0.0,0.0,0.0,0.0,-6.290094461292028e-05,0.00022495091252494603,0.03367059677839279,0.9994330406188965,-0.0009806525195017457,0.00037064458592794836,0.01178447250276804,0.024194082245230675,0.05532833933830261,0.04693121463060379,-0.47861340641975403,0.5266790390014648,0.5082162022590637,-2.0095179080963135,-0.48750096559524536,2.420403242111206,1.1338896751403809,-0.007492579985409975,-0.015877673402428627,0.01061022188514471,0.0008062688866630197,0.011117194779217243,-0.017331693321466446,-0.007783365435898304,0.6002398133277893,0.0016991929151117802,0.10482169687747955,0.033666983246803284,0.9994331002235413,6.695465708617121e-05,-0.00021658635523635894,1.0998246580129489e-07,-4.082918167114258e-06,0.032393649220466614,8.495637302985415e-06,-3.772918944378034e-06,1.0000001192092896,-3.613714397943113e-06,-0.004881803411990404,0.014388714917004108,-0.02253665216267109,0.0002653301344253123,8.617364073870704e-05,-0.0001446175156161189,-0.004870012402534485,-0.012840058654546738,0.02345600537955761,0.0023440783843398094,-0.0007796153659000993,0.00019650491594802588,1.1146068572998047e-05,0.0016825760249048471,0.024943314492702484,0.0040261163376271725,0.004039530176669359,5.059341674495954e-06,7.21399555914104e-06,,,,,3.777090814044495,,1320,3.625
14.633333333320081,retreat,14.63333409652114,1.3591368237711414,2.4230755865573896,0.22655725479125977,-0.47759944573044777,3.859858452669386,0.0037589093153655995,0.06852804166478502,0.0,0.0,0.0,0.0,56,0.024330103769898415,0.0005242900224402547,0.024330100044608116,0.0022894875146448612,0.0,-2.6918695495435805,0.0,0.0,0.0,0.0,0.0,0.0,-6.891136581543833e-05,0.00023225814220495522,0.03367643430829048,0.9994326829910278,-0.0001260230492334813,0.00023517574300058186,0.011966437101364136,0.022597800940275192,-0.0002478380629327148,0.011473942548036575,-0.47868219017982483,0.5265417098999023,0.5083079934120178,-2.0095179080963135,-0.48740917444229126,2.4202659130096436,1.1338210105895996,-0.008404934778809547,-0.01634562388062477,0.011353150941431522,0.0004833471029996872,0.011261619627475739,-0.017612861469388008,-0.008080098778009415,0.6002418994903564,0.0016958513297140598,0.10489603132009506,0.033673252910375595,0.9994328618049622,6.697416392853484e-05,-0.00021964861662127078,-1.2417895050020888e-06,-6.824266165494919e-06,0.03239211440086365,1.2537357179098763e-05,2.3592538127559237e-06,0.9999998211860657,-3.18361162499059e-06,-0.005442974157631397,0.013290408067405224,-0.019639071077108383,0.0003370851627551019,-0.00040156368049792945,5.021219635636953e-07,-0.005432463716715574,-0.011939037591218948,0.020491499453783035,0.002256980398669839,-0.00038366566877812147,2.4342620235984214e-05,1.150369644165039e-05,0.0016828672960400581,0.024943292140960693,0.004026111215353012,0.004039608873426914,5.029737167205894e-06,7.1678077802062035e-06,,,,,3.777090814044495,,1320,3.6333333333333333
14.641666666653407,retreat,14.64166743028909,1.3016357002090366,2.3471839725971235,0.22780895233154297,-0.48163277097046375,3.8599599154669235,0.003121191639365861,0.03956468118525214,0.0,0.0,0.0,0.0,56,0.022436300292611122,0.0006807729951106012,0.02243630774319172,0.002350856550037861,0.0,-2.6159849905870654,0.0,0.0,0.0,0.0,0.0,0.0,-6.914279219927266e-05,0.00023512485495302826,0.0336771160364151,0.9994326829910278,0.00022353224630933255,0.00010708492482081056,0.012228382751345634,0.019423948600888252,-0.02639511041343212,-0.005021460819989443,-0.47875773906707764,0.5264043807983398,0.5084109306335449,-2.0095179080963135,-0.4873118996620178,2.420128583908081,1.1337523460388184,-0.009258552454411983,-0.01678861305117607,0.012045162729918957,0.000137844035634771,0.011417380534112453,-0.017801275476813316,-0.008388967253267765,0.6002440452575684,0.0016963435336947441,0.10497155785560608,0.033674973994493484,0.9994327425956726,6.658837082795799e-05,-0.00022191453899722546,-1.9889994291588664e-06,-2.3958273231983185e-06,0.032392047345638275,1.3119219147483818e-05,2.9996376724739093e-06,0.9999999403953552,-2.142297034879448e-06,-0.006782756187021732,0.01175278052687645,-0.01786767691373825,0.0005617841961793602,-0.0003506634966470301,-0.0001577512884978205,-0.006773170083761215,-0.010524227283895016,0.018621297553181648,0.002259746892377734,-0.0006169199477881193,0.00019869586685672402,1.1622905731201172e-05,0.0016829012893140316,0.024943292140960693,0.004026105161756277,0.0040397620759904385,5.000844339519972e-06,7.126975106075406e-06,,,,,3.777090814044495,,1320,3.6416666666666666
14.649999999986733,retreat,14.65000076405704,1.2441769903677482,2.2702790796756758,0.22906064987182617,-0.4823594354093075,3.860619358751079,0.0056345074881392065,0.0,0.0,0.0,0.0,0.0,56,0.02066873572766781,0.0006313312333077192,0.020668737590312958,0.0020967572927474976,0.0,-2.539125950656782,0.0,0.0,0.0,0.0,0.0,0.0,-6.961446342756972e-05,0.00023869288270361722,0.03368300572037697,0.9994325637817383,0.0004024571680929512,-3.772950731217861e-05,0.012361963279545307,0.016709856688976288,-0.04213535040616989,-0.01250017061829567,-0.4788435399532318,0.5262558460235596,0.5085141658782959,-2.0095179080963135,-0.4872145354747772,2.4199912548065186,1.133683681488037,-0.010049210861325264,-0.017211783677339554,0.012674005702137947,-0.0002205410273745656,0.011536726728081703,-0.01796724461019039,-0.008650862611830235,0.6002486944198608,0.0016894503496587276,0.10505302995443344,0.033679503947496414,0.9994325637817383,6.0957707319175825e-05,-0.0002195901470258832,-5.522001629287843e-06,-9.150709956884384e-06,0.03239617869257927,1.880130366771482e-05,9.297252290707547e-06,1.0,-3.500440016068751e-06,-0.007818610407412052,0.011259060353040695,-0.015469308011233807,0.00036915004602633417,-0.0004976160125806928,-0.00012118455924792215,-0.007810343988239765,-0.010192947462201118,0.016195647418498993,0.0019957118202000856,-0.0006222055526450276,0.00016243872232735157,1.1801719665527344e-05,0.0016831954708322883,0.024943269789218903,0.004024852532893419,0.004038541577756405,5.261566457193112e-06,7.501337677240372e-06,,,,,3.777090814044495,,1320,3.65
14.658333333320059,retreat,14.65833409782499,1.1867615966668623,2.1876670420169844,0.2321004867553711,-0.4905599635094404,3.862394224207738,0.005622726803267142,0.055952909680744456,0.0005365462275221944,9.188095191348111e-07,0.0004292369703762233,0.0,54,0.015710435807704926,0.001172422431409359,0.015469529666006565,0.0017157717375084758,-4.60492765341769e-06,-2.4566373243290958,-0.00021811321494169533,0.00036973488749936223,-0.0003218766360078007,7.797588637004083e-07,4.85968143948412e-07,-4.690665633688695e-09,-7.297396950889379e-05,0.0002467467274982482,0.03369857370853424,0.9994319677352905,0.0008169715874828398,0.002327458932995796,0.011821048334240913,-0.10279949754476547,-0.06891768425703049,-0.02586953155696392,-0.47893473505973816,0.5261070728302002,0.5086278915405273,-2.0095179080963135,-0.487117201089859,2.419853925704956,1.1336150169372559,-0.010780351236462593,-0.01761740632355213,0.013239793479442596,-0.0006013509118929505,0.011652174405753613,-0.018136367201805115,-0.008934583514928818,0.6002538800239563,0.001685616560280323,0.10513651371002197,0.03368167206645012,0.9994325637817383,5.708810203941539e-05,-0.0002156141126761213,-7.916916729300283e-06,-4.99282032251358e-06,0.032397348433732986,3.058254151255824e-05,1.6923404473345727e-05,0.9999998807907104,-1.6913481886149384e-05,-0.00838829018175602,0.005485009402036667,-0.012098307721316814,0.0008221986354328692,-0.0007559326477348804,-0.0003565522492863238,-0.008382415398955345,-0.004658877849578857,0.012443779036402702,0.0016147589776664972,-0.00043081166222691536,0.0003856563416775316,1.2218952178955078e-05,0.001683972543105483,0.024943217635154724,0.004015577025711536,0.00402981648221612,1.2729899026453495e-05,1.8160848412662745e-05,,,,,3.777090814044495,,1320,3.658333333333333
14.666666666653384,retreat,14.666667431592941,1.1293904215259651,2.1047197282314314,0.23245811462402344,-0.4906757967546582,3.8572194845521506,0.010992728675773833,0.0,0.18377619981765747,0.0003151787386741489,0.14702096581459045,0.0,61,0.1479540467262268,0.008669737726449966,0.049552131444215775,0.008231168612837791,-0.0014980483974795789,-2.3733301957843054,-0.08472058922052383,0.12091533839702606,-0.10943306982517242,0.000267871335381642,0.0001599289389559999,-4.4780779717257246e-05,-7.852969429222867e-05,0.00027470302302390337,0.03365306928753853,0.9994335770606995,-0.001112215919420123,0.0001594448694959283,0.013292771764099598,-0.02213207632303238,-0.02782486565411091,0.08959899097681046,-0.4790319502353668,0.5259582996368408,0.5087447166442871,-2.0095179080963135,-0.48701077699661255,2.4197165966033936,1.1335344314575195,-0.011766335926949978,-0.01783647947013378,0.014528900384902954,-0.0016114473110064864,0.013673347420990467,-0.018635252490639687,-0.010097101330757141,0.6002589464187622,0.0016811559908092022,0.1052197813987732,0.033680133521556854,0.9994326233863831,5.408556535257958e-05,-0.0002126464678440243,-1.2810797670681495e-05,-9.249895811080933e-06,0.03239738941192627,6.119381578173488e-05,2.6530009563430212e-05,1.0,2.7080244763055816e-05,0.040858447551727295,0.10560420900583267,-0.09522990882396698,-0.008478216826915741,0.0018085353076457977,-0.00011577492841752246,0.04091150313615799,-0.09894970059394836,0.10210582613945007,0.006776914931833744,0.004092079121619463,-0.0001639126567170024,1.3589859008789062e-05,0.0016817013965919614,0.02494337409734726,0.004009860567748547,0.004023066721856594,5.2327259254525416e-06,7.464026566594839e-06,,,,,3.777090814044495,,1320,3.6666666666666665
14.67499999998671,retreat,14.675000765360892,1.0720643673646642,2.023292332887651,0.23418664932250977,-0.48968405462801456,3.856102455190601,0.004573512796923751,0.0,0.38485103845596313,0.0006586529780179262,0.30788084864616394,0.0,54,0.3103186786174774,0.028104722499847412,0.0808257907629013,0.008373841643333435,-0.0028549336129799485,-2.291825129839501,-0.1322401463985443,0.2782628834247589,-0.23063528537750244,0.0005790612194687128,0.0003102915652561933,4.723324309452437e-05,-8.866015559760854e-05,0.0002632040996104479,0.033643241971731186,0.9994338750839233,-0.0011388638522475958,0.0007791562238708138,0.01233457401394844,-0.029048392549157143,-0.041028812527656555,-0.00048574901302345097,-0.4791368544101715,0.5258095264434814,0.5088750720024109,-2.0095372200012207,-0.48689067363739014,2.419579029083252,1.1334468126296997,-0.012797885574400425,-0.017847750335931778,0.016209501773118973,-0.0030900866258889437,0.015993226319551468,-0.01822729967534542,-0.011031062342226505,0.6002551913261414,0.001683047041296959,0.10529792308807373,0.03367149457335472,0.9994329214096069,5.402744864113629e-05,-0.00021896915859542787,-6.919166480656713e-06,-7.570721209049225e-06,0.0323941670358181,4.3039879528805614e-05,3.610709973145276e-05,1.0,2.826179661497008e-05,0.08472087234258652,0.23216532170772552,-0.187668114900589,-0.025917204096913338,0.010866217315196991,0.00031511360430158675,0.08483082056045532,-0.21900002658367157,0.20283100008964539,0.00762086920440197,0.0013480260968208313,-0.00041104527190327644,1.2993812561035156e-05,0.0016812110552564263,0.024943403899669647,0.004010340198874474,0.004023529589176178,5.126277756062336e-06,7.3021219577640295e-06,,,,,3.777090814044495,,1320,3.675
14.683333333320036,retreat,14.683334099128842,1.0147843366025349,1.9450016319751753,0.23180246353149414,-0.49020792357623577,3.8599599154669235,0.013922850484959781,0.03956468118525214,0.06788879632949829,0.0001155665231635794,0.05431104078888893,-0.00023220938771828514,61,0.09752706438302994,0.024934982880949974,0.030149908736348152,0.013015609234571457,-0.0004792352810909506,-2.213802649965117,-0.023386016488075256,0.04915231466293335,-0.04057133197784424,0.00010149994341190904,5.460133252199739e-05,8.489774700137787e-06,-6.367247988237068e-05,0.00024251129070762545,0.033677272498607635,0.9994327425956726,-0.0007771737291477621,0.00037431821692734957,0.01205485314130783,-0.007990985177457333,-0.02587544545531273,-0.029255352914333344,-0.4792455732822418,0.5256607532501221,0.5090121626853943,-2.009582996368408,-0.48678627610206604,2.4194416999816895,1.1333781480789185,-0.013009854592382908,-0.018218759447336197,0.016042452305555344,-0.0033617420122027397,0.012658977881073952,-0.017331721261143684,-0.008747481741011143,0.6002399921417236,0.0016889418475329876,0.10536735504865646,0.033665526658296585,0.9994330406188965,5.5253723985515535e-05,-0.00023517476802226156,6.937691068742424e-06,-1.8207356333732605e-07,0.03238574415445328,7.050340173009317e-06,8.660214916744735e-06,0.9999999403953552,-1.1750902558560483e-05,0.03256330266594887,0.07830142974853516,-0.04816684499382973,-0.020754076540470123,0.013819600455462933,0.00020071315520908684,0.03259564936161041,-0.07487956434488297,0.053311362862586975,-0.009441857226192951,-0.009108981117606163,0.0004181564145255834,1.2040138244628906e-05,0.0016829093219712377,0.024943292140960693,0.004010325763374567,0.004023593384772539,5.127575150254415e-06,7.3069240897893906e-06,,,,,3.777090814044495,,1320,3.683333333333333
14.691666666653362,retreat,14.691667432896793,0.9575512316591777,1.8741764128208174,0.2181529998779297,-0.48590695951133966,3.857879395560829,0.011300709957140498,0.06852804166478502,0.0,0.0,0.0,0.0,53,0.032717663794755936,0.010851436294615269,0.032717637717723846,0.007384264376014471,0.0,-2.1428327660351147,0.0,0.0,0.0,0.0,0.0,0.0,-5.1637656724778935e-05,0.00023930966563057154,0.03365914896130562,0.9994332790374756,-0.002579305786639452,-0.001231697853654623,0.012334281578660011,-0.06678212434053421,0.08401267230510712,0.06777111440896988,-0.4793546795845032,0.5255014896392822,0.5091484785079956,-2.0096287727355957,-0.4866955876350403,2.419304370880127,1.1333094835281372,-0.013252363540232182,-0.01858167164027691,0.015902215614914894,-0.0035039859358221292,0.010733143426477909,-0.01683093048632145,-0.007657262962311506,0.6002272367477417,0.0016919528134167194,0.10544241964817047,0.03366659954190254,0.9994331002235413,6.086180292186327e-05,-0.00024507311172783375,6.674398719042074e-06,-1.823529601097107e-06,0.03238990157842636,-5.453093763208017e-06,-9.414593478140887e-06,0.9999998211860657,7.45385978007107e-06,0.0028589440044015646,0.0296099204570055,-0.013620737008750439,-0.008959062397480011,0.006112104281783104,-0.0003619997878558934,0.002869651187211275,-0.028625868260860443,0.015581035986542702,-0.004680650774389505,-0.005662203300744295,0.0007472075521945953,1.1861324310302734e-05,0.001682004309259355,0.02494335174560547,0.004024212248623371,0.004037332721054554,5.093878826301079e-06,7.2524999268352985e-06,,,,,3.777090814044495,,1320,3.6916666666666664
14.699999999986687,retreat,14.700000766664743,0.9003659549541823,1.798217743635179,0.20444393157958984,-0.48456748481839895,3.859097396785372,0.010638571438903455,0.03956468118525214,0.0,0.0,0.0,0.0,57,0.017808401957154274,0.0034090338740497828,0.017808400094509125,0.0021712803281843662,0.0,-2.0669587881628484,0.0,0.0,0.0,0.0,0.0,0.0,-6.127214146545157e-05,0.00025310629280284047,0.03366968408226967,0.9994329810142517,-0.002874145982787013,0.00018550922686699778,0.012513948604464531,0.027942722663283348,0.10218849778175354,0.07733506709337234,-0.47946906089782715,0.525341272354126,0.5092852115631104,-2.009674549102783,-0.48660996556282043,2.4191670417785645,1.133240818977356,-0.013566408306360245,-0.01890207827091217,0.015925798565149307,-0.0037132801953703165,0.010139347985386848,-0.016732146963477135,-0.007431034930050373,0.6002148389816284,0.0016912920400500298,0.10551780462265015,0.03366915136575699,0.9994329810142517,6.566059892065823e-05,-0.0002546040923334658,5.969659468973987e-06,-3.94647940993309e-06,0.032389186322689056,-1.3487823480318184e-06,-4.437156803760445e-06,0.9999999403953552,-5.325478582562937e-07,-0.002589829731732607,0.015069597400724888,-0.00912903156131506,-0.0029887869022786617,0.0016397045692428946,-5.848016371601261e-06,-0.0025829875376075506,-0.014421340078115463,0.010123846121132374,-0.0008115642704069614,-0.002008904702961445,0.00014185898180585355,1.2516975402832031e-05,0.001682530390098691,0.024943314492702484,0.004024200607091188,0.004038732498884201,5.641519237542525e-06,8.044909918680787e-06,,,,,3.777090814044495,,1320,3.6999999999999997
14.708333333320013,retreat,14.708334100432694,0.8432294089071313,1.7220430076122297,0.19121170043945312,-0.4874877631664276,3.8601121046702773,0.011373620509402826,0.055952909680744456,0.0,0.0,0.0,0.0,51,0.014645433984696865,0.0012016838882118464,0.014645435847342014,0.0019394461996853352,0.0,-1.9908546077590448,0.0,0.0,0.0,0.0,0.0,0.0,-6.885176117066294e-05,0.0002617660502437502,0.033678438514471054,0.9994326233863831,-0.002726676408201456,8.706865628482774e-05,0.012646165676414967,0.027192719280719757,0.09258197993040085,0.074123315513134,-0.4795835614204407,0.5251810550689697,0.5094224810600281,-2.0097203254699707,-0.4865242838859558,2.419029712677002,1.1331721544265747,-0.013883768580853939,-0.019180433824658394,0.01601240783929825,-0.003964349627494812,0.01011949684470892,-0.016547080129384995,-0.007583150174468756,0.6002022624015808,0.0016914657317101955,0.10559318959712982,0.033671826124191284,0.9994328618049622,7.127896242309362e-05,-0.00026401758077554405,5.910453182877973e-06,-9.802170097827911e-07,0.032388605177402496,-2.165775185858365e-06,-2.5032859412021935e-06,0.9999998807907104,-6.614867743337527e-06,-0.002933036768808961,0.012479125522077084,-0.0070821926929056644,-0.0005583544261753559,0.0010636020451784134,-3.2176118111237884e-05,-0.0029273328837007284,-0.011974524706602097,0.007907607592642307,0.0012446234468370676,-0.0014815675094723701,0.00013161245442461222,1.2993812561035156e-05,0.0016829674132168293,0.024943284690380096,0.00402543880045414,0.004038709681481123,5.287481144478079e-06,7.53975473344326e-06,,,,,3.777090814044495,,1320,3.7083333333333335
14.716666666653339,retreat,14.716667434200644,0.7861424959376322,1.6461290419101728,0.1779794692993164,-0.48818252980709076,3.8602135608108528,0.010709260095609352,0.0,0.0,0.0,0.0,0.0,68,0.012697497382760048,0.0007601692341268063,0.012697494588792324,0.0020336899906396866,0.0,-1.9149476965957535,0.0,0.0,0.0,0.0,0.0,0.0,-7.096622721292078e-05,0.0002700172190088779,0.033679284155368805,0.9994326829910278,-0.0027135431300848722,-9.324403072241694e-05,0.012694553472101688,0.020914455875754356,0.09089580178260803,0.07097439467906952,-0.4797036051750183,0.5250208377838135,0.5095598101615906,-2.009766101837158,-0.4864385426044464,2.4188923835754395,1.1331034898757935,-0.014159424230456352,-0.019428448751568794,0.016076141968369484,-0.004207761026918888,0.010231854394078255,-0.016351094469428062,-0.007801349274814129,0.6001899242401123,0.0016878820024430752,0.10566901415586472,0.03367408737540245,0.9994328618049622,7.339143485296518e-05,-0.00027304323157295585,5.596441951638553e-06,-4.002824425697327e-06,0.03238832950592041,-2.9443065159284743e-06,-2.5285639821959194e-06,1.0,-5.200365194468759e-06,-0.003410934703424573,0.010922967456281185,-0.005502794403582811,2.4924278477556072e-05,0.0007578963413834572,5.319004412740469e-05,-0.003406154690310359,-0.01052823755890131,0.006227415055036545,0.0016030039405450225,-0.0012511422391980886,3.0272847652668133e-05,1.33514404296875e-05,0.0016830099048092961,0.024943284690380096,0.004025410860776901,0.004038760904222727,5.192561729927547e-06,7.4015697464346886e-06,,,,,3.777090814044495,,1320,3.716666666666667
14.724999999986665,retreat,14.725000767968595,0.7291061184652712,1.5698798000812544,0.16486644744873047,-0.4924433305859566,3.860365740029749,0.011132098734378815,0.0,0.0,0.0,0.0,0.0,77,0.010925592854619026,0.0007252960349433124,0.010925592854619026,0.002022198401391506,0.0,-1.8387090362262972,0.0,0.0,0.0,0.0,0.0,0.0,-7.492693839594722e-05,0.0002792867016978562,0.033680692315101624,0.9994326233863831,-0.0026152734644711018,-0.00028809221112169325,0.012779234908521175,0.012845093384385109,0.08333979547023773,0.06851664930582047,-0.4798237681388855,0.5248606204986572,0.5096971392631531,-2.0098118782043457,-0.4863526225090027,2.418755054473877,1.1330348253250122,-0.014390668831765652,-0.019647248089313507,0.016114048659801483,-0.004440752323716879,0.010398498736321926,-0.016145391389727592,-0.008067098446190357,0.600177526473999,0.001684339251369238,0.10574433207511902,0.03367685154080391,0.9994327425956726,7.590174209326506e-05,-0.0002824494440574199,5.484078428708017e-06,-3.4025870263576508e-06,0.032387442886829376,-3.1286251669371268e-06,-1.083547772395832e-06,1.0,-3.842323621938704e-06,-0.0032217158004641533,0.009514168836176395,-0.004297642037272453,0.00031143613159656525,0.0006463922909460962,-0.00010601364920148626,-0.0032176862005144358,-0.009203717112541199,0.004930178634822369,0.0016860722098499537,-0.001101887784898281,0.000179693874088116,1.3828277587890625e-05,0.0016830801032483578,0.0249432772397995,0.004025388043373823,0.004038914572447538,5.040600626671221e-06,7.188646122813225e-06,,,,,3.777090814044495,,1320,3.725
14.73333333331999,retreat,14.733334101736546,0.6721211789096415,1.4942340552806868,0.15163421630859375,-0.4966760752722621,3.860619358751079,0.010996041964972392,0.0,0.0,0.0,0.0,0.0,79,0.009335854090750217,0.0007820157916285098,0.009335855022072792,0.0019538612104952335,0.0,-1.7630809262617932,0.0,0.0,0.0,0.0,0.0,0.0,-7.409064710373059e-05,0.00028886544168926775,0.03368271142244339,0.9994325637817383,-0.002605739515274763,-0.0003920926246792078,0.012805056758224964,0.011386075057089329,0.08153679221868515,0.06686461716890335,-0.47994402050971985,0.524700403213501,0.5098344683647156,-2.009857654571533,-0.4862663447856903,2.4186177253723145,1.132966160774231,-0.014574013650417328,-0.01983897015452385,0.016117332503199577,-0.004657856188714504,0.010572816245257854,-0.015918850898742676,-0.008310511708259583,0.600165069103241,0.001680801622569561,0.10582003742456436,0.03367932140827179,0.9994326233863831,7.824692147551104e-05,-0.0002918719837907702,5.314072041073814e-06,-2.873595803976059e-06,0.03238754719495773,-2.8645006295846542e-06,-4.257045475242194e-06,1.0,-3.3887890822370537e-06,-0.003041056217625737,0.008254818618297577,-0.0031253984197974205,0.0004255213134456426,0.0006558536551892757,-1.833920214266982e-05,-0.0030377954244613647,-0.008026105351746082,0.003675814950838685,0.0016181948594748974,-0.0010912008583545685,9.110567043535411e-05,1.430511474609375e-05,0.0016831810353323817,0.024943269789218903,0.0040253689512610435,0.00403902493417263,5.005213097319938e-06,7.137830834835768e-06,,,,,3.777090814044495,,1320,3.7333333333333334
14.741666666653316,retreat,14.741667435504496,0.6151885796903258,1.4183200895786299,0.13840198516845703,-0.5008308216929436,3.8608729608375465,0.006541966740769567,0.06852804166478502,0.0,0.0,0.0,0.0,79,0.008058782666921616,0.0007890650886110961,0.008058781735599041,0.0018332740291953087,0.0,-1.6871845942338612,0.0,0.0,0.0,0.0,0.0,0.0,-7.790234667481855e-05,0.00029804749647155404,0.0336846262216568,0.9994324445724487,-0.0025890194810926914,-0.0004553170292638242,0.012831108644604683,0.012015463784337044,0.07913978397846222,0.06480612605810165,-0.4800645709037781,0.5245288014411926,0.5099717974662781,-2.0099034309387207,-0.48617514967918396,2.418480396270752,1.1328974962234497,-0.014710790477693081,-0.020004481077194214,0.016086237505078316,-0.004858532454818487,0.01074521616101265,-0.015683289617300034,-0.008543894626200199,0.6001546382904053,0.0016762330196797848,0.10590134561061859,0.033682625740766525,0.9994324445724487,7.808046939317137e-05,-0.0002968463522847742,2.8383510652929544e-06,-3.864523023366928e-06,0.032392896711826324,1.208993580803508e-06,-1.36934573902181e-07,0.9999998211860657,-2.000699396376149e-06,-0.0027481939177960157,0.00729298684746027,-0.002050304552540183,0.00045576627599075437,0.000642673927359283,-4.325575355323963e-05,-0.002745703561231494,-0.007138770539313555,0.0025383122265338898,0.0015095395501703024,-0.001034205430187285,0.00011226275091757998,1.4781951904296875e-05,0.0016832766123116016,0.024943262338638306,0.004025355912744999,0.004039131570607424,5.013253030483611e-06,7.147376891225576e-06,,,,,3.777090814044495,,1320,3.7416666666666667
14.749999999986642,retreat,14.750000769272447,0.5583092232269244,1.336929947137834,0.1271963119506836,-0.5060334224253893,3.861227975818275,0.00626558994554216,0.055952909680744456,0.0,0.0,0.0,0.0,72,0.006644200533628464,0.0006809193873777986,0.006644200533628464,0.0016005212673917413,0.0,-1.605819136985223,0.0,0.0,0.0,0.0,0.0,0.0,-7.592290785396472e-05,0.00030600393074564636,0.033687837421894073,0.9994323253631592,-0.00197564996778965,-0.0005102397408336401,0.012815602123737335,0.012357443571090698,0.04070070758461952,0.04077257215976715,-0.4801902770996094,0.5243571400642395,0.5101091265678406,-2.009949207305908,-0.4860835075378418,2.4183430671691895,1.1328288316726685,-0.014806054532527924,-0.020143724977970123,0.016027826815843582,-0.005053703207522631,0.01093929260969162,-0.015481369569897652,-0.008792237378656864,0.6001442670822144,0.0016689086332917213,0.10598301887512207,0.03368588909506798,0.9994323253631592,7.532558083767071e-05,-0.00030194048304110765,2.3401862563332543e-06,-6.2123872339725494e-06,0.03239303454756737,4.038214228785364e-06,7.326063951040851e-07,0.9999998807907104,-1.947684495462454e-06,-0.002063915366306901,0.006309268996119499,-0.0002806692791637033,0.0005036377115175128,0.00043644895777106285,-0.00013968760322313756,-0.002062668791040778,-0.006276320666074753,0.0007061137002892792,0.0014153072843328118,-0.0007233525975607336,0.00018797484517563134,1.5139579772949219e-05,0.0016834367997944355,0.02494325488805771,0.004025345202535391,0.004039182793349028,5.017167040932691e-06,7.154769264161587e-06,,,,,3.777090814044495,,1320,3.75
14.758333333319968,retreat,14.758334103040397,0.5014840119390271,1.2552790343761457,0.11622905731201172,-0.5138551350682974,3.8616336673205525,0.006080853836465394,0.03956468118525214,0.0,0.0,0.0,0.0,76,0.005640297196805477,0.0008727648528292775,0.005640299990773201,0.0016587469726800919,0.0,-1.524196433084421,0.0,0.0,0.0,0.0,0.0,0.0,-7.790418021613732e-05,0.0003118302847724408,0.03369133174419403,0.9994322061538696,-0.0018218605546280742,-0.0005498667014762759,0.012800849974155426,0.013023625127971172,0.030194712802767754,0.03433994948863983,-0.480316162109375,0.5241854786872864,0.5102464556694031,-2.0099949836730957,-0.48599186539649963,2.418205738067627,1.1327601671218872,-0.014854221604764462,-0.02025272510945797,0.015935616567730904,-0.005240391939878464,0.011132034473121166,-0.015218927524983883,-0.00903308391571045,0.6001339554786682,0.0016609844751656055,0.10606448352336884,0.03368951380252838,0.9994322657585144,7.272343646036461e-05,-0.00030684194643981755,2.007465809583664e-06,-6.536487489938736e-06,0.032392844557762146,4.812950919586001e-06,5.3423955250764266e-06,0.9999999403953552,-1.8188183048550854e-06,-0.002527001313865185,0.004967923276126385,0.0008642654865980148,0.0006646511028520763,0.0005305191734805703,-0.00019623148546088487,-0.002526701893657446,-0.005015164613723755,-0.0005261979531496763,0.0013826102949678898,-0.0008801624062471092,0.00025523381191305816,1.5437602996826172e-05,0.001683611306361854,0.024943239986896515,0.004025339614599943,0.0040392689406871796,5.020310709369369e-06,7.159891538321972e-06,,,,,3.777090814044495,,1320,3.7583333333333333
14.766666666653293,retreat,14.766667436808348,0.4447138482462236,1.1739484965801252,0.10544061660766602,-0.5221992032602429,3.861988612478897,0.005940751179878134,0.03956468118525214,0.0,0.0,0.0,0.0,86,0.0051516820676624775,0.0008524334407411516,0.005151684395968914,0.0015208772383630276,0.0,-1.4428905756034942,0.0,0.0,0.0,0.0,0.0,0.0,-7.33246051822789e-05,0.0003162386710755527,0.03369453549385071,0.9994320273399353,-0.0017434553010389209,-0.0005798754282295704,0.012775914743542671,0.013133717700839043,0.024153219535946846,0.030898649245500565,-0.4804420471191406,0.5240138173103333,0.5103834867477417,-2.010040760040283,-0.48589903116226196,2.4180684089660645,1.132691502571106,-0.014860041439533234,-0.020333824679255486,0.01581600122153759,-0.005416747182607651,0.01131877675652504,-0.0149484658613801,-0.009247817099094391,0.600123405456543,0.0016534733586013317,0.10614608228206635,0.0336923822760582,0.9994322061538696,6.927617505425587e-05,-0.00031187612330541015,2.102575308526866e-06,-5.909707397222519e-06,0.032393187284469604,4.227745648677228e-06,4.195583187538432e-06,0.9999999403953552,-2.1568682768702274e-06,-0.002658505691215396,0.0038465168327093124,0.0021625179797410965,0.0007051587454043329,0.000450985215138644,-0.00016126452828757465,-0.002659229561686516,-0.003983736969530582,-0.0018968896474689245,0.0012610885314643383,-0.0008221445605158806,0.00021633639698848128,1.5676021575927734e-05,0.0016837710281834006,0.02494322508573532,0.004025338217616081,0.004039354622364044,5.0185735744889826e-06,7.159309461712837e-06,,,,,3.777090814044495,,1320,3.7666666666666666
14.774999999986619,retreat,14.775000770576298,0.3879996345681107,1.0926030576229109,0.09447336196899414,-0.529973884113133,3.8621914236599757,0.010532189662626479,0.055952909680744456,0.0,0.0,0.0,0.0,92,0.005207976326346397,0.0008488662424497306,0.005207976792007685,0.001410226570442319,0.0,-1.361559238662019,0.0,0.0,0.0,0.0,0.0,0.0,-7.378046575468034e-05,0.00032010194263421,0.03369608893990517,0.9994320273399353,-0.0017881346866488457,-0.0006041455781087279,0.012741504237055779,0.012989997863769531,0.02551286295056343,0.03165614604949951,-0.48056790232658386,0.5238421559333801,0.5105095505714417,-2.0100865364074707,-0.48580166697502136,2.417931079864502,1.1326228380203247,-0.01482284627854824,-0.020387962460517883,0.015665249899029732,-0.00558105856180191,0.011487122625112534,-0.014660968445241451,-0.009441753849387169,0.6001124978065491,0.0016391598619520664,0.10622594505548477,0.03369652107357979,0.9994319677352905,5.941245399299078e-05,-0.000319012877298519,2.5261924747610465e-06,-1.2602657079696655e-05,0.0323912538588047,6.042553195584333e-07,1.439899187971605e-05,0.9999998807907104,4.298516955714149e-07,-0.0027053551748394966,0.0029303415212780237,0.0033492043148726225,0.0006965761422179639,0.0004431268898770213,-0.00019746932957787067,-0.0027070660144090652,-0.0031495357397943735,-0.0031424900516867638,0.0011201840825378895,-0.0008186557097360492,0.00025244662538170815,1.5854835510253906e-05,0.0016838486772030592,0.02494322508573532,0.004025341011583805,0.004039451479911804,5.016573595639784e-06,7.154390914365649e-06,,,,,3.777090814044495,,1320,3.775
14.783333333319945,retreat,14.783334104344249,0.3313422733242781,1.0131351649761213,0.08296966552734375,-0.5443784175440669,3.861380115119008,0.009980293725675438,0.0,0.0,0.0,0.0,0.0,73,0.006358282640576363,0.0010571199236437678,0.006358282640576363,0.0016709353076294065,0.0,-1.2820349334947099,0.0,0.0,0.0,0.0,0.0,0.0,-6.35113101452589e-05,0.0003264701517764479,0.03368880972266197,0.9994323253631592,-0.0018889278871938586,-0.0022891880944371223,0.012656748294830322,-0.09738197177648544,0.03055238351225853,0.035157524049282074,-0.48069217801094055,0.523670494556427,0.5106356739997864,-2.010132312774658,-0.4857042729854584,2.4177937507629395,1.1325312852859497,-0.014762217178940773,-0.020408840849995613,0.015529432334005833,-0.005743782501667738,0.011700576171278954,-0.014308885671198368,-0.009673080407083035,0.6001013517379761,0.0016257031820714474,0.1063060536980629,0.03370087966322899,0.9994319081306458,6.194348679855466e-05,-0.00032647675834596157,2.6467077987035736e-06,-1.1981930583715439e-05,0.03239196166396141,-5.965386407069673e-08,1.5738752381366794e-06,1.0,1.2077456631232053e-05,-0.0023823082447052,0.003843344282358885,0.00447001913562417,0.0007336073904298246,0.00062912906287238,-0.0004283917078282684,-0.002384645864367485,-0.0041359723545610905,-0.00419939961284399,0.0012893012026324868,-0.0009420971618965268,0.0004921180661767721,1.621246337890625e-05,0.0016834853449836373,0.024943247437477112,0.004025330767035484,0.00403823796659708,4.779634764418006e-06,6.817135727033019e-06,,,,,3.777090814044495,,1320,3.783333333333333
14.79166666665327,retreat,14.7916674381122,0.27474266693431204,0.9334437549114241,0.07134675979614258,-0.5578761920332909,3.861735083546895,0.007532074050686788,0.0,0.0,0.0,0.0,0.0,74,0.006403125356882811,0.0008654393604956567,0.006403126288205385,0.0013112297747284174,0.0,-1.2023682053704763,0.0,0.0,0.0,0.0,0.0,0.0,-6.509633385576308e-05,0.00033311801962554455,0.03369181230664253,0.9994322061538696,-0.0019194971537217498,-0.0035934504121541977,0.012502666562795639,0.01774524711072445,0.03244883567094803,0.03532774746417999,-0.4808124303817749,0.5234988331794739,0.5107617378234863,-2.0101780891418457,-0.4856069087982178,2.4176583290100098,1.1324397325515747,-0.01466312725096941,-0.020404856652021408,0.01537036057561636,-0.005886041559278965,0.011844131164252758,-0.013985516503453255,-0.009739392437040806,0.6000906229019165,0.0016153352335095406,0.10638608783483505,0.03370440751314163,0.9994317889213562,6.654052413068712e-05,-0.0003326772421132773,2.1440846467157826e-06,-9.111128747463226e-06,0.03239251673221588,4.923142000734515e-07,-1.4220483990357025e-06,1.0,1.2603860341187101e-05,-0.002162552671507001,0.002276646438986063,0.0055803461000323296,0.0006421003490686417,0.0005474838544614613,0.00019223395793233067,-0.0021658840123564005,-0.002647664863616228,-0.005412840750068426,0.0009710501180961728,-0.0008707967353984714,-0.0001345298223895952,1.6510486602783203e-05,0.0016836351715028286,0.024943239986896515,0.004025324713438749,0.004038254730403423,-2.080661943182349e-06,-2.967481123050675e-06,,,,,3.777090814044495,,1320,3.7916666666666665
14.799999999986596,retreat,14.80000077188015,0.21820171781781283,0.8538939058780683,0.05996227264404297,-0.5689780227839947,3.8629011790673737,0.003283787918917369,0.03956468118525214,0.0,0.0,0.0,0.0,64,0.006803518161177635,0.0009175753802992404,0.006803520023822784,0.0007252609357237816,0.0,-1.1228994381240025,0.0,0.0,0.0,0.0,0.0,0.0,-6.831198697909713e-05,0.0003408535267226398,0.033701881766319275,0.999431848526001,-0.0018109319498762488,-0.0015287785790860653,0.012878352776169777,-0.09789322316646576,0.022880110889673233,0.031199250370264053,-0.4809325933456421,0.5233271718025208,0.510887622833252,-2.010223865509033,-0.4855095148086548,2.4175426959991455,1.1323481798171997,-0.014511717483401299,-0.02038407512009144,0.015143373981118202,-0.006004122085869312,0.011897615157067776,-0.013706999830901623,-0.009767201729118824,0.6000837683677673,0.0016060704365372658,0.10646750777959824,0.03370501101016998,0.9994317293167114,7.141556852729991e-05,-0.0003301760589238256,-2.55734812526498e-06,-7.4445270001888275e-06,0.03239450603723526,1.0773222129500937e-05,-2.739529008977115e-06,0.9999999403953552,3.1320662401412847e-06,-0.0018529256340116262,-0.004007337149232626,0.005176463630050421,0.0008155535906553268,0.0004138027143198997,7.472739525837824e-05,-0.0018569779349491,0.003649262711405754,-0.005433451384305954,0.00023673329269513488,-0.0006849313504062593,-2.8806480258936062e-05,1.6927719116210938e-05,0.0016841378528624773,0.02494320273399353,0.004025318194180727,0.004038357641547918,4.932064257445745e-06,7.03454134054482e-06,,,,,3.777090814044495,,1320,3.8
14.808333333319922,retreat,14.8083341056481,0.16172032839436312,0.773040205240251,0.05257129669189453,-0.578590203076601,3.863914889547977,0.006608139301533811,0.07912936237050427,0.0,0.0,0.0,0.0,91,0.00860187504440546,0.0010232455097138882,0.008601872250437737,0.000644397980067879,0.0,-1.0421162234370631,0.0,0.0,0.0,0.0,0.0,0.0,-7.888799154898152e-05,0.0003434878308326006,0.03371073678135872,0.9994314908981323,-0.0006256400956772268,-0.0007515134639106691,0.012577907182276249,-0.009977455250918865,-0.04793890565633774,-0.014676104299724102,-0.4810527563095093,0.5231555104255676,0.5110135078430176,-2.0102696418762207,-0.48541074991226196,2.4174511432647705,1.1322566270828247,-0.014347555115818977,-0.02034294605255127,0.014932294376194477,-0.006128582172095776,0.01202097162604332,-0.013455729931592941,-0.009811313822865486,0.6000819206237793,0.001599051058292389,0.10655124485492706,0.03370102494955063,0.9994317889213562,7.595546048833057e-05,-0.00031605956610292196,-9.0230350906495e-06,-4.794914275407791e-06,0.0323975533246994,2.7313222744851373e-05,3.8523089642694686e-06,0.9999997615814209,-9.713188774185255e-06,-0.0002668325323611498,-0.003117671702057123,0.008012562990188599,0.0009569379035383463,0.00033605608041398227,0.00013552709424402565,-0.000272393343038857,0.0025707976892590523,-0.008204206824302673,0.0005065507139079273,-0.00038274319376796484,-0.00011028500739485025,1.704692840576172e-05,0.001684579998254776,0.024943172931671143,0.0040253098122775555,0.0040384321473538876,4.947465640725568e-06,7.052527507767081e-06,,,,,3.777090814044495,,1320,3.808333333333333
14.816666666653248,retreat,14.816667439416051,0.10529940108355973,0.6901152431964888,0.05060434341430664,-0.5851510213688016,3.863458752697028,0.007714288585702889,0.055952909680744456,0.0,0.0,0.0,0.0,65,0.010012556798756123,0.0006790371262468398,0.010012557730078697,0.0002948720648419112,0.0,-0.9591595450110408,0.0,0.0,0.0,0.0,0.0,0.0,-8.497716044075787e-05,0.0003368609177414328,0.0337071530520916,0.9994316697120667,0.001055489992722869,-0.00035211682552471757,0.012287931516766548,0.02690461464226246,-0.15220043063163757,-0.07930242270231247,-0.48117291927337646,0.5229838490486145,0.5111393928527832,-2.010315418243408,-0.4853076934814453,2.4173583984375,1.1321650743484497,-0.014157472178339958,-0.020285358652472496,0.014706180430948734,-0.006254033651202917,0.012135022319853306,-0.013280151411890984,-0.009838616475462914,0.6000799536705017,0.0015920610167086124,0.10663490742444992,0.033695947378873825,0.9994319677352905,7.917922630440444e-05,-0.0003030250081792474,-9.873663657344878e-06,-4.9443915486335754e-06,0.03239825367927551,3.362107963766903e-05,6.92610046826303e-06,0.9999998807907104,-1.1209104741283227e-05,-0.0003912786487489939,-0.002718382515013218,0.009628529660403728,0.000663332233671099,-9.362192213302478e-05,0.00011098089453298599,-0.00039754496538080275,0.002063638297840953,-0.00978951808065176,0.0002705837832763791,2.966892861877568e-05,-0.00011337421165080741,1.6689300537109375e-05,0.0016844011843204498,0.024943187832832336,0.004025299102067947,0.004038526210933924,5.313242581905797e-06,7.57575617171824e-06,,,,,3.777090814044495,,1320,3.8166666666666664
14.824999999986574,retreat,14.825000773184001,0.04893983830499593,0.6073765456676496,0.049233436584472656,-0.5912695778533816,3.8624449226834185,0.007883490980020724,0.03956468118525214,0.0,0.0,0.0,0.0,67,0.010682293213903904,0.0005633781547658145,0.010682294145226479,0.00037544063525274396,0.0,-0.8763503531819747,0.0,0.0,0.0,0.0,0.0,0.0,-9.331398905487731e-05,0.00032485881820321083,0.03369836509227753,0.9994320273399353,0.0013594967313110828,-0.00039140184526331723,0.012190441600978374,0.02209683135151863,-0.172061949968338,-0.09438110142946243,-0.4812874495983124,0.5228121876716614,0.511262059211731,-2.0103611946105957,-0.4852046072483063,2.4172661304473877,1.1320735216140747,-0.013929242268204689,-0.020204924046993256,0.014445466920733452,-0.006374634336680174,0.012214423157274723,-0.013022856786847115,-0.009836784563958645,0.6000776290893555,0.0015866332687437534,0.1067180335521698,0.033691465854644775,0.9994321465492249,8.355457248399034e-05,-0.0002901736879721284,-9.761650289874524e-06,-3.990251570940018e-06,0.03239868953824043,3.433795791352168e-05,1.0924558409897145e-05,0.9999999403953552,-6.899648269609315e-06,-0.0026795484591275454,-0.0024259912315756083,0.010052163153886795,0.0005507856840267777,-8.138002158375457e-05,8.606622577644885e-05,-0.0026857745833694935,0.0017431285232305527,-0.010191149078309536,0.00020035103079862893,-0.0003107072552666068,-6.53922907076776e-05,1.609325408935547e-05,0.0016839628806337714,0.024943217635154724,0.0040252902545034885,0.004038703162223101,5.233840965956915e-06,7.46286241337657e-06,,,,,3.777090814044495,,1320,3.8249999999999997
14.8333333333199,retreat,14.833334106951952,-0.007357457521738553,0.5252487957477583,0.04744529724121094,-0.596166355535388,3.861887202900341,0.009000777026813012,0.055952909680744456,0.0,0.0,0.0,0.0,74,0.012021456845104694,0.0005293013527989388,0.012021456845104694,0.0002452646440360695,0.0,-0.7941838234846975,0.0,0.0,0.0,0.0,0.0,0.0,-9.24758569453843e-05,0.00031057934393174946,0.03369372338056564,0.9994322061538696,0.0013008109526708722,-0.0004536992055363953,0.012104090303182602,0.015754254534840584,-0.17110779881477356,-0.092298723757267,-0.48140189051628113,0.5226405262947083,0.511376678943634,-2.010406970977783,-0.48510152101516724,2.4171745777130127,1.1319819688796997,-0.013669711537659168,-0.020107856020331383,0.014154885895550251,-0.006488627288490534,0.012265955097973347,-0.012782475911080837,-0.009800124913454056,0.6000751256942749,0.0015762117691338062,0.10679993033409119,0.033688414841890335,0.9994322657585144,8.455358329229057e-05,-0.0002780140785034746,-9.835353921516798e-06,-9.288545697927475e-06,0.03239809721708298,3.2282343454426154e-05,9.01473504200112e-06,0.9999998807907104,-5.307734227244509e-06,-0.003755718469619751,-0.0024672280997037888,0.011150013655424118,0.0003769890172407031,-0.0003434199606999755,0.00014178140554577112,-0.003762313863262534,0.0017102370038628578,-0.011288734152913094,2.0613748347386718e-05,-0.0002081488200929016,-0.0001280776341445744,1.537799835205078e-05,0.0016837309813126922,0.024943232536315918,0.004025281872600317,0.004038803279399872,5.116997726872796e-06,7.298396667465568e-06,,,,,3.777090814044495,,1320,3.8333333333333335
14.841666666653225,retreat,14.841667440719903,-0.063591583977054,0.4444099962711348,0.045418739318847656,-0.6059932056814432,3.861532248434729,0.008941214218793903,0.0,0.0,0.0,0.0,0.0,78,0.013134818524122238,0.0006246426491998136,0.013134822249412537,0.0002098770928569138,0.0,-0.7133203430428718,0.0,0.0,0.0,0.0,0.0,0.0,-9.26020584302023e-05,0.000297935854177922,0.03369033709168434,0.9994322657585144,0.0012906070332974195,-0.00047407683450728655,0.011974254623055458,0.012555155903100967,-0.17280688881874084,-0.09321792423725128,-0.48151323199272156,0.5224690437316895,0.5114911198616028,-2.0104527473449707,-0.4849984347820282,2.4170830249786377,1.1318904161453247,-0.013389600440859795,-0.01999351568520069,0.01385493203997612,-0.006604981143027544,0.012327332980930805,-0.01252061128616333,-0.009783218614757061,0.6000723242759705,0.0015675476752221584,0.10688168555498123,0.03368599712848663,0.9994323253631592,8.710784459253773e-05,-0.00026604137383401394,-9.84108010015916e-06,-8.03312286734581e-06,0.03239908069372177,3.169294723193161e-05,6.568252501892857e-06,1.0,-4.3393156374804676e-06,-0.0037179302889853716,-0.0035351396072655916,0.012091453187167645,0.000530929013621062,-0.0003287059662397951,-1.5660461940569803e-05,-0.0037249678280204535,0.0027123731561005116,-0.01230004895478487,2.035230863839388e-05,-0.00020677369320765138,2.964486338896677e-05,1.4722347259521484e-05,0.0016835619462653995,0.024943247437477112,0.004025274887681007,0.004038929007947445,5.046493697591359e-06,7.1966496761888266e-06,,,,,3.777090814044495,,1320,3.841666666666667
14.84999999998655,retreat,14.850000774487853,-0.11976163864136069,0.363794714212419,0.04297494888305664,-0.6141004851087928,3.861177261387906,0.004645713488571346,0.055952909680744456,0.0,0.0,0.0,0.0,84,0.014071514829993248,0.0006291859899647534,0.014071512967348099,0.0002608470094855875,0.0,-0.6326803777431667,0.0,0.0,0.0,0.0,0.0,0.0,-9.697301720734686e-05,0.0002868088777177036,0.03368743509054184,0.999432384967804,0.001250352361239493,-0.0004374346463009715,0.011838731355965137,0.01341809332370758,-0.17301231622695923,-0.09425222873687744,-0.48162195086479187,0.5223085284233093,0.5116055607795715,-2.010498523712158,-0.48489534854888916,2.4169914722442627,1.1317988634109497,-0.013085461221635342,-0.019863294437527657,0.013536482118070126,-0.006718767806887627,0.012374629266560078,-0.012242925353348255,-0.009729006327688694,0.6000676155090332,0.0015618824400007725,0.1069580465555191,0.033680349588394165,0.9994325637817383,9.122431220021099e-05,-0.0002586502523627132,-8.066350346780382e-06,-4.943925887346268e-06,0.03239501267671585,2.7950363801210187e-05,6.692650003969902e-06,0.9999998807907104,-7.088347956596408e-06,-0.0037373281084001064,-0.004204962402582169,0.012897991575300694,0.000536787265446037,-0.00031128915725275874,0.00010408409434603527,-0.003744756802916527,0.0033264802768826485,-0.013149859383702278,-7.063051452860236e-05,-0.00023502341355197132,-8.841094677336514e-05,1.4185905456542969e-05,0.001683417009189725,0.02494325488805771,0.004025274887681007,0.004039086401462555,5.046419119025813e-06,7.197289960458875e-06,,,,,3.777090814044495,,1320,3.85
14.858333333319877,retreat,14.858334108255804,-0.17586671909505114,0.28858855366706987,0.038743019104003906,-0.6191103020682931,3.8605686363377063,0.004533265837380895,0.03956468118525214,0.0,0.0,0.0,0.0,63,0.01424237061291933,0.0004239636182319373,0.014242376200854778,0.0005326283280737698,0.0,-0.5574318977739252,0.0,0.0,0.0,0.0,0.0,0.0,-9.94977235677652e-05,0.000276888778898865,0.03368216007947922,0.9994325041770935,0.0007557875942438841,-0.00039892809581942856,0.011712643317878246,0.013161011040210724,-0.14517199993133545,-0.07653769105672836,-0.4817306697368622,0.5221483111381531,0.5117200016975403,-2.0105443000793457,-0.4847922623157501,2.4168999195098877,1.1317176818847656,-0.012753263115882874,-0.0197202879935503,0.013188788667321205,-0.006817493122071028,0.012368200346827507,-0.011920150369405746,-0.009628885425627232,0.6000624895095825,0.0015558209270238876,0.10703378170728683,0.03367498144507408,0.9994327425956726,9.002787555800751e-05,-0.000251464982284233,-7.634547728230245e-06,-5.681067705154419e-06,0.032395459711551666,2.5095243472605944e-05,1.0317193300579675e-05,0.9999999403953552,-7.18107685315772e-06,-0.003836614079773426,-0.00422411784529686,0.013049228116869926,0.00038838363252580166,-9.157250315183774e-05,0.00014324030780699104,-0.003843925427645445,0.003335546236485243,-0.013302016071975231,-0.00022176580387167633,-0.0004712177033070475,-0.00011165441537741572,1.3649463653564453e-05,0.0016831536777317524,0.024943269789218903,0.004025276750326157,0.004039164166897535,5.048138064012164e-06,7.2011316660791636e-06,,,,,3.777090814044495,,1320,3.8583333333333334
14.866666666653202,retreat,14.866667442023754,-0.2319059229185534,0.2140529453754439,0.033855438232421875,-0.6244642427191138,3.8599599154669235,0.006443474831030471,0.07912936237050427,0.0,0.0,0.0,0.0,63,0.014523082412779331,0.00033468366018496454,0.014523076824843884,0.0004929796559736133,0.0,-0.48285396336538583,0.0,0.0,0.0,0.0,0.0,0.0,-9.905584738589823e-05,0.0002688600216060877,0.03367697075009346,0.9994326233863831,0.0006169182015582919,-0.0003629557613749057,0.011570338159799576,0.014095579273998737,-0.13849371671676636,-0.07214997708797455,-0.48183366656303406,0.5219880938529968,0.5118231773376465,-2.010590076446533,-0.4846891760826111,2.4168083667755127,1.1316479444503784,-0.012402767315506935,-0.019567003473639488,0.012827403843402863,-0.006905899383127689,0.01235276460647583,-0.011613144539296627,-0.009558442048728466,0.6000571846961975,0.0015466390177607536,0.1071082353591919,0.03367197513580322,0.9994328022003174,8.106724271783605e-05,-0.00024504971224814653,-7.612785339006223e-06,-9.29972156882286e-06,0.032395124435424805,2.3194270397652872e-05,1.87836976692779e-05,0.9999997615814209,-4.999248631065711e-06,-0.0029994796495884657,-0.004358865320682526,0.013524915091693401,0.0003093466511927545,-7.331211963901296e-05,-0.00010460942576173693,-0.003006808692589402,0.0034382380545139313,-0.013786129653453827,-0.0003201207728125155,-0.0003520972386468202,0.00012875997344963253,1.329183578491211e-05,0.0016828944208100438,0.024943292140960693,0.004025281872600317,0.004039302002638578,5.046573278377764e-06,7.197697414085269e-06,,,,,3.777090814044495,,1320,3.8666666666666667
14.874999999986528,retreat,14.875000775791705,-0.28787834769226706,0.14078393578529497,0.028848648071289062,-0.6330208852887154,3.8596047840237935,0.00679872482578503,0.06852804166478502,0.0,0.0,0.0,0.0,68,0.014779376797378063,0.0005807756679132581,0.014779373072087765,0.0006183619261719286,0.0,-0.4095602604482426,0.0,0.0,0.0,0.0,0.0,0.0,-8.911635086406022e-05,0.00026225170586258173,0.033673860132694244,0.9994327425956726,0.0005940304836258292,-0.0003184014931321144,0.011426510289311409,0.01399996131658554,-0.13845506310462952,-0.07180268317461014,-0.4819358289241791,0.5218278765678406,0.5119262337684631,-2.0106358528137207,-0.48458608984947205,2.4167168140411377,1.1315780878067017,-0.012039379216730595,-0.019401120021939278,0.012463037855923176,-0.0069865817204117775,0.012346376664936543,-0.011280096136033535,-0.00952641200274229,0.6000515818595886,0.0015376238152384758,0.10718236118555069,0.03366944193840027,0.9994329810142517,7.298711716430262e-05,-0.00023903610417619348,-7.388206540781539e-06,-9.649433195590973e-06,0.032395947724580765,2.2661653929390013e-05,1.6903479263419285e-05,0.9999998211860657,-4.425026418175548e-06,-0.0022863484919071198,-0.005090183578431606,0.013685490004718304,0.00045454324572347105,9.668611164670438e-05,-0.00034834264079108834,-0.002293644705787301,0.004157301038503647,-0.013995924964547157,-0.0002804538235068321,-0.00040251071914099157,0.0003764335415326059,1.2934207916259766e-05,0.0016827391227707267,0.02494329959154129,0.004025288857519627,0.004039347171783447,5.043926648795605e-06,7.196533260867e-06,,,,,3.777090814044495,,1320,3.875
14.883333333319854,retreat,14.883334109559655,-0.3437830909966024,0.06789490580558916,0.023365020751953125,-0.6413910305127501,3.8592496199506146,0.0063046572904568166,0.055952909680744456,0.0,0.0,0.0,0.0,54,0.015635723248124123,0.0003899585863109678,0.015635721385478973,0.0010060110362246633,0.0,-0.3366465348623483,0.0,0.0,0.0,0.0,0.0,0.0,-7.748844654997811e-05,0.0002562404260970652,0.03367091715335846,0.9994328618049622,0.0005224946071393788,-0.006868551019579172,0.011336591094732285,0.4921601116657257,-0.13315731287002563,-0.06983000785112381,-0.4820331037044525,0.5216676592826843,0.512029230594635,-2.010681629180908,-0.4844829738140106,2.4166252613067627,1.131508708000183,-0.011693251319229603,-0.019206030294299126,0.012179787270724773,-0.0070767332799732685,0.012455912306904793,-0.010865581221878529,-0.009505130350589752,0.6000460982322693,0.0015314589254558086,0.10725665837526321,0.033666618168354034,0.9994330406188965,6.671217852272093e-05,-0.00023282053007278591,-7.776747224852443e-06,-7.3607079684734344e-06,0.03239748999476433,2.3044509362080134e-05,1.1556873687368352e-05,0.9999998807907104,-4.303650257497793e-06,-0.0019519812194630504,0.005807378329336643,0.014385407790541649,-6.697680510114878e-05,0.00033502973383292556,-0.00018798108794726431,-0.001957745524123311,-0.006762509234249592,-0.013961069285869598,0.0007722905138507485,-0.0006027816561982036,0.00022864804486744106,1.2695789337158203e-05,0.0016825920902192593,0.024943314492702484,0.004025298170745373,0.004038166254758835,-0.0002964777231682092,-0.0004228129982948303,,,,,3.777090814044495,,1320,3.8833333333333333
14.89166666665318,retreat,14.891667443327606,-0.39961925041196267,-0.005090981721876664,0.01800060272216797,-0.6470832740888,3.8576763580250204,0.006333363216981525,0.0,0.0,0.0,0.0,0.0,60,0.019143301993608475,0.0003648806014098227,0.019143303856253624,0.0019021985353901982,0.0,-0.2635512536659293,0.0,0.0,0.0,0.0,0.0,0.0,-7.663266296731308e-05,0.0002523205184843391,0.03365748003125191,0.9994333982467651,0.0005731803830713034,-0.0019357323180884123,0.01108155120164156,-0.09672413021326065,-0.13973946869373322,-0.07276929169893265,-0.4821248948574066,0.5215074419975281,0.5121292471885681,-2.0107274055480957,-0.4843798875808716,2.4165337085723877,1.1314400434494019,-0.011267093010246754,-0.01903413236141205,0.01171487383544445,-0.0070973653346300125,0.012224744074046612,-0.010683865286409855,-0.009322297759354115,0.6000403761863708,0.0015271385200321674,0.10733036696910858,0.033663950860500336,0.999433159828186,6.167701940285042e-05,-0.0002269134420203045,-7.790574272803497e-06,-5.867332220077515e-06,0.03239830955862999,2.488914287823718e-05,1.5804545910214074e-05,1.0,6.474695965152932e-06,-0.0019624605774879456,-0.012813703157007694,0.01408629771322012,-3.6357942008180544e-05,-0.00027580789173953235,-0.00023610579955857247,-0.0019705668091773987,0.011836585588753223,-0.014915702864527702,-0.001887354883365333,8.109142072498798e-06,0.0002370339643675834,1.245737075805664e-05,0.0016819214215502143,0.024943359196186066,0.004025295376777649,0.004038295708596706,4.78488982480485e-06,6.828544428572059e-06,,,,,3.777090814044495,,1320,3.8916666666666666
14.899999999986505,retreat,14.900000777095556,-0.4553859235187616,-0.07768198847770552,0.012695789337158203,-0.6516968132928014,3.8590466543979627,0.008564464224036783,0.0,0.0,0.0,0.0,0.0,67,0.01619669981300831,0.0009274926269426942,0.01619669608771801,0.0006318276864476502,0.0,-0.1910555277805405,0.0,0.0,0.0,0.0,0.0,0.0,-7.21373435226269e-05,0.00024473786470480263,0.0336693674325943,0.9994329810142517,0.0005890516331419349,-0.0003733936173375696,0.01109572034329176,-0.009671549312770367,-0.14049196243286133,-0.07320243120193481,-0.4822164475917816,0.5213472247123718,0.5122209787368774,-2.010773181915283,-0.48427680134773254,2.4164421558380127,1.1313713788986206,-0.010853614658117294,-0.018838824704289436,0.011299657635390759,-0.007141195237636566,0.012202650308609009,-0.010320493020117283,-0.009248045273125172,0.6000341176986694,0.0015173638239502907,0.1074029803276062,0.033663783222436905,0.999433159828186,5.307652099872939e-05,-0.00022218615049496293,-7.123901923478115e-06,-1.1007767170667648e-05,0.032397981733083725,2.189798397012055e-05,1.98069083126029e-05,1.0,-5.5897962738526985e-06,-0.0009341345285065472,-0.008547129109501839,0.013726145960390568,0.0008491806220263243,0.00034588659764267504,-0.00013963269884698093,-0.0009412163635715842,0.007604042999446392,-0.014269743114709854,-0.00038534298073500395,-0.0004702887963503599,0.00017188792116940022,1.2099742889404297e-05,0.0016825146740302444,0.024943314492702484,0.004025289788842201,0.004038393031805754,4.955150870955549e-06,7.065711542963982e-06,,,,,3.777090814044495,,1320,3.9
14.908333333319831,retreat,14.908334110863507,-0.5110822078974095,-0.14901384711265425,0.006735324859619141,-0.6607640534639359,3.8589959113443446,0.007748580173938535,0.0,0.0,0.0,0.0,0.0,73,0.016377296298742294,0.0009684370015747845,0.016377288848161697,0.0006056568818166852,0.0,-0.11972014082962945,0.0,0.0,0.0,0.0,0.0,0.0,-6.532925181090832e-05,0.00023922887339722365,0.03366876021027565,0.9994330406188965,0.0004012820718344301,4.425137012731284e-05,0.010771600529551506,0.025558268651366234,-0.13030317425727844,-0.06554622203111649,-0.48230230808258057,0.5211871862411499,0.5123125314712524,-2.0108189582824707,-0.4841737151145935,2.4163506031036377,1.1313027143478394,-0.01044019591063261,-0.018628429621458054,0.01090714056044817,-0.007174720987677574,0.012221684679389,-0.009944930672645569,-0.009216566570103168,0.6000279784202576,0.0015113772824406624,0.10747570544481277,0.03366343677043915,0.9994332194328308,4.7471217840211466e-05,-0.0002171918167732656,-7.256054232129827e-06,-8.004717528820038e-06,0.03239959850907326,2.1425865270430222e-05,1.859318945207633e-05,1.0,-5.328904080670327e-06,-0.001011384418234229,-0.007397999055683613,0.014576094225049019,0.0008567927870899439,0.0003314944915473461,-0.00030641103512607515,-0.0010184762068092823,0.006400341168045998,-0.015040409751236439,-0.00021169905085116625,-0.0004558177897706628,0.0003379850822966546,1.1861324310302734e-05,0.0016824844060465693,0.02494332194328308,0.004025282338261604,0.004038513638079166,5.273661372484639e-06,7.51792686060071e-06,,,,,3.777090814044495,,1320,3.908333333333333
14.916666666653157,retreat,14.916667444631457,-0.5667072011283061,-0.22045001387595992,0.0008344650268554688,-0.6659241626039147,3.8585391938780695,0.0033817077564890496,0.03956468118525214,0.0,0.0,0.0,0.0,70,0.015841204673051834,0.0005924770375713706,0.015841206535696983,0.00048646092182025313,0.0,-0.04825221712834518,0.0,0.0,0.0,0.0,0.0,0.0,-5.828974099131301e-05,0.0002346951368963346,0.033664923161268234,0.9994331002235413,0.0004172957269474864,7.320135773625225e-05,0.010675427503883839,0.022338366135954857,-0.13149741291999817,-0.06852810084819794,-0.48238804936408997,0.5210384130477905,0.5124040842056274,-2.010864734649658,-0.48407062888145447,2.4162590503692627,1.131234049797058,-0.010016210377216339,-0.018408291041851044,0.010509545914828777,-0.007192235440015793,0.012216992676258087,-0.009616348892450333,-0.009135158732533455,0.6000194549560547,0.001506179105490446,0.10754222422838211,0.033660613000392914,0.9994332790374756,4.20272299379576e-05,-0.00021737368660978973,-4.612041266227607e-06,-7.528346031904221e-06,0.03239468112587929,1.676399915595539e-05,1.6832056644489057e-05,0.9999999403953552,-4.316376816859702e-06,-0.0006603196961805224,-0.0064512621611356735,0.014452992007136345,0.0005509075708687305,0.0001829657849157229,-0.0001185470464406535,-0.0006671951850876212,0.005464156158268452,-0.014854012988507748,-0.0003808909677900374,-0.0002697112213354558,0.00013719391427002847,1.1622905731201172e-05,0.0016822926700115204,0.024943329393863678,0.004025276284664869,0.004038684070110321,5.2365712690516375e-06,7.469323463737965e-06,,,,,3.777090814044495,,1320,3.9166666666666665
14.924999999986483,retreat,14.925000778399408,-0.622260000791865,-0.2857320010662065,-0.007331371307373047,-0.6703514372929931,3.85813317747749,0.007271599770319881,0.0,0.0,0.0,0.0,0.0,73,0.015078971162438393,0.0006278922664932907,0.015078971162438393,0.0007755911210551858,0.0,0.017058001616752222,0.0,0.0,0.0,0.0,0.0,0.0,-5.260198668111116e-05,0.00023161726130638272,0.03366120159626007,0.9994332790374756,-0.00023565000446978956,1.4929843018762767e-05,0.010589714162051678,0.014211604371666908,-0.09182840585708618,-0.04143178090453148,-0.4824681580066681,0.5208896398544312,0.5124843716621399,-2.0109105110168457,-0.48396754264831543,2.4161674976348877,1.1311653852462769,-0.009576431475579739,-0.01817983388900757,0.010095395147800446,-0.007182368542999029,0.012157134711742401,-0.009242003783583641,-0.00902616512030363,0.6000104546546936,0.001497526653110981,0.10760726779699326,0.033660005778074265,0.9994332790374756,3.4265183785464615e-05,-0.0002188656508224085,-3.6640358302975073e-06,-1.1688563972711563e-05,0.032394155859947205,1.2126388355682138e-05,1.8755665223579854e-05,1.0000001192092896,-1.1974432254646672e-06,-0.0006749472231604159,-0.0060499971732497215,0.01379555556923151,0.0003766220761463046,0.00047404662473127246,-0.0001663861476117745,-0.0006814541993662715,0.005108060780912638,-0.014171051792800426,-0.0004971103626303375,-0.0005590378423221409,0.0002046939916908741,1.150369644165039e-05,0.0016821068711578846,0.024943344295024872,0.004025269765406847,0.0040388163179159164,5.0756216296576895e-06,7.241556886583567e-06,,,,,3.777090814044495,,1320,3.925
14.933333333319808,retreat,14.933334112167358,-0.6777397044684932,-0.3495834767818437,-0.01621246337890625,-0.6783758290112019,3.8580824224276262,0.004796485427505104,0.03956468118525214,0.0,0.0,0.0,0.0,77,0.015110095962882042,0.0007174683851189911,0.015110096894204617,0.0007227282039821148,0.0,0.0809130064862787,0.0,0.0,0.0,0.0,0.0,0.0,-4.3702242692233995e-05,0.0002311491989530623,0.03366075083613396,0.9994332790374756,-0.0004978642100468278,4.973867908120155e-05,0.01044312585145235,0.012458707205951214,-0.07507223635911942,-0.03131653368473053,-0.48254263401031494,0.5207408666610718,0.512564480304718,-2.010956287384033,-0.4838644862174988,2.4160759449005127,1.1310967206954956,-0.009137183427810669,-0.01794489473104477,0.009693026542663574,-0.007152926176786423,0.01210418064147234,-0.00889759510755539,-0.008932790718972683,0.6000012159347534,0.0014922465197741985,0.10767198354005814,0.03365960717201233,0.9994332790374756,2.953384318971075e-05,-0.00022050851839594543,-3.189559720340185e-06,-8.983071893453598e-06,0.03239520266652107,1.0158189070352819e-05,1.4516594092128798e-05,0.9999999403953552,-1.1464668432381586e-06,0.0005226304056122899,-0.00657594483345747,0.013594072312116623,0.000433104345574975,0.0005137428524903953,-0.00025149507564492524,0.0005161797162145376,0.005646442994475365,-0.014005936682224274,-0.0005166324554011226,-0.0004203044227324426,0.00028066200320608914,1.150369644165039e-05,0.0016820842865854502,0.024943344295024872,0.004025266971439123,0.004038957878947258,5.0430826377123594e-06,7.1937101893126965e-06,,,,,3.777090814044495,,1320,3.933333333333333
14.941666666653134,retreat,14.941667445935309,-0.7331454097386008,-0.4131518304347978,-0.025272369384765625,-0.6830936763435602,3.857980910327749,0.006141429366834927,0.0,0.0,0.0,0.0,0.0,69,0.014790014363825321,0.0006932113901712,0.014790014363825321,0.0006980950711295009,0.0,0.14448841858672248,0.0,0.0,0.0,0.0,0.0,0.0,-3.62892824341543e-05,0.00023185713507700711,0.0336599126458168,0.9994332790374756,-0.0006282920949161053,0.00010743286111392081,0.010309949517250061,0.01300251204520464,-0.0661201998591423,-0.026240086182951927,-0.48261702060699463,0.5205920934677124,0.5126445889472961,-2.0110020637512207,-0.48376330733299255,2.415985107421875,1.1310280561447144,-0.008693329058587551,-0.0177043117582798,0.009289412759244442,-0.007101129274815321,0.012040320783853531,-0.008570961654186249,-0.00880876462906599,0.5999925136566162,0.0014870013110339642,0.10773741453886032,0.03365952521562576,0.9994333386421204,2.5671884941402823e-05,-0.000221041904296726,-3.5034499887842685e-06,-9.628944098949432e-06,0.03239702805876732,1.0452847163833212e-05,1.0980068509525154e-05,1.0,-3.9110122429519834e-07,0.0013743857853114605,-0.006509863771498203,0.013208984397351742,0.0003646660770755261,0.0005817530327476561,-9.552024130243808e-05,0.0013681412674486637,0.005606451537460089,-0.013617650605738163,-0.0005756064783781767,-0.0003758753009606153,0.00012137406883994117,1.150369644165039e-05,0.0016820423770695925,0.02494335174560547,0.004025266971439123,0.004039075691252947,5.043480541644385e-06,7.1941467467695475e-06,,,,,3.777090814044495,,1320,3.9416666666666664
14.94999999998646,retreat,14.95000077970326,-0.7884762141825945,-0.4774354398250566,-0.033855438232421875,-0.6878337590023875,3.8580316667110552,0.009185007911582943,0.03956468118525214,0.0,0.0,0.0,0.0,72,0.014724900014698505,0.0006716136704199016,0.014724900014698505,0.0006548074306920171,0.0,0.20876849872995124,0.0,0.0,0.0,0.0,0.0,0.0,-3.169389674440026e-05,0.00023283484915737063,0.03366070240736008,0.9994332790374756,-0.0005187398055568337,0.00016826632781885564,0.01016302965581417,0.014155309647321701,-0.0711057186126709,-0.028984274715185165,-0.4826856851577759,0.520443320274353,0.512714147567749,-2.011047840118408,-0.4836652874946594,2.41591477394104,1.130959391593933,-0.00824700202792883,-0.01745847426354885,0.008887674659490585,-0.0070311217568814754,0.011982511729001999,-0.008272514678537846,-0.008692127652466297,0.5999870300292969,0.0014798901975154877,0.10780239850282669,0.033659521490335464,0.9994333386421204,2.1377696612034924e-05,-0.00021360772370826453,-7.074664608808234e-06,-1.204153522849083e-05,0.032397568225860596,1.8870052372221835e-05,1.0954675417451654e-05,0.9999999403953552,-1.1832470363515313e-06,0.002184959826990962,-0.006471528671681881,0.013044843450188637,0.00034030989627353847,0.0005694113788194954,-0.00010499891504878178,0.002179038943722844,0.005579257849603891,-0.013451630249619484,-0.0005944062140770257,-0.0002460331888869405,0.0001221544371219352,1.1563301086425781e-05,0.00168208172544837,0.024943344295024872,0.004025270696729422,0.004039211664348841,5.048042112321127e-06,7.198861567303538e-06,,,,,3.777090814044495,,1320,3.9499999999999997
14.958333333319786,retreat,14.95833411347121,-0.8437312153808847,-0.5412794649600969,-0.03921985626220703,-0.6944008637219667,3.8580824224276262,0.012377177881717216,0.03956468118525214,0.0,0.0,0.0,0.0,76,0.015175225213170052,0.0005008286098018289,0.0151752270758152,0.0006399323465302587,0.0,0.27260899466453187,0.0,0.0,0.0,0.0,0.0,0.0,-3.249339715694077e-05,0.00023089910973794758,0.033660851418972015,0.9994332790374756,0.0004228728066664189,0.00022525462554767728,0.009993273764848709,0.013907521031796932,-0.12648381292819977,-0.06376669555902481,-0.4827488958835602,0.5202949047088623,0.5127829909324646,-2.0110936164855957,-0.4835672974586487,2.4158668518066406,1.1308907270431519,-0.007809805683791637,-0.017210371792316437,0.008506405167281628,-0.006951962597668171,0.011956285685300827,-0.008057770319283009,-0.008597379550337791,0.5999865531921387,0.0014776373282074928,0.10786936432123184,0.033655889332294464,0.9994333982467651,2.041455627477262e-05,-0.00019541391520760953,-1.313728716922924e-05,-7.71181657910347e-06,0.03240096569061279,3.5059056244790554e-05,1.326773599430453e-05,0.9999999403953552,-4.965697826264659e-06,0.00336933764629066,-0.006669385824352503,0.013208114542067051,0.0003561660705599934,0.000328974740114063,-0.00012550168321467936,0.0033638363238424063,0.00576581247150898,-0.013628188520669937,-0.0006072309333831072,0.0001660495181567967,0.00011494134378153831,1.150369644165039e-05,0.001682089176028967,0.024943344295024872,0.004025277681648731,0.004039289429783821,5.045879333920311e-06,7.193506462499499e-06,,,,,3.777090814044495,,1320,3.9583333333333335
14.966666666653111,retreat,14.96666744723916,-0.898909510913878,-0.6070606410503374,-0.03916025161743164,-0.6960482569411397,3.8577271184092847,0.007918007213447709,0.0,0.0,0.0,0.0,0.0,72,0.015452006831765175,0.0001498249766882509,0.015452010557055473,0.0009754749480634928,0.0,0.3384148761360374,0.0,0.0,0.0,0.0,0.0,0.0,-3.950127575080842e-05,0.0002208860678365454,0.03365780785679817,0.9994334578514099,0.00201863469555974,0.00027380039682611823,0.00979860033839941,0.013609962537884712,-0.22192826867103577,-0.12419967353343964,-0.482811838388443,0.5201575756072998,0.5128516554832458,-2.011139392852783,-0.4834693968296051,2.415818214416504,1.1308220624923706,-0.007377141155302525,-0.016964763402938843,0.008129713125526905,-0.006867490243166685,0.011930461972951889,-0.00794684886932373,-0.008481096476316452,0.5999835133552551,0.0014762482605874538,0.10793014615774155,0.03364958241581917,0.9994335770606995,1.9028038877877407e-05,-0.00018253094458486885,-1.087106647901237e-05,-6.709247827529907e-06,0.03239598497748375,3.764844223042019e-05,2.1751488020527177e-05,1.0,-8.226224053942133e-06,0.003787215333431959,-0.006097670644521713,0.013683564029633999,0.00012854827218689024,-7.327860657824203e-05,2.3518312445958145e-05,0.003781933104619384,0.005163589492440224,-0.014064101502299309,-0.000752312014810741,0.0006175549351610243,-6.483720062533394e-05,1.0967254638671875e-05,0.0016819374868646264,0.02494335174560547,0.004025284666568041,0.004039344377815723,5.048271304985974e-06,7.198861567303538e-06,,,,,3.777090814044495,,1320,3.966666666666667
14.974999999986437,retreat,14.975000781007111,-0.9540101983619813,-0.6667397916316973,-0.040650367736816406,-0.6965959910303354,3.8569656426068972,0.008087931746558752,0.06852804166478502,0.0,0.0,0.0,0.0,79,0.014177137054502964,0.0005921531701460481,0.01417713426053524,0.00039310831925831735,0.0,0.39814697450693204,0.0,0.0,0.0,0.0,0.0,0.0,-3.2700179872335866e-05,0.00020158464030828327,0.03365122526884079,0.9994335770606995,0.0015487810596823692,-0.006238266360014677,0.009736213833093643,0.48946356773376465,-0.19034242630004883,-0.10547470301389694,-0.48286905884742737,0.5200202465057373,0.5129203200340271,-2.0111851692199707,-0.4833718538284302,2.415771245956421,1.1307533979415894,-0.006962676532566547,-0.016698166728019714,0.007816695608198643,-0.006781022995710373,0.011973160319030285,-0.00765231391415,-0.008385810069739819,0.5999809503555298,0.0014784596860408783,0.10799124091863632,0.03364330530166626,0.9994338154792786,2.0920819224556908e-05,-0.0001686022587819025,-1.070386224455433e-05,-3.6437995731830597e-06,0.032397590577602386,3.2565370929660276e-05,1.2879426321887877e-05,0.9999998211860657,-7.92430728324689e-06,0.0013567885616794229,0.005644564051181078,0.012934034690260887,-0.0004627731104847044,0.00036923412699252367,1.2352393241599202e-05,0.00135274778585881,-0.006501537747681141,-0.012525621801614761,0.0003527410444803536,-0.00017351412680000067,-8.596098268753849e-07,1.0013580322265625e-05,0.0016816084971651435,0.024943381547927856,0.004025294445455074,0.004038169514387846,-0.00029464124236255884,-0.0004202071577310562,,,,,3.777090814044495,,1320,3.975
14.983333333319763,retreat,14.983334114775062,-1.0090323753056047,-0.7266499102115618,-0.042378902435302734,-0.6938274018466473,3.8549851026450486,0.00730079364075209,0.0,0.0,0.0,0.0,0.0,80,0.01714646816253662,0.0008677908917888999,0.01714647188782692,0.0024335694033652544,0.0,0.4581948064348619,0.0,0.0,0.0,0.0,0.0,0.0,-3.2023217499954626e-05,0.00018970135715790093,0.033634405583143234,0.999434232711792,0.0014921061228960752,-0.0013969660503789783,0.009502002038061619,-0.09936744719743729,-0.18858204782009125,-0.10316202044487,-0.48292094469070435,0.5198829174041748,0.5129777193069458,-2.011230945587158,-0.4832744896411896,2.415724277496338,1.130684733390808,-0.006488260813057423,-0.01647021993994713,0.007335327565670013,-0.006625316105782986,0.011695639230310917,-0.0076759736984968185,-0.008137073367834091,0.5999773740768433,0.0014771521091461182,0.10805045068264008,0.03363925218582153,0.9994340538978577,2.0701201719930395e-05,-0.00015644940140191466,-9.642744771554135e-06,-7.400289177894592e-06,0.03239662945270538,3.2855805329745635e-05,1.2436436918505933e-05,1.0000001192092896,4.8505307859159075e-06,0.001129155163653195,-0.011783360503613949,0.012404789216816425,-0.0005995645769871771,-0.0006242677918635309,6.223379750736058e-05,0.0011246813228353858,0.010922625660896301,-0.013169389218091965,-0.0023018470965325832,0.0007814845303073525,-0.00011420055670896545,9.417533874511719e-06,0.0016807691426947713,0.024943433701992035,0.004025292117148638,0.004038285464048386,4.7841785999480635e-06,6.824935553595424e-06,,,,,3.777090814044495,,1320,3.9833333333333334
14.991666666653089,retreat,14.991667448543012,-1.063975139325155,-0.7849358022212969,-0.04476308822631836,-0.6953980773687363,3.856254796400465,0.007771855052851606,0.0,0.0,0.0,0.0,0.0,81,0.01408159825950861,0.0005450828466564417,0.014081593602895737,0.000650038244202733,0.0,0.5163924124950287,0.0,0.0,0.0,0.0,0.0,0.0,-3.226529952371493e-05,0.00017562600260134786,0.03364543989300728,0.9994338154792786,0.0012524118646979332,0.00028029372333548963,0.009443463757634163,0.0022275708615779877,-0.1718713939189911,-0.09271863847970963,-0.4829724431037903,0.5197455883026123,0.5130349397659302,-2.0112767219543457,-0.483177125453949,2.415678024291992,1.1306160688400269,-0.0060471524484455585,-0.01623005047440529,0.006922761909663677,-0.006497644353657961,0.011657080613076687,-0.00749425170943141,-0.008051829412579536,0.5999743938446045,0.0014758696779608727,0.1081097349524498,0.03363550081849098,0.9994341731071472,2.0904688426526263e-05,-0.00014371438010130078,-9.871549082163256e-06,-6.936956197023392e-06,0.032397642731666565,3.1514126021647826e-05,1.2424137821653858e-05,1.0000001192092896,-9.945653800969012e-06,0.002120427554473281,-0.007980939000844955,0.011406130157411098,0.0005322880460880697,0.00011474808707134798,-2.4851398848113604e-05,0.002116756048053503,0.007196078076958656,-0.01191751193255186,-0.0006206304533407092,0.00019292286015115678,1.2178850738564506e-05,8.702278137207031e-06,0.0016813197871670127,0.02494339644908905,0.004025286994874477,0.004038410261273384,4.9561067498871125e-06,7.067137630656362e-06,,,,,3.777090814044495,,1320,3.9916666666666667
14.999999999986414,retreat,15.000000782310963,-1.1188375880010426,-0.8431695401668535,-0.04696846008300781,-0.6959637394174933,3.8557469689956134,0.008252224688476417,0.055952909680744456,0.0,0.0,0.0,0.0,89,0.013013803400099277,0.0003461898595560342,0.013013803400099277,0.0006214487366378307,0.0,0.5746614613211589,0.0,0.0,0.0,0.0,0.0,0.0,-3.191283394698985e-05,0.00016425858484581113,0.033641017973423004,0.9994339942932129,0.0012781034456565976,0.00062085926765576,0.009290624409914017,0.02736671082675457,-0.173381045460701,-0.09257027506828308,-0.48301824927330017,0.5196082592010498,0.5130921602249146,-2.011322498321533,-0.4830797612667084,2.4156322479248047,1.1305474042892456,-0.0056229690089821815,-0.01598968170583248,0.006541489623486996,-0.006364860106259584,0.011665752157568932,-0.00735520152375102,-0.007985061965882778,0.5999712347984314,0.0014779148623347282,0.10816940665245056,0.03363162279129028,0.999434232711792,2.3584323571412824e-05,-0.00013044111256022006,-9.782972483662888e-06,-4.177447408437729e-06,0.0323992483317852,3.3519798307679594e-05,9.460797627980355e-06,0.9999998807907104,-9.399700502399355e-06,0.0024274829775094986,-0.005576055031269789,0.01150539144873619,0.0003394686500541866,-5.888604573556222e-05,3.3776956115616485e-05,0.0024241891223937273,0.004790082108229399,-0.011854851618409157,-0.0004660889972001314,0.0004064871172886342,-6.105555075919256e-05,8.165836334228516e-06,0.0016810990637168288,0.024943411350250244,0.004025279078632593,0.004038507584482431,5.326549398887437e-06,7.596303476020694e-06,,,,,3.777090814044495,,1320,4.0
15.00833333331974,retreat,15.008334116078913,-1.173618818913667,-0.9018428623676287,-0.048995018005371094,-0.6932899123057723,3.855137487942002,0.004841092504648259,0.03956468118525214,0.0,0.0,0.0,0.0,87,0.012055378407239914,0.00018556432041805238,0.01205537375062704,0.000764966884162277,0.0,0.6333771627370643,0.0,0.0,0.0,0.0,0.0,0.0,-3.791958806687035e-05,0.00015100340533535928,0.03363567590713501,0.9994341731071472,0.0012660896172747016,0.0006737350486218929,0.00924625527113676,0.028394214808940887,-0.17155130207538605,-0.09254126995801926,-0.48306360840797424,0.5194819569587708,0.5131404399871826,-2.0113682746887207,-0.4829823970794678,2.415586471557617,1.1304787397384644,-0.005200020503252745,-0.015752242878079414,0.006155855022370815,-0.006218721158802509,0.0116497203707695,-0.007248693145811558,-0.007894868031144142,0.5999655723571777,0.0014759395271539688,0.10822179168462753,0.03362688049674034,0.9994344115257263,2.278259489685297e-05,-0.000123544130474329,-6.593411853828002e-06,-8.085276931524277e-06,0.03239265829324722,2.693706665013451e-05,1.6049401892814785e-05,0.9999999403953552,-8.799931492831092e-06,0.002479740185663104,-0.004196780268102884,0.01102588139474392,3.66239546565339e-05,-0.00013857168960385025,0.0001178587626782246,0.002476808149367571,0.0034462669864296913,-0.011283647269010544,-0.0005696245352737606,0.00048781276564113796,-0.0001508010464021936,7.510185241699219e-06,0.0016808324726298451,0.024943433701992035,0.004025272559374571,0.004038573242723942,5.3559538173431065e-06,7.639755494892597e-06,,,,,3.777090814044495,,1320,4.008333333333333
15.016666666653066,retreat,15.016667449846864,-1.228317929643456,-0.9533487260341631,-0.05340576171875,-0.6944588385522366,3.854375501301638,0.003019383029823075,0.055952909680744456,0.0,0.0,0.0,0.0,83,0.01093294471502304,0.00020851357840001583,0.01093294471502304,0.0005349039565771818,0.0,0.6849360098747197,0.0,0.0,0.0,0.0,0.0,0.0,-2.924244290625211e-05,0.00013813338591717184,0.03362930566072464,0.9994343519210815,0.0005128514021635056,0.0005821323138661683,0.009119630791246891,0.01921514980494976,-0.12331285327672958,-0.06282471865415573,-0.4831036627292633,0.5193560719490051,0.5131863951683044,-2.011414051055908,-0.4828850328922272,2.4155406951904297,1.130410075187683,-0.004782704636454582,-0.015516194514930248,0.005777413956820965,-0.006052980199456215,0.011612682603299618,-0.007083587348461151,-0.007821943610906601,0.5999594330787659,0.001475832425057888,0.10827338695526123,0.03362271562218666,0.9994345307350159,2.405701707175467e-05,-0.00011711994739016518,-5.2836217037111055e-06,-6.7623332142829895e-06,0.03239281475543976,2.0826990294153802e-05,5.8864743550657295e-06,0.9999998807907104,-6.593206762772752e-06,0.002339047845453024,-0.0038865755777806044,0.00994749553501606,4.87984434585087e-05,0.00019522718503139913,-5.4616564739262685e-05,0.0023365174420177937,0.003209336195141077,-0.010186762548983097,-0.0005125990137457848,0.00014606278273276985,4.5057429815642536e-05,6.854534149169922e-06,0.001680514425970614,0.024943456053733826,0.004025266505777836,0.004038709681481123,5.188077921047807e-06,7.398542948067188e-06,,,,,3.777090814044495,,1320,4.016666666666667
15.024999999986392,retreat,15.025000783614814,-1.2829340177708062,-1.004116982221602,-0.058770179748535156,-0.6940191378816962,3.853918237110719,0.001710667675069999,0.0,0.0,0.0,0.0,0.0,83,0.010314339771866798,0.00016184221021831036,0.010314340703189373,0.0006917333812452853,0.0,0.7357360611883954,0.0,0.0,0.0,0.0,0.0,0.0,-3.362738061696291e-05,0.00013239055988378823,0.033625032752752304,0.9994345307350159,0.00017726505757309496,0.0005400674999691546,0.009069666266441345,0.014379220083355904,-0.1008949726819992,-0.04726272448897362,-0.4831380844116211,0.5192301869392395,0.5132321715354919,-2.0114598274230957,-0.4827876687049866,2.415494918823242,1.1303414106369019,-0.004377391189336777,-0.015286155976355076,0.005412794649600983,-0.005868970882147551,0.011572649702429771,-0.006980158854275942,-0.007730935234576464,0.5999535918235779,0.0014788308180868626,0.10832522809505463,0.03361858054995537,0.9994346499443054,2.7620044420473278e-05,-0.00011031009489670396,-5.255324595054844e-06,-4.013068974018097e-06,0.032394055277109146,2.1862942958250642e-05,6.741766810591798e-06,1.0,-6.453690730268136e-06,0.0033162564504891634,-0.0035005188547074795,0.009117807261645794,-7.832998380763456e-05,0.00011706101940944791,7.971219019964337e-05,0.003314043628051877,0.002880055457353592,-0.009333167225122452,-0.000584036111831665,0.0003558692696969956,-0.00010370132804382592,6.556510925292969e-06,0.0016803012695163488,0.02494347095489502,0.0040252613835036755,0.004038815852254629,5.090449576528044e-06,7.25907739251852e-06,,,,,3.777090814044495,,1320,4.025
15.033333333319717,retreat,15.033334117382765,-1.3374661808761132,-1.055183261632918,-0.06383657455444336,-0.6905714981257915,3.8534101022438487,0.001604183012204885,0.03956468118525214,0.0,0.0,0.0,0.0,92,0.009996891021728516,0.00028247610316611826,0.009996887296438217,0.0007724111201241612,0.0,0.7868376729562101,0.0,0.0,0.0,0.0,0.0,0.0,-3.364136864547618e-05,0.00012534865527413785,0.03362089395523071,0.9994347095489502,0.00016665016300976276,0.0005251961993053555,0.008971402421593666,0.012432478368282318,-0.09742842614650726,-0.04576466605067253,-0.4831724166870117,0.5191043019294739,0.5132779479026794,-2.011505603790283,-0.48269030451774597,2.4154491424560547,1.1302727460861206,-0.00398102356120944,-0.015063338913023472,0.00505234207957983,-0.005669221747666597,0.011528491973876953,-0.006910248659551144,-0.007638214156031609,0.5999476313591003,0.001482036430388689,0.10837701708078384,0.03361451253294945,0.9994348883628845,3.1468644010601565e-05,-0.00010356757411500439,-4.806040124094579e-06,-4.039611667394638e-06,0.03239477425813675,2.1696479961974546e-05,2.9017339784331853e-06,0.9999999403953552,-6.381605544447666e-06,0.004334746394306421,-0.0028613382019102573,0.008541693910956383,-0.00019110619905404747,0.00016302609583362937,0.00012920392327941954,0.0043327962048351765,0.0022811884991824627,-0.008715550415217876,-0.0006044958718121052,0.00045347792911343277,-0.00015987962251529098,6.198883056640625e-06,0.001680094632320106,0.024943485856056213,0.004025258123874664,0.004038930870592594,5.0462303988751955e-06,7.197668310254812e-06,,,,,3.777090814044495,,1320,4.033333333333333
15.041666666653043,retreat,15.041667451150715,-1.3919135165398124,-1.1063016951084124,-0.06878376007080078,-0.6869635544717312,3.8529527236532846,0.003698338787216926,0.055952909680744456,0.0,0.0,0.0,0.0,88,0.009398877620697021,0.00032896516495384276,0.009398878552019596,0.0007223442662507296,0.0,0.8379879095486327,0.0,0.0,0.0,0.0,0.0,0.0,-3.618189293774776e-05,0.0001175038778455928,0.03361682593822479,0.9994347095489502,9.240221697837114e-05,0.0005375409382395446,0.008894444443285465,0.012445742264389992,-0.08996161073446274,-0.041157979518175125,-0.4832010865211487,0.5189784169197083,0.5133124589920044,-2.0115513801574707,-0.48259294033050537,2.415403366088867,1.1302040815353394,-0.0035918387584388256,-0.014845670200884342,0.004694091156125069,-0.0054547423496842384,0.01149024348706007,-0.0068467711098492146,-0.0075603872537612915,0.599941074848175,0.0014813924208283424,0.10842738300561905,0.033612869679927826,0.9994348883628845,3.315058347652666e-05,-9.835827950155362e-05,-3.5375837796891574e-06,-8.124858140945435e-06,0.03239373117685318,1.9032864656765014e-05,3.670869773486629e-06,0.9999998807907104,-3.96029918192653e-06,0.004733883775770664,-0.002379136858507991,0.007763308472931385,-0.00020309801038820297,0.00022797385463491082,0.0001224630104843527,0.004732200875878334,0.00185244414024055,-0.007906557060778141,-0.0005467933369800448,0.00044664525194093585,-0.00015266385162249207,5.781650543212891e-06,0.0016798913711681962,0.02494349330663681,0.004025257658213377,0.0040389797650277615,5.045421858085319e-06,7.19528179615736e-06,,,,,3.777090814044495,,1320,4.041666666666667
15.049999999986369,retreat,15.050000784918666,-1.4462751223422856,-1.1560641229152666,-0.07444620132446289,-0.687291263602674,3.852800252075311,0.003440859245529282,0.03956468118525214,0.0,0.0,0.0,0.0,86,0.008823985233902931,0.00030958803836256266,0.008823985233902931,0.0005630837404169142,0.0,0.8877609392359889,0.0,0.0,0.0,0.0,0.0,0.0,-3.901344825862907e-05,0.00011083071149187163,0.03361540660262108,0.9994348287582397,-0.00017570082854945213,0.0005583910387940705,0.008832892403006554,0.012757968157529831,-0.07056152820587158,-0.029211226850748062,-0.48322969675064087,0.5188525319099426,0.5133469700813293,-2.011597156524658,-0.48249557614326477,2.4153575897216797,1.130135416984558,-0.0032165765296667814,-0.014629981480538845,0.004354012198746204,-0.0052276719361543655,0.011480816639959812,-0.006774934474378824,-0.007521811407059431,0.5999346971511841,0.0014813155867159367,0.10847766697406769,0.033611271530389786,0.9994349479675293,3.523881241562776e-05,-9.26652064663358e-05,-3.195398221578216e-06,-7.805880159139633e-06,0.03239426016807556,1.8026230463874526e-05,4.383031864563236e-06,0.9999999403953552,-4.136265488341451e-06,0.00493201008066535,-0.002519760513678193,0.006869410630315542,-2.5730700144777074e-05,0.00030712716397829354,2.9250393708935007e-05,0.004930560477077961,0.0020528652239590883,-0.007024103309959173,-0.00038973131449893117,0.00040249596349895,-5.6301276345038787e-05,5.4836273193359375e-06,0.0016798205906525254,0.024943500757217407,0.004025258123874664,0.004039065446704626,5.047693775850348e-06,7.197580998763442e-06,,,,,3.777090814044495,,1320,4.05
15.058333333319695,retreat,15.058334118686616,-1.5005500958639608,-1.2057743966579424,-0.07992982864379883,-0.6871316581964493,3.8526986010094357,0.0019150631942466134,0.0,0.0,0.0,0.0,0.0,84,0.00865792017430067,0.0002527874312363565,0.008657919242978096,0.0006613246514461935,0.0,0.9374782811327962,0.0,0.0,0.0,0.0,0.0,0.0,-3.834014933090657e-05,0.00010516907786950469,0.03361452370882034,0.9994348883628845,-0.00024120553280226886,0.0005768639384768903,0.00876716710627079,0.0132965799421072,-0.06313246488571167,-0.024565262719988823,-0.4832525849342346,0.5187286734580994,0.51338130235672,-2.0116429328918457,-0.48239821195602417,2.415311813354492,1.1300667524337769,-0.002855605911463499,-0.014418363571166992,0.004032033029943705,-0.004987807013094425,0.011487743817269802,-0.006741490680724382,-0.0074907043017446995,0.5999274849891663,0.001484348438680172,0.10852646827697754,0.0336093045771122,0.9994350671768188,4.000501212431118e-05,-8.853892359184101e-05,-1.7447355276090093e-06,-4.750210791826248e-06,0.03239355981349945,1.6677902749506757e-05,-1.1071306289522909e-06,1.0000001192092896,-5.22224991073017e-06,0.005481231492012739,-0.002364027313888073,0.006271129008382559,-1.5677540432079695e-05,0.00024051267246250063,7.621906843269244e-05,0.0054799350909888744,0.0019377933349460363,-0.00641676178202033,-0.00035722649772651494,0.0005449516465887427,-0.00011299205652903765,5.185604095458984e-06,0.0016797765856608748,0.024943500757217407,0.0040252599865198135,0.004039131570607424,5.049139417678816e-06,7.199007086455822e-06,,,,,3.777090814044495,,1320,4.058333333333334
15.06666666665302,retreat,15.066667452454567,-1.554737534685227,-1.2540988624095903,-0.08618831634521484,-0.6838974077254534,3.8525461193892565,0.006273141934798332,0.0,0.0,0.0,0.0,0.0,79,0.007955535314977169,0.0003671281156130135,0.007955535314977169,0.0006358657265082002,0.0,0.9858133494663814,0.0,0.0,0.0,0.0,0.0,0.0,-4.4848380639450625e-05,9.915455302689224e-05,0.033613450825214386,0.9994349479675293,-0.0005811763694509864,0.0005879068048670888,0.00871894508600235,0.013244987465441227,-0.03872985765337944,-0.008811513893306255,-0.48327547311782837,0.5186142325401306,0.5134156346321106,-2.011688709259033,-0.48230084776878357,2.4152660369873047,1.1299980878829956,-0.0025021512992680073,-0.014211185276508331,0.0037132410798221827,-0.004729842767119408,0.011482307687401772,-0.006711745634675026,-0.007444016635417938,0.5999187231063843,0.001488611102104187,0.10857057571411133,0.033604945987463,0.9994351863861084,4.4603355490835384e-05,-8.804058597888798e-05,7.155686034820974e-07,-3.1581148505210876e-06,0.03238941356539726,1.1103483302576933e-05,6.199406357154658e-07,1.0000001192092896,-8.50600736157503e-06,0.005569392815232277,-0.001785484841093421,0.005392999853938818,-9.641112410463393e-05,0.00030700871138833463,0.00017673031834419817,0.005568290129303932,0.001419657375663519,-0.005501750856637955,-0.0003544038045220077,0.00048452100600115955,-0.0002096724056173116,4.887580871582031e-06,0.0016797230346128345,0.024943508207798004,0.0040252660401165485,0.004039258696138859,5.0455773816793226e-06,7.1927206590771675e-06,,,,,3.777090814044495,,1320,4.066666666666666
15.074999999986346,retreat,15.075000786222517,-1.6088365363865194,-1.2978188693523394,-0.09399652481079102,-0.679285149089992,3.852037803794856,0.008625619557278696,0.03956468118525214,0.0,0.0,0.0,0.0,80,0.007353206165134907,0.0005082973511889577,0.007353206630796194,0.0005800580256618559,0.0,1.0295687013892434,0.0,0.0,0.0,0.0,0.0,0.0,-4.740288932225667e-05,9.618407784728333e-05,0.033608779311180115,0.9994351267814636,-0.0011707920348271728,0.0005901166005060077,0.008693896234035492,0.01296703889966011,0.0011833964381366968,0.016613764688372612,-0.4832926392555237,0.5184997916221619,0.5134390592575073,-2.0117344856262207,-0.4822036921977997,2.415220260620117,1.1299294233322144,-0.0021566825453191996,-0.014010930433869362,0.0033977723214775324,-0.004448439925909042,0.011456212028861046,-0.006686916574835777,-0.007401004899293184,0.5999093055725098,0.0014895079657435417,0.10861313343048096,0.03360309451818466,0.9994351863861084,4.773358887177892e-05,-8.90865339897573e-05,2.385931566095678e-06,-6.667338311672211e-06,0.03238799422979355,7.101536994014168e-06,-9.382429766446876e-08,0.9999999403953552,-5.684183634002693e-06,0.005939758848398924,-0.0010464931838214397,0.00420639431104064,-0.00022590301523450762,0.0004366102220956236,0.00012924995098728687,0.005938917398452759,0.0007621250115334988,-0.004268263000994921,-0.0003771156771108508,0.0004117669304832816,-0.00015715949120931327,4.708766937255859e-06,0.001679489971138537,0.024943523108959198,0.004025276284664869,0.00403935369104147,5.040255928179249e-06,7.185881258919835e-06,,,,,3.777090814044495,,1320,4.075
15.083333333319672,retreat,15.083334119990468,-1.6628461985482161,-1.3400860130786882,-0.10263919830322266,-0.6784311262890697,3.8511226669045318,0.009161688467429485,0.03956468118525214,0.0,0.0,0.0,0.0,77,0.007399963680654764,0.0006096925353631377,0.007399963214993477,0.0004898023908026516,0.0,1.0718994778716913,0.0,0.0,0.0,0.0,0.0,0.0,-4.6594563173130155e-05,9.539497114019468e-05,0.03360075131058693,0.999435305595398,-0.0015493680257350206,-0.00037352819344960153,0.008982369676232338,-0.10261434316635132,0.02761112153530121,0.034074630588293076,-0.483309805393219,0.5183853507041931,0.5134621858596802,-2.011780261993408,-0.4821062982082367,2.4151744842529297,1.129860758781433,-0.0018343819538131356,-0.013813106343150139,0.0031187182758003473,-0.004155151546001434,0.011480382643640041,-0.0066675180569291115,-0.0073996433056890965,0.5998998284339905,0.0014897603541612625,0.10865584015846252,0.03360139951109886,0.9994352459907532,5.053827408119105e-05,-9.000375575851649e-05,3.2738416848587804e-06,-7.1874819695949554e-06,0.03238840028643608,5.517315003089607e-06,-3.7595305002469104e-06,0.9999999403953552,6.501014127024973e-07,0.0068975999020040035,0.0005984640447422862,0.0026123591233044863,-0.0002591871307231486,0.0005456084036268294,8.281602640636265e-05,0.00689720269292593,-0.0007719162385910749,-0.0025675282813608646,-0.0001727774942992255,0.00044421281199902296,-0.0001128242802224122,4.708766937255859e-06,0.0016790891531854868,0.024943552911281586,0.004025274887681007,0.004038201179355383,4.949942194798496e-06,7.056951289996505e-06,,,,,3.777090814044495,,1320,4.083333333333333
15.091666666652998,retreat,15.091667453758419,-1.7167656187507525,-1.382561773061751,-0.11134147644042969,-0.6778429960832,3.8506141636848477,0.009276817763748113,0.03956468118525214,0.0,0.0,0.0,0.0,71,0.008171736262738705,0.0006003011949360371,0.00817173533141613,0.0006441125296987593,0.0,1.1144105959402586,0.0,0.0,0.0,0.0,0.0,0.0,-5.000818055123091e-05,9.495613630861044e-05,0.033596329391002655,0.9994354844093323,-0.0017309512477368116,-0.0006626829272136092,0.00879507977515459,-0.11681375652551651,0.044113196432590485,0.04449983313679695,-0.48332133889198303,0.5182709097862244,0.5134850740432739,-2.0118260383605957,-0.4820089340209961,2.415128707885742,1.1297920942306519,-0.0015261475928127766,-0.013624103739857674,0.0028535211458802223,-0.003838079981505871,0.011480479501187801,-0.006700064986944199,-0.007390113081783056,0.5998903512954712,0.0014935838989913464,0.10869834572076797,0.03359973058104515,0.9994353652000427,5.5947984947124496e-05,-9.100713941734284e-05,4.101621925656218e-06,-3.852415829896927e-06,0.032388657331466675,4.146036644669948e-06,-5.7980810197477695e-06,0.9999999403953552,3.404306653465028e-06,0.007757592014968395,-0.0002841601090040058,0.002552701160311699,-0.00023815929307602346,0.0005454706260934472,7.812456169631332e-05,0.007757103536278009,0.00011289521353319287,-0.0025674619246274233,-0.0002792808518279344,0.0005686048534698784,-0.00011649746738839895,4.649162292480469e-06,0.001678868429735303,0.024943560361862183,0.004025275353342295,0.004038272891193628,4.94314735988155e-06,7.04629928804934e-06,,,,,3.777090814044495,,1320,4.091666666666667
15.099999999986323,retreat,15.100000787526369,-1.7705938945745139,-1.4250896871089922,-0.12004375457763672,-0.6747411098331213,3.8519361326386066,0.01009158313536318,0.03956468118525214,0.0,0.0,0.0,0.0,70,0.008684610016644001,0.0005545598105527461,0.008684610016644001,0.0008074943907558918,0.0,1.1568465887033184,0.0,0.0,0.0,0.0,0.0,0.0,-5.695312574971467e-05,9.472671081312001e-05,0.033607859164476395,0.9994350671768188,-0.0018690911820158362,0.0004978764336556196,0.008660010062158108,0.0010026502422988415,0.059340137988328934,0.0533028207719326,-0.4833327829837799,0.5181564688682556,0.5135079622268677,-2.011871814727783,-0.4819118082523346,2.4150829315185547,1.1297234296798706,-0.001223839120939374,-0.01344510167837143,0.002580885309726,-0.0034978697076439857,0.011452214792370796,-0.006777491420507431,-0.007361042313277721,0.5998808145523071,0.001497938297688961,0.10874100029468536,0.03359771892428398,0.9994353652000427,6.170903361635283e-05,-9.18802761589177e-05,4.979988716513617e-06,-2.4815090000629425e-06,0.03238885849714279,3.0058752145123435e-06,-4.657995759771438e-06,0.9999999403953552,-1.0143706276721787e-05,0.008287603966891766,-0.0021761597599834204,0.001415059668943286,-8.277031156467274e-05,0.0005177347920835018,0.00018065524636767805,0.008287067525088787,0.002077186945825815,-0.0015595678705722094,-0.00039725512033328414,0.0006657716585323215,-0.0002257955784443766,4.649162292480469e-06,0.0016794438706710935,0.024943523108959198,0.004025272559374571,0.004038400948047638,4.959605576004833e-06,7.071648724377155e-06,,,,,3.777090814044495,,1320,4.1
15.10833333331965,retreat,15.10833412129432,-1.8243301235999247,-1.467662304639815,-0.12868642807006836,-0.6701297825202346,3.8515802624883486,0.011321603778924327,0.055952909680744456,0.0,0.0,0.0,0.0,69,0.008710935711860657,0.0006096630240790546,0.008710935711860657,0.00069762347266078,0.0,1.1994439511591668,0.0,0.0,0.0,0.0,0.0,0.0,-5.978468107059598e-05,9.325788414571434e-05,0.033604808151721954,0.9994351267814636,-0.0020504130516201258,0.0008078356622718275,0.00866923201829195,0.027611857280135155,0.07454214990139008,0.0638943687081337,-0.4833385944366455,0.5180420279502869,0.5135308504104614,-2.0119175910949707,-0.4818146824836731,2.415037155151367,1.1296547651290894,-0.0009403611766174436,-0.013268711976706982,0.0023340480402112007,-0.0031491408590227365,0.011484650894999504,-0.006846054922789335,-0.00738007016479969,0.5998716354370117,0.0015050135552883148,0.10878343135118484,0.03359614685177803,0.9994354844093323,7.023104262771085e-05,-9.259919170290232e-05,5.54410507902503e-06,8.847564458847046e-08,0.03238888829946518,1.0124969094249536e-06,-1.0421304068586323e-05,0.9999998807907104,-8.666875146445818e-06,0.008681755512952805,-0.000621135113760829,0.0003488664224278182,-3.2372743589803576e-05,0.0005867652362212539,0.0001623192656552419,0.008681601844727993,0.0005974696250632405,-0.0003914386034011841,-0.0001222289865836501,0.0006549747777171433,-0.00020675250561907887,4.589557647705078e-06,0.001679291483014822,0.024943538010120392,0.004025266505777836,0.004038525279611349,5.338363735063467e-06,7.6133874244987965e-06,,,,,3.777090814044495,,1320,4.108333333333333
15.116666666652975,retreat,15.11666745506227,-1.8779734034073847,-1.510100811719893,-0.13709068298339844,-0.6629006238654256,3.8511735135392517,0.00966855077422224,0.0,0.0,0.0,0.0,0.0,68,0.009130203165113926,0.0006247375858947635,0.0091302040964365,0.0008670077077113092,0.0,1.2419107409618948,0.0,0.0,0.0,0.0,0.0,0.0,-7.037982868496329e-05,9.509582741884515e-05,0.033601243048906326,0.999435305595398,-0.0021231563296169043,0.0007790322415530682,0.00869704969227314,0.025990178808569908,0.08499688655138016,0.06865350902080536,-0.48334431648254395,0.5179277658462524,0.5135526657104492,-2.011958599090576,-0.48171761631965637,2.4149913787841797,1.129586100578308,-0.0006694093463011086,-0.013099443167448044,0.00209607626311481,-0.002784749260172248,0.011521042324602604,-0.006957372650504112,-0.007391807623207569,0.5998640060424805,0.0015111933462321758,0.10882729291915894,0.03359491378068924,0.999435544013977,7.785525667713955e-05,-9.16542048798874e-05,4.691889444075059e-06,-9.741634130477905e-07,0.03239023685455322,3.6895680750603788e-06,-7.353778983087977e-06,1.0000001192092896,-6.332712018775055e-06,0.009088304825127125,0.000815575011074543,-0.00031331650097854435,-0.00023799306654836982,0.0005027457373216748,0.00028443470364436507,0.009088492952287197,-0.0007913360605016351,0.0003656641929410398,-0.00012035606050631031,0.0007892170688137412,-0.00033816148061305285,4.649162292480469e-06,0.001679113833233714,0.02494354546070099,0.00402526231482625,0.004038593731820583,5.3184039643383585e-06,7.583614205941558e-06,,,,,3.777090814044495,,1320,4.116666666666666
15.1249999999863,retreat,15.12500078883022,-1.9315228315773076,-1.554029434919356,-0.14394521713256836,-0.6566569209098816,3.8509192736620945,0.011267220543231815,0.06852804166478502,0.0,0.0,0.0,0.0,56,0.00990931037813425,0.0005448694573715329,0.009909308515489101,0.0010297481203451753,0.0,1.2858570423845972,0.0,0.0,0.0,0.0,0.0,0.0,-7.839765748940408e-05,9.513549593975767e-05,0.03359927982091904,0.999435305595398,-0.0018084789626300335,0.0006409002235159278,0.008673437871038914,0.01735558733344078,0.07225210219621658,0.0609111525118351,-0.48334988951683044,0.5178247690200806,0.5135642886161804,-2.011958599090576,-0.4816204309463501,2.414945602416992,1.1295174360275269,-0.00041342730401083827,-0.01293824054300785,0.0018702632514759898,-0.0024132924154400826,0.011576228775084019,-0.007115937303751707,-0.00743720680475235,0.599872887134552,0.0015079900622367859,0.10887935757637024,0.03359358012676239,0.9994354844093323,7.518926577176899e-05,-7.696018292335793e-05,-1.1986632671323605e-05,-1.0862480849027634e-05,0.03239770978689194,1.8060653019347228e-05,3.820076926785987e-06,0.9999998211860657,-5.6986045819940045e-06,0.009761237539350986,0.0015910756774246693,-0.0006173655274324119,-0.0003046485362574458,0.00040344824083149433,0.00020322778436820954,0.009761575609445572,-0.0015446124598383904,0.0007212606142275035,-7.498128979932517e-05,0.0009908138308674097,-0.0002702721394598484,4.649162292480469e-06,0.001679015695117414,0.024943552911281586,0.004025257658213377,0.0040387180633842945,5.156198767508613e-06,7.352471584454179e-06,,,,,3.777090814044495,,1320,4.125
15.133333333319626,retreat,15.133334122598171,-1.9849775056900931,-1.6060344874858843,-0.13595819473266602,-0.6597707979381084,3.8509192736620945,0.011351141438353807,0.03956468118525214,0.0,0.0,0.0,0.0,53,0.014290359802544117,0.0004432623682077974,0.014290358871221542,0.0024299321230500937,0.0,1.3378620949511255,0.0,0.0,0.0,0.0,0.0,0.0,-9.14439297048375e-05,0.00010655786172719672,0.03359890356659889,0.9994354248046875,0.002725376281887293,0.000564723159186542,0.008546723052859306,0.012610693462193012,-0.19672048091888428,-0.10787805169820786,-0.48335006833076477,0.5177217721939087,0.5135759115219116,-2.011958599090576,-0.4815228581428528,2.4148988723754883,1.1294487714767456,-0.0002146195765817538,-0.012800488620996475,0.0017243539914488792,-0.0021001137793064117,0.01176307164132595,-0.007542063947767019,-0.007619794458150864,0.5998815894126892,0.0015076412819325924,0.10893122851848602,0.03359239175915718,0.999435544013977,7.534053293056786e-05,-6.281219248194247e-05,-1.3618860975839198e-05,-8.017756044864655e-06,0.032397765666246414,4.317762068239972e-05,1.7562742868904024e-05,0.9999999403953552,-6.512805157399271e-06,0.014208829030394554,0.0007677288958802819,0.0013168650912120938,-0.00015040731523185968,-0.00036909739719703794,-0.00019397491996642202,0.014208788983523846,-0.00085233966819942,-0.0012641983339563012,-3.9835482311900705e-05,0.0024294075556099415,3.1026051146909595e-05,5.185604095458984e-06,0.0016789971850812435,0.024943552911281586,0.004025253467261791,0.004038814455270767,5.078152298665373e-06,7.242691935971379e-06,,,,,3.777090814044495,,1320,4.133333333333333
15.141666666652952,retreat,15.141667456366122,-2.0383365233261657,-1.657912880182265,-0.12540817260742188,-0.6600245833396912,3.850766721690789,0.010501936230866704,0.03956468118525214,0.0,0.0,0.0,0.0,66,0.008225477300584316,0.0002322424406884238,0.008225477300584316,0.0011158923152834177,0.0,1.3897510951433842,0.0,0.0,0.0,0.0,0.0,0.0,-9.021137520903721e-05,8.733051072340459e-05,0.033597853034734726,0.9994353652000427,0.0033968803472816944,0.0005482611595652997,0.008516352623701096,0.011950546875596046,-0.23265020549297333,-0.13108691573143005,-0.48335006833076477,0.5176187753677368,0.513587474822998,-2.011958599090576,-0.48142510652542114,2.4148519039154053,1.1293801069259644,-1.060712293110555e-05,-0.01266059186309576,0.0015602783532813191,-0.0018011826323345304,0.011891229078173637,-0.007702636066824198,-0.007713318336755037,0.5998904705047607,0.0015078145079314709,0.10898299515247345,0.033591046929359436,0.9994356632232666,7.553644536528736e-05,-4.868053292739205e-05,-1.2865593816968612e-05,-7.4962154030799866e-06,0.032397691160440445,3.8138197851367295e-05,1.596254514879547e-05,0.9999999403953552,-6.810781997046433e-06,0.008225281722843647,3.844288585241884e-05,-4.181994154350832e-05,0.00017397143528796732,9.371174382977188e-05,0.0001220188569277525,0.008225291036069393,-3.4333133953623474e-05,4.3464533518999815e-05,0.00017934481729753315,0.0010839509777724743,-0.00019519575289450586,4.231929779052734e-06,0.001678944448940456,0.024943560361862183,0.004025250673294067,0.004038902465254068,5.060405783297028e-06,7.215858204290271e-06,,,,,3.777090814044495,,1320,4.141666666666667
15.149999999986278,retreat,15.150000790134072,-2.0915989820659178,-1.7096273601055132,-0.11515617370605469,-0.6597221363335848,3.8505633096750467,0.009595320079824887,0.0,0.0,0.0,0.0,0.0,63,0.004986416082829237,0.0006976296426728368,0.004986416082829237,0.0014161734143272042,0.0,1.4414797190501623,0.0,0.0,0.0,0.0,0.0,0.0,-8.950827032094821e-05,7.322507735807449e-05,0.03359599411487579,0.9994354248046875,0.0033020733390003443,0.0005415877094492316,0.008514796383678913,0.012056958861649036,-0.22439134120941162,-0.12661275267601013,-0.48335006833076477,0.5175157785415649,0.5135989189147949,-2.011958599090576,-0.4813256561756134,2.4148032665252686,1.129311442375183,0.00017394211317878217,-0.012529694475233555,0.0014182786690071225,-0.0015190335689112544,0.012018412351608276,-0.007946657948195934,-0.007823179475963116,0.5998986959457397,0.001507604494690895,0.10903467237949371,0.03358972817659378,0.9994357228279114,7.466268289135769e-05,-3.5599492548499256e-05,-1.1684201126627158e-05,-7.919501513242722e-06,0.032397620379924774,3.710488090291619e-05,1.6103311281767674e-05,1.0,-6.27016561338678e-06,0.004969858564436436,0.00020186937763355672,0.0003522764891386032,3.188281334587373e-05,-0.0006968278321437538,-1.0078760169562884e-05,0.004969866015017033,-0.00022433650156017393,-0.00033830644679255784,6.083553671487607e-05,0.0014123162254691124,-8.490495383739471e-05,3.516674041748047e-06,0.0016788517823442817,0.02494356781244278,0.004025251604616642,0.0040389965288341045,5.053484528616536e-06,7.2077964432537556e-06,,,,,3.777090814044495,,1320,4.15
15.158333333319604,retreat,15.158334123902023,-2.1447639794897633,-1.7612151801586138,-0.10573863983154297,-0.6598028121516109,3.8504615996435545,0.006637124442931963,0.03956468118525214,0.0,0.0,0.0,0.0,49,0.0037492308765649796,0.0008683469495736063,0.003749231109395623,0.0014039842644706368,0.0,1.4930746113760718,0.0,0.0,0.0,0.0,0.0,0.0,-8.486726437695324e-05,5.8445020840736106e-05,0.033595308661460876,0.999435544013977,0.003008229425176978,0.0005450866301544011,0.008510679006576538,0.012899378314614296,-0.20477508008480072,-0.11440964788198471,-0.483347088098526,0.5174127817153931,0.5136103630065918,-2.011958599090576,-0.48122289776802063,2.414745330810547,1.1292427778244019,0.00034035686985589564,-0.012408594600856304,0.0012940977467224002,-0.001262516132555902,0.012144281528890133,-0.008192603476345539,-0.00792813953012228,0.5999048948287964,0.0015088790096342564,0.10908561944961548,0.03358867019414902,0.9994356632232666,7.447613461408764e-05,-2.7112080715596676e-05,-9.01502698980039e-06,-6.455928087234497e-06,0.032397057861089706,3.096652653766796e-05,1.1438247383921407e-05,0.9999999403953552,-6.63720493321307e-06,0.0037115414161235094,2.7040357963414863e-05,0.000529586395714432,5.6360458984272555e-05,-0.0008664364577271044,-1.1736689884855878e-05,0.003711519530043006,-6.19897255091928e-05,-0.0005267958622425795,6.0059559473302215e-05,0.0014002742245793343,-8.244220225606114e-05,2.8014183044433594e-06,0.0016788174398243427,0.02494356781244278,0.004025256261229515,0.004039180465042591,5.058425813331269e-06,7.215101504698396e-06,,,,,3.777090814044495,,1320,4.158333333333333
15.16666666665293,retreat,15.166667457669973,-2.197830613178109,-1.8121249973773943,-0.09834766387939453,-0.6584509974345565,3.850359886929364,0.002709562068048399,0.0,0.0,0.0,0.0,0.0,60,0.002834541257470846,0.0007403314230032265,0.002834541257470846,0.0011460728710517287,0.0,1.5439915010550427,0.0,0.0,0.0,0.0,0.0,0.0,-8.654868724988773e-05,4.679036283050664e-05,0.033594366163015366,0.999435544013977,0.0023304373025894165,0.0005446751601994038,0.008524501696228981,0.013411101885139942,-0.16204304993152618,-0.08718618005514145,-0.4833414554595947,0.5173097848892212,0.5136218070983887,-2.011958599090576,-0.4811198115348816,2.414668560028076,1.1291741132736206,0.0004952892195433378,-0.012296273373067379,0.0011752942809835076,-0.0010269182967022061,0.012246636673808098,-0.00839090533554554,-0.00801200419664383,0.5999073386192322,0.001510384026914835,0.10913508385419846,0.03359079360961914,0.9994356632232666,7.480978820240125e-05,-2.749757004494313e-05,-4.043698936584406e-06,-6.342306733131409e-06,0.032395634800195694,1.8890239516622387e-05,1.2379220606817398e-05,1.0,-3.5725718134926865e-06,0.002810357604175806,6.518105510622263e-05,0.0003636833280324936,5.225814675213769e-05,-0.0007382685435004532,1.786790380720049e-05,0.0028103492222726345,-8.903795969672501e-05,-0.00035865470999851823,6.150283297756687e-05,0.0011405011173337698,-9.464444883633405e-05,2.205371856689453e-06,0.0016787705244496465,0.02494356781244278,0.004025262780487537,0.0040392703376710415,5.054544089944102e-06,7.207767339423299e-06,,,,,3.777090814044495,,1320,4.166666666666667
15.174999999986255,retreat,15.175000791437924,-2.2507979807113614,-1.8615745007991777,-0.09506940841674805,-0.6570159457623959,3.8505633096750467,0.004892086963081965,0.055952909680744456,0.0,0.0,0.0,0.0,54,0.0021110090892761946,0.0004338225116953254,0.0021110093221068382,0.0007308946806006134,0.0,1.5934268597438268,0.0,0.0,0.0,0.0,0.0,0.0,-7.809780800016597e-05,4.065294342581183e-05,0.03359595686197281,0.9994354248046875,0.0010494586313143373,0.0005440846434794366,0.008563118055462837,0.013380949385464191,-0.0826999619603157,-0.036942679435014725,-0.4833357334136963,0.5172067880630493,0.5136332511901855,-2.011958599090576,-0.48101672530174255,2.4145777225494385,1.1291054487228394,0.0006423396989703178,-0.012189735658466816,0.001057055196724832,-0.00080491928383708,0.01232548151165247,-0.00850437581539154,-0.008079121820628643,0.599906861782074,0.00151083804666996,0.10918315500020981,0.03359511122107506,0.999435544013977,7.510907016694546e-05,-3.434559403103776e-05,1.5425564470206155e-07,-7.50785693526268e-06,0.032394200563430786,6.204701094247866e-06,3.20067124448542e-06,0.9999998807907104,-8.499051773469546e-07,0.0021061005536466837,4.759318835567683e-05,-0.00013577521895058453,0.00012734474148601294,-0.0004135219205636531,3.138314059469849e-05,0.002106116618961096,-3.8056790799601004e-05,0.00013850940740667284,0.00013410784595180303,0.0007140733068808913,-7.950698636705056e-05,1.9073486328125e-06,0.0016788496868684888,0.02494356781244278,0.004025273956358433,0.004039366263896227,5.047962986282073e-06,7.198599632829428e-06,,,,,3.777090814044495,,1320,4.175
15.183333333319581,retreat,15.183334125205874,-2.303665179669938,-1.9096456468105303,-0.09530782699584961,-0.6568351527675986,3.849953009241372,0.005485487236001063,0.03956468118525214,0.0,0.0,0.0,0.0,56,0.003333689644932747,0.00012888752098660916,0.003333689644932747,0.0005922434502281249,0.0,1.641540442203073,0.0,0.0,0.0,0.0,0.0,0.0,-8.008423901628703e-05,4.498406269703992e-05,0.033590830862522125,0.9994356036186218,-8.289572724606842e-05,-0.0006786912563256919,0.008736436255276203,-0.11356697976589203,-0.01279517263174057,0.007598113734275103,-0.48333001136779785,0.5171037912368774,0.5136446952819824,-2.011958599090576,-0.48091360926628113,2.41448712348938,1.129036784172058,0.000771236780565232,-0.012085987254977226,0.0009647246915847063,-0.0005993765080347657,0.012428023852407932,-0.008563810959458351,-0.008157117292284966,0.5999064445495605,0.0015111938118934631,0.10923140496015549,0.03359967842698097,0.9994353652000427,7.554670446552336e-05,-4.126780913793482e-05,7.803653261362342e-07,-7.641501724720001e-06,0.03239438682794571,3.558866410457995e-06,4.6611994548584335e-06,0.9999999403953552,8.851340680848807e-06,0.002610280644148588,0.0019798888824880123,-0.0006164101650938392,3.2000276405597106e-05,-0.00012175561278127134,2.7632329874904826e-05,0.002610632684081793,-0.0019336328841745853,0.0007477619219571352,0.0003179421473760158,0.0004959176876582205,-6.107984518166631e-05,2.086162567138672e-06,0.0016785938059911132,0.024943582713603973,0.004025273025035858,0.0040382081642746925,4.9462014430901036e-06,7.0547976065427065e-06,,,,,3.777090814044495,,1320,4.183333333333334
15.191666666652907,retreat,15.191667458973825,-2.3564313076342387,-1.9579179584979998,-0.09578466415405273,-0.6565668154507875,3.8501055934056896,0.006440146989916684,0.0,0.0,0.0,0.0,0.0,54,0.0042668734677135944,7.463576184818521e-05,0.0042668734677135944,0.0006727477884851396,0.0,1.6898021441460256,0.0,0.0,0.0,0.0,0.0,0.0,-7.997202192200348e-05,5.094563675811514e-05,0.033592354506254196,0.9994356632232666,-0.0002621131716296077,-0.0012029787758365273,0.008562399074435234,-0.10107748210430145,0.0013445861404761672,0.01608193665742874,-0.4833242893218994,0.5170007944107056,0.5136561393737793,-2.011958599090576,-0.4808105230331421,2.414395570755005,1.1289681196212769,0.0008880433742888272,-0.011994346976280212,0.000877806160133332,-0.0003999779873993248,0.012486808933317661,-0.008674034848809242,-0.008208554238080978,0.5999056100845337,0.0015112296678125858,0.10927930474281311,0.033604420721530914,0.9994351267814636,7.560355152236298e-05,-4.879427433479577e-05,1.625248955861025e-06,-8.155591785907745e-06,0.03239399194717407,2.0062029761902522e-06,4.438584710442228e-06,1.0,1.2079848602297716e-05,0.0041174571961164474,0.0011190081713721156,2.4021785065997392e-05,-3.0192764825187624e-05,-6.458032294176519e-05,2.2096970496932045e-05,0.004117627628147602,-0.001117485691793263,5.077471723780036e-05,0.0001313610700890422,0.0006564569775946438,-6.631831638514996e-05,2.384185791015625e-06,0.0016786701744422317,0.024943575263023376,0.004025273025035858,0.0040382505394518375,4.789601007360034e-06,6.8328226916491985e-06,,,,,3.777090814044495,,1320,4.191666666666666
15.199999999986233,retreat,15.200000792741776,-2.4090954621846734,-2.0059518516063677,-0.0966191291809082,-0.6574079161509871,3.85168194302419,0.006192667569848709,0.03956468118525214,0.0,0.0,0.0,0.0,56,0.0048904335126280785,0.00026783032808452845,0.0048904335126280785,0.0004948779824189842,0.0,1.7377264279131444,0.0,0.0,0.0,0.0,0.0,0.0,-7.80926420702599e-05,5.734405931434594e-05,0.033605895936489105,0.9994351267814636,-0.0004462548822630197,-0.00019109126878902316,0.009021680802106857,-0.07847910374403,0.014223971404135227,0.025029877200722694,-0.4833184480667114,0.5168977975845337,0.5136675834655762,-2.011958599090576,-0.48070743680000305,2.41430401802063,1.1288994550704956,0.0010034468723461032,-0.011909549124538898,0.0007773700635880232,-0.00020682047761511058,0.012514214962720871,-0.008756211027503014,-0.008249464444816113,0.5999049544334412,0.0015117120929062366,0.10932768136262894,0.0336088202893734,0.9994350075721741,7.578479562653229e-05,-5.587730629486032e-05,1.9045502313019824e-06,-7.14324414730072e-06,0.03239442780613899,1.3885351108910982e-06,2.359297468501609e-06,0.9999999403953552,2.9276861823746003e-06,0.0043084342032670975,-0.0015106179052963853,-0.001752645941451192,0.00023527852317783982,0.0001278658164665103,5.238076028035721e-06,0.004308386705815792,0.0016255839727818966,0.0016467006644234061,1.6956590116024017e-05,0.0004930925788357854,-3.842453588731587e-05,2.7418136596679688e-06,0.001679345965385437,0.024943530559539795,0.0040252720937132835,0.004038333892822266,4.948855348629877e-06,7.0579699240624905e-06,,,,,3.777090814044495,,1320,4.2
15.208333333319558,retreat,15.208334126509726,-2.4616567409016525,-2.0544998347759234,-0.09739398956298828,-0.6575238658115268,3.8530035461738255,0.006025753009453183,0.055952909680744456,0.0,0.0,0.0,0.0,53,0.004946044646203518,0.0005053721251897514,0.004946044646203518,0.0004532081657089293,0.0,1.7861825153494895,0.0,0.0,0.0,0.0,0.0,0.0,-7.950767030706629e-05,6.665484397672117e-05,0.03361721336841583,0.9994347095489502,-0.0004888413241133094,0.0006080989260226488,0.008542229421436787,0.01654229871928692,0.021328290924429893,0.02909516915678978,-0.4833070933818817,0.5167948007583618,0.5136784315109253,-2.011958599090576,-0.4806043207645416,2.414212465286255,1.1288307905197144,0.0011012887116521597,-0.011831061914563179,0.0006984354695305228,-2.2396263375412673e-05,0.01256548147648573,-0.008817420341074467,-0.008304057642817497,0.5999041795730591,0.001515108160674572,0.10937562584877014,0.03361355885863304,0.9994348883628845,7.884906517574564e-05,-6.32450173725374e-05,2.3744080408505397e-06,-3.905501216650009e-06,0.03239406272768974,3.3870658171508694e-06,7.757268463137734e-07,0.9999998807907104,-3.6594042285287287e-06,0.004696087911725044,-0.0015513049438595772,-5.9737365518230945e-05,0.0004253068764228374,0.0002725831582210958,1.4610366633860394e-05,0.004695843905210495,0.001552532659843564,-4.5247092202771455e-05,0.0002011298929573968,0.00040397077100351453,-4.185708530712873e-05,3.2186508178710938e-06,0.0016799106961116195,0.02494349330663681,0.0040252674371004105,0.004038470797240734,5.118003628012957e-06,7.298978744074702e-06,,,,,3.777090814044495,,1320,4.208333333333333
15.216666666652884,retreat,15.216667460277677,-2.514114241365583,-2.1025188267230974,-0.09810924530029297,-0.654152943752706,3.853206829562773,0.009733272236189805,0.0,0.0,0.0,0.0,0.0,57,0.004525250289589167,0.00037825695471838117,0.004525250289589167,0.0004967143759131432,0.0,1.8341873722975583,0.0,0.0,0.0,0.0,0.0,0.0,-8.218322182074189e-05,7.243247091537341e-05,0.03361915424466133,0.9994347095489502,-0.0006021551671437919,0.0007239496917463839,0.008668669499456882,0.023810328915715218,0.030257849022746086,0.033176761120557785,-0.483295738697052,0.5166919827461243,0.5136788487434387,-2.011958599090576,-0.4805011451244354,2.41412091255188,1.128762125968933,0.0011889204615727067,-0.011754837818443775,0.0006291871541179717,0.00015384770813398063,0.012628190219402313,-0.008874599821865559,-0.008346768096089363,0.5999029874801636,0.0015117679722607136,0.10942211002111435,0.033620305359363556,0.9994346499443054,7.676108361920342e-05,-7.189734606072307e-05,3.416832896618871e-06,-1.0935589671134949e-05,0.03239207714796066,3.4940853765874635e-07,5.438805146695813e-06,1.0,1.15213867957209e-06,0.004327122122049332,3.5454741009743884e-06,-0.0013243458233773708,0.0002661587204784155,0.00022985618852544576,0.00013929819397162646,0.004327306058257818,8.610505028627813e-05,0.0013209461467340589,0.00026657458511181176,0.00038504585972987115,-0.00016553809109609574,3.4570693969726562e-06,0.001680007902905345,0.024943485856056213,0.004025262780487537,0.004038636106997728,5.287735802994575e-06,7.539987564086914e-06,,,,,3.777090814044495,,1320,4.216666666666667
15.22499999998621,retreat,15.225000794045627,-2.566467061156871,-2.14913710951805,-0.09930133819580078,-0.6576076848432422,3.853765803675012,0.010442186976433732,0.03956468118525214,0.0,0.0,0.0,0.0,48,0.004530532285571098,0.0005294331349432468,0.004530532285571098,0.00048042586422525346,0.0,1.8807667877011498,0.0,0.0,0.0,0.0,0.0,0.0,-7.604144775541499e-05,7.925890531623736e-05,0.033623941242694855,0.9994345903396606,-0.0007854626746848226,0.0006213065353222191,0.008690496906638145,0.016616618260741234,0.04443183168768883,0.04328073188662529,-0.4832842946052551,0.5165902376174927,0.5136791467666626,-2.011958599090576,-0.4803943634033203,2.414029359817505,1.1286934614181519,0.0012589136604219675,-0.011680464260280132,0.0005869579617865384,0.00032272801036015153,0.012706231325864792,-0.00890845526009798,-0.008435603231191635,0.5999012589454651,0.0015091742388904095,0.10946786403656006,0.03362590819597244,0.9994344115257263,7.389370148302987e-05,-8.155152318067849e-05,4.584308499033796e-06,-1.0382384061813354e-05,0.0323912650346756,-2.361972747166874e-06,2.070705704682041e-06,0.9999999403953552,1.9717526811291464e-06,0.004283839836716652,-0.00017470831517130136,-0.001464211381971836,0.000393547466956079,0.00033387914299964905,-0.00011808712588390335,0.00428404426202178,0.000273337762337178,0.0014484381536021829,0.00036826852010563016,0.0002923286519944668,9.864717139862478e-05,3.814697265625e-06,0.0016802469035610557,0.02494347095489502,0.004025258123874664,0.0040387655608356,5.133830200065859e-06,7.3204864747822285e-06,,,,,3.777090814044495,,1320,4.225
15.233333333319536,retreat,15.233334127813578,-2.6187142978559272,-2.1950550377368914,-0.1010894775390625,-0.6604217924177647,3.854375501301638,0.014272564840211999,0.03956468118525214,0.0,0.0,0.0,0.0,43,0.00452877813950181,0.0004960332880727947,0.00452877813950181,0.00039512693183496594,0.0,1.926642321577448,0.0,0.0,0.0,0.0,0.0,0.0,-7.558742072433233e-05,8.727824024390429e-05,0.033629272133111954,0.9994343519210815,-0.0010512849548831582,0.0005748526309616864,0.008730069734156132,0.012949567288160324,0.06345679610967636,0.05615405738353729,-0.48327285051345825,0.5164986848831177,0.5136793851852417,-2.011958599090576,-0.48028555512428284,2.41393780708313,1.1286247968673706,0.0013162950053811073,-0.011609137058258057,0.0005616634734906256,0.0004913437296636403,0.012763164937496185,-0.008948511444032192,-0.008499600924551487,0.599897563457489,0.001507371198385954,0.10950851440429688,0.03362863138318062,0.9994343519210815,7.030172127997503e-05,-9.586845408193767e-05,7.425223884638399e-06,-9.195413440465927e-06,0.032386086881160736,-8.760581295064185e-06,4.999634256819263e-06,0.9999999403953552,-6.399429253178823e-07,0.004115749150514603,-0.00040771125350147486,-0.0018450510688126087,0.00035343068884685636,0.00034080553450621665,-7.062129589030519e-05,0.004116034135222435,0.0005313638830557466,0.0018126637442037463,0.00029449284193105996,0.0002579722786322236,5.338112896424718e-05,4.231929779052734e-06,0.0016805129125714302,0.024943456053733826,0.0040252539329230785,0.004038855899125338,5.054896519141039e-06,7.209309842437506e-06,,,,,3.777090814044495,,1320,4.233333333333333
15.241666666652861,retreat,15.241667461581528,-2.670855049043162,-2.2359512746334063,-0.1049041748046875,-0.6622719811275601,3.85468031400589,0.015000689018052071,0.0,0.0,0.0,0.0,0.0,42,0.0048288824036717415,0.000624129141215235,0.0048288824036717415,0.00023603608133271337,0.0,1.9675173638248715,0.0,0.0,0.0,0.0,0.0,0.0,-6.836209649918601e-05,9.729654266266152e-05,0.03363177180290222,0.999434232711792,-0.0017459052614867687,0.0005727170500904322,0.008775024674832821,0.012172486633062363,0.10869404673576355,0.08406705409288406,-0.4832614064216614,0.5164071321487427,0.5136798620223999,-2.011958599090576,-0.4801768660545349,2.413846731185913,1.1285561323165894,0.0013641235418617725,-0.011542300693690777,0.0005480364779941738,0.000668707478325814,0.012776131741702557,-0.008961500599980354,-0.008539827540516853,0.5998938679695129,0.0015060831792652607,0.10954894125461578,0.0336311012506485,0.9994342923164368,6.67655112920329e-05,-0.00011006974818883464,8.232824256992899e-06,-8.76234844326973e-06,0.03238565847277641,-1.2819673429476097e-05,1.1681628393489518e-06,1.0,-6.721760996697412e-07,0.003944209776818752,-0.0004562834510579705,-0.002748294034972787,0.00027277544722892344,0.0005500862607732415,-0.0001119636872317642,0.003944737836718559,0.0006405003368854523,0.002710518427193165,0.00020685954950749874,2.7213653083890676e-05,0.00011037017975468189,4.76837158203125e-06,0.0016806375933811069,0.024943441152572632,0.004025253467261791,0.0040389555506408215,5.036831680627074e-06,7.183960406109691e-06,,,,,3.777090814044495,,1320,4.241666666666666
15.249999999986187,retreat,15.250000795349479,-2.7228884122989783,-2.276653796434401,-0.10901689529418945,-0.6636404432356358,3.8549851026450486,0.015200217603705823,0.0,0.0,0.0,0.0,0.0,53,0.005770460236817598,0.0005617909482680261,0.005770460236817598,0.00023581953428220004,0.0,2.008198692657701,0.0,0.0,0.0,0.0,0.0,0.0,-6.431197834899649e-05,0.00011200975859537721,0.03363439813256264,0.999434232711792,-0.0019468945683911443,0.0005794804310426116,0.008815903216600418,0.0118986451998353,0.12415120750665665,0.09371951222419739,-0.4832499623298645,0.5163155794143677,0.5136803984642029,-2.011958599090576,-0.48006823658943176,2.4137556552886963,1.128487467765808,0.0013951201690360904,-0.011482779867947102,0.0005570400971919298,0.0008496845257468522,0.012779648415744305,-0.00902050081640482,-0.008570230565965176,0.5998905301094055,0.001504712738096714,0.10958955436944962,0.03363347426056862,0.9994341731071472,6.341538392007351e-05,-0.00012394932855386287,8.3636887211469e-06,-8.91275703907013e-06,0.03238556161522865,-1.196181710838573e-05,4.921284926240332e-07,1.0000001192092896,-9.188934200210497e-07,0.004787290468811989,-0.0004093222669325769,-0.0031957030296325684,0.00018502007878851146,0.0005204740446060896,-0.00010238861432299018,0.004788012709468603,0.0006238067871890962,0.003159747924655676,0.0001258641277672723,0.00017762224888429046,9.066094935406e-05,5.4836273193359375e-06,0.0016807687934488058,0.024943433701992035,0.0040252539329230785,0.004039017483592033,5.033659817854641e-06,7.1801478043198586e-06,,,,,3.777090814044495,,1320,4.25
15.258333333319513,retreat,15.25833412911743,-2.77481348520379,-2.3175872862339006,-0.11271238327026367,-0.6650689756497741,3.8552390747987415,0.016045483789639547,0.03956468118525214,0.0,0.0,0.0,0.0,50,0.006521956063807011,0.0006334063364192843,0.006521955598145723,0.00022151325538288802,0.0,2.049114522934145,0.0,0.0,0.0,0.0,0.0,0.0,-6.364050932461396e-05,0.0001246062311111018,0.0336369089782238,0.9994341135025024,-0.0019427232909947634,0.0005903474520891905,0.008853858336806297,0.012463110499083996,0.12744677066802979,0.09565602988004684,-0.4832385182380676,0.5162240266799927,0.5136810541152954,-2.011958599090576,-0.4799596071243286,2.4136645793914795,1.1284188032150269,0.0014112493954598904,-0.011429275386035442,0.0005853754701092839,0.001032066997140646,0.012778425589203835,-0.00908909272402525,-0.00859521422535181,0.5998868346214294,0.001503481063991785,0.10963020473718643,0.033635761588811874,0.9994341135025024,5.97756115894299e-05,-0.00013786126510240138,9.272052921005525e-06,-8.845701813697815e-06,0.03238529711961746,-1.337435060122516e-05,3.417434527364094e-06,0.9999999403953552,-1.1456232869022642e-06,0.005323832854628563,-0.0005007509025745094,-0.003733893623575568,0.0001807966473279521,0.0005998737178742886,-9.310031600762159e-05,0.005324782337993383,0.00075124716386199,0.003690288634970784,0.00010843051131814718,0.00017511349869892,8.152429654728621e-05,6.139278411865234e-06,0.0016808941727504134,0.024943426251411438,0.004025255795568228,0.004039083141833544,5.038330982642947e-06,7.18797673471272e-06,,,,,3.777090814044495,,1320,4.258333333333333
15.266666666652839,retreat,15.26666746288538,-2.8266293653379932,-2.35861763358116,-0.11670589447021484,-0.6663571111857891,3.855645395500445,0.016206655345740728,0.0,0.0,0.0,0.0,0.0,60,0.006768060848116875,0.0006695842021144927,0.006768060382455587,0.0001847572420956567,0.0,2.0901166174713652,0.0,0.0,0.0,0.0,0.0,0.0,-6.0614322137553245e-05,0.00013796405983157456,0.033640000969171524,0.9994340538978577,-0.002127127256244421,0.0006029519136063755,0.008899034932255745,0.012960489839315414,0.14235642552375793,0.10555704683065414,-0.48322707414627075,0.5161324739456177,0.513683557510376,-2.011958599090576,-0.47985130548477173,2.4135735034942627,1.1283501386642456,0.001415599836036563,-0.011379967443645,0.0006289436132647097,0.001218876102939248,0.012769044376909733,-0.009157046675682068,-0.008616524748504162,0.5998833179473877,0.0015031462535262108,0.10967113077640533,0.033638086169958115,0.9994340538978577,5.717211024602875e-05,-0.0001516585616627708,9.693881111161318e-06,-8.03731381893158e-06,0.03238525986671448,-1.38040513775195e-05,2.97568658425007e-06,1.0,-1.9156204871251248e-06,0.005174229387193918,-0.0005514996591955423,-0.004327799193561077,0.00018135127902496606,0.0006357285310514271,-0.00010632019257172942,0.0051754554733633995,0.0008417829521931708,0.0042793345637619495,0.00010166686843149364,0.00011867220746353269,9.856975520960987e-05,6.794929504394531e-06,0.0016810486558824778,0.02494341880083084,0.004025260452181101,0.004039193037897348,5.039013558416627e-06,7.18815135769546e-06,,,,,3.777090814044495,,1320,4.266666666666667
15.274999999986164,retreat,15.27500079665333,-2.8783351502820196,-2.3999534547328936,-0.12046098709106445,-0.6667030975222588,3.85589932422903,0.016019976101233624,0.0,0.0,0.0,0.0,0.0,57,0.007126698270440102,0.0006010765791870654,0.007126698736101389,0.0002105442399624735,0.0,2.1314347821332484,0.0,0.0,0.0,0.0,0.0,0.0,-5.454796337289736e-05,0.0001501118385931477,0.03364216908812523,0.9994338750839233,-0.002190122613683343,0.0006098232697695494,0.008946063928306103,0.013050111010670662,0.14990785717964172,0.11074109375476837,-0.4832156300544739,0.5160409212112427,0.5136920213699341,-2.011958599090576,-0.47974318265914917,2.4134819507598877,1.1282814741134644,0.0014077777741476893,-0.01133620087057352,0.0006872105877846479,0.001408391515724361,0.012756853364408016,-0.009251032955944538,-0.008629110641777515,0.5998799204826355,0.001506567932665348,0.10971260070800781,0.033639099448919296,0.9994340538978577,5.745065209339373e-05,-0.0001648899633437395,1.019183673633961e-05,-4.353001713752747e-06,0.032385651022195816,-1.4672607903776225e-05,-3.4022339150396874e-06,1.0,-3.0756109481444582e-06,0.005336123518645763,-0.0004430796252563596,-0.004703115206211805,0.00013518446939997375,0.0005824598483741283,-6.130838301032782e-05,0.005337599199265242,0.0007588687585666776,0.004660900216549635,7.115445623639971e-05,0.00019213062478229403,4.8494792281417176e-05,7.3909759521484375e-06,0.0016811566893011332,0.024943411350250244,0.004025270231068134,0.004039350431412458,5.03361843584571e-06,7.1792455855757e-06,,,,,3.777090814044495,,1320,4.275
15.28333333331949,retreat,15.28333413042128,-2.9299299376162544,-2.4418331682682024,-0.12421607971191406,-0.663597253151238,3.855289867224822,0.016282139768009074,0.06852804166478502,0.0,0.0,0.0,0.0,57,0.00781133072450757,0.0005751015851274133,0.00781133072450757,0.0002306857641087845,0.0,2.1733568732038577,0.0,0.0,0.0,0.0,0.0,0.0,-5.370983490138315e-05,0.00016274228983093053,0.033636923879384995,0.9994340538978577,-0.0022974968887865543,-0.0003472571261227131,0.009306289255619049,-0.10173947364091873,0.15879444777965546,0.11705455183982849,-0.483204185962677,0.5159493684768677,0.5137029886245728,-2.011958599090576,-0.47963595390319824,2.4133903980255127,1.128212809562683,0.0013907038373872638,-0.0112961046397686,0.0007564675761386752,0.0015977575676515698,0.012751506641507149,-0.009351834654808044,-0.008628420531749725,0.5998767614364624,0.0015115239657461643,0.10975447297096252,0.0336395762860775,0.9994339346885681,5.8864574384642765e-05,-0.00017779854533728212,1.0428159839648288e-05,-2.537854015827179e-06,0.03238575533032417,-1.4875173292239197e-05,-5.6588642110000364e-06,0.9999998211860657,2.654668605828192e-06,0.005213438533246517,0.0017541998531669378,-0.005546145606786013,-0.00015312664618249983,0.0005519303376786411,5.1642597099998966e-05,0.005215614568442106,-0.0013767499476671219,0.005649673752486706,0.00010022112110164016,0.00019732856890186667,-6.506216595880687e-05,8.046627044677734e-06,0.0016808948712423444,0.024943426251411438,0.004025269765406847,0.004038207698613405,4.9522977860760875e-06,7.064780220389366e-06,,,,,3.777090814044495,,1320,4.283333333333333
15.291666666652816,retreat,15.291667464189231,-2.9814128249211223,-2.4841599166393267,-0.12767314910888672,-0.6588022224605083,3.855442240494222,0.01665561467234511,0.055952909680744456,0.0,0.0,0.0,0.0,54,0.007564112544059753,0.0005393123719841242,0.007564111612737179,0.00032719195587560534,0.0,2.215673026561234,0.0,0.0,0.0,0.0,0.0,0.0,-5.673602208844386e-05,0.00017527793534100056,0.033638209104537964,0.9994340538978577,-0.0023015285842120647,-0.0003701631794683635,0.009363318793475628,-0.10255063325166702,0.16260048747062683,0.11959326267242432,-0.4831927418708801,0.5158578157424927,0.5137140154838562,-2.011958599090576,-0.4795304536819458,2.4132988452911377,1.1281441450119019,0.0013739896239712834,-0.011267238296568394,0.0008088783943094313,0.0017962229903787374,0.01269530039280653,-0.009497362188994884,-0.008605877868831158,0.5998737812042236,0.0015164045616984367,0.10979659110307693,0.033640846610069275,0.9994339346885681,6.118113378761336e-05,-0.00019015470752492547,1.0746080988610629e-05,-2.5206245481967926e-06,0.032385557889938354,-1.4717336853209417e-05,-4.941068709740648e-06,0.9999998807907104,2.6413424620841397e-06,0.005358247086405754,0.0010454690782353282,-0.005235645454376936,-0.0002606605994515121,0.0004696451942436397,4.844882641918957e-05,0.005360356066375971,-0.0006904518231749535,0.005292035639286041,-0.00010970835865009576,0.0003004877071361989,-6.874430255265906e-05,8.64267349243164e-06,0.001680959016084671,0.024943426251411438,0.004025268834084272,0.004038271959871054,4.9482687245472334e-06,7.056049071252346e-06,,,,,3.777090814044495,,1320,4.291666666666667
15.299999999986142,retreat,15.300000797957182,-3.0327829097770085,-2.5268368422985064,-0.1308917999267578,-0.6546190707013011,3.8566610102518233,0.017878242942970246,0.055952909680744456,0.0,0.0,0.0,0.0,55,0.007391837891191244,0.0004974144976586103,0.0073918369598686695,0.0003147344687022269,0.0,2.2582652072256035,0.0,0.0,0.0,0.0,0.0,0.0,-5.5587715905858204e-05,0.00018735161575023085,0.033648718148469925,0.999433696269989,-0.0023027595598250628,0.0004950487054884434,0.009121989831328392,0.001177836675196886,0.1681738942861557,0.12228121608495712,-0.48318129777908325,0.5157662630081177,0.5137251615524292,-2.011958599090576,-0.4794258773326874,2.4132072925567627,1.1280754804611206,0.0013542637461796403,-0.011247548274695873,0.0008512078202329576,0.0019956864416599274,0.012641736306250095,-0.00964522734284401,-0.008591951802372932,0.5998705625534058,0.0015212642028927803,0.1098383292555809,0.033642180263996124,0.9994338750839233,6.371800554916263e-05,-0.00020274697453714907,1.155526661023032e-05,-1.8691644072532654e-06,0.03238466754555702,-1.5113722838577814e-05,-8.643234650662635e-06,0.9999998807907104,-6.538893558172276e-06,0.005456781014800072,-0.0001910392165882513,-0.004982600919902325,-3.8741407479392365e-05,0.0004901004722341895,7.564276893390343e-05,0.005458751693367958,0.0005262887571007013,0.004956238903105259,-6.641978689003736e-05,0.00029245129553601146,-9.549054084345698e-05,9.298324584960938e-06,0.001681483699940145,0.024943388998508453,0.004025265108793974,0.004038410726934671,4.963178071193397e-06,7.080729119479656e-06,,,,,3.777090814044495,,1320,4.3
15.308333333319467,retreat,15.308334131725132,-3.084039289764352,-2.5690518319606768,-0.1342296600341797,-0.6497654831036925,3.8566610102518233,0.01809505010896828,0.0,0.0,0.0,0.0,0.0,56,0.007891727611422539,0.0005294024595059454,0.007891729474067688,0.0002904084394685924,0.0,2.300480196887774,0.0,0.0,0.0,0.0,0.0,0.0,-5.7784596720011905e-05,0.00019738539413083345,0.033648815006017685,0.999433696269989,-0.002481691539287567,0.0007985586998984218,0.009218337014317513,0.027705444023013115,0.1810450553894043,0.1309676468372345,-0.4831698536872864,0.5156747102737427,0.513736367225647,-2.011958599090576,-0.4793209731578827,2.4131157398223877,1.1280068159103394,0.0013258213875815272,-0.011230363510549068,0.0009018470300361514,0.00218879128806293,0.012636672705411911,-0.00976576004177332,-0.008613352663815022,0.5998677015304565,0.0015262416563928127,0.10988066345453262,0.033643726259469986,0.9994338154792786,6.642012158408761e-05,-0.00021520863811019808,1.1879274097736925e-05,-1.8533319234848022e-06,0.03238479048013687,-1.7520364053780213e-05,-9.234358913090546e-06,1.0,-5.088360921945423e-06,0.005174022633582354,0.0008758759358897805,-0.005894209258258343,3.670942533062771e-05,0.0005217202706262469,8.202054596040398e-05,0.005176660604774952,-0.0004768989747390151,0.005937519483268261,0.00016315566608682275,0.00021976121934130788,-9.706855053082108e-05,9.775161743164062e-06,0.0016814885893836617,0.024943388998508453,0.0040252613835036755,0.004038550890982151,5.342545591702219e-06,7.621827535331249e-06,,,,,3.777090814044495,,1320,4.308333333333334
15.316666666652793,retreat,15.316667465493083,-3.1351810624635412,-2.6119075715541826,-0.13744831085205078,-0.644787447527051,3.8566102358567393,0.01887046528281644,0.03956468118525214,0.0,0.0,0.0,0.0,55,0.00808172021061182,0.0004710316425189376,0.008081719279289246,0.00038473759195767343,0.0,2.3433394669864183,0.0,0.0,0.0,0.0,0.0,0.0,-6.060216765035875e-05,0.00021069655485916883,0.03364809602499008,0.999433696269989,-0.002502367366105318,0.0006781055126339197,0.009238164871931076,0.01987561024725437,0.1865493357181549,0.1326732337474823,-0.4831584095954895,0.5155831575393677,0.5137476921081543,-2.011957883834839,-0.47921591997146606,2.4130241870880127,1.127938151359558,0.0012890854850411415,-0.011218748986721039,0.0009589925757609308,0.0023786830715835094,0.012648692354559898,-0.009902200661599636,-0.008649616502225399,0.5998648405075073,0.0015313131734728813,0.10992272198200226,0.033644724637269974,0.9994338154792786,6.868335913168266e-05,-0.0002274181752000004,1.230671023222385e-05,-1.7709098756313324e-06,0.0323840007185936,-1.6444855646113865e-05,-8.639975931146182e-06,0.9999999403953552,-3.376253744136193e-06,0.005284906830638647,0.001989571377635002,-0.005781484302133322,-6.564918294316158e-05,0.00045948702609166503,8.020396489882842e-05,0.0052878111600875854,-0.0015956093557178974,0.00589976878836751,0.00022166156850289553,0.0002979625714942813,-0.00010053587175207213,1.043081283569336e-05,0.0016814526170492172,0.024943388998508453,0.004025256726890802,0.0040386817418038845,5.203657565289177e-06,7.4213603511452675e-06,,,,,3.777090814044495,,1320,4.316666666666666
15.324999999986119,retreat,15.325000799261034,-3.1862073254549905,-2.6544801890850054,-0.1404881477355957,-0.639878329820931,3.8566610102518233,0.018721666492638178,0.0,0.0,0.0,0.0,0.0,53,0.00838696863502264,0.00046727090375497937,0.00838696863502264,0.0003789244219660759,0.0,2.3859085540121026,0.0,0.0,0.0,0.0,0.0,0.0,-6.309008313110098e-05,0.00022106322285253555,0.03364860266447067,0.9994337558746338,-0.0025501626078039408,0.0005807934212498367,0.009342464618384838,0.01438779104501009,0.19276472926139832,0.13827252388000488,-0.4831470251083374,0.5154916048049927,0.5137591361999512,-2.0119564533233643,-0.47911062836647034,2.4129326343536377,1.1278694868087769,0.0012488368665799499,-0.011212823912501335,0.0010128190042451024,0.002567949704825878,0.012655124068260193,-0.010044456459581852,-0.008691172115504742,0.5998625159263611,0.0015361071564257145,0.10996558517217636,0.03364608436822891,0.9994337558746338,7.105881377356127e-05,-0.00023909329320304096,1.2342196896497626e-05,-1.9939616322517395e-06,0.03238429129123688,-1.775118289515376e-05,-8.574867933930364e-06,1.0000001192092896,-2.517785333111533e-06,0.005192467477172613,0.002424726728349924,-0.006123742554336786,-0.00013576510536950082,0.00044328096555545926,5.841168240294792e-05,0.005195747595280409,-0.0020067354198545218,0.0062704430893063545,0.0002144110039807856,0.0003022806777153164,-7.898120384197682e-05,1.0967254638671875e-05,0.0016814782284200191,0.024943388998508453,0.004025252535939217,0.00403875857591629,5.0944227041327395e-06,7.263937732204795e-06,,,,,3.777090814044495,,1320,4.325
15.333333333319445,retreat,15.333334133028984,-3.2371171763190993,-2.6978947222232805,-0.1430511474609375,-0.6353376666083932,3.856864101157969,0.00762579338697833,0.03956468118525214,0.0,0.0,0.0,0.0,50,0.00843911524862051,0.0004357471188995987,0.008439114317297935,0.00042958930134773254,0.0,2.429308965596011,0.0,0.0,0.0,0.0,0.0,0.0,-6.267285061767325e-05,0.00023278930166270584,0.033650174736976624,0.9994335770606995,-0.002513898303732276,0.000528931908775121,0.009406513534486294,0.012470240704715252,0.19406475126743317,0.13938359916210175,-0.4831356704235077,0.5154000520706177,0.513770580291748,-2.011935234069824,-0.47900494933128357,2.4128410816192627,1.1278008222579956,0.0012032351223751903,-0.011212540790438652,0.001066804165020585,0.002753080567345023,0.01266999077051878,-0.010193955153226852,-0.008740701712667942,0.5998691916465759,0.0015392787754535675,0.11001534759998322,0.03364713490009308,0.999433696269989,7.043355435598642e-05,-0.00024143379414454103,3.2596135497442447e-06,-3.8566067814826965e-06,0.0323905274271965,-8.376986443181522e-06,-8.050065844145138e-06,0.9999999403953552,-3.040607452930999e-06,0.00520028080791235,0.002626033965498209,-0.006105709820985794,-0.00012666688417084515,0.0004109856381546706,7.015590381342918e-05,0.005203609820455313,-0.0022087928373366594,0.006265965756028891,0.0002525834133848548,0.0003348190803080797,-9.29772577364929e-05,1.150369644165039e-05,0.0016815564595162868,0.024943381547927856,0.0040252492763102055,0.004038842394948006,5.056777808931656e-06,7.2122784331440926e-06,,,,,3.777090814044495,,1320,4.333333333333333
15.34166666665277,retreat,15.341667466796935,-3.2879097126362957,-2.7480743825435625,-0.13756752014160156,-0.6323957350105047,3.8570164123304163,0.008673453521623742,0.0,0.0,0.0,0.0,0.0,50,0.009041694924235344,0.00020578860130626708,0.00904169399291277,0.0012108919909223914,0.0,2.479478035239964,0.0,0.0,0.0,0.0,0.0,0.0,-7.103432290023193e-05,0.00024918391136452556,0.0336514487862587,0.9994336366653442,-8.919362880988047e-05,0.00048250413965433836,0.009368730708956718,0.011479397304356098,0.050276659429073334,0.047722820192575455,-0.483124315738678,0.5153084993362427,0.5137820243835449,-2.011889696121216,-0.4788966774940491,2.4127495288848877,1.1277321577072144,0.0011325932573527098,-0.011227075941860676,0.0011493999045342207,0.002899438375607133,0.012752045877277851,-0.01050199382007122,-0.008852262981235981,0.5998871326446533,0.001539332326501608,0.11007433384656906,0.03364821523427963,0.9994336366653442,6.516548455692828e-05,-0.00023250757658388466,-9.759771273820661e-06,-7.402617484331131e-06,0.032399121671915054,1.6470583432237618e-05,6.42438590148231e-06,1.0,-3.232011749787489e-06,0.007382434792816639,0.002692786743864417,-0.004472225438803434,-0.0001546492421766743,-0.00011977957910858095,-6.391726492438465e-05,0.00738488556817174,-0.0023850479628890753,0.004639746155589819,0.000234201128478162,0.0011879184748977423,-1.6096171748358756e-05,1.233816146850586e-05,0.0016816203715279698,0.02494337409734726,0.0040252492763102055,0.00403894716873765,5.036708444094984e-06,7.185240974649787e-06,,,,,3.777090814044495,,1320,4.341666666666667
15.349999999986096,retreat,15.350000800564885,-3.338584031986965,-2.8073437511920916,-0.12058019638061523,-0.6325447466224432,3.8572194845521506,0.009423586561752018,0.0,0.0,0.0,0.0,0.0,49,0.007848130539059639,0.0005401322268880904,0.007848129607737064,0.0015778240049257874,0.0,2.5387332836392176,0.0,0.0,0.0,0.0,0.0,0.0,-7.97850516391918e-05,0.000257335661444813,0.033653393387794495,0.9994335770606995,0.003436523489654064,0.00046369287883862853,0.009287038818001747,0.011601390317082405,-0.16151516139507294,-0.08671760559082031,-0.4831148087978363,0.5152169466018677,0.5137934684753418,-2.0118448734283447,-0.4787878692150116,2.4126579761505127,1.127663493156433,0.0010421422775834799,-0.011253043077886105,0.0012518762378022075,0.002981667872518301,0.012892505154013634,-0.010853531770408154,-0.00901192519813776,0.5999048352241516,0.001539311371743679,0.11013330519199371,0.03364860638976097,0.9994336366653442,5.976121246931143e-05,-0.0002236848813481629,-1.1034845556423534e-05,-7.2801485657691956e-06,0.03239883482456207,3.295730130048469e-05,2.114414019160904e-05,1.0,-4.788278147316305e-06,0.0070866369642317295,0.002048616064712405,-0.00267878663726151,4.4113789044786245e-05,-0.0005059539689682424,-0.000183867770829238,0.0070880986750125885,-0.0018630640115588903,0.0028073107823729515,0.00033993314718827605,0.0015386694576591253,8.043855632422492e-05,1.2695789337158203e-05,0.0016817176947370172,0.02494337409734726,0.00402525020763278,0.004039036110043526,5.048667389928596e-06,7.201306289061904e-06,,,,,3.777090814044495,,1320,4.35
15.358333333319422,retreat,15.358334134332836,-3.3891392319515354,-2.8665535151958452,-0.10216236114501953,-0.6326234433799982,3.857270250939629,0.01034974502545083,0.0,0.0,0.0,0.0,0.0,56,0.003125877818092704,0.000586496782489121,0.003125878982245922,0.0008264954667538404,0.0,2.5979395176971565,0.0,0.0,0.0,0.0,0.0,0.0,-7.201446715043858e-05,0.0002460420364513993,0.03365398943424225,0.9994334578514099,0.003942977637052536,0.0004575152706820518,0.009289241395890713,0.01293034479022026,-0.19211067259311676,-0.1059885025024414,-0.4831089675426483,0.5151253938674927,0.5138049125671387,-2.0117998123168945,-0.4786790609359741,2.4125664234161377,1.1275948286056519,0.0009619412594474852,-0.011276633478701115,0.0013314178213477135,0.0030275885947048664,0.012995860539376736,-0.011024653911590576,-0.009131397120654583,0.5999224781990051,0.0015362701378762722,0.11019229143857956,0.03364923223853111,0.999433696269989,5.165383481653407e-05,-0.0002152038796339184,-1.0791500244522467e-05,-1.0260380804538727e-05,0.032398421317338943,3.013510831806343e-05,2.1383953935583122e-05,1.0,-4.765052835864481e-06,0.0010800277814269066,0.0014987882459536195,-0.0025215642526745796,0.00024370901519432664,-0.0005204321350902319,-0.00011719545000232756,0.001081280061043799,-0.0013256972888484597,0.0026161957066506147,0.0004601825785357505,0.000682827434502542,7.122812530724332e-05,1.2159347534179688e-05,0.0016817471478134394,0.024943366646766663,0.004025255795568228,0.004039165563881397,5.055452675151173e-06,7.2100956458598375e-06,,,,,3.777090814044495,,1320,4.358333333333333
15.366666666652748,retreat,15.366667468100786,-3.4395744101103993,-2.925651520490645,-0.08422136306762695,-0.6356915691867471,3.8573717817132254,0.010382528671470936,0.03956468118525214,0.0,0.0,0.0,0.0,49,0.0025746680330485106,0.0011772243306040764,0.002574667800217867,0.0009610152919776738,0.0,2.657030463240121,0.0,0.0,0.0,0.0,0.0,0.0,-6.368978938553482e-05,0.00023664129548706114,0.03365452215075493,0.9994334578514099,0.00389898126013577,0.0004532626480795443,0.009298212826251984,0.01356000266969204,-0.1912590116262436,-0.10534009337425232,-0.4831032454967499,0.5150338411331177,0.5138163566589355,-2.0117547512054443,-0.4785701036453247,2.4124748706817627,1.1275261640548706,0.0008715452277101576,-0.011304530315101147,0.0014243473997339606,0.003031345782801509,0.013107706792652607,-0.011221760883927345,-0.009269523434340954,0.5999403595924377,0.0015336074866354465,0.11025112122297287,0.03364965692162514,0.9994336366653442,4.35685105912853e-05,-0.0002062850835500285,-1.1292162525933236e-05,-9.865034371614456e-06,0.03239816799759865,2.9661996450158767e-05,2.1134348571649753e-05,0.9999999403953552,-4.869452368438942e-06,-0.001998439896851778,0.0009824512526392937,-0.0012922625755891204,0.00027009809855371714,-0.001112570520490408,-0.0002740273775998503,-0.0019978114869445562,-0.0008934533689171076,0.0013562466483563185,0.0004120481899008155,0.0008404363179579377,0.00021779225789941847,1.1742115020751953e-05,0.0016817734576761723,0.024943366646766663,0.004025264177471399,0.004039239138364792,5.056623194832355e-06,7.210794137790799e-06,,,,,3.777090814044495,,1320,4.366666666666666
15.374999999986073,retreat,15.375000801868737,-3.489888664043974,-2.9844664037227617,-0.06628036499023438,-0.6383237196132541,3.8573717817132254,0.010488821317267139,0.055952909680744456,0.0,0.0,0.0,0.0,51,0.003259652992710471,0.0013285132590681314,0.003259652992710471,0.0009174540755338967,0.0,2.715845346472238,0.0,0.0,0.0,0.0,0.0,0.0,-5.367670382838696e-05,0.0002294814767083153,0.033654674887657166,0.9994334578514099,0.003985085990279913,0.00044965953566133976,0.009289693087339401,0.013171005062758923,-0.19923803210258484,-0.11040579527616501,-0.48309752345085144,0.5149422883987427,0.513827919960022,-2.0117099285125732,-0.47846105694770813,2.4123833179473877,1.1274572610855103,0.0007720206049270928,-0.01133986096829176,0.0015255892649292946,0.002988292835652828,0.013210906647145748,-0.011409777216613293,-0.009381475858390331,0.5999578237533569,0.0015309778973460197,0.11031004786491394,0.03365032374858856,0.9994335770606995,3.596072565414943e-05,-0.000198005887796171,-1.133500427386025e-05,-9.913463145494461e-06,0.0323982834815979,3.086141077801585e-05,1.876626629382372e-05,0.9999998807907104,-4.35413721788791e-06,-0.0032138749957084656,0.0005121112335473299,-0.0001846257655415684,0.00028717960231006145,-0.001277982722967863,-0.00022189045557752252,-0.0032137585803866386,-0.000498721026815474,0.00021993332484271377,0.0003611799911595881,0.0008267747471109033,0.00016647664597257972,1.138448715209961e-05,0.001681781024672091,0.024943366646766663,0.004025275353342295,0.004039387684315443,5.051267180533614e-06,7.2069233283400536e-06,,,,,3.777090814044495,,1320,4.375
15.3833333333194,retreat,15.383334135636687,-3.540081091332663,-3.043340891599654,-0.04881620407104492,-0.6409571506083012,3.857422546099395,0.010406980436528102,0.03956468118525214,0.0,0.0,0.0,0.0,52,0.004410845693200827,0.0012847566977143288,0.004410845693200827,0.0007124789408408105,0.0,2.774716304543106,0.0,0.0,0.0,0.0,0.0,0.0,-4.621113112079911e-05,0.00022258824901655316,0.03365514054894447,0.9994335174560547,0.003947240766137838,0.00045139173744246364,0.009280038997530937,0.013367949053645134,-0.20033468306064606,-0.11119323968887329,-0.483091801404953,0.5148507356643677,0.5138395428657532,-2.0116660594940186,-0.4783516824245453,2.4122917652130127,1.1273877620697021,0.0006673957104794681,-0.011381182819604874,0.0016282836440950632,0.0029015878681093454,0.013292532414197922,-0.011545650660991669,-0.009467897936701775,0.5999751091003418,0.0015285867266356945,0.11036839336156845,0.03365049883723259,0.9994335770606995,2.8601136364159174e-05,-0.000189630183740519,-1.1682916010613553e-05,-9.647570550441742e-06,0.03239777311682701,3.235203985241242e-05,1.8709002688410692e-05,0.9999999403953552,-4.6431555347226094e-06,-0.00436624139547348,5.0062346417689696e-05,0.0006236895569600165,0.00032147023011930287,-0.0012251072330400348,-0.0002153347450075671,-0.004366472829133272,-9.209397831000388e-05,-0.0006172459106892347,0.00032874831231310964,0.0006074781995266676,0.0001747028436511755,1.1026859283447266e-05,0.0016818043077364564,0.024943366646766663,0.0040252855978906155,0.004039410967379808,5.048311322752852e-06,7.195980288088322e-06,,,,,3.777090814044495,,1320,4.383333333333333
15.391666666652725,retreat,15.391667469404638,-3.59015078955688,-3.1014852225780474,-0.03165006637573242,-0.6431874353438616,3.856102455190601,0.008385160072066355,0.0,0.0,0.0,0.0,0.0,43,0.005993928760290146,0.0011747339740395546,0.005993928760290146,0.0006385158048942685,0.0,2.832952425626197,0.0,0.0,0.0,0.0,0.0,0.0,-4.0603961679153144e-05,0.00021518523863051087,0.03364373371005058,0.9994339346885681,0.003955058287829161,-0.0012292856117710471,0.009215245023369789,-0.09693273156881332,-0.20475508272647858,-0.1139603704214096,-0.48308613896369934,0.5147591829299927,0.5138512253761292,-2.011626720428467,-0.4782417416572571,2.4122002124786377,1.1273173093795776,0.0005487551679834723,-0.01142517663538456,0.0017554954392835498,0.00276919174939394,0.013388819992542267,-0.011627094820141792,-0.009543105959892273,0.5999900698661804,0.0015264940448105335,0.11042513698339462,0.03365051746368408,0.9994336366653442,2.1832376660313457e-05,-0.00018402509158477187,-9.826419955061283e-06,-9.416602551937103e-06,0.03239639475941658,3.051373641937971e-05,1.9806357158813626e-05,1.0000001192092896,6.788729933759896e-06,-0.005186541937291622,0.0024978844448924065,0.0016695924568921328,9.240915096597746e-05,-0.0011548607144504786,-0.00019431211694609374,-0.005187013186514378,-0.002604690846055746,-0.00149588065687567,0.0004533360479399562,0.0004177517257630825,0.00016635014617349952,1.0669231414794922e-05,0.0016812349203974009,0.024943403899669647,0.004025282803922892,0.0040382021106779575,4.797513611265458e-06,6.843241862952709e-06,,,,,3.777090814044495,,1320,4.391666666666667
15.39999999998605,retreat,15.400000803172588,-3.640096856297035,-3.1580947339534746,-0.016689300537109375,-0.6451142253354192,3.8560516734518773,0.017261791072087362,0.0,0.0,0.0,0.0,0.0,45,0.007205369882285595,0.001079845940694213,0.007205370347946882,0.0003404244489502162,0.0,2.88956546801971,0.0,0.0,0.0,0.0,0.0,0.0,-3.520907193887979e-05,0.00020618799317162484,0.03364328294992447,0.9994338750839233,0.003407905111089349,-0.0024834536015987396,0.009111417457461357,0.017626479268074036,-0.1749681532382965,-0.09608753770589828,-0.4830806255340576,0.5146676301956177,0.5138628482818604,-2.011626720428467,-0.4781322181224823,2.4121086597442627,1.1272474527359009,0.00043589569395408034,-0.011475352570414543,0.0018654221203178167,0.0026150953490287066,0.013394898734986782,-0.011665435507893562,-0.009551447816193104,0.5999869108200073,0.0015285839326679707,0.11046718060970306,0.03365034610033035,0.9994336366653442,2.064721775241196e-05,-0.00019690388580784202,9.124074495048262e-06,-4.417262971401215e-06,0.03238212317228317,8.78896298672771e-06,1.4869990081933793e-05,1.0,7.066662419674685e-06,-0.006604715250432491,0.001979718916118145,0.0020918429363518953,-2.05733158509247e-05,-0.0010640938999131322,-0.00018261522927787155,-0.006605427246540785,-0.002116123214364052,-0.00195133569650352,0.0002654780982993543,0.00012204400263726711,0.00017468670557718724,1.0251998901367188e-05,0.0016812122194096446,0.024943403899669647,0.004025281872600317,0.004038242157548666,-1.9299332052469254e-06,-2.753404260147363e-06,,,,,3.777090814044495,,1320,4.4
15.408333333319376,retreat,15.408334136940539,-3.689918389133517,-3.2002501189708696,-0.018298625946044922,-0.6439799908548594,3.857422546099395,0.01890848761831876,0.055952909680744456,0.0,0.0,0.0,0.0,42,0.012283812277019024,0.0003496640711091459,0.012283812277019024,0.0015443096635863185,0.0,2.931625531914322,0.0,0.0,0.0,0.0,0.0,0.0,-1.1800913853221573e-05,0.0001906494435388595,0.03365546092391014,0.9994333982467651,-0.0015991292893886566,5.202503234613687e-05,0.009765641763806343,-0.03951719403266907,0.12307662516832352,0.09344269335269928,-0.48307690024375916,0.5145760774612427,0.5138745903968811,-2.0116257667541504,-0.4780234098434448,2.4120171070098877,1.1271787881851196,0.0003784195287153125,-0.01152101531624794,0.0018671037396416068,0.002511493396013975,0.013191072270274162,-0.011416634544730186,-0.009417868219316006,0.5999839305877686,0.00152961490675807,0.11050941050052643,0.033650126308202744,0.9994336366653442,1.7960766854230314e-05,-0.00020967680029571056,1.1327609172440134e-05,-4.5103952288627625e-06,0.032382186502218246,-1.8807646483764984e-05,-6.7970795498695225e-06,0.9999998807907104,-5.335324203770142e-06,-0.011402291245758533,-0.003975289408117533,-0.002253195270895958,0.00032682769233360887,-0.00012283131945878267,1.900246206787415e-05,-0.011401547119021416,0.004117592237889767,0.001985498471185565,-0.0002473573258612305,-0.0015220784116536379,8.357179467566311e-05,9.5367431640625e-06,0.0016818197909742594,0.024943366646766663,0.0040252781473100185,0.004038370680063963,4.955580152454786e-06,7.066875696182251e-06,,,,,3.777090814044495,,1320,4.408333333333333
15.416666666652702,retreat,15.41666747070849,-3.7396144856467615,-3.242480009794234,-0.022709369659423828,-0.643017003312707,3.8576763580250204,0.017987058527069166,0.0,0.0,0.0,0.0,0.0,48,0.004945642780512571,0.00043023424223065376,0.004945642780512571,0.0004378085723146796,0.0,2.973837774406428,0.0,0.0,0.0,0.0,0.0,0.0,-1.334730586677324e-05,0.0002067333844024688,0.03365779295563698,0.9994334578514099,-0.0024305731058120728,0.0005824763793498278,0.009352941066026688,0.021662795916199684,0.17127162218093872,0.12459444254636765,-0.48307672142982483,0.5144844055175781,0.5138872861862183,-2.011624813079834,-0.47791460156440735,2.4119255542755127,1.1271101236343384,0.00027402504929341376,-0.011578218080103397,0.0019515150925144553,0.0023936363868415356,0.013139092363417149,-0.01137479767203331,-0.009403144009411335,0.5999813675880432,0.0015287469141185284,0.1105520948767662,0.033649884164333344,0.9994336366653442,1.3819296327710617e-05,-0.00022194934717845172,1.028345650411211e-05,-6.352551281452179e-06,0.03238251805305481,-1.518774479336571e-05,-9.851827371676336e-07,1.0000001192092896,-7.909226042102091e-06,-0.004804648458957672,-0.0009174830629490316,0.0007300418219529092,0.0002502022252883762,-0.0003071590617764741,-0.0001677905092947185,-0.00480501027777791,0.0008662406471557915,-0.0007879639160819352,0.00011776390601880848,-0.0003747359151020646,0.00019334164971951395,1.0311603546142578e-05,0.0016819363227114081,0.02494335174560547,0.0040252720937132835,0.004038470331579447,5.203390628594207e-06,7.422640919685364e-06,,,,,3.777090814044495,,1320,4.416666666666667
15.424999999986028,retreat,15.42500080447644,-3.789184243417157,-3.285216540098189,-0.026404857635498047,-0.6436717230826616,3.8574733098185154,0.01611144580238033,0.06852804166478502,0.0,0.0,0.0,0.0,48,0.002076533855870366,0.00045363002573139966,0.0020765336230397224,0.0006661768420599401,0.0,3.016588423282212,0.0,0.0,0.0,0.0,0.0,0.0,-1.0859393114515115e-05,0.00022134726168587804,0.033655937761068344,0.9994333982467651,-0.0022608027793467045,0.0006758109084330499,0.00946065317839384,0.027774790301918983,0.15920738875865936,0.11716438829898834,-0.48307672142982483,0.5143901109695435,0.5139058828353882,-2.011624574661255,-0.4778057932853699,2.4118340015411377,1.1270414590835571,0.0001654027437325567,-0.01163647323846817,0.0020445226691663265,0.0022743581794202328,0.013085078448057175,-0.011276685632765293,-0.0093786446377635,0.599979043006897,0.0015316302888095379,0.11059678345918655,0.033648841083049774,0.999433696269989,1.2418412552506197e-05,-0.00023269452503882349,9.611982022761367e-06,-2.88570299744606e-06,0.03238470479846001,-1.1288595487712882e-05,-1.945226813404588e-06,0.9999998211860657,-7.103183179424377e-06,-0.0018176519079133868,-0.0003346313606016338,-0.0009466551127843559,0.0002394624607404694,0.0003616122994571924,-0.00013294543896336108,-0.0018172257114201784,0.0003975285217165947,0.0009228509734384716,0.00019120730576105416,-0.0006138168391771615,0.00017452849715482444,1.1026859283447266e-05,0.001681843539699912,0.024943359196186066,0.004025266971439123,0.004038548097014427,5.330834028427489e-06,7.604336133226752e-06,,,,,3.777090814044495,,1320,4.425
15.433333333319354,retreat,15.43333413824439,-3.8386267600251216,-3.3299870789051043,-0.02968311309814453,-0.6406212924048305,3.8572194845521506,0.011945626283704769,0.0,0.0,0.0,0.0,0.0,44,0.0017698208102956414,0.000530362653080374,0.0017698208102956414,0.000715936825145036,0.0,3.0613766113522303,0.0,0.0,0.0,0.0,0.0,0.0,-7.682362593186554e-06,0.0002346139372093603,0.03365323692560196,0.9994335770606995,-0.002124042948707938,0.0006398246041499078,0.009472553618252277,0.024384979158639908,0.15083765983581543,0.1096227765083313,-0.48307672142982483,0.5142875909805298,0.5139282941818237,-2.011624574661255,-0.47769713401794434,2.4117424488067627,1.1269727945327759,6.216039037099108e-05,-0.011696050874888897,0.002127511892467737,0.002170151099562645,0.012996119447052479,-0.01117374375462532,-0.009317834861576557,0.5999785661697388,0.0015358086675405502,0.11064618080854416,0.03364906460046768,0.9994336366653442,1.2484565559134353e-05,-0.00023943022824823856,7.248651854752097e-06,-2.0866282284259796e-06,0.03238939866423607,-4.652532879845239e-06,-4.959090347256279e-06,1.0,-4.171243745076936e-06,-0.0012498145224526525,0.0004405177605804056,-0.0011731042759492993,2.8908798412885517e-05,0.0005288507090881467,-2.7672265787259676e-05,-0.0012492358218878508,-0.00036062818253412843,0.0012006760807707906,9.25860513234511e-05,-0.0007059223717078567,7.527943671448156e-05,1.1682510375976562e-05,0.0016817088471725583,0.02494337409734726,0.004025261849164963,0.004038609564304352,5.289571618050104e-06,7.546623237431049e-06,,,,,3.777090814044495,,1320,4.433333333333334
15.44166666665268,retreat,15.441667472012341,-3.8879411330510543,-3.3794440329074846,-0.030934810638427734,-0.6364603759720922,3.8571687174975158,0.011807442206190899,0.0,0.0,0.0,0.0,0.0,45,0.0015691868029534817,0.0003388413751963526,0.0015691871521994472,0.00043916524737142026,0.0,3.1108370953470237,0.0,0.0,0.0,0.0,0.0,0.0,-1.3869762369722594e-05,0.00024343692348338664,0.03365303948521614,0.9994335770606995,-0.0015364686259999871,0.0005281070480123162,0.009453918784856796,0.0173192098736763,0.11488717049360275,0.0877603217959404,-0.48307672142982483,0.5141847729682922,0.5139508843421936,-2.011624574661255,-0.47758856415748596,2.4116508960723877,1.1269041299819946,-3.952738188672811e-05,-0.011756578460335732,0.0022049907129257917,0.0020707936491817236,0.012919066473841667,-0.011126668192446232,-0.00926786009222269,0.599977970123291,0.0015400541014969349,0.11069551110267639,0.03364935517311096,0.999433696269989,1.2587692253873684e-05,-0.0002461945405229926,7.0306496127159335e-06,-2.0121224224567413e-06,0.03238927945494652,-2.797381966956891e-06,1.1903850918315584e-06,1.0000001192092896,-3.6848359741270542e-06,-0.0007682920549996197,0.001113657490350306,-0.0007948845741339028,-9.943538316292688e-05,0.0003236902120988816,-1.2277144378458615e-05,-0.0007678550318814814,-0.001057678135111928,0.0008683686028234661,6.146648956928402e-05,-0.0004328613285906613,4.1461629734840244e-05,1.2159347534179688e-05,0.0016816990682855248,0.02494337409734726,0.00402525719255209,0.004038723651319742,5.155094640940661e-06,7.3529372457414865e-06,,,,,3.777090814044495,,1320,4.441666666666666
