time_s,phase,physics_time_s,command_depth_mm,depth_mm,tip_x_mm,tip_y_mm,tilt_deg,grasp_slip_mm,grasp_slip_deg,force_norm_n,torque_norm_nm,normal_load_n,min_separation_mm,contact_count,wrist_force_n,wrist_torque_nm,wrist_contact_force_balance_n,wrist_contact_torque_balance_nm,contact_power_w,lowest_peg_z_above_mouth_mm,fx,fy,fz,taux,tauy,tauz,qw,qx,qy,qz,vx,vy,vz,omegax,omegay,omegaz,joint1_rad,joint2_rad,joint3_rad,joint4_rad,joint5_rad,joint6_rad,joint7_rad,joint_velocity1_rad_s,joint_velocity2_rad_s,joint_velocity3_rad_s,joint_velocity4_rad_s,joint_velocity5_rad_s,joint_velocity6_rad_s,joint_velocity7_rad_s,hand_pose_0,hand_pose_1,hand_pose_2,hand_pose_3,hand_pose_4,hand_pose_5,hand_pose_6,grasp_position_0,grasp_position_1,grasp_position_2,grasp_quat_0,grasp_quat_1,grasp_quat_2,grasp_quat_3,wrist_raw_child_0,wrist_raw_child_1,wrist_raw_child_2,wrist_raw_child_3,wrist_raw_child_4,wrist_raw_child_5,wrist_force_world_0,wrist_force_world_1,wrist_force_world_2,wrist_torque_about_peg_base_world_0,wrist_torque_about_peg_base_world_1,wrist_torque_about_peg_base_world_2,com_offset_world_0,com_offset_world_1,com_offset_world_2,finger_position_0,finger_position_1,finger_velocity_0,finger_velocity_1,command_offset_x_mm,command_offset_y_mm,command_roll_deg,command_pitch_deg,command_tilt_deg,ramp_progress_depth_mm,reference_step,recovery_time_s
10.999999999989996,stop,11.000000573694706,20.0,17.303024977445602,-0.5932450294494629,0.00420337983086938,3.892845747199849,0.07492145959986374,0.13705609666978325,1.5821609497070312,0.09883483499288559,9.078351974487305,-0.04414663271745667,77,1.586524248123169,0.02821378782391548,0.006976625416427851,0.002212866907939315,-0.055419753422029316,-17.57411259853388,-0.3791601359844208,0.006357327103614807,1.5360437631607056,-0.003101665759459138,-0.09878040850162506,0.0010655607329681516,0.0007287351763807237,0.03396434709429741,-0.0002332099829800427,0.9994227290153503,0.0017163888551294804,0.0006021952140145004,0.0002974075614474714,0.04516184329986572,0.6354832053184509,0.008592325262725353,-0.4759575426578522,0.5843189358711243,0.4971578121185303,-1.948909878730774,-0.38810744881629944,2.364560127258301,1.0372138023376465,-0.0012188464170321822,-0.0011412260355427861,0.001540849800221622,0.000416608207160607,-0.0002879341773223132,-0.00010222305718343705,-0.0003977691812906414,0.6015946269035339,-1.8156973965233192e-05,0.09001538902521133,-0.0002739258052315563,0.9993911385536194,-1.6726027070035343e-06,-0.03489001840353012,7.128599099814892e-05,-4.620073013938963e-06,0.03239231929183006,-0.0009264088585041463,-0.0007277874392457306,0.9999992847442627,-1.533012073196005e-05,0.4857618808746338,0.0018481186125427485,1.5103282928466797,0.0048715053126215935,-0.027763720601797104,0.0012091539101675153,0.3792525827884674,-0.0010133597534149885,-1.5405278205871582,0.005050979554653168,0.0978316143155098,-0.0015091204550117254,0.001697242259979248,-1.289131887460826e-05,0.024942316114902496,0.003995378501713276,0.004008848685771227,5.364884145819815e-06,7.660652045160532e-06,0.0,0.0,0.0,4.10203402241071,4.10203402241071,17.306102067232132,1320,0.0
11.008333333323321,stop,11.008333907462656,17.303024977445602,17.30169877409935,-0.5933642387390137,0.004201575393381063,3.8891719101966173,0.07510192517656833,0.14265250287968312,0.9519811868667603,0.09460809826850891,9.015726089477539,-0.04414663271745667,77,0.7722168564796448,0.0669146329164505,0.18922503292560577,0.009691521525382996,-0.05460384493380843,-17.572530951996274,-0.4327218234539032,-0.0613107830286026,-0.8457310199737549,-0.0026398433838039637,-0.09456627070903778,0.0009719035588204861,0.0007259039557538927,0.03393230214715004,-0.0002365672553423792,0.9994239211082458,0.00022039993200451136,0.0003556007577572018,-0.00015172676648944616,0.06288561969995499,0.6381494402885437,0.02108011022210121,-0.47596725821495056,0.5843074917793274,0.4971674978733063,-1.948917031288147,-0.38811084628105164,2.364560127258301,1.0372138023376465,-0.00046372582437470555,-0.0010132712777704,-0.0002341939543839544,-0.002593021607026458,-0.0006518719019368291,-0.0003207856498192996,0.0004082266241312027,0.6015943884849548,-1.8635229935171083e-05,0.09002023935317993,-0.00027278083143755794,0.9993911385536194,-3.317926200452348e-07,-0.0348869152367115,7.144920527935028e-05,-5.171579687157646e-06,0.03239580616354942,-0.000955371477175504,-0.0007261356222443283,0.9999992251396179,-1.0886832569667604e-05,0.25404202938079834,-0.03892023488879204,-0.7281941175460815,0.005816318094730377,-0.06652529537677765,0.004257197491824627,0.3042023777961731,0.038527850061655045,0.7087280750274658,-0.00010551931336522102,0.10328029096126556,-0.004205232951790094,0.0016956329345703125,-1.3053128895990085e-05,0.02494242787361145,0.003995375242084265,0.00400895019993186,5.426632924354635e-06,7.748953066766262e-06,,,,,3.892845747199849,,1320,0.008333333333333333
11.016666666656647,stop,11.016667241230607,17.303024977445602,17.304682731628418,-0.5938410758972168,0.003985227522207424,3.8850409977668616,0.07843822095310315,0.13705609666978325,0.190226212143898,0.08859050273895264,8.782387733459473,-0.04414663271745667,77,0.22601144015789032,0.0252080038189888,0.07589937746524811,0.035988666117191315,-0.05914636014631469,-17.575227684387404,-0.13687607645988464,0.008647263050079346,0.1318187117576599,-0.0032782917842268944,-0.08852244913578033,0.001143091474659741,0.0007294617826119065,0.03389621153473854,-0.00023787363898009062,0.9994250535964966,0.0001355928397970274,0.00069722521584481,0.00014351995196193457,0.03865194320678711,0.6956009864807129,0.010386800393462181,-0.4759683310985565,0.5842961072921753,0.497158944606781,-1.9489461183547974,-0.3881169557571411,2.364593982696533,1.0372138023376465,-0.0006496280548162758,-0.0014510778710246086,-0.0003113733255304396,-0.003769585397094488,-0.0014938595704734325,0.007312322501093149,0.0010602121474221349,0.6015901565551758,-2.095167656079866e-05,0.09001713991165161,-0.0002709836990106851,0.999391496181488,1.3428818874672288e-06,-0.034880056977272034,7.474282756447792e-05,-7.391739927697927e-06,0.03239544853568077,-0.0009846126195043325,-0.0007312470697797835,0.9999992847442627,-7.607737188664032e-06,0.20923154056072235,-0.010076683014631271,0.08486338704824448,0.010680544190108776,-0.022796722128987312,0.001295723021030426,0.20280611515045166,0.010127156041562557,-0.0992385596036911,0.009113561362028122,0.05301820486783981,-0.001906233374029398,0.0016938447952270508,-1.3123143617121968e-05,0.0249425508081913,0.003995375707745552,0.004009081982076168,5.348272679839283e-06,7.637165253981948e-06,,,,,3.892845747199849,,1320,0.016666666666666666
11.024999999989973,stop,11.025000574998558,17.303024977445602,17.302939295768738,-0.5930662155151367,0.004386195541883353,3.885696190994353,0.0734754212317057,0.13705609666978325,0.20499451458454132,0.08548051863908768,8.667766571044922,-0.04473652006709017,74,0.1786239892244339,0.06330116093158722,0.04491999000310898,0.01151012722402811,-0.05719799128564773,-17.57352980465028,-0.040638819336891174,0.08750885725021362,0.18086856603622437,-0.004083690699189901,-0.08537319302558899,0.001288596191443503,0.0007187227602116764,0.0339016355574131,-0.00024303265672642738,0.999424934387207,0.0007800997118465602,0.0008118619443848729,0.0002558132982812822,0.03849148750305176,0.6806020140647888,-0.0033149158116430044,-0.47597619891166687,0.5842846632003784,0.49716198444366455,-1.9489690065383911,-0.38812530040740967,2.364650011062622,1.0372138023376465,-0.0010728054912760854,-0.0016889298567548394,0.000418968586018309,-0.004087527748197317,-0.0014394208556041121,0.009473277255892754,0.0012841937132179737,0.6015945076942444,-2.0005627447972074e-05,0.09001955389976501,-0.00027386797592043877,0.9993922114372253,4.522748440649593e-06,-0.034857720136642456,6.977398879826069e-05,-6.666199624305591e-06,0.03239636495709419,-0.0009568427340127528,-0.000723618664778769,0.9999992847442627,-5.619367129838793e-06,0.07634036242961884,0.06146588921546936,0.1493339240550995,-0.0016356960404664278,-0.06326653808355331,0.0013062705984339118,0.06574966758489609,-0.061382025480270386,-0.1543235182762146,0.007137575652450323,0.07428570836782455,-0.0017624122556298971,0.0016940832138061523,-1.3362939171202015e-05,0.02494252845644951,0.003995379898697138,0.0040092323906719685,5.310782398737501e-06,7.5830030255019665e-06,,,,,3.892845747199849,,1320,0.025
11.033333333323299,stop,11.033333908766508,17.303024977445602,17.304209619760513,-0.5933046340942383,0.004208592145005241,3.8825199949639955,0.08067594899330288,0.14803749339042993,0.25986772775650024,0.0867912620306015,8.746381759643555,-0.04414663271745667,77,0.19475889205932617,0.08482225984334946,0.07172099500894547,0.010881534777581692,-0.057398038617975544,-17.574579284796748,-0.15413063764572144,0.01627984642982483,-0.20859038829803467,-0.0033114708494395018,-0.08672113716602325,0.0010964774992316961,0.0007285625324584544,0.03387416526675224,-0.00023255040287040174,0.9994257688522339,-0.00023140801931731403,0.0006850621430203319,8.457756484858692e-05,0.033125683665275574,0.6888721585273743,0.0035523565020412207,-0.475982666015625,0.5842732191085815,0.49716320633888245,-1.949009895324707,-0.38813477754592896,2.36468768119812,1.037218451499939,-0.0010008709505200386,-0.00173473812174052,0.0002011549222515896,-0.004859359003603458,-0.001959119224920869,0.007476847618818283,0.001695632585324347,0.6015864014625549,-1.8403086869511753e-05,0.09001420438289642,-0.0002740668714977801,0.9993923902511597,8.083413376880344e-06,-0.03485293313860893,7.70282931625843e-05,-4.882993380306289e-06,0.0323917530477047,-0.00097953830845654,-0.0007373758126050234,0.9999991655349731,-1.5832518329261802e-05,0.08382155001163483,0.024589359760284424,-0.17406992614269257,-0.004173030145466328,-0.08471554517745972,0.0008236005669459701,0.09574416279792786,-0.024681655690073967,0.16779418289661407,-0.0006770531181246042,0.09683844447135925,-0.0007228960748761892,0.0016927123069763184,-1.2854816304752603e-05,0.02494262158870697,0.003995389211922884,0.004009325057268143,5.317305294738617e-06,7.59455724619329e-06,,,,,3.892845747199849,,1320,0.03333333333333333
11.041666666656624,stop,11.041667242534459,17.303024977445602,17.301587015390396,-0.5921125411987305,0.0044601401896215975,3.8853938078279944,0.07082092633936554,0.14265250287968312,0.5516718029975891,0.07952285557985306,8.377239227294922,-0.04414663271745667,74,0.45044776797294617,0.05625250190496445,0.13214519619941711,0.023460838943719864,-0.05430352390976623,-17.572156499326738,0.125369593501091,-0.08043242990970612,0.5311825275421143,-0.0019927658140659332,-0.07949360460042953,0.0008245842182077467,0.0007256202516146004,0.03389940783381462,-0.00021846544404979795,0.9994249939918518,0.0013725620228797197,0.00017091314657591283,0.0005177163402549922,0.04876260086894035,0.6676592230796814,0.02032581716775894,-0.47599542140960693,0.5842531323432922,0.49717196822166443,-1.9490337371826172,-0.3881598114967346,2.3647570610046387,1.0372412204742432,-0.0012383071007207036,-0.002277023158967495,0.0002959828416351229,-0.00393083319067955,-0.004292337689548731,0.011152715422213078,0.003168320981785655,0.6015957593917847,-1.8129128875443712e-05,0.09002254903316498,-0.00027224820223636925,0.9993935227394104,6.090746410336578e-06,-0.03481883555650711,6.706966087222099e-05,-4.971003363607451e-06,0.03239801898598671,-0.000920164748094976,-0.0007328902138397098,0.9999992251396179,-2.8286493034102023e-05,0.004407661035656929,-0.0607171356678009,0.44631510972976685,0.008180095814168453,-0.05561491847038269,0.0021001745481044054,-0.026664117351174355,0.060959912836551666,-0.44550636410713196,-0.0007340619340538979,0.05622284114360809,-0.0020274831913411617,0.0016939640045166016,-1.2146896551712416e-05,0.024942539632320404,0.003995399456471205,0.004009413067251444,5.374042302719317e-06,7.672293577343225e-06,,,,,3.892845747199849,,1320,0.041666666666666664
11.04999999998995,stop,11.05000057630241,17.303024977445602,17.3054538667202,-0.5933046340942383,0.0036827113945037127,3.877422577404408,0.08248291123891249,0.14265250287968312,1.0094767808914185,0.08177106827497482,8.565423965454102,-0.042901316192001104,74,0.852285623550415,0.12016233801841736,0.2037241905927658,0.027134669944643974,-0.056244693652843125,-17.575469101866247,-0.11687034368515015,-0.0016926378011703491,-1.0026873350143433,-0.0029732235707342625,-0.08171145617961884,0.0009520513704046607,0.0007089804275892675,0.033829621970653534,-0.00025308498879894614,0.999427318572998,-0.0011824332177639008,-0.00032315810676664114,-9.776721708476543e-05,0.014052631333470345,0.7027919888496399,0.135745570063591,-0.4759981632232666,0.5842413306236267,0.49716269969940186,-1.9490759372711182,-0.3881743550300598,2.364778995513916,1.037245750427246,-0.00018146207730751485,-0.001329173450358212,-0.0012640993809327483,-0.005530189722776413,-0.0025474862195551395,0.007505821064114571,0.0017504708375781775,0.6015828251838684,-2.213547850260511e-05,0.0900140181183815,-0.00026611631619744003,0.9993934631347656,9.18020487006288e-06,-0.03482327610254288,7.874704897403717e-05,-8.606079063611105e-06,0.03239256888628006,-0.0009944202611222863,-0.0007179155945777893,0.9999992251396179,1.1969192200922407e-05,-0.07921294867992401,0.006873910780996084,-0.8485686779022217,0.004015048965811729,-0.12009095400571823,-0.0010147934081032872,-0.019956789910793304,-0.00732764508575201,0.8520204424858093,0.005059292074292898,0.10871397703886032,0.0007220109109766781,0.001690506935119629,-1.384623010380892e-05,0.024942778050899506,0.003995395731180906,0.004008251708000898,5.298010364640504e-06,7.568974979221821e-06,,,,,3.892845747199849,,1320,0.05
11.058333333323276,stop,11.05833391007036,17.303024977445602,17.301736027002335,-0.5922913551330566,0.004226921191730071,3.8853938078279944,0.06887786003062502,0.14265250287968312,1.2642178535461426,0.07601430267095566,8.264361381530762,-0.044081090891268104,74,1.038772702217102,0.03139682486653328,0.2849474251270294,0.045079540461301804,-0.0525327417999506,-17.572305510938676,0.26354947686195374,0.13205640017986298,1.2293695211410522,-0.0041045849211514,-0.075893834233284,0.0012050839141011238,0.0006964699132367969,0.033899057656526566,-0.0002380359946982935,0.9994249939918518,0.002121878555044532,0.0004916440811939538,0.0009008035995066166,0.001550031709484756,0.6760915517807007,0.08639425784349442,-0.47600996494293213,0.5842242240905762,0.4971693456172943,-1.9491044282913208,-0.38819247484207153,2.3648738861083984,1.0372666120529175,-0.0016506934771314263,-0.002213716274127364,0.001308952458202839,-0.0037225077394396067,-0.0027129771187901497,0.014890279620885849,0.002567808609455824,0.6015949249267578,-1.9746905309148133e-05,0.090021051466465,-0.00027010811027139425,0.9993948340415955,5.509901711775456e-06,-0.034780826419591904,6.51658046990633e-05,-6.493686669273302e-06,0.03239663317799568,-0.0008824715041555464,-0.0007024318329058588,0.9999992251396179,-7.651019586774055e-06,0.0075638131238520145,0.0736861303448677,1.036128282546997,0.0031520661432296038,-0.030949486419558525,0.0042372820898890495,-0.06448626518249512,-0.07312692701816559,-1.0341870784759521,0.013476674444973469,0.031977422535419464,-0.005164571106433868,0.0016939640045166016,-1.3075439710519277e-05,0.024942539632320404,0.00399539340287447,0.004008339252322912,5.291699380904902e-06,7.554888725280762e-06,,,,,3.892845747199849,,1320,0.058333333333333334
11.066666666656602,stop,11.06666724383831,17.303024977445602,17.304623126983643,-0.5929470062255859,0.003712646503117867,3.876311361114852,0.08069815521594137,0.14265250287968312,1.2430601119995117,0.08093645423650742,8.530643463134766,-0.04290131982997991,74,1.0331276655197144,0.1494588553905487,0.2940599024295807,0.05290013179183006,-0.05370256720925681,-17.574561097571774,-0.17309649288654327,-0.0018542706966400146,-1.2309478521347046,-0.0028417056892067194,-0.08088209480047226,0.0008487827726639807,0.0007044324884191155,0.03381974622607231,-0.0002347943081986159,0.9994276762008667,-0.0011611611116677523,0.0011332023423165083,-0.00017071483307518065,0.051404617726802826,0.6855281591415405,-0.05738818645477295,-0.4760160446166992,0.5842125415802002,0.4971708059310913,-1.9491432905197144,-0.3882046937942505,2.3648877143859863,1.0372703075408936,-0.0003306422440800816,-0.001123465015552938,-0.0006266021518968046,-0.0052606211975216866,-0.00210393825545907,0.005740963388234377,0.0016745015745982528,0.6015824675559998,-1.9551487639546394e-05,0.09001436084508896,-0.0002661418984644115,0.9993946552276611,1.0687556823540945e-05,-0.034786488860845566,7.704156450927258e-05,-6.053825927665457e-06,0.03239201754331589,-0.0009674954926595092,-0.0007155215716920793,0.9999992251396179,-6.4722958086349536e-06,-0.11215782165527344,0.032090455293655396,-1.0265201330184937,-0.01053974311798811,-0.14906452596187592,-0.0025751059874892235,-0.040511421859264374,-0.03264022618532181,1.0318171977996826,-0.005716972053050995,0.13293930888175964,0.0030524120666086674,0.0016900300979614258,-1.2924182556162123e-05,0.024942811578512192,0.003995389677584171,0.004008452873677015,5.433771548268851e-06,7.767113856971264e-06,,,,,3.892845747199849,,1320,0.06666666666666667
11.074999999989927,stop,11.07500057760626,17.303024977445602,17.30201169848442,-0.5916357040405273,0.004488025751925306,3.8825199949639955,0.06994992145337164,0.14265250287968312,1.2232122421264648,0.0731743723154068,8.205060958862305,-0.044081090891268104,74,0.9958388209342957,0.02744361385703087,0.291689932346344,0.04980052635073662,-0.051826716982759535,-17.572381363520655,0.29558631777763367,-0.02313344180583954,1.18673574924469,-0.0022278090473264456,-0.07313619554042816,0.0007889381959103048,0.0007168084266595542,0.03387412056326866,-0.0002164992329198867,0.9994257688522339,0.0019411719404160976,0.0006303460104390979,0.0007610042812302709,0.055388808250427246,0.6771239042282104,0.0240430049598217,-0.4760254919528961,0.5841975808143616,0.49717676639556885,-1.949170708656311,-0.3882303833961487,2.3649723529815674,1.0372931957244873,-0.0012791071785613894,-0.002087946282699704,0.0007259868434630334,-0.003229741007089615,-0.004448514431715012,0.01400445681065321,0.003638927126303315,0.6015923023223877,-1.7637343262322247e-05,0.09001974761486053,-0.00026673253159970045,0.9993959665298462,9.409837730345316e-06,-0.0347491130232811,6.63085374981165e-05,-4.872697900282219e-06,0.0323953814804554,-0.0008756893221288919,-0.0007272921502590179,0.9999992251396179,-2.4982282411656342e-05,-0.009390443563461304,-0.03275318071246147,0.9952557682991028,0.010218213312327862,-0.025027601048350334,0.004728556144982576,-0.07849452644586563,0.033282771706581116,-0.9921820163726807,0.005149478558450937,0.023607688024640083,-0.005088154226541519,0.0016927123069763184,-1.2032807717332616e-05,0.024942629039287567,0.0039953854866325855,0.004008592572063208,5.462894932861673e-06,7.798138540238142e-06,,,,,3.892845747199849,,1320,0.075
11.083333333323253,stop,11.083333911374211,17.303024977445602,17.303993552923203,-0.5922317504882812,0.0038501912058563903,3.8766144516440213,0.07746341725578532,0.14265250287968312,1.12628972530365,0.07673557847738266,8.321517944335938,-0.04231130515108816,73,0.9480116367340088,0.14575918018817902,0.25775280594825745,0.04641575738787651,-0.05152161413570866,-17.57395259786666,-0.08838465809822083,-0.05776195973157883,-1.121329665184021,-0.0019798155408352613,-0.07670755684375763,0.0006160040502436459,0.0006996862357482314,0.0338226743042469,-0.00023598050756845623,0.9994274973869324,-0.0006664565880782902,0.00039062806172296405,-6.620754720643163e-05,0.043784335255622864,0.6739460229873657,0.009064708836376667,-0.4760301113128662,0.5841861367225647,0.49717479944229126,-1.949203372001648,-0.38825076818466187,2.3649911880493164,1.0373159646987915,3.191273208358325e-05,-0.0010213112691417336,-0.0012539253802970052,-0.004442962817847729,-0.003225756576284766,0.006154331378638744,0.0021364253479987383,0.6015840172767639,-1.955983680090867e-05,0.09001524746417999,-0.00025968352565541863,0.999396026134491,6.743708127032733e-06,-0.034749023616313934,7.379846647381783e-05,-6.609527190448716e-06,0.03239234909415245,-0.0009270656737498939,-0.0007065891404636204,0.9999992251396179,8.463720178042422e-07,-0.15937986969947815,-0.021250516176223755,-0.9342765212059021,0.0006152340793050826,-0.14572665095329285,-0.0030172604601830244,-0.09410367906093597,0.020760992541909218,0.9431010484695435,-0.0022449716925621033,0.12276935577392578,0.0032420626375824213,0.0016901493072509766,-1.2975533536518924e-05,0.024942800402641296,0.003995381295681,0.004008713643997908,5.307185347191989e-06,7.58012174628675e-06,,,,,3.892845747199849,,1320,0.08333333333333333
11.091666666656579,stop,11.091667245142162,17.303024977445602,17.30252578854561,-0.5916953086853027,0.0041252797018387355,3.8811579736148385,0.06775100337108597,0.13705609666978325,1.0239293575286865,0.07359475642442703,8.172231674194336,-0.04283577800379135,74,0.8467848300933838,0.03582024201750755,0.22798654437065125,0.03722387179732323,-0.05007977597415447,-17.57280075072413,0.1952361911535263,0.041348934173583984,1.0042929649353027,-0.0027308387216180563,-0.07353987544775009,0.0007858746685087681,0.0006988845998421311,0.03386226296424866,-0.00022539892233908176,0.9994261860847473,0.0016932371072471142,0.0006454376270994544,0.0006902638706378639,0.046051427721977234,0.6654536128044128,-0.0077035739086568356,-0.4760371446609497,0.5841746926307678,0.49717652797698975,-1.9492262601852417,-0.38827192783355713,2.365064859390259,1.0373369455337524,-0.0011046610306948423,-0.001841943827457726,0.0005625360645353794,-0.0030360310338437557,-0.0033267484977841377,0.012250022031366825,0.0027262286748737097,0.6015923619270325,-1.903772135847248e-05,0.09001876413822174,-0.0002598353021312505,0.9993970990180969,4.029451247333782e-06,-0.03471726179122925,6.409245543181896e-05,-6.345839210553095e-06,0.03239493444561958,-0.0008556763059459627,-0.0007034617010504007,0.9999992847442627,-1.0023359209299088e-05,0.02382270246744156,0.0064446935430169106,0.8464251160621643,0.01034048292785883,-0.034064751118421555,0.0039695086888968945,-0.03497050702571869,-0.006004718132317066,-0.8460413813591003,0.01097466703504324,0.037454430013895035,-0.004722450859844685,0.0016921162605285645,-1.2446770597307477e-05,0.024942666292190552,0.003995377104729414,0.004008849151432514,5.3066482905705925e-06,7.572845788672566e-06,,,,,3.892845747199849,,1320,0.09166666666666666
11.099999999989905,stop,11.100000578910112,17.303024977445602,17.30378121137619,-0.5922317504882812,0.003927418219973333,3.8762608437260946,0.07436457235598937,0.13705609666978325,0.8008199334144592,0.07812106609344482,8.387088775634766,-0.042245766962878406,75,0.650852382183075,0.12457811832427979,0.20941869914531708,0.04005572944879532,-0.04980246529885335,-17.57371566941107,-0.15926747024059296,0.00983564555644989,-0.7847609519958496,-0.0025321939028799534,-0.07807721197605133,0.0006618631887249649,0.000697385985404253,0.0338192917406559,-0.0002324705565115437,0.9994276762008667,-0.0005086113233119249,0.0006862324080429971,2.9009039280936122e-05,0.05372903496026993,0.6596407890319824,0.02043161541223526,-0.47604459524154663,0.584163248538971,0.49717915058135986,-1.9492541551589966,-0.38828399777412415,2.365079641342163,1.0373377799987793,-0.0004524309479165822,-0.001203274936415255,-0.00035429091076366603,-0.004212678875774145,-0.001892470638267696,0.005149207543581724,0.0014163015875965357,0.6015851497650146,-2.0143714209552854e-05,0.0900164246559143,-0.00025651647592894733,0.9993970990180969,8.62436445459025e-06,-0.03471730649471283,7.067970000207424e-05,-7.479189662262797e-06,0.03239338845014572,-0.000898714701179415,-0.0007061912911012769,0.9999992847442627,4.62161352743351e-07,-0.04577300325036049,0.024533579126000404,-0.6487771272659302,-0.0039282976649701595,-0.12449682503938675,-0.002194597152993083,-0.000642240047454834,-0.024867428466677666,0.6503767371177673,-0.00023552984930574894,0.1179288998246193,0.0022782168816775084,0.0016899704933166504,-1.2796131159120705e-05,0.024942811578512192,0.003995375707745552,0.004008987452834845,5.367948688217439e-06,7.668306352570653e-06,,,,,3.892845747199849,,1320,0.1
11.10833333332323,stop,11.108333912678063,17.303024977445602,17.302976548671722,-0.5911588668823242,0.0042763240344356745,3.877927570616415,0.066313827119302,0.12511451142200766,0.5980794429779053,0.0698060467839241,7.983922958374023,-0.04283577800379135,74,0.45893675088882446,0.04293764382600784,0.17367027699947357,0.0360046923160553,-0.049189227749593556,-17.573026896729946,0.22572319209575653,0.03824929893016815,0.5525261163711548,-0.002600680571049452,-0.0697539746761322,0.0007096266490407288,0.0007000648765824735,0.03383421152830124,-0.00022056937450543046,0.9994271993637085,0.0011160722933709621,0.0006288457661867142,0.0006003090529702604,0.038902562111616135,0.6680444478988647,0.004340674262493849,-0.47605034708976746,0.5841518044471741,0.49718189239501953,-1.9492770433425903,-0.38830018043518066,2.3651483058929443,1.0373563766479492,-0.0008070517797023058,-0.0014840173535048962,0.00028297206154093146,-0.00324423611164093,-0.002836346160620451,0.011848094873130322,0.0024998257867991924,0.6015925407409668,-1.7810816643759608e-05,0.09001952409744263,-0.0002579885476734489,0.9993981719017029,6.644518180110026e-06,-0.03468811884522438,6.264355033636093e-05,-5.394525942392647e-06,0.03239612281322479,-0.0008545846212655306,-0.0007073594024404883,0.9999994039535522,-1.2894437531940639e-05,-0.055599745362997055,0.01662246137857437,0.455253005027771,0.005748695228248835,-0.042380936443805695,0.0038012880831956863,-0.08703076094388962,-0.016389647498726845,-0.45031100511550903,0.007869579829275608,0.034322284162044525,-0.004338938742876053,0.0016907453536987305,-1.2206459359731525e-05,0.024942759424448013,0.003995376639068127,0.0040090917609632015,5.311503628036007e-06,7.584516424685717e-06,,,,,3.892845747199849,,1320,0.10833333333333334
11.116666666656556,stop,11.116667246446013,17.303024977445602,17.30441078543663,-0.5914568901062012,0.003833081791526638,3.8745428612037585,0.06994765135459602,0.14265250287968312,0.5173489451408386,0.0759163349866867,8.309200286865234,-0.042245766962878406,75,0.41228729486465454,0.11277485638856888,0.15191516280174255,0.03257676586508751,-0.049405758021748625,-17.57422578932804,-0.11187992244958878,-0.051404185593128204,-0.5024842619895935,-0.0016869670944288373,-0.07589621096849442,0.0004580197564791888,0.0007042713114060462,0.03380459547042847,-0.00021898142585996538,0.9994281530380249,-0.0004239642294123769,0.00046114460565149784,0.00011660120799206197,0.044553596526384354,0.6658210754394531,0.003814075607806444,-0.47605305910110474,0.5841403603553772,0.49717977643013,-1.949299931526184,-0.3883151710033417,2.365166664123535,1.037365198135376,-0.0002952248905785382,-0.001169757917523384,-0.0005907397717237473,-0.003826037049293518,-0.0026837042532861233,0.005661349277943373,0.0019062901847064495,0.6015884280204773,-1.9688137399498373e-05,0.09001851081848145,-0.0002525182208046317,0.9993982315063477,8.23259415483335e-06,-0.034684229642152786,6.622658111155033e-05,-7.186004950199276e-06,0.032396283000707626,-0.0008803231175988913,-0.0007130168378353119,0.9999992251396179,-8.821417395665776e-06,-0.034346163272857666,-0.020036103203892708,-0.4103653132915497,-0.0014401278458535671,-0.11274680495262146,-0.0020620578434318304,-0.005814217031002045,0.019828040152788162,0.4117690324783325,-0.004184238612651825,0.1078108623623848,0.0024107168428599834,0.0016892552375793457,-1.2133190466556698e-05,0.024942860007286072,0.003995381761342287,0.004009242169559002,5.3663798098568805e-06,7.666589226573706e-06,,,,,3.892845747199849,,1320,0.11666666666666667
11.124999999989882,stop,11.125000580213964,17.303024977445602,17.30417236685753,-0.5914568901062012,0.004101421836821828,3.875048229125217,0.06524271884700283,0.13705609666978325,0.3679019510746002,0.07199116051197052,8.134258270263672,-0.042245766962878406,75,0.2923955023288727,0.05091160163283348,0.10146930068731308,0.021993063390254974,-0.04938150808447972,-17.57402250983486,0.08991333842277527,0.05502675473690033,0.35247623920440674,-0.0026655099354684353,-0.07193882763385773,0.0006537106237374246,0.0006962744519114494,0.033809032291173935,-0.00022467102098744363,0.9994279742240906,0.000435600959463045,0.0007606972940266132,0.0004499013302847743,0.040110033005476,0.6737100481987,0.01110037975013256,-0.47605612874031067,0.5841289162635803,0.497176855802536,-1.9493228197097778,-0.3883281648159027,2.365220069885254,1.0373769998550415,-0.0007221616106107831,-0.001400438486598432,0.00016405899077653885,-0.0034999132622033358,-0.0022526353131979704,0.00972389429807663,0.0020406260155141354,0.6015920042991638,-2.0050021703355014e-05,0.090020090341568,-0.0002521350106690079,0.999398946762085,6.9799061748199165e-06,-0.034663427621126175,6.140279583632946e-05,-7.837727025616914e-06,0.03239786997437477,-0.0008550660568289459,-0.000703569850884378,0.9999992847442627,-3.0828421131445793e-06,0.005696126725524664,0.026798352599143982,0.2911091148853302,0.006024074740707874,-0.050476353615522385,0.0027998907025903463,-0.014487214386463165,-0.02665160968899727,-0.2908177375793457,0.00968040619045496,0.051283098757267,-0.003451383439823985,0.0016894936561584473,-1.2404143490130082e-05,0.024942845106124878,0.0039953868836164474,0.004009299911558628,5.311103450367227e-06,7.585767889395356e-06,,,,,3.892845747199849,,1320,0.125
11.133333333323208,stop,11.133333913981915,17.303024977445602,17.30482056736946,-0.591576099395752,0.003920153176295571,3.872824117747993,0.07249957707244903,0.13705609666978325,0.31780508160591125,0.07374881953001022,8.216500282287598,-0.042245766962878406,76,0.2612370550632477,0.09265846014022827,0.08288365602493286,0.01569097489118576,-0.04947554007230792,-17.574516063965707,-0.05941142141819,0.04982975125312805,-0.3082001805305481,-0.002626455621793866,-0.07369967550039291,0.0005901037366129458,0.0006979157333262265,0.033789508044719696,-0.00022036500740796328,0.9994286298751831,-0.0004593399353325367,-0.0031849185470491648,-2.1175947040319443e-05,0.30787554383277893,0.6724453568458557,-0.021881261840462685,-0.47605910897254944,0.5841174721717834,0.4971756339073181,-1.9493571519851685,-0.38833528757095337,2.3652453422546387,1.0373785495758057,-0.000553261605091393,-0.0011130565544590354,6.39823847450316e-05,-0.004007251467555761,-0.0014887636061757803,0.006963356863707304,0.0014834713656455278,0.6015840768814087,-1.9057184545090422e-05,0.09001559019088745,-0.00025064064539037645,0.9993990659713745,1.0945183930743951e-05,-0.03466210886836052,6.883987225592136e-05,-6.77072603139095e-06,0.03239348158240318,-0.0008732787100598216,-0.0007092657615430653,0.9999992847442627,-5.7015085985767655e-06,-0.022118480876088142,0.05406590551137924,-0.2546221613883972,-0.0049346257001161575,-0.09252426773309708,-0.0007063735392875969,-0.004424210637807846,-0.0541941374540329,0.25551560521125793,0.002916132565587759,0.08934620767831802,0.0005539314006455243,0.0016884803771972656,-1.219106707139872e-05,0.02494291216135025,0.0039953989908099174,0.004008158575743437,-0.0003240966470912099,-0.00046282075345516205,,,,,3.892845747199849,,1320,0.13333333333333333
11.141666666656533,stop,11.141667247749865,17.303024977445602,17.30264499783516,-0.5907416343688965,0.004394498319015838,3.8756040578420534,0.0660271180095151,0.13122122080831475,0.5120067596435547,0.06744055449962616,7.931480407714844,-0.042245766962878406,75,0.4011332392692566,0.05729164928197861,0.13022243976593018,0.02154078148305416,-0.04679942887742072,-17.572533788498582,0.20544365048408508,-0.02857831120491028,0.4681101143360138,-0.0015828191535547376,-0.06742071360349655,0.0004125210107304156,0.0007041344651952386,0.033814046531915665,-0.0002122794685419649,0.9994277954101562,0.0011101309210062027,-0.001810223562642932,0.000509831472299993,0.08320070803165436,0.6574705839157104,0.10655518621206284,-0.47606489062309265,0.5841060280799866,0.4971808195114136,-1.9493800401687622,-0.38835445046424866,2.3653066158294678,1.0373995304107666,-0.0006905192858539522,-0.0014085231814533472,0.00022009675740264356,-0.0028284485451877117,-0.0033939259592443705,0.010423594154417515,0.002812350634485483,0.6015897393226624,-1.614161374163814e-05,0.09001851826906204,-0.0002507137251086533,0.9993999004364014,9.688227692095097e-06,-0.034636277705430984,6.24009408056736e-05,-4.321776941651478e-06,0.03239456191658974,-0.0008228844963014126,-0.0007145198760554194,0.9999993443489075,-1.3704190678254236e-05,-0.07688785344362259,-0.022735662758350372,0.39303845167160034,0.0031853774562478065,-0.05716076120734215,0.0021985601633787155,-0.10391386598348618,0.022929539903998375,-0.38676100969314575,-0.0002496340312063694,0.046029698103666306,-0.00216518878005445,0.0016897320747375488,-1.1798381819971837e-05,0.024942830204963684,0.003995397128164768,0.0040082926861941814,5.090150807518512e-06,7.2668190114200115e-06,,,,,3.892845747199849,,1320,0.14166666666666666
11.14999999998986,stop,11.150000581517816,17.303024977445602,17.303956300020218,-0.591278076171875,0.0033337364584440365,3.8729758022167724,0.06884319736855105,0.12511451142200766,0.49239838123321533,0.07125522196292877,8.142934799194336,-0.041655879613244906,75,0.40805912017822266,0.10831571370363235,0.12699714303016663,0.02618565782904625,-0.06294397162855603,-17.573662343517636,-0.0408901646733284,-0.10502013564109802,-0.47932758927345276,-0.0007141315145418048,-0.07125149667263031,0.00014532922068610787,0.0006890090298838913,0.033791158348321915,-0.0002126397448591888,0.9994286894798279,-0.00018741564417723566,0.0005772344884462655,0.00038848648546263576,0.07460172474384308,0.8791858553886414,0.007847066968679428,-0.4760672152042389,0.5840945839881897,0.4971780776977539,-1.949402928352356,-0.3883744478225708,2.365326166152954,1.0374165773391724,7.780934538459405e-06,-0.0010591730242595077,-0.0010476516326889396,-0.003180085215717554,-0.0034704748541116714,0.005610577296465635,0.0022976724430918694,0.601586103439331,-1.840983532019891e-05,0.09001768380403519,-0.0002436662616673857,0.9994001388549805,9.076753485715017e-06,-0.03463118523359299,6.51960726827383e-05,-5.9840676840394735e-06,0.032394830137491226,-0.0008406866691075265,-0.0006985371583141387,0.9999994039535522,-6.847983513580402e-06,-0.0782272070646286,-0.06971780955791473,-0.39437568187713623,0.005702185910195112,-0.10815368592739105,-0.001599708921276033,-0.050740644335746765,0.06952323764562607,0.3988786041736603,-0.004251264501363039,0.09687729924917221,0.0019407498184591532,0.0016885995864868164,-1.1790033568104263e-05,0.024942904710769653,0.003995392471551895,0.004008428659290075,5.164140020497143e-06,7.374270353466272e-06,,,,,3.892845747199849,,1320,0.15
11.158333333323185,stop,11.158333915285766,17.303024977445602,17.3037551343441,-0.5903244018554688,0.0037033387343399227,3.8733297095785137,0.06572698475793004,0.12511451142200766,0.3236888647079468,0.06690701842308044,7.916499137878418,-0.042180221498711035,75,0.23973102867603302,0.05754297971725464,0.09908955544233322,0.022110169753432274,-0.04623842050204985,-17.573485785666456,0.1587018519639969,0.041813358664512634,0.2789979577064514,-0.0021703119855374098,-0.0668703019618988,0.00044968645670451224,0.0006799812545068562,0.033793944865465164,-0.00022591192100662738,0.9994285702705383,0.0007344869081862271,0.000995192676782608,0.00048616400454193354,0.07131104916334152,0.6602835059165955,0.010333034209907055,-0.4760672450065613,0.5840831398963928,0.49717244505882263,-1.9494258165359497,-0.38838890194892883,2.365377902984619,1.0374276638031006,-0.0002706222585402429,-0.0010953847086057067,-0.00045340717770159245,-0.0027297036722302437,-0.002411372261121869,0.009753391146659851,0.0018839227268472314,0.6015889644622803,-1.8657588952919468e-05,0.09001824259757996,-0.00024164003843907267,0.999400794506073,9.266746928915381e-06,-0.03461157903075218,6.204680539667606e-05,-6.732887413818389e-06,0.03239532187581062,-0.0008182743331417441,-0.0006891826633363962,0.9999994039535522,8.122769031615462e-06,-0.06548198312520981,0.011369412764906883,0.23033413290977478,0.01029097568243742,-0.056575145572423935,0.002131477929651737,-0.08125998079776764,-0.011260620318353176,-0.22525759041309357,0.011758903041481972,0.04710236191749573,-0.0029290125239640474,0.0016887187957763672,-1.2438104022294283e-05,0.024942897260189056,0.00399538641795516,0.004008539952337742,5.49489368495415e-06,7.84627627581358e-06,,,,,3.892845747199849,,1320,0.15833333333333333
11.16666666665651,stop,11.166667249053717,17.303024977445602,17.303989827632904,-0.5910396575927734,0.0038493762986036018,3.8725207310134038,0.06704666157020256,0.13122122080831475,0.16256952285766602,0.07084503024816513,8.107226371765137,-0.04100045407540165,75,0.12401902675628662,0.09218017756938934,0.06809236109256744,0.01793309487402439,-0.04572011654090602,-17.573664229183677,-0.04338863492012024,0.03114423155784607,-0.1535457968711853,-0.0020180291030555964,-0.07081544399261475,0.00034429627703502774,0.0006798708345741034,0.03378681093454361,-0.00022350494691636413,0.9994288086891174,0.00013416587898973376,0.0006892377277836204,0.0003224113315809518,0.04802549257874489,0.6519567370414734,0.018784942105412483,-0.4760687053203583,0.584071695804596,0.49717026948928833,-1.9494487047195435,-0.3883969187736511,2.365403890609741,1.0374276638031006,-0.00030653554131276906,-0.0009750217432156205,-0.00027057595434598625,-0.0029275002889335155,-0.00147518131416291,0.006202461663633585,0.0011956519447267056,0.6015864610671997,-1.870887354016304e-05,0.09001785516738892,-0.00023959242389537394,0.9994010329246521,1.3279445738589857e-05,-0.03460448980331421,6.33609015494585e-05,-7.071368600009009e-06,0.032395049929618835,-0.0008183165919035673,-0.0006930947420187294,0.9999993443489075,7.891718269092962e-06,-0.023757437244057655,0.029448097571730614,-0.11810635775327682,-0.0023078552912920713,-0.09214870631694794,-0.0006893540266901255,-0.015531119890511036,-0.029505569487810135,0.1194525808095932,0.0019878149032592773,0.08872377127408981,0.0005973969819024205,0.0016883611679077148,-1.2317398613959085e-05,0.024942923337221146,0.003995382227003574,0.004008651711046696,5.302339559420943e-06,7.574097253382206e-06,,,,,3.892845747199849,,1320,0.16666666666666666
11.174999999989836,stop,11.175000582821667,17.303024977445602,17.30382964015007,-0.5906224250793457,0.0038404732549679466,3.8713069466789958,0.06709075387334451,0.11869404022070311,0.12910902500152588,0.06737054139375687,8.036121368408203,-0.042245766962878406,75,0.08896412700414658,0.06544841080904007,0.041925664991140366,0.009691251441836357,-0.046039785382163245,-17.573419644936727,0.09336887300014496,0.014107957482337952,0.08804747462272644,-0.0017651719972491264,-0.06734667718410492,0.0003144590591546148,0.0006915006088092923,0.033776525408029556,-0.00021179956092964858,0.9994291663169861,0.0004269825585652143,0.0006689501460641623,0.00041671848157420754,0.04639319330453873,0.6623687148094177,-0.02687651850283146,-0.47606950998306274,0.5840602517127991,0.4971702992916107,-1.9494715929031372,-0.38840633630752563,2.36543869972229,1.03743314743042,-0.0002683791099116206,-0.0009526566136628389,-0.0002784344251267612,-0.0026587131433188915,-0.0019039276521652937,0.008078502491116524,0.0016512174624949694,0.6015860438346863,-1.658224209677428e-05,0.09001822769641876,-0.00023872345627751201,0.9994014501571655,1.6479209079989232e-05,-0.034592822194099426,6.345147266983986e-05,-4.9987756938207895e-06,0.03239521011710167,-0.0008169346256181598,-0.000708291947375983,0.999999463558197,-2.435093847452663e-06,-0.052215028554201126,0.010257529094815254,0.07129509001970291,0.0016972804442048073,-0.06540627777576447,0.0016225191066041589,-0.057019539177417755,-0.010226174257695675,-0.06751897931098938,0.0030587827786803246,0.05785936862230301,-0.001810417976230383,0.0016878843307495117,-1.175175748358015e-05,0.024942956864833832,0.003995378036051989,0.004008801653981209,5.312289431458339e-06,7.584254490211606e-06,,,,,3.892845747199849,,1320,0.175
11.183333333323162,stop,11.183333916589618,17.303024977445602,17.30392649769783,-0.5904436111450195,0.003690828634717036,3.870497545977173,0.06914716504979879,0.13122122080831475,0.18675565719604492,0.06580766290426254,7.970195293426514,-0.041655879613244906,76,0.167202427983284,0.08503249287605286,0.030687157064676285,0.004135425668209791,-0.04570926471569692,-17.573460223226476,0.10421644896268845,-0.07182303071022034,-0.13732466101646423,-0.0007324325270019472,-0.06580354273319244,7.622836710652336e-05,0.0006919056759215891,0.03376927599310875,-0.00020531548943836242,0.9994294047355652,0.00033429733593948185,0.00039868918247520924,0.0003310043248347938,0.058838069438934326,0.6633414626121521,0.03490249440073967,-0.47606998682022095,0.5840548872947693,0.4971642792224884,-1.949494481086731,-0.38842111825942993,2.3654704093933105,1.0374435186386108,0.0002117029798682779,-0.0007450393168255687,-0.0011016177013516426,-0.002346218330785632,-0.002865989226847887,0.007529383525252342,0.001981195993721485,0.6015834808349609,-1.8209309928352013e-05,0.09001453220844269,-0.000235418978263624,0.9994016885757446,1.6672382116666995e-05,-0.03458528220653534,6.54489267617464e-05,-6.692254828521982e-06,0.032391417771577835,-0.000816644518636167,-0.0007090054568834603,0.9999993443489075,-5.599835276370868e-06,-0.11363383382558823,-0.045653875917196274,-0.11384080350399017,0.004228314384818077,-0.08492700755596161,-0.00022461007756646723,-0.10549303889274597,0.04559478536248207,0.12144539505243301,-0.0023479503579437733,0.06851838529109955,0.000416330702137202,0.001687467098236084,-1.1428174730099272e-05,0.024942979216575623,0.00399537431076169,0.004008875228464603,5.389880243455991e-06,7.699592970311642e-06,,,,,3.892845747199849,,1320,0.18333333333333332
11.191666666656488,stop,11.191667250357568,17.303024977445602,17.302265018224716,-0.5900263786315918,0.003777755409828387,3.8736835846558484,0.06076962745282799,0.12511451142200766,0.4251907169818878,0.06804393231868744,8.0553617477417,-0.041655879613244906,74,0.36692675948143005,0.06710179150104523,0.06478767096996307,0.004693048074841499,-0.043493033008417115,-17.57202027511692,0.05737029388546944,0.0291624516248703,0.4202919602394104,-0.0017079056706279516,-0.06802212446928024,0.00022512055875267833,0.0006758328527212143,0.033797040581703186,-0.00021400523837655783,0.9994284510612488,0.0013301714789122343,0.0005826845881529152,0.000536109262611717,0.06731998175382614,0.6364285945892334,0.023971974849700928,-0.4760747253894806,0.5840439796447754,0.49716708064079285,-1.9495002031326294,-0.38843396306037903,2.3655073642730713,1.0374518632888794,-0.0004603526904247701,-0.001113324542529881,4.122385144000873e-05,-0.001734295510686934,-0.0019040850456804037,0.007203883957117796,0.0014713400742039084,0.6015913486480713,-1.88616722880397e-05,0.09002108126878738,-0.00023409152345266193,0.9994023442268372,1.6597752619418316e-05,-0.0345643013715744,5.699368193745613e-05,-7.515202014474198e-06,0.03239680454134941,-0.0007678634719923139,-0.0006925331545062363,0.9999994039535522,3.842894784611417e-06,-0.0022082326468080282,0.011160393245518208,0.3667503297328949,0.004546362906694412,-0.06694396585226059,0.0006975996075198054,-0.02754056267440319,-0.010989321395754814,-0.3657267093658447,0.0060974303632974625,0.06660466641187668,-0.0010897518368437886,0.0016888976097106934,-1.1836204976134468e-05,0.024942882359027863,0.003995373845100403,0.0040089827962219715,5.35617118657683e-06,7.647293386980891e-06,,,,,3.892845747199849,,1320,0.19166666666666665
11.199999999989814,stop,11.200000584125519,17.303024977445602,17.305297404527664,-0.5906224250793457,0.003487883077468723,3.867764569996736,0.06776757800253108,0.11869404022070311,0.7829368710517883,0.06777060031890869,8.016242980957031,-0.04100045407540165,74,0.6663644909858704,0.09837605059146881,0.15238749980926514,0.01916489377617836,-0.04473830866845674,-17.574641100344664,-0.0656278058886528,0.060043737292289734,-0.7778674960136414,-0.0021583903580904007,-0.06773564964532852,0.00027802420663647354,0.000677586707752198,0.03374530375003815,-0.0002190042578149587,0.999430239200592,-0.0007671450730413198,0.0008605045732110739,8.610071381554008e-05,0.04722679406404495,0.6637299656867981,0.003341405186802149,-0.4760721027851105,0.5840423107147217,0.4971597492694855,-1.9495214223861694,-0.38843411207199097,2.3655178546905518,1.0374518632888794,0.0003104649658780545,-0.0002938761608675122,-0.0009396593668498099,-0.002968595363199711,-0.0004167019797023386,0.004833978600800037,0.0005366780678741634,0.60158371925354,-1.8886130419559777e-05,0.09001422673463821,-0.00023366670939140022,0.9994022846221924,1.7598071281099692e-05,-0.03456936404109001,6.407476030290127e-05,-7.281079888343811e-06,0.03239252045750618,-0.0008246946963481605,-0.0006950829993002117,0.999999463558197,9.359788236906752e-06,-0.08041929453611374,0.05255725234746933,-0.6594028472900391,-0.003088641446083784,-0.09832683950662613,-0.0003747604787349701,-0.03466305136680603,-0.052868541330099106,0.6633589267730713,0.00451284646987915,0.08675148338079453,0.00010638125240802765,0.0016862750053405762,-1.208724279422313e-05,0.02494306117296219,0.003995375242084265,0.004009110387414694,5.3115750233700965e-06,7.58457463234663e-06,,,,,3.892845747199849,,1320,0.2
11.20833333332314,stop,11.20833391789347,17.303024977445602,17.302507162094116,-0.5894899368286133,0.004059249476995319,3.874037427457623,0.06077608486521058,0.12511451142200766,1.0523000955581665,0.06657266616821289,7.885769367218018,-0.041590334149077535,75,0.8923528790473938,0.029230615124106407,0.20265954732894897,0.026289327070116997,-0.0416794273769483,-17.572287022301705,0.11516493558883667,0.005419984459877014,1.0459651947021484,-0.0012752402108162642,-0.06656035780906677,0.00010976081830449402,0.000684680009726435,0.03380023315548897,-0.00019571495067793876,0.999428391456604,0.0016536102630198002,0.00042967364424839616,0.0007981023518368602,0.044739313423633575,0.6303989291191101,0.0024365363642573357,-0.4760762155056,0.5840339660644531,0.49716442823410034,-1.949530839920044,-0.38844409584999084,2.3655588626861572,1.0374629497528076,-0.0008610037621110678,-0.0013479405315592885,0.0007714047678746283,-0.001463433844037354,-0.0020068977028131485,0.008245762437582016,0.0018407328752800822,0.601590633392334,-1.6946145478868857e-05,0.09001918882131577,-0.00023467825667466968,0.9994028806686401,1.6598112779320218e-05,-0.0345488041639328,5.71240670979023e-05,-5.843950930284336e-06,0.03239507973194122,-0.0007491725846193731,-0.0007020300254225731,0.9999994039535522,-1.4729483154951595e-05,0.07811856269836426,-0.0029486597049981356,0.8889220952987671,0.0016345640178769827,-0.029112543910741806,0.002053492236882448,0.01654627174139023,0.0033684647642076015,-0.8921932578086853,0.0010684081353247166,0.04034829139709473,-0.0021131495013833046,0.0016890168190002441,-1.0937271326838527e-05,0.024942871183156967,0.0039953794330358505,0.004009215626865625,5.307788342179265e-06,7.578229997307062e-06,,,,,3.892845747199849,,1320,0.20833333333333334
11.216666666656465,stop,11.21666725166142,17.303024977445602,17.304246872663498,-0.5905628204345703,0.003532038135745097,3.8678151981858364,0.06705760461045429,0.11869404022070311,0.9949297308921814,0.06791841238737106,8.038766860961914,-0.04041056672576815,74,0.8329960107803345,0.11417154967784882,0.21737836301326752,0.03392614424228668,-0.04318909561698092,-17.573594088773202,-0.11878915131092072,-0.05461474508047104,-0.9863019585609436,-0.0008206683560274541,-0.06791345030069351,-2.0308840248617344e-05,0.0006867705378681421,0.03374600410461426,-0.00020548889006022364,0.999430239200592,-0.00075925188139081,0.00042951537761837244,4.7927023842930794e-05,0.057247381657361984,0.6467716693878174,0.012546530924737453,-0.4760785698890686,0.5840283036231995,0.49716246128082275,-1.9495488405227661,-0.3884512782096863,2.3655591011047363,1.0374629497528076,0.0003306534781586379,-0.0004903542576357722,-0.0011363583616912365,-0.0027843695133924484,-0.0014958542305976152,0.0028008022345602512,0.001030284445732832,0.6015835404396057,-1.8649690900929272e-05,0.09001550078392029,-0.0002310410054633394,0.9994027614593506,1.9570801669033244e-05,-0.034554559737443924,6.336835213005543e-05,-7.2628899943083525e-06,0.032392729073762894,-0.0008091832860372961,-0.0007066172547638416,0.999999463558197,-1.1486288258311106e-06,-0.08813314139842987,-0.021245043724775314,-0.828048050403595,-0.0006156958406791091,-0.11414860188961029,-0.002204570919275284,-0.030731651932001114,0.02085891179740429,0.8321675062179565,-0.003532254369929433,0.10146773606538773,0.0024992397520691156,0.0016863346099853516,-1.1427378012740519e-05,0.02494306117296219,0.003995388280600309,0.004009359050542116,5.383208190323785e-06,7.68739846535027e-06,,,,,3.892845747199849,,1320,0.21666666666666667
11.224999999989791,stop,11.22500058542937,17.303024977445602,17.303088307380676,-0.589907169342041,0.0039527667468064465,3.871509270454361,0.06538430898217484,0.13705609666978325,0.8773054480552673,0.06529035419225693,7.930474281311035,-0.041655879613244906,75,0.729354977607727,0.02530880831182003,0.19738571345806122,0.034483976662158966,-0.042856296815443784,-17.57269238013778,0.13649800419807434,0.03606732189655304,0.8658708333969116,-0.0015853020595386624,-0.06527090072631836,0.00016450969269499183,0.0006802162970416248,0.03377823904156685,-0.0002105340827256441,0.9994290471076965,0.0013110828585922718,-0.0016037303721532226,0.0006177636096253991,0.0923478901386261,0.646597683429718,0.10288282483816147,-0.47608181834220886,0.5840200781822205,0.49716317653656006,-1.9495717287063599,-0.38846030831336975,2.365605115890503,1.037471055984497,-0.0006687155109830201,-0.0012473055394366384,0.0004190735053271055,-0.0017336903838440776,-0.0017364537343382835,0.008580077439546585,0.0016463602660223842,0.6015847325325012,-1.6479451005579904e-05,0.09001508355140686,-0.00023249286459758878,0.9994032382965088,2.0251956811989658e-05,-0.03453882783651352,6.170477718114853e-05,-5.421574314823374e-06,0.03239119052886963,-0.0007611861219629645,-0.0007006332161836326,0.9999992847442627,2.2275255560089136e-06,0.0538756363093853,0.010051826946437359,0.7272930145263672,0.007559683173894882,-0.02397594228386879,0.002922521438449621,0.003537602722644806,-0.009711825288832188,-0.7292819023132324,0.008791753090918064,0.031715914607048035,-0.0035222708247601986,0.0016879439353942871,-1.166952006315114e-05,0.024942945688962936,0.003995387349277735,0.00400819256901741,5.09042183693964e-06,7.266236934810877e-06,,,,,3.892845747199849,,1320,0.225
11.233333333323117,stop,11.233333919197321,17.303024977445602,17.302272468805313,-0.5896091461181641,0.0036658329918282107,3.8692325189303967,0.060457408835645765,0.11190581936148891,0.47890758514404297,0.06501320749521255,7.9611663818359375,-0.04100045407540165,74,0.40647074580192566,0.10329464823007584,0.11517427116632462,0.02315792255103588,-0.04194542919140076,-17.57171823435247,0.005185701884329319,-0.08091537654399872,-0.47199395298957825,-0.00036715116584673524,-0.06501205265522003,-0.00012596725719049573,0.0006770606269128621,0.03375855088233948,-0.00020773404685314745,0.9994298219680786,0.00044125423301011324,-0.0009179861517623067,0.0003710011951625347,0.03487091511487961,0.6334004998207092,0.13434742391109467,-0.47608643770217896,0.5840086340904236,0.49716824293136597,-1.9495761394500732,-0.3884725868701935,2.3656227588653564,1.0374741554260254,8.42671943246387e-05,-0.000808283279184252,-0.0008377783815376461,-0.00196135719306767,-0.002194816479459405,0.004404683597385883,0.0014152585063129663,0.601589560508728,-1.6792346286820248e-05,0.09002157300710678,-0.00022957792680244893,0.9994037747383118,2.360945836699102e-05,-0.03452571853995323,5.672755651175976e-05,-5.640933522954583e-06,0.03239717707037926,-0.000767769233789295,-0.0007008313550613821,0.9999995231628418,2.335476892767474e-06,-0.11043703556060791,-0.04559429734945297,-0.3885142207145691,0.0010799197480082512,-0.10327030718326569,-0.0019651041366159916,-0.08336369693279266,0.04540969058871269,0.3952302932739258,-0.00536340894177556,0.0873364806175232,0.002377628581598401,0.0016869306564331055,-1.1523608918651007e-05,0.024943016469478607,0.003995387349277735,0.004008313175290823,5.292307832860388e-06,7.561990059912205e-06,,,,,3.892845747199849,,1320,0.23333333333333334
11.241666666656442,stop,11.241667252965271,17.303024977445602,17.30584129691124,-0.5904436111450195,0.0029998373065609485,3.866042817677568,0.06678134377580136,0.11869404022070311,0.3059741258621216,0.06359340250492096,7.83697509765625,-0.04041056672576815,74,0.27366042137145996,0.0685410350561142,0.03598440811038017,0.008023466914892197,-0.043736693885875866,-17.57506527526308,0.04808935523033142,0.011870324611663818,-0.3019382059574127,-0.0012482055462896824,-0.06358115375041962,-2.679370481928345e-06,0.0006633921293541789,0.033730704337358475,-0.00021603018103633076,0.9994307160377502,-0.0004559258813969791,0.0012594087747856975,0.0002357761113671586,0.07593902200460434,0.6676025390625,-0.06626811623573303,-0.47607946395874023,0.5840085744857788,0.49715256690979004,-1.949599027633667,-0.38847723603248596,2.3656415939331055,1.0374741554260254,0.0005154035752639174,-0.0003988459939137101,-0.0014419840881600976,-0.0024510722141712904,-0.001320290262810886,0.006440240889787674,0.0010137890931218863,0.6015822291374207,-1.912348670884967e-05,0.09001239389181137,-0.00022700283443555236,0.9994036555290222,2.49391687248135e-05,-0.034529056400060654,6.303819827735424e-05,-7.477996405214071e-06,0.032391127198934555,-0.0007989673758856952,-0.0006881197914481163,0.999999463558197,1.2773709386237897e-05,-0.06827816367149353,-0.002804693765938282,-0.26499104499816895,0.007505545858293772,-0.06811580061912537,0.0013333250535652041,-0.04982657730579376,0.0026804418303072453,0.2690728008747101,0.006987405475229025,0.05826995521783829,-0.0017942020203918219,0.0016855597496032715,-1.1914194146811496e-05,0.02494310587644577,0.003995383158326149,0.004008468706160784,5.549397428694647e-06,7.926952093839645e-06,,,,,3.892845747199849,,1320,0.24166666666666667
11.249999999989768,stop,11.250000586733222,17.303024977445602,17.30160191655159,-0.5891919136047363,0.0039529149944428355,3.8736330330496327,0.056972599850269035,0.12511451142200766,1.0029736757278442,0.06611078977584839,7.915390968322754,-0.04159033778705634,75,0.8652241230010986,0.04226112738251686,0.16265828907489777,0.012020830996334553,-0.03931667085271329,-17.571353658500428,0.06025366485118866,0.06391732394695282,0.999119758605957,-0.0016903816722333431,-0.06608910113573074,9.800334373721853e-05,0.0006644452223554254,0.033796731382608414,-0.0002094956871587783,0.9994285106658936,0.0018913941457867622,0.0007354391273111105,0.0008203167235478759,0.07157015055418015,0.6113497018814087,0.037654269486665726,-0.4760870337486267,0.5839988589286804,0.4971597492694855,-1.949601411819458,-0.38848429918289185,2.365680456161499,1.0374741554260254,-0.0009546380024403334,-0.0013911939458921552,0.0009378126123920083,-0.0011377709452062845,-0.001049744081683457,0.0070388964377343655,0.0010666796006262302,0.6015920639038086,-1.8502472812542692e-05,0.090020552277565,-0.0002291048876941204,0.9994043707847595,2.685552135517355e-05,-0.03450564667582512,5.322834476828575e-05,-7.676564564462751e-06,0.0323956198990345,-0.0007094835746102035,-0.0006914048572070897,0.9999994039535522,4.231304956192616e-06,0.08552355319261551,0.03627549856901169,0.8602223992347717,-0.0001832662965171039,-0.042256031185388565,0.0006301621906459332,0.025991536676883698,-0.035877227783203125,-0.8640892505645752,0.005006527993828058,0.05456620082259178,-0.0009502536850050092,0.001688838005065918,-1.159160183306085e-05,0.02494288980960846,0.0039953794330358505,0.004008606541901827,5.393033461587038e-06,7.705792086198926e-06,,,,,3.892845747199849,,1320,0.25
11.258333333323094,retreat,11.258333920501173,17.30286712012848,17.303919047117233,-0.5894303321838379,0.0023414631868945435,3.8626984050955757,0.06382713036146015,0.12511451142200766,1.0904933214187622,0.07073833048343658,7.9713850021362305,-0.04041056672576815,77,0.8956039547920227,0.10993547737598419,0.24908536672592163,0.03810199350118637,-0.04136185567767825,-17.572910479946486,-0.22970491647720337,-0.05081123113632202,-1.0648143291473389,0.0011024991981685162,-0.07072898745536804,-0.0003256286436226219,0.0006961143226362765,0.033701393753290176,-0.0002194845292251557,0.9994317293167114,-0.0011093269567936659,0.0009895196417346597,0.0003545385552570224,0.09282636642456055,0.6162329316139221,0.05271785333752632,-0.4760894477367401,0.5839927792549133,0.49715831875801086,-1.949619174003601,-0.38848450779914856,2.365680456161499,1.0374741554260254,0.000190435181139037,-0.0006095882854424417,-0.0009784599533304572,-0.0029324349015951157,-0.00042827392462641,0.000836936931591481,0.0003656724002212286,0.6015852093696594,-1.9223509298171848e-05,0.09001745283603668,-0.00022763124434277415,0.9994041919708252,2.7665677407640032e-05,-0.034511517733335495,6.015552207827568e-05,-6.883386959088966e-06,0.03239439055323601,-0.0008107536705210805,-0.0007234454969875515,0.9999994039535522,1.6806277926662005e-05,-0.010185355320572853,-0.017621200531721115,-0.8953726887702942,-0.003839698852971196,-0.10985687375068665,-0.0015916961710900068,0.05160275846719742,0.017214806750416756,0.8939505815505981,-0.006270862650126219,0.1084381639957428,0.002077220706269145,0.0016841292381286621,-1.2140992112108506e-05,0.024943210184574127,0.003995375242084265,0.004008762538433075,5.314405370882014e-06,7.593363989144564e-06,,,,,3.892845747199849,,1320,0.2583333333333333
11.26666666665642,retreat,11.266667254269123,17.302394133375692,17.304064333438873,-0.5897283554077148,0.002577687155280728,3.8681189534259115,0.06288713484536856,0.13705609666978325,0.7332929968833923,0.060660913586616516,7.729558944702148,-0.040345024899579585,75,0.5836114883422852,0.018220314756035805,0.205442875623703,0.043390367180109024,-0.039511930430307984,-17.57343267033427,0.18718312680721283,0.006673276424407959,0.7089686393737793,-5.0584221753524616e-05,-0.06065777316689491,-0.0006151394918560982,0.0007426113006658852,0.03374866768717766,-0.00020633837266359478,0.9994300007820129,0.0007199969259090722,0.0006325506838038564,0.0010410331888124347,0.06088002771139145,0.6302534937858582,-0.035448502749204636,-0.4760897159576416,0.5839864015579224,0.49715378880500793,-1.9496420621871948,-0.38848981261253357,2.36572265625,1.0374764204025269,-0.0003584133228287101,-0.0011466125724837184,-0.00018941937014460564,-0.001973940059542656,-0.0015393370995298028,0.008840675465762615,0.0014811425935477018,0.6015849113464355,-1.8507547792978585e-05,0.09001512825489044,-0.00022910849656909704,0.9994046092033386,2.8929845939273946e-05,-0.034499384462833405,5.921861156821251e-05,-6.311693141469732e-06,0.032392218708992004,-0.0007513258024118841,-0.000771696912124753,0.9999992847442627,3.834643393929582e-06,0.01394675299525261,-0.013585135340690613,0.5832866430282593,0.008516209200024605,-0.015900667756795883,0.0025734815280884504,-0.02630913071334362,0.013852099888026714,-0.5828534364700317,0.006363467313349247,0.01788260228931904,-0.0030120236333459616,0.0016864538192749023,-1.1564145097509027e-05,0.024943049997091293,0.003995371516793966,0.004008856136351824,5.316055649018381e-06,7.591763278469443e-06,,,,,3.892845747199849,,1320,0.26666666666666666
11.274999999989745,retreat,11.275000588037074,17.301606894985113,17.302250117063522,-0.5890130996704102,0.0026261286620865576,3.8673088865146004,0.05823418541694991,0.13122122080831475,0.14695307612419128,0.06483300775289536,7.926928520202637,-0.04100045407540165,75,0.11320734024047852,0.09283872693777084,0.07347377389669418,0.021894240751862526,-0.0383554950094549,-17.571562128166033,-0.02438129298388958,-0.0318591445684433,-0.1413709819316864,0.00023321637127082795,-0.06482906639575958,-0.0006758578238077462,0.0007418364402838051,0.03374173492193222,-0.00021106064377818257,0.9994302988052368,0.0006723362021148205,0.00041046389378607273,0.0008030820172280073,0.0781596451997757,0.592105507850647,0.0028685235884040594,-0.47609513998031616,0.5839749574661255,0.4971579611301422,-1.9496464729309082,-0.38849732279777527,2.3657422065734863,1.0374764204025269,-0.00025501541676931083,-0.001062974683009088,-0.0003444559115450829,-0.0019191657193005085,-0.0013241932028904557,0.004301852080971003,0.0009459498687647283,0.6015898585319519,-1.9461160263745114e-05,0.09002158790826797,-0.00022763789456803352,0.9994050860404968,3.124827708234079e-05,-0.0344858281314373,5.443836562335491e-05,-7.411985279759392e-06,0.03239713981747627,-0.0007446965901181102,-0.0007730245706625283,0.9999993443489075,1.0063090485346038e-05,-0.04460844770073891,-0.01377570629119873,-0.10313203930854797,-0.0018511167727410793,-0.09278564155101776,-0.002535155974328518,-0.03739403188228607,0.013725518248975277,0.1059679314494133,-0.0036622558254748583,0.08634531497955322,0.0028323556762188673,0.00168609619140625,-1.1798563718912192e-05,0.024943076074123383,0.003995369654148817,0.004008936695754528,5.3771577768202405e-06,7.68410973250866e-06,,,,,3.892845747199849,,1320,0.275
11.283333333323071,retreat,11.283333921805024,17.30050628275461,17.30550229549408,-0.5900263786315918,0.0022739122869097628,3.862749099584941,0.06561273039551452,0.13705609666978325,0.536383330821991,0.06287726759910583,7.720356464385986,-0.03975514118792489,75,0.4695906341075897,0.07419759780168533,0.07713231444358826,0.005439508240669966,-0.04189965731347911,-17.574497253247102,0.007486050948500633,0.047420188784599304,-0.534230649471283,-0.0006632732111029327,-0.0628717839717865,-0.0004994451301172376,0.0007389911916106939,0.03370159491896629,-0.00021967272914480418,0.9994316101074219,-0.0009485327755101025,0.0008243631455115974,0.0005296976305544376,0.06443807482719421,0.6513952612876892,0.033903948962688446,-0.476091206073761,0.5839734077453613,0.49714720249176025,-1.949669361114502,-0.38849449157714844,2.3657543659210205,1.0374764204025269,0.0003782633284572512,-0.0004086652770638466,-0.0011599119752645493,-0.0028021386824548244,-0.0002328980335732922,0.00549900159239769,0.00047794473357498646,0.6015814542770386,-2.0255891286069527e-05,0.0900135338306427,-0.00022770660871174186,0.9994048476219177,3.0437173336395063e-05,-0.0344918929040432,6.187381222844124e-05,-7.850172551115975e-06,0.03239183872938156,-0.000790924415923655,-0.0007690667407587171,0.9999992847442627,1.8478454876458272e-05,-0.07365689426660538,0.03267704322934151,-0.4626253843307495,0.0011673695407807827,-0.07418496906757355,0.0007149510201998055,-0.04158548638224602,-0.03289226070046425,0.46658775210380554,0.005818294361233711,0.0635736882686615,-0.0010884256334975362,0.0016841292381286621,-1.2222652912896592e-05,0.02494320645928383,0.003995370585471392,0.004009084310382605,5.324836820363998e-06,7.607421139255166e-06,,,,,3.892845747199849,,1320,0.2833333333333333
11.291666666656397,retreat,11.291667255572975,17.299093174482056,17.30204150080681,-0.5886554718017578,0.0029032971724518575,3.8703963590059884,0.055031876399880275,0.11869404022070311,0.9818216562271118,0.05984176695346832,7.6682939529418945,-0.04093490861123428,75,0.8213005065917969,0.037050727754831314,0.1944381147623062,0.02286488376557827,-0.03547289676498622,-17.57156819059814,0.18589739501476288,0.024057582020759583,0.9637619853019714,-0.00011733603605534881,-0.05983837693929672,-0.0006259471410885453,0.0007306062616407871,0.03376864641904831,-0.0002032001066254452,0.99942946434021,0.0018942038295790553,0.0004647636378649622,0.0012520794989541173,0.06329937279224396,0.5898787975311279,0.0013909883564338088,-0.4760953485965729,0.5839643478393555,0.4971504211425781,-1.949674367904663,-0.38850137591362,2.3658037185668945,1.0374809503555298,-0.0006621901411563158,-0.0012229282874614,0.0005125209572724998,-0.0010968027636408806,-0.0014296205481514335,0.008401438593864441,0.0013977850321680307,0.601591944694519,-1.89565762411803e-05,0.0900205448269844,-0.00023040504311211407,0.9994058012962341,3.051991370739415e-05,-0.03446542099118233,5.1304465159773827e-05,-7.004535291343927e-06,0.03239600732922554,-0.0006973535637371242,-0.0007614538772031665,0.999999463558197,-9.84443772722443e-07,0.00011973483924521133,0.0111016184091568,0.8212254643440247,-0.0007539227954111993,-0.03703942522406578,0.0005186963826417923,-0.056454189121723175,-0.010725133121013641,-0.8192874789237976,0.000816249055787921,0.037014901638031006,-0.0005587163032032549,0.001687467098236084,-1.1387788617867045e-05,0.02494298666715622,0.003995375707745552,0.004009248223155737,5.3003241191618145e-06,7.569527952000499e-06,,,,,3.892845747199849,,1320,0.2916666666666667
11.299999999989723,retreat,11.300000589340925,17.297368447965322,17.30479821562767,-0.5896687507629395,0.002332197254872881,3.861785790662827,0.06167442916193977,0.13122122080831475,1.0624802112579346,0.06755656003952026,7.970647811889648,-0.03975514118792489,76,0.8689083456993103,0.11589052528142929,0.2569065988063812,0.04412539303302765,-0.03980528707324993,-17.573726191892455,-0.2202339917421341,-0.009827956557273865,-1.0393577814102173,-4.669151530833915e-05,-0.06755337864160538,-0.0006539328605867922,0.0007413021521642804,0.03369327262043953,-0.00021413945069070905,0.9994319081306458,-0.0012566392542794347,0.0005909050814807415,0.0003391723148524761,0.0639091208577156,0.6222736835479736,-0.004758452996611595,-0.476095050573349,0.5839608311653137,0.4971466362476349,-1.949691891670227,-0.3884994089603424,2.3658037185668945,1.0374809503555298,0.00030448244069702923,-0.00040717696538195014,-0.0009673064923845232,-0.002746598096564412,-0.00010459547047503293,0.0008815291803330183,0.00023285500355996192,0.6015845537185669,-1.9266870367573574e-05,0.09001586586236954,-0.00022946363606024534,0.9994056224822998,3.073798507102765e-05,-0.03447270765900612,5.8007193729281425e-05,-6.805741577409208e-06,0.03239366039633751,-0.0007800530293025076,-0.0007719325367361307,0.9999993443489075,1.1270517461525742e-05,-0.02991120144724846,0.013066449202597141,-0.8682950735092163,-0.006127000320702791,-0.1156984269618988,-0.0026356878224760294,0.029989883303642273,-0.01346515491604805,0.8682858347892761,-0.004058613441884518,0.11142609268426895,0.0029738349840044975,0.0016837120056152344,-1.1949734471272677e-05,0.024943239986896515,0.003995389211922884,0.004009399563074112,5.35024082637392e-06,7.643451681360602e-06,,,,,3.892845747199849,,1320,0.3
11.308333333323048,retreat,11.308333923108876,17.29533298100228,17.30346456170082,-0.5886554718017578,0.002734017471084371,3.8673088865146004,0.061110156821087,0.12511451142200766,0.9620175957679749,0.06024176999926567,7.703042984008789,-0.04093490861123428,75,0.7965433597564697,0.01282612793147564,0.22600187361240387,0.040634557604789734,-0.03706233133561909,-17.57277657280333,0.1516232192516327,-0.014609679579734802,0.9498814344406128,0.00033189720124937594,-0.06023653596639633,-0.0007213610224425793,0.0007344760815612972,0.03374169021844864,-0.0002092726790579036,0.9994303584098816,0.0011252558324486017,-0.0006337689119391143,0.001235529431141913,0.025289814919233322,0.6140034198760986,0.13039986789226532,-0.47609758377075195,0.5839532613754272,0.4971446692943573,-1.949710488319397,-0.38850533962249756,2.365839958190918,1.03748619556427,-0.0005979540874250233,-0.0012990296818315983,0.00027226272504776716,-0.001479165512137115,-0.001618333626538515,0.0077218832448124886,0.001589336316101253,0.6015852689743042,-1.9103848899248987e-05,0.0900154635310173,-0.0002305640373378992,0.9994059205055237,3.027548700629268e-05,-0.03446071594953537,5.740742199122906e-05,-6.973114068387076e-06,0.032391902059316635,-0.0007196161313913763,-0.0007648642058484256,0.9999994039535522,5.046518253948307e-06,0.06824985146522522,-0.026211349293589592,0.7931810617446899,0.007480020634829998,-0.010116939432919025,0.0024912585504353046,0.013451844453811646,0.0265804436057806,-0.7959861159324646,0.0035176381934434175,0.019932406023144722,-0.002731929300352931,0.00168609619140625,-1.169679580925731e-05,0.024943068623542786,0.00399538641795516,0.004008231684565544,5.284095095703378e-06,7.5467105489224195e-06,,,,,3.892845747199849,,1320,0.30833333333333335
11.316666666656374,retreat,11.316667256876826,17.292987651390796,17.30218306183815,-0.5887150764465332,0.0025349609131808393,3.8644723171392226,0.06022859088261612,0.12511451142200766,0.4487355947494507,0.06408873945474625,7.822103023529053,-0.03975514118792489,75,0.36568814516067505,0.0976116731762886,0.12410125136375427,0.026375964283943176,-0.037374247825937346,-17.571297839402835,-0.07003682106733322,-0.01359662413597107,-0.4430277943611145,0.00011183535389136523,-0.06408500671386719,-0.0006823223666287959,0.0007201869157142937,0.033716831356287,-0.0002212152030551806,0.9994311928749084,0.0003678764041978866,7.163867121562362e-05,0.0008718783501535654,0.04082394391298294,0.5849462747573853,0.07695581763982773,-0.47610288858413696,0.5839418172836304,0.49715086817741394,-1.9497156143188477,-0.3885095417499542,2.3658416271209717,1.03748619556427,-0.00019381065794732422,-0.0009236049372702837,-0.00031277965172193944,-0.001999179134145379,-0.0008132355287671089,0.002885042689740658,0.0006606612005271018,0.601586103439331,-1.9506012904457748e-05,0.09002082049846649,-0.00022802445164415985,0.999406099319458,3.250937152188271e-05,-0.03445605933666229,5.649402737617493e-05,-7.343580364249647e-06,0.03239602968096733,-0.0007398269954137504,-0.000752318708691746,0.9999994039535522,1.9099621567875147e-05,-0.05047211796045303,-0.0006320232641883194,-0.36218777298927307,-0.002297371393069625,-0.0975421816110611,-0.002878009807318449,-0.025407986715435982,0.0004636871162801981,0.3648041784763336,-0.002191922627389431,0.09026956558227539,0.0030768103897571564,0.0016849040985107422,-1.226858967129374e-05,0.02494315803050995,0.003995384555310011,0.0040083639323711395,5.28787677467335e-06,7.5572170317173e-06,,,,,3.892845747199849,,1320,0.31666666666666665
11.3249999999897,retreat,11.325000590644777,17.290333336928743,17.304880172014236,-0.5889534950256348,0.00224736868403852,3.8605686363377063,0.06596688035642728,0.13705609666978325,0.40469157695770264,0.05833393335342407,7.473200798034668,-0.039755137549946085,75,0.3645535409450531,0.0634123757481575,0.04607132449746132,0.01670055277645588,-0.04069173481548205,-17.573723516121092,0.15282969176769257,0.028622642159461975,-0.373629629611969,-0.00034520443296059966,-0.05833014100790024,-0.0005684419884346426,0.0007229592301882803,0.03368285298347473,-0.00021912172087468207,0.9994322061538696,-0.0005067954771220684,0.001234986586496234,0.0006491418462246656,0.08296015113592148,0.6448929905891418,-0.07006984949111938,-0.47609877586364746,0.5839409232139587,0.4971415400505066,-1.9497385025024414,-0.3885107636451721,2.36586332321167,1.03748619556427,0.0005620176671072841,-0.0002640537277329713,-0.0013241725973784924,-0.002293225610628724,-0.0007981302333064377,0.007231672760099173,0.0008929393952712417,0.6015798449516296,-1.8992959667230025e-05,0.09001339226961136,-0.00022856210125610232,0.999406099319458,3.392498183529824e-05,-0.034457236528396606,6.22505322098732e-05,-6.512978870887309e-06,0.03239090368151665,-0.0007749968208372593,-0.0007565842242911458,0.9999992847442627,1.661163150856737e-05,-0.14348897337913513,0.015676042065024376,-0.33476030826568604,0.003303740406408906,-0.06331043690443039,0.0014153607189655304,-0.1200912818312645,-0.015840183943510056,0.3438408374786377,0.0054532382637262344,0.04260369390249252,-0.0017757571768015623,0.0016831755638122559,-1.2167431123089045e-05,0.024943269789218903,0.003995381295681,0.0040084621869027615,5.504552063939627e-06,7.860857294872403e-06,,,,,3.892845747199849,,1320,0.325
11.333333333323026,retreat,11.333333924412727,17.287370915413995,17.30184033513069,-0.588834285736084,0.002742301148828119,3.8681189534259115,0.05513077485375106,0.11190581936148891,0.8616095781326294,0.0604877807199955,7.740640163421631,-0.039755137549946085,76,0.7355539202690125,0.05273968726396561,0.14301669597625732,0.007653616834431887,-0.034917733166366816,-17.57120867202609,0.1283119171857834,-0.023844316601753235,0.851668119430542,0.0005106983589939773,-0.0604805052280426,-0.0007870075642131269,0.0007238334510475397,0.03374888375401497,-0.00020644027972593904,0.9994301199913025,0.0018914456013590097,0.0007631605258211493,0.0011423345422372222,0.09678617119789124,0.5804135203361511,-0.026364676654338837,-0.4761025607585907,0.5839325785636902,0.4971442222595215,-1.94973886013031,-0.38852083683013916,2.3659002780914307,1.0374939441680908,-0.00041752125252969563,-0.0010892911814153194,0.00016390597738791257,-0.0006517477449961007,-0.0018265750259160995,0.006866601295769215,0.0014709134120494127,0.6015896797180176,-1.9414423150010407e-05,0.09002061933279037,-0.0002284439542563632,0.9994068741798401,3.28076166624669e-05,-0.03443479537963867,5.1391543820500374e-05,-7.433289283653721e-06,0.032395754009485245,-0.0006864781025797129,-0.0007567984284833074,0.9999995231628418,4.035061920149019e-06,0.0031377123668789864,-0.01981119066476822,0.7352803349494934,9.775129001354799e-05,-0.05273665860295296,-0.0005569841014221311,-0.04747916758060455,0.02014552429318428,-0.7337437272071838,-0.00271668191999197,0.05315171554684639,0.0007689491030760109,0.0016864538192749023,-1.1537560567376204e-05,0.024943046271800995,0.003995377570390701,0.004008518066257238,5.578484888246749e-06,7.96833774074912e-06,,,,,3.892845747199849,,1320,0.3333333333333333
11.341666666656351,retreat,11.341667258180678,17.28410126464442,17.304649204015732,-0.5893111228942871,0.002359505742788315,3.8598077202719487,0.061959239246789366,0.12511451142200766,1.0603618621826172,0.06484944373369217,7.794556617736816,-0.03975514118792489,75,0.8859828114509583,0.10949176549911499,0.2308330237865448,0.035175371915102005,-0.03912013504304923,-17.573439639430294,-0.15912312269210815,0.034453243017196655,-1.0477882623672485,-0.00045566324843093753,-0.06484521925449371,-0.0005835583433508873,0.0007235291413962841,0.033676035702228546,-0.00022724131122231483,0.9994325041770935,-0.001086743432097137,0.0007296718540601432,0.0004139395896345377,0.06700856983661652,0.6205000281333923,0.06707877665758133,-0.47610050439834595,0.5839303731918335,0.4971385896205902,-1.9497543573379517,-0.38851630687713623,2.3659002780914307,1.0374939441680908,0.000535187718924135,-0.0001213782379636541,-0.0011462249094620347,-0.002340201288461685,0.00030081722070463,0.0015262520173564553,-2.4556265998398885e-05,0.6015826463699341,-1.979723310796544e-05,0.09001550078392029,-0.00022828231158200651,0.999406635761261,3.180501880706288e-05,-0.034442294389009476,5.8259814977645874e-05,-7.442366040777415e-06,0.03239299729466438,-0.0007668696343898773,-0.0007547506829723716,0.9999994039535522,2.494637192285154e-05,-0.06560025364160538,0.037283048033714294,-0.8827639222145081,-0.0038931926246732473,-0.10940660536289215,-0.0018667081603780389,-0.004670057445764542,-0.03768910840153694,0.8851684331893921,0.0016066136304289103,0.0999804437160492,0.0018074774416163564,0.0016828179359436035,-1.2573897038237192e-05,0.024943292140960693,0.0039953747764229774,0.0040086437948048115,5.305117610987509e-06,7.577415090054274e-06,,,,,3.892845747199849,,1320,0.3416666666666667
11.349999999989677,retreat,11.350000591948628,17.280525262417893,17.303133010864258,-0.588536262512207,0.0028085751182516105,3.866346711951212,0.056086348195094615,0.12511451142200766,0.9868295788764954,0.05879267677664757,7.604177474975586,-0.040345024899579585,77,0.816758930683136,0.014942102134227753,0.22464126348495483,0.03730764985084534,-0.03552773338742554,-17.57237811971329,0.16521620750427246,0.006230533123016357,0.9728809595108032,0.00023976332158781588,-0.058787550777196884,-0.0007386517827399075,0.0007176865474320948,0.03373310714960098,-0.00020545530423987657,0.9994305372238159,0.0013914266601204872,0.00045681907795369625,0.0012198699405416846,0.0519271157681942,0.6034769415855408,-0.007756682578474283,-0.47610169649124146,0.5839250087738037,0.4971378743648529,-1.9497613906860352,-0.38852041959762573,2.365936279296875,1.0374939441680908,-0.0004399266908876598,-0.0010159758385270834,0.00027716264594346285,-0.0009210571879521012,-0.0012672239681705832,0.0075490293093025684,0.0013569414149969816,0.6015883088111877,-1.910321952891536e-05,0.09001852571964264,-0.00023014500038698316,0.9994072318077087,3.3018412068486214e-05,-0.03442539647221565,5.239201709628105e-05,-7.078964699758217e-06,0.03239484131336212,-0.0006928518414497375,-0.0007509493152610958,0.9999994039535522,1.1375344683983712e-06,0.05170360580086708,-0.008914854377508163,0.8150720596313477,0.0038861313369125128,-0.014271846041083336,0.0021163211204111576,-0.004504505544900894,0.009292172268033028,-0.8166936039924622,0.0024511166848242283,0.021699760109186172,-0.0022805561311542988,0.0016856789588928223,-1.147740567830624e-05,0.024943102151155472,0.003995371982455254,0.004008759278804064,5.296431481838226e-06,7.565889973193407e-06,,,,,3.892845747199849,,1320,0.35
11.358333333323003,retreat,11.358333925716579,17.27664378653228,17.303702980279922,-0.5884766578674316,0.0024662813302711584,3.861177261387906,0.06074705743230879,0.13122122080831475,0.7762999534606934,0.0637054368853569,7.727607250213623,-0.03975514118792489,76,0.6413763761520386,0.10542908310890198,0.18688376247882843,0.03389199450612068,-0.03722912215744145,-17.572588643810672,-0.12703195214271545,-0.009840220212936401,-0.7657725811004639,0.00015627266839146614,-0.06370110809803009,-0.0007260580314323306,0.0007197523955255747,0.03368796780705452,-0.00021754641784355044,0.9994320273399353,-0.0005178108694963157,0.0005672663683071733,0.0005604834295809269,0.06798283755779266,0.5964799523353577,-0.030990855768322945,-0.47610339522361755,0.5839208364486694,0.4971370995044708,-1.949772834777832,-0.38852033019065857,2.365936279296875,1.0374939441680908,0.00029445826658047736,-0.00037926086224615574,-0.0008157528936862946,-0.0019747952464967966,-0.0003131990088149905,0.0016823859186843038,0.0003509439411573112,0.6015838384628296,-1.962664828170091e-05,0.09001635760068893,-0.00022962559887673706,0.9994071125984192,3.3106498449342325e-05,-0.03442927077412605,5.7052355259656906e-05,-7.2944276325870305e-06,0.03239293023943901,-0.0007418927852995694,-0.000752659747377038,0.9999993443489075,1.3817408216709737e-05,-0.05511206388473511,0.008733877912163734,-0.6389444470405579,-0.00475286366418004,-0.1052795872092247,-0.0029850760474801064,-0.011010255664587021,-0.009030195884406567,0.6412181854248047,-0.00328697613440454,0.09735266119241714,0.0032635722309350967,0.0016834139823913574,-1.208349294756772e-05,0.02494325488805771,0.003995368257164955,0.00400886032730341,5.342867552826647e-06,7.636583177372813e-06,,,,,3.892845747199849,,1320,0.35833333333333334
11.366666666656329,retreat,11.36666725948453,17.272457714785453,17.30334535241127,-0.5884766578674316,0.002751882675511297,3.863712168696732,0.056115444749593735,0.12511451142200766,0.586947500705719,0.06023683026432991,7.687723159790039,-0.03975514118792489,75,0.48504987359046936,0.02870195545256138,0.13980725407600403,0.025609804317355156,-0.036565287271514535,-17.572407274901856,0.08770579099655151,0.006460130214691162,0.5803217887878418,0.00016772835806477815,-0.060232263058423996,-0.0007226658053696156,0.0007222804124467075,0.0337102971971035,-0.00020981307898182422,0.999431312084198,0.0008723270148038864,0.0005552085349336267,0.001055072876624763,0.06769891828298569,0.6062617897987366,0.041167017072439194,-0.47610345482826233,0.5839150547981262,0.49713563919067383,-1.949779987335205,-0.38852304220199585,2.36596417427063,1.0374939441680908,-0.00032095538335852325,-0.0009393861400894821,6.221967487363145e-05,-0.0012593563878908753,-0.0010163530241698027,0.006019613705575466,0.0011494873324409127,0.6015877723693848,-1.8729460862232372e-05,0.09001852571964264,-0.00023057535872794688,0.9994075298309326,3.4686210710788146e-05,-0.034416694194078445,5.24371862411499e-05,-6.624090019613504e-06,0.03239501640200615,-0.0007069710409268737,-0.0007570714224129915,0.9999994039535522,5.271853297017515e-06,0.046746622771024704,-0.007279064506292343,0.48273715376853943,0.004504107404500246,-0.028285784646868706,0.0018519203877076507,0.013426724821329117,0.0075043728575110435,-0.4848059415817261,0.0033182650804519653,0.035014890134334564,-0.00206911307759583,0.0016845464706420898,-1.1702101801347453e-05,0.02494318038225174,0.0039953673258423805,0.004008983261883259,5.32635112904245e-06,7.6044234447181225e-06,,,,,3.892845747199849,,1320,0.36666666666666664
11.374999999989654,retreat,11.37500059325248,17.267967924975284,17.303889244794846,-0.588834285736084,0.0024891787688829936,3.860365740029749,0.06190710701048374,0.13122122080831475,0.49245601892471313,0.06367611140012741,7.7932891845703125,-0.03975514118792489,75,0.40172579884529114,0.08662445098161697,0.12102867662906647,0.021713420748710632,-0.03780521414591931,-17.57271848093989,-0.10849396884441376,-0.02501070499420166,-0.47970452904701233,0.0003655826731119305,-0.06367041170597076,-0.0007692415383644402,0.0007240357808768749,0.03368105739355087,-0.00021350837778300047,0.9994322657585144,-0.00038984211278147995,0.0004898117040283978,0.000634132360573858,0.06986667215824127,0.607052743434906,0.019272712990641594,-0.4761045575141907,0.5839104652404785,0.497133731842041,-1.9497945308685303,-0.38852396607398987,2.36596417427063,1.0374939441680908,0.0001226784661412239,-0.0006199253257364035,-0.0006765294820070267,-0.00199787225574255,-0.0005517984973266721,0.002194670494645834,0.0005391454906202853,0.6015818119049072,-1.9678765966091305e-05,0.09001541137695312,-0.00022901699412614107,0.9994073510169983,3.526126602082513e-05,-0.03442194312810898,5.819043144583702e-05,-7.413684215862304e-06,0.03239206597208977,-0.000741472584195435,-0.0007592123583890498,0.9999993443489075,1.0605341230984777e-05,-0.009762628003954887,-0.008402684703469276,-0.401519238948822,-0.0016158951912075281,-0.08657964318990707,-0.002269336488097906,0.017885830253362656,0.008219021372497082,0.4012434184551239,-0.002674599178135395,0.08519142866134644,0.0024975056294351816,0.0016831159591674805,-1.1888672815985046e-05,0.0249432772397995,0.003995369654148817,0.0040091113187372684,5.358020189305535e-06,7.653492502868176e-06,,,,,3.892845747199849,,1320,0.375
11.38333333332298,retreat,11.38333392702043,17.263175294899646,17.302577942609787,-0.5880594253540039,0.002787120138236787,3.863053252571862,0.05457014049170539,0.13122122080831475,0.47174620628356934,0.05811230093240738,7.519898891448975,-0.039755137549946085,75,0.3712678551673889,0.03719927743077278,0.12828758358955383,0.02449614554643631,-0.035392059420701116,-17.57159404893108,0.14348167181015015,0.010519623756408691,0.4492736756801605,0.00012547661026474088,-0.05810783430933952,-0.0007094413740560412,0.0007182391127571464,0.03370446339249611,-0.00021027564071118832,0.9994314908981323,0.0010617978405207396,0.0004687323817051947,0.0010884820949286222,0.06706693023443222,0.5918832421302795,0.0017381198704242706,-0.47610771656036377,0.5839008092880249,0.4971344769001007,-1.9497971534729004,-0.38852810859680176,2.365994930267334,1.0374939441680908,-0.0002595479891169816,-0.0009364340221509337,-7.003342034295201e-05,-0.0012416817480698228,-0.0010927887633442879,0.006569903809577227,0.0011423801770433784,0.6015893220901489,-2.0395898900460452e-05,0.09002206474542618,-0.00022960433852858841,0.999407947063446,3.57836797775235e-05,-0.03440362587571144,5.0650909543037415e-05,-8.389793947571889e-06,0.03239785507321358,-0.000699733616784215,-0.0007540837395936251,0.9999993443489075,6.592061254195869e-06,-0.01934259943664074,-0.003450175514444709,0.3707475960254669,0.0045898365788161755,-0.03688841313123703,0.0014016450149938464,-0.044792041182518005,0.003617721376940608,-0.3685383200645447,0.003986502531915903,0.03407624736428261,-0.0016645060386508703,0.0016842484474182129,-1.171819803857943e-05,0.024943195283412933,0.003995375242084265,0.004009258467704058,5.316654096532147e-06,7.592316251248121e-06,,,,,3.892845747199849,,1320,0.3833333333333333
11.391666666656306,retreat,11.391667260788381,17.258080702356406,17.30543151497841,-0.5888938903808594,0.0023492648324463516,3.8566102358567393,0.0625841785222292,0.11869404022070311,0.8883976340293884,0.06200128793716431,7.639451026916504,-0.03916525383829139,75,0.7577651143074036,0.09945608675479889,0.17368462681770325,0.02432439848780632,-0.03913901354826521,-17.573999619546175,-0.07886411994695663,0.0656852275133133,-0.8824490308761597,-0.0007131515303626657,-0.06199484318494797,-0.0005389770958572626,0.0007189252646639943,0.033648084849119186,-0.00022264781000558287,0.9994334578514099,-0.0012952472316101193,0.0008598020067438483,0.0004273143131285906,0.05783360078930855,0.6337541341781616,-0.014997185207903385,-0.47610411047935486,0.583899974822998,0.49712657928466797,-1.9498162269592285,-0.38852229714393616,2.3659965991973877,1.0374939441680908,0.0005755853489972651,-2.7234027584199794e-05,-0.0011079251999035478,-0.002502062590792775,0.00047251867363229394,0.003185017965734005,9.38861194299534e-06,0.6015805602073669,-2.0604107703547925e-05,0.09001469612121582,-0.00023003968817647547,0.9994076490402222,3.4481890907045454e-05,-0.03441283106803894,5.8845849707722664e-05,-8.130824426189065e-06,0.03239280357956886,-0.0007653528009541333,-0.0007530388538725674,0.999999463558197,1.8510045265429653e-05,-0.09015792608261108,0.05974869430065155,-0.750006377696991,-0.006601991131901741,-0.09921495616436005,-0.0020782225765287876,-0.03835207223892212,-0.06009943038225174,0.7544040679931641,0.00215721083804965,0.08623373508453369,0.0019767479971051216,0.0016814470291137695,-1.233560669788858e-05,0.024943388998508453,0.003995383623987436,0.004009326919913292,5.3060475693200715e-06,7.578229997307062e-06,,,,,3.892845747199849,,1320,0.39166666666666666
11.399999999989632,retreat,11.400000594556332,17.252685025143435,17.302607744932175,-0.5876421928405762,0.0029983521017129533,3.864877668602909,0.055284570407820866,0.11190581936148891,1.0494730472564697,0.05595751106739044,7.398789405822754,-0.039755137549946085,75,0.8620829582214355,0.022328948602080345,0.23374074697494507,0.03373822197318077,-0.03326139273121953,-17.571750707606153,0.2233201265335083,0.012642890214920044,1.0253593921661377,0.0002398091892246157,-0.05595209449529648,-0.000740839634090662,0.0007160315872170031,0.03372029960155487,-0.000200268070329912,0.9994310736656189,0.0016596822533756495,0.000446735299192369,0.0013058386975899339,0.05503398925065994,0.5854484438896179,0.0014870156301185489,-0.47610634565353394,0.5838944911956787,0.4971286952495575,-1.9498207569122314,-0.3885277509689331,2.3660342693328857,1.0375006198883057,-0.00042446618317626417,-0.0009060215670615435,0.00043704351992346346,-0.0006472342065535486,-0.0014528360916301608,0.008188396692276001,0.0015953306574374437,0.6015879511833191,-1.8915641703642905e-05,0.090019091963768,-0.00023227976635098457,0.9994083046913147,3.335859582875855e-05,-0.03439381718635559,5.159643478691578e-05,-6.9436537160072476e-06,0.03239479288458824,-0.000674076727591455,-0.0007498919148929417,0.9999995231628418,-6.246107204788132e-06,0.0008771108114160597,0.0019523866940289736,0.8620803356170654,9.399668670084793e-06,-0.022242242470383644,0.001965829636901617,-0.05839028209447861,-0.001554048154503107,-0.8601022362709045,0.0001604653225513175,0.022325424477458,-0.0019711051136255264,0.001685023307800293,-1.1214946425752714e-05,0.024943143129348755,0.003995393868535757,0.0040094004943966866,5.2989062169217505e-06,7.56711233407259e-06,,,,,3.892845747199849,,1320,0.4
11.408333333322958,retreat,11.408333928324282,17.24698914105861,17.303848266601562,-0.5884766578674316,0.002541225512686651,3.858691439030789,0.05878159936401062,0.11869404022070311,0.93639075756073,0.0630326122045517,7.662571907043457,-0.03857536648865789,78,0.774567186832428,0.11450221389532089,0.22667910158634186,0.041804537177085876,-0.03634064529614989,-17.57256108367077,-0.15146063268184662,-0.03550516813993454,-0.9233778715133667,0.0004811692633666098,-0.06302566826343536,-0.0008027220028452575,0.0007209536270238459,0.03366634622216225,-0.00021298610954545438,0.9994328618049622,-0.0007119970978237689,-0.00351706356741488,0.000269645155640319,0.33836427330970764,0.5953486561775208,-0.018995407968759537,-0.4761061370372772,0.5838924050331116,0.49712812900543213,-1.9498307704925537,-0.38852861523628235,2.3660342693328857,1.0375006198883057,0.0004749028303194791,-0.00016524623788427562,-0.0009351088083349168,-0.0018269760766997933,-0.0005067334277555346,0.0008344837697222829,0.0005105866584926844,0.60158371925354,-1.8254118913318962e-05,0.09001658856868744,-0.00023148376203607768,0.9994081854820251,3.485937850200571e-05,-0.03439754247665405,5.514058284461498e-05,-5.8801379054784775e-06,0.032393306493759155,-0.0007317827548831701,-0.0007558355573564768,0.999999463558197,7.480970452888869e-06,-0.06840281188488007,0.0018124727066606283,-0.7715387940406799,-0.005495456513017416,-0.11432075500488281,-0.003364984877407551,-0.015194159001111984,-0.002173457993194461,0.7744150757789612,-0.005000039469450712,0.10447951406240463,0.0037654589395970106,0.0016823410987854004,-1.185685869131703e-05,0.02494332566857338,0.0039954050444066525,0.004008167888969183,-0.0003218528290744871,-0.00045958906412124634,,,,,3.892845747199849,,1320,0.4083333333333333
11.416666666656283,retreat,11.416667262092233,17.240993927899794,17.303572595119476,-0.5882382392883301,0.002752858563326299,3.862140721861645,0.0541457484359853,0.12511451142200766,0.6935054063796997,0.05922135338187218,7.619141101837158,-0.039755137549946085,75,0.5765874981880188,0.022899284958839417,0.1620544195175171,0.028373241424560547,-0.035546293249353766,-17.572525250724286,0.0843689814209938,-0.05228380858898163,0.6863658428192139,0.0009286206332035363,-0.05920730158686638,-0.0008954581571742892,0.0007203186396509409,0.03369653597474098,-0.00021052731608506292,0.9994317889213562,0.0008500316180288792,-0.0018226118991151452,0.0009808916365727782,0.10512339323759079,0.6029868125915527,0.09236753731966019,-0.47610533237457275,0.5838881134986877,0.4971247613430023,-1.9498353004455566,-0.3885360062122345,2.3660593032836914,1.0375056266784668,-0.00018285746045876294,-0.000936453347094357,-0.00018151549738831818,-0.000916428049094975,-0.0017796338070183992,0.0054545276798307896,0.0015772749902680516,0.6015880107879639,-1.9144004909321666e-05,0.09001855552196503,-0.00023038176004774868,0.9994085431098938,3.459222716628574e-05,-0.034385617822408676,5.044019781053066e-05,-7.051905413391069e-06,0.03239525854587555,-0.0006896484992466867,-0.000754989858251065,0.9999994039535522,6.0863917497044895e-06,0.07062260806560516,-0.05624319612979889,0.5694754719734192,0.009187630377709866,-0.02087698131799698,0.0020288792438805103,0.031312212347984314,0.056510079652071,-0.5729566812515259,0.000922616571187973,0.031051864847540855,-0.0020853367168456316,0.0016838908195495605,-1.173399778053863e-05,0.024943221360445023,0.003995402716100216,0.004008313175290823,5.087227691547014e-06,7.2627735789865255e-06,,,,,3.892845747199849,,1320,0.4166666666666667
11.424999999989609,retreat,11.425000595860183,17.234700263464863,17.303866893053055,-0.5882382392883301,0.0021642790670739487,3.8591481385065998,0.05937830428592861,0.13122122080831475,0.5704481601715088,0.06210487708449364,7.615800380706787,-0.03916525383829139,75,0.4713229835033417,0.08658475428819656,0.13180620968341827,0.022797124460339546,-0.03564569412264973,-17.572611465803618,-0.11872006952762604,0.019492924213409424,-0.5576169490814209,1.3778844731859863e-08,-0.062100600451231,-0.0007287012413144112,0.0006986989174038172,0.03367045149207115,-0.0002254885621368885,0.9994326233863831,-0.000444929173681885,0.001059953821823001,0.0006885281763970852,0.08515453338623047,0.5895921587944031,-0.05947422981262207,-0.4761061668395996,0.5838844180107117,0.4971223771572113,-1.9498474597930908,-0.38853591680526733,2.3660593032836914,1.0375056266784668,0.00018227603868581355,-0.0005077688838355243,-0.0006840683636255562,-0.0018811343470588326,-0.00013239632244221866,0.0017698510782793164,0.000239848843193613,0.6015828847885132,-1.9885399524355307e-05,0.09001577645540237,-0.00022937412722967565,0.9994084239006042,3.4798005799530074e-05,-0.034390099346637726,5.567423067986965e-05,-7.271268259501085e-06,0.03239244595170021,-0.0007202201522886753,-0.0007330336375162005,0.9999993443489075,2.1311039745341986e-05,-0.012586291879415512,0.012860915623605251,-0.47097933292388916,-0.00015067087952047586,-0.0865468829870224,-0.002556090010330081,0.019819071516394615,-0.013076788745820522,0.4707244634628296,0.001870995736680925,0.08475378900766373,0.0024726055562496185,0.001682579517364502,-1.2444306776160374e-05,0.024943314492702484,0.0039953989908099174,0.004008457064628601,5.4469383030664176e-06,7.78015237301588e-06,,,,,3.892845747199849,,1320,0.425
11.433333333322935,retreat,11.433333929628134,17.228109025551685,17.302875965833664,-0.5877017974853516,0.0027538353606360033,3.861532248434729,0.052233950555091724,0.11869404022070311,0.47297751903533936,0.05787871032953262,7.472938537597656,-0.03916525383829139,75,0.3800012469291687,0.03306348994374275,0.12364717572927475,0.0228106752038002,-0.03400549083016813,-17.5717863126054,0.09974086284637451,0.01664157211780548,0.4620417356491089,0.0001812606496969238,-0.05787353962659836,-0.0007520815706811845,0.0007080648792907596,0.03369104117155075,-0.00021586423099506646,0.9994320273399353,0.0008607350755482912,0.0009465498733334243,0.001052257721312344,0.0906364694237709,0.5818300843238831,-0.02514498122036457,-0.4761090874671936,0.5838761329650879,0.49712270498275757,-1.9498482942581177,-0.3885374069213867,2.366086006164551,1.0375056266784668,-0.0003140501503366977,-0.0009242859086953104,7.396109140245244e-05,-0.0012033217353746295,-0.0007286647451110184,0.005693467799574137,0.0009406086755916476,0.6015901565551758,-2.101794962072745e-05,0.09002187848091125,-0.00023037580831442028,0.999409019947052,3.387070682947524e-05,-0.03437374532222748,4.824576899409294e-05,-8.924584108171985e-06,0.032398004084825516,-0.0006832631770521402,-0.0007418400491587818,0.999999463558197,1.0973038115480449e-05,0.0176871158182621,0.0025145902764052153,0.379581093788147,0.002880339976400137,-0.03290284797549248,0.0015167772071436048,-0.008434386923909187,-0.0023392096627503633,-0.37990042567253113,0.003133302554488182,0.03544072061777115,-0.0017196043627336621,0.0016835927963256836,-1.1979854207311291e-05,0.024943239986896515,0.00399539340287447,0.00400852644816041,5.546786269405857e-06,7.917580660432577e-06,,,,,3.892845747199849,,1320,0.43333333333333335
11.44166666665626,retreat,11.441667263396084,17.22122109195813,17.305461317300797,-0.5887150764465332,0.002451218279020395,3.8550358984123143,0.060567639593500644,0.11869404022070311,0.8519690632820129,0.06215796247124672,7.619101524353027,-0.0385753701266367,75,0.7197731137275696,0.09214238077402115,0.17120882868766785,0.02434540167450905,-0.03777294245082885,-17.573919953075468,-0.13205018639564514,0.08401083946228027,-0.8374700546264648,-0.0008053824421949685,-0.06215031072497368,-0.0005502503481693566,0.0007083775708451867,0.03363456949591637,-0.00022870153770782053,0.9994339346885681,-0.0013706180034205317,0.0008976082317531109,0.000502915121614933,0.05074794217944145,0.62449711561203,0.05555751547217369,-0.47610601782798767,0.5838751196861267,0.49711668491363525,-1.9498673677444458,-0.3885275721549988,2.366086006164551,1.0375056266784668,0.00032867485424503684,-0.0001502051018178463,-0.0006784825818613172,-0.002585028763860464,0.0009523532935418189,0.002196382498368621,-0.00021147567895241082,0.6015808582305908,-1.9861898181261495e-05,0.09001480042934418,-0.00023236162087414414,0.9994086623191833,3.1732884963275865e-05,-0.03438406065106392,5.6871213018894196e-05,-7.334434485528618e-06,0.0323929600417614,-0.0007500883657485247,-0.0007396244909614325,0.999999463558197,2.176216003135778e-05,-0.03727465867996216,0.073821522295475,-0.7150065302848816,-0.008341524749994278,-0.09173841774463654,-0.002167832339182496,0.011957574635744095,-0.07415498793125153,0.7158432006835938,0.002457459457218647,0.08639339357614517,0.002047640737146139,0.0016807913780212402,-1.2619902918231674e-05,0.024943433701992035,0.003995389677584171,0.004008685704320669,5.295759365253616e-06,7.567432476207614e-06,,,,,3.892845747199849,,1320,0.44166666666666665
11.449999999989586,retreat,11.450000597164035,17.214037340482076,17.302607744932175,-0.58746337890625,0.002994448550452944,3.8621914236599757,0.05378861169447191,0.12511451142200766,0.9780287742614746,0.055832672864198685,7.401206970214844,-0.039755137549946085,76,0.8006062507629395,0.01852218247950077,0.22656559944152832,0.0343540757894516,-0.033033361891284585,-17.571563925971283,0.19391992688179016,-0.03732825070619583,0.9578840732574463,0.0008121273713186383,-0.05582018196582794,-0.0008575342362746596,0.0007118519279174507,0.03369714319705963,-0.00019946078828070313,0.9994317889213562,0.0014596979599446058,0.0003019789874088019,0.001307080965489149,0.05010577291250229,0.5854079127311707,-0.01653534732758999,-0.47610941529273987,0.5838680863380432,0.49711987376213074,-1.9498728513717651,-0.3885338604450226,2.366121292114258,1.037514328956604,-0.0004971784073859453,-0.0010760115692391992,0.00042976692202501,-0.0008123755105771124,-0.0017778356559574604,0.007243641652166843,0.0017729263054206967,0.6015878319740295,-1.8718823412200436e-05,0.09001968055963516,-0.00023375620367005467,0.9994091987609863,2.9828501283191144e-05,-0.034365493804216385,5.009816959500313e-05,-6.6396023612469435e-06,0.03239535912871361,-0.0006689024739898741,-0.0007422649650834501,0.9999994039535522,-8.813580279820599e-06,0.022809907793998718,-0.031224161386489868,0.7996718883514404,0.001391372294165194,-0.01838192716240883,0.0018000147538259625,-0.03217512369155884,0.03159787505865097,-0.7993351817131042,-0.0032314874697476625,0.02163771167397499,-0.0015731067396700382,0.0016838908195495605,-1.1166741387569346e-05,0.02494322508573532,0.0039953854866325855,0.004008787218481302,5.293533376971027e-06,7.554976036772132e-06,,,,,3.892845747199849,,1320,0.45
11.458333333322912,retreat,11.458333930931985,17.206558648921387,17.304053157567978,-0.5879402160644531,0.002435181158944033,3.8557469689956134,0.059083005908178166,0.12511451142200766,1.0130183696746826,0.061263877898454666,7.542258262634277,-0.03857536648865789,75,0.8537946939468384,0.11108256876468658,0.21859970688819885,0.03713897988200188,-0.0359507639950607,-17.572561236413673,-0.12491939961910248,-0.033109039068222046,-1.0047413110733032,0.0004701806465163827,-0.06125689670443535,-0.0007962452946230769,0.0007134199840947986,0.033640798181295395,-0.00021999790624249727,0.999433696269989,-0.0009587431559339166,0.0005345834069885314,0.0005045856232754886,0.07027498632669449,0.5939388871192932,-0.020824864506721497,-0.4761088490486145,0.583864688873291,0.49711719155311584,-1.9498859643936157,-0.38853511214256287,2.3661205768585205,1.037514328956604,0.0005415710620582104,-0.0002215448475908488,-0.0011567709734663367,-0.0020576221868395805,-0.0006517691654153168,0.0010897082975134254,0.0005352171137928963,0.6015822291374207,-1.88975827768445e-05,0.09001638740301132,-0.000232218430028297,0.9994090795516968,3.113120692432858e-05,-0.034370772540569305,5.542696453630924e-05,-6.3620536820963025e-06,0.032393161207437515,-0.0007305629551410675,-0.0007443617796525359,0.9999994039535522,1.3348609172680881e-05,-0.089129239320755,-0.008158217184245586,-0.8490905165672302,-0.002399515826255083,-0.11100613325834274,-0.0033494129311293364,-0.03058570995926857,0.007758951745927334,0.8532112240791321,-0.0033495237585157156,0.09817530959844589,0.003632450243458152,0.0016810894012451172,-1.2193667316751089e-05,0.024943411350250244,0.003995381761342287,0.004008919931948185,5.379870799515629e-06,7.686612661927938e-06,,,,,3.892845747199849,,1320,0.4583333333333333
11.466666666656238,retreat,11.466667264699936,17.198785895073936,17.303334176540375,-0.5873441696166992,0.002704379767237697,3.8602135608108528,0.05393466926761903,0.11869404022070311,0.724314272403717,0.05611126124858856,7.397563457489014,-0.03916525383829139,75,0.583378255367279,0.02285717986524105,0.18532812595367432,0.032552625983953476,-0.033953105099499226,-17.572152831225957,0.15628351271152496,-0.02431647479534149,0.7068347334861755,0.0006677082856185734,-0.05610102042555809,-0.0008386723347939551,0.0007091064471751451,0.03367979824542999,-0.0002098653494613245,0.999432384967804,0.0009694430627860129,0.000440601899754256,0.0011666237842291594,0.068628691136837,0.5934849977493286,0.02580621838569641,-0.4761081635951996,0.5838599801063538,0.49711430072784424,-1.9498916864395142,-0.38854163885116577,2.3661508560180664,1.0375181436538696,-0.00014383676170837134,-0.0008888390730135143,-0.0002123861195286736,-0.0009045054321177304,-0.0016561738448217511,0.006578613538295031,0.0014995726523920894,0.601587176322937,-1.87685654964298e-05,0.09001842141151428,-0.00023228852660395205,0.999409556388855,3.149519761791453e-05,-0.034356698393821716,5.026417784392834e-05,-6.498095899587497e-06,0.03239477425813675,-0.0006774538778699934,-0.0007407766534015536,0.999999463558197,3.008929297720897e-06,0.020295865833759308,-0.03466646000742912,0.581993579864502,0.008582053706049919,-0.021068841218948364,0.0022142608650028706,-0.01972084864974022,0.03493702411651611,-0.5819973945617676,0.0034159747883677483,0.02397294156253338,-0.0024451520293951035,0.0016829967498779297,-1.1681439900712576e-05,0.024943280965089798,0.003995381295681,0.004009012132883072,5.3497537919611204e-06,7.641705451533198e-06,,,,,3.892845747199849,,1320,0.4666666666666667
11.474999999989564,retreat,11.475000598467886,17.190719956737595,17.30373278260231,-0.5879402160644531,0.00245760747930035,3.8569656426068972,0.05731481360271573,0.13122122080831475,0.6002623438835144,0.0621086023747921,7.65089225769043,-0.0385753701266367,76,0.49000275135040283,0.09341590106487274,0.1512795090675354,0.03026014193892479,-0.03534790893900208,-17.57232559972708,-0.14466959238052368,-0.0086459219455719,-0.5825039148330688,0.00031901703914627433,-0.062102753669023514,-0.0007903689402155578,0.0007040765485726297,0.03365134075284004,-0.00022241845726966858,0.9994333386421204,-0.0004308518546167761,0.0005325016682036221,0.0006413984810933471,0.07536616176366806,0.5888770222663879,0.02136589214205742,-0.4761091470718384,0.5838556289672852,0.4971123933792114,-1.9499015808105469,-0.3885415494441986,2.3661508560180664,1.0375181436538696,0.0002042067499132827,-0.0005220681196078658,-0.0007321900338865817,-0.001774623873643577,-0.0002781281073112041,0.0011174821993336082,0.00026066938880831003,0.6015833616256714,-2.00672002392821e-05,0.09001713991165161,-0.0002309794072061777,0.9994094371795654,3.1246021535480395e-05,-0.03435961529612541,5.360366776585579e-05,-7.63444768381305e-06,0.032393667846918106,-0.0007088492857292295,-0.0007350211380980909,0.9999993443489075,1.6681298802723177e-05,-0.007711322046816349,0.0015047545311972499,-0.48993974924087524,-0.001601284951902926,-0.09335768967866898,-0.0028823427855968475,0.02595537155866623,-0.0017305017681792378,0.48931190371513367,-0.00119070615619421,0.09226851910352707,0.0030136581044644117,0.0016816258430480957,-1.229927693202626e-05,0.024943381547927856,0.003995382227003574,0.0040091355331242085,5.366260211303597e-06,7.666589226573706e-06,,,,,3.892845747199849,,1320,0.475
11.48333333332289,retreat,11.483333932235837,17.182361711710232,17.30344220995903,-0.5876421928405762,0.0027660507839755155,3.8580824224276262,0.052283321565482765,0.13705609666978325,0.31704044342041016,0.057601794600486755,7.4730224609375,-0.03916525383829139,75,0.24113161861896515,0.033194590359926224,0.10474419593811035,0.02258756011724472,-0.03464069720939733,-17.572112680254598,0.07707225531339645,0.033055588603019714,0.30574798583984375,-2.6273508410668e-05,-0.05759747698903084,-0.0007048040861263871,0.0007059647468850017,0.03366105258464813,-0.00021777773508802056,0.9994329810142517,0.0004449952975846827,0.0005911281332373619,0.001017585746012628,0.06221619248390198,0.5942214131355286,-0.008998274803161621,-0.47610917687416077,0.5838504433631897,0.49711155891418457,-1.9499026536941528,-0.38854068517684937,2.3661718368530273,1.0375181436538696,-0.00018876531976275146,-0.0008016426581889391,-9.676902845967561e-05,-0.001395501778461039,-0.00042542311712168157,0.005283889826387167,0.0007242743158712983,0.6015883088111877,-1.9831386453006417e-05,0.09002077579498291,-0.00023239399888552725,0.9994097948074341,3.069230660912581e-05,-0.034348003566265106,4.8442743718624115e-05,-7.612979970872402e-06,0.03239733353257179,-0.0006875142571516335,-0.0007365685305558145,0.9999992847442627,1.0669039511412848e-05,0.019016752019524574,0.012629167176783085,0.2400485873222351,0.0033037003595381975,-0.03298979625105858,0.0016247241292148829,0.0024917982518672943,-0.012516696006059647,-0.24079367518424988,0.005004821810871363,0.0357266329228878,-0.0019556712359189987,0.0016821026802062988,-1.2070888260495849e-05,0.024943344295024872,0.003995387814939022,0.004009273834526539,5.302379577187821e-06,7.572525646537542e-06,,,,,3.892845747199849,,1320,0.48333333333333334
11.491666666656215,retreat,11.491667266003788,17.17371203778972,17.304939776659012,-0.5878806114196777,0.002513710569473915,3.8548327113332492,0.061041668232064694,0.12511451142200766,0.6128498315811157,0.059200137853622437,7.421422958374023,-0.0385753701266367,75,0.5296145677566528,0.08301549404859543,0.11092057824134827,0.01615884155035019,-0.03593477950198576,-17.57338428416172,-0.05925565958023071,0.02060745656490326,-0.6096302270889282,-3.0028531909920275e-06,-0.05919584259390831,-0.0007130546728149056,0.0007063752855174243,0.03363262116909027,-0.00021994845883455127,0.9994339942932129,-0.0009792633354663849,0.0006631484138779342,0.0006223405944183469,0.05921677500009537,0.6071111559867859,-0.008389288559556007,-0.47610601782798767,0.5838497281074524,0.497105211019516,-1.9499212503433228,-0.388535737991333,2.3661720752716064,1.0375181436538696,0.00038417382165789604,-0.00027311936719343066,-0.0008873637416400015,-0.0021430915221571922,5.576831244979985e-05,0.0028407638892531395,0.00023143486760091037,0.6015794277191162,-1.946549309650436e-05,0.09001372754573822,-0.0002325853129150346,0.9994094967842102,3.0241637432482094e-05,-0.0343577079474926,5.731265991926193e-05,-6.983587809372693e-06,0.03239119425415993,-0.0007256735116243362,-0.00073644780786708,0.9999994039535522,1.2651671568164602e-05,-0.052687473595142365,0.02585865929722786,-0.5263524651527405,-0.004830868914723396,-0.08285195380449295,-0.0019465716322883964,-0.016414742916822433,-0.02610628679394722,0.5287159085273743,-0.0009659405332058668,0.07526979595422745,0.002053706906735897,0.0016806721687316895,-1.2179061741335317e-05,0.024943441152572632,0.003995397128164768,0.004009384196251631,5.319777301338036e-06,7.5989519245922565e-06,,,,,3.892845747199849,,1320,0.49166666666666664
11.49999999998954,retreat,11.500000599771738,17.16477181277393,17.301873862743378,-0.5868077278137207,0.003111915248155128,3.8608729608375465,0.05198737926548347,0.11869404022070311,0.8247004747390747,0.05559666082262993,7.381969451904297,-0.03916525383829139,78,0.6745136380195618,0.029036378487944603,0.18648213148117065,0.025065088644623756,-0.031815382186323404,-17.57073836739861,0.1628274917602539,-0.03171966224908829,0.8078440427780151,0.0007940917275846004,-0.05558417737483978,-0.0008702898630872369,0.0007051597349345684,0.033685434609651566,-0.000213991166674532,0.9994322061538696,0.0016177860088646412,-0.0019087012624368072,0.001179549959488213,0.10844794660806656,0.5663429498672485,0.10239851474761963,-0.47611016035079956,0.5838409066200256,0.4971091151237488,-1.94992196559906,-0.3885427713394165,2.3662052154541016,1.0375245809555054,-0.0004452246648725122,-0.0010745731415227056,0.00029867529519833624,-0.0005955626256763935,-0.0015967125073075294,0.006306300405412912,0.0014722616178914905,0.6015885472297668,-1.8846465536626056e-05,0.09002119302749634,-0.00023376733588520437,0.9994102120399475,2.88179908238817e-05,-0.034337129443883896,4.8253219574689865e-05,-6.881542503833771e-06,0.03239615261554718,-0.0006522389594465494,-0.0007340697920881212,0.999999463558197,5.412905011326075e-06,0.012297325767576694,-0.027005169540643692,0.6738606095314026,0.002973687369376421,-0.028857344761490822,0.0012337444350123405,-0.03398240730166435,0.027319608256220818,-0.6731029152870178,-0.0010068914853036404,0.030601898208260536,-0.0011543402215465903,0.0016832947731018066,-1.1881164027727209e-05,0.024943266063928604,0.003995395731180906,0.004008186049759388,5.081392373540439e-06,7.2561088018119335e-06,,,,,3.892845747199849,,1320,0.5
11.508333333322867,retreat,11.508333933539689,17.155541914460734,17.304708808660507,-0.5875825881958008,0.0025148001441266388,3.8527494268771134,0.06432320515159518,0.11869404022070311,1.220078468322754,0.059924960136413574,7.4215006828308105,-0.03791994458879344,75,1.041566252708435,0.11099398881196976,0.2379411906003952,0.0354507714509964,-0.035724787376238964,-17.5730084582861,-0.12550371885299683,-0.0061036646366119385,-1.2135909795761108,0.0002065180888166651,-0.05991985648870468,-0.0007543067331425846,0.00070399628020823,0.03361428529024124,-0.0002346717519685626,0.9994346499443054,-0.0013661510311067104,-0.0016292767832055688,0.00029964378336444497,0.11279074102640152,0.6030591130256653,0.09453648328781128,-0.4761078357696533,0.5838385820388794,0.49710333347320557,-1.949936866760254,-0.3885420560836792,2.3661818504333496,1.0375245809555054,0.00079037417890504,1.568586958455853e-05,-0.0015102881006896496,-0.0021729981526732445,-7.526595436502248e-05,0.0009670661529526114,0.00010504462261451408,0.6015763878822327,-2.080888589262031e-05,0.09001430124044418,-0.00022935873130336404,0.9994096159934998,2.9252110834931955e-05,-0.03435551002621651,6.05238601565361e-05,-8.534600056009367e-06,0.03239131346344948,-0.0007418160676024854,-0.0007324671023525298,0.999999463558197,3.0472423532046378e-05,-0.1086614578962326,0.010104463435709476,-1.035833477973938,-0.0027512116357684135,-0.11092149466276169,-0.0029188029002398252,-0.0372733399271965,-0.010585310868918896,1.0408451557159424,-0.0011009231675416231,0.09528525173664093,0.003044766141101718,0.0016797780990600586,-1.2910169971291907e-05,0.024943500757217407,0.003995395265519619,0.004008281975984573,5.0853304855991155e-06,7.2641996666789055e-06,,,,,3.892845747199849,,1320,0.5083333333333333
11.516666666656192,retreat,11.51666726730764,17.146023220648,17.302030324935913,-0.5871057510375977,0.00282484688796103,3.8606700804990566,0.051034687203355134,0.13122122080831475,1.0565061569213867,0.05218827351927757,7.205730438232422,-0.038509828300448135,75,0.8322799205780029,0.012865150347352028,0.27918627858161926,0.0472344309091568,-0.03180458606220782,-17.570880722744793,0.30666041374206543,0.053371861577034,1.0096118450164795,-0.0001181588668259792,-0.05218372121453285,-0.0006789715844206512,0.0006922694738022983,0.03368357568979263,-0.0002184634213335812,0.9994322061538696,0.001942866831086576,-0.00014137104153633118,0.0014725939836353064,0.02158873900771141,0.5817409753799438,0.11320482939481735,-0.4761090576648712,0.5838331580162048,0.49710431694984436,-1.9499390125274658,-0.38854798674583435,2.366234540939331,1.0375266075134277,-0.00022901124611962587,-0.000726383994333446,0.0002005405112868175,-0.00027033433434553444,-0.0012308459263294935,0.00902256928384304,0.0013647479936480522,0.6015885472297668,-1.895341119961813e-05,0.09002067893743515,-0.00023299420718103647,0.9994105100631714,3.0401210096897557e-05,-0.03432769328355789,4.731956869363785e-05,-6.755057256668806e-06,0.032395802438259125,-0.0006446504266932607,-0.0007225959561765194,0.9999993443489075,1.0261375791742466e-05,-0.04258941859006882,0.01667739264667034,0.8310222029685974,0.00441040750592947,-0.011755199171602726,0.002806368051096797,-0.0995088517665863,-0.016295382753014565,-0.8261491656303406,0.006616490893065929,0.005564965307712555,-0.0032649722415953875,0.0016832351684570312,-1.2082875400665216e-05,0.024943266063928604,0.003995394799858332,0.004008339252322912,5.283786776999477e-06,7.545051630586386e-06,,,,,3.892845747199849,,1320,0.5166666666666666
11.524999999989518,retreat,11.52500060107559,17.1362166091336,17.304541170597076,-0.587761402130127,0.0020779489204869606,3.8536133642187473,0.0638351048110053,0.12511451142200766,1.1950123310089111,0.06147834658622742,7.50419807434082,-0.03791994458879344,75,0.9965797662734985,0.1253332495689392,0.27834102511405945,0.05299633741378784,-0.0348601259465795,-17.57290089277714,-0.20077691972255707,-0.017595291137695312,-1.1778937578201294,0.00041526881977915764,-0.06147141009569168,-0.0008248720550909638,0.0006936744903214276,0.033622100949287415,-0.00022366203484125435,0.9994343519210815,-0.0011572574730962515,0.0008786565158516169,0.0004784389748238027,0.07175558060407639,0.590939998626709,-0.03178144246339798,-0.4761064946651459,0.5838328003883362,0.49709954857826233,-1.9499499797821045,-0.38854533433914185,2.3662033081054688,1.0375266075134277,0.0008010010351426899,0.0001670566271059215,-0.0013315319083631039,-0.0017078683013096452,3.9147803363448475e-06,-0.0003892569802701473,4.0965282096294686e-05,0.6015762090682983,-2.0564231817843392e-05,0.09001386910676956,-0.0002287932875333354,0.9994097948074341,3.0368453735718504e-05,-0.03434878587722778,6.004702299833298e-05,-7.892344001447782e-06,0.03239072114229202,-0.0007272613001987338,-0.0007236268138512969,0.9999994039535522,1.971596975636203e-05,-0.076680988073349,0.011189787648618221,-0.9935622811317444,-0.008771217428147793,-0.12496228516101837,-0.003989558666944504,-0.008284464478492737,-0.01164794247597456,0.9964774250984192,-0.006876870058476925,0.11394210159778595,0.004524317570030689,0.001680135726928711,-1.2342916306806728e-05,0.024943474680185318,0.0039953915402293205,0.004008424002677202,5.344927558326162e-06,7.638940587639809e-06,,,,,3.892845747199849,,1320,0.525
11.533333333322844,retreat,11.53333393484354,17.12612295771541,17.301788181066513,-0.5867481231689453,0.002990531356772408,3.860517913258914,0.05415840132627636,0.13122122080831475,1.0355411767959595,0.05276499688625336,7.264564514160156,-0.03916525383829139,77,0.8163760304450989,0.009468157775700092,0.27931761741638184,0.04967249184846878,-0.031414058757945895,-17.57062799825264,0.2823807895183563,0.030515402555465698,0.9958291053771973,0.00015408470062538981,-0.05275958031415939,-0.0007402373012155294,0.0007012744317762554,0.03368223458528519,-0.00021154404385015368,0.9994322657585144,0.002011952456086874,0.000653108349069953,0.0013680891133844852,0.07578346133232117,0.5746150612831116,0.04295942932367325,-0.47610801458358765,0.5838286280632019,0.4971018433570862,-1.9499499797821045,-0.3885515630245209,2.366241693496704,1.0375336408615112,-0.00019112187146674842,-0.000636394543107599,0.0002410678716842085,5.83660184929613e-05,-0.0013473000144585967,0.008184648118913174,0.0014693334233015776,0.6015856266021729,-1.898988921311684e-05,0.09001920372247696,-0.0002310151612618938,0.9994105100631714,2.906389272538945e-05,-0.034327682107686996,5.047186277806759e-05,-7.083184755174443e-06,0.03239387646317482,-0.0006459837313741446,-0.0007304306491278112,0.9999993443489075,5.5873092605907004e-06,-0.017208581790328026,0.001636207103729248,0.8161929845809937,0.006327759940177202,-0.006238845176994801,0.0032683764584362507,-0.0731709823012352,-0.0012622303329408169,-0.8130893111228943,0.006330012809485197,0.0037135793827474117,-0.003709786105901003,0.0016831755638122559,-1.1752221325878054e-05,0.024943269789218903,0.0039953854866325855,0.004008608404546976,5.3844469221076e-06,7.68891186453402e-06,,,,,3.892845747199849,,1320,0.5333333333333333
11.54166666665617,retreat,11.54166726861149,17.115743144191292,17.30356141924858,-0.5871057510375977,0.002497608875273727,3.8543246968441998,0.05802053419756703,0.11190581936148891,1.153639316558838,0.05960772559046745,7.411413192749023,-0.03791994458879344,75,0.9796099662780762,0.12257347255945206,0.24864937365055084,0.04558604955673218,-0.03455214321729727,-17.57197060280306,-0.12538409233093262,-0.022913694381713867,-1.1465764045715332,0.00046969650429673493,-0.05960015580058098,-0.0008257980807684362,0.0006960046011954546,0.03362808749079704,-0.0002227563236374408,0.9994341731071472,-0.0006050010561011732,0.00042062433203682303,0.00048296223394572735,0.0641273483633995,0.5828202962875366,0.026503097265958786,-0.47610628604888916,0.5838286280632019,0.4970994293689728,-1.9499499797821045,-0.3885514736175537,2.3662257194519043,1.0375336408615112,0.0009175437735393643,0.0003193784214090556,-0.0013854886638000607,-0.0011775953462347388,-0.0002747771213762462,0.0003254343173466623,0.00019314690143801272,0.6015819907188416,-2.0236413547536358e-05,0.09001778066158295,-0.00022848443768452853,0.9994103312492371,2.9076436476316303e-05,-0.03433573991060257,5.4288655519485474e-05,-8.000377420103177e-06,0.03239400312304497,-0.0007082191877998412,-0.000724684214219451,0.9999995231628418,1.9146860722685233e-05,-0.12194981426000595,0.006640878971666098,-0.9719669818878174,-0.006809481419622898,-0.12231601029634476,-0.004084138665348291,-0.05495491623878479,-0.007091828156262636,0.9780414700508118,-0.005568257998675108,0.10474897921085358,0.0045239743776619434,0.0016804337501525879,-1.2301779861445539e-05,0.024943456053733826,0.0039953794330358505,0.004008713643997908,5.296643394103739e-06,7.569818990305066e-06,,,,,3.892845747199849,,1320,0.5416666666666666
11.549999999989495,retreat,11.550000602379441,17.10507804635912,17.30392649769783,-0.5872845649719238,0.002726656020968221,3.857879395560829,0.0521133333677426,0.11869404022070311,0.5672103762626648,0.056162212044000626,7.408760070800781,-0.038509828300448135,76,0.4452202022075653,0.021215518936514854,0.1637304276227951,0.030886080116033554,-0.03392309136688709,-17.572582850912127,0.1117643192410469,0.04079912602901459,0.5545915365219116,2.7753103495342657e-06,-0.05615747720003128,-0.0007292323862202466,0.0006986798252910376,0.03365922346711159,-0.0002157171256840229,0.9994331002235413,0.0007752705132588744,0.0006654019234701991,0.0010497793555259705,0.05571087449789047,0.5979775786399841,-0.017311222851276398,-0.4761020839214325,0.5838286280632019,0.4970947504043579,-1.9499499797821045,-0.3885525166988373,2.3662500381469727,1.0375336408615112,0.0001627615129109472,-0.00025187578285112977,-0.00020684589981101453,-0.00040044603520072997,-0.0006337839877232909,0.005692783743143082,0.0009460461442358792,0.6015871167182922,-1.9445531506789848e-05,0.09001890569925308,-0.00023003475507721305,0.9994106292724609,2.9301660106284544e-05,-0.034324489533901215,4.836916923522949e-05,-7.338192517636344e-06,0.03239584341645241,-0.0006658114725723863,-0.0007278870907612145,0.999999463558197,1.0653007848304696e-05,0.037253476679325104,0.013693883083760738,0.4434475004673004,0.004017783794552088,-0.020679844543337822,0.0025099250487983227,0.0067419856786727905,-0.013488112017512321,-0.44496482610702515,0.005811961367726326,0.026041897013783455,-0.0029026586562395096,0.001681983470916748,-1.1955593436141498e-05,0.02494335174560547,0.0039953747764229774,0.00400882912799716,5.298611995385727e-06,7.563299732282758e-06,,,,,3.892845747199849,,1320,0.55
11.558333333322821,retreat,11.558333936147392,17.09412854201677,17.30407550930977,-0.5876421928405762,0.002561805558798369,3.8560008910453925,0.05197120481170714,0.11869404022070311,0.5162833333015442,0.06133558601140976,7.580887794494629,-0.038509828300448135,75,0.4213438630104065,0.08429230004549026,0.12871283292770386,0.027324944734573364,-0.034049527341267094,-17.572601244178806,-0.16332146525382996,-0.0069528669118881226,-0.48972055315971375,0.0004498814232647419,-0.06132799759507179,-0.0008534754742868245,0.0007051022839732468,0.033643074333667755,-0.00021546383504755795,0.9994336366653442,-0.00041394695290364325,0.0005821008235216141,0.000656306161545217,0.06636802852153778,0.5818200707435608,0.022587068378925323,-0.47609996795654297,0.5838286280632019,0.49709266424179077,-1.9499499797821045,-0.3885514736175537,2.3662500381469727,1.0375336408615112,0.00034086807863786817,-0.00010910184937529266,-0.0005325323436409235,-0.0011249816743656993,-8.537107351003215e-05,0.00043835039832629263,0.0002899871615227312,0.6015868782997131,-1.932475424837321e-05,0.09001845866441727,-0.00022989831632003188,0.9994106888771057,2.9192466172389686e-05,-0.034324824810028076,4.825182259082794e-05,-7.061309588607401e-06,0.03239556774497032,-0.0006823022849857807,-0.0007341991877183318,0.999999463558197,1.0753467904578429e-05,0.029258091002702713,0.007931724190711975,-0.4202519357204437,-0.005426872055977583,-0.08407244831323624,-0.0027501778677105904,0.058022640645504,-0.008121825754642487,0.41725054383277893,-0.00408890750259161,0.08831794559955597,0.003078965935856104,0.001681208610534668,-1.1953180546697695e-05,0.024943403899669647,0.003995372913777828,0.004008924122899771,5.339844847185304e-06,7.628288585692644e-06,,,,,3.892845747199849,,1320,0.5583333333333333
11.566666666656147,retreat,11.566667269915342,17.082895508962107,17.30438470840454,-0.5878806114196777,0.002630368726386223,3.8570671813866757,0.05468056406243704,0.12511451142200766,0.20483511686325073,0.05988146364688873,7.535499572753906,-0.038509828300448135,75,0.18392905592918396,0.031020717695355415,0.054598044604063034,0.011489387601613998,-0.03374542033998296,-17.57298458584037,-0.08105603605508804,-0.01227627694606781,0.18771423399448395,0.0006481737946160138,-0.0598711296916008,-0.0009040698641911149,0.0007061611977405846,0.03365223854780197,-0.00020940655667800456,0.9994332790374756,-5.84357840125449e-05,0.0005349324783310294,0.0009160313638858497,0.061415545642375946,0.5895452499389648,0.020382221788167953,-0.47609996795654297,0.5838286280632019,0.49708986282348633,-1.9499555826187134,-0.38854992389678955,2.3662500381469727,1.0375336408615112,-0.00012587686069309711,-0.0006233350140973926,-2.4037699404289015e-05,-0.0011964843142777681,-0.00046318539534695446,0.0022554395254701376,0.0007726364419795573,0.6015840172767639,-2.0348899852251634e-05,0.0900159701704979,-0.00022988070850260556,0.9994105696678162,2.7988979127258062e-05,-0.03432807698845863,5.092937499284744e-05,-8.153489034157246e-06,0.032393209636211395,-0.0006763881538063288,-0.0007342696189880371,0.9999994039535522,4.715250724984799e-06,0.12305882573127747,-0.01573011465370655,0.13579022884368896,0.003108399920165539,-0.030850837007164955,0.0009212296572513878,0.11345081776380539,0.015801070258021355,-0.14390669763088226,0.0007699462585151196,0.04862199351191521,-0.000953858660068363,0.0016816258430480957,-1.1652589819277637e-05,0.024943377822637558,0.00399537431076169,0.004009084776043892,5.333913577487692e-06,7.615657523274422e-06,,,,,3.892845747199849,,1320,0.5666666666666667
11.574999999989473,retreat,11.575000603683293,17.071379824993006,17.302637547254562,-0.5870461463928223,0.002820200279529672,3.856711783979462,0.05302185672917403,0.11869404022070311,0.07358697801828384,0.059195369482040405,7.507115364074707,-0.03916525383829139,75,0.07722862809896469,0.05106477439403534,0.010602653957903385,0.0020168002229183912,-0.03282139852672117,-17.571212712785986,-0.05314227566123009,0.020810648798942566,-0.04645276069641113,0.00016082773800008,-0.05919007956981659,-0.0007748855277895927,0.0007025301456451416,0.03364916890859604,-0.0002138864656444639,0.9994333982467651,0.0003694974002428353,0.0005199049483053386,0.0009436136460863054,0.06468898057937622,0.5663012862205505,-0.0003649536520242691,-0.4761056900024414,0.5838172435760498,0.4970955550670624,-1.9499555826187134,-0.38854968547821045,2.3662500381469727,1.0375336408615112,-0.00035212328657507896,-0.0007853842689655721,0.0002972927177324891,-0.0013673006324097514,-0.00021938954887446016,0.002389018889516592,0.0005718220490962267,0.6015868186950684,-2.1443545847432688e-05,0.09002283215522766,-0.00022872694535180926,0.9994107484817505,2.745083111221902e-05,-0.034322381019592285,4.8948684707283974e-05,-9.509276424068958e-06,0.032398443669080734,-0.0006737615331076086,-0.000729904742911458,0.999999463558197,1.0199745702266227e-05,0.04898174852132797,0.01395117025822401,-0.05805526301264763,-0.0005575836985372007,-0.05104910582304001,-0.001135283033363521,0.05284973233938217,-0.013974141329526901,0.05455170199275017,0.0015296353958547115,0.05812788009643555,0.0010604553390294313,0.001681506633758545,-1.1870241905853618e-05,0.024943388998508453,0.003995378036051989,0.00400920957326889,5.307986612024251e-06,7.576425559818745e-06,,,,,3.892845747199849,,1320,0.575
11.583333333322798,retreat,11.583333937451243,17.059582367907336,17.30555072426796,-0.5878210067749023,0.002475563633197453,3.8498004190385915,0.06079490776755847,0.11869404022070311,0.9063214063644409,0.056355539709329605,7.264425277709961,-0.03791994458879344,75,0.8131247162818909,0.07362672686576843,0.10406917333602905,0.004028536379337311,-0.037129901349544525,-17.573645318709122,0.024071581661701202,0.08130611479282379,-0.9023460149765015,-0.000727393024135381,-0.05634814128279686,-0.0005518567049875855,0.0007113621104508638,0.03358903527259827,-0.0002184674667660147,0.9994354248046875,-0.001475260709412396,0.0009116246365010738,0.0005143097369000316,0.047824498265981674,0.6290712356567383,-0.016510723158717155,-0.47610220313072205,0.5838165879249573,0.4970884919166565,-1.9499759674072266,-0.3885416090488434,2.366255521774292,1.0375336408615112,0.000641695864032954,0.00018630080739967525,-0.0009843340376392007,-0.002471189945936203,0.00046770041808485985,0.004173264838755131,0.00027180949109606445,0.6015781164169312,-2.025670255534351e-05,0.09001532196998596,-0.00023068043810781091,0.9994105100631714,2.5915280275512487e-05,-0.034330613911151886,5.707563832402229e-05,-7.849848771002144e-06,0.03239332512021065,-0.0007421667105518281,-0.0007370903622359037,0.999999463558197,1.3078731171844993e-05,-0.12027126550674438,0.06640519946813583,-0.801434338092804,-0.004885305650532246,-0.0734640434384346,-0.00024972291430458426,-0.06499033421278,-0.0667814314365387,0.8077675700187683,0.0047058165073394775,0.05613505840301514,-4.4672051444649696e-05,0.001678466796875,-1.2111904652556404e-05,0.02494359016418457,0.003995385952293873,0.00400932040065527,5.304320438881405e-06,7.57299130782485e-06,,,,,3.892845747199849,,1320,0.5833333333333334
11.591666666656124,retreat,11.591667271219194,17.047504015502966,17.3025481402874,-0.5864500999450684,0.003032791028090287,3.8582346855771985,0.05358190173865296,0.11869404022070311,0.8661455512046814,0.052367229014635086,7.183259963989258,-0.03916525383829139,75,0.6823492050170898,0.03214967995882034,0.21697023510932922,0.028130941092967987,-0.031760182697325945,-17.571229197904934,0.2529086768627167,-0.02757604420185089,0.8279401063919067,0.0007990659214556217,-0.05235391855239868,-0.0008692193077877164,0.0007129586301743984,0.03366231545805931,-0.00019491673447191715,0.9994329214096069,0.0015071049565449357,0.00032072237809188664,0.0012800544500350952,0.05345570296049118,0.5796365141868591,0.0038741063326597214,-0.4761017858982086,0.5838165879249573,0.49709081649780273,-1.949977993965149,-0.38855090737342834,2.3662915229797363,1.0375453233718872,-0.00012214654998388141,-0.000598335696849972,0.0001491269504185766,-0.0003907712234649807,-0.0021312222816050053,0.007881028577685356,0.001996881328523159,0.6015854477882385,-1.705740942270495e-05,0.09001770615577698,-0.00023252620303537697,0.9994111061096191,2.4859335098881274e-05,-0.03431311994791031,4.995265044271946e-05,-5.0865601224359125e-06,0.032393116503953934,-0.0006513390690088272,-0.0007385221542790532,0.999999463558197,-1.229015651915688e-05,-0.05290442332625389,-0.019862817600369453,0.6800051331520081,-0.0011705069337040186,-0.03212068974971771,0.0007021467317827046,-0.0994192436337471,0.02017422765493393,-0.6747660636901855,-0.004076075740158558,0.024443961679935455,-0.0004135024209972471,0.0016821622848510742,-1.0940301763184834e-05,0.024943344295024872,0.003995396662503481,0.00400941539555788,5.2992863857070915e-06,7.567432476207614e-06,,,,,3.892845747199849,,1320,0.5916666666666667
11.59999999998945,retreat,11.600000604987144,17.03514564557777,17.30315163731575,-0.5872845649719238,0.0025324488888145424,3.855188281704477,0.054445004934677854,0.12511451142200766,0.8206034898757935,0.06014341115951538,7.454232215881348,-0.03733005723915994,75,0.681805431842804,0.1087992861866951,0.2005515694618225,0.04311371222138405,-0.0329364154022187,-17.571620868804246,-0.15668229758739471,-0.12015651166439056,-0.7964942455291748,0.001676551066339016,-0.06011012941598892,-0.0010915822349488735,0.0007083021337166429,0.033635687083005905,-0.00021590151300188154,0.9994338154792786,-0.00029979136888869107,-0.0014570577768608928,0.0005988896591588855,0.06763995438814163,0.5643908381462097,0.13069500029087067,-0.4761020839214325,0.5838165879249573,0.4970909357070923,-1.949977993965149,-0.38856035470962524,2.366284132003784,1.0375453233718872,0.0005680954782292247,-0.000225858369958587,-0.0011372886365279555,-0.0011030990863218904,-0.00175224500708282,-0.0003329684550408274,0.0011327093234285712,0.6015839576721191,-1.844747384893708e-05,0.09001713246107101,-0.00022866285871714354,0.9994109272956848,2.8251051844563335e-05,-0.03431591019034386,5.078944377601147e-05,-6.233585736481473e-06,0.03239307925105095,-0.000680776487570256,-0.0007364010671153665,0.9999994039535522,1.2497939678723924e-05,-0.043290670961141586,-0.06817380338907242,-0.6770058274269104,0.0007425025687552989,-0.10874895006418228,-0.003224562620744109,0.003245308995246887,0.06786256283521652,0.6784121990203857,-0.00887218862771988,0.10252723097801208,0.0038852014113217592,0.0016808509826660156,-1.1980175258941017e-05,0.024943426251411438,0.0039953929372131824,0.0040082065388560295,5.280302502796985e-06,7.544440450146794e-06,,,,,3.892845747199849,,1320,0.6
11.608333333322776,retreat,11.608333938755095,17.02250813592962,17.30358377099037,-0.5871057510375977,0.002472759661031887,3.8564579086665507,0.05273152419249527,0.11869404022070311,0.28771400451660156,0.05787442624568939,7.45195198059082,-0.038509828300448135,76,0.23198586702346802,0.0280532855540514,0.09951747953891754,0.021445732563734055,-0.03313136345241219,-17.57214128376298,-0.0049131568521261215,-0.006308048963546753,0.28760287165641785,0.0006266329437494278,-0.057863999158144,-0.0009021355072036386,0.0006928239017724991,0.033646855503320694,-0.0002237975422758609,0.9994334578514099,0.0004314222023822367,-0.0005807238630950451,0.0010462700156494975,0.04080077260732651,0.5824635624885559,0.11495879292488098,-0.4761020839214325,0.5838143825531006,0.49708670377731323,-1.949977993965149,-0.38856440782546997,2.3662912845611572,1.0375453233718872,-6.15048993495293e-05,-0.0007374758133664727,-0.0003007363120559603,-0.0009566806838847697,-0.0010133443865925074,0.0034018387086689472,0.0009720490779727697,0.601585865020752,-2.126293838955462e-05,0.09001830220222473,-0.00022661342518404126,0.9994111657142639,2.7920716092921793e-05,-0.03431151434779167,4.8890477046370506e-05,-9.120722097577527e-06,0.03239481523633003,-0.0006651981384493411,-0.0007202702690847218,0.999999463558197,2.1891291908104904e-05,0.08760413527488708,-0.02865925244987011,0.2128887176513672,0.011559109203517437,-0.025511624291539192,0.001590873347595334,0.07279624044895172,0.028761524707078934,-0.21838252246379852,0.0072926124557852745,0.03815826401114464,-0.0020793071016669273,0.0016813874244689941,-1.2349105418252293e-05,0.02494339644908905,0.003995391074568033,0.0040083336643874645,5.286931809678208e-06,7.547845598310232e-06,,,,,3.892845747199849,,1320,0.6083333333333333
11.616666666656101,retreat,11.616667272523046,17.009592364356383,17.303598672151566,-0.5872249603271484,0.0023858146960265003,3.853918237110719,0.05709001561626792,0.11190581936148891,0.4958046078681946,0.059983570128679276,7.529913425445557,-0.038509828300448135,76,0.42843592166900635,0.06811832636594772,0.0867491289973259,0.012863225303590298,-0.033481596532510594,-17.571979593184775,-0.11579292267560959,0.10763098299503326,-0.46992528438568115,-0.0008125848253257573,-0.05997507646679878,-0.000598791753873229,0.0006887196796014905,0.033624742180109024,-0.00023066812718752772,0.9994342923164368,-0.000368992768926546,0.001360459253191948,0.0007250278722494841,0.08466067165136337,0.5792893171310425,-0.05030488595366478,-0.47610387206077576,0.5838109254837036,0.49708837270736694,-1.949988842010498,-0.38855689764022827,2.3662912845611572,1.0375453233718872,-0.00011136730608996004,-0.00045370167936198413,7.942991942400113e-06,-0.001862408360466361,0.0009976393776014447,0.0018430434865877032,-0.0002544726594351232,0.6015813946723938,-1.9877425074810162e-05,0.09001632779836655,-0.00022877824085298926,0.9994109869003296,2.6316869480069727e-05,-0.03431577607989311,5.3372932597994804e-05,-7.505408575525507e-06,0.032392557710409164,-0.0006915867561474442,-0.0007143905386328697,0.9999995231628418,2.6404863092466258e-05,0.025308221578598022,0.07487522810697556,-0.4210825562477112,-0.004664842505007982,-0.06793860346078873,-0.0016406724462285638,0.05413391813635826,-0.07506527006626129,0.41832050681114197,0.006244436372071505,0.07161684334278107,0.0012521131429821253,0.0016802549362182617,-1.2684783541772049e-05,0.02494347095489502,0.00399538641795516,0.0040084789507091045,5.454275651572971e-06,7.790775271132588e-06,,,,,3.892845747199849,,1320,0.6166666666666667
11.624999999989427,retreat,11.625000606290996,16.99639920865593,17.302704602479935,-0.5862712860107422,0.0030173005143296905,3.8548327113332492,0.051167618948966265,0.12511451142200766,0.15656182169914246,0.05438892915844917,7.2183613777160645,-0.038509828300448135,76,0.06631245464086533,0.04159719496965408,0.09149201959371567,0.01870931126177311,-0.03256353730103001,-17.571149109982642,0.11651179194450378,-0.02724309265613556,0.1009674221277237,0.0007492100703530014,-0.05437666177749634,-0.0008791034924797714,0.0007088333950378001,0.033632852137088776,-0.00020918564405292273,0.9994339346885681,0.0005304493242874742,0.0005553317023441195,0.0010607547592371702,0.07194066047668457,0.572360634803772,0.03963136672973633,-0.47610795497894287,0.5838031768798828,0.4970928430557251,-1.949988842010498,-0.38855865597724915,2.366312265396118,1.0375453233718872,-8.858217188389972e-05,-0.0006430207868106663,-0.00011922740668524057,-0.0011921843979507685,-0.001026791869662702,0.00499929441139102,0.0011585872853174806,0.6015879511833191,-1.950925070559606e-05,0.0900227427482605,-0.00023007298295851797,0.9994114637374878,2.66927236225456e-05,-0.03430137038230896,4.722783342003822e-05,-7.683367584832013e-06,0.032398443669080734,-0.0006690645241178572,-0.0007356572896242142,0.9999994039535522,4.33344303019112e-06,-0.03891247883439064,-0.014609833247959614,0.051669273525476456,-0.0014466525753960013,-0.0415644533932209,0.0007937461487017572,-0.042364027351140976,0.014630806632339954,-0.048872992396354675,-0.0036043990403413773,0.03594044968485832,-0.0005323992227204144,0.0016806721687316895,-1.1645366612356156e-05,0.024943441152572632,0.003995381761342287,0.004008571617305279,5.414685801952146e-06,7.733120582997799e-06,,,,,3.892845747199849,,1320,0.625
11.633333333322753,retreat,11.633333940058947,16.982929546626135,17.305640131235123,-0.5875825881958008,0.0023460843294742517,3.8496986888816824,0.05917336966376752,0.13122122080831475,0.9409581422805786,0.057566411793231964,7.311679840087891,-0.03733005723915994,76,0.8298203945159912,0.08872794359922409,0.14434410631656647,0.01851946860551834,-0.0361568090156652,-17.573727651997746,-0.06267604976892471,0.01586604118347168,-0.9387343525886536,9.348687308374792e-05,-0.05756146460771561,-0.0007487034308724105,0.000701917102560401,0.033588115125894547,-0.00022289635671768337,0.9994354248046875,-0.001458803191781044,0.0006639637285843492,0.0005007466534152627,0.05130381137132645,0.6215027570724487,0.03999723494052887,-0.4761027991771698,0.5838028788566589,0.4970830976963043,-1.950007438659668,-0.3885556757450104,2.366312265396118,1.0375453233718872,0.0007714105886407197,0.00012965244241058826,-0.001340022892691195,-0.0022278004325926304,-0.00020309821411501616,0.0025417550932615995,0.0004199510731268674,0.6015787124633789,-1.9996616174466908e-05,0.09001483023166656,-0.0002290110569447279,0.9994111061096191,2.6436297048348933e-05,-0.03431166708469391,5.546282045543194e-05,-7.569709850940853e-06,0.03239293769001961,-0.0007241248385980725,-0.0007279675919562578,0.9999993443489075,1.8853375877370127e-05,-0.08756189793348312,0.022267041727900505,-0.8248872756958008,-0.003362684277817607,-0.08864225447177887,-0.001972685568034649,-0.030781708657741547,-0.0226491279900074,0.8289397358894348,-1.9276747480034828e-05,0.07603751122951508,0.0020139887928962708,0.001678466796875,-1.231732949236175e-05,0.02494359016418457,0.003995377570390701,0.004008697345852852,5.299949407344684e-06,7.5691204983741045e-06,,,,,3.892845747199849,,1320,0.6333333333333333
11.641666666656079,retreat,11.641667273826897,16.969184256064867,17.302440106868744,-0.5866885185241699,0.002901756488427054,3.8578286371771626,0.05039785537519492,0.12511451142200766,0.8973721861839294,0.05367150530219078,7.249754905700684,-0.038509828300448135,75,0.7173905372619629,0.02064431458711624,0.2230883538722992,0.029763009399175644,-0.030673383735120296,-17.571092930696288,0.17576481401920319,0.0014355480670928955,0.879989504814148,0.0005975543172098696,-0.053661126643419266,-0.0008700471371412277,0.000693807378411293,0.03365897759795189,-0.0002074729127343744,0.9994330406188965,0.0015377744566649199,0.00042934383964166045,0.0013116917107254267,0.05744639039039612,0.5685407519340515,-0.027524786069989204,-0.4761052131652832,0.5837974548339844,0.4970856308937073,-1.9500082731246948,-0.388562947511673,2.3663463592529297,1.0375535488128662,-0.00035566507722251117,-0.0008313379948958755,0.00036130697117187083,-0.0004632126947399229,-0.0016024126671254635,0.006720568519085646,0.0016033841529861093,0.6015872955322266,-1.905010503833182e-05,0.09002020210027695,-0.00023034615151118487,0.9994118213653564,2.4661076167831197e-05,-0.0342920757830143,4.667113535106182e-05,-7.087972335284576e-06,0.03239564597606659,-0.0006336181540973485,-0.0007186885341070592,0.9999994039535522,1.7591378309589345e-06,0.025158917531371117,-0.01052023284137249,0.7168720364570618,0.002510500606149435,-0.020434299483895302,0.0015246423427015543,-0.024037767201662064,0.010850714519619942,-0.7169055938720703,0.0008880856912583113,0.024036236107349396,-0.001578514464199543,0.001681983470916748,-1.1535405974427704e-05,0.024943355470895767,0.0039953733794391155,0.004008784890174866,5.296246854413766e-06,7.56292138248682e-06,,,,,3.892845747199849,,1320,0.6416666666666666
11.649999999989404,retreat,11.650000607594848,16.95516421477,17.304150015115738,-0.5872845649719238,0.0023843231247155927,3.8505633096750467,0.06259728979784995,0.13122122080831475,1.195428729057312,0.060479775071144104,7.48331356048584,-0.03791994458879344,76,1.01845383644104,0.10988641530275345,0.2405432164669037,0.042012929916381836,-0.03383878694148734,-17.57229765617109,-0.1952517032623291,-0.013811811804771423,-1.1792945861816406,0.0004145593848079443,-0.06047265976667404,-0.0008299383334815502,0.0007036791066639125,0.03359534218907356,-0.000220780391828157,0.9994352459907532,-0.0011959228431805968,0.0006015422404743731,0.00045419251546263695,0.06880534440279007,0.5828160047531128,-0.034374337643384933,-0.4761044681072235,0.5837951898574829,0.4970840811729431,-1.9500198364257812,-0.3885628581047058,2.3663156032562256,1.0375535488128662,0.0005682836635969579,-2.55913855653489e-05,-0.0010395310819149017,-0.0019433730049058795,-0.00017725616635289043,-0.00042225918150506914,0.0002632922842167318,0.6015755534172058,-2.02104783966206e-05,0.09001478552818298,-0.00022577110212296247,0.9994110465049744,2.604369365144521e-05,-0.03431184962391853,5.881837569177151e-05,-8.031340257730335e-06,0.03239117190241814,-0.0007170788012444973,-0.0007293010130524635,0.9999993443489075,2.0024330297019333e-05,-0.051993656903505325,0.007451341487467289,-1.0170985460281372,-0.004847041796892881,-0.1097295731306076,-0.0033093667589128017,0.017885025590658188,-0.007912022061645985,1.0182660818099976,-0.003546647261828184,0.10227653384208679,0.0036070935893803835,0.0016788244247436523,-1.221480306412559e-05,0.02494356781244278,0.003995370119810104,0.004008879419416189,5.36576908416464e-06,7.66851007938385e-06,,,,,3.892845747199849,,1320,0.65
11.65833333332273,retreat,11.658333941362798,16.9408703005394,17.30187013745308,-0.5860328674316406,0.002829572622431442,3.8563055754684052,0.0526721341884695,0.11190581936148891,0.7201147675514221,0.04971529543399811,7.011202335357666,-0.038509828300448135,75,0.5048573017120361,0.01582663506269455,0.25395068526268005,0.04911277815699577,-0.031053271959535778,-17.570417058010882,0.32307326793670654,0.014586105942726135,0.6434098482131958,0.0003809309855569154,-0.04970744252204895,-0.000797404267359525,0.0007011713460087776,0.033645808696746826,-0.00020480112289078534,0.9994335770606995,0.0016277218237519264,0.0004691626236308366,0.0012915730476379395,0.06884229928255081,0.572328507900238,0.0324493907392025,-0.47610536217689514,0.5837951898574829,0.49708619713783264,-1.9500199556350708,-0.3885706067085266,2.366358995437622,1.0375635623931885,3.0026516469661146e-05,-0.0004951906739734113,-0.00014732075214851648,-0.00031177085475064814,-0.0017089301254600286,0.008514801040291786,0.0016833855770528316,0.6015852689743042,-1.734293982735835e-05,0.09001833200454712,-0.0002291669079568237,0.9994118809700012,2.437835792079568e-05,-0.034289877861738205,4.903692752122879e-05,-5.385427357396111e-06,0.03239302337169647,-0.0006446020561270416,-0.0007258079713210464,0.9999995231628418,5.067418555881886e-07,-0.08817931264638901,-0.007298474200069904,0.49704328179359436,0.006988020613789558,-0.013907265849411488,0.0028701741248369217,-0.12203925848007202,0.0075196330435574055,-0.4898272454738617,0.005725555121898651,0.001145860180258751,-0.0032706009224057198,0.0016813278198242188,-1.141383017966291e-05,0.02494339644908905,0.003995370119810104,0.004009010270237923,5.308203071763273e-06,7.58003443479538e-06,,,,,3.892845747199849,,1320,0.6583333333333333
11.666666666656056,retreat,11.666667275130749,16.92630339117094,17.30334907770157,-0.5869269371032715,0.0023559332475997508,3.8530035461738255,0.055857857660157606,0.11190581936148891,0.9176804423332214,0.060128916054964066,7.476045608520508,-0.03733005723915994,76,0.7708454132080078,0.11279485374689102,0.21510030329227448,0.047456640750169754,-0.03298889409052208,-17.571666397128002,-0.1807752549648285,-0.08502768725156784,-0.8956718444824219,0.001318874186836183,-0.060105592012405396,-0.0010320247383788228,0.0007048325496725738,0.033616915345191956,-0.00021131157700438052,0.9994345903396606,-0.0004103254177607596,0.00026421574875712395,0.0005680899485014379,0.07953868806362152,0.5681959986686707,0.025430284440517426,-0.4761045277118683,0.5837951898574829,0.49708425998687744,-1.9500199556350708,-0.38857588171958923,2.3663432598114014,1.0375635623931885,0.0006569389952346683,-8.549638005206361e-05,-0.0012461569858714938,-0.0011128982296213508,-0.0011049716267734766,-0.0005567990592680871,0.0006173194851726294,0.6015817523002625,-1.9836905266856775e-05,0.09001678973436356,-0.00022480143525172025,0.9994116425514221,2.5759134587133303e-05,-0.03429733216762543,5.213241092860699e-05,-7.691269274801016e-06,0.032392777502536774,-0.0006809696205891669,-0.0007304726168513298,0.9999995231628418,1.155369227490155e-05,-0.04094443842768669,-0.04254329577088356,-0.7685806751251221,-0.0030499936547130346,-0.11267726123332977,-0.0041486723348498344,0.011839885264635086,0.04219656437635422,0.7695985436439514,-0.008899837732315063,0.10679978877305984,0.004815394524484873,0.0016798973083496094,-1.1744320545403752e-05,0.024943489581346512,0.003995373845100403,0.004009154159575701,5.408418019214878e-06,7.727445336058736e-06,,,,,3.892845747199849,,1320,0.6666666666666666
11.674999999989382,retreat,11.6750006088987,16.911464364462493,17.303140461444855,-0.586390495300293,0.002653015144460369,3.855442240494222,0.051740742492256686,0.13122122080831475,0.27910667657852173,0.05454524606466293,7.2033867835998535,-0.03791994458879344,76,0.18077124655246735,0.02444957196712494,0.13284972310066223,0.028867416083812714,-0.031534366455161944,-17.57162735152295,0.08088719844818115,0.05022604763507843,0.26236453652381897,5.5624266678933054e-05,-0.0545395091176033,-0.0007889464613981545,0.0006908532814122736,0.033638130873441696,-0.00021872998331673443,0.9994337558746338,0.000680502038449049,0.0006150410044938326,0.001057889312505722,0.06918344646692276,0.5698785185813904,0.010572448372840881,-0.4761045277118683,0.5837951898574829,0.4970826208591461,-1.9500199556350708,-0.3885776996612549,2.3663628101348877,1.0375635623931885,3.5427459806669503e-05,-0.0004562101967167109,-0.00022739137057214975,-0.0007392370025627315,-0.0004638418322429061,0.004750879015773535,0.0007253789808601141,0.601585865020752,-1.961042289622128e-05,0.09001794457435608,-0.0002264346112497151,0.9994118809700012,2.5843852199614048e-05,-0.03428791090846062,4.801829345524311e-05,-7.656009984202683e-06,0.03239395469427109,-0.0006503098411485553,-0.0007163959089666605,0.9999993443489075,1.6851650798344053e-05,0.028872428461909294,0.01482547540217638,0.17783372104167938,0.007169278338551521,-0.023261409252882004,0.0022999627981334925,0.016617147251963615,-0.014743365347385406,-0.17940111458301544,0.00913194939494133,0.027425594627857208,-0.0029193945229053497,0.0016809701919555664,-1.2092256838514004e-05,0.02494342252612114,0.0039953808300197124,0.004009283613413572,5.307955689204391e-06,7.580674719065428e-06,,,,,3.892845747199849,,1320,0.675
11.683333333322707,retreat,11.68333394266665,16.896354098211926,17.30346456170082,-0.5869269371032715,0.0025882636691676453,3.8538166154891633,0.05116011743666604,0.11869404022070311,0.542250394821167,0.05924132466316223,7.409058570861816,-0.03733005723915994,71,0.46852564811706543,0.07636518031358719,0.10319022089242935,0.021540910005569458,-0.03197157324757427,-17.57183841663655,-0.14801403880119324,0.012040019035339355,-0.5215193033218384,0.00034492049599066377,-0.059234194457530975,-0.0008519503171555698,0.0006975001888349652,0.033623676747083664,-0.00021538592409342527,0.9994342923164368,-0.00030403968412429094,0.0005350332939997315,0.0007373818079940975,0.06713338941335678,0.5615432858467102,-6.14775053691119e-05,-0.47610586881637573,0.5837951898574829,0.49708470702171326,-1.9500200748443604,-0.38857465982437134,2.3663628101348877,1.0375635623931885,0.00011341931531205773,-0.00034685430000536144,-0.00034997909097000957,-0.0013887594686821103,0.00015749029989819974,0.0006271301535889506,0.00011875550262629986,0.6015859246253967,-1.8727241695160046e-05,0.09001830220222473,-0.0002279312175232917,0.999411940574646,2.5071261916309595e-05,-0.03428811579942703,4.748394712805748e-05,-6.609239790122956e-06,0.032394688576459885,-0.0006649809656664729,-0.0007224236032925546,0.999999463558197,1.2215047718200367e-05,0.03066987544298172,0.01828269474208355,-0.4671631157398224,-0.005285017658025026,-0.07614374905824661,-0.0024163706693798304,0.06261584907770157,-0.01849270612001419,0.46395426988601685,-0.002477757167071104,0.08059538155794144,0.0026300204917788506,0.0016801953315734863,-1.1935830116271973e-05,0.02494347095489502,0.003995392471551895,0.004009393509477377,5.328480256139301e-06,7.609691238030791e-06,,,,,3.892845747199849,,1320,0.6833333333333333
11.691666666656033,retreat,11.6916672764346,16.880973470217114,17.304004728794098,-0.5872249603271484,0.002739737283263821,3.853765803675012,0.05735451850341633,0.11190581936148891,0.1019839495420456,0.05819469317793846,7.410024642944336,-0.03791994458879344,76,0.13050273060798645,0.03620413318276405,0.03527017682790756,0.00884662289172411,-0.03254904566711048,-17.572375050611,-0.07700912654399872,-0.03529807925224304,-0.05678349733352661,0.0009556276490911841,-0.05817861109972,-0.0009789475006982684,0.0007057950715534389,0.03362325206398964,-0.0002139278658432886,0.9994343519210815,-0.00023827838595025241,-0.002546087373048067,0.0007063334924168885,0.19476892054080963,0.5781223773956299,0.057315513491630554,-0.4761058986186981,0.5837942361831665,0.49708476662635803,-1.9500339031219482,-0.3885747492313385,2.3663628101348877,1.0375635623931885,-0.00011564488522708416,-0.0007162991096265614,-0.00021585248759947717,-0.0015170571859925985,-0.0005528770852833986,0.0020625656470656395,0.0007317669223994017,0.6015796065330505,-1.7183458112413064e-05,0.09001392126083374,-0.00022789031208958477,0.9994117021560669,2.7008194592781365e-05,-0.034294355660676956,5.363090895116329e-05,-5.225207132752985e-06,0.03239043429493904,-0.0006716531352140009,-0.0007326960330829024,0.9999995231628418,1.1154967978654895e-05,0.09227338433265686,-0.02393908053636551,-0.0891263484954834,0.002457358641549945,-0.036116328090429306,0.0005580012802965939,0.0981648862361908,0.023905066773295403,0.08260245621204376,-0.0010392270050942898,0.049451228231191635,-0.0004662290448322892,0.0016801953315734863,-1.1876900316565298e-05,0.024943474680185318,0.003995392005890608,0.004008168820291758,-2.7629430405795574e-06,-3.946825017919764e-06,,,,,3.892845747199849,,1320,0.6916666666666667
11.699999999989359,retreat,11.70000061020255,16.865323358275926,17.3013336956501,-0.5855560302734375,0.002741047865129076,3.854629513559856,0.05209706068853848,0.11190581936148891,0.12684914469718933,0.05451323837041855,7.208104133605957,-0.03857536648865789,76,0.0901571586728096,0.048832967877388,0.06815813481807709,0.01020319014787674,-0.03050647741474677,-17.56976407413386,0.07276622205972672,-0.10346230119466782,0.009556859731674194,0.0016944770468398929,-0.05447576195001602,-0.0011014865012839437,0.0007005771622061729,0.03363098204135895,-0.00021275451581459492,0.9994340538978577,0.0009900523582473397,-0.001557914656586945,0.0010644387220963836,0.07419940084218979,0.5431120991706848,0.12993119657039642,-0.4761110842227936,0.5837827920913696,0.4970898926258087,-1.9500339031219482,-0.38858574628829956,2.3663785457611084,1.0375677347183228,-9.584239160176367e-05,-0.0010025330120697618,-0.0005114436498843133,-0.0009017794509418309,-0.001996703213080764,0.003481570864096284,0.0013603833504021168,0.6015859842300415,-1.867163518909365e-05,0.0900217667222023,-0.0002247293305117637,0.9994121789932251,2.81544380413834e-05,-0.034280214458703995,4.837126471102238e-05,-6.919672159710899e-06,0.032395925372838974,-0.000649765192065388,-0.0007285685860551894,0.9999995231628418,1.2990622963116039e-05,-0.0254850834608078,-0.08110163360834122,-0.030022475868463516,0.007593492511659861,-0.048230625689029694,-0.000896850076969713,-0.02337135747075081,0.08108635246753693,0.031734731048345566,-0.004054175689816475,0.044549610465765,0.001193271717056632,0.001680612564086914,-1.1809760508185718e-05,0.02494344860315323,0.00399539340287447,0.004008311312645674,5.2793639042647555e-06,7.536698831245303e-06,,,,,3.892845747199849,,1320,0.7
11.708333333322685,retreat,11.708333943970501,16.849404640186233,17.304813116788864,-0.587165355682373,0.0018403752619633451,3.848070641162498,0.05865264392923564,0.11190581936148891,1.1485048532485962,0.05653895065188408,7.2476606369018555,-0.036674631701316684,70,1.0230427980422974,0.08710941672325134,0.1567060351371765,0.01637381874024868,-0.035151444200892,-17.572787433185514,-0.05628540366888046,0.04723303020000458,-1.1461519002914429,-0.00017056700016837567,-0.056534018367528915,-0.0007270636269822717,0.0006827765027992427,0.03357357159256935,-0.00023592228535562754,0.9994360208511353,-0.0013367580249905586,0.0006958064041100442,0.0006057837745174766,0.05378275737166405,0.6061558723449707,0.044196244329214096,-0.4761080741882324,0.5837801098823547,0.49707934260368347,-1.9500505924224854,-0.38858237862586975,2.3663785457611084,1.0375677347183228,0.0008312791469506919,-5.339918061508797e-06,-0.0017244279151782393,-0.0023150842171162367,0.0002343936066608876,0.0024176081642508507,-0.00011670522508211434,0.6015782356262207,-2.1325839043129236e-05,0.09001574665307999,-0.00022310388158075511,0.999411940574646,2.6214584067929536e-05,-0.03428858146071434,5.486467853188515e-05,-8.775234164204448e-06,0.03239297494292259,-0.0007155765197239816,-0.0007079726783558726,0.9999995231628418,3.709558950504288e-05,-0.1075097918510437,0.028888285160064697,-1.0169678926467896,0.002366086933761835,-0.08706804364919662,-0.0012678629718720913,-0.03755614906549454,-0.029347239062190056,1.021931767463684,0.006599408574402332,0.07159246504306793,0.0008499991963617504,0.0016777515411376953,-1.2935623999510426e-05,0.02494364231824875,0.003995390608906746,0.00400839326903224,5.294034963299055e-06,7.5572170317173e-06,,,,,3.892845747199849,,1320,0.7083333333333334
11.71666666665601,retreat,11.716667277738452,16.833218193745907,17.302581667900085,-0.5858540534973145,0.0026690295271691866,3.8552390747987415,0.051885646826121956,0.11869404022070311,0.6888373494148254,0.051201049238443375,7.065942764282227,-0.03844428283628076,76,0.504057765007019,0.02345213107764721,0.21809600293636322,0.033603496849536896,-0.030156319146044552,-17.571054431199844,0.22394944727420807,0.1024518758058548,0.6433095335960388,-0.0004606835136655718,-0.05119451507925987,-0.0006758258678019047,0.0006821183487772942,0.03363626450300217,-0.00022077534231357276,0.9994338750839233,0.0012835660018026829,0.001253851572982967,0.0011934583308175206,0.0926743671298027,0.5669933557510376,-0.054375361651182175,-0.47610780596733093,0.5837801098823547,0.49707934260368347,-1.9500516653060913,-0.3885815143585205,2.3664135932922363,1.0375677347183228,-0.00020496570505201817,-0.0005987109616398811,0.00015857192920520902,-0.0007736537372693419,-0.0002419555385131389,0.007891482673585415,0.0006825526361353695,0.6015851497650146,-1.9013546989299357e-05,0.09001776576042175,-0.00022786701447330415,0.9994124174118042,2.6006546249845996e-05,-0.03427219018340111,4.819757305085659e-05,-6.983067578403279e-06,0.032393135130405426,-0.0006364487926475704,-0.0007078096969053149,0.999999463558197,1.7161291907541454e-05,-0.0349864661693573,0.06041061505675316,0.49920010566711426,-0.0023959295358508825,-0.023274021223187447,0.001606822945177555,-0.06909935176372528,-0.0601864792406559,-0.4956580698490143,0.0062092868611216545,0.01819681003689766,-0.002026020549237728,0.0016808509826660156,-1.2179713849036489e-05,0.024943429976701736,0.00399538641795516,0.0040085031650960445,5.527019311557524e-06,7.89287150837481e-06,,,,,3.892845747199849,,1320,0.7166666666666667
11.724999999989336,retreat,11.725000611506402,16.81676489675282,17.303069680929184,-0.5868077278137207,0.0026842462830245495,3.8519869685516706,0.05223699554335326,0.12511451142200766,0.8666161894798279,0.059413108974695206,7.399441719055176,-0.036674631701316684,71,0.738766610622406,0.10363833606243134,0.18872913718223572,0.04255571961402893,-0.03166954388143495,-17.571316314136965,-0.18614497780799866,-0.03393048048019409,-0.8457081913948059,0.0008584914030507207,-0.05939903482794762,-0.0009670198778621852,0.0006952841649763286,0.03360772505402565,-0.00021817235392518342,0.999434769153595,-0.0004360687453299761,0.00045016148942522705,0.0006794426590204239,0.07341211289167404,0.5538101196289062,0.05509209632873535,-0.47611063718795776,0.5837756395339966,0.49708282947540283,-1.9500540494918823,-0.38858142495155334,2.3664073944091797,1.0375677347183228,0.0002541478315833956,-0.0002801459049805999,-0.0005955130909569561,-0.0014904834097251296,-0.0001829419343266636,-0.0003697886422742158,0.0002681539044715464,0.6015841364860535,-1.9085324311163276e-05,0.09001971036195755,-0.0002270983241032809,0.9994124174118042,2.6259058358846232e-05,-0.034273598343133926,4.851515404880047e-05,-7.119262591004372e-06,0.03239556774497032,-0.000666411011479795,-0.0007212741766124964,0.9999994039535522,1.5786992662469856e-05,-0.01538111362606287,0.0008533537038601935,-0.7386059761047363,-0.01016470231115818,-0.10309263318777084,-0.0030810674652457237,0.035254694521427155,-0.0011883408296853304,0.737923800945282,-0.009815732017159462,0.10090428590774536,0.0038080119993537664,0.0016794204711914062,-1.2070798220520373e-05,0.024943523108959198,0.003995381761342287,0.004008624702692032,5.365196102502523e-06,7.664115400984883e-06,,,,,3.892845747199849,,1320,0.725
11.733333333322662,retreat,11.733333945274353,16.800045627004835,17.304418236017227,-0.5866885185241699,0.002516500899218954,3.8508684236754633,0.05934698128839955,0.12511451142200766,0.19424834847450256,0.054365333169698715,7.16757345199585,-0.03791994458879344,76,0.21863360702991486,0.033827852457761765,0.06777731329202652,0.021582700312137604,-0.033397638850146905,-17.57258709276686,0.047278959304094315,-0.004989832639694214,-0.1883407086133957,0.00059978460194543,-0.054354745894670486,-0.0008895760984160006,0.0006920809973962605,0.03359828516840935,-0.00021587495575658977,0.9994351267814636,-0.0003518035518936813,0.0005229753442108631,0.0008598764543421566,0.0564274899661541,0.5953382849693298,-0.007552493363618851,-0.47610750794410706,0.5837756395339966,0.49707815051078796,-1.950071930885315,-0.3885827958583832,2.366415500640869,1.0375677347183228,0.00031219967058859766,-0.00033410722971893847,-0.0007666239398531616,-0.001516381511464715,-0.000743929878808558,0.004099655896425247,0.0008987470646388829,0.6015771627426147,-1.7956190276890993e-05,0.09001313149929047,-0.0002267029631184414,0.9994121789932251,2.8453559934860095e-05,-0.03427894413471222,5.557970143854618e-05,-5.854715709574521e-06,0.03238985687494278,-0.0006812068750150502,-0.000720328651368618,0.9999994039535522,1.385202176606981e-05,-0.0016766232438385487,-0.012388837523758411,-0.21827587485313416,0.004868842661380768,-0.03344578668475151,0.0014132718788459897,0.013282550498843193,0.012290234677493572,0.2178834229707718,0.002972374204546213,0.03321656584739685,-0.001606418751180172,0.0016789436340332031,-1.1950287444051355e-05,0.024943560361862183,0.003995377104729414,0.004008765332400799,5.300368684402201e-06,7.569586159661412e-06,,,,,3.892845747199849,,1320,0.7333333333333333
11.741666666655988,retreat,11.741667279042304,16.78306126229983,17.300916463136673,-0.5854368209838867,0.002733120709308423,3.85508669351129,0.05096794120618142,0.10467831195095843,0.23721858859062195,0.05339263379573822,7.16001033782959,-0.03791994458879344,76,0.14858247339725494,0.052843447774648666,0.09263504296541214,0.006769401952624321,-0.029181281599448994,-17.56937863086263,0.10473669320344925,-0.07403098791837692,0.19955523312091827,0.0014582725707441568,-0.05336200073361397,-0.0010693492367863655,0.0006910040974617004,0.03363482281565666,-0.00020648946519941092,0.9994339942932129,0.0014755664160475135,0.0001602945412741974,0.0011783726513385773,0.08227121829986572,0.5310791730880737,-0.022624559700489044,-0.47611236572265625,0.583764910697937,0.4970848560333252,-1.950071930885315,-0.3885946571826935,2.366441249847412,1.0375773906707764,-6.598888285225257e-05,-0.0008100149570964277,-0.00032221348374150693,-0.0003881772281602025,-0.0019877103623002768,0.00420124176889658,0.001424674061127007,0.6015858054161072,-1.7362359358230606e-05,0.09002166241407394,-0.0002251352125313133,0.9994128942489624,2.83489644061774e-05,-0.034259773790836334,4.7307927161455154e-05,-5.576872354140505e-06,0.0323953852057457,-0.0006254679756239057,-0.0007194303907454014,0.9999995827674866,5.988042630633572e-06,-0.038129981607198715,-0.0559597909450531,0.13225489854812622,0.0038224016316235065,-0.0526912547647953,-0.0012044885661453009,-0.047099508345127106,0.056016288697719574,-0.12930798530578613,-0.004170823842287064,0.04717564582824707,0.0015119321178644896,0.0016807913780212402,-1.1480720786494203e-05,0.024943433701992035,0.0039953733794391155,0.004008894320577383,5.39043867320288e-06,7.70066981203854e-06,,,,,3.892845747199849,,1320,0.7416666666666667
11.749999999989313,retreat,11.750000612810254,16.765812680435676,17.30460822582245,-0.5865693092346191,0.0020536699594231322,3.8469000569220433,0.06232493615243584,0.13122122080831475,1.3450841903686523,0.05644608289003372,7.21005916595459,-0.036674631701316684,70,1.1902127265930176,0.09823696315288544,0.19973360002040863,0.02516181580722332,-0.03385202900972217,-17.572501146899484,-0.09490218758583069,-0.026973210275173187,-1.341460943222046,0.0007285663159564137,-0.056433651596307755,-0.0009340832475572824,0.0006938153528608382,0.03356361389160156,-0.00022591014567296952,0.9994362592697144,-0.0013981165830045938,0.0005763841909356415,0.0004062799853272736,0.08462627977132797,0.5931686162948608,0.02519252523779869,-0.47610729932785034,0.5837630033493042,0.4970748722553253,-1.950084924697876,-0.38859492540359497,2.3664181232452393,1.0375773906707764,0.0011316579766571522,0.00021384566207416356,-0.002124831546097994,-0.0018819180550053716,-0.00042038437095470726,0.0010119661455973983,0.0001868273102445528,0.6015743613243103,-2.0354578737169504e-05,0.09001483023166656,-0.0002195604465669021,0.9994122385978699,2.8654678317252547e-05,-0.03427776321768761,5.854642949998379e-05,-8.252194675151259e-06,0.032391540706157684,-0.0007147111464291811,-0.0007216754020191729,0.9999993443489075,3.108388773398474e-05,-0.11572730541229248,-0.015421059913933277,-1.1844727993011475,0.003192540258169174,-0.09817034751176834,-0.0017001760425046086,-0.034301526844501495,0.014895204454660416,1.1896253824234009,0.0010656747035682201,0.08152077347040176,0.0016648316523060203,0.0016772150993347168,-1.2453488125174772e-05,0.024943675845861435,0.003995372448116541,0.004008984658867121,5.419946319307201e-06,7.736438419669867e-06,,,,,3.892845747199849,,1320,0.75
11.75833333332264,retreat,11.758333946578205,16.748300759210245,17.30189248919487,-0.5857348442077637,0.0026831376089830883,3.8548835091055427,0.051363709644647315,0.11190581936148891,0.7672581076622009,0.049205709248781204,6.990673065185547,-0.03785439912462607,71,0.5411368012428284,0.016583967953920364,0.2634412348270416,0.044549938291311264,-0.02993877395056188,-17.570340528835594,0.30283695459365845,0.08023300766944885,0.7003837823867798,-0.00014530961925629526,-0.04919974133372307,-0.0007523471140302718,0.0006803037249483168,0.03363301232457161,-0.0002162666351068765,0.9994339942932129,0.0018361636903136969,0.0006471826345659792,0.0012968832161277533,0.0768926590681076,0.5679799914360046,0.03607175499200821,-0.47610634565353394,0.5837630033493042,0.4970727860927582,-1.950084924697876,-0.38859888911247253,2.3664660453796387,1.0375773906707764,0.00010098387429025024,-0.0003935752611141652,-0.00027255379245616496,-0.00010816210124175996,-0.0008321150671690702,0.008696152828633785,0.0009444545721635222,0.6015846133232117,-1.8690381693886593e-05,0.0900178775191307,-0.00022392823302652687,0.9994130730628967,2.945279993582517e-05,-0.03425450995564461,4.7666020691394806e-05,-6.936650606803596e-06,0.03239252045750618,-0.0006220047944225371,-0.0007094648317433894,0.9999995231628418,1.6634046914987266e-05,-0.07125367224216461,0.03571523353457451,0.5352348685264587,0.00392468087375164,-0.015977298840880394,0.0020858452189713717,-0.10773181170225143,-0.035482022911310196,-0.5291160941123962,0.008923633955419064,0.00565983634442091,-0.0026994410436600447,0.0016806721687316895,-1.1951245141972322e-05,0.024943441152572632,0.003995373845100403,0.004009089432656765,5.300158591126092e-06,7.564725819975138e-06,,,,,3.892845747199849,,1320,0.7583333333333333
11.766666666655965,retreat,11.766667280346155,16.730526376421402,17.302976548671722,-0.5866885185241699,0.0024589944587205537,3.8514785792721464,0.05632149986922741,0.11869404022070311,1.0450890064239502,0.05971181020140648,7.402901649475098,-0.036674631701316684,73,0.8885340690612793,0.1140470802783966,0.23073816299438477,0.05178998038172722,-0.03097164776409045,-17.571187831752574,-0.22903497517108917,-0.015050917863845825,-1.0195722579956055,0.0007478237384930253,-0.059698984026908875,-0.0009861141443252563,0.0006871857331134379,0.033603373914957047,-0.00021788525918964297,0.9994350075721741,-0.00038670250796712935,0.0004451585409697145,0.0005629403167404234,0.07756190001964569,0.5477743148803711,-0.0026359513867646456,-0.476107120513916,0.5837630033493042,0.497074156999588,-1.9500839710235596,-0.38859879970550537,2.3664395809173584,1.0375773906707764,0.0005359349306672812,2.6921723474515602e-05,-0.0009160434128716588,-0.0010877404129132628,0.0001684875605860725,-0.001281808945350349,-0.0001006624661386013,0.6015795469284058,-2.004586349357851e-05,0.09001655131578445,-0.0002208378427894786,0.9994126558303833,2.9499002266675234e-05,-0.034266676753759384,5.2541494369506836e-05,-8.268089004559442e-06,0.032392002642154694,-0.0006638381164520979,-0.0007162182009778917,0.999999463558197,2.1582842236966826e-05,-0.018942974507808685,0.012480689212679863,-0.8882444500923157,-0.010438451543450356,-0.11350949853658676,-0.0036562997847795486,0.04194071143865585,-0.012872381135821342,0.887450635433197,-0.008376890793442726,0.11081735789775848,0.0042893243953585625,0.00167924165725708,-1.2042695743730292e-05,0.024943534284830093,0.0039953794330358505,0.004009234718978405,5.36377865500981e-06,7.666763849556446e-06,,,,,3.892845747199849,,1320,0.7666666666666666
11.77499999998929,retreat,11.775000614114106,16.712490409867023,17.302697151899338,-0.5857944488525391,0.0026630614229361527,3.8525969472655337,0.051897968660341576,0.11190581936148891,0.16252194344997406,0.0526643842458725,7.104550361633301,-0.03791994458879344,76,0.029068907722830772,0.021572871133685112,0.14107297360897064,0.032448504120111465,-0.03095382035826333,-17.570986199083297,0.11523812264204025,0.037689968943595886,0.1082267314195633,0.0002816989435814321,-0.0526566356420517,-0.0008585045579820871,0.0006897612474858761,0.0336134135723114,-0.00021013458899687976,0.9994346499443054,0.0007351484382525086,0.0005483216373249888,0.0010456631425768137,0.06636989116668701,0.5648362636566162,-0.0105461860075593,-0.476107120513916,0.5837630033493042,0.4970742464065552,-1.9500839710235596,-0.3885990083217621,2.3664608001708984,1.0375773906707764,0.00015307246940210462,-0.0002756527974270284,-0.00030166073702275753,-0.0006097013247199357,-0.0004037323815282434,0.004886262584477663,0.0007541918894276023,0.6015841960906982,-1.8786307919071987e-05,0.090018130838871,-0.00022333217202685773,0.999413013458252,2.9740236641373485e-05,-0.03425627946853638,4.8209913074970245e-05,-7.051214197417721e-06,0.03239355608820915,-0.0006433892413042486,-0.0007193888304755092,0.9999995231628418,1.1433444342401344e-05,-0.0018040849827229977,0.013502766378223896,0.02567921206355095,0.0035852494183927774,-0.02115350402891636,0.002250343095511198,-0.0035575712099671364,-0.013491487130522728,-0.025501463562250137,0.005368143320083618,0.020893048495054245,-0.002614125143736601,0.0016797184944152832,-1.1660051313810982e-05,0.024943508207798004,0.003995387814939022,0.004009316209703684,5.30388206243515e-06,7.575057679787278e-06,,,,,3.892845747199849,,1320,0.775
11.783333333322616,retreat,11.783333947882056,16.69419373734498,17.30330064892769,-0.5866289138793945,0.0025331382857984863,3.8514277366588434,0.05106818207423203,0.11869404022070311,0.6878837943077087,0.057695817202329636,7.306997299194336,-0.036674631701316684,71,0.6135389804840088,0.0794190764427185,0.11019587516784668,0.02276206575334072,-0.031040568050229922,-17.571508396738434,-0.1347825676202774,-0.02324838936328888,-0.6741492748260498,0.0008899646927602589,-0.05768013745546341,-0.0010083867236971855,0.0006952632102183998,0.033603254705667496,-0.00021053360251244158,0.9994350075721741,-0.0003079688467551023,-0.0034780080895870924,0.0004780227900482714,0.33891358971595764,0.5584017038345337,-0.021072503179311752,-0.4761078953742981,0.5837630033493042,0.49707451462745667,-1.9500839710235596,-0.38859888911247253,2.3664608001708984,1.0375773906707764,0.00036457099486142397,-0.00013472590944729745,-0.0006769031751900911,-0.0011781995417550206,-0.00022815132979303598,0.0004992554895579815,0.0003477680147625506,0.601584255695343,-1.9162147509632632e-05,0.09001820534467697,-0.00022357150737661868,0.9994129538536072,2.9164271836634725e-05,-0.03425627946853638,4.7364505007863045e-05,-7.280137651832774e-06,0.03239428624510765,-0.0006535562570206821,-0.0007243028376251459,0.999999463558197,1.1764210285036825e-05,0.005661061033606529,0.0019720771815627813,-0.6135097146034241,-0.004964251536875963,-0.07921822369098663,-0.0026866791304200888,0.04765632748603821,-0.0022445961367338896,0.6116812229156494,-0.0044922963716089725,0.0800635889172554,0.0030371593311429024,0.0016791820526123047,-1.1688887752825394e-05,0.024943538010120392,0.0039953989908099174,0.004008166491985321,-0.00031711466726846993,-0.00045280903577804565,,,,,3.892845747199849,,1320,0.7833333333333333
11.791666666655942,retreat,11.791667281650007,16.675637236653134,17.30373278260231,-0.5862712860107422,0.002589069481473416,3.851529421215306,0.051552244258346036,0.12511451142200766,0.16371072828769684,0.056093692779541016,7.262967109680176,-0.03791994458879344,75,0.20343823730945587,0.03625839576125145,0.043803855776786804,0.010941069573163986,-0.04168789615505375,-17.571947600906466,-0.04824583977460861,0.006910532712936401,-0.15628750622272491,0.0006316537037491798,-0.056082021445035934,-0.0009539397433400154,0.0006924684275873005,0.03360392153263092,-0.00021173754066694528,0.9994349479675293,-0.00012419000267982483,-0.004365276079624891,0.0008997439872473478,0.44094836711883545,0.7598155736923218,-0.020930996164679527,-0.4761078953742981,0.5837630033493042,0.49707382917404175,-1.9500839710235596,-0.3885994851589203,2.3664608001708984,1.0375773906707764,5.365541437640786e-05,-0.0004351699317339808,-0.00029145347070880234,-0.0012707525165751576,-0.00036651158006861806,0.0024557013530284166,0.000683855963870883,0.6015841960906982,-1.974177939700894e-05,0.09001807123422623,-0.00022314397210720927,0.9994129538536072,2.9050650482531637e-05,-0.03425632789731026,4.780478775501251e-05,-7.942991942400113e-06,0.03239456191658974,-0.0006529357051476836,-0.0007213425706140697,0.9999994039535522,1.3293925803736784e-05,0.06459657102823257,4.2397441575303674e-05,-0.1929103434085846,0.0018097563879564404,-0.03620675951242447,0.0006830616621300578,0.07765401154756546,-0.000123316771350801,0.18803448975086212,0.0017614067764952779,0.04554840177297592,-0.000784771516919136,0.00167924165725708,-1.1744378753064666e-05,0.024943538010120392,0.0039954110980033875,0.00400825310498476,-0.0003160684136673808,-0.00045131705701351166,,,,,3.892845747199849,,1320,0.7916666666666666
11.799999999989268,retreat,11.800000615417957,16.65682178558937,17.303434759378433,-0.5865097045898438,0.0024663404474267736,3.8508175730183707,0.05385640906752087,0.11869404022070311,0.45272237062454224,0.05680673569440842,7.288541793823242,-0.03733005723915994,71,0.43393799662590027,0.055810440331697464,0.029776135459542274,0.0034517941530793905,-0.031801141769392416,-17.571600080296108,-0.08268510550260544,0.027327165007591248,-0.4442678689956665,0.0003143560898024589,-0.05679909884929657,-0.0008767734398134053,0.0006867088959552348,0.033597469329833984,-0.00022151415760163218,0.9994352459907532,-0.0002578266430646181,-2.1015293896198273e-05,0.000924492662306875,0.03179708495736122,0.5657576322555542,0.05749218538403511,-0.47610995173454285,0.583759605884552,0.49707597494125366,-1.9500912427902222,-0.3885993957519531,2.3664608001708984,1.0375773906707764,1.0952053344226442e-05,-0.00045971234794706106,-0.0002479387621860951,-0.0016464004293084145,-0.00014683636254630983,0.0018567590741440654,0.0004997241776436567,0.6015816330909729,-1.880015042843297e-05,0.09001756459474564,-0.0002230813988717273,0.9994128942489624,3.0097053240751848e-05,-0.034258030354976654,5.017872899770737e-05,-6.885162292746827e-06,0.03239358589053154,-0.0006610995624214411,-0.0007162914844229817,0.999999463558197,2.2962727598496713e-05,0.030844680964946747,0.01405702531337738,-0.4326120615005493,-0.0023549660108983517,-0.05574658140540123,-0.001256178948096931,0.060396403074264526,-0.014246704056859016,0.4294782280921936,-0.00024305540136992931,0.060223668813705444,0.0013035291340202093,0.0016789436340332031,-1.222303671966074e-05,0.024943560361862183,0.003995406907051802,0.0040083639323711395,5.283479367790278e-06,7.542170351371169e-06,,,,,3.892845747199849,,1320,0.8
11.808333333322594,retreat,11.808333949185908,16.63774826195155,17.30298027396202,-0.5857348442077637,0.002419872544123791,3.849953009241372,0.05198018334340304,0.11869404022070311,0.3447173237800598,0.05372685194015503,7.135546684265137,-0.03791994458879344,76,0.3546254634857178,0.04993023723363876,0.03559977188706398,0.009482704102993011,-0.03175265245954506,-17.57108547856948,0.0464865006506443,-0.033663712441921234,-0.3399055600166321,0.0010074320016428828,-0.053708069026470184,-0.0010014320723712444,0.0006909098592586815,0.03359009698033333,-0.0002098613476846367,0.9994354248046875,5.086536839371547e-05,0.000829575932584703,0.0009156236192211509,0.08291862905025482,0.5677286386489868,-0.046941936016082764,-0.4761123061180115,0.5837534070014954,0.4970772862434387,-1.9500929117202759,-0.38860392570495605,2.366468906402588,1.0375773906707764,0.00018793319759424776,-0.0004766491474583745,-0.0006240614457055926,-0.0014650460798293352,-0.0011838009813800454,0.003671484300866723,0.0011602049926295877,0.601584255695343,-1.9982384401373565e-05,0.09002124518156052,-0.00022175483172759414,0.9994131326675415,3.124512659269385e-05,-0.03425147384405136,4.813121631741524e-05,-8.10792698757723e-06,0.032396938651800156,-0.0006619085907004774,-0.0007219944382086396,0.999999463558197,1.282216271647485e-05,-0.038795020431280136,-0.02544332668185234,-0.3515775799751282,0.001676405780017376,-0.04990208521485329,-1.2888510354969185e-05,-0.014635218307375908,0.025285230949521065,0.3534200191497803,-0.0019988096319139004,0.04431421682238579,0.00016813440015539527,0.0016785264015197754,-1.1647529390756972e-05,0.024943582713603973,0.0039954036474227905,0.004008437041193247,5.4451484174933285e-06,7.77436071075499e-06,,,,,3.892845747199849,,1320,0.8083333333333333
11.81666666665592,retreat,11.816667282953858,16.618417543537547,17.30467900633812,-0.5866885185241699,0.002358827259740792,3.847459945926392,0.058561181504046544,0.13122122080831475,0.8114006519317627,0.0542709045112133,7.1103105545043945,-0.036674631701316684,71,0.7563148140907288,0.0716056302189827,0.06712568551301956,0.00631833216175437,-0.033232904330361634,-17.5726108587105,-0.0022411271929740906,0.05729496479034424,-0.8093721270561218,-7.570238813059404e-05,-0.05426517874002457,-0.0007845137733966112,0.0006924091721884906,0.03356821835041046,-0.00022364238975569606,0.99943608045578,-0.0009808915201574564,0.0011328186374157667,0.0005952462088316679,0.08548327535390854,0.5928331613540649,-0.010064392350614071,-0.4761090874671936,0.5837527513504028,0.4970705509185791,-1.9501100778579712,-0.3886038362979889,2.3664729595184326,1.0375773906707764,0.0006122247432358563,6.158927862998098e-05,-0.0010717957047745585,-0.0020582324359565973,-0.0001339201262453571,0.0036131564993411303,0.0005107434117235243,0.6015767455101013,-1.9909773982362822e-05,0.09001463651657104,-0.0002209631202276796,0.9994128942489624,3.212140654795803e-05,-0.03425845503807068,5.478854291141033e-05,-8.029241143958643e-06,0.032391589134931564,-0.000690787157509476,-0.0007238633697852492,0.9999993443489075,2.7475614842842333e-05,-0.08509723097085953,0.04288778454065323,-0.7502874135971069,-0.0023640813305974007,-0.07155927270650864,-0.001023705000989139,-0.03351815789937973,-0.043224260210990906,0.7543344497680664,0.0038839022163301706,0.05930689722299576,0.0007873275317251682,0.0016774535179138184,-1.233796137967147e-05,0.024943657219409943,0.0039953975938260555,0.004008578136563301,5.506378329300787e-06,7.863214705139399e-06,,,,,3.892845747199849,,1320,0.8166666666666667
11.824999999989245,retreat,11.825000616721809,16.598830508145234,17.30174347758293,-0.5855560302734375,0.0028977301553823054,3.8533084672416895,0.05027842416893691,0.11190581936148891,0.3873657286167145,0.051574863493442535,7.073341369628906,-0.03791994458879344,71,0.24306538701057434,0.038144551217556,0.15785712003707886,0.018694300204515457,-0.02960870193783194,-17.570081999227543,0.15965694189071655,0.00044420361518859863,0.35293295979499817,0.0007589745218865573,-0.051560379564762115,-0.0009580411715433002,0.0006923227338120341,0.03361954912543297,-0.00020542614220175892,0.9994344711303711,0.0013722383882850409,0.00038629432674497366,0.0012274810578674078,0.0664442852139473,0.5503970980644226,0.07118285447359085,-0.47611287236213684,0.5837465524673462,0.4970751702785492,-1.9501100778579712,-0.3886120021343231,2.366504192352295,1.037587285041809,-0.00011629777145572007,-0.0005609181243926287,7.513970922445878e-05,-0.0005744147347286344,-0.00152238376904279,0.005943540949374437,0.0015619945479556918,0.6015851497650146,-1.8924132746178657e-05,0.09002096205949783,-0.0002217092114733532,0.9994135499000549,3.0197468731785193e-05,-0.03423941507935524,4.653213545680046e-05,-7.529000868089497e-06,0.03239547833800316,-0.0006203766679391265,-0.0007225190638564527,0.9999995231628418,8.445205821772106e-06,-0.03574025630950928,-0.0018957025604322553,0.24041593074798584,-0.0013103473465889692,-0.038117002695798874,0.0006196041940711439,-0.052110299468040466,0.0019990461878478527,-0.23740538954734802,-0.0016226102598011494,0.032942697405815125,-0.0004955437616445124,0.0016800165176391602,-1.1429277947172523e-05,0.024943485856056213,0.003995392005890608,0.0040086559019982815,5.290808076097164e-06,7.553288014605641e-06,,,,,3.892845747199849,,1320,0.825
11.833333333322571,retreat,11.83333395048976,16.578988033572475,17.30416864156723,-0.5861520767211914,0.0023220445655169897,3.8464419053915804,0.0600663734076079,0.13122122080831475,1.3810967206954956,0.055938757956027985,7.146311283111572,-0.03674017352750525,71,1.228365182876587,0.10520730912685394,0.20792236924171448,0.03299267217516899,-0.03260565342498012,-17.572029705538547,-0.1153634637594223,-0.007212325930595398,-1.376251220703125,0.0006325111608020961,-0.05592707172036171,-0.0009524861234240234,0.0006876735715195537,0.033559687435626984,-0.00021773418120574206,0.9994363784790039,-0.0011876631760969758,0.00052217225311324,0.00043966539669781923,0.06292545795440674,0.5808758735656738,0.005764173809438944,-0.47611117362976074,0.583745002746582,0.49707192182540894,-1.9501211643218994,-0.38861238956451416,2.366483449935913,1.037587285041809,0.0009350472246296704,0.00035243405727669597,-0.0014639714499935508,-0.001836358685977757,-0.00044587175943888724,0.000706850434653461,0.0005438662483356893,0.6015755534172058,-2.0001058146590367e-05,0.09001559764146805,-0.0002179115399485454,0.999413013458252,3.135876249871217e-05,-0.03425458446145058,5.629309453070164e-05,-8.27945041237399e-06,0.03239192068576813,-0.000695450697094202,-0.0007184671121649444,0.9999993443489075,2.4426388335996307e-05,-0.11321473121643066,0.010774404741823673,-1.2230892181396484,-0.0046211243607103825,-0.1050717905163765,-0.0026724820490926504,-0.0292048379778862,-0.011313293129205704,1.2279659509658813,-0.0028888117522001266,0.08878392726182938,0.002915267599746585,0.0016770362854003906,-1.2034477549605072e-05,0.024943683296442032,0.0039953868836164474,0.0040087513625621796,5.297815732774325e-06,7.570022717118263e-06,,,,,3.892845747199849,,1320,0.8333333333333334
11.841666666655897,retreat,11.84166728425771,16.55889099761715,17.30218678712845,-0.5854964256286621,0.00268330768449232,3.8526986010094357,0.05188411523704417,0.11190581936148891,0.5140180587768555,0.04911426454782486,6.929459571838379,-0.03733005723915994,70,0.3094002604484558,0.019539279863238335,0.22788625955581665,0.039437681436538696,-0.02963384735630825,-17.570482902653595,0.2535780966281891,0.023493632674217224,0.4464983642101288,0.0005872095935046673,-0.04910178482532501,-0.0009386357851326466,0.0006875117542222142,0.033614255487918854,-0.0002026459842454642,0.9994346499443054,0.0014069328317418694,0.000530797871761024,0.0012192229041829705,0.0661579817533493,0.5606892108917236,-0.031933680176734924,-0.47611117362976074,0.583745002746582,0.4970719814300537,-1.9501211643218994,-0.38862085342407227,2.3665175437927246,1.0375982522964478,0.00019224485731683671,-0.00023746505030430853,-0.0002485471486579627,-0.0002561032888479531,-0.001643054885789752,0.0074757663533091545,0.0017035269411280751,0.6015832424163818,-1.8597551388666034e-05,0.09001816064119339,-0.00021924344764556736,0.9994136691093445,2.9179533157730475e-05,-0.034237150102853775,4.818569868803024e-05,-7.1464710345026106e-06,0.03239298611879349,-0.0006234043394215405,-0.0007167040021158755,0.9999995231628418,7.926958460302558e-06,-0.061200205236673355,0.0014657167484983802,0.30328354239463806,0.0042129214853048325,-0.018962349742650986,0.0021128260996192694,-0.08181162923574448,-0.0013379055308178067,-0.29838505387306213,0.004271401558071375,0.010107768699526787,-0.002406736370176077,0.0016797780990600586,-1.1282081686658785e-05,0.024943504482507706,0.003995381761342287,0.004008862655609846,5.297181814967189e-06,7.567170541733503e-06,,,,,3.892845747199849,,1320,0.8416666666666667
11.849999999989222,retreat,11.85000061802566,16.538540278077125,17.30293184518814,-0.5858540534973145,0.002396610398136545,3.8495460886132027,0.0534343344043009,0.11869404022070311,1.078619122505188,0.05702593922615051,7.231696128845215,-0.036674631701316684,70,0.953720211982727,0.10605183243751526,0.18830543756484985,0.040714576840400696,-0.030606678570620716,-17.571008755081394,-0.15416930615901947,-0.026165343821048737,-1.0672236680984497,0.0009525131899863482,-0.05700845643877983,-0.0010421824408695102,0.0006932943942956626,0.03358679637312889,-0.00020992990175727755,0.999435544013977,-0.00037009763764217496,0.000468784652184695,0.0005845138803124428,0.07789770513772964,0.5468018651008606,0.0010213592322543263,-0.4761113226413727,0.583745002746582,0.49707385897636414,-1.9501211643218994,-0.38862648606300354,2.366508960723877,1.0375982522964478,0.0007033908041194081,0.00021712349553126842,-0.0010245406301692128,-0.001043310621753335,-0.0006992976414039731,-0.00017852158634923398,0.0006302086403593421,0.6015815734863281,-1.861698183347471e-05,0.09001778811216354,-0.00021686828404199332,0.9994134902954102,3.1854073313297704e-05,-0.034240659326314926,4.974682815372944e-05,-7.038433977868408e-06,0.032393258064985275,-0.0006543932831846178,-0.0007248197216540575,0.999999463558197,1.7869504517875612e-05,-0.05927538126707077,-0.0016699880361557007,-0.9518749117851257,-0.005921477917581797,-0.10582532733678818,-0.003595483023673296,0.006010986864566803,0.0012547958176583052,0.9537004828453064,-0.005913670174777508,0.09730745851993561,0.004051189869642258,0.0016784071922302246,-1.1654848094622139e-05,0.02494359388947487,0.003995379898697138,0.004008970223367214,5.37393589183921e-06,7.680442649871111e-06,,,,,3.892845747199849,,1320,0.85
11.858333333322548,retreat,11.858333951793611,16.517936752750273,17.303412407636642,-0.5859732627868652,0.0025002855181810446,3.8504615996435545,0.052508734370348975,0.13705609666978325,0.04833843559026718,0.054972708225250244,7.254363536834717,-0.03733005723915994,70,0.13126613199710846,0.028554119169712067,0.09060001373291016,0.018648048862814903,-0.031352762340247864,-17.571552976419184,-0.004930656403303146,-0.01526343822479248,-0.045599564909935,0.0009814033983275294,-0.05495394021272659,-0.0010487448889762163,0.0006970358663238585,0.0335947647690773,-0.00020335429871920496,0.9994351863861084,0.0002824643743224442,0.0004828370874747634,0.0009162906790152192,0.07253880798816681,0.5703279972076416,0.029778361320495605,-0.4761113226413727,0.583745002746582,0.4970725178718567,-1.9501211643218994,-0.3886309862136841,2.3665120601654053,1.0375982522964478,0.00023094372591003776,-0.000272104749456048,-0.0004567206196952611,-0.0007933477754704654,-0.001067313482053578,0.003023109631612897,0.0011890287278220057,0.601582407951355,-1.990615055547096e-05,0.09001786261796951,-0.00021527858916670084,0.9994135499000549,3.288754669483751e-05,-0.03423900529742241,4.872633144259453e-05,-8.536211680620909e-06,0.03239388391375542,-0.0006447575869970024,-0.0007297673728317022,0.9999992847442627,1.3051022506260779e-05,0.06119488924741745,-0.02331063710153103,-0.11376553773880005,0.005684569012373686,-0.027939138934016228,0.0015581859042868018,0.06883609294891357,0.02326687052845955,0.10932086408138275,0.00220204028300941,0.036786049604415894,-0.0016977371415123343,0.001678764820098877,-1.1332810572639573e-05,0.02494356781244278,0.0039953794330358505,0.004009054508060217,5.349775165086612e-06,7.638853276148438e-06,,,,,3.892845747199849,,1320,0.8583333333333333
11.866666666655874,retreat,11.866667285561562,16.497081299434463,17.302987724542618,-0.5859732627868652,0.0025202652977895923,3.8492917414089862,0.05245373540674336,0.11190581936148891,0.6781126260757446,0.05604550242424011,7.241851806640625,-0.03733005723915994,71,0.637779176235199,0.06572970747947693,0.057384390383958817,0.009291982278227806,-0.031159626465523615,-17.57104694871598,-0.08221569657325745,0.04360891878604889,-0.6716960072517395,0.0002609218645375222,-0.05603742599487305,-0.0009148973040282726,0.0006900298176333308,0.03358438238501549,-0.00021155299327801913,0.9994356632232666,-0.0001352990948362276,0.000627758214250207,0.0007342653116211295,0.07137013226747513,0.5588037967681885,0.0027551958337426186,-0.4761134684085846,0.5837448835372925,0.49707525968551636,-1.9501211643218994,-0.3886308968067169,2.3665120601654053,1.0375982522964478,0.00026158441323786974,-0.00010888090764638036,-0.0004156817449256778,-0.0013472631108015776,-5.700013934983872e-05,0.0016526770778000355,0.00046691737952642143,0.601582407951355,-1.9621686078608036e-05,0.09001816809177399,-0.0002159670548280701,0.9994136095046997,3.2833177101565525e-05,-0.03423864394426346,4.86946664750576e-05,-8.227088983403519e-06,0.03239377215504646,-0.0006547881639562547,-0.0007224446162581444,0.9999995231628418,2.031069016084075e-05,-0.004858928732573986,0.032837510108947754,-0.6369147300720215,-0.002706830622628331,-0.06564891338348389,-0.001813247217796743,0.03874276205897331,-0.03311139717698097,0.6357394456863403,0.0021479253191500902,0.06497736275196075,0.0016996967606246471,0.0016782879829406738,-1.17303916340461e-05,0.024943605065345764,0.003995382692664862,0.004009197000414133,5.310308551997878e-06,7.585214916616678e-06,,,,,3.892845747199849,,1320,0.8666666666666667
11.8749999999892,retreat,11.875000619329512,16.475974795927566,17.30332300066948,-0.5856752395629883,0.0025796562113100663,3.849342612192295,0.052023522584931925,0.12511451142200766,0.3974578082561493,0.054157890379428864,7.132708549499512,-0.03733005723915994,70,0.4133915305137634,0.04703975096344948,0.025703806430101395,0.007305429317057133,-0.031126551271881908,-17.57138576208059,-0.006731623783707619,0.006007686257362366,-0.3973553776741028,0.0006968701491132379,-0.05414443463087082,-0.0009856763062998652,0.000699676456861198,0.03358486294746399,-0.00020130026678089052,0.9994356036186218,-7.334815745707601e-05,0.0005090921185910702,0.0008424894767813385,0.06323358416557312,0.564657986164093,-0.006265190429985523,-0.4761143624782562,0.5837448835372925,0.49707722663879395,-1.9501211643218994,-0.3886324465274811,2.366513967514038,1.0375982522964478,0.00021693622693419456,-0.00021157388982828707,-0.000392221292713657,-0.0013344745384529233,-0.0006418921984732151,0.0029879536014050245,0.0009914482943713665,0.6015830636024475,-1.8611561245052144e-05,0.09001880139112473,-0.00021633514552377164,0.9994136095046997,3.4000353480223566e-05,-0.03423728048801422,4.8315851017832756e-05,-7.254595402628183e-06,0.032394759356975555,-0.0006529447273351252,-0.0007336235721595585,0.9999994039535522,1.0065944479720201e-05,-0.0007417326560243964,0.005595509894192219,-0.41335299611091614,-0.001569070271216333,-0.04701311141252518,0.0002085701416945085,0.027547886595129967,-0.005773345939815044,0.41243231296539307,-0.0007786680362187326,0.04692596197128296,-0.00013515229511540383,0.0016782879829406738,-1.1234259545744862e-05,0.024943597614765167,0.0039953868836164474,0.0040092458948493,5.308622348820791e-06,7.581053068861365e-06,,,,,3.892845747199849,,1320,0.875
11.883333333322526,retreat,11.883333953097463,16.454618120027455,17.30359122157097,-0.5862712860107422,0.0024310620574397035,3.8487829966507676,0.054360181820811704,0.13122122080831475,0.5866507291793823,0.055115483701229095,7.172813415527344,-0.036674631701316684,70,0.568600594997406,0.05996934324502945,0.027899958193302155,0.004196154419332743,-0.03145881774253212,-17.571615070787693,-0.05052625387907028,-0.029677189886569977,-0.5837169289588928,0.0011062321718782187,-0.05509370565414429,-0.0010845420183613896,0.0007020837510935962,0.033580027520656586,-0.00019937267643399537,0.9994357228279114,-0.0003716268402058631,0.0004204741562716663,0.0007559388759545982,0.06708265841007233,0.5663818120956421,0.002846216782927513,-0.4761151969432831,0.5837448835372925,0.49707677960395813,-1.9501276016235352,-0.3886367380619049,2.366513967514038,1.0375982522964478,0.00035799681791104376,-0.00021378249221015722,-0.0007201742846518755,-0.001517950790002942,-0.0010377905564382672,0.002218723762780428,0.001111484132707119,0.6015802025794983,-1.929907375597395e-05,0.09001636505126953,-0.00021472804655786604,0.9994135499000549,3.559211108949967e-05,-0.03424012288451195,5.061156116425991e-05,-7.901759090600535e-06,0.032392438501119614,-0.0006606266833841801,-0.0007376278517767787,0.9999993443489075,9.883779966912698e-06,-0.007389226462692022,-0.017552245408296585,-0.5682815909385681,-0.0003479386796243489,-0.059956200420856476,-0.0012062509777024388,0.03152037039399147,0.01730908825993538,0.5674622654914856,-0.002802148461341858,0.05891669914126396,0.0014255695277824998,0.0016780495643615723,-1.1141808499814942e-05,0.024943619966506958,0.003995392005890608,0.004009303171187639,5.33988350071013e-06,7.6240976341068745e-06,,,,,3.892845747199849,,1320,0.8833333333333333
11.891666666655851,retreat,11.891667286865413,16.433012149531997,17.302395403385162,-0.5857348442077637,0.0025786830519791692,3.8504107436218096,0.05078228423371911,0.12511451142200766,0.23773518204689026,0.05388542264699936,7.134116172790527,-0.03733005723915994,76,0.2770017683506012,0.046019453555345535,0.052811186760663986,0.007970151491463184,-0.03008401177066844,-17.570532435961034,0.013684727251529694,0.007891669869422913,-0.237209752202034,0.0007540351944044232,-0.053870558738708496,-0.001016551861539483,0.0006941218744032085,0.03359406441450119,-0.0002023243432631716,0.9994352459907532,0.0004374246345832944,0.0004544032271951437,0.0009464139584451914,0.07050667703151703,0.5483562350273132,-0.009577496908605099,-0.4761192202568054,0.5837370753288269,0.49708113074302673,-1.9501276016235352,-0.38864216208457947,2.366523265838623,1.0375982522964478,1.886481732071843e-05,-0.0004734062822535634,-0.0002099548582918942,-0.0012216625036671758,-0.0010162419639527798,0.003397673135623336,0.001195820514112711,0.6015841960906982,-1.98915004148148e-05,0.09002196043729782,-0.00021344392735045403,0.9994138479232788,3.734122583409771e-05,-0.034230973571538925,4.687067121267319e-05,-8.72699820320122e-06,0.0323970690369606,-0.0006374226068146527,-0.0007312801899388433,0.9999994039535522,1.389722092426382e-05,0.0020901572424918413,-0.00016285556193906814,-0.27699384093284607,0.0015776378568261862,-0.04599228873848915,-0.00010219162504654378,0.02103767916560173,4.557613283395767e-05,0.2762017548084259,0.0015522699104622006,0.04630732536315918,1.566752871440258e-05,0.001678764820098877,-1.1276422810624354e-05,0.024943571537733078,0.003995396662503481,0.004009325057268143,5.319828233041335e-06,7.5985153671354055e-06,,,,,3.892845747199849,,1320,0.8916666666666666
11.899999999989177,retreat,11.900000620633364,16.411157762239068,17.30467900633812,-0.5863308906555176,0.0022968679331825115,3.8448124806945114,0.05744765803683549,0.12511451142200766,1.2209088802337646,0.053567513823509216,7.022175312042236,-0.036674631701316684,70,1.1256815195083618,0.07991944253444672,0.1155128926038742,0.009822075255215168,-0.03259503506706096,-17.57242676976376,-0.023802366107702255,0.04866059124469757,-1.2197065353393555,0.0001436087623005733,-0.0535600371658802,-0.0008835312910377979,0.0006978025776334107,0.03354528546333313,-0.0002094461815431714,0.9994369149208069,-0.0013258428080007434,-0.003167959628626704,0.0002687338856048882,0.33115872740745544,0.5929520726203918,-0.030449433252215385,-0.47611668705940247,0.5837358236312866,0.4970761239528656,-1.9501436948776245,-0.38864201307296753,2.3665239810943604,1.0375982522964478,0.0008388952119275928,0.0003572017594706267,-0.0012613844592124224,-0.0022200560197234154,-4.766008350998163e-05,0.002951703267171979,0.0005859409575350583,0.6015769839286804,-1.9367191271157935e-05,0.09001623094081879,-0.00021240368369035423,0.9994136095046997,3.8637070247204974e-05,-0.034238334745168686,5.37126325070858e-05,-7.992031896719709e-06,0.03239317238330841,-0.0006936012068763375,-0.0007359629380516708,0.9999994039535522,2.2226649889489636e-05,-0.11745432019233704,0.049362663179636,-1.1184483766555786,-0.004264463670551777,-0.07979694753885269,-0.0011742525966838002,-0.04063311964273453,-0.04984530434012413,1.1238425970077515,0.002927569206804037,0.06288883090019226,0.0010045006638392806,0.001676321029663086,-1.163681190519128e-05,0.024943731725215912,0.003995406907051802,0.004008167888969183,-0.0003190894494764507,-0.00045562535524368286,,,,,3.892845747199849,,1320,0.9
11.908333333322503,retreat,11.908333954401314,16.389055835946532,17.30247735977173,-0.5853772163391113,0.0026794232326210476,3.851326049421702,0.05032231638324447,0.11869404022070311,0.3348913788795471,0.049457747489213943,6.894186973571777,-0.03726451541297138,71,0.1575797200202942,0.03180842846632004,0.18332886695861816,0.025750981643795967,-0.029310519283171743,-17.57067803690182,0.19714416563510895,-0.008468925952911377,0.2705821394920349,0.0010704235173761845,-0.04943428561091423,-0.0010838122107088566,0.0006990888505242765,0.03360239416360855,-0.00018928403733298182,0.9994349479675293,0.001083530019968748,-0.003616899950429797,0.000918104313313961,0.33826059103012085,0.5586405992507935,-0.013522911816835403,-0.47611668705940247,0.5837358236312866,0.4970761835575104,-1.9501436948776245,-0.3886529207229614,2.366555690765381,1.0376121997833252,0.00018028121849056333,-0.0002708907122723758,-0.0002526210737414658,-0.0006068436778150499,-0.001888013444840908,0.0066915880888700485,0.0019346498884260654,0.6015840172767639,-1.8471786461304873e-05,0.09001853317022324,-0.00021263408416416496,0.9994142055511475,3.55670927092433e-05,-0.03422222286462784,4.66096680611372e-05,-7.458136678906158e-06,0.03239370509982109,-0.0006203302182257175,-0.0007348910439759493,0.999999463558197,1.7814106740843272e-06,-0.055566202849149704,-0.009596504271030426,0.147145077586174,-0.00047717761481180787,-0.031793612986803055,0.0008453021291643381,-0.06550195813179016,0.009653925895690918,-0.14299531280994415,-0.00191729876678437,0.023759586736559868,-0.0007066272664815187,0.0016791820526123047,-1.0633407327986788e-05,0.02494354173541069,0.003995418548583984,0.004008264746516943,-0.00032456492772325873,-0.00046344660222530365,,,,,3.892845747199849,,1320,0.9083333333333333
11.916666666655829,retreat,11.916667288169265,16.36670724845227,17.30319634079933,-0.5859136581420898,0.0021062778614577837,3.8481724142936495,0.05255359792499803,0.11190581936148891,1.092093586921692,0.05757807567715645,7.276216506958008,-0.036674631701316684,71,0.9762732982635498,0.09726887941360474,0.1724959760904312,0.0375077985227108,-0.030858161626383662,-17.571177733876212,-0.19014009833335876,-0.015309646725654602,-1.0753049850463867,0.0009958200389519334,-0.05755877122282982,-0.001109508448280394,0.0006867442280054092,0.03357487544417381,-0.00020898917864542454,0.9994359612464905,-0.0005389477591961622,0.00012671324657276273,0.0007004989893175662,0.040821485221385956,0.55201256275177,0.0730331614613533,-0.47611767053604126,0.5837339162826538,0.49707847833633423,-1.9501454830169678,-0.3886585533618927,2.3665454387664795,1.0376121997833252,0.0005222914041951299,3.4953980502905324e-05,-0.0008169583161361516,-0.0014569463673979044,-0.000772051396779716,-0.00040746922604739666,0.0008455489296466112,0.6015815734863281,-1.9000075553776696e-05,0.09001855552196503,-0.0002094748051604256,0.9994140267372131,3.845560422632843e-05,-0.034226369112730026,4.883226938545704e-05,-7.623537385370582e-06,0.03239430487155914,-0.0006520157912746072,-0.0007246550521813333,0.9999995231628418,2.4304419639520347e-05,-0.01651817373931408,-0.0042206896468997,-0.9761244058609009,-0.004686462227255106,-0.09710568189620972,-0.0031238789670169353,0.0502995140850544,0.003813051152974367,0.9749690294265747,-0.005083455238491297,0.09476523101329803,0.003518992103636265,0.0016778111457824707,-1.1596433068916667e-05,0.024943634867668152,0.003995412960648537,0.004008403047919273,5.28198233951116e-06,7.5477000791579485e-06,,,,,3.892845747199849,,1320,0.9166666666666666
11.924999999989154,retreat,11.925000621937215,16.344112877554146,17.303550243377686,-0.5857348442077637,0.0022952772269491106,3.8483759524937016,0.050855855079134926,0.11869404022070311,0.2812131941318512,0.053069643676280975,7.091326713562012,-0.03726451541297138,70,0.33224034309387207,0.029969850555062294,0.0864705741405487,0.021868113428354263,-0.030884418447385542,-17.57154578925189,0.030376873910427094,0.007613644003868103,-0.2794640362262726,0.0008970212074927986,-0.05305086448788643,-0.0010899918852373958,0.0006934540579095483,0.033576350659132004,-0.00020095828222110868,0.9994359016418457,-3.7392223021015525e-05,0.0010474689770489931,0.0008158280397765338,0.09331115335226059,0.5676938891410828,-0.04405788704752922,-0.47611767053604126,0.5837339162826538,0.49707719683647156,-1.9501456022262573,-0.38866323232650757,2.366554021835327,1.0376121997833252,0.00027735979529097676,-0.00022149116557557136,-0.0005170156364329159,-0.0013141172239556909,-0.0010399817256256938,0.0037879461888223886,0.001342735136859119,0.6015833020210266,-1.96212058654055e-05,0.0900188758969307,-0.00020889237930532545,0.9994142055511475,3.946456854464486e-05,-0.03422211483120918,4.705623723566532e-05,-8.473354682791978e-06,0.03239508345723152,-0.0006462836754508317,-0.0007326304912567139,0.999999463558197,1.712240009510424e-05,0.015582315623760223,-0.0073379757814109325,-0.3317936062812805,0.004754502326250076,-0.029556147754192352,0.0014215619303286076,0.03824140504002571,0.007201788946986198,0.3299535810947418,0.003583644749596715,0.031823787838220596,-0.0016575921326875687,0.001677870750427246,-1.1206429917365313e-05,0.024943631142377853,0.003995407372713089,0.004008510150015354,5.556881205848185e-06,7.933733286336064e-06,,,,,3.892845747199849,,1320,0.9249999999999999
11.93333333332248,retreat,11.933333955705166,16.321273601050027,17.3035129904747,-0.5857944488525391,0.0024555774871259928,3.847968865343645,0.05425336348707788,0.11869404022070311,0.7457358241081238,0.054508958011865616,7.082688808441162,-0.036674631701316684,70,0.712449848651886,0.0666840448975563,0.05032996088266373,0.009443353861570358,-0.030774680490139872,-17.571480230003388,-0.06971347332000732,0.03287196159362793,-0.7417421340942383,0.0005776465404778719,-0.054496027529239655,-0.0010371728567406535,0.000691243214532733,0.0335727259516716,-0.00020714427228085697,0.9994360208511353,-0.000455394882010296,0.0007699615089222789,0.0008164767641574144,0.07622886449098587,0.5604695677757263,0.06027460843324661,-0.4761192798614502,0.5837327837944031,0.49707844853401184,-1.9501537084579468,-0.3886635899543762,2.366554021835327,1.0376121997833252,0.0003221311199013144,-8.545142190996557e-05,-0.000511371879838407,-0.0016936216270551085,-0.00038983733975328505,0.002162007847800851,0.0008263156050816178,0.6015798449516296,-1.894159140647389e-05,0.09001670032739639,-0.00020894742920063436,0.9994140863418579,4.0534261643188074e-05,-0.03422537446022034,5.0505856052041054e-05,-7.953436579555273e-06,0.03239264711737633,-0.0006531685357913375,-0.0007312746020033956,0.999999463558197,2.3211488951346837e-05,-0.018838418647646904,0.02845883183181286,-0.7116319537162781,-0.003903398523107171,-0.06654296070337296,-0.001886785845272243,0.029890822246670723,-0.02875583991408348,0.7112410068511963,0.0003266371786594391,0.06385660916566849,0.0018966614734381437,0.00167769193649292,-1.1511718184920028e-05,0.02494363859295845,0.003995401319116354,0.004008590243756771,5.376190529204905e-06,7.68143218010664e-06,,,,,3.892845747199849,,1320,0.9333333333333333
11.941666666655806,retreat,11.941667289473116,16.298190296737793,17.30246990919113,-0.5851387977600098,0.002568294803495519,3.8487321184818475,0.05101287388242781,0.11190581936148891,0.3043461740016937,0.05290393531322479,7.086630821228027,-0.03733005723915994,71,0.34548109769821167,0.04480576142668724,0.06257330626249313,0.00996568612754345,-0.030343335238285363,-17.570490220654236,0.033491913229227066,-0.022479891777038574,-0.30166131258010864,0.0012214285088703036,-0.05287730321288109,-0.0011512100463733077,0.0006930052186362445,0.03357959911227226,-0.00019451786647550762,0.9994358420372009,0.0004053572774864733,0.0003306089201942086,0.0009384728618897498,0.0612369179725647,0.5548352003097534,0.02161305770277977,-0.4761228561401367,0.5837289094924927,0.4970826506614685,-1.9501537084579468,-0.3886714577674866,2.3665647506713867,1.0376195907592773,0.00012240302748978138,-0.0003747201117221266,-0.0003015663824044168,-0.0012292712926864624,-0.0013735274551436305,0.0035970129538327456,0.00154692807700485,0.6015834212303162,-1.905194585560821e-05,0.09002017229795456,-0.0002077793178614229,0.999414324760437,3.9503029256593436e-05,-0.034217171370983124,4.7226203605532646e-05,-8.249156962847337e-06,0.03239526227116585,-0.0006380850099958479,-0.0007324009784497321,0.9999995231628418,1.1778568477893714e-05,-0.012375219725072384,-0.01611587218940258,-0.3448830544948578,0.00011776020983234048,-0.0448051393032074,0.00020430867152754217,0.01124075148254633,0.01597241871058941,0.3449286222457886,-0.0022249205503612757,0.04303352162241936,-3.5327524528838694e-05,0.0016780495643615723,-1.0883948561968282e-05,0.02494361624121666,0.003995394799858332,0.004008721560239792,5.292486093821935e-06,7.556896889582276e-06,,,,,3.892845747199849,,1320,0.9416666666666667
11.949999999989132,retreat,11.950000623241067,16.274863842415314,17.303866893053055,-0.5858540534973145,0.002224729541921988,3.8457291169084447,0.05533242438104935,0.12511451142200766,1.0749258995056152,0.053840380162000656,7.02995491027832,-0.036084744351683185,70,1.0032182931900024,0.0754663422703743,0.0923742726445198,0.01148395985364914,-0.03128905833000317,-17.571678393960294,-0.05774734914302826,0.016123756766319275,-1.0732524394989014,0.0006854255334474146,-0.05382588878273964,-0.0010443386854603887,0.0006954548298381269,0.033553481101989746,-0.00020290332031436265,0.9994366765022278,-0.0008596060797572136,0.0006291058962233365,0.0005971424980089068,0.06577245146036148,0.568781852722168,-0.03806962072849274,-0.4761219918727875,0.5837268829345703,0.4970821440219879,-1.950165867805481,-0.38867467641830444,2.3665647506713867,1.0376195907592773,0.0006416219985112548,0.00011130872007925063,-0.0010318666463717818,-0.0019539007917046547,-0.0006278881919570267,0.0021662702783942223,0.000937048636842519,0.601578414440155,-1.7573162040207535e-05,0.09001677483320236,-0.0002063826977973804,0.9994141459465027,4.280033317627385e-05,-0.034221719950437546,5.166558548808098e-05,-6.524758646264672e-06,0.0323929637670517,-0.0006687709828838706,-0.0007378069567494094,0.9999994039535522,2.1751307940576226e-05,-0.07091745734214783,0.016626885160803795,-1.0005704164505005,-0.001981820445507765,-0.0754210576415062,-0.0017047289293259382,-0.002307780086994171,-0.017043763771653175,1.0030702352523804,0.0005246460204944015,0.06522708386182785,0.0016999361105263233,0.0016767382621765137,-1.1306196938676294e-05,0.02494370937347412,0.003995389211922884,0.0040088617242872715,5.2990303629485425e-06,7.565744454041123e-06,,,,,3.892845747199849,,1320,0.95
11.958333333322457,retreat,11.958333957009017,16.251295115880453,17.30257049202919,-0.5849599838256836,0.0024177797968150117,3.8486303601292433,0.05025907012168318,0.11869404022070311,0.15816639363765717,0.051013343036174774,6.988469123840332,-0.03733005723915994,71,0.18452075123786926,0.03785199671983719,0.121369868516922,0.0183731596916914,-0.02996838138642488,-17.570583727844323,0.10985857993364334,-0.06556699424982071,-0.09299823641777039,0.0017841837834566832,-0.05096623674035072,-0.0012729618465527892,0.0007043928490020335,0.03357861936092377,-0.00018615557928569615,0.9994357824325562,0.0006001262227073312,0.0002904001157730818,0.001005551777780056,0.07639937847852707,0.5553733110427856,0.016507333144545555,-0.47612205147743225,0.5837268829345703,0.49708279967308044,-1.950165867805481,-0.3886869549751282,2.3665874004364014,1.0376343727111816,0.0003270573797635734,-0.0003722956753335893,-0.0007257620454765856,-0.0009351975750178099,-0.0022255750373005867,0.00488145649433136,0.001990391407161951,0.6015836596488953,-1.7330490663880482e-05,0.09001877903938293,-0.00020518146629910916,0.9994145631790161,3.955976353609003e-05,-0.03420967981219292,4.659267142415047e-05,-6.546095391968265e-06,0.03239397704601288,-0.0006315637729130685,-0.0007440387853421271,0.999999463558197,6.408718491002219e-06,-0.03373990207910538,-0.05270127207040787,-0.17358601093292236,0.004576648585498333,-0.037570856511592865,0.0005084032309241593,-0.02179466187953949,0.05262741073966026,0.17550858855247498,-0.003067939542233944,0.03270462900400162,-0.00028864602791145444,0.0016779899597167969,-1.048515423462959e-05,0.024943619966506958,0.0039953868836164474,0.004008966032415628,5.370943199523026e-06,7.668655598536134e-06,,,,,3.892845747199849,,1320,0.9583333333333334
11.966666666655783,retreat,11.966667290776968,16.22748499493109,17.30330064892769,-0.5854964256286621,0.002037838385149371,3.847052761992202,0.05155814505997114,0.11190581936148891,1.0310322046279907,0.055563993752002716,7.124057769775391,-0.036084744351683185,71,0.949920117855072,0.08213687688112259,0.11933998018503189,0.023774120956659317,-0.030119451694190502,-17.571204188194333,-0.13939717411994934,-0.026891864836215973,-1.0212113857269287,0.0013053063303232193,-0.05553528666496277,-0.0012187708634883165,0.0006920445594005287,0.033564843237400055,-0.00020114013750571758,0.9994363188743591,-0.0005646504578180611,0.0004604905261658132,0.0006180306081660092,0.08608260005712509,0.5498560667037964,0.035772450268268585,-0.4761222302913666,0.5837229490280151,0.49708157777786255,-1.9501713514328003,-0.38869258761405945,2.3665874004364014,1.0376343727111816,0.0005828398279845715,-0.00012796855298802257,-0.0011628122301772237,-0.0016577859641984105,-0.0009505640482529998,0.0006102023180574179,0.0008658217848278582,0.6015819311141968,-1.83236479642801e-05,0.09001841396093369,-0.0002023246925091371,0.9994146227836609,4.178894960205071e-05,-0.034210365265607834,4.785158671438694e-05,-7.348800863837823e-06,0.03239426761865616,-0.0006460393196903169,-0.0007333133253268898,0.9999995231628418,2.3888984287623316e-05,-0.019856451079249382,-0.017534973099827766,-0.9495506882667542,0.0012995853321626782,-0.08208523690700531,-0.002606094116345048,0.0451197475194931,0.01715174876153469,0.9486929178237915,-0.001065066666342318,0.07926099002361298,0.0027161226607859135,0.0016772747039794922,-1.1212756362510845e-05,0.02494366466999054,0.0039953868836164474,0.004009072203189135,5.387884812080301e-06,7.695227395743132e-06,,,,,3.892845747199849,,1320,0.9666666666666667
11.974999999989109,retreat,11.975000624544919,16.20343435736509,17.30344220995903,-0.5855560302734375,0.0022845197236165404,3.8475108408927814,0.05316797978593968,0.10467831195095843,0.37996241450309753,0.05308958888053894,7.054222583770752,-0.036674631701316684,70,0.42553967237472534,0.03516404703259468,0.06572957336902618,0.015377180650830269,-0.030206635012291372,-17.57137760125831,-0.006857795640826225,0.0159759521484375,-0.37956446409225464,0.0009632705477997661,-0.05306820198893547,-0.0011586552718654275,0.0006904893089085817,0.03356874734163284,-0.0001999335509026423,0.9994361996650696,-0.00010693290096241981,0.000559047213755548,0.0008490912150591612,0.0757916122674942,0.5603542923927307,-0.0008657394209876657,-0.4761224389076233,0.5837214589118958,0.49707934260368347,-1.9501783847808838,-0.388696551322937,2.3665928840637207,1.0376343727111816,0.00023271485406439751,-0.0003921221068594605,-0.0006533407140523195,-0.001588861458003521,-0.000710064428858459,0.0034205536358058453,0.000994988949969411,0.6015802621841431,-1.944241375895217e-05,0.09001704305410385,-0.00020091819169465452,0.9994146227836609,4.308587813284248e-05,-0.03421014919877052,4.93593979626894e-05,-8.80845618667081e-06,0.03239293396472931,-0.0006419127457775176,-0.0007330531370826066,0.9999995827674866,2.4077731723082252e-05,0.025271371006965637,-0.0005336353788152337,-0.42478829622268677,0.003930739127099514,-0.03493480756878853,0.0007865785155445337,0.054259322583675385,0.00036681885831058025,0.4220660626888275,0.0037843280006200075,0.03860728070139885,-0.0010321810841560364,0.0016775131225585938,-1.114998394768918e-05,0.024943657219409943,0.003995388746261597,0.004009154625236988,5.337065431376686e-06,7.617520168423653e-06,,,,,3.892845747199849,,1320,0.975
11.983333333322435,retreat,11.983333958312869,16.179144080980326,17.302339524030685,-0.585019588470459,0.0024468545234412886,3.84720546101023,0.05249945024843328,0.13122122080831475,0.6869636178016663,0.052710384130477905,6.999232292175293,-0.036674631701316684,70,0.6799807548522949,0.06143690273165703,0.014371193014085293,0.002772805979475379,-0.029472728143446147,-17.570253681064205,-0.009737260639667511,0.04416567087173462,-0.6854732632637024,0.0005940628470852971,-0.05269601196050644,-0.0010779916774481535,0.0006876647821627557,0.0335661843419075,-0.0002005636051762849,0.9994361996650696,8.284211799036711e-05,0.0005796084878966212,0.0008259315509349108,0.07577775418758392,0.5421625971794128,-0.0019105158280581236,-0.47612622380256653,0.5837140679359436,0.49708428978919983,-1.950181245803833,-0.38869646191596985,2.3665964603424072,1.0376343727111816,0.00018615460430737585,-0.00030027588945813477,-0.000449881365057081,-0.001658055349253118,-0.0002884989371523261,0.003083091462031007,0.0007281954167410731,0.6015813946723938,-1.901658106362447e-05,0.0900208055973053,-0.0002007870061788708,0.9994146823883057,4.366357461549342e-05,-0.0342060886323452,4.868302494287491e-05,-8.5536485130433e-06,0.0323956161737442,-0.0006404165760613978,-0.0007307844352908432,0.9999993443489075,2.4757753635640256e-05,-0.04430411756038666,0.0334664061665535,-0.6777101159095764,-0.0038836016319692135,-0.061299245804548264,-0.0013464685762301087,0.0021385326981544495,-0.033740848302841187,0.6791397333145142,0.0010312760714441538,0.05493129417300224,0.0013021354097872972,0.0016773343086242676,-1.1176640327903442e-05,0.02494366466999054,0.003995391074568033,0.00400922168046236,5.303336365614086e-06,7.578986696898937e-06,,,,,3.892845747199849,,1320,0.9833333333333333
11.99166666665576,retreat,11.99166729208082,16.154615043574665,17.30402335524559,-0.5857348442077637,0.00218166496779304,3.8434880652476062,0.057043336710194126,0.11869404022070311,1.055555820465088,0.05157401040196419,6.932559967041016,-0.036084744351683185,71,1.0093432664871216,0.06836605072021484,0.04980975762009621,0.0005208090296946466,-0.03196385782212019,-17.571679026503322,0.030778009444475174,0.01961551606655121,-1.054924726486206,0.0007589171873405576,-0.05155695229768753,-0.001087849261239171,0.0007027750252746046,0.03353392705321312,-0.00019334196986164898,0.9994373321533203,-0.0008699925383552909,0.0006128265522420406,0.000597589067183435,0.06625743210315704,0.5807340741157532,-0.011313985101878643,-0.4761244058609009,0.5837124586105347,0.4970805048942566,-1.9501959085464478,-0.38869717717170715,2.3666021823883057,1.0376343727111816,0.0008093655342236161,0.00021483309683389962,-0.001307651400566101,-0.002030459465458989,-0.0005679634632542729,0.0038269793149083853,0.0009601059136912227,0.6015760898590088,-1.8350947357248515e-05,0.09001637250185013,-0.0002003707195399329,0.9994146227836609,4.504823300521821e-05,-0.034209854900836945,5.3318217396736145e-05,-7.653470674995333e-06,0.03239256888628006,-0.0006764609715901315,-0.0007474938174709678,0.999999463558197,1.8524724509916268e-05,-0.11611991375684738,0.021567823365330696,-1.0024094581604004,-0.003986563999205828,-0.06824792176485062,-0.0004954163450747728,-0.0473020002245903,-0.021978257223963737,1.0079951286315918,-0.0008464518468827009,0.051526010036468506,0.0005753823788836598,0.001675724983215332,-1.0839999049494509e-05,0.024943776428699493,0.003995396662503481,0.004009323660284281,5.309067091729958e-06,7.580762030556798e-06,,,,,3.892845747199849,,1320,0.9916666666666667
11.999999999989086,retreat,12.00000062584877,16.129848122945987,17.30210855603218,-0.5843043327331543,0.002592794771771878,3.847714414036419,0.050761125748977065,0.12511451142200766,0.24206124246120453,0.04878098517656326,6.844114303588867,-0.03733005723915994,74,0.2638240158557892,0.047373216599226,0.12302255630493164,0.015925023704767227,-0.029182861224398948,-17.57005810256954,0.17378829419612885,-0.024442903697490692,-0.16671477258205414,0.0014128516195341945,-0.04874522611498833,-0.001221192767843604,0.0006999185425229371,0.03357081115245819,-0.00019019871251657605,0.9994360208511353,0.0008829687722027302,-0.002533724531531334,0.0008394705946557224,0.20084790885448456,0.5503538250923157,0.044385042041540146,-0.47612401843070984,0.5837124586105347,0.4970824718475342,-1.9501959085464478,-0.38870909810066223,2.366631507873535,1.0376490354537964,0.00047675875248387456,-0.00011755490413634107,-0.0007693594670854509,-0.0007602814002893865,-0.0019222957780584693,0.006052664015442133,0.001841037767007947,0.6015827655792236,-1.607407830306329e-05,0.09001874178647995,-0.00020039784430991858,0.9994150996208191,4.309834184823558e-05,-0.034194495528936386,4.7120265662670135e-05,-5.782105290563777e-06,0.03239337354898453,-0.0006241825758479536,-0.0007428032113239169,0.9999994039535522,1.5181116395979188e-05,-0.10050026327371597,-0.014511683955788612,-0.24349993467330933,-8.748833352001384e-05,-0.04737295210361481,-0.0001326590427197516,-0.08362330496311188,0.014404833316802979,0.24980545043945312,-0.0021736074704676867,0.03286544606089592,0.0002937130630016327,0.0016775727272033691,-1.0679414117475972e-05,0.024943649768829346,0.003995395265519619,0.004008190240710974,-2.532062353566289e-06,-3.614262823248282e-06,,,,,3.892845747199849,,1320,1.0
12.008333333322412,retreat,12.00833395961672,16.104844196892156,17.303218692541122,-0.5855560302734375,0.002078940269711893,3.8463400865404793,0.04939347491017543,0.12511451142200766,1.105863332748413,0.0557473748922348,7.147571563720703,-0.03549486064002849,71,1.0153024196624756,0.08952987194061279,0.14060205221176147,0.03142504394054413,-0.02962363022379577,-17.571072676638746,-0.162529855966568,-0.08218034356832504,-1.0907630920410156,0.0020352122373878956,-0.05569247156381607,-0.0014058215310797095,0.000700213189702481,0.033558715134859085,-0.00019693189824465662,0.9994364380836487,-0.0005101475981064141,-0.0019585052505135536,0.00046138622565194964,0.12875625491142273,0.5467844009399414,0.09916713833808899,-0.4761231541633606,0.5837104320526123,0.49708032608032227,-1.9501960277557373,-0.38871902227401733,2.366631269454956,1.0376490354537964,0.0008100884733721614,2.0720182874356396e-05,-0.0014689115341752768,-0.0013228901661932468,-0.0014941635308787227,-7.663325231987983e-05,0.0011641742894425988,0.6015830039978027,-1.7897680663736537e-05,0.09001917392015457,-0.00019628574955277145,0.9994151592254639,4.651572089642286e-05,-0.03419340401887894,4.566879943013191e-05,-7.364884368143976e-06,0.03239502012729645,-0.0006351890042424202,-0.0007461445638909936,0.9999994039535522,2.6146750315092504e-05,-0.019682802259922028,-0.051821984350681305,-1.0137879848480225,0.00041516669443808496,-0.08948914706707001,-0.0026680496521294117,0.04964832961559296,0.051425375044345856,1.012783408164978,-0.006886978168040514,0.08669013530015945,0.0031774097587913275,0.0016769766807556152,-1.1015958989446517e-05,0.02494368702173233,0.003995395265519619,0.004008283372968435,5.0826347433030605e-06,7.259310223162174e-06,,,,,3.892845747199849,,1320,1.0083333333333333
12.016666666655738,retreat,12.016667293384671,16.079604143211043,17.303889244794846,-0.5857944488525391,0.0018028249542112462,3.8465946286224537,0.053882173233432695,0.11869404022070311,0.48435935378074646,0.05430355295538902,7.114776611328125,-0.036674631701316684,71,0.5231446027755737,0.03242287412285805,0.05437885969877243,0.0138039356097579,-0.03029049266478978,-17.57176092822427,-0.0799611434340477,0.03275309503078461,-0.4765893816947937,0.0009185175294987857,-0.054282378405332565,-0.0012064281618222594,0.0006821366841904819,0.03356083109974861,-0.000203591218451038,0.9994363784790039,-0.0003456958511378616,0.00029153580544516444,0.0009230075520463288,0.043241292238235474,0.5627826452255249,0.06829426437616348,-0.47612279653549194,0.5837104320526123,0.4970764219760895,-1.950205683708191,-0.38872066140174866,2.366631269454956,1.0376490354537964,0.0003106818185187876,-0.00030446238815784454,-0.0007452892023138702,-0.0015989368548616767,-0.000427276361733675,0.0023375137243419886,0.0008046041475608945,0.6015784740447998,-1.9396225980017334e-05,0.09001529961824417,-0.00019500806229189038,0.9994150400161743,4.651364724850282e-05,-0.034198272973299026,5.004717968404293e-05,-8.670947863720357e-06,0.03239153325557709,-0.0006379432161338627,-0.0007278089178726077,0.999999463558197,3.346338780829683e-05,0.0740683376789093,0.0030388054437935352,-0.5178657174110413,0.005747773218899965,-0.03190213441848755,0.0006779516697861254,0.10929485410451889,-0.0032311377581208944,0.5115900635719299,0.006118133198469877,0.04262905567884445,-0.001081421272829175,0.001677095890045166,-1.1318477845634334e-05,0.024943679571151733,0.00399539340287447,0.004008355550467968,5.286887244437821e-06,7.546623237431049e-06,,,,,3.892845747199849,,1320,1.0166666666666666
12.024999999989063,retreat,12.025000627152622,16.05412883970052,17.301490157842636,-0.584721565246582,0.0022337771952152252,3.847154562009969,0.05161405715625733,0.11869404022070311,0.4945657551288605,0.05322284251451492,7.092838764190674,-0.03726451541297138,71,0.5246447324752808,0.0481220968067646,0.040087584406137466,0.004504952114075422,-0.028193374862894416,-17.569400775667493,-0.02329093962907791,0.04808776080608368,-0.49167102575302124,0.0006842490402050316,-0.05320636183023453,-0.0011339362245053053,0.0006851540529169142,0.03356599435210228,-0.00019682869606185704,0.9994361996650696,0.0005366497789509594,0.0011080934200435877,0.0008786090766079724,0.10584045201539993,0.5257185101509094,-0.08130066096782684,-0.47612830996513367,0.5837000608444214,0.4970855712890625,-1.9502060413360596,-0.3887229263782501,2.366633415222168,1.0376490354537964,-9.775803482625633e-05,-0.0005325132515281439,-3.9146485505625606e-05,-0.001447418238967657,-0.0002244990464532748,0.00283218827098608,0.0007440269109793007,0.6015816330909729,-1.7828282580012456e-05,0.09002234786748886,-0.00019446422811597586,0.9994152784347534,4.869815893471241e-05,-0.03419133648276329,4.783365875482559e-05,-7.572169124614447e-06,0.03239631652832031,-0.0006258299690671265,-0.0007332232780754566,0.999999463558197,2.7421814593253657e-05,0.007829904556274414,0.031117526814341545,-0.5236625671386719,-0.003279459197074175,-0.04799764230847359,-0.0010989642469212413,0.04360273480415344,-0.031318455934524536,0.5218908190727234,0.001280288677662611,0.04915355145931244,0.0010343736503273249,0.0016773343086242676,-1.0985780136252288e-05,0.02494366466999054,0.003995389677584171,0.004008473828434944,5.5430100474040955e-06,7.913331501185894e-06,,,,,3.892845747199849,,1320,1.025
12.033333333322389,retreat,12.033333960920572,16.02841916415846,17.304321378469467,-0.5853772163391113,0.0020558436517603695,3.8400220530979245,0.05767279799329117,0.13705609666978325,1.6125770807266235,0.05036849528551102,6.824024200439453,-0.036084744351683185,71,1.503861904144287,0.08300106972455978,0.12423797696828842,0.0049129691906273365,-0.03257887967629358,-17.571736042670157,0.0387541726231575,-0.017348453402519226,-1.61201810836792,0.001210315735079348,-0.05033944174647331,-0.0012087974464520812,0.0007076687761582434,0.03350381180644035,-0.00019425999198574573,0.9994382858276367,-0.0014909307938069105,0.0007284553721547127,0.0004186650039628148,0.08364559710025787,0.5897966027259827,0.03826843574643135,-0.4761245846748352,0.5836975574493408,0.497079074382782,-1.9502215385437012,-0.38872411847114563,2.366636276245117,1.0376490354537964,0.0012994800927117467,0.0005090849590487778,-0.002126342849805951,-0.0023513343185186386,-0.0007496809703297913,0.00346310599707067,0.0009654431487433612,0.6015750765800476,-1.829479879233986e-05,0.09001737833023071,-0.00019232054182793945,0.9994149804115295,5.0271759391762316e-05,-0.03419698402285576,5.394057370722294e-05,-8.003193215699866e-06,0.032393768429756165,-0.0006937080761417747,-0.0007572950562462211,0.9999992847442627,2.7817553927889094e-05,-0.19379699230194092,0.0009243153035640717,-1.4913222789764404,-0.0028694807551801205,-0.0829453319311142,-0.0010076796170324087,-0.09140578657388687,-0.0015144887147471309,1.501080870628357,-0.002677484881132841,0.055028222501277924,0.001212997012771666,0.0016742348670959473,-1.0893023500102572e-05,0.024943873286247253,0.003995385952293873,0.004008608404546976,5.445654096547514e-06,7.77695095166564e-06,,,,,3.892845747199849,,1320,1.0333333333333332
12.041666666655715,retreat,12.041667294688523,16.002475994382735,17.30271950364113,-0.5849599838256836,0.002227297954959795,3.84720546101023,0.049710382882039994,0.11869404022070311,0.22192145884037018,0.04764885455369949,6.809073448181152,-0.036674631701316684,71,0.12185655534267426,0.034577954560518265,0.18652072548866272,0.026106631383299828,-0.029695783770876005,-17.57063366067465,0.21794164180755615,0.013497114181518555,0.03960306942462921,0.001194604323245585,-0.04761787876486778,-0.001234438386745751,0.0006904297042638063,0.03356657549738884,-0.0001860496267909184,0.9994361996650696,0.0009683665120974183,0.00044329531374387443,0.0010570669546723366,0.0665888786315918,0.5666085481643677,0.0265048835426569,-0.47612279653549194,0.5836975574493408,0.4970757067203522,-1.9502215385437012,-0.38873523473739624,2.3666698932647705,1.037662148475647,0.000578167790081352,-3.600159107008949e-05,-0.0009126607328653336,-0.0007260653073899448,-0.0018194371368736029,0.007449873257428408,0.001822488266043365,0.6015824675559998,-1.848776446422562e-05,0.09001937508583069,-0.00019215901556890458,0.9994155764579773,4.688885746872984e-05,-0.03418024256825447,4.5924680307507515e-05,-8.371411240659654e-06,0.032394640147686005,-0.0006141554331406951,-0.0007369811646640301,0.999999463558197,1.9061373677686788e-05,-0.08925160765647888,0.00015882185834925622,-0.08296471834182739,0.001069596502929926,-0.0345582440495491,0.0004678201803471893,-0.08337485045194626,-0.00019995891489088535,0.08886852860450745,0.0010555366752669215,0.021668564528226852,-0.000533668848220259,0.001677393913269043,-1.0456004929437768e-05,0.02494366466999054,0.003995379898697138,0.004008722025901079,5.294603852235014e-06,7.5613206718117e-06,,,,,3.892845747199849,,1320,1.0416666666666667
12.04999999998904,retreat,12.050000628456473,15.976300208171208,17.30329692363739,-0.5853176116943359,0.0019763992895605043,3.844761550062312,0.051113467634422705,0.11190581936148891,1.304297685623169,0.05522223562002182,7.0933074951171875,-0.036084744351683185,71,1.1950291395187378,0.10024477541446686,0.1701006442308426,0.03780505806207657,-0.029281969647854567,-17.571041145644937,-0.1717832088470459,0.033238619565963745,-1.2925084829330444,0.0008514769724570215,-0.0552024245262146,-0.0012094425037503242,0.0006884101312607527,0.033545225858688354,-0.00019608266302384436,0.9994369745254517,-0.0006474736146628857,0.000660786172375083,0.0005098338588140905,0.07701823860406876,0.5448824763298035,-0.03173844888806343,-0.4761219918727875,0.5836964249610901,0.49707576632499695,-1.9502252340316772,-0.3887377381324768,2.366668939590454,1.037662148475647,0.00079897086834535,0.00035453613963909447,-0.0011042667319998145,-0.001528961700387299,-0.0001736092963255942,0.0003218103665858507,0.0005590375512838364,0.6015806794166565,-1.7385133105563e-05,0.09001828730106354,-0.0001910381397465244,0.9994155764579773,4.9136906454805285e-05,-0.034181859344244,4.74217813462019e-05,-7.095306500559673e-06,0.03239404037594795,-0.0006371304043568671,-0.0007368248770944774,0.9999995231628418,3.0219836844480596e-05,-0.048463862389326096,0.03712894767522812,-1.1934685707092285,-0.008422977291047573,-0.0998447984457016,-0.003014050191268325,0.033194851130247116,-0.037586040794849396,1.1939762830734253,-0.002862325869500637,0.09289857000112534,0.003253796137869358,0.001676321029663086,-1.095325751521159e-05,0.02494373545050621,0.003995376173406839,0.004008853808045387,5.313050223776372e-06,7.5932766776531935e-06,,,,,3.892845747199849,,1320,1.05
12.058333333322366,retreat,12.058333962224424,15.949892683321758,17.30330064892769,-0.5847811698913574,0.0021860805645701475,3.8459836993659935,0.05030968168284744,0.11869404022070311,0.38852378726005554,0.05151224136352539,6.944059371948242,-0.036674631701316684,70,0.45481202006340027,0.030002232640981674,0.09230005741119385,0.017939481884241104,-0.029207772371592,-17.571129851986896,0.009327124804258347,-0.04121211916208267,-0.38621923327445984,0.0018446551403030753,-0.05146002024412155,-0.0014051380567252636,0.0007034796290099621,0.03355558589100838,-0.00017801990907173604,0.999436616897583,5.608912761090323e-05,0.0004062177031300962,0.0008724742801859975,0.0764811784029007,0.5518813133239746,0.02328610233962536,-0.4761206805706024,0.5836964249610901,0.49707460403442383,-1.9502252340316772,-0.38874539732933044,2.3666739463806152,1.037668228149414,0.0004738552088383585,-0.00012540581519715488,-0.0008145665633492172,-0.0010960454819723964,-0.001420962275005877,0.0032494012266397476,0.0015861538704484701,0.6015819311141968,-1.800163954612799e-05,0.09001871943473816,-0.00018860700947698206,0.9994156360626221,4.894434823654592e-05,-0.0341789536178112,4.655006341636181e-05,-8.078415703494102e-06,0.032394520938396454,-0.0006238612113520503,-0.0007522266823798418,0.999999463558197,1.5101667486305814e-05,0.02651781402528286,-0.03578312695026398,-0.4526260495185852,0.003146084723994136,-0.029818397015333176,0.0010484741069376469,0.05737532675266266,0.03561694175004959,0.44977059960365295,-0.0020968522876501083,0.03367054834961891,-0.0008961866842582822,0.0016768574714660645,-1.0076264516101219e-05,0.024943701922893524,0.003995375242084265,0.004008977673947811,5.358338057703804e-06,7.650058250874281e-06,,,,,3.892845747199849,,1320,1.0583333333333333
12.066666666655692,retreat,12.066667295992374,15.923254297632253,17.303092032670975,-0.5852580070495605,0.0020347952158772387,3.8445578207966284,0.05145314571564086,0.13122122080831475,1.0200339555740356,0.05447253957390785,7.095953941345215,-0.036084744351683185,71,0.974538266658783,0.06634362041950226,0.06835707277059555,0.012419099919497967,-0.029601105314213783,-17.57082208853558,-0.12452918291091919,0.014222532510757446,-1.0123040676116943,0.001167811919003725,-0.05444464087486267,-0.001294302986934781,0.0006969434325583279,0.03354332968592644,-0.0001880923518911004,0.9994369149208069,-0.0004658729303628206,0.0005796111072413623,0.0006434050155803561,0.08206599205732346,0.5493279695510864,0.0048394338227808475,-0.4761216938495636,0.5836930274963379,0.49707597494125366,-1.9502307176589966,-0.38875100016593933,2.3666739463806152,1.037668228149414,0.0005013496265746653,-3.382466093171388e-05,-0.0008569122292101383,-0.001696433057077229,-0.0004717199772130698,0.0011147172190248966,0.0008212467073462903,0.6015803217887878,-1.8265334801981226e-05,0.09001859277486801,-0.00018650200217962265,0.9994156360626221,5.138558481121436e-05,-0.03417934477329254,4.768231883645058e-05,-8.332328434335068e-06,0.03239411115646362,-0.000636512297205627,-0.0007477184408344328,0.9999993443489075,2.7131400202051736e-05,0.002825580770149827,0.010981453582644463,-0.9744722843170166,-0.0014832315500825644,-0.06628722697496414,-0.002297753933817148,0.06939471513032913,-0.011340964585542679,0.9719980359077454,0.0002458780072629452,0.06674101203680038,0.0023115482181310654,0.0016762018203735352,-1.05682120192796e-05,0.02494373917579651,0.003995377570390701,0.0040091341361403465,5.347540081857005e-06,7.637107046321034e-06,,,,,3.892845747199849,,1320,1.0666666666666667
12.074999999989018,retreat,12.075000629760325,15.896385928900564,17.30309948325157,-0.5846619606018066,0.0022174381228978746,3.8443031440545226,0.05262710328679532,0.11869404022070311,0.720521092414856,0.05098490044474602,6.893723487854004,-0.036674631701316684,71,0.7419608235359192,0.04339323192834854,0.04281007498502731,0.012185944244265556,-0.029439940175507218,-17.5708118303786,0.016143016517162323,0.011083975434303284,-0.7202549576759338,0.0012535338755697012,-0.05095293000340462,-0.0012990818358957767,0.0007019807235337794,0.033541034907102585,-0.0001821579789975658,0.9994370341300964,-0.00021824998839292675,0.0005397049244493246,0.0007764109177514911,0.07429519295692444,0.5521296262741089,-0.01910199038684368,-0.4761226177215576,0.5836904048919678,0.4970764219760895,-1.9502367973327637,-0.3887566030025482,2.366680383682251,1.037668228149414,0.0004688326735049486,-9.072772809304297e-05,-0.0008205821504816413,-0.0016514505259692669,-0.0008254754357039928,0.003542838618159294,0.001246894127689302,0.6015796065330505,-1.802139013307169e-05,0.09001845866441727,-0.00018508938956074417,0.9994157552719116,5.4253592679742724e-05,-0.03417742997407913,4.8857880756258965e-05,-8.368519047508016e-06,0.03239390254020691,-0.0006368894246406853,-0.0007557786884717643,0.999999463558197,2.287998540850822e-05,-0.03032977133989334,0.004485770128667355,-0.7413271069526672,0.00014858858776278794,-0.04339196905493736,0.00029552317573688924,0.020385242998600006,-0.004760952200740576,0.7416654229164124,0.0007646440644748509,0.03904678300023079,-0.0003342747804708779,0.0016760826110839844,-1.0280029528075829e-05,0.024943746626377106,0.003995381295681,0.004009247291833162,5.329326995706651e-06,7.606577128171921e-06,,,,,3.892845747199849,,1320,1.075
12.083333333322344,retreat,12.083333963528275,15.869288454924561,17.302831262350082,-0.5846619606018066,0.0021695905161323026,3.8437937400242514,0.052688163123093545,0.12511451142200766,0.9062403440475464,0.05115774646401405,6.9020586013793945,-0.036084744351683185,73,0.8962477445602417,0.0631483942270279,0.012173554860055447,0.001878068083897233,-0.029488790198229253,-17.57050818847141,0.0034621059894561768,0.00034236907958984375,-0.9062336683273315,0.001376597792841494,-0.051121778786182404,-0.0013356022536754608,0.0007027364335954189,0.03353668749332428,-0.00017966414452530444,0.999437153339386,-0.00022577375057153404,0.0004687496111728251,0.0007166235009208322,0.07582486420869827,0.5489891171455383,-0.0025617931969463825,-0.47612351179122925,0.5836869478225708,0.49707794189453125,-1.950240969657898,-0.3887622356414795,2.3666844367980957,1.037668228149414,0.0006077580037526786,1.8209782865596935e-05,-0.001008521532639861,-0.0016391100361943245,-0.0010023607173934579,0.0032392467837780714,0.001277712406590581,0.6015794277191162,-1.7680289602139965e-05,0.09001916646957397,-0.00018355548672843724,0.9994158148765564,5.7010012824321166e-05,-0.034175433218479156,4.8936810344457626e-05,-8.084552973741665e-06,0.032394327223300934,-0.0006392401410266757,-0.0007593185873702168,0.9999994039535522,2.203592157457024e-05,-0.07046689838171005,0.0036999571602791548,-0.8934655785560608,-0.002375438343733549,-0.06308849900960922,-0.0013850841205567122,-0.009268421679735184,-0.004033192992210388,0.8961907625198364,-0.0017546077724546194,0.0529513917863369,0.0015273429453372955,0.0016759037971496582,-1.0156523785553873e-05,0.0249437615275383,0.003995393868535757,0.004009414464235306,5.325890924723353e-06,7.604190614074469e-06,,,,,3.892845747199849,,1320,1.0833333333333333
12.09166666665567,retreat,12.091667297296226,15.841962753502116,17.30320379137993,-0.5847811698913574,0.0018215914678876288,3.8433352187561685,0.052841434808215126,0.11190581936148891,0.9069420099258423,0.05075204744935036,6.890345573425293,-0.036084744351683185,71,0.9021905660629272,0.060742124915122986,0.007112765219062567,0.0015480904839932919,-0.03050675173290074,-17.570848834570025,0.021816540509462357,-0.004440829157829285,-0.9066687226295471,0.0014649828663095832,-0.05071254074573517,-0.0013646684819832444,0.0006928443908691406,0.03353273496031761,-0.00018430517229717225,0.9994373917579651,-0.00026702755712904036,0.00017365720123052597,0.0008335824823006988,0.04460585489869118,0.562436044216156,0.08930882066488266,-0.47612264752388,0.5836853384971619,0.4970763027667999,-1.9502460956573486,-0.3887688219547272,2.3666911125183105,1.0376691818237305,0.0007629009196534753,0.00013351220695767552,-0.0012276765191927552,-0.0015919983852654696,-0.0011666809441521764,0.0036228634417057037,0.0014085464645177126,0.6015790104866028,-1.7903312254929915e-05,0.090018630027771,-0.00018154503777623177,0.9994158744812012,5.934920045547187e-05,-0.034173402935266495,4.9091409891843796e-05,-8.094746590359136e-06,0.03239414095878601,-0.0006411656504496932,-0.0007515454781241715,0.9999995231628418,2.8420174203347415e-05,-0.078846275806427,-0.0018812925554811954,-0.8987366557121277,-0.0007855542935431004,-0.060734011232852936,-0.0006070784875191748,-0.01727239415049553,0.0015484802424907684,0.9020236730575562,-0.0010259513510391116,0.04938724264502525,0.0006957734585739672,0.0016756653785705566,-1.037172205542447e-05,0.024943776428699493,0.003995390143245459,0.004008266143500805,5.283282007439993e-06,7.546506822109222e-06,,,,,3.892845747199849,,1320,1.0916666666666666
12.099999999988995,retreat,12.100000631064177,15.8144097024311,17.30301007628441,-0.5849599838256836,0.001988817530218512,3.8439975097249084,0.05149593926034868,0.11190581936148891,0.7991652488708496,0.0512726865708828,6.927368640899658,-0.03601920252549462,70,0.8078664541244507,0.05910487473011017,0.010485445149242878,0.0011935682268813252,-0.029928537842351943,-17.570701171372985,0.002353392541408539,0.01229889690876007,-0.7990671396255493,0.0013776286505162716,-0.05123569071292877,-0.0013764514587819576,0.0006928057409822941,0.0335383303463459,-0.00018630627891980112,0.9994372129440308,-8.487434388371184e-05,-0.00012578984024003148,0.0008370489231310785,0.03943704068660736,0.5549773573875427,0.08129280805587769,-0.476122111082077,0.5836848616600037,0.49707603454589844,-1.9502474069595337,-0.38877445459365845,2.366697311401367,1.0376691818237305,0.000654273375403136,9.815940575208515e-05,-0.0010113742901012301,-0.0014478614320978522,-0.0010138738434761763,0.003455568803474307,0.0013391801621764898,0.601580023765564,-1.8056907720165327e-05,0.09001898765563965,-0.00018020991410594434,0.9994159936904907,6.143500650068745e-05,-0.0341702476143837,4.770909436047077e-05,-8.506522135576233e-06,0.03239438682794571,-0.0006324078422039747,-0.0007534822216257453,0.9999995231628418,3.182372165611014e-05,-0.05272877588868141,0.00878253672271967,-0.8060960173606873,-0.001610400853678584,-0.05907580628991127,-0.0009174434817396104,0.0024521872401237488,-0.009076634421944618,0.8078117370605469,-0.00029070000164210796,0.05149637162685394,0.0009578384924679995,0.0016759634017944336,-1.0471849236637354e-05,0.0249437615275383,0.003995387814939022,0.004008325282484293,5.282009624352213e-06,7.54243228584528e-06,,,,,3.892845747199849,,1320,1.1
12.10833333332232,retreat,12.108333964832127,15.786630179509384,17.30312928557396,-0.5851387977600098,0.0018256296243635006,3.8436918511290052,0.0528891287103761,0.11869404022070311,0.9420759677886963,0.051919978111982346,6.936727046966553,-0.03601920252549462,70,0.9298454523086548,0.06192547455430031,0.02059713751077652,0.004063024185597897,-0.028982312243897468,-17.57079912692913,-0.03838157281279564,0.018990933895111084,-0.9411022067070007,0.0013174084015190601,-0.05188495293259621,-0.001378426095470786,0.0006946292123757303,0.03353589028120041,-0.0001809200766729191,0.9994372129440308,-0.00033468531910330057,0.001019970397464931,0.0006603917572647333,0.09419122338294983,0.5446988344192505,-0.027252623811364174,-0.47612184286117554,0.5836834907531738,0.4970763027667999,-1.9502516984939575,-0.3887800872325897,2.366697311401367,1.0376691818237305,0.0006556119187735021,0.00014462516992352903,-0.0009764591814018786,-0.0015788142336532474,-0.0007733856909908354,0.0027142632752656937,0.0012279696529731154,0.601578414440155,-1.7698204828775488e-05,0.09001779556274414,-0.00017833997844718397,0.999415934085846,6.440884317271411e-05,-0.03417138010263443,4.9136579036712646e-05,-8.112237992463633e-06,0.03239322453737259,-0.0006359831313602626,-0.0007583941915072501,0.999999463558197,2.8469083190429956e-05,-0.041472796350717545,0.01387623231858015,-0.9288164377212524,-0.0028869719244539738,-0.06185062602162361,-0.0009642394725233316,0.02206650748848915,-0.014209075830876827,0.9294748902320862,-0.0008284398354589939,0.05590450018644333,0.0010432887356728315,0.0016758441925048828,-1.0205663784290664e-05,0.0249437615275383,0.003995384089648724,0.004008484072983265,5.471617896546377e-06,7.815164281055331e-06,,,,,3.892845747199849,,1320,1.1083333333333334
12.116666666655647,retreat,12.116667298600078,15.758625062534838,17.30252578854561,-0.5843043327331543,0.0020918641894240864,3.8440484504648467,0.050919301429530606,0.10467831195095843,0.784130334854126,0.0504545234143734,6.87179708480835,-0.036674631701316684,70,0.8029537796974182,0.05354415252804756,0.03083042986690998,0.005217599216848612,-0.029046540439594537,-17.570220425758286,0.02661828324198723,-0.009051144123077393,-0.7836261987686157,0.0016786588821560144,-0.050405632704496384,-0.0014536785893142223,0.0007000240730121732,0.03353890776634216,-0.0001748656650306657,0.9994372129440308,8.507838356308639e-05,0.0005390328587964177,0.0008063804125413299,0.08487798273563385,0.5433471202850342,0.05042509734630585,-0.4761229455471039,0.5836813449859619,0.49707847833633423,-1.9502516984939575,-0.3887883424758911,2.3667056560516357,1.037680745124817,0.0006167455576360226,6.39003119431436e-05,-0.000939209247007966,-0.001318350899964571,-0.001262401114217937,0.0035442498046904802,0.0015719840303063393,0.6015809774398804,-1.7600072169443592e-05,0.090020090341568,-0.0001763940672390163,0.999416172504425,6.223931268323213e-05,-0.03416520357131958,4.71270177513361e-05,-8.401366358157247e-06,0.032395027577877045,-0.0006267837015911937,-0.0007617588271386921,0.9999995827674866,2.44721941271564e-05,-0.057673338800668716,-0.005752036813646555,-0.8008592128753662,-0.0009203783702105284,-0.053532905876636505,-0.0005976136308163404,-0.0028482340276241302,0.005465209484100342,0.8029301166534424,-0.0017182982992380857,0.04523838311433792,0.000731667154468596,0.001676023006439209,-9.912265340972226e-06,0.024943754076957703,0.0039953808300197124,0.004008633550256491,5.375140972319059e-06,7.670867489650846e-06,,,,,3.892845747199849,,1320,1.1166666666666667
12.124999999988972,retreat,12.125000632368028,15.730395229305334,17.303531616926193,-0.584721565246582,0.0018282189557794482,3.8425708952388575,0.05396311462391168,0.11869404022070311,1.2007197141647339,0.05103703588247299,6.8325114250183105,-0.03549486064002849,71,1.1585813760757446,0.06956938654184341,0.05436280742287636,0.006967270281165838,-0.029545308090746403,-17.57112351341774,-0.03326230123639107,0.00918017327785492,-1.2002238035202026,0.0014398929197341204,-0.050997138023376465,-0.001413304591551423,0.0006967613007873297,0.03352603688836098,-0.00017720094183459878,0.9994375705718994,-0.0006347578600980341,0.000556324899662286,0.0005857168580405414,0.07218952476978302,0.5561795234680176,-0.022640781477093697,-0.4761213958263397,0.5836799740791321,0.4970761239528656,-1.9502596855163574,-0.3887939751148224,2.3667056560516357,1.037680745124817,0.0009413424413651228,0.0003694475453812629,-0.001387862372212112,-0.0017084943829104304,-0.000856329221278429,0.002656609984114766,0.0012312625767663121,0.6015775799751282,-1.7608839698368683e-05,0.09001761674880981,-0.0001738025457598269,0.9994160532951355,6.521809700643644e-05,-0.03416828438639641,5.0199683755636215e-05,-8.32076693768613e-06,0.032393358647823334,-0.000642739178147167,-0.0007613085326738656,0.999999463558197,2.938784018624574e-05,-0.08071833103895187,0.01016924437135458,-1.1557214260101318,-0.0021926146000623703,-0.06951690465211868,-0.0015785556752234697,-0.001596689224243164,-0.010577063076198101,1.158531904220581,-0.0006304879207164049,0.05791334807872772,0.0016451568808406591,0.0016753673553466797,-1.0023046343121678e-05,0.024943798780441284,0.003995376173406839,0.0040087951347231865,5.295839855534723e-06,7.56300869397819e-06,,,,,3.892845747199849,,1320,1.125
12.133333333322298,retreat,12.133333966135979,15.701941557618744,17.3025444149971,-0.5841851234436035,0.002034926637861645,3.8446087541236356,0.049767211748985574,0.11190581936148891,0.5961453914642334,0.04934924840927124,6.797455787658691,-0.03601920252549462,71,0.6462554335594177,0.04579029977321625,0.07674138993024826,0.011307237669825554,-0.028308749373536557,-17.570278012468027,0.0641934797167778,-9.848177433013916e-05,-0.5926790833473206,0.001698172651231289,-0.04929769039154053,-0.0014839558862149715,0.0007010391564108431,0.03354393318295479,-0.00016936370229814202,0.9994370341300964,0.0003243441169615835,0.0005079893744550645,0.0008591547375544906,0.08024442195892334,0.539030134677887,-0.010533705353736877,-0.4761210083961487,0.5836799740791321,0.4970771074295044,-1.9502596855163574,-0.3888034522533417,2.3667235374450684,1.037696361541748,0.0006348547176457942,9.970140672521666e-05,-0.0009178472100757062,-0.001091223442927003,-0.0014071509940549731,0.004369392525404692,0.0017044729320332408,0.6015816926956177,-1.6722764485166408e-05,0.09001902490854263,-0.0001729980722302571,0.9994162917137146,6.130843394203112e-05,-0.03415869176387787,4.603853449225426e-05,-7.68551035434939e-06,0.03239401802420616,-0.0006152360583655536,-0.0007619234966114163,0.9999995231628418,2.2366721168509685e-05,-0.05338951572775841,-0.003926003351807594,-0.6440343260765076,-0.0001795826101442799,-0.045789800584316254,-0.00011529825133038685,-0.009292267262935638,0.0036988290958106518,0.6461780071258545,-0.0007463351939804852,0.03810640051960945,0.00017910022870637476,0.0016762614250183105,-9.63919774221722e-06,0.024943742901086807,0.003995372913777828,0.004008915740996599,5.330981821316527e-06,7.61219416745007e-06,,,,,3.892845747199849,,1320,1.1333333333333333
12.141666666655624,retreat,12.14166729990393,15.673264925272935,17.303121834993362,-0.5849599838256836,0.0017419897631043568,3.8433861682610235,0.050408711103955284,0.13122122080831475,1.1872600317001343,0.05395027995109558,7.025303840637207,-0.03542931881383993,71,1.132197618484497,0.07326004654169083,0.08897960931062698,0.01905880495905876,-0.028752375161275268,-17.57077042091977,-0.14823701977729797,-0.023773469030857086,-1.177729606628418,0.0019040420884266496,-0.05389438569545746,-0.0015499949222430587,0.0007058608462102711,0.033533062785863876,-0.00016905603115446866,0.9994372725486755,-0.0005388062563724816,0.0004680022830143571,0.000574253557715565,0.08535420149564743,0.5410434007644653,0.019432954490184784,-0.4761209785938263,0.5836777091026306,0.4970777928829193,-1.9502640962600708,-0.38880908489227295,2.3667235374450684,1.037696361541748,0.0007228237227536738,0.0001354396517854184,-0.0011451459722593427,-0.0016080917557701468,-0.0009206417016685009,0.0006552640115842223,0.0011801320360973477,0.6015803217887878,-1.659398913034238e-05,0.0900188460946083,-0.00017092218331526965,0.9994162917137146,6.415467942133546e-05,-0.03415923938155174,4.669581539928913e-05,-7.4040490289917216e-06,0.032394371926784515,-0.0006266581476666033,-0.0007695232634432614,0.9999993443489075,2.439513264107518e-05,-0.002880566520616412,-0.011431326158344746,-1.1321362257003784,-0.0023683111649006605,-0.0731825977563858,-0.0023942729458212852,0.07442555576562881,0.011049102991819382,1.129694938659668,-0.003863770514726639,0.07281795889139175,0.002688363194465637,0.001675724983215332,-9.631528882891871e-06,0.024943776428699493,0.003995372448116541,0.004009025637060404,5.362268439057516e-06,7.659225957468152e-06,,,,,3.892845747199849,,1320,1.1416666666666666
12.14999999998895,retreat,12.15000063367188,15.644366210065783,17.303166538476944,-0.5846619606018066,0.0018487417037249543,3.8433861682610235,0.05221313040237874,0.12511451142200766,0.8275879621505737,0.05063600465655327,6.828475475311279,-0.03601920252549462,70,0.8541362881660461,0.040169328451156616,0.04375413805246353,0.01220249105244875,-0.028594915405847132,-17.570815124403353,-0.013176292181015015,-0.02360658347606659,-0.8271462917327881,0.0020091086626052856,-0.05057157576084137,-0.0015761206159368157,0.0007055767928250134,0.03353327885270119,-0.00016683842113707215,0.9994372725486755,-0.000261542882071808,0.00045865465654060245,0.0007345509948208928,0.08376820385456085,0.5442049503326416,0.0009907858911901712,-0.47612059116363525,0.5836753845214844,0.49707648158073425,-1.9502694606781006,-0.3888165354728699,2.366725444793701,1.0377013683319092,0.0006427150219678879,-3.981019472121261e-05,-0.001149380928836763,-0.0015976831782609224,-0.0012548452941700816,0.00300686527043581,0.0015201863134279847,0.6015788316726685,-1.729458017507568e-05,0.09001804143190384,-0.0001678154949331656,0.9994162917137146,6.452704110415652e-05,-0.034159403294324875,4.8438785597682e-05,-8.4133971540723e-06,0.03239349275827408,-0.0006266048294492066,-0.0007695864769630134,0.9999994039535522,2.528473487473093e-05,-0.009402371011674404,-0.024577099829912186,-0.8537308573722839,0.003735454985871911,-0.03999520093202591,7.062338409014046e-05,0.048908531665802,0.024293167516589165,0.852388322353363,0.00016788765788078308,0.03867832571268082,-7.07189756212756e-05,0.001675724983215332,-9.520242201688234e-06,0.024943776428699493,0.0039953747764229774,0.004009139724075794,5.374711236072471e-06,7.676018867641687e-06,,,,,3.892845747199849,,1320,1.15
12.158333333322275,retreat,12.15833396743983,15.615246289795154,17.302503436803818,-0.5844235420227051,0.0018960108718601987,3.8427747296856554,0.05250863978289999,0.11869404022070311,0.9937657713890076,0.05120617151260376,6.897862911224365,-0.03601920252549462,70,0.9903256297111511,0.05869252607226372,0.008561257272958755,0.0023463310208171606,-0.02869672334054485,-17.57010950678501,-0.026893623173236847,0.016348063945770264,-0.993267297744751,0.001526593347080052,-0.051162004470825195,-0.0014800423523411155,0.000703927013091743,0.033527862280607224,-0.00017089112952817231,0.9994375109672546,-0.00011535225348779932,0.0005118635017424822,0.0007031778804957867,0.08491233736276627,0.5401725172996521,0.00020584455342032015,-0.4761221408843994,0.583670437335968,0.4970785677433014,-1.950273036956787,-0.38882216811180115,2.366726875305176,1.0377013683319092,0.0005904004792682827,-1.5363042621174827e-05,-0.0010250614723190665,-0.0016914206789806485,-0.0008119076956063509,0.0029163905419409275,0.00118427281267941,0.6015787720680237,-1.756692654453218e-05,0.09001985937356949,-0.0001654407096793875,0.9994164109230042,6.728538573952392e-05,-0.03415747359395027,4.8690009862184525e-05,-8.892215191735886e-06,0.03239463269710541,-0.000630092981737107,-0.0007704750751145184,0.999999463558197,3.1743042200105265e-05,-0.045406267046928406,0.0096045583486557,-0.9892375469207764,-0.0008824156830087304,-0.05866400524973869,-0.0016026949742808938,0.022241171449422836,-0.009933751076459885,0.9900259375572205,0.0005981629365123808,0.052152033895254135,0.0015826181042939425,0.001675426959991455,-9.71980898611946e-06,0.024943791329860687,0.003995378501713276,0.004009227734059095,5.3270514399628155e-06,7.605762220919132e-06,,,,,3.892845747199849,,1320,1.1583333333333332
12.166666666655601,retreat,12.16666730120778,15.585906042258921,17.303211241960526,-0.5847811698913574,0.0018167611415265128,3.841092772493667,0.0538507811143063,0.11190581936148891,1.2166748046875,0.04938874393701553,6.755064487457275,-0.03542931881383993,71,1.1925679445266724,0.06332127749919891,0.02463352680206299,0.002915652934461832,-0.029487816733308136,-17.57070035809085,0.028910957276821136,0.026358947157859802,-1.216045618057251,0.0014118769904598594,-0.04934699460864067,-0.0014589736238121986,0.0007087505073286593,0.03351302444934845,-0.00016748631605878472,0.9994380474090576,-0.000552646757569164,0.0005804811371490359,0.0006065712077543139,0.07817237824201584,0.554995059967041,-0.004958116449415684,-0.4761212170124054,0.5836678147315979,0.49707677960395813,-1.9502818584442139,-0.3888278007507324,2.366734504699707,1.0377013683319092,0.0009377723908983171,0.00032913300674408674,-0.0014474977506324649,-0.0018879446433857083,-0.0007255523814819753,0.0038899171631783247,0.0012263094540685415,0.6015769243240356,-1.7380123608745635e-05,0.09001821279525757,-0.00016381566820200533,0.9994164705276489,7.010246918071061e-05,-0.03415660932660103,5.0056492909789085e-05,-8.73747922014445e-06,0.032393597066402435,-0.0006440758588723838,-0.0007781690801493824,0.9999995231628418,3.022147575393319e-05,-0.11199276149272919,0.021002046763896942,-1.1871119737625122,-0.00276656704954803,-0.06325782090425491,-0.0006151145207695663,-0.0306805819272995,-0.021402006968855858,1.1919809579849243,0.00029243691824376583,0.04713820666074753,0.0006118600140325725,0.0016747117042541504,-9.557229532219935e-06,0.024943843483924866,0.003995385952293873,0.004009332973510027,5.308952495397534e-06,7.577618816867471e-06,,,,,3.892845747199849,,1320,1.1666666666666667
12.174999999988927,retreat,12.175000634975731,15.556346345254957,17.30261519551277,-0.5844235420227051,0.00205272999664885,3.8428256866105195,0.0498050321766641,0.11869404022070311,0.7952196002006531,0.04916150122880936,6.794756889343262,-0.03601920252549462,71,0.8280636668205261,0.0554763600230217,0.04880589619278908,0.005290038883686066,-0.028446621436160058,-17.57022480874855,0.057761117815971375,0.00799378752708435,-0.7930787801742554,0.0017116551753133535,-0.049107834696769714,-0.0015309907030314207,0.0007111979648470879,0.0335281603038311,-0.00016632353072054684,0.9994375109672546,0.00015170637925621122,-0.0024749694857746363,0.0005882212426513433,0.20976324379444122,0.5453829169273376,0.04875807464122772,-0.47612088918685913,0.5836675763130188,0.49707695841789246,-1.9502819776535034,-0.38883623480796814,2.3667519092559814,1.0377146005630493,0.0007393439882434905,0.00019854978017974645,-0.0010724366875365376,-0.0013438711175695062,-0.0011900586541742086,0.004505114164203405,0.001582746161147952,0.601580798625946,-1.6726276953704655e-05,0.09001976996660233,-0.0001629097096156329,0.999416708946228,6.717022188240662e-05,-0.03414740785956383,4.601688124239445e-05,-8.372222509933636e-06,0.032394781708717346,-0.0006197214825078845,-0.0007776996353641152,0.999999463558197,2.9945249480078928e-05,-0.0799725279211998,0.011708813719451427,-0.824109673500061,-0.0033330065198242664,-0.055370453745126724,-0.0007940803770907223,-0.023534949868917465,-0.011985009536147118,0.827642560005188,-0.001595747540704906,0.04385458305478096,0.0009190897108055651,0.0016754865646362305,-9.5037576102186e-06,0.024943791329860687,0.00399538641795516,0.004008161369711161,-2.7690257411450148e-06,-3.955883585149422e-06,,,,,3.892845747199849,,1320,1.175
12.183333333322253,retreat,12.183333968743682,15.52656807658113,17.30336770415306,-0.5847811698913574,0.0017916863725986332,3.8418064198882504,0.05224171036388725,0.11190581936148891,1.2563865184783936,0.05209650844335556,6.895834922790527,-0.03549486064002849,71,1.2122066020965576,0.07262885570526123,0.07039732486009598,0.014651221223175526,-0.028272731986362487,-17.570906443340807,-0.0981336161494255,-0.004841983318328857,-1.252538800239563,0.0018667106050997972,-0.052038561552762985,-0.0015967802610248327,0.0007122833048924804,0.03351949527859688,-0.00016621006943751127,0.9994378089904785,-0.000636075041256845,-0.002506606513634324,0.00036984524922445416,0.21385808289051056,0.5453919172286987,0.04047024995088577,-0.47611984610557556,0.5836659669876099,0.49707573652267456,-1.9502885341644287,-0.3888418674468994,2.3667519092559814,1.0377146005630493,0.0008800593204796314,0.00031681390828453004,-0.0013049652334302664,-0.0017144770827144384,-0.0008699193131178617,0.001716267317533493,0.0012692536693066359,0.6015780568122864,-1.6807554857223295e-05,0.0900181233882904,-0.00016071803111117333,0.999416708946228,6.988352834014222e-05,-0.03414955362677574,4.847371019423008e-05,-8.34011188999284e-06,0.03239373862743378,-0.0006305385031737387,-0.0007814234122633934,0.9999995231628418,3.2152551284525543e-05,-0.04123474285006523,0.003128404263406992,-1.2115010023117065,-0.004017166793346405,-0.07249218970537186,-0.001922358525916934,0.041558053344488144,-0.0035180188715457916,1.2114888429641724,-0.0034443519543856382,0.06659277528524399,0.0021834424696862698,0.0016750097274780273,-9.499600309936795e-06,0.024943821132183075,0.003995388280600309,0.004008239135146141,-2.87411967292428e-06,-4.102939783479087e-06,,,,,3.892845747199849,,1320,1.1833333333333333
12.191666666655578,retreat,12.191667302511632,15.496572114035313,17.302678525447845,-0.5842447280883789,0.001607149897608906,3.8427237720860843,0.04980757876182906,0.11869404022070311,0.797276496887207,0.049751948565244675,6.805763244628906,-0.03601920252549462,73,0.839017927646637,0.04284423217177391,0.06137401983141899,0.01128085982054472,-0.028622127370908856,-17.57028105212732,0.017146971076726913,-0.0034267157316207886,-0.7970846891403198,0.0019321134313941002,-0.049688421189785004,-0.0016075738240033388,0.0007038376061245799,0.03352726995944977,-0.0001626372686587274,0.9994375705718994,6.840126297902316e-05,0.00011335572344250977,0.0009150312398560345,0.046807911247015,0.5416054725646973,0.07065045833587646,-0.4761202037334442,0.5836642384529114,0.4970764219760895,-1.9502887725830078,-0.38885146379470825,2.3667609691619873,1.0377317667007446,0.0006544094067066908,6.927847425686195e-05,-0.0010242508724331856,-0.0013962811790406704,-0.001322089578025043,0.0036240017507225275,0.0016770589863881469,0.6015807390213013,-1.7246567949769087e-05,0.09001962095499039,-0.00015810731565579772,0.9994168877601624,6.47575143375434e-05,-0.03414339944720268,4.598940722644329e-05,-8.752811481826939e-06,0.03239469602704048,-0.0006165990489535034,-0.0007678975234739482,0.999999463558197,3.072700565098785e-05,-0.02989805117249489,-0.012004082091152668,-0.8383991122245789,0.0009628798579797149,-0.042833082377910614,-0.00016775605035945773,0.027388466522097588,0.011738639324903488,0.8384885191917419,-0.0007700000423938036,0.03855220973491669,0.00023204670287668705,0.001675426959991455,-9.307177606387995e-06,0.024943795055150986,0.00399538641795516,0.0040083713829517365,5.28466534888139e-06,7.543247193098068e-06,,,,,3.892845747199849,,1320,1.1916666666666667
12.199999999988904,retreat,12.200000636279583,15.466359335415376,17.30319634079933,-0.5845427513122559,0.001511682967247907,3.84124570808015,0.0527237934875302,0.11869404022070311,1.3240660429000854,0.05173406004905701,6.867514610290527,-0.03542931881383993,71,1.2785072326660156,0.06868118047714233,0.06568057090044022,0.010769864544272423,-0.028055278933607042,-17.570696091220398,-0.0934838205575943,0.02912895381450653,-1.3204405307769775,0.0015213197330012918,-0.0516887791454792,-0.0015391213819384575,0.0007089521386660635,0.03351472690701485,-0.00016446485824417323,0.9994379878044128,-0.0006928691873326898,0.0010934991296380758,0.0005131330108270049,0.10842517018318176,0.5387146472930908,-0.040272150188684464,-0.47612008452415466,0.5836613774299622,0.49707692861557007,-1.9502967596054077,-0.3888570964336395,2.3667609691619873,1.0377317667007446,0.0007898607291281223,0.000272761273663491,-0.0011735499138012528,-0.0019279101397842169,-0.0005237315781414509,0.0018996500875800848,0.0010745347244665027,0.6015775203704834,-1.643351060920395e-05,0.09001810103654861,-0.00015601592895109206,0.9994168281555176,6.831547216279432e-05,-0.034145668148994446,4.898151382803917e-05,-7.987200660863891e-06,0.03239349275827408,-0.0006314131896942854,-0.0007764289039187133,0.999999463558197,3.493824624456465e-05,-0.043191637843847275,0.022797590121626854,-1.277574062347412,-0.0037247014697641134,-0.06854593753814697,-0.002164553152397275,0.04410836473107338,-0.023196397349238396,1.2775359153747559,-0.0003004984464496374,0.06236816570162773,0.0022101474460214376,0.0016747713088989258,-9.406638127984479e-06,0.02494383603334427,0.003995382227003574,0.0040085092186927795,5.5683917707938235e-06,7.950264262035489e-06,,,,,3.892845747199849,,1320,1.2
12.20833333332223,retreat,12.208333970047534,15.43593061851919,17.302540689706802,-0.5840063095092773,0.0018178625396103598,3.841857389637144,0.04971880844095722,0.11869404022070311,0.8452415466308594,0.04905606061220169,6.775608062744141,-0.03601920252549462,71,0.8854586482048035,0.043958134949207306,0.06586453318595886,0.012487463653087616,-0.028347778657916933,-17.570082973044872,0.041738394647836685,-0.027255237102508545,-0.8437703251838684,0.002239299938082695,-0.04897608235478401,-0.001681092195212841,0.0007193298079073429,0.03351974859833717,-0.0001534432958578691,0.9994377493858337,2.9022743547102436e-05,0.0005570813082158566,0.0007877769530750811,0.09274101257324219,0.5395907759666443,0.03763961419463158,-0.47612088918685913,0.5836584568023682,0.4970785081386566,-1.9502981901168823,-0.3888668119907379,2.3667736053466797,1.0377507209777832,0.000686946848873049,5.40410983376205e-05,-0.0011117784306406975,-0.0014880048111081123,-0.0015415250090882182,0.003986997064203024,0.0018270616419613361,0.6015807390213013,-1.6240557670244016e-05,0.09002061188220978,-0.0001536729105282575,0.9994170665740967,6.307332660071552e-05,-0.03413777053356171,4.592002369463444e-05,-8.240824172389694e-06,0.03239551931619644,-0.0006184863159433007,-0.000781862298026681,0.999999463558197,2.6439050998305902e-05,-0.05134512484073639,-0.021014122292399406,-0.8837189078330994,0.0003866956103593111,-0.04395640641450882,-4.810824975720607e-05,0.009073358029127121,0.020739465951919556,0.8851689696311951,-0.0026512709446251392,0.03657897934317589,0.00023926672292873263,0.0016750693321228027,-8.873439583112486e-06,0.024943821132183075,0.0039953794330358505,0.0040086014196276665,5.430213150248164e-06,7.75395892560482e-06,,,,,3.892845747199849,,1320,1.2083333333333333
12.216666666655556,retreat,12.216667303815484,15.405286841144624,17.303568869829178,-0.5844235420227051,0.001436111233488191,3.8395630820899322,0.05385995245887898,0.11869404022070311,1.4643794298171997,0.051085758954286575,6.836906433105469,-0.03542931881383993,71,1.40691077709198,0.07380218803882599,0.07810481637716293,0.011827484704554081,-0.029241789889056236,-17.570951619685225,-0.07443591207265854,-7.300078868865967e-05,-1.4624863862991333,0.0018292601453140378,-0.05102795362472534,-0.001599012059159577,0.0007162635447457433,0.03349987417459488,-0.0001588459126651287,0.999438464641571,-0.0008821395458653569,0.0004964818363077939,0.0004935736069455743,0.07588222622871399,0.555722713470459,0.023206250742077827,-0.47611936926841736,0.5836558938026428,0.4970759451389313,-1.9503086805343628,-0.3888724446296692,2.3667736053466797,1.0377507209777832,0.0010460090124979615,0.00038243838935159147,-0.0016402601031586528,-0.0020420264918357134,-0.0009110773680731654,0.002198972273617983,0.0012239482020959258,0.6015762686729431,-1.6632011465844698e-05,0.09001780301332474,-0.0001507796550868079,0.9994170069694519,6.595195009140298e-05,-0.03414155915379524,5.008792504668236e-05,-8.444027116638608e-06,0.032393474131822586,-0.0006421629805117846,-0.0007813884876668453,0.999999463558197,3.472221942502074e-05,-0.0761638656258583,0.003921642433851957,-1.4048421382904053,-0.0019457386806607246,-0.07373659312725067,-0.0024274340830743313,0.019885294139385223,-0.0043495274148881435,1.4067635536193848,-0.0012298263609409332,0.06280305981636047,0.0025354705285280943,0.001674056053161621,-9.137573215411976e-06,0.024943888187408447,0.0039953747764229774,0.004008722957223654,5.294182756188093e-06,7.563096005469561e-06,,,,,3.892845747199849,,1320,1.2166666666666666
12.224999999988881,retreat,12.225000637583435,15.374428881089552,17.302406579256058,-0.5841851234436035,0.0016555168258491904,3.8422141589755645,0.04815623469767161,0.12511451142200766,0.7213330268859863,0.04834942892193794,6.731751441955566,-0.03542931881383993,71,0.783136785030365,0.040294066071510315,0.09485422819852829,0.015484950505197048,-0.02771960716927424,-17.569973670325982,0.06558085978031158,0.006986498832702637,-0.7183116674423218,0.0019414089620113373,-0.04828254133462906,-0.0016415244899690151,0.0007180060492828488,0.03352292999625206,-0.0001502569648437202,0.9994376301765442,0.00025749907945282757,0.0005206032656133175,0.0008348074043169618,0.08329863101243973,0.5352523326873779,-0.02830459177494049,-0.47611987590789795,0.5836536884307861,0.4970768392086029,-1.9503086805343628,-0.3888826370239258,2.3667943477630615,1.0377691984176636,0.0006545725045725703,6.0253863921388984e-05,-0.0010333715472370386,-0.0013907221145927906,-0.001387754688039422,0.004711897578090429,0.0017325093504041433,0.6015815734863281,-1.6205216525122523e-05,0.09002058207988739,-0.00014962846762500703,0.9994173645973206,6.040210428182036e-05,-0.03412932530045509,4.435027949512005e-05,-8.299577530124225e-06,0.03239542618393898,-0.0006068490329198539,-0.0007778399740345776,0.9999994039535522,2.7153462724527344e-05,-0.05031660199165344,-0.00202604616060853,-0.7815160751342773,0.000513141683768481,-0.040290359407663345,0.0001883067307062447,0.003114573657512665,0.0017889479640871286,0.7831287384033203,0.0001969275763258338,0.03305605426430702,-0.00019294793310109526,0.0016751885414123535,-8.71210613695439e-06,0.024943813681602478,0.003995370585471392,0.004008896183222532,5.3237090469338e-06,7.605442078784108e-06,,,,,3.892845747199849,,1320,1.225
12.233333333322207,retreat,12.233333971351385,15.343357616151843,17.30358377099037,-0.5844831466674805,0.0013234744073997717,3.839308074523799,0.05222471372690052,0.11869404022070311,1.5669859647750854,0.05223841592669487,6.878136157989502,-0.03542931881383993,71,1.4896968603134155,0.07949808984994888,0.11253780871629715,0.020335348322987556,-0.028402976575307548,-17.570948789001456,-0.13969756662845612,0.002645358443260193,-1.560744285583496,0.0018837072420865297,-0.05217849835753441,-0.001645669573917985,0.0007239237311296165,0.03349750116467476,-0.00015233273734338582,0.9994385838508606,-0.0010416802251711488,0.0005912064225412905,0.000444013683591038,0.08719583600759506,0.5453660488128662,0.027327170595526695,-0.4761190414428711,0.5836508870124817,0.49707525968551636,-1.9503190517425537,-0.38888826966285706,2.3667943477630615,1.0377691984176636,0.000974816910456866,0.0003619349154178053,-0.0015175658045336604,-0.002129275118932128,-0.0006263095419853926,0.0011476409854367375,0.0010295596439391375,0.6015772819519043,-1.616761801415123e-05,0.09001792967319489,-0.0001469234557589516,0.999417245388031,6.366198067553341e-05,-0.03413301333785057,4.847324453294277e-05,-8.111981514957733e-06,0.0323936827480793,-0.0006359850522130728,-0.0007868497050367296,0.999999463558197,3.224773536203429e-05,-0.048116110265254974,0.009799656458199024,-1.4888874292373657,-0.004545936360955238,-0.07931860536336899,-0.002799966372549534,0.05357841029763222,-0.010237032547593117,1.4886983633041382,-0.002952440408989787,0.07243853807449341,0.003029503393918276,0.0016739368438720703,-8.824842552712653e-06,0.024943895637989044,0.003995370119810104,0.0040090009570121765,5.347628757590428e-06,7.636466762050986e-06,,,,,3.892845747199849,,1320,1.2333333333333334
12.241666666655533,retreat,12.241667305119336,15.31207392412937,17.302510887384415,-0.5835294723510742,0.0015676118891860824,3.8415005872143797,0.04845194780500606,0.11190581936148891,0.7287125587463379,0.04805772379040718,6.7058281898498535,-0.03601920252549462,71,0.7977583408355713,0.03325428441166878,0.10761792957782745,0.019844451919198036,-0.027750666486099362,-17.57002836067975,0.060163985937833786,-0.012329086661338806,-0.7261199951171875,0.0022294088266789913,-0.04797515273094177,-0.0017203370807692409,0.0007213706849142909,0.03351675346493721,-0.0001423709181835875,0.9994379281997681,0.0001898373884614557,0.00042549133650027215,0.0008355688769370317,0.0857677161693573,0.5378178954124451,0.030200935900211334,-0.4761199355125427,0.5836475491523743,0.497076153755188,-1.9503204822540283,-0.38889825344085693,2.3668127059936523,1.0377880334854126,0.0006173222791403532,-2.2616333808400668e-05,-0.0010455267038196325,-0.0014970538904890418,-0.0015038526616990566,0.004522548522800207,0.0018084968905895948,0.6015815138816833,-1.625492950552143e-05,0.09002062678337097,-0.00014509550237562507,0.9994176030158997,5.8028908824780956e-05,-0.03412236273288727,4.4622691348195076e-05,-8.54979589348659e-06,0.03239553049206734,-0.0006060614250600338,-0.0007789497030898929,0.9999995231628418,2.3833641535020433e-05,-0.034004807472229004,-0.016679847612977028,-0.7968587279319763,0.0018999321619048715,-0.03319652006030083,0.0004783272452186793,0.020422380417585373,0.016447624191641808,0.7973273992538452,-0.0005510569317266345,0.0283195860683918,-0.00043468864168971777,0.0016748905181884766,-8.32344449008815e-06,0.024943828582763672,0.003995370585471392,0.004009080585092306,5.3310409384721424e-06,7.613794878125191e-06,,,,,3.892845747199849,,1320,1.2416666666666667
12.249999999988859,retreat,12.250000638887286,15.280578682820002,17.30349436402321,-0.5841255187988281,0.001297002199862618,3.838798008647919,0.052133840654278174,0.13122122080831475,1.6381862163543701,0.05121813714504242,6.791020393371582,-0.03483943146420643,71,1.5595256090164185,0.07943189889192581,0.11083012074232101,0.018598033115267754,-0.027960300561971962,-17.570823914800048,-0.12162687629461288,0.016000837087631226,-1.6335865259170532,0.001779206213541329,-0.05116105452179909,-0.0016366157215088606,0.0007238939288072288,0.03349306434392929,-0.000150149644468911,0.9994385838508606,-0.0010757276322692633,0.0005845002015121281,0.0004463839577510953,0.08353634178638458,0.5420370697975159,-0.010025854222476482,-0.4761195778846741,0.5836442112922668,0.4970749020576477,-1.950331449508667,-0.3889038860797882,2.3668127059936523,1.0377880334854126,0.0009893830865621567,0.00036790879676118493,-0.0015583025524392724,-0.00226992298848927,-0.0005372842424549162,0.0014741033082827926,0.0009672845480963588,0.6015773415565491,-1.650122612772975e-05,0.09001855552196503,-0.00014237090363167226,0.9994174838066101,6.116759323049337e-05,-0.03412573039531708,4.833471029996872e-05,-8.708475434104912e-06,0.03239419683814049,-0.0006331308395601809,-0.000784253585152328,0.9999993443489075,3.45222870237194e-05,-0.06665712594985962,0.018100136891007423,-1.557995319366455,-0.004367226269096136,-0.0792568027973175,-0.0029517507646232843,0.03977373242378235,-0.018545780330896378,1.5589078664779663,-0.0015683204401284456,0.06970134377479553,0.003085753181949258,0.0016736984252929688,-8.71553856995888e-06,0.024943910539150238,0.003995375242084265,0.004009211901575327,5.3305602705222555e-06,7.611990440636873e-06,,,,,3.892845747199849,,1320,1.25
12.258333333322184,retreat,12.258333972655237,15.248872770021611,17.30281636118889,-0.5840063095092773,0.001584183792147087,3.8404299813478104,0.05006513310945593,0.11190581936148891,0.7891655564308167,0.04851730540394783,6.743204116821289,-0.03542931881383993,73,0.8548694252967834,0.03445541113615036,0.09765532612800598,0.017811065539717674,-0.027847934572491795,-17.570259390484363,0.03813907876610756,0.009906411170959473,-0.7881811857223511,0.002007558476179838,-0.048446282744407654,-0.0016899851616472006,0.0007294956012628973,0.033507633954286575,-0.00013981881784275174,0.9994382262229919,-3.748028393601999e-05,0.0004881139029748738,0.0007842831546440721,0.07920034229755402,0.5407490134239197,-0.008274424821138382,-0.4761201739311218,0.5836413502693176,0.4970754086971283,-1.9503370523452759,-0.3889113962650299,2.3668291568756104,1.037804126739502,0.0005871275789104402,2.345021130167879e-06,-0.0009693836909718812,-0.0017340623307973146,-0.0012022567680105567,0.00447086151689291,0.0016675004735589027,0.6015790700912476,-1.602015800017398e-05,0.09001938253641129,-0.0001412540441378951,0.999417781829834,5.6314398534595966e-05,-0.03411843627691269,4.626670852303505e-05,-8.576804248150438e-06,0.03239446505904198,-0.0006112539558671415,-0.0007853151182644069,0.9999995231628418,2.533783481339924e-05,-0.02508852258324623,0.0007471466087736189,-0.8545008897781372,-0.00019240072288084775,-0.03445146605372429,0.00048450930626131594,0.033244505524635315,-0.0009881858713924885,0.8542221784591675,-0.00012780929682776332,0.030866701155900955,-0.00046846811892464757,0.0016744136810302734,-8.209197403630242e-06,0.024943865835666656,0.003995385020971298,0.004009360447525978,5.309362677508034e-06,7.579568773508072e-06,,,,,3.892845747199849,,1320,1.2583333333333333
12.26666666665551,retreat,12.266667306423187,15.216957063532067,17.302734404802322,-0.5837082862854004,0.0013763401511823758,3.838746998338342,0.05279962351778522,0.11869404022070311,1.5182695388793945,0.0494791716337204,6.70762825012207,-0.03542931881383993,71,1.469103217124939,0.07538854330778122,0.07021056115627289,0.012012245133519173,-0.027089925948530436,-17.570060408595765,-0.05178294703364372,-0.007049307227134705,-1.5173698663711548,0.0020957321394234896,-0.04940526559948921,-0.0017076637595891953,0.0007297605043277144,0.03349301591515541,-0.00014056573854759336,0.9994387030601501,-0.0006572312559001148,-0.003417021594941616,0.0004304137546569109,0.34833115339279175,0.5363466143608093,-0.004912402015179396,-0.47612127661705017,0.583636999130249,0.4970768094062805,-1.9503448009490967,-0.38891714811325073,2.3668291568756104,1.037804126739502,0.0009297833894379437,0.00030766212148591876,-0.001449724892154336,-0.0020718080922961235,-0.0009666284313425422,0.002442575991153717,0.0012954225530847907,0.6015766263008118,-1.5660185454180464e-05,0.09001908451318741,-0.00013889950059819967,0.9994176626205444,5.958282054052688e-05,-0.034119512885808945,4.9045542255043983e-05,-8.168173735612072e-06,0.03239388391375542,-0.000626957684289664,-0.0007887412793934345,0.999999463558197,2.8557424229802564e-05,-0.09655583649873734,0.00923957396298647,-1.4658976793289185,-0.004263376817107201,-0.07522091269493103,-0.002659026300534606,0.003643229603767395,-0.009653008542954922,1.4690674543380737,-0.0027591122779995203,0.061342693865299225,0.0028703247662633657,0.0016736984252929688,-8.246436664194334e-06,0.024943910539150238,0.003995396196842194,0.004008179530501366,-0.0003131484263576567,-0.00044713541865348816,,,,,3.892845747199849,,1320,1.2666666666666666
12.274999999988836,retreat,12.275000640191138,15.184832441149242,17.302749305963516,-0.583648681640625,0.0014591569197364151,3.839104056293396,0.05056482768850401,0.13122122080831475,1.1103272438049316,0.04684597998857498,6.586463928222656,-0.03483943146420643,71,1.135472297668457,0.05023116245865822,0.052997708320617676,0.011467915028333664,-0.026998674089554697,-17.570100137648062,0.0708305761218071,-0.010791391134262085,-1.1080131530761719,0.0022562837693840265,-0.04675881564617157,-0.0017516192747280002,0.0007315453258343041,0.033496033400297165,-0.00013738384586758912,0.9994385242462158,-0.00016532123845536262,-0.0034539452753961086,0.0005039619863964617,0.3564187288284302,0.5403367280960083,-0.029658809304237366,-0.47612065076828003,0.5836341381072998,0.4970753788948059,-1.9503493309020996,-0.3889284133911133,2.366844654083252,1.0378261804580688,0.0009780057007446885,0.00029505000566132367,-0.0015266884583979845,-0.0016893116990104318,-0.0015660249628126621,0.0046187215484678745,0.001799528836272657,0.6015785932540894,-1.605155921424739e-05,0.09002004563808441,-0.00013596231292467564,0.9994179010391235,5.293054709909484e-05,-0.03411224111914635,4.673772491514683e-05,-8.818440619506873e-06,0.03239498659968376,-0.000616657140199095,-0.0007838901365175843,0.9999993443489075,2.8146278054919094e-05,-0.10264664888381958,-0.010556855238974094,-1.130773901939392,0.00036764933611266315,-0.0502297505736351,-8.069955947576091e-05,-0.02530718594789505,0.010241827927529812,1.1351438760757446,-0.0011627257335931063,0.035453468561172485,0.00016848035738803446,0.001673877239227295,-8.090529263427015e-06,0.02494390308856964,0.003995407838374376,0.004008271265774965,-0.0003171522985212505,-0.00045285560190677643,,,,,3.892845747199849,,1320,1.275
12.283333333322162,retreat,12.283333973959088,15.152499780671004,17.303170263767242,-0.5837678909301758,0.0011568067748157773,3.838746998338342,0.05258576129563153,0.11869404022070311,1.4270753860473633,0.04851427674293518,6.643226146697998,-0.03483943146420643,71,1.3994319438934326,0.07176077365875244,0.04193286970257759,0.008549570105969906,-0.028053424321115017,-17.570496267560685,-0.023362476378679276,0.027084901928901672,-1.4266271591186523,0.0017968417378142476,-0.04845234379172325,-0.0016664051217958331,0.0007245374144986272,0.03349282965064049,-0.00014965534501243383,0.9994387030601501,-0.0005731927813030779,-5.94692537561059e-05,0.0006363047286868095,0.046073026955127716,0.5401917099952698,0.07138600945472717,-0.4761187732219696,0.5836318731307983,0.497073233127594,-1.9503564834594727,-0.3889363408088684,2.366847515106201,1.0378261804580688,0.0011230328818783164,0.0005182537715882063,-0.0016462351195514202,-0.0018369542667642236,-0.0009692325838841498,0.0031836398411542177,0.0012722703395411372,0.6015763878822327,-1.622446688998025e-05,0.09001835435628891,-0.00013285997556522489,0.9994179010391235,5.668937228620052e-05,-0.03411287069320679,4.877382889389992e-05,-8.897972293198109e-06,0.03239358961582184,-0.0006204933160915971,-0.0007801192114129663,0.999999463558197,4.339715451351367e-05,-0.10216914862394333,0.01648670993745327,-1.3956000804901123,-0.0036161344032734632,-0.07163189351558685,-0.0023247001226991415,-0.006769143044948578,-0.016864430159330368,1.399314284324646,-0.0010913352016359568,0.05693940445780754,0.002419541124254465,0.0016736984252929688,-8.691907169122715e-06,0.02494390681385994,0.0039954050444066525,0.004008361604064703,5.278952812659554e-06,7.537659257650375e-06,,,,,3.892845747199849,,1320,1.2833333333333332
12.291666666655487,retreat,12.291667307727039,15.119959959895226,17.302443832159042,-0.5835890769958496,0.001288515250053024,3.840124039216813,0.04883576912106946,0.11190581936148891,1.048554539680481,0.04754818230867386,6.618486404418945,-0.03477388963801786,71,1.0820096731185913,0.05177723616361618,0.047858402132987976,0.006205507554113865,-0.02650348114548251,-17.569865587916762,0.030048072338104248,0.017799600958824158,-1.0479727983474731,0.0020433806348592043,-0.047472286969423294,-0.0017425213009119034,0.0007261188002303243,0.033504918217659,-0.00013778482389170676,0.9994382858276367,5.09056517330464e-05,0.0010469401022419333,0.0006633676821365952,0.11221783608198166,0.5247579216957092,-0.067073293030262,-0.476118803024292,0.5836302042007446,0.4970743954181671,-1.9503569602966309,-0.38894715905189514,2.366861343383789,1.0378458499908447,0.0008843588293530047,0.00035748223308473825,-0.0012344012502580881,-0.0014190190704539418,-0.0011952824424952269,0.004023595247417688,0.0015919363358989358,0.6015799045562744,-1.5914265532046556e-05,0.09002052992582321,-0.00013043808576185256,0.9994182586669922,5.140718349139206e-05,-0.03410434350371361,4.498939961194992e-05,-8.865114068612456e-06,0.03239526227116585,-0.0005998661508783698,-0.0007767447968944907,0.9999995231628418,3.382459544809535e-05,-0.0711120143532753,0.009400426410138607,-1.0796294212341309,-0.002510437974706292,-0.051715653389692307,-0.0002669831446837634,0.0026515796780586243,-0.009686057455837727,1.0819629430770874,-0.0011449691373854876,0.04149067774415016,0.0003563274221960455,0.0016742944717407227,-8.101798812276684e-06,0.024943865835666656,0.003995400387793779,0.00400850735604763,5.567506377701648e-06,7.94936204329133e-06,,,,,3.892845747199849,,1320,1.2916666666666667
12.299999999988813,retreat,12.30000064149499,15.087213856619783,17.30339750647545,-0.5840659141540527,0.001287834038521396,3.8379307413174306,0.05189683361095376,0.12511451142200766,1.5740330219268799,0.05046777427196503,6.765962600708008,-0.03483943146420643,71,1.5233471393585205,0.07150298357009888,0.07514283806085587,0.013249927200376987,-0.02777233609231189,-17.570666752103815,-0.10809047520160675,0.012872502207756042,-1.5702645778656006,0.00199124519713223,-0.05039877071976662,-0.0017306107329204679,0.0007409185636788607,0.033485863357782364,-0.00013862499326933175,0.9994388818740845,-0.000879252387676388,0.0006223906530067325,0.0004985297564417124,0.08445756137371063,0.5403798818588257,0.051030948758125305,-0.476117342710495,0.583628237247467,0.49707338213920593,-1.9503655433654785,-0.3889527916908264,2.366861343383789,1.0378458499908447,0.0010775000555440784,0.0005575383547693491,-0.0015098255826160312,-0.0019468081882223487,-0.0006808025646023452,0.001712858211249113,0.0011419175425544381,0.6015763878822327,-1.5254005120368674e-05,0.09001818299293518,-0.00012816015805583447,0.9994180798530579,5.482980122906156e-05,-0.03410741686820984,4.8126326873898506e-05,-8.358971172128804e-06,0.03239366039633751,-0.0006220032810233533,-0.0007948499405756593,0.9999994039535522,3.756217847694643e-05,-0.05362573638558388,0.016502900049090385,-1.5223134756088257,-0.004979803692549467,-0.07129044830799103,-0.002355853794142604,0.05028468370437622,-0.01689351350069046,1.522423505783081,-0.0024481546133756638,0.06361574679613113,0.0025450829416513443,0.0016733407974243164,-8.16787542134989e-06,0.02494393289089203,0.003995394334197044,0.004008642863482237,5.3230301091389265e-06,7.6006981544196606e-06,,,,,3.892845747199849,,1320,1.3
12.308333333322139,retreat,12.30833397526294,15.054262348642538,17.302432656288147,-0.5837678909301758,0.0013237358871265315,3.839461081092873,0.049372312787454575,0.13122122080831475,0.9488270878791809,0.04859725758433342,6.739235877990723,-0.03542931881383993,71,1.0046203136444092,0.03914187476038933,0.07661599665880203,0.012438320554792881,-0.02736301871482283,-17.56980831354796,0.005885086953639984,-0.027525685727596283,-0.9484094977378845,0.0026044317055493593,-0.04849114269018173,-0.0018760226666927338,0.0007374030537903309,0.03349890187382698,-0.00012532700202427804,0.9994384050369263,8.192069071810693e-05,0.00034361734287813306,0.0007404917851090431,0.07828550785779953,0.5339405536651611,-0.008817436173558235,-0.4761179983615875,0.5836257338523865,0.4970753490924835,-1.950366497039795,-0.3889639377593994,2.366870880126953,1.0378684997558594,0.0007545495172962546,0.00015528099902439862,-0.001150085125118494,-0.001466216635890305,-0.0015987190417945385,0.0035642264410853386,0.0018492677481845021,0.6015788912773132,-1.5079431250342168e-05,0.09002023190259933,-0.0001252091460628435,0.999418318271637,4.825215000892058e-05,-0.034100912511348724,4.557822830975056e-05,-8.39742824609857e-06,0.0323948934674263,-0.0006024464964866638,-0.0007851201808080077,0.9999993443489075,2.6877058189711533e-05,-0.02101418934762478,-0.023572159931063652,-1.0041239261627197,0.0005758301704190671,-0.03913729637861252,-0.00016377809515688568,0.047475896775722504,0.023321963846683502,1.00322687625885,-0.002823474118486047,0.03614691644906998,0.0003647569101303816,0.0016739964485168457,-7.49794071452925e-06,0.024943891912698746,0.003995388280600309,0.004008783493191004,5.287250132823829e-06,7.546186679974198e-06,,,,,3.892845747199849,,1320,1.3083333333333333
12.316666666655465,retreat,12.31666730903089,15.021106313761369,17.303024977445602,-0.5837678909301758,0.001065502601704793,3.8374204926419058,0.052271214372012764,0.11869404022070311,1.728806734085083,0.04866645112633705,6.614809036254883,-0.03483943146420643,71,1.6684776544570923,0.0738735944032669,0.07822767645120621,0.010235320776700974,-0.027205904421862215,-17.57025874307159,-0.05960028991103172,-0.006027877330780029,-1.7277685403823853,0.0022637697402387857,-0.048580244183540344,-0.0018051441293209791,0.0007411816040985286,0.033481255173683167,-0.00013191312609706074,0.9994391202926636,-0.0008662241161800921,0.0005270210676826537,0.00047345913480967283,0.08857674151659012,0.5328601002693176,-0.006863290909677744,-0.47611692547798157,0.583622395992279,0.4970742166042328,-1.9503746032714844,-0.38897258043289185,2.366870880126953,1.0378684997558594,0.0012260157382115722,0.0005550987552851439,-0.00185782415792346,-0.002029514405876398,-0.0010624680435284972,0.002212234539911151,0.0012735434575006366,0.601576030254364,-1.5157518646446988e-05,0.09001892805099487,-0.0001217025492223911,0.9994182586669922,5.25491705047898e-05,-0.03410261124372482,4.849419929087162e-05,-8.453347618342377e-06,0.032393988221883774,-0.0006218029884621501,-0.0007928458508104086,0.999999463558197,3.72356953448616e-05,-0.10484108328819275,-0.0007964028627611697,-1.6651803255081177,-0.0015632377471774817,-0.07381036877632141,-0.0026256253477185965,0.008910655975341797,0.00038542214315384626,1.668453335762024,-0.0015151960542425513,0.05874447524547577,0.0027484563179314137,0.0016731023788452148,-7.832741175661795e-06,0.024943947792053223,0.003995384555310011,0.0040088798850774765,5.3280368774721865e-06,7.611233741044998e-06,,,,,3.892845747199849,,1320,1.3166666666666667
12.32499999998879,retreat,12.325000642798841,14.987746629774144,17.302697151899338,-0.5838274955749512,0.0012290693121030927,3.8386959873519313,0.049347821914125234,0.12511451142200766,1.0501340627670288,0.04721714183688164,6.619679927825928,-0.03477388963801786,73,1.0983290672302246,0.043254364281892776,0.07277680933475494,0.012761419638991356,-0.02721901808399707,-17.570019608662108,0.03867141157388687,0.0001173168420791626,-1.049421787261963,0.002357172081246972,-0.04712219908833504,-0.0018440745770931244,0.0007463116198778152,0.033492494374513626,-0.00012549640086945146,0.9994385838508606,-6.41175574855879e-05,0.0005104572046548128,0.0007056943140923977,0.09052346646785736,0.5345048904418945,0.0257561132311821,-0.4761160612106323,0.583620548248291,0.4970727562904358,-1.950377345085144,-0.38898390531539917,2.3668861389160156,1.0378886461257935,0.0009489128133282065,0.0003116103762295097,-0.00144721451215446,-0.001567117520608008,-0.0014196233823895454,0.004346355330199003,0.001681594643741846,0.6015785336494446,-1.55869493028149e-05,0.09001974016427994,-0.00011879813246196136,0.9994185566902161,4.656773671740666e-05,-0.03409513086080551,4.548509605228901e-05,-9.22191065910738e-06,0.0323946513235569,-0.0006030597141943872,-0.0007921189535409212,0.9999994039535522,3.369752812432125e-05,-0.059896063059568405,-0.006266587879508734,-1.0966768264770508,0.0005928493337705731,-0.04325025901198387,-5.990376303088851e-05,0.014981880784034729,0.006003601476550102,1.098210334777832,-0.00032073818147182465,0.034647129476070404,8.924963185563684e-05,0.0016736984252929688,-7.521089173678774e-06,0.024943910539150238,0.003995383158326149,0.0040090009570121765,5.334426987246843e-06,7.61914998292923e-06,,,,,3.892845747199849,,1320,1.325
12.333333333322116,retreat,12.333333976566792,14.954184174478733,17.302875965833664,-0.5834698677062988,0.0010618027772579808,3.837267404828537,0.05203606633585878,0.12511451142200766,1.5848864316940308,0.049654558300971985,6.733426094055176,-0.03542931881383993,73,1.544519066810608,0.07182709872722626,0.06229696422815323,0.012266688048839569,-0.02703919360646978,-17.570099086536203,-0.08573570847511292,0.02796994149684906,-1.5823185443878174,0.0019442015327513218,-0.049585241824388504,-0.0017603462329134345,0.0007486541871912777,0.03348013013601303,-0.00012769097520504147,0.9994391202926636,-0.0006497973809018731,0.0006088692462071776,0.0004261773428879678,0.09050141274929047,0.5317595601081848,0.020844491198658943,-0.4761159121990204,0.5836173892021179,0.49707305431365967,-1.950384259223938,-0.3889903724193573,2.3668861389160156,1.0378886461257935,0.0010379658779129386,0.0004963118117302656,-0.001501335296779871,-0.0019593359902501106,-0.0006417784024961293,0.0021908851340413094,0.0010628547752276063,0.6015762090682983,-1.5576517398585565e-05,0.0900188684463501,-0.0001158446102635935,0.9994184374809265,5.006974970456213e-05,-0.03409632667899132,4.819151945412159e-05,-9.242789019481279e-06,0.03239377215504646,-0.0006166331004351377,-0.0007977825589478016,0.9999994039535522,3.903876131516881e-05,-0.0684886947274208,0.024314096197485924,-1.542808175086975,-0.004858056083321571,-0.07161769270896912,-0.0025371448136866093,0.036819860339164734,-0.024673454463481903,1.5438830852508545,-0.0011893690098077059,0.061797115951776505,0.0026389770209789276,0.0016730427742004395,-7.634219400642905e-06,0.02494395524263382,0.003995384089648724,0.0040090614929795265,5.3190487960819155e-06,7.597176590934396e-06,,,,,3.892845747199849,,1320,1.3333333333333333
12.341666666655442,retreat,12.341667310334742,14.920419825673008,17.30249598622322,-0.5834102630615234,0.0011705283213814255,3.837879719498017,0.050249720516148955,0.12511451142200766,1.223400592803955,0.047228019684553146,6.613569259643555,-0.03483943146420643,71,1.2526410818099976,0.047576259821653366,0.04829578474164009,0.009984796866774559,-0.027115512697491795,-17.569761684064257,0.02370302379131317,0.011184781789779663,-1.223119854927063,0.002273279009386897,-0.047137048095464706,-0.001848469371907413,0.0007485331152565777,0.03348519280552864,-0.00011717303277691826,0.9994388818740845,-0.00014154020755086094,0.0004975404590368271,0.0006596810417249799,0.08530066907405853,0.5327572226524353,0.005267489701509476,-0.4761161804199219,0.5836145877838135,0.4970744550228119,-1.9503880739212036,-0.38900068402290344,2.3668978214263916,1.037908673286438,0.0009304675040766597,0.00038929126458242536,-0.0013290983624756336,-0.0016907807439565659,-0.0011315833544358611,0.003971278667449951,0.0015682061202824116,0.6015776991844177,-1.4917401131242514e-05,0.09002005308866501,-0.00011364155216142535,0.9994187355041504,4.48507780674845e-05,-0.03409028425812721,4.642736166715622e-05,-8.823983080219477e-06,0.03239468112587929,-0.0006055205594748259,-0.0007927342667244375,0.9999994039535522,3.054429544135928e-05,-0.07098255306482315,0.006997101008892059,-1.2506086826324463,-0.002367202891036868,-0.04751702398061752,-0.00017069636669475585,0.014400683343410492,-0.007284258026629686,1.2525371313095093,-0.0013556635240092874,0.037320319563150406,0.0002717655152082443,0.0016733407974243164,-7.108602858352242e-06,0.02494393289089203,0.003995387349277735,0.00400918535888195,5.303813850332517e-06,7.570371963083744e-06,,,,,3.892845747199849,,1320,1.3416666666666666
12.349999999988768,retreat,12.350000644102693,14.886454461154838,17.302898317575455,-0.583350658416748,0.0009794812285690568,3.8365018742688695,0.052516326832119375,0.12511451142200766,1.6230499744415283,0.047971852123737335,6.611079692840576,-0.03483943146420643,71,1.5901330709457397,0.06983103603124619,0.04440276324748993,0.007036503870040178,-0.027104744978714734,-17.570068207270193,-0.03378067910671234,-0.007295012474060059,-1.6226820945739746,0.002412926871329546,-0.04787449911236763,-0.0018731626914814115,0.0007579064113087952,0.033473193645477295,-0.00011487730080261827,0.9994392991065979,-0.0006560733309015632,0.00047814080608077347,0.0004626589943654835,0.08567731827497482,0.5346288084983826,-0.01769057847559452,-0.4761148989200592,0.5836119055747986,0.4970739483833313,-1.950394868850708,-0.3890119194984436,2.36689829826355,1.037909984588623,0.001224988722242415,0.0006104056374169886,-0.0017748430836945772,-0.0018898244015872478,-0.0011821844382211566,0.002830613637343049,0.0014144624583423138,0.601575493812561,-1.4658198779216036e-05,0.09001924097537994,-0.00010919656051555648,0.9994186162948608,4.977073331247084e-05,-0.03409125655889511,4.872214049100876e-05,-8.671850082464516e-06,0.032394107431173325,-0.0006184950470924377,-0.0008069468312896788,0.9999994039535522,3.317805749247782e-05,-0.10361748933792114,0.0006518105510622263,-1.5867533683776855,-0.003623496275395155,-0.06969638913869858,-0.002378427656367421,0.004749409854412079,-0.0010038295295089483,1.5901256799697876,-0.003377886489033699,0.05480378866195679,0.002625618129968643,0.0016727447509765625,-7.009121873124968e-06,0.02494397759437561,0.003995392471551895,0.004009294789284468,5.3345411288319156e-06,7.622293196618557e-06,,,,,3.892845747199849,,1320,1.35
12.358333333322093,retreat,12.358333977870643,14.852288958722097,17.30261892080307,-0.5832314491271973,0.0010332687452319078,3.8371143109166206,0.0497835389978718,0.11869404022070311,1.283268690109253,0.04671859368681908,6.593920707702637,-0.03483943146420643,73,1.3088462352752686,0.0524446927011013,0.04344723001122475,0.007991603575646877,-0.02721741661662236,-17.569831396156193,0.04028460383415222,-0.007992997765541077,-1.28261137008667,0.0025612441822886467,-0.04660829156637192,-0.0019323291489854455,0.000758256996050477,0.03347862884402275,-0.00011059347889386117,0.9994391798973083,-0.0001672724320087582,0.00043418200220912695,0.000615655560977757,0.08774569630622864,0.5352290868759155,-0.004371821880340576,-0.4761134088039398,0.5836101174354553,0.49707287549972534,-1.950397253036499,-0.3890232741832733,2.3669118881225586,1.0379327535629272,0.0011691804975271225,0.0005356485489755869,-0.0016968796262517571,-0.001546189421787858,-0.0015443158335983753,0.004221643321216106,0.00174736138433218,0.6015779376029968,-1.446297210350167e-05,0.09001992642879486,-0.00010644598660292104,0.9994188547134399,4.320879088481888e-05,-0.03408416733145714,4.597078077495098e-05,-8.69478753884323e-06,0.03239466995000839,-0.0006059640436433256,-0.0008007936412468553,0.999999463558197,3.143366120639257e-05,-0.09477829933166504,-0.008485321886837482,-1.3053826093673706,-0.0002645266940817237,-0.05244198441505432,-0.00046255317283794284,-0.005624651908874512,0.008202559314668179,1.3088088035583496,-0.0014698640443384647,0.03880949318408966,0.0005709489341825247,0.001672983169555664,-6.795843091822462e-06,0.024943958967924118,0.003995402250438929,0.004009396769106388,5.324174708221108e-06,7.601425750181079e-06,,,,,3.892845747199849,,1320,1.3583333333333334
12.36666666665542,retreat,12.366667311638594,14.817924196172655,17.302943021059036,-0.583350658416748,0.0010032927093561739,3.8369612109054265,0.05146962575963698,0.11869404022070311,1.5692466497421265,0.04881077632308006,6.672583103179932,-0.03483943146420643,71,1.5441049337387085,0.06837306916713715,0.043167807161808014,0.009653860703110695,-0.026740726723801345,-17.570144850636716,-0.07136207818984985,-0.00015282630920410156,-1.5676231384277344,0.002457392867654562,-0.048710860311985016,-0.0019248970784246922,0.0007575767231173813,0.03347732499241829,-0.0001207483874168247,0.9994391798973083,-0.0005767802358604968,-0.0016220711404457688,0.000446279882453382,0.13265728950500488,0.5310888290405273,0.04640468209981918,-0.47611162066459656,0.5836079716682434,0.49707168340682983,-1.9504026174545288,-0.38903385400772095,2.3669118881225586,1.0379327535629272,0.0012008524499833584,0.0006102207698859274,-0.0017265641363337636,-0.0017585537862032652,-0.0010410572867840528,0.002395292976871133,0.001284685917198658,0.6015762090682983,-1.512940798420459e-05,0.09001896530389786,-0.00010214147187070921,0.9994189143180847,4.801548129762523e-05,-0.034084971994161606,4.758546128869057e-05,-9.620149285183288e-06,0.032393936067819595,-0.0006080677267163992,-0.0008044271380640566,0.999999463558197,4.602276021614671e-05,-0.06926888227462769,0.00572633184492588,-1.5425397157669067,-0.002966197207570076,-0.06826585531234741,-0.0024190449621528387,0.035986341536045074,-0.006043330300599337,1.5436726808547974,-0.001989184645935893,0.05833163112401962,0.002571867313235998,0.0016729235649108887,-7.302115591301117e-06,0.024943962693214417,0.003995400387793779,0.004008205607533455,5.07720687892288e-06,7.2511902544647455e-06,,,,,3.892845747199849,,1320,1.3666666666666667
12.374999999988745,retreat,12.375000645406544,14.783361051304382,17.302510887384415,-0.5831718444824219,0.0008409169822698459,3.837267404828537,0.05055314613855444,0.11869404022070311,1.328484296798706,0.04751940816640854,6.620455741882324,-0.03483943146420643,72,1.3510990142822266,0.04992762207984924,0.03516314551234245,0.006662632338702679,-0.027192607522010803,-17.569734008086954,-0.00892544537782669,0.029804900288581848,-1.3281199932098389,0.002225787378847599,-0.04742926359176636,-0.0018986796494573355,0.0007542436942458153,0.03348013758659363,-0.00011570635251700878,0.9994391202926636,-0.00017846054106485099,-0.00012462050653994083,0.0007240141276270151,0.047362957149744034,0.5297734141349792,0.09398213773965836,-0.4761115312576294,0.5836055278778076,0.49707266688346863,-1.9504057168960571,-0.3890422582626343,2.3669192790985107,1.0379506349563599,0.0010043811053037643,0.0005044842837378383,-0.0013845866778865457,-0.0016422291519120336,-0.0009300398523919284,0.0035267805214971304,0.0014144652523100376,0.6015770435333252,-1.462122963857837e-05,0.09002003073692322,-9.968481754185632e-05,0.9994189739227295,4.3010542867705226e-05,-0.034080870449543,4.6708621084690094e-05,-9.098024747800082e-06,0.03239460662007332,-0.0006011540535837412,-0.000796185340732336,0.999999463558197,4.315562910051085e-05,-0.05972644314169884,0.016062775626778603,-1.3496826887130737,-0.0023801629431545734,-0.04986897483468056,-0.0004332630196586251,0.03235688433051109,-0.016333281993865967,1.3506128787994385,-4.54967375844717e-05,0.041303426027297974,0.00044571218313649297,0.0016730427742004395,-7.044681751722237e-06,0.02494395524263382,0.003995398059487343,0.0040083411149680614,5.275248440739233e-06,7.531372830271721e-06,,,,,3.892845747199849,,1320,1.375
12.38333333332207,retreat,12.383333979174495,14.74860040191515,17.302801460027695,-0.583350658416748,0.0006167761057440657,3.836195619334717,0.05195140329306014,0.11869404022070311,1.6871007680892944,0.0469597727060318,6.508620262145996,-0.03418400592636317,71,1.6588324308395386,0.06687571108341217,0.03464134782552719,0.004080486483871937,-0.02621544018620625,-17.569950054336108,-0.022807985544204712,0.004441767930984497,-1.6869407892227173,0.0024710518773645163,-0.04685434699058533,-0.0019453313434496522,0.0007610308239236474,0.03347090631723404,-0.00010684492735890672,0.9994394183158875,-0.0006203808006830513,0.0010180332465097308,0.0005141373258084059,0.1087690070271492,0.5239481925964355,-0.04258136823773384,-0.4761101305484772,0.5836036801338196,0.4970725178718567,-1.9504115581512451,-0.38905030488967896,2.3669211864471436,1.0379506349563599,0.0012967914808541536,0.000731883046682924,-0.0018112746765837073,-0.0018288437277078629,-0.001054131193086505,0.0029992456547915936,0.001366792363114655,0.6015753746032715,-1.3933124137111008e-05,0.09001914411783218,-9.693433094071224e-05,0.9994190335273743,4.733550304081291e-05,-0.03408126160502434,4.8179877921938896e-05,-8.3730246842606e-06,0.032393913716077805,-0.0006107777589932084,-0.0008075014920905232,0.999999463558197,3.742554326890968e-05,-0.11021074652671814,0.007042483892291784,-1.6551523208618164,-0.004242848604917526,-0.06670587509870529,-0.002164563164114952,0.0027997642755508423,-0.007368982303887606,1.6588138341903687,-0.0030888495966792107,0.050863247364759445,0.002389642409980297,0.0016726255416870117,-6.6128709477197845e-06,0.024943985044956207,0.003995393868535757,0.00400844169780612,5.492829586728476e-06,7.844064384698868e-06,,,,,3.892845747199849,,1320,1.3833333333333333
12.391666666655397,retreat,12.391667312942445,14.713643125802829,17.30252578854561,-0.5831718444824219,0.0008280608199129347,3.8367060306641663,0.050218452088302,0.12511451142200766,1.342552900314331,0.0470094308257103,6.598739147186279,-0.03477388963801786,73,1.3682852983474731,0.052784718573093414,0.03740764409303665,0.0053696599788963795,-0.02663139154901728,-17.569709874217377,0.01107458770275116,-0.020218171179294586,-1.3423550128936768,0.002856682287529111,-0.04687787964940071,-0.0020470398012548685,0.0007697797263972461,0.03347530961036682,-0.0001021094067255035,0.9994391798973083,-0.00017267691146116704,0.0007409899262711406,0.0005732372519560158,0.11027947813272476,0.5282219648361206,0.004726662300527096,-0.47610875964164734,0.5836020708084106,0.49707213044166565,-1.9504132270812988,-0.38906165957450867,2.3669309616088867,1.0379735231399536,0.0011932916240766644,0.0005741436034440994,-0.0017121133860200644,-0.0014951488701626658,-0.001582773169502616,0.003731328062713146,0.0017557472456246614,0.6015769839286804,-1.372838050883729e-05,0.09001973271369934,-9.361356205772609e-05,0.9994192123413086,4.084422835148871e-05,-0.03407583385705948,4.642200656235218e-05,-8.580953362979926e-06,0.032394323498010635,-0.0006009340868331492,-0.0008098067482933402,0.9999994039535522,3.6087996704736724e-05,-0.07767333090305328,-0.015271507203578949,-1.3659934997558594,-0.0008994690142571926,-0.05277106910943985,-0.0007946586702018976,0.015546590089797974,0.015012877993285656,1.3681144714355469,-0.0030592523980885744,0.04161287844181061,0.0010116761550307274,0.0016728043556213379,-6.391037913999753e-06,0.024943970143795013,0.003995388746261597,0.004008573014289141,5.516318196896464e-06,7.875554729253054e-06,,,,,3.892845747199849,,1320,1.3916666666666666
12.399999999988722,retreat,12.400000646710396,14.678490100765291,17.302697151899338,-0.5834102630615234,0.0006613872756133787,3.8365018742688695,0.05113058796268888,0.11869404022070311,1.669740080833435,0.04769974574446678,6.556300163269043,-0.03418400592636317,72,1.6445691585540771,0.06684672832489014,0.03765012323856354,0.007155782543122768,-0.026091662934049964,-17.569867041594076,-0.056126393377780914,-0.007899262011051178,-1.6687778234481812,0.002705042716115713,-0.04757983237504959,-0.0020268303342163563,0.0007628384046256542,0.03347337990999222,-0.00010337126877857372,0.9994392991065979,-0.0005047713639214635,0.0003659327048808336,0.0003265053383074701,0.08244597166776657,0.5244300961494446,0.04774577170610428,-0.4761069416999817,0.5835995674133301,0.497070848941803,-1.950417399406433,-0.3890730142593384,2.3669309616088867,1.0379747152328491,0.001311773550696671,0.0006852121441625059,-0.0019014549907296896,-0.0017100997501984239,-0.0011943163117393851,0.0024969391524791718,0.0013528564013540745,0.6015758514404297,-1.3922835933044553e-05,0.09001953899860382,-8.920024993130937e-05,0.9994192123413086,4.552261816570535e-05,-0.03407580405473709,4.7310721129179e-05,-8.904336937121116e-06,0.03239424154162407,-0.0006028302013874054,-0.0008073578355833888,0.999999463558197,4.1682473238324746e-05,-0.08423399925231934,-0.0038279409054666758,-1.6424061059951782,-0.0016784875188022852,-0.06678414344787598,-0.002355000004172325,0.027828924357891083,0.00353203434497118,1.6443296670913696,-0.0020852023735642433,0.05469222366809845,0.0025115101598203182,0.0016727447509765625,-6.4424043557664845e-06,0.02494397759437561,0.003995383623987436,0.004008769057691097,5.2872305786877405e-06,7.551134331151843e-06,,,,,3.892845747199849,,1320,1.4
12.408333333322048,retreat,12.408333980478346,14.643142204600405,17.302659898996353,-0.5832314491271973,0.0007039488991722465,3.836144574472204,0.05075694571132772,0.12511451142200766,1.4684629440307617,0.04719236120581627,6.590603351593018,-0.03477388963801786,72,1.4830188751220703,0.05240298807621002,0.023149797692894936,0.005500114057213068,-0.026632677647285163,-17.569804943907926,-0.012135244905948639,0.007696986198425293,-1.4683926105499268,0.0026411034632474184,-0.04707407206296921,-0.0020433799363672733,0.0007690118509344757,0.03347042575478554,-9.975013381335884e-05,0.9994394779205322,-0.0003397972323000431,0.0005480541149154305,0.0005921836709603667,0.09229367226362228,0.5300320386886597,-0.029173800721764565,-0.4761052131652832,0.5835974812507629,0.49706971645355225,-1.9504210948944092,-0.3890843689441681,2.3669373989105225,1.0379947423934937,0.0012202266370877624,0.0006246967241168022,-0.0017599347047507763,-0.0016496139578521252,-0.0011289309477433562,0.0034747133031487465,0.0014431746676564217,0.6015762686729431,-1.4305439435702283e-05,0.09001951664686203,-8.514610817655921e-05,0.9994192719459534,4.0233229810837656e-05,-0.03407277166843414,4.68716025352478e-05,-9.58088094193954e-06,0.03239418938755989,-0.0006027516210451722,-0.0008082290296442807,0.9999994039535522,4.214287764625624e-05,-0.07160932570695877,0.0018774881027638912,-1.4812878370285034,-0.0009499959996901453,-0.0523897223174572,-0.0006983613129705191,0.029441669583320618,-0.0021316963247954845,1.4827253818511963,-0.0006469677318818867,0.042113885283470154,0.0007506203255616128,0.0016725659370422363,-6.27166855338146e-06,0.024943985044956207,0.0039953794330358505,0.004008867312222719,5.317755494615994e-06,7.593916961923242e-06,,,,,3.892845747199849,,1320,1.4083333333333332
12.416666666655374,retreat,12.416667314246297,14.607600315106044,17.302540689706802,-0.5830526351928711,0.0006387313078448642,3.8357872414431657,0.0518950582772959,0.12511451142200766,1.6140942573547363,0.047792255878448486,6.619129180908203,-0.03477388963801786,70,1.6050699949264526,0.0617963932454586,0.016161484643816948,0.0032399753108620644,-0.026469736243598163,-17.56966088751401,-0.045584578067064285,0.026758432388305664,-1.6132285594940186,0.0023980990517884493,-0.04769042134284973,-0.0019931201823055744,0.0007786743226461112,0.0334671251475811,-9.600302291801199e-05,0.999439537525177,-0.0004431238630786538,0.0006015255348756909,0.0005108644836582243,0.09390503168106079,0.5267009139060974,0.013805938884615898,-0.4761042892932892,0.5835948586463928,0.4970701336860657,-1.950425624847412,-0.3890920579433441,2.366939067840576,1.0379947423934937,0.001186298206448555,0.0006735469796694815,-0.001646550139412284,-0.0017746984958648682,-0.0007756864652037621,0.0029647164046764374,0.0011811285512521863,0.6015751957893372,-1.3588448382506613e-05,0.09001938998699188,-8.257552690338343e-05,0.9994192719459534,4.4375927245710045e-05,-0.03407231345772743,4.807417280972004e-05,-8.973824151325971e-06,0.032393861562013626,-0.0006055929115973413,-0.0008220686577260494,0.9999994039535522,4.1438299376750365e-05,-0.07619669288396835,0.020813733339309692,-1.6031252145767212,-0.004296598955988884,-0.06161171942949295,-0.002080728765577078,0.0331629142165184,-0.021080655977129936,1.6045880317687988,-0.0011635834816843271,0.05068054795265198,0.0021735485643148422,0.0016723871231079102,-6.100460268498864e-06,0.0249439999461174,0.003995377570390701,0.004008968826383352,5.317718660080573e-06,7.596187060698867e-06,,,,,3.892845747199849,,1320,1.4166666666666667
12.4249999999887,retreat,12.425000648014247,14.571865310080078,17.302417755126953,-0.5831122398376465,0.0007206958798633423,3.8356851401868073,0.05051814878243022,0.11869404022070311,1.5898555517196655,0.046232033520936966,6.498436450958252,-0.03418400592636317,73,1.59330415725708,0.05776854231953621,0.014440234750509262,0.0034376499243080616,-0.026305544830393046,-17.569530853335056,0.007341243326663971,-0.013075925409793854,-1.589784860610962,0.0029125020373612642,-0.04609187692403793,-0.0021111811511218548,0.0007848020759411156,0.033466268330812454,-8.865427662385628e-05,0.999439537525177,-0.00030102365417405963,0.000464939686935395,0.0005409988225437701,0.09596865624189377,0.523898184299469,0.02307879738509655,-0.47610294818878174,0.5835923552513123,0.4970700144767761,-1.9504287242889404,-0.38910341262817383,2.3669466972351074,1.0380172729492188,0.0013085457030683756,0.0007048452971503139,-0.0018656676402315497,-0.001651628757826984,-0.0013306258479133248,0.0035780612379312515,0.0015805636066943407,0.6015763282775879,-1.3587517969426699e-05,0.09002038091421127,-7.876617019064724e-05,0.9994194507598877,3.818169716396369e-05,-0.034067802131175995,4.6651577576994896e-05,-9.288407454732805e-06,0.032394811511039734,-0.0006019333959557116,-0.000822124071419239,0.999999463558197,3.789438051171601e-05,-0.10338800400495529,-0.006926184054464102,-1.5899312496185303,-0.0026392480358481407,-0.05769995599985123,-0.0009768239688128233,0.005119584500789642,0.00667156744748354,1.5932823419570923,-0.003582738107070327,0.04283765330910683,0.0012289966689422727,0.0016723871231079102,-5.743449492001673e-06,0.0249440036714077,0.003995377570390701,0.004009048454463482,5.3365397434390616e-06,7.62351555749774e-06,,,,,3.892845747199849,,1320,1.425
12.433333333322025,retreat,12.433333981782198,14.535938067320378,17.302902042865753,-0.583350658416748,0.0005302563295117579,3.835174593193355,0.05206455534789711,0.13122122080831475,1.718833088874817,0.04694318398833275,6.528027534484863,-0.03418400592636317,71,1.7027654647827148,0.06397957354784012,0.021192971616983414,0.003227857407182455,-0.026394439628347754,-17.569979640234706,-0.03225716948509216,0.011196166276931763,-1.718493938446045,0.00263291341252625,-0.04682395979762077,-0.002060775877907872,0.0007864467334002256,0.03346201404929161,-8.863086259225383e-05,0.9994396567344666,-0.0005800242070108652,0.000551393604837358,0.00043096032459288836,0.09272493422031403,0.5307914614677429,-0.001973976381123066,-0.47610023617744446,0.5835921764373779,0.49706757068634033,-1.9504344463348389,-0.3891128599643707,2.3669497966766357,1.0380172729492188,0.0014093442587181926,0.000830457778647542,-0.001981938723474741,-0.001795282936654985,-0.0010463747894391418,0.0031769576016813517,0.0013129253638908267,0.6015744209289551,-1.3127324564266019e-05,0.09001819789409637,-7.552134775323793e-05,0.9994193911552429,4.300537329982035e-05,-0.03406853973865509,4.824879579246044e-05,-8.858211003826e-06,0.03239300101995468,-0.0006069267401471734,-0.0008284764480777085,0.9999993443489075,4.133280526730232e-05,-0.09770872443914413,0.009371042251586914,-1.6999340057373047,-0.0029861442744731903,-0.06387357413768768,-0.002152916742488742,0.018280185759067535,-0.0096315648406744,1.7026402950286865,-0.001501045422628522,0.049839794635772705,0.002267361618578434,0.0016721487045288086,-5.744864665757632e-06,0.024944011121988297,0.003995379898697138,0.00400916812941432,5.331215561454883e-06,7.611379260197282e-06,,,,,3.892845747199849,,1320,1.4333333333333333
12.441666666655351,retreat,12.441667315550148,14.499819464624814,17.301929742097855,-0.5825161933898926,0.0005593255991698243,3.8367570680681378,0.04880398773821071,0.11190581936148891,1.395405888557434,0.04603900760412216,6.496947288513184,-0.03477388963801786,71,1.430099368095398,0.05232996493577957,0.04624639078974724,0.005145660135895014,-0.025493686320260167,-17.5691173766455,0.012669585645198822,-0.017352662980556488,-1.3952404260635376,0.0030780157539993525,-0.04588455706834793,-0.0021733492612838745,0.0007868621032685041,0.0334758423268795,-7.858083699829876e-05,0.9994392395019531,0.00011803281813627109,0.0003626162651926279,0.0006275635678321123,0.09473465383052826,0.5125860571861267,-0.006992569658905268,-0.4760999083518982,0.5835895538330078,0.49706897139549255,-1.9504344463348389,-0.38912421464920044,2.3669626712799072,1.0380401611328125,0.0011967276223003864,0.0006015859544277191,-0.0017060303362086415,-0.0013522108783945441,-0.0015443020965903997,0.003715472761541605,0.0016948377015069127,0.6015780568122864,-1.2652200894081034e-05,0.09002049267292023,-7.283388549694791e-05,0.9994197487831116,3.640425711637363e-05,-0.03406015783548355,4.5000575482845306e-05,-8.572262231609784e-06,0.032394517213106155,-0.0005846975254826248,-0.0008225520723499358,0.9999995231628418,3.376374297658913e-05,-0.07969659566879272,-0.013849422335624695,-1.4278098344802856,-0.0013683722354471684,-0.05230467766523361,-0.00087930349400267,0.017693817615509033,0.01363890990614891,1.429924726486206,-0.0033165239728987217,0.040855150669813156,0.001112215337343514,0.0016728639602661133,-5.24388269695919e-06,0.024943970143795013,0.0039953854866325855,0.00400927709415555,5.32693593413569e-06,7.607100997120142e-06,,,,,3.892845747199849,,1320,1.4416666666666667
12.449999999988677,retreat,12.450000649318099,14.46351037979126,17.302943021059036,-0.583350658416748,0.0003298932824691292,3.8349703553931533,0.05044244244345464,0.12511451142200766,1.9506274461746216,0.048705343157052994,6.590075492858887,-0.03352844942128286,71,1.8968372344970703,0.07097992300987244,0.07953139394521713,0.013504434376955032,-0.025614109996240586,-17.570006416765032,-0.12829990684986115,-0.011767126619815826,-1.9463679790496826,0.0029790657572448254,-0.04856542870402336,-0.002175919944420457,0.0007922010845504701,0.033459898084402084,-8.242011972470209e-05,0.9994397163391113,-0.0008833418251015246,0.0004552917380351573,0.0003607310354709625,0.09556137025356293,0.5203037858009338,-0.009888861328363419,-0.47609803080558777,0.5835878849029541,0.4970671236515045,-1.950440526008606,-0.3891327381134033,2.3669626712799072,1.0380401611328125,0.0014139111153781414,0.0007744654431007802,-0.002091378206387162,-0.0019521289505064487,-0.000926398963201791,0.0014012884348630905,0.0011184931499883533,0.6015756726264954,-1.2901370610052254e-05,0.09001926332712173,-6.932816177140921e-05,0.9994196891784668,4.05143691750709e-05,-0.034061625599861145,4.662713035941124e-05,-8.827621059026569e-06,0.03239418566226959,-0.0006021173903718591,-0.0008317444589920342,0.9999994039535522,4.142180478083901e-05,-0.06179776042699814,-0.005347072146832943,-1.8958227634429932,-0.0023793994914740324,-0.0708872377872467,-0.002736323745921254,0.06741991639137268,0.005084305070340633,1.8956313133239746,-0.0029797321185469627,0.06204744800925255,0.0029536797665059566,0.0016720294952392578,-5.444045655167429e-06,0.024944022297859192,0.003995394334197044,0.004009364638477564,5.34333594259806e-06,7.633527275174856e-06,,,,,3.892845747199849,,1320,1.45
12.458333333322003,retreat,12.45833398308605,14.427011690617585,17.302540689706802,-0.5827546119689941,0.0005980114110570867,3.8355319832137864,0.04962625098414719,0.11869404022070311,1.4217994213104248,0.046165820211172104,6.5028791427612305,-0.03477388963801786,73,1.4643657207489014,0.040111858397722244,0.06381239742040634,0.013589325360953808,-0.025800217466894537,-17.56964313816082,-0.0007247477769851685,-0.001979619264602661,-1.4217979907989502,0.0029944058042019606,-0.0460166372358799,-0.0021875910460948944,0.000792155449744314,0.03346506878733635,-8.639233419671655e-05,0.9994395971298218,-0.0002293561992701143,-0.0017215865664184093,0.00048613850958645344,0.13676701486110687,0.5228337645530701,0.10142432898283005,-0.4760970175266266,0.5835851430892944,0.49706634879112244,-1.9504444599151611,-0.38914406299591064,2.3669729232788086,1.038059949874878,0.0011531856143847108,0.0005328161059878767,-0.00173792929854244,-0.0017192480154335499,-0.0011803364614024758,0.0038198165129870176,0.0014724727952852845,0.6015768647193909,-1.3337736163521186e-05,0.09001991897821426,-6.57435302855447e-05,0.9994198083877563,3.523999112076126e-05,-0.03405643627047539,4.57132700830698e-05,-9.753088306752034e-06,0.03239447623491287,-0.0005917545640841126,-0.0008261770708486438,0.999999463558197,4.879425614490174e-05,-0.05083663389086723,-0.005043106619268656,-1.4634742736816406,0.0004754708497785032,-0.04010729491710663,-0.00037425162736326456,0.048904601484537125,0.004850505385547876,1.463541030883789,-0.00024347467115148902,0.03282991424202919,0.00039525178726762533,0.0016723275184631348,-5.642673386319075e-06,0.024944007396697998,0.0039953929372131824,0.004008202813565731,5.0748203648254275e-06,7.248250767588615e-06,,,,,3.892845747199849,,1320,1.4583333333333333
12.466666666655328,retreat,12.466667316854,14.390324274901658,17.302555590867996,-0.5828142166137695,0.00031265335564967245,3.8343575768174594,0.05171811062609777,0.11869404022070311,1.8896828889846802,0.04747859761118889,6.540956974029541,-0.03418400592636317,71,1.8563791513442993,0.06784830242395401,0.04910961166024208,0.008339582942426205,-0.0261811978998594,-17.56957637703281,-0.07970086485147476,0.028569012880325317,-1.8877853155136108,0.0026055313646793365,-0.04735957831144333,-0.002121019409969449,0.0007916418253444135,0.033454880118370056,-8.778493793215603e-05,0.9994398951530457,-0.0006561237387359142,-0.0006050379015505314,0.000417487695813179,0.05446437746286392,0.5205704569816589,0.1596767008304596,-0.47609686851501465,0.583581805229187,0.4970669150352478,-1.950451135635376,-0.38915178179740906,2.3669729232788086,1.038059949874878,0.0012593145947903395,0.0007059676572680473,-0.0018362447153776884,-0.002093559829518199,-0.0006033155950717628,0.0024713927414268255,0.0009994773427024484,0.6015746593475342,-1.2914205399283674e-05,0.09001928567886353,-6.279259832808748e-05,0.9994198679924011,3.932885738322511e-05,-0.034057360142469406,4.787207581102848e-05,-9.24385676626116e-06,0.03239373117685318,-0.0006028677453286946,-0.0008296029409393668,0.999999463558197,5.325443999026902e-05,-0.08347451686859131,0.02241876721382141,-1.8543659448623657,-0.005161803215742111,-0.06759920716285706,-0.002663729479536414,0.04295717179775238,-0.022653451189398766,1.8557437658309937,-0.001758502097800374,0.055628444999456406,0.0027970639057457447,0.0016717910766601562,-5.711002813768573e-06,0.024944037199020386,0.0039953915402293205,0.004008308053016663,5.271656846161932e-06,7.526803528890014e-06,,,,,3.892845747199849,,1320,1.4666666666666666
12.474999999988654,retreat,12.47500065062195,14.35344901044135,17.3023022711277,-0.5828738212585449,9.915356713463552e-05,3.8344597133704132,0.05024583879276179,0.12511451142200766,1.5853930711746216,0.045923490077257156,6.5004682540893555,-0.03418400592636317,73,1.609322428703308,0.04984119161963463,0.039263490587472916,0.008227196522057056,-0.025992863113060594,-17.569330159357,0.005992293357849121,-0.001034557819366455,-1.5853813886642456,0.003033676650375128,-0.0457693487405777,-0.002220459748059511,0.00079155940329656,0.03345547616481781,-7.2771857958287e-05,0.9994398355484009,-0.0002620965242385864,0.0007875420851632953,0.0006177294999361038,0.09864132106304169,0.5227025747299194,-0.03617013618350029,-0.4760965406894684,0.5835784673690796,0.49706751108169556,-1.950455904006958,-0.38916313648223877,2.3669838905334473,1.038082480430603,0.0012070431839674711,0.0006005644681863487,-0.0017924170242622495,-0.001863060868345201,-0.0012303116964176297,0.003899990813806653,0.0015335936332121491,0.6015757322311401,-1.2383507055346854e-05,0.09002020955085754,-5.9638005041051656e-05,0.9994200468063354,3.3169369999086484e-05,-0.03405196964740753,4.643830470740795e-05,-8.690927643328905e-06,0.03239447623491287,-0.0005968718905933201,-0.00082376942737028,0.9999994039535522,4.119038567296229e-05,-0.08437139540910721,-0.003320991061627865,-1.6071058511734009,-0.0025978118646889925,-0.04976918548345566,-0.0006510684033855796,0.025210842490196228,0.0031271176412701607,1.6091217994689941,-0.0030424657743424177,0.037654805928468704,0.0008636709535494447,0.0016718506813049316,-4.960654678143328e-06,0.024944037199020386,0.003995388280600309,0.004008421674370766,5.314228474162519e-06,7.588154403492808e-06,,,,,3.892845747199849,,1320,1.475
12.48333333332198,retreat,12.483333984389901,14.316386775034537,17.302626371383667,-0.5829930305480957,0.00013412227417575195,3.8333360618368206,0.05244863859843463,0.11869404022070311,1.9068520069122314,0.046781159937381744,6.520028591156006,-0.03418400592636317,71,1.8803558349609375,0.06757498532533646,0.03641272336244583,0.005805281922221184,-0.025844730727840215,-17.56957612646488,-0.047968506813049316,-0.007950760424137115,-1.9062319993972778,0.0030903464648872614,-0.04662513732910156,-0.0022413027472794056,0.0008023300324566662,0.033445850014686584,-7.357500726357102e-05,0.9994402527809143,-0.0007060060161165893,0.0009039242286235094,0.000444154953584075,0.12272294610738754,0.5215977430343628,0.00952006783336401,-0.4760954976081848,0.5835760235786438,0.49706652760505676,-1.9504626989364624,-0.3891744911670685,2.366985321044922,1.038088083267212,0.0014151857467368245,0.0007570814923383296,-0.002120204968377948,-0.0020563132129609585,-0.0011684598866850138,0.00294949091039598,0.0013227445306256413,0.6015734672546387,-1.3057565411145333e-05,0.09001893550157547,-5.5232747399713844e-05,0.9994199872016907,3.546037623891607e-05,-0.03405269235372543,4.8561254516243935e-05,-9.690014849184081e-06,0.032393377274274826,-0.0006072263931855559,-0.0008366468246094882,0.999999463558197,4.683627776103094e-05,-0.10484692454338074,-0.002280615968629718,-1.8774291276931763,-0.0032078081276267767,-0.06744888424873352,-0.002595517784357071,0.023184970021247864,0.0020700653549283743,1.8802112340927124,-0.0033741474617272615,0.0523928701877594,0.002836290281265974,0.0016713738441467285,-5.0184216888737865e-06,0.024944070726633072,0.003995384555310011,0.004008507821708918,5.549097750190413e-06,7.924390956759453e-06,,,,,3.892845747199849,,1320,1.4833333333333334
12.491666666655306,retreat,12.491667318157852,14.279138446479084,17.30201542377472,-0.5824565887451172,0.0003557011041266378,3.8344086454335033,0.048585206968709826,0.12511451142200766,1.6110498905181885,0.04444551467895508,6.381187438964844,-0.03418400592636317,72,1.6381111145019531,0.05271545797586441,0.04758413881063461,0.00909070111811161,-0.02553139120573178,-17.569039760995494,0.04357226938009262,0.02610146999359131,-1.6102489233016968,0.002805410884320736,-0.044302623718976974,-0.0021933275274932384,0.0007994878105819225,0.03345528244972229,-7.242925494210795e-05,0.9994398355484009,-8.871950558386743e-05,0.0005692585837095976,0.0006060607847757638,0.09959811717271805,0.5153549313545227,0.05849142372608185,-0.47609496116638184,0.583573043346405,0.4970671236515045,-1.9504657983779907,-0.3891858458518982,2.367004632949829,1.0381108522415161,0.0012873936211690307,0.000730182568076998,-0.0018333555199205875,-0.0017353813163936138,-0.0011487884912639856,0.004592939745634794,0.001470324583351612,0.6015772819519043,-1.2082352441211697e-05,0.09002099186182022,-5.304284059093334e-05,0.9994203448295593,2.911676165240351e-05,-0.03404245525598526,4.472513683140278e-05,-9.064848200068809e-06,0.03239504620432854,-0.0005875381757505238,-0.000827438198029995,0.9999994039535522,4.7567511501256377e-05,-0.11765284836292267,0.016082188114523888,-1.6338014602661133,-0.0024913824163377285,-0.052650704979896545,-0.0007848056848160923,-0.00620647519826889,-0.016259437426924706,1.63801908493042,-0.0001310089137405157,0.03572683781385422,0.0007989417063072324,0.0016718506813049316,-4.956788870913442e-06,0.024944033473730087,0.0039953808300197124,0.004008641466498375,5.311600489221746e-06,7.586553692817688e-06,,,,,3.892845747199849,,1320,1.4916666666666667
12.499999999988631,retreat,12.500000651925802,14.241704902572867,17.30305477976799,-0.5829334259033203,0.00010012036000262015,3.833080640618684,0.0519021377840545,0.12511451142200766,2.0343945026397705,0.0470297671854496,6.472097396850586,-0.03352844942128286,71,1.989909291267395,0.07323985546827316,0.06768828630447388,0.012934854254126549,-0.025609511823859066,-17.56998677411168,-0.09387527406215668,-0.009448885917663574,-2.032205581665039,0.0031738635152578354,-0.04686691612005234,-0.002284311456605792,0.0008053790079429746,0.03344380855560303,-6.727126310579479e-05,0.9994402527809143,-0.0008964885491877794,0.0004323498287703842,0.0003633190644904971,0.0888320803642273,0.5247809290885925,0.027798430994153023,-0.47609269618988037,0.5835727453231812,0.49706482887268066,-1.9504737854003906,-0.3891945779323578,2.367004632949829,1.0381108522415161,0.0015221504727378488,0.0009052817476913333,-0.0022141989320516586,-0.0020881386008113623,-0.001008921186439693,0.002227224875241518,0.0012044687755405903,0.6015735268592834,-1.2127494301239494e-05,0.09001772850751877,-4.954857286065817e-05,0.9994202256202698,3.3488347980892286e-05,-0.0340457446873188,4.805787466466427e-05,-9.089942977880128e-06,0.03239259868860245,-0.0006023086607456207,-0.0008377474150620401,0.9999994039535522,4.6251439925981686e-05,-0.09302958846092224,0.0008479561656713486,-1.9877333641052246,-0.0052144937217235565,-0.07300097495317459,-0.0027826481964439154,0.042455412447452545,-0.0010468155378475785,1.9894558191299438,-0.004912696313112974,0.05965648591518402,0.0031291875056922436,0.0016712546348571777,-4.708427695732098e-06,0.02494407445192337,0.003995376173406839,0.00400870805606246,5.285462975734845e-06,7.5475836638361216e-06,,,,,3.892845747199849,,1320,1.5
12.508333333321957,retreat,12.508333985693753,14.204087021113754,17.301639169454575,-0.582277774810791,0.00016852345652296208,3.835583036216627,0.04693851587944664,0.11869404022070311,1.379051685333252,0.04533817246556282,6.44242000579834,-0.03418400592636317,71,1.4427196979522705,0.040373511612415314,0.08411407470703125,0.011858710087835789,-0.02439283940475434,-17.568745167874013,0.005857191979885101,-0.009923957288265228,-1.3790035247802734,0.0033812292385846376,-0.04515031352639198,-0.0023593620862811804,0.0008018845110200346,0.03346550092101097,-5.853112452314235e-05,0.9994395971298218,0.00022691326739732176,0.0003995203587692231,0.0006730951135978103,0.09680669754743576,0.5011874437332153,-0.03970063105225563,-0.47609376907348633,0.5835686326026917,0.49706754088401794,-1.950474739074707,-0.3892059326171875,2.3670225143432617,1.0381337404251099,0.001051105442456901,0.0004687376494985074,-0.001565666520036757,-0.0015171017730608582,-0.0014991508796811104,0.00389129389077425,0.001677793450653553,0.6015785336494446,-1.1302572602289729e-05,0.09002143889665604,-4.76611457997933e-05,0.9994205832481384,2.6926680220640264e-05,-0.03403418883681297,4.312372766435146e-05,-8.441812497039791e-06,0.03239518404006958,-0.0005690465914085507,-0.000827933894470334,0.999999463558197,3.9055932575138286e-05,-0.048193588852882385,-0.013586524873971939,-1.4418504238128662,-0.0002633394906297326,-0.04036901891231537,-0.0005417612846940756,0.05000497028231621,0.013449070043861866,1.441790223121643,-0.0021980232559144497,0.03346874564886093,0.0006950342794880271,0.0016723275184631348,-4.266689757059794e-06,0.0249439999461174,0.0039953733794391155,0.004008813761174679,5.299834811012261e-06,7.565278792753816e-06,,,,,3.892845747199849,,1320,1.5083333333333333
12.516666666655283,retreat,12.516667319461703,14.166285679899616,17.303118109703064,-0.5830526351928711,-0.0001595226422068663,3.831496649584365,0.04988049840903841,0.12511451142200766,2.3433916568756104,0.048707686364650726,6.569791793823242,-0.03352844942128286,71,2.2546215057373047,0.07789060473442078,0.12428740411996841,0.019170818850398064,-0.025004877854371443,-17.56993996096837,-0.1737598180770874,-0.0204964280128479,-2.336850881576538,0.003328752936795354,-0.04853711277246475,-0.002346661640331149,0.0008159410208463669,0.03343004360795021,-6.227089033927768e-05,0.9994407296180725,-0.0013698937837034464,0.0005186963826417923,0.00023336248705163598,0.10254992544651031,0.5198100209236145,-0.013627421110868454,-0.47609254717826843,0.5835665464401245,0.4970656931400299,-1.9504835605621338,-0.38921400904655457,2.3670225143432617,1.0381337404251099,0.0015229216078296304,0.0008186918566934764,-0.002368139335885644,-0.00247580255381763,-0.0008073557983152568,0.0007695304811932147,0.0009644321398809552,0.6015749573707581,-1.1869676200149115e-05,0.09001937508583069,-4.4055610487703234e-05,0.9994205236434937,3.0891977075953037e-05,-0.03403686359524727,4.605203866958618e-05,-8.922634151531383e-06,0.0323944129049778,-0.0006071965908631682,-0.0008456926443614066,0.9999994039535522,4.700940917246044e-05,-0.07068601995706558,-0.008216200396418571,-2.253498077392578,-0.003230444388464093,-0.07775012403726578,-0.003380753565579653,0.08279242366552353,0.008017932996153831,2.2530858516693115,-0.004201258532702923,0.06764160096645355,0.0036799139343202114,0.001670539379119873,-4.475650712265633e-06,0.02494412288069725,0.003995372913777828,0.004008951596915722,5.367700396163855e-06,7.665192242711782e-06,,,,,3.892845747199849,,1320,1.5166666666666666
12.524999999988609,retreat,12.525000653229654,14.128301756728325,17.302503436803818,-0.5824565887451172,8.222514225053601e-05,3.8337957772104314,0.04852403071708977,0.13122122080831475,1.4211255311965942,0.04446643218398094,6.3673248291015625,-0.03418400592636317,71,1.4929280281066895,0.029460089281201363,0.10751993954181671,0.021466027945280075,-0.024987391603644937,-17.569485158221777,0.021602347493171692,0.00448976457118988,-1.4209542274475098,0.0032792577985674143,-0.04428279772400856,-0.0023545068688690662,0.0008127077599056065,0.033449843525886536,-5.6678010878385976e-05,0.9994400143623352,-0.00023619172861799598,0.0004956212360411882,0.0006326159345917404,0.10141832381486893,0.5159980654716492,0.03194006159901619,-0.476092129945755,0.5835629105567932,0.4970647096633911,-1.9504902362823486,-0.3892253637313843,2.367039918899536,1.0381555557250977,0.0010896262247115374,0.0004236729582771659,-0.0017628204077482224,-0.0020118625834584236,-0.0012726978166028857,0.004560002125799656,0.0015333393821492791,0.6015764474868774,-1.1708361853379756e-05,0.0900198295712471,-4.139611337450333e-05,0.9994207620620728,2.47536718234187e-05,-0.03402944281697273,4.466809332370758e-05,-9.16237877390813e-06,0.03239431232213974,-0.000579953717533499,-0.0008364341338165104,0.9999993443489075,4.375537537271157e-05,-0.04322195053100586,-0.007827085442841053,-1.4922816753387451,0.001421186258085072,-0.029425783082842827,1.9637207515188493e-05,0.05838201567530632,0.007703872397542,1.491766333580017,0.0002736609894782305,0.023248376324772835,-3.7198835343588144e-05,0.0016715526580810547,-4.191561401967192e-06,0.024944059550762177,0.00399537431076169,0.004009081982076168,5.32821331944433e-06,7.60774128139019e-06,,,,,3.892845747199849,,1320,1.525
12.533333333321934,retreat,12.533333986997604,14.090136129397749,17.302309721708298,-0.5826354026794434,-5.6595126807224005e-05,3.8321609834822596,0.050999147788388655,0.12511451142200766,2.1261723041534424,0.04701581969857216,6.465125560760498,-0.03352844942128286,73,2.078571081161499,0.07332855463027954,0.07299492508172989,0.014300952665507793,-0.02444233326241374,-17.569177767565836,-0.11474324762821198,0.0024096816778182983,-2.123072624206543,0.0031837131828069687,-0.04684964939951897,-0.002336969366297126,0.0008179572760127485,0.03343575447797775,-5.697703090845607e-05,0.9994405508041382,-0.0008138963603414595,0.0004948374116793275,0.00038109469460323453,0.10407093167304993,0.5068629384040833,-0.012452282011508942,-0.4760933816432953,0.5835581421852112,0.49706611037254333,-1.950498342514038,-0.3892340064048767,2.367039918899536,1.0381555557250977,0.001261865021660924,0.0005999486893415451,-0.0020171154756098986,-0.002448596991598606,-0.0007766451453790069,0.001966707641258836,0.0009863075101748109,0.6015738248825073,-1.1853063369926531e-05,0.09001954644918442,-3.7938727473374456e-05,0.9994207620620728,2.8999233109061606e-05,-0.034030381590127945,4.7134701162576675e-05,-9.401021998201031e-06,0.032393671572208405,-0.0005949887563474476,-0.0008457976509816945,0.9999994039535522,4.783310214406811e-05,-0.0836896225810051,0.007646733894944191,-2.076871395111084,-0.005218310281634331,-0.07306451350450516,-0.003379830624908209,0.05777622014284134,-0.007805183995515108,2.0777525901794434,-0.0038970881141722202,0.06107162684202194,0.0036574702244251966,0.00167083740234375,-4.214708496874664e-06,0.024944104254245758,0.003995378967374563,0.004009223077446222,5.3430885600391775e-06,7.62930721975863e-06,,,,,3.892845747199849,,1320,1.5333333333333332
12.54166666665526,retreat,12.541667320765555,14.051789675705763,17.302175611257553,-0.5820393562316895,7.453991202055477e-05,3.8315988622854396,0.0498963454447221,0.11869404022070311,1.7817844152450562,0.043986015021800995,6.35375452041626,-0.03418400592636317,72,1.80691659450531,0.04695921763777733,0.05131001025438309,0.012996157631278038,-0.02529017231427133,-17.56900456990608,0.03150267153978348,0.006534114480018616,-1.781493902206421,0.00322725553996861,-0.043804433196783066,-0.002350754104554653,0.0008194231195375323,0.03343084082007408,-5.248926390777342e-05,0.9994407296180725,-0.0004311274387873709,0.0004547179851215333,0.0005251092370599508,0.09882298111915588,0.5190593004226685,-0.004814347717911005,-0.47609394788742065,0.5835537314414978,0.4970664978027344,-1.9505056142807007,-0.3892453610897064,2.367055654525757,1.0381780862808228,0.001267561106942594,0.0005843148101121187,-0.002015402540564537,-0.0022379118017852306,-0.0011923681013286114,0.00453200051560998,0.001454922603443265,0.6015751361846924,-1.157224687631242e-05,0.09002053737640381,-3.505130734993145e-05,0.9994210004806519,2.2772921511204913e-05,-0.034023262560367584,4.601757973432541e-05,-9.425150892639067e-06,0.03239457309246063,-0.0005927818128839135,-0.0008410956943407655,0.999999463558197,4.60686169390101e-05,-0.11013487726449966,0.0010910782730206847,-1.8035566806793213,-0.0013500298373401165,-0.04693830758333206,-0.00037532649002969265,0.012774869799613953,-0.0012199078919366002,1.8068705797195435,-0.0011824887478724122,0.031110484153032303,0.00045794775360263884,0.0016705989837646484,-3.9926953832036816e-06,0.024944119155406952,0.003995384089648724,0.004009287338703871,5.314599548000842e-06,7.5853022281080484e-06,,,,,3.892845747199849,,1320,1.5416666666666667
12.549999999988586,retreat,12.550000654533505,14.013263273450235,17.302559316158295,-0.5825161933898926,-0.00018662967704585753,3.830729967524193,0.0519393288413994,0.13122122080831475,2.079779624938965,0.04574066027998924,6.443325519561768,-0.03352844942128286,73,2.0528409481048584,0.06976459175348282,0.039128001779317856,0.007582521997392178,-0.025139213947113603,-17.569327855986575,-0.054047029465436935,0.006590694189071655,-2.079066753387451,0.0031875227577984333,-0.04556890204548836,-0.0023500833194702864,0.0008241325267590582,0.03342320770025253,-4.912723306915723e-05,0.9994409084320068,-0.0008281299378722906,0.0005345738609321415,0.00042872742051258683,0.10185141861438751,0.5189786553382874,-0.04874024540185928,-0.47609347105026245,0.5835503935813904,0.49706557393074036,-1.950514316558838,-0.3892550766468048,2.367058515548706,1.0381780862808228,0.0014294924912974238,0.0007535028853453696,-0.0022205037530511618,-0.0024064332246780396,-0.0009916209382936358,0.0031997140031307936,0.0011611173395067453,0.6015726327896118,-1.2143744243076071e-05,0.09001938253641129,-3.126102456008084e-05,0.9994209408760071,2.715462505875621e-05,-0.03402375429868698,4.8019224777817726e-05,-9.990111720981076e-06,0.03239366039633751,-0.0006009063217788935,-0.0008501660777255893,0.9999993443489075,4.680048004956916e-05,-0.1143500953912735,0.009256617166101933,-2.0496327877044678,-0.004962666425853968,-0.06952767074108124,-0.0028935580048710108,0.025306805968284607,-0.009387335740029812,2.0526626110076904,-0.0034434753470122814,0.05310608074069023,0.003137527499347925,0.001670241355895996,-3.832245965895709e-06,0.02494414523243904,0.003995395731180906,0.0040093958377838135,5.355679604690522e-06,7.650902261957526e-06,,,,,3.892845747199849,,1320,1.55
12.558333333321912,retreat,12.558333988301456,13.974557800429038,17.301151156425476,-0.5818009376525879,0.0004971052476321347,3.830985545233665,0.04891729258815758,0.12511451142200766,1.6815505027770996,0.04550287127494812,6.300678253173828,-0.03352844942128286,70,1.7243680953979492,0.05031919106841087,0.057018574327230453,0.008079308085143566,-0.026754124090075493,-17.567937467921755,0.0017567873001098633,0.052924901247024536,-1.6807165145874023,0.0023294538259506226,-0.04539468139410019,-0.0020994744263589382,0.0008099412661977112,0.03342542424798012,-5.105036325403489e-05,0.9994408488273621,0.00011675180576276034,-0.0020141983404755592,0.0026612081564962864,0.24775917828083038,0.4692012071609497,0.20136117935180664,-0.4760957360267639,0.5835458040237427,0.49706923961639404,-1.950519323348999,-0.3892645537853241,2.367076873779297,1.038193702697754,0.0010452127316966653,0.0005869509768672287,-0.0014939354732632637,-0.002089120913296938,-0.0007755217957310379,0.004390905611217022,0.0012955577112734318,0.6015757918357849,-1.0830501196323894e-05,0.09002196043729782,-3.019170617335476e-05,0.9994212985038757,2.3901140593807213e-05,-0.03401394560933113,4.5024557039141655e-05,-9.423043593415059e-06,0.032395001500844955,-0.0005888686864636838,-0.000832633872050792,0.9999994039535522,4.919605635222979e-05,-0.0836498886346817,0.04003836587071419,-1.7218724489212036,-0.00514509342610836,-0.05005158483982086,-0.0006230350700207055,0.03361312299966812,-0.04014364629983902,1.7235735654830933,0.0006621144711971283,0.0380445197224617,0.0005826149135828018,0.0016703605651855469,-3.9047226891852915e-06,0.024944137781858444,0.003995395265519619,0.004008179530501366,-2.7132045943289995e-06,-3.877008566632867e-06,,,,,3.892845747199849,,1320,1.5583333333333333
12.566666666655237,retreat,12.566667322069407,13.935674134440042,17.30043962597847,-0.5810260772705078,0.00029828538572473917,3.8252565178757725,0.05225481072557159,0.12511451142200766,2.079268455505371,0.056054115295410156,6.402345657348633,-0.03300410753581673,74,2.0299713611602783,0.06840674579143524,0.0905747339129448,0.01999543607234955,-0.024544275947846472,-17.566827566670646,-0.26808419823646545,-0.019602596759796143,-2.0618205070495605,0.003412161488085985,-0.055920056998729706,-0.0018352962797507644,0.0007897929172031581,0.033375635743141174,-4.648929098038934e-05,0.9994425773620605,-0.0007379201706498861,-0.0012800401309505105,0.0003093997947871685,0.15833809971809387,0.4620611071586609,0.14064130187034607,-0.4760991334915161,0.5835403800010681,0.49707475304603577,-1.950528621673584,-0.389273077249527,2.367076873779297,1.038202166557312,0.0008618861902505159,0.00031263113487511873,-0.001423095935024321,-0.002739078365266323,-0.0007770492229610682,0.00017075924552045763,0.0011007051216438413,0.60157310962677,-9.7326537797926e-06,0.09002234041690826,-2.7621392291621305e-05,0.999421238899231,2.4381532057304867e-05,-0.03401448577642441,4.8486050218343735e-05,-8.293688551930245e-06,0.03239443153142929,-0.0006392281502485275,-0.0008130414644256234,0.9999994039535522,4.653269570553675e-05,0.05050228536128998,-0.005632735323160887,-2.0293350219726562,-0.007211774587631226,-0.06796841323375702,-0.0027871804777532816,0.18835890293121338,0.005526630207896233,2.0212061405181885,-0.00783775094896555,0.07536206394433975,0.003331957384943962,0.0016678571701049805,-3.6411606743058655e-06,0.024944305419921875,0.003995395265519619,0.004008302930742502,5.080622941022739e-06,7.255497621372342e-06,,,,,3.892845747199849,,1320,1.5666666666666667
12.574999999988563,retreat,12.575000655837357,13.896613153281116,17.300335317850113,-0.5803704261779785,-9.409609447175171e-05,3.8232083592563764,0.05577130286837928,0.13122122080831475,1.9747238159179688,0.05058058723807335,6.081700325012207,-0.032348678359994665,77,1.986474871635437,0.04178336262702942,0.03826894238591194,0.01562655344605446,-0.025476882932707667,-17.566580838154163,-0.05123656615614891,-0.05283978581428528,-1.9733515977859497,0.003690920537337661,-0.05041017755866051,-0.0018939669243991375,0.0007872560527175665,0.03335745260119438,-3.6357978387968615e-05,0.9994431138038635,-0.0007313155801966786,0.001263836631551385,0.0005014032940380275,0.139909565448761,0.4737301170825958,-0.024616319686174393,-0.47610199451446533,0.5835341811180115,0.49707674980163574,-1.9505404233932495,-0.3892853558063507,2.3670814037323,1.0382250547409058,0.0010907230898737907,0.00021976756397634745,-0.0020390090066939592,-0.0029603985603898764,-0.0018252277513965964,0.0034721095580607653,0.0018020723946392536,0.601570188999176,-1.0202151315752417e-05,0.09002185612916946,-2.325008790649008e-05,0.9994212985038757,1.8469218048267066e-05,-0.03401412069797516,5.1990384235978127e-05,-8.641316526336595e-06,0.03239360451698303,-0.0006570469122380018,-0.0008047964074648917,0.9999993443489075,4.04954407713376e-05,-0.04756276309490204,-0.04707062989473343,-1.9853475093841553,0.00357179157435894,-0.04163001477718353,-0.0001834295253502205,0.08752718567848206,0.04697902500629425,1.9839890003204346,-0.003226845059543848,0.034861888736486435,0.00040247003198601305,0.0016669631004333496,-3.129929382339469e-06,0.02494436502456665,0.003995390143245459,0.004008464049547911,5.558716111409012e-06,7.937545888125896e-06,,,,,3.892845747199849,,1320,1.575
12.583333333321889,retreat,12.583333989605308,13.857375734750136,17.29981005191803,-0.579833984375,0.00010910275705100503,3.822696148390466,0.05427926225820556,0.12511451142200766,2.0575215816497803,0.0482807457447052,5.946138381958008,-0.0316932491841726,77,2.0579683780670166,0.06282725930213928,0.023650623857975006,0.007794858887791634,-0.025398295954801142,-17.566019955166556,0.03448599949479103,-0.0013492703437805176,-2.057232141494751,0.003049440449103713,-0.04815191403031349,-0.0017677068244665861,0.000787922355812043,0.033353082835674286,-4.517052002483979e-05,0.9994432926177979,-0.0004396613803692162,0.001202174462378025,0.0005181955057196319,0.14456501603126526,0.4704587161540985,0.0447775162756443,-0.47610417008399963,0.5835279226303101,0.4970777928829193,-1.9505503177642822,-0.38930168747901917,2.3671016693115234,1.0382479429244995,0.0012927831849083304,0.000407677871407941,-0.0023023318499326706,-0.0028937975876033306,-0.001695728744380176,0.005234056618064642,0.0015606858069077134,0.601571798324585,-1.0920465683739167e-05,0.09002341330051422,-1.8816495867213234e-05,0.9994216561317444,1.3645294529851526e-05,-0.03400469943881035,5.037919618189335e-05,-9.83978679869324e-06,0.032394710928201675,-0.00065199239179492,-0.0008001934620551765,0.9999994039535522,5.3584797569783404e-05,-0.15098871290683746,-0.005127140320837498,-2.052415609359741,0.0008668923401273787,-0.06279256194829941,-0.001899269293062389,-0.011136800050735474,0.005047553684562445,2.057931900024414,0.00023366475943475962,0.0410832017660141,0.001887515070848167,0.001666724681854248,-3.5712507724383613e-06,0.024944376200437546,0.003995385020971298,0.004008564632385969,5.542174676520517e-06,7.912487490102649e-06,,,,,3.892845747199849,,1320,1.5833333333333333
12.591666666655215,retreat,12.591667323373258,13.817962756644967,17.30065569281578,-0.5803704261779785,2.5879671738948673e-06,3.8217739960938024,0.055306460126303136,0.12511451142200766,2.1677374839782715,0.04983459785580635,6.045463562011719,-0.03116891093668528,76,2.1470916271209717,0.0731830894947052,0.029503213241696358,0.005342000164091587,-0.026327898842282593,-17.56680147329924,-0.0355730801820755,0.044365108013153076,-2.1669914722442627,0.0025965895038098097,-0.04973804950714111,-0.0016944759991019964,0.0007865793886594474,0.033345192670822144,-4.5694425352849066e-05,0.9994435906410217,-0.0007197859231382608,0.0010084636742249131,0.00046647933777421713,0.11366364359855652,0.48830264806747437,0.10761921852827072,-0.4761042892932892,0.5835232138633728,0.4970763325691223,-1.9505624771118164,-0.3893112540245056,2.3671140670776367,1.038254737854004,0.0013637675438076258,0.000630437396466732,-0.0022496527526527643,-0.0030562840402126312,-0.0009386951569467783,0.004618058446794748,0.0011413799365982413,0.6015700101852417,-1.0925360584224109e-05,0.09002216905355453,-1.6260075426544063e-05,0.9994217157363892,1.4447101420955732e-05,-0.034001778811216354,5.141133442521095e-05,-9.905374099616893e-06,0.03239422291517258,-0.0006569615798071027,-0.0007995506748557091,0.9999994039535522,5.664442869601771e-05,-0.1290826052427292,0.03376338630914688,-2.142941951751709,-0.0050635081715881824,-0.07299534976482391,-0.0013433832209557295,0.016860216856002808,-0.033834781497716904,2.1467583179473877,-0.00011679856106638908,0.05445752665400505,0.0013566311681643128,0.0016663074493408203,-3.5948821732745273e-06,0.024944402277469635,0.0039953794330358505,0.004008682910352945,5.288585271046031e-06,7.551017915830016e-06,,,,,3.892845747199849,,1320,1.5916666666666666
12.59999999998854,retreat,12.600000657141209,13.778375096763483,17.299649864435196,-0.5797743797302246,0.0007596433988510398,3.822440017256925,0.05295811206451617,0.12511451142200766,1.8824245929718018,0.048685673624277115,5.997932434082031,-0.031758791010361165,70,1.9088035821914673,0.06046352535486221,0.04177967086434364,0.005399656482040882,-0.02517802978400141,-17.56584195736087,0.011823121458292007,0.07158580422401428,-1.881025791168213,0.0011403561802580953,-0.04864635318517685,-0.0015896159457042813,0.0007955527398735285,0.033350870013237,-2.778224370558746e-05,0.9994434118270874,-0.00012998658348806202,0.0006877472624182701,0.00038079870864748955,0.07692340016365051,0.4760061204433441,-0.03187308460474014,-0.476106733083725,0.5835182070732117,0.4970799684524536,-1.9505717754364014,-0.38932064175605774,2.3671376705169678,1.0382707118988037,0.001104791066609323,0.0005871576140634716,-0.0016540293581783772,-0.0027324706315994263,-0.0008976521203294396,0.0054105836898088455,0.0013489506673067808,0.6015722751617432,-9.286695785704069e-06,0.090023934841156,-1.5758403606014326e-05,0.999422013759613,1.1196754712727852e-05,-0.033991292119026184,4.911818541586399e-05,-9.049440450326074e-06,0.03239508718252182,-0.0006407919572666287,-0.0008058672538027167,0.9999994039535522,3.943320189137012e-05,-0.11421032249927521,0.05490116775035858,-1.9045926332473755,-0.007480960339307785,-0.05999566242098808,-0.000627493136562407,0.0154590904712677,-0.05496237054467201,1.907949447631836,0.0004739789292216301,0.043589651584625244,0.0005996769177727401,0.0016666054725646973,-2.7149578727403423e-06,0.02494438737630844,0.0039953747764229774,0.004008809570223093,5.289813088893425e-06,7.5540447141975164e-06,,,,,3.892845747199849,,1320,1.6
12.608333333321866,retreat,12.60833399090916,13.738613632903556,17.29973927140236,-0.5797147750854492,0.0004427027988640475,3.8191600238934225,0.05675393913406879,0.11190581936148891,2.197460651397705,0.05450110509991646,6.061664581298828,-0.03116891093668528,76,2.1659083366394043,0.07481358200311661,0.062200743705034256,0.01453067734837532,-0.02534060279140249,-17.565703286388548,-0.1521729975938797,-0.03330376744270325,-2.191932439804077,0.002960789017379284,-0.054398063570261,-0.0015667445259168744,0.0007791947573423386,0.033322472125291824,-2.0318024326115847e-05,0.9994444251060486,-0.0008132838411256671,0.0008369108545593917,0.0004231842467561364,0.10737409442663193,0.4551883637905121,0.02787892520427704,-0.4761086106300354,0.5835133194923401,0.49708279967308044,-1.9505831003189087,-0.38933226466178894,2.3671376705169678,1.038293480873108,0.0011942979181185365,0.0005018271622247994,-0.0019452301785349846,-0.0029847125988453627,-0.0015478100394830108,0.0024182070046663284,0.001568363863043487,0.6015685200691223,-8.750172128202394e-06,0.09002300351858139,-1.145964597526472e-05,0.999422013759613,5.795160177513026e-06,-0.03399317339062691,5.2988529205322266e-05,-8.46296279632952e-06,0.03239399939775467,-0.0006710850866511464,-0.0007842250633984804,0.9999995231628418,3.5533445043256506e-05,-0.04624399542808533,-0.012322868220508099,-2.165379524230957,-0.006488301325589418,-0.07450251281261444,-0.002085551619529724,0.10099396109580994,0.012273566797375679,2.163518190383911,-0.00812679436057806,0.06793659180402756,0.0026443395763635635,0.0016651749610900879,-2.313571712875273e-06,0.0249444842338562,0.003995372448116541,0.004008890595287085,5.331524334906135e-06,7.612979970872402e-06,,,,,3.892845747199849,,1320,1.6083333333333334
12.616666666655192,retreat,12.61666732467711,13.698679242863056,17.29908362030983,-0.5792379379272461,0.0005341227051758324,3.8183908684909373,0.05578807395067997,0.12511451142200766,1.98917555809021,0.05097047612071037,5.896488189697266,-0.03116891093668528,76,2.012979030609131,0.05285722017288208,0.048385944217443466,0.01254123356193304,-0.02615890686865896,-17.564994151104493,0.0052930861711502075,-0.033600687980651855,-1.988884687423706,0.0029203526210039854,-0.05086304247379303,-0.0015531022800132632,0.0007890816195867956,0.033315692096948624,-1.9154807887389325e-05,0.9994444847106934,-0.00029490276938304305,0.0007777508581057191,0.0005790513823740184,0.11683513224124908,0.4620963931083679,0.08518406003713608,-0.47611063718795776,0.5835074782371521,0.49708467721939087,-1.9505929946899414,-0.3893493413925171,2.3671560287475586,1.0383163690567017,0.0012639083433896303,0.00041559882811270654,-0.0021726470440626144,-0.0028169346041977406,-0.002201531548053026,0.004887411370873451,0.001964883180335164,0.6015694737434387,-8.641643944429234e-06,0.09002392739057541,-6.81866504237405e-06,0.9994223117828369,2.007395096370601e-06,-0.03398493677377701,5.199736915528774e-05,-8.738435099076014e-06,0.03239430487155914,-0.0006696187774650753,-0.0007902067736722529,0.9999994039535522,3.921271490980871e-05,-0.10013710707426071,-0.028471896424889565,-2.0102851390838623,0.0025253738276660442,-0.052794747054576874,-0.0004721730074379593,0.03665400296449661,0.028444334864616394,2.012444257736206,-0.0015699062496423721,0.03843289241194725,0.0005783166270703077,0.001664876937866211,-2.27164855459705e-06,0.024944499135017395,0.003995373845100403,0.004009050317108631,5.358711405278882e-06,7.654220098629594e-06,,,,,3.892845747199849,,1320,1.6166666666666667
12.624999999988518,retreat,12.62500065844506,13.658572804439853,17.29941889643669,-0.5792975425720215,0.00026239376893499866,3.81767285051084,0.05643085387418978,0.12511451142200766,2.298130989074707,0.0511697381734848,5.849579811096191,-0.030513481760863215,77,2.27230167388916,0.07525461912155151,0.0323035791516304,0.004789615981280804,-0.02573782589752227,-17.565279498901784,-0.037264809012413025,-0.0063076019287109375,-2.2978203296661377,0.002631742274388671,-0.05107923224568367,-0.0015257919440045953,0.0007811778923496604,0.03330953046679497,-2.0966643205611035e-05,0.9994447827339172,-0.0006094036507420242,0.000863118446432054,0.0004713827511295676,0.11864148080348969,0.4611937701702118,0.047598984092473984,-0.4761112630367279,0.5835022330284119,0.49708420038223267,-1.950603723526001,-0.38936641812324524,2.3671674728393555,1.0383392572402954,0.0014960700646042824,0.0006297717336565256,-0.002504838164895773,-0.0029925736598670483,-0.001781316241249442,0.004330290015786886,0.001546381856314838,0.6015685796737671,-9.54808547248831e-06,0.09002375602722168,-1.2731115930364467e-06,0.9994224309921265,-2.3497977963415906e-06,-0.03398055210709572,5.255686119198799e-05,-9.723111361381598e-06,0.0323944091796875,-0.0006713951006531715,-0.0007777066202834249,0.9999994039535522,4.614855788531713e-05,-0.13671831786632538,-0.004280691035091877,-2.2681808471679688,-0.0005598279531113803,-0.0752323567867279,-0.001742599648423493,0.017656534910202026,0.00427520414814353,2.2722291946411133,-0.0010789994848892093,0.05560069531202316,0.001818682998418808,0.001664578914642334,-2.3487837097491138e-06,0.024944521486759186,0.003995377570390701,0.004009191412478685,5.356840119929984e-06,7.64810829423368e-06,,,,,3.892845747199849,,1320,1.625
12.633333333321843,retreat,12.63333399221301,13.618295195431816,17.299403995275497,-0.5790591239929199,0.00028936528906342573,3.817467677748112,0.055380027333740145,0.11869404022070311,2.0571794509887695,0.05107343941926956,5.921934127807617,-0.03116891093668528,76,2.0724844932556152,0.0628272145986557,0.02761688083410263,0.005453758407384157,-0.026452350430190563,-17.565250330773594,-0.011496667750179768,0.04083377122879028,-2.056741952896118,0.0021559421438723803,-0.0510079562664032,-0.0014270531246438622,0.0007887556566856802,0.03330736979842186,-1.8480137441656552e-05,0.9994449019432068,-0.0003737702500075102,0.0010100252693518996,0.0006143087521195412,0.11529430747032166,0.47155821323394775,0.04520907253026962,-0.47611182928085327,0.5834974646568298,0.4970841705799103,-1.9506142139434814,-0.3893796503543854,2.3671875,1.0383565425872803,0.0013403301127254963,0.0006266703130677342,-0.0021510287187993526,-0.0028808130882680416,-0.0013273541117087007,0.0052136825397610664,0.0013788045616820455,0.6015693545341492,-9.09851587493904e-06,0.09002403914928436,1.553195374981442e-06,0.9994227290153503,-5.152689936949173e-06,-0.03397253528237343,5.1519833505153656e-05,-9.4776469268254e-06,0.032394714653491974,-0.00066553452052176,-0.0007824721978977323,0.999999463558197,4.6647564886370674e-05,-0.11144882440567017,0.026395905762910843,-2.06931734085083,-0.002666081767529249,-0.06276743113994598,-0.0006321822293102741,0.029326915740966797,-0.026389027014374733,2.072108268737793,0.0011684335768222809,0.04677353799343109,0.0005542930448427796,0.0016644597053527832,-2.23706274482538e-06,0.024944528937339783,0.003995383158326149,0.004009245429188013,5.304645128489938e-06,7.5747957453131676e-06,,,,,3.892845747199849,,1320,1.6333333333333333
12.64166666665517,retreat,12.641667325980961,13.577847293636822,17.29944869875908,-0.5790591239929199,0.0002830595349223586,3.817005998768699,0.05635894194711,0.13122122080831475,2.2531285285949707,0.05117521062493324,5.865733623504639,-0.030513481760863215,77,2.238535165786743,0.07322905957698822,0.021947404369711876,0.004815709311515093,-0.02546042820904404,-17.565262930769208,-0.04842408001422882,0.008806824684143066,-2.2525906562805176,0.0025516271125525236,-0.05108855292201042,-0.0015333258779719472,0.0007960564107634127,0.03330330550670624,-1.050222181220306e-05,0.9994449019432068,-0.0005931593477725983,0.0008697453886270523,0.0004557365318760276,0.10740462690591812,0.46024608612060547,0.05470844358205795,-0.476112425327301,0.5834929943084717,0.49708494544029236,-1.950624704360962,-0.3893924653530121,2.3671987056732178,1.0383747816085815,0.0014425351982936263,0.0007202702108770609,-0.0022727877367287874,-0.002915689256042242,-0.0014284229837357998,0.0042811231687664986,0.00140586425550282,0.6015681028366089,-8.77092588780215e-06,0.09002356231212616,5.263220828055637e-06,0.9994228482246399,-8.418667675869074e-06,-0.033969126641750336,5.251821130514145e-05,-9.37715685722651e-06,0.032394200563430786,-0.000666179577820003,-0.0007866511004976928,0.9999993443489075,4.251643258612603e-05,-0.11984028667211533,0.012526391074061394,-2.2352898120880127,-0.005282690282911062,-0.0730251595377922,-0.0013837459264323115,0.032210126519203186,-0.012502075172960758,2.2382678985595703,-0.003391116391867399,0.055829793214797974,0.0016167083522304893,0.0016642212867736816,-1.850385160651058e-06,0.024944543838500977,0.003995387814939022,0.004009295254945755,5.324502126313746e-06,7.598166121169925e-06,,,,,3.892845747199849,,1320,1.6416666666666666
12.649999999988495,retreat,12.650000659748912,13.537229976852736,17.299247533082962,-0.5789995193481445,0.00027467319796414813,3.817005998768699,0.055132863053586334,0.13122122080831475,2.1297807693481445,0.050388842821121216,5.836857318878174,-0.030513481760863215,77,2.140939950942993,0.0640091523528099,0.018382512032985687,0.003139500506222248,-0.025292630423791707,-17.56506176509309,-0.014069930650293827,-0.00046879053115844727,-2.1297342777252197,0.0026995420921593904,-0.05029187351465225,-0.0015734039479866624,0.0008027224685065448,0.033303286880254745,-5.254985808278434e-06,0.9994449615478516,-0.00038228201447054744,0.0008508259779773653,0.0005134240491315722,0.11205227673053741,0.45690035820007324,0.04293458163738251,-0.47611311078071594,0.5834882259368896,0.497085839509964,-1.9506341218948364,-0.38940808176994324,2.367215871810913,1.0383976697921753,0.001436918624676764,0.0006912073004059494,-0.0022651932667940855,-0.0027402997948229313,-0.0017253432888537645,0.004786014556884766,0.0016008989186957479,0.6015689373016357,-8.284869181807153e-06,0.09002438932657242,9.327919542556629e-06,0.9994230270385742,-1.2789843822247349e-05,-0.033961594104766846,5.129911005496979e-05,-9.136743756243959e-06,0.03239486366510391,-0.0006586674717254937,-0.0007889886619523168,0.9999993443489075,4.1411018173675984e-05,-0.11666782945394516,0.00097882270347327,-2.137758493423462,-0.0026168569456785917,-0.06394919008016586,-0.000908387650270015,0.028720922768115997,-0.0009377499809488654,2.140747308731079,-0.0024264531675726175,0.04720444604754448,0.0010737268021330237,0.0016642212867736816,-1.5992682165233418e-06,0.024944543838500977,0.003995398059487343,0.004009386524558067,5.33014190295944e-06,7.609312888234854e-06,,,,,3.892845747199849,,1320,1.65
12.65833333332182,retreat,12.658333993516862,13.496444122877431,17.29956790804863,-0.5790591239929199,0.00025602207642805297,3.816031159989276,0.0566135386179667,0.12511451142200766,2.3371529579162598,0.05081912875175476,5.845682144165039,-0.030513481760863215,77,2.3183884620666504,0.07263639569282532,0.025973759591579437,0.003930069971829653,-0.02509428228950128,-17.565314353235898,-0.04862770065665245,-0.0061345696449279785,-2.336638927459717,0.002760885749012232,-0.050718873739242554,-0.0015991174150258303,0.0008047493756748736,0.03329485282301903,-1.2316345419094432e-05,0.9994451999664307,-0.0006476354319602251,-0.001305563491769135,0.00032199465204030275,0.15642458200454712,0.4602831304073334,0.13371522724628448,-0.47611281275749207,0.5834848284721375,0.4970850646495819,-1.9506444931030273,-0.38942256569862366,2.367225408554077,1.03842031955719,0.001595200039446354,0.0008204039768315852,-0.0024977957364171743,-0.0028580022044479847,-0.0016283357981592417,0.004170919302850962,0.0014561949064955115,0.6015672087669373,-8.724579856789205e-06,0.09002289921045303,1.3996440429764334e-05,0.9994232058525085,-1.753178185026627e-05,-0.03395922854542732,5.273171700537205e-05,-9.850195056060329e-06,0.032393597066402435,-0.0006647279369644821,-0.0007858763565309346,0.9999994039535522,5.304166188579984e-05,-0.12503865361213684,0.002276972634717822,-2.3150131702423096,-0.0027655146550387144,-0.07256782799959183,-0.0015194916632026434,0.03239116072654724,-0.002210447331890464,2.318162679672241,-0.0023487741127610207,0.05462643504142761,0.0016802257159724832,0.001663804054260254,-1.955176230694633e-06,0.024944573640823364,0.003995396196842194,0.004008193500339985,5.078467438579537e-06,7.24598066881299e-06,,,,,3.892845747199849,,1320,1.6583333333333332
12.666666666655146,retreat,12.666667327284813,13.455490609508777,17.29888990521431,-0.5784034729003906,0.00024289408884214936,3.817108598915998,0.05378871355787851,0.13122122080831475,2.079725980758667,0.04910721257328987,5.733090877532959,-0.030513481760863215,76,2.1060407161712646,0.061124786734580994,0.04038315266370773,0.006218386348336935,-0.024687851080670953,-17.564711271669434,0.011096145957708359,0.021755218505859375,-2.079582691192627,0.002532246522605419,-0.049016743898391724,-0.0015700545627623796,0.0008040742250159383,0.03330459073185921,-8.904683454602491e-06,0.999444842338562,-6.137635500635952e-05,-0.0007154792547225952,0.0005342107033357024,0.10489276796579361,0.44745585322380066,0.17275118827819824,-0.47611385583877563,0.5834802389144897,0.4970867931842804,-1.9506518840789795,-0.3894382417201996,2.367248296737671,1.0384430885314941,0.001436046790331602,0.0007457018364220858,-0.002188142854720354,-0.0025382451713085175,-0.001623767544515431,0.005174365360289812,0.0015105170896276832,0.6015700101852417,-7.921747055661399e-06,0.09002439677715302,1.7157271940959617e-05,0.9994235038757324,-2.2206817448022775e-05,-0.03394844010472298,4.994682967662811e-05,-9.229033821611665e-06,0.03239455819129944,-0.0006441886071115732,-0.0007805430795997381,0.9999993443489075,5.2603452786570415e-05,-0.12471715360879898,0.013045244850218296,-2.102304220199585,-0.002505731536075473,-0.06106797605752945,-0.0008143873419612646,0.01822742074728012,-0.012970623560249805,2.105921983718872,-0.0005819714860990644,0.043155692517757416,0.000853932520840317,0.001664280891418457,-1.7839552128862124e-06,0.024944543838500977,0.003995395731180906,0.004008286166936159,5.270629117148928e-06,7.5262796599417925e-06,,,,,3.892845747199849,,1320,1.6666666666666667
12.674999999988472,retreat,12.675000661052763,13.414370314544648,17.299571633338928,-0.5791187286376953,-0.0002975928055093391,3.8155179870556606,0.056587770814076066,0.11869404022070311,2.4396772384643555,0.0521630235016346,5.9115424156188965,-0.029858054404030554,79,2.404043436050415,0.07648767530918121,0.059403952211141586,0.012381634674966335,-0.02517056348733604,-17.565282394273968,-0.12789787352085114,-0.0071104466915130615,-2.436311960220337,0.0028636474162340164,-0.05205835774540901,-0.0016456437297165394,0.000807268894277513,0.03329063951969147,-1.104349507841107e-06,0.9994454383850098,-0.000741215655580163,0.0007945984834805131,0.0005147355259396136,0.09089179337024689,0.4554175138473511,0.09078441560268402,-0.47611403465270996,0.5834766626358032,0.49708738923072815,-1.9506618976593018,-0.3894517123699188,2.36724853515625,1.0384541749954224,0.0015439490089192986,0.0008033878402784467,-0.0024052991066128016,-0.0028780449647456408,-0.0014201542362570763,0.0027882785070687532,0.001254446106031537,0.6015664935112,-7.711792022746522e-06,0.09002289175987244,2.2133332095108926e-05,0.9994235038757324,-2.107205000356771e-05,-0.033950142562389374,5.279667675495148e-05,-8.803281161817722e-06,0.03239355608820915,-0.0006598550826311111,-0.0007849703542888165,0.999999463558197,4.992749745724723e-05,-0.08400686830282211,-0.0012734407791867852,-2.4025750160217285,-0.004329990595579147,-0.07634106278419495,-0.0019126401748508215,0.07922834903001785,0.0013799768639728427,2.4027371406555176,-0.004392298404127359,0.06433219462633133,0.0022122447844594717,0.0016636252403259277,-1.398911763317301e-06,0.02494458481669426,0.003995393868535757,0.004008354153484106,5.282403435558081e-06,7.542286766692996e-06,,,,,3.892845747199849,,1320,1.675
12.683333333321798,retreat,12.683333994820714,13.373084115782913,17.298763245344162,-0.5783438682556152,-0.00023843068674977985,3.815979845796838,0.053574050980387256,0.11190581936148891,2.112837553024292,0.04845656827092171,5.702167510986328,-0.030513481760863215,76,2.145839214324951,0.05344286561012268,0.05925244837999344,0.01300219725817442,-0.024225012748502195,-17.56450612232279,0.028251346200704575,-0.011623978614807129,-2.112616777420044,0.0029896085616201162,-0.048334479331970215,-0.0016968142008408904,0.0008098830003291368,0.03329453989863396,8.602011803304777e-06,0.9994452595710754,-0.00014601861767005175,0.0013225729344412684,0.0005643413751386106,0.13907301425933838,0.44567689299583435,-0.020106112584471703,-0.4761151969432831,0.5834715366363525,0.49708881974220276,-1.950669288635254,-0.389468789100647,2.367271661758423,1.0384770631790161,0.0015078050782904029,0.0007029662374407053,-0.002392037305980921,-0.0025410791859030724,-0.0019508451223373413,0.005225747358053923,0.001670988742262125,0.601569652557373,-7.477576218661852e-06,0.09002496302127838,2.5840186935965903e-05,0.9994239211082458,-2.5388932044734247e-05,-0.03393860533833504,4.975544288754463e-05,-8.859151421347633e-06,0.032394975423812866,-0.0006443999009206891,-0.0007834705174900591,0.9999995231628418,4.386848013382405e-05,-0.12473727017641068,-0.013413453474640846,-2.1421687602996826,0.0006985926302149892,-0.053437739610672,-0.0002446030266582966,0.020871445536613464,0.013526968657970428,2.145695209503174,-0.001237057731486857,0.03552410006523132,0.00032572695636190474,0.001663804054260254,-9.183722227135149e-07,0.024944573640823364,0.003995390143245459,0.004008457995951176,5.525085725821555e-06,7.88734178058803e-06,,,,,3.892845747199849,,1320,1.6833333333333333
12.691666666655124,retreat,12.691667328588665,13.331632891021442,17.299500852823257,-0.5785226821899414,-0.0002638597607074189,3.814491434379471,0.056382086768280715,0.13705609666978325,2.579949378967285,0.05013049393892288,5.775451183319092,-0.029858054404030554,77,2.535761833190918,0.07994293421506882,0.06275289505720139,0.010908345691859722,-0.023796078690793365,-17.565140230809117,-0.08547782897949219,0.0017181634902954102,-2.5785324573516846,0.0027429144829511642,-0.050028592348098755,-0.0016379007138311863,0.0008181429584510624,0.033281560987234116,3.229061121601262e-06,0.9994456171989441,-0.0008846316486597061,0.001250612549483776,0.00030139891896396875,0.1398657113313675,0.4489021897315979,0.03655928745865822,-0.4761144816875458,0.5834689736366272,0.49708715081214905,-1.9506793022155762,-0.3894822299480438,2.3672757148742676,1.0384849309921265,0.0017642555758357048,0.0009542566840536892,-0.0027524481993168592,-0.00291203404776752,-0.0013903927756473422,0.003436182625591755,0.0011437414214015007,0.6015666723251343,-8.202017852454446e-06,0.09002266079187393,3.076736902585253e-05,0.9994238018989563,-2.35078750847606e-05,-0.03393936902284622,5.249376408755779e-05,-9.881202458927874e-06,0.03239321708679199,-0.0006581450579687953,-0.0007932640728540719,0.9999992847442627,5.4508011089637876e-05,-0.13207346200942993,0.005712087731808424,-2.532313585281372,-0.0032064702827483416,-0.07984784990549088,-0.0022162282839417458,0.040021806955337524,-0.005553894676268101,2.535439968109131,-0.0022477402817457914,0.060901105403900146,0.002369519555941224,0.0016631484031677246,-1.2000901961073396e-06,0.024944618344306946,0.003995385020971298,0.0040085515938699245,5.549862180487253e-06,7.924187229946256e-06,,,,,3.892845747199849,,1320,1.6916666666666667
12.69999999998845,retreat,12.700000662356615,13.290017518058107,17.298800498247147,-0.5785226821899414,-2.7742089514504187e-05,3.816031159989276,0.052770508773392066,0.11869404022070311,2.0070228576660156,0.04963281378149986,5.790687561035156,-0.02992359259224031,76,2.0563478469848633,0.05110552906990051,0.06522823125123978,0.009538885205984116,-0.024148501572199166,-17.564546943434415,-0.02432108297944069,0.03022494912147522,-2.006647825241089,0.0026841217186301947,-0.04953198879957199,-0.0016714228549972177,0.0008194998372346163,0.033295195549726486,9.129298632615246e-06,0.9994451999664307,-4.9079128075391054e-05,0.0009796454105526209,0.0006279919180087745,0.1197219118475914,0.44269806146621704,0.11228792369365692,-0.4761161506175995,0.5834639072418213,0.49708959460258484,-1.9506865739822388,-0.38949617743492126,2.367298126220703,1.0385037660598755,0.0013108480488881469,0.0006471591186709702,-0.0020192833617329597,-0.0025495891459286213,-0.0013316696276888251,0.004819599911570549,0.001334386644884944,0.601569652557373,-7.36976517146104e-06,0.09002499282360077,3.3238684409298e-05,0.9994242787361145,-2.6751704353955574e-05,-0.03392801061272621,4.889490082859993e-05,-9.438241249881685e-06,0.03239505738019943,-0.0006331322947517037,-0.0007914982852526009,0.999999463558197,5.100964699522592e-05,-0.07364195585250854,0.01741171069443226,-2.054955005645752,-0.0025362628512084484,-0.05104244127869606,-0.00010657285747583956,0.06588754057884216,-0.017274796962738037,2.055219888687134,-3.085099160671234e-05,0.040504179894924164,0.00010644877329468727,0.0016638636589050293,-9.080586664822476e-07,0.024944573640823364,0.003995381295681,0.0040086121298372746,5.3173944252193905e-06,7.591588655486703e-06,,,,,3.892845747199849,,1320,1.7
12.708333333321775,retreat,12.708333996124566,13.24823887469078,17.299247533082962,-0.578463077545166,-0.0002525125637475867,3.8135159537595773,0.05644834891427308,0.12511451142200766,2.712153196334839,0.049864739179611206,5.763219833374023,-0.029858054404030554,77,2.655813217163086,0.08021300286054611,0.07721224427223206,0.011750039644539356,-0.023772739397827536,-17.5648190794161,-0.10298037528991699,-0.010202616453170776,-2.7101781368255615,0.002910487586632371,-0.049750782549381256,-0.0016972781158983707,0.0008223000913858414,0.03327326104044914,1.2623226211871952e-05,0.9994459748268127,-0.0008534120861440897,0.000811795936897397,0.0003514171112328768,0.11071997135877609,0.44702762365341187,0.05219729617238045,-0.4761168658733368,0.583460807800293,0.49709007143974304,-1.950696587562561,-0.3895086944103241,2.3672990798950195,1.0385109186172485,0.0017305264482274652,0.0009471302619203925,-0.002684258855879307,-0.0030390555039048195,-0.0012901315931230783,0.002922437619417906,0.0011244115885347128,0.6015660762786865,-7.861898666305933e-06,0.09002289175987244,3.7814003007952124e-05,0.999424159526825,-2.443821904307697e-05,-0.03393012657761574,5.254731513559818e-05,-1.0006786396843381e-05,0.03239315003156662,-0.0006571990670636296,-0.0007965742843225598,0.9999994039535522,5.2262130338931456e-05,-0.13022074103355408,0.00208824104629457,-2.652617931365967,-0.005002445075660944,-0.08002564311027527,-0.0022355378605425358,0.049982741475105286,-0.0018854301888495684,2.6553432941436768,-0.004562052898108959,0.06135324016213417,0.002545073162764311,0.0016627311706542969,-7.372186701104511e-07,0.024944648146629333,0.003995378036051989,0.00400872016325593,5.290083208819851e-06,7.555499905720353e-06,,,,,3.892845747199849,,1320,1.7083333333333333
12.716666666655101,retreat,12.716667329892516,13.206297838717331,17.298763245344162,-0.5780458450317383,-0.00019465139189378533,3.8150560724835754,0.05243173654889688,0.11190581936148891,2.081665277481079,0.047791898250579834,5.652701377868652,-0.02992359259224031,77,2.132460832595825,0.049116797745227814,0.07845985889434814,0.014670201577246189,-0.023636639001779258,-17.564441886336063,0.023323750123381615,0.024012774229049683,-2.0813961029052734,0.002802072325721383,-0.04767826572060585,-0.001731170224957168,0.0008213181281462312,0.03328637778759003,2.0430619770195335e-05,0.9994455575942993,-7.353622640948743e-05,0.0009338480303995311,0.00060205691261217,0.11496544629335403,0.4402882158756256,0.012681402266025543,-0.47611814737319946,0.5834560394287109,0.4970920979976654,-1.9507040977478027,-0.38952362537384033,2.3673253059387207,1.0385338068008423,0.00143651373218745,0.0007347636856138706,-0.0021944809705018997,-0.0025920711923390627,-0.0015458478592336178,0.005483301822096109,0.0014976675156503916,0.6015697717666626,-6.7942032728751656e-06,0.09002526849508286,4.016029561171308e-05,0.9994246363639832,-2.9509492378565483e-05,-0.033917345106601715,4.857662133872509e-05,-9.13821168069262e-06,0.03239527344703674,-0.0006312818150036037,-0.0007907089311629534,0.9999995231628418,4.659606929635629e-05,-0.1093456819653511,0.01207652036100626,-2.1296212673187256,-0.0016624816926196218,-0.049088653177022934,-8.760494893067516e-06,0.03528428077697754,-0.011903061531484127,2.1321346759796143,6.500910967588425e-05,0.033395327627658844,1.3296084944158792e-06,0.0016633868217468262,-3.459706761077541e-07,0.024944603443145752,0.00399537431076169,0.004008858930319548,5.301992132444866e-06,7.5714197009801865e-06,,,,,3.892845747199849,,1320,1.7166666666666666
12.724999999988427,retreat,12.725000663660467,13.16419528793563,17.299310863018036,-0.5780458450317383,-0.00046525471475433733,3.8125915843392795,0.05638103903038427,0.13122122080831475,2.7483818531036377,0.04979589954018593,5.777123928070068,-0.029858054404030554,77,2.6908750534057617,0.0833517462015152,0.0837833359837532,0.015058007091283798,-0.023263384820893407,-17.56481813172893,-0.11316736042499542,-0.02005136013031006,-2.7459776401519775,0.003078819951042533,-0.04966969043016434,-0.0017534128855913877,0.0008343997178599238,0.03326515853404999,2.2491663912660442e-05,0.9994461536407471,-0.0009554790449328721,0.0008848002180457115,0.0002961135469377041,0.12176533043384552,0.44308364391326904,0.043592724949121475,-0.4761179983615875,0.5834534168243408,0.497091680765152,-1.950714111328125,-0.38953733444213867,2.3673255443573,1.0385438203811646,0.0018190087284892797,0.0009962107287719846,-0.0028194065671414137,-0.0030285215470939875,-0.001463879831135273,0.0028277623932808638,0.0011924323625862598,0.6015658378601074,-7.1479134930996224e-06,0.0900227278470993,4.5166823838371783e-05,0.9994245171546936,-2.823622889991384e-05,-0.03391974791884422,5.252170376479626e-05,-9.548228263156489e-06,0.03239301219582558,-0.0006549091776832938,-0.0008049560128711164,0.9999993443489075,5.0023809308186173e-05,-0.13017919659614563,-0.0047150226309895515,-2.6877200603485107,-0.004833986517041922,-0.08317072689533234,-0.002603046828880906,0.05234934389591217,0.004960292484611273,2.6903622150421143,-0.0053482200019061565,0.06450629234313965,0.002965291729196906,0.0016623139381408691,-2.638616081185319e-07,0.024944674223661423,0.003995372448116541,0.0040089343674480915,5.3687508625444025e-06,7.66449375078082e-06,,,,,3.892845747199849,,1320,1.7249999999999999
12.733333333321752,retreat,12.733333997428417,13.121932100143548,17.298666387796402,-0.5775690078735352,-0.00028605253987734613,3.8142347531049317,0.051860679377568886,0.11869404022070311,2.087160110473633,0.04764431342482567,5.658270835876465,-0.02992359259224031,76,2.1437294483184814,0.04770323634147644,0.0840783566236496,0.01500194426625967,-0.023631721502169967,-17.564287917034232,0.019400617107748985,0.010176241397857666,-2.087045192718506,0.003030751133337617,-0.04751364514231682,-0.0018023853190243244,0.0008341804496012628,0.03327913582324982,2.8677573936874978e-05,0.9994457960128784,-1.1957818060182035e-05,0.0008699978934600949,0.0005940382834523916,0.12251746654510498,0.44012799859046936,0.0826161727309227,-0.47611919045448303,0.5834484100341797,0.49709343910217285,-1.950721025466919,-0.3895544111728668,2.367351770401001,1.0385667085647583,0.0014771224232390523,0.0007183270645327866,-0.0022945627570152283,-0.002532117534428835,-0.001725839334540069,0.005372458137571812,0.001556210219860077,0.6015701293945312,-6.551457772729918e-06,0.09002542495727539,4.840712063014507e-05,0.999424934387207,-3.245813422836363e-05,-0.03390631452202797,4.798383451998234e-05,-9.331894943898078e-06,0.03239531069993973,-0.0006274840561673045,-0.0008006237330846488,0.999999463558197,4.6924789785407484e-05,-0.10306913405656815,0.0004979012883268297,-2.1412501335144043,-0.0001504878600826487,-0.04770299047231674,3.3082207664847374e-05,0.04228813946247101,-0.0002883899142034352,2.1433115005493164,-9.85876249615103e-05,0.03291565924882889,-3.052114698220976e-05,0.0016630291938781738,4.504386197368149e-08,0.024944625794887543,0.00399537431076169,0.0040090689435601234,5.329678060661536e-06,7.612135959789157e-06,,,,,3.892845747199849,,1320,1.7333333333333334
12.741666666655078,retreat,12.741667331196368,13.079509153138957,17.299247533082962,-0.5783438682556152,-0.0006051121772543411,3.8119238450037107,0.054905409342609346,0.11869404022070311,2.8147404193878174,0.05083049461245537,5.865530014038086,-0.029268168873386458,77,2.748872756958008,0.08274269104003906,0.09985150396823883,0.018559660762548447,-0.022860468365252018,-17.564708369344263,-0.17002654075622559,-0.010693639516830444,-2.809580087661743,0.0030865520238876343,-0.050705086439847946,-0.0017907207366079092,0.0008370612631551921,0.0332593135535717,2.6663388780434616e-05,0.9994463920593262,-0.0009800799889490008,0.0008829677244648337,0.0002416399074718356,0.12446825206279755,0.44206684827804565,0.048090845346450806,-0.4761196970939636,0.583445131778717,0.4970932900905609,-1.950730800628662,-0.38956722617149353,2.367351770401001,1.0385725498199463,0.0017466823337599635,0.0009263652609661222,-0.002752265427261591,-0.0031798912677913904,-0.0011743443319573998,0.0020312126725912094,0.000973252288531512,0.6015663743019104,-7.161459507187828e-06,0.09002334624528885,5.32666381332092e-05,0.999424934387207,-2.9744647690677084e-05,-0.03390863165259361,5.100620910525322e-05,-9.943234545062296e-06,0.03239362686872482,-0.0006496274145320058,-0.000805984775070101,0.999999463558197,5.39839020348154e-05,-0.09368933737277985,0.00046714991913177073,-2.7472758293151855,-0.004766122903674841,-0.08255916833877563,-0.002760564675554633,0.09273172169923782,-0.0001742563326843083,2.7473087310791016,-0.00452417554333806,0.06916497647762299,0.0030661236960440874,0.0016620755195617676,-5.957281246082857e-08,0.024944692850112915,0.003995377104729414,0.004009155556559563,5.357415375328856e-06,7.647700840607285e-06,,,,,3.892845747199849,,1320,1.7416666666666667
12.749999999988404,retreat,12.750000664964318,13.036927324719727,17.298942059278488,-0.5779862403869629,-0.00039110383909246593,3.8129510879251725,0.052324725402286276,0.11869404022070311,2.1620092391967773,0.04792097583413124,5.667525291442871,-0.029858054404030554,76,2.2167277336120605,0.042618270963430405,0.08334290236234665,0.01735326461493969,-0.023522116360254586,-17.56447432669961,-0.007049273699522018,0.025489062070846558,-2.1618473529815674,0.0029883007518947124,-0.047792237251996994,-0.001841769553720951,0.0008394807227887213,0.0332680381834507,3.459085928625427e-05,0.9994461536407471,-0.0002703851496335119,0.0009034986142069101,0.0005588408675976098,0.11775238066911697,0.44282370805740356,0.046999603509902954,-0.47612106800079346,0.583439826965332,0.49709489941596985,-1.950740098953247,-0.3895808458328247,2.3673744201660156,1.0385916233062744,0.001398529508151114,0.0006553829880431294,-0.0022141800727695227,-0.002866392955183983,-0.0013584523694589734,0.005149675067514181,0.001371351652778685,0.6015686988830566,-6.3526249505230226e-06,0.09002481400966644,5.581492587225512e-05,0.9994252920150757,-3.3182765037054196e-05,-0.033898163586854935,4.844367504119873e-05,-9.506202331976965e-06,0.03239491581916809,-0.0006304269772954285,-0.0008051483891904354,0.999999463558197,4.856658051721752e-05,-0.0812913104891777,0.011010529473423958,-2.2152092456817627,-0.0008540397393517196,-0.042608920484781265,0.0002598107676021755,0.06899158656597137,-0.010762657038867474,2.215627670288086,0.0006982226623222232,0.03097233921289444,-0.00031146156834438443,0.0016624927520751953,3.321912345199962e-07,0.024944663047790527,0.003995380364358425,0.004009217023849487,5.310531378199812e-06,7.580965757369995e-06,,,,,3.892845747199849,,1320,1.75
12.75833333332173,retreat,12.758333998732269,12.99418749268373,17.299091070890427,-0.5781650543212891,-0.0006519200042021112,3.8110504711399362,0.05585901453741826,0.11869404022070311,2.7675817012786865,0.049340080469846725,5.725830078125,-0.029333712518564425,77,2.7217392921447754,0.07860943675041199,0.06829069554805756,0.012549874372780323,-0.022496732650324702,-17.564491175482818,-0.11761397123336792,-0.013092368841171265,-2.7650504112243652,0.0032401354983448982,-0.04919803887605667,-0.0018703272799029946,0.0008486086153425276,0.03325139731168747,3.908901635440998e-05,0.99944669008255,-0.0009426932665519416,0.0007920325151644647,0.000249019474722445,0.11848080903291702,0.43572795391082764,0.050566691905260086,-0.47612264752388,0.5834355354309082,0.49709632992744446,-1.950750708580017,-0.3895939886569977,2.367375135421753,1.0385998487472534,0.0016719164559617639,0.0008343191584572196,-0.002669631503522396,-0.0032375662121921778,-0.0013205066788941622,0.0028867172077298164,0.0011193961836397648,0.6015650033950806,-6.630048119404819e-06,0.09002344310283661,6.0493948694784194e-05,0.9994251728057861,-3.1232622859533876e-05,-0.03389979153871536,5.197501741349697e-05,-9.82995334197767e-06,0.032393455505371094,-0.0006487000500783324,-0.0008162202429957688,0.999999463558197,4.912231815978885e-05,-0.11757581681013107,-0.0005649884114973247,-2.71919846534729,-0.005275513045489788,-0.07838711887598038,-0.0026592453941702843,0.0669490247964859,0.0008958722464740276,2.7209150791168213,-0.005187783855944872,0.06154344230890274,0.0030091917142271996,0.0016616582870483398,5.42498355571297e-07,0.024944715201854706,0.003995389211922884,0.004009355790913105,5.322596734913532e-06,7.599795935675502e-06,,,,,3.892845747199849,,1320,1.7583333333333333
12.766666666655055,retreat,12.76666733250022,12.951290534828836,17.298703640699387,-0.5776882171630859,-0.00032322827792086173,3.8112046104611528,0.05312299254001118,0.12511451142200766,2.3585245609283447,0.04688258841633797,5.613030433654785,-0.029858054404030554,76,2.3923425674438477,0.05278956517577171,0.06039837747812271,0.013660387136042118,-0.023349891824182123,-17.564114463659394,0.02180929109454155,0.012573331594467163,-2.3583900928497314,0.0031090236734598875,-0.04674144089221954,-0.0018837907118722796,0.000852299272082746,0.03325268626213074,3.314956120448187e-05,0.9994465708732605,-0.0002924451546277851,-0.0013629755703732371,0.00038652110379189253,0.16232918202877045,0.44298192858695984,0.15113045275211334,-0.47612422704696655,0.5834304690361023,0.4970982074737549,-1.950759768486023,-0.3896092474460602,2.3673994541168213,1.0386226177215576,0.0015761633403599262,0.0007691500359214842,-0.002484408672899008,-0.002938848687335849,-0.0015576931182295084,0.005482511594891548,0.0014585271710529923,0.6015675663948059,-5.7479583119857125e-06,0.09002503007650375,6.336648220894858e-05,0.9994255900382996,-3.5605848097475246e-05,-0.03388865664601326,4.9253227189183235e-05,-9.453399798076134e-06,0.03239480406045914,-0.0006362633430399001,-0.0008152396767400205,0.9999994039535522,5.7898527302313596e-05,-0.13402147591114044,0.008634371683001518,-2.3885700702667236,-0.0013437526067718863,-0.05277225375175476,-0.00014789863780606538,0.0280836820602417,-0.008327469229698181,2.3921632766723633,-0.00010648323222994804,0.03352832421660423,0.00015044925385154784,0.0016617178916931152,2.394987177467556e-07,0.024944715201854706,0.003995388280600309,0.004008179530501366,5.070896804681979e-06,7.240363629534841e-06,,,,,3.892845747199849,,1320,1.7666666666666666
12.774999999988381,retreat,12.77500066626817,12.908237328952916,17.299150675535202,-0.5776286125183105,-0.0008635803396828123,3.810228289603692,0.05519676051335409,0.11869404022070311,2.7909467220306396,0.04740816354751587,5.593662261962891,-0.029333712518564425,77,2.7548940181732178,0.08008304238319397,0.05011790245771408,0.009409603662788868,-0.0235123512102291,-17.56449360815563,-0.057717930525541306,-0.014093518257141113,-2.790314197540283,0.0033118377905339003,-0.04725325107574463,-0.0019225034629926085,0.0008446269202977419,0.033244539052248,3.7344143493101e-05,0.9994468688964844,-0.0008003758266568184,0.00011758494656533003,0.0004425861407071352,0.08231853693723679,0.44183510541915894,0.1451040357351303,-0.47612401843070984,0.5834274291992188,0.497097373008728,-1.9507700204849243,-0.38962462544441223,2.3674066066741943,1.0386359691619873,0.0019119647331535816,0.0010095700854435563,-0.002999543910846114,-0.0030875569209456444,-0.001615210552699864,0.0038526211865246296,0.001270302920602262,0.601565420627594,-6.520096576423384e-06,0.09002339094877243,6.835392559878528e-05,0.9994256496429443,-3.5924003896070644e-05,-0.033887408673763275,5.129189230501652e-05,-1.0007465789385606e-05,0.03239346295595169,-0.0006431644433178008,-0.0008072282071225345,0.999999463558197,5.842159953317605e-05,-0.16324347257614136,-0.005189048126339912,-2.7500483989715576,-0.004298099782317877,-0.07992983609437943,-0.002457828028127551,0.023408815264701843,0.005570585839450359,2.754788875579834,-0.004893445875495672,0.056488681584596634,0.0027862084098160267,0.0016613006591796875,4.6221271077229176e-07,0.024944737553596497,0.0039953868836164474,0.004008336458355188,5.27552401763387e-06,7.5310817919671535e-06,,,,,3.892845747199849,,1320,1.775
12.783333333321707,retreat,12.78333400003612,12.865028752853842,17.29871854186058,-0.577390193939209,-0.0009308630524174077,3.8115128704307817,0.05225494533078745,0.11869404022070311,2.367626667022705,0.04684768244624138,5.569488525390625,-0.029268168873386458,77,2.401376962661743,0.05693860724568367,0.05004097521305084,0.007857223972678185,-0.022300756420008838,-17.564150800251603,-0.008928973227739334,0.03479030728340149,-2.367354154586792,0.0030129372607916594,-0.046711526811122894,-0.0019133182941004634,0.0008414936601184309,0.03325561806559563,4.388958041090518e-05,0.9994465112686157,-0.00028163439128547907,0.0014469004236161709,0.0004953458555974066,0.14355815947055817,0.4320903718471527,-0.024826379492878914,-0.4761248230934143,0.583423376083374,0.4970986247062683,-1.9507781267166138,-0.389639288187027,2.367429494857788,1.0386526584625244,0.001627631252631545,0.000869541137944907,-0.0024817080702632666,-0.002774897264316678,-0.0013692919164896011,0.005074892193078995,0.0012885381001979113,0.6015679240226746,-5.644578777719289e-06,0.09002456814050674,7.102003291947767e-05,0.999426007270813,-3.7751055060653016e-05,-0.03387701138854027,4.840875044465065e-05,-9.233400305674877e-06,0.03239436447620392,-0.0006216720212250948,-0.0008024052367545664,0.999999463558197,5.436747596831992e-05,-0.12033551931381226,0.018997272476553917,-2.398284673690796,-0.0027208877727389336,-0.05687087029218674,-0.0005532251088880002,0.04233954846858978,-0.018653277307748795,2.4009313583374023,4.166248254477978e-05,0.03960268199443817,0.0005459444946609437,0.001661837100982666,7.940449222587631e-07,0.024944700300693512,0.003995384089648724,0.0040084668435156345,5.49864398635691e-06,7.851864211261272e-06,,,,,3.892845747199849,,1320,1.7833333333333332
12.791666666655033,retreat,12.791667333804071,12.821665684329481,17.296744138002396,-0.5785822868347168,-0.0013710230177821359,3.8150047451949995,0.05216386853135191,0.11190581936148891,2.6660943031311035,0.04538543522357941,5.738928318023682,-0.02867828334274236,78,2.6487889289855957,0.07272936403751373,0.04161371290683746,0.01070356834679842,-0.021777981193736196,-17.56241920987095,-0.08850038796663284,-0.057249054312705994,-2.6640100479125977,0.004882601089775562,-0.04509790986776352,-0.0014752289280295372,0.0007339196745306253,0.03328602761030197,4.411331610754132e-05,0.9994456171989441,-0.0006437345873564482,0.00015839497791603208,0.00041595229413360357,0.07296530902385712,0.4400395452976227,0.1062747910618782,-0.47612708806991577,0.5834183096885681,0.4971012771129608,-1.9507839679718018,-0.3896563649177551,2.367429733276367,1.0386691093444824,0.0017460855888202786,0.000828514457680285,-0.00279307272285223,-0.002721447264775634,-0.0017835116013884544,0.0027932683005928993,0.0012436291435733438,0.6015667915344238,-6.756210495950654e-06,0.09002567827701569,7.736909174127504e-05,0.9994259476661682,-3.8888774724910036e-05,-0.03387575224041939,4.8208748921751976e-05,-1.0313469829270616e-05,0.03239349275827408,-0.0005899999523535371,-0.0006935489946044981,0.9999995231628418,5.6804616178851575e-05,-0.12107465416193008,-0.033070098608732224,-2.6458137035369873,-0.003403538139536977,-0.0726189836859703,-0.0021117429714649916,0.05836063623428345,0.03348236158490181,2.6479339599609375,-0.008042633533477783,0.05525653809309006,0.0026511726900935173,0.0016633868217468262,9.829794862525887e-07,0.024944603443145752,0.0039953794330358505,0.004008641932159662,5.381633400247665e-06,7.683585863560438e-06,,,,,3.892845747199849,,1320,1.7916666666666667
12.799999999988358,retreat,12.800000667572021,12.77814900117771,17.29704588651657,-0.5781650543212891,-0.0014756991504327743,3.8135673010563718,0.05160794535186142,0.11190581936148891,2.7747116088867188,0.04231734573841095,5.5419464111328125,-0.02992359259224031,79,2.7635998725891113,0.06249438598752022,0.02441754750907421,0.008748925291001797,-0.021875356673263013,-17.56262100337055,0.018603995442390442,0.03288774937391281,-2.774454355239868,0.0038935039192438126,-0.042116906493902206,-0.0013284060405567288,0.0007188431918621063,0.033273544162511826,3.756301157409325e-05,0.9994460344314575,-0.0007430093828588724,0.0003793338837567717,0.0002651560353115201,0.0628172904253006,0.45384836196899414,0.011272650212049484,-0.4761269986629486,0.5834154486656189,0.4971008598804474,-1.9507923126220703,-0.38967010378837585,2.367445945739746,1.0386781692504883,0.0019886698573827744,0.0011491066543385386,-0.003027292899787426,-0.0028536790050566196,-0.0010943389497697353,0.0048204390332102776,0.0009250561706721783,0.6015673279762268,-6.476299859059509e-06,0.09002521634101868,8.063673158176243e-05,0.9994261860847473,-3.7498262827284634e-05,-0.03386940434575081,4.766741767525673e-05,-1.0143340659851674e-05,0.03239334002137184,-0.0005961322458460927,-0.0006795421941205859,0.9999995231628418,6.615176243940368e-05,-0.18937242031097412,0.018821142613887787,-2.757039785385132,-0.001322294818237424,-0.06248024106025696,-0.0001387976371916011,-0.0022878050804138184,-0.01836850680410862,2.7635369300842285,0.0013773622922599316,0.03525402396917343,3.902340540662408e-05,0.0016627311706542969,6.811869752709754e-07,0.024944644421339035,0.0039953747764229774,0.004008786752820015,5.298702490108553e-06,7.565395208075643e-06,,,,,3.892845747199849,,1320,1.8
12.808333333321684,retreat,12.808334001339972,12.734479581196396,17.297068238258362,-0.5780458450317383,-0.0014762835007786634,3.814491434379471,0.050853905122494325,0.11869404022070311,2.557532787322998,0.0438285768032074,5.66624641418457,-0.02992359259224031,79,2.5703678131103516,0.06522440910339355,0.013386339880526066,0.001819166587665677,-0.02206208952702582,-17.56270761624422,-0.03403681516647339,0.010656654834747314,-2.557284116744995,0.0043157413601875305,-0.043591465801000595,-0.001450062496587634,0.0007252075592987239,0.033281322568655014,4.7327102947747335e-05,0.9994457364082336,-0.0005489619798026979,0.0003944781783502549,0.0005078916437923908,0.07008226215839386,0.4490061104297638,0.00418891804292798,-0.47612664103507996,0.5834128856658936,0.49710115790367126,-1.9507994651794434,-0.3896837532520294,2.367459774017334,1.0386874675750732,0.001854732632637024,0.0010760999284684658,-0.0027725333347916603,-0.0025853074621409178,-0.0011613970855250955,0.004178466275334358,0.0009660701616667211,0.601567804813385,-5.988812517898623e-06,0.09002505987882614,8.391612936975434e-05,0.9994263648986816,-3.601392018026672e-05,-0.03386378660798073,4.69377264380455e-05,-9.87067414826015e-06,0.032393235713243484,-0.0005827293498441577,-0.0006876045372337103,0.999999463558197,5.9930105635430664e-05,-0.13607999682426453,0.01051267422735691,-2.566741466522217,-0.006067060399800539,-0.06493384391069412,-0.0010050791315734386,0.037970900535583496,-0.01007781084626913,2.570066213607788,-0.004492214415222406,0.04539613425731659,0.001303787692449987,0.0016631484031677246,1.1582503702811664e-06,0.024944614619016647,0.003995371051132679,0.004008876159787178,5.352434527594596e-06,7.64266587793827e-06,,,,,3.892845747199849,,1320,1.8083333333333333
12.81666666665501,retreat,12.816667335107923,12.690658302183412,17.295261472463608,-0.578463077545166,-0.0036659898796642665,3.8169033958675427,0.04876390448771417,0.11869404022070311,2.6099612712860107,0.04248196259140968,5.778616905212402,-0.029726968932664022,79,2.6144657135009766,0.06391018629074097,0.019187647849321365,0.005581182893365622,-0.02090434543788433,-17.5610685698364,-0.06550536304712296,-0.052246809005737305,-2.6086158752441406,0.00261271046474576,-0.042378608137369156,-0.0013945028185844421,0.0007033752626739442,0.03330271318554878,7.270020432770252e-05,0.9994450211524963,-0.0004412499547470361,0.000691263354383409,0.000396011455450207,0.1210421696305275,0.4420349895954132,0.07173796743154526,-0.4761282503604889,0.5834083557128906,0.4971035420894623,-1.9507997035980225,-0.38970082998275757,2.3674604892730713,1.0387071371078491,0.001847958075813949,0.0009215021273121238,-0.0028928625397384167,-0.0023448318243026733,-0.0018678541528061032,0.0028311589267104864,0.0013043805956840515,0.6015692353248596,-7.294233000720851e-06,0.09002753347158432,9.002670412883162e-05,0.9994264841079712,-3.9039023249642923e-05,-0.033859942108392715,4.489021375775337e-05,-9.375688932777848e-06,0.03239402920007706,-0.0005574796814471483,-0.0006634187302552164,0.999999463558197,3.983597343903966e-05,-0.1182345598936081,-0.03449525684118271,-2.611563205718994,-0.0009172268910333514,-0.06389547884464264,-0.0010189481545239687,0.058792442083358765,0.03496827930212021,2.6135711669921875,-0.0058393217623233795,0.04693255573511124,0.0014064069837331772,0.0016642212867736816,2.461777512507979e-06,0.024944543838500977,0.003995371516793966,0.0040089949034154415,5.405003776104422e-06,7.716851541772485e-06,,,,,3.892845747199849,,1320,1.8166666666666667
12.824999999988336,retreat,12.825000668875873,12.646686041936627,17.29428544640541,-0.5791187286376953,-0.003804480456892634,3.818083163009081,0.04743576573673636,0.08846931922527276,2.86073637008667,0.03991624340415001,5.771431922912598,-0.030054678063606843,79,2.8405847549438477,0.06304295361042023,0.02432856522500515,0.004288232419639826,-0.021009320684242994,-17.560174580497677,-0.04415468871593475,0.022359877824783325,-2.8603081703186035,0.0028500708285719156,-0.03980698809027672,-0.0007663287688046694,0.0006020012078806758,0.033313069492578506,5.624021650874056e-05,0.999444842338562,-0.0008653689874336123,0.00036522929440252483,0.00029286835342645645,0.06362925469875336,0.4687456488609314,0.07474488765001297,-0.47612863779067993,0.5834053158760071,0.4971039891242981,-1.9508025646209717,-0.38971415162086487,2.367464065551758,1.0387128591537476,0.001989974407479167,0.001156735117547214,-0.003011628519743681,-0.0026081139221787453,-0.0009593730210326612,0.0032490543089807034,0.000671883812174201,0.6015698909759521,-8.393530151806772e-06,0.09002881497144699,9.465972834732383e-05,0.9994266033172607,-3.6837674997514114e-05,-0.0338568352162838,4.3401261791586876e-05,-1.0641096196195576e-05,0.0323944166302681,-0.0005440122913569212,-0.0005635882844217122,0.9999997019767761,5.7552890211809427e-05,-0.15791110694408417,0.01299949549138546,-2.8361623287200928,-0.0005033179186284542,-0.06303466856479645,-0.0008894835482351482,0.03438691794872284,-0.012457272969186306,2.8403480052948,0.0014042325783520937,0.04034493491053581,0.000787607510574162,0.0016647577285766602,1.807724402169697e-06,0.02494451403617859,0.003995373845100403,0.004009080585092306,5.365637207432883e-06,7.661816198378801e-06,,,,,3.892845747199849,,1320,1.825
12.833333333321661,retreat,12.833334002643824,12.602563678253913,17.29499325156212,-0.5794167518615723,-0.003859517619275721,3.8173137909499073,0.04845862713409588,0.09691328065893987,2.81278657913208,0.0402059331536293,5.81993293762207,-0.03077565270359628,78,2.8037638664245605,0.06007414683699608,0.019506661221385002,0.0032871512230485678,-0.0213825388927944,-17.560828886330253,-0.04819447547197342,0.06442661583423615,-2.811635732650757,0.002510286867618561,-0.04012075811624527,-0.000735053326934576,0.000604573346208781,0.033306244760751724,6.189948180690408e-05,0.9994450211524963,-0.0010904755908995867,0.0005192483076825738,0.0002200872404500842,0.04874623939394951,0.4825926423072815,0.012508092448115349,-0.4761272072792053,0.5834042429924011,0.49710309505462646,-1.9508097171783447,-0.38972243666648865,2.3674709796905518,1.038714051246643,0.001989496173337102,0.001325936638750136,-0.00283474987372756,-0.002785265911370516,-0.0003672175225801766,0.0037759076803922653,0.0005055333022028208,0.601568341255188,-7.510479917982593e-06,0.09002715349197388,9.678850619820878e-05,0.9994266033172607,-3.3146778150694445e-05,-0.03385600820183754,4.453165456652641e-05,-9.848518857324962e-06,0.032393380999565125,-0.0005500128027051687,-0.0005699705798178911,0.9999996423721313,5.4236428695730865e-05,-0.1438138484954834,0.047626860439777374,-2.799668073654175,-0.006365926470607519,-0.059735797345638275,0.00011189984070369974,0.045975565910339355,-0.04708101600408554,2.8029918670654297,0.00048058293759822845,0.03908441215753555,-0.00015153945423662663,0.0016644001007080078,2.0864531506958883e-06,0.02494453638792038,0.003995378036051989,0.004009229131042957,5.328394763637334e-06,7.605529390275478e-06,,,,,3.892845747199849,,1320,1.8333333333333333
12.841666666654987,retreat,12.841667336411774,12.558292088933142,17.29435995221138,-0.5789399147033691,-0.003704787104652496,3.8185447119473275,0.04619702303898521,0.09691328065893987,2.6089329719543457,0.03913445398211479,5.809154510498047,-0.03136553641525097,79,2.6324803829193115,0.05704183503985405,0.03368225693702698,0.004115959629416466,-0.02103765355423093,-17.560281180708756,-0.00809246301651001,-0.0036584213376045227,-2.6089179515838623,0.0033145530615001917,-0.03898271918296814,-0.0009310990571975708,0.000612685747910291,0.033316720277071,7.685706805204973e-05,0.9994446635246277,-0.0005829970468766987,0.00024035011301748455,0.00034344365121796727,0.05023980885744095,0.47020694613456726,0.03278147429227829,-0.4761272072792053,0.5834022760391235,0.4971052408218384,-1.9508131742477417,-0.3897359073162079,2.3674848079681396,1.0387272834777832,0.0019287449540570378,0.0012116949073970318,-0.0027432802598923445,-0.002358450088649988,-0.0012950267409905791,0.00401246827095747,0.0011265432694926858,0.6015706062316895,-6.695354386465624e-06,0.09002836793661118,9.964339551515877e-05,0.9994269013404846,-3.358451431267895e-05,-0.03384863957762718,4.230928607285023e-05,-9.372056410938967e-06,0.032394081354141235,-0.0005321603966876864,-0.0005780518986284733,0.9999996423721313,4.239559712004848e-05,-0.1468450129032135,0.0038269127253443003,-2.6283788681030273,-0.006195853464305401,-0.05670391023159027,-0.00022078795882407576,0.03132349252700806,-0.0032985233701765537,2.632293462753296,-0.005637637805193663,0.03560164198279381,0.0005953621002845466,0.0016649365425109863,2.820085228449898e-06,0.024944499135017395,0.003995387349277735,0.004009328782558441,5.336962203728035e-06,7.619208190590143e-06,,,,,3.892845747199849,,1320,1.8416666666666666
12.849999999988313,retreat,12.850000670179725,12.51387215177218,17.2947995364666,-0.5792975425720215,-0.003915707566193305,3.8175702655057955,0.04676782918977551,0.07912936237050427,2.950375556945801,0.041220325976610184,5.857843399047852,-0.030710110877407715,79,2.9197356700897217,0.0686027854681015,0.048756908625364304,0.009541348554193974,-0.020625441160518676,-17.560653005544324,-0.11011110246181488,-0.015562739223241806,-2.9482791423797607,0.0035396080929785967,-0.041056420654058456,-0.000978130497969687,0.0006121949409134686,0.03330839052796364,7.573526090709493e-05,0.9994450211524963,-0.0011588521301746368,0.0002562009321991354,0.0002195084234699607,0.05411194637417793,0.4687268137931824,0.016572510823607445,-0.47612637281417847,0.5834008455276489,0.4971054494380951,-1.9508165121078491,-0.3897497057914734,2.3674848079681396,1.0387375354766846,0.0020852922461926937,0.0012984913773834705,-0.0030297492630779743,-0.0026124438736587763,-0.0012181553756818175,0.0022188464645296335,0.0009690315928310156,0.601569652557373,-6.736059731338173e-06,0.09002768248319626,0.00010441130871186033,0.9994269013404846,-3.2480773370480165e-05,-0.0338483564555645,4.2869243770837784e-05,-9.512891665508505e-06,0.03239379823207855,-0.000540206441655755,-0.0005784660461358726,0.9999997615814209,4.8300815251423046e-05,-0.12525127828121185,-0.00558382598683238,-2.9170424938201904,-0.004043813794851303,-0.06847508996725082,-0.0010731136426329613,0.0723971575498581,0.006195245310664177,2.9188318252563477,-0.004791617393493652,0.0505063571035862,0.001388625823892653,0.0016645193099975586,2.765099907264812e-06,0.024944528937339783,0.003995397128164768,0.004009403754025698,5.367411176848691e-06,7.66263110563159e-06,,,,,3.892845747199849,,1320,1.8499999999999999
12.858333333321639,retreat,12.858334003947675,12.469304744568905,17.29411408305168,-0.5790591239929199,-0.005799560767627554,3.819006205187323,0.04654431904782541,0.09691328065893987,2.6337311267852783,0.03915039077401161,5.770668029785156,-0.030841194529784843,76,2.660637140274048,0.047966714948415756,0.03976482152938843,0.006414169445633888,-0.01963558665011078,-17.56006740206387,-0.047712668776512146,-0.03686356544494629,-2.6330409049987793,0.001642961404286325,-0.03910501301288605,-0.0009228619746863842,0.0006029408541508019,0.033321015536785126,9.747871081344783e-05,0.9994445443153381,-0.0007398503366857767,-0.003233073279261589,0.00013714574743062258,0.3758547306060791,0.4650784134864807,0.03743727132678032,-0.4761258065700531,0.5833980441093445,0.4971054494380951,-1.9508196115493774,-0.38976675271987915,2.367488145828247,1.0387601852416992,0.0019520989153534174,0.0010811355896294117,-0.0029302858747541904,-0.002381818136200309,-0.0017737452872097492,0.0031715678051114082,0.0013550648000091314,0.6015698909759521,-7.850912879803218e-06,0.090028315782547,0.00011073870700784028,0.9994270205497742,-3.695984560181387e-05,-0.03384554386138916,4.2683444917201996e-05,-9.144156138063408e-06,0.03239375352859497,-0.0005247614462859929,-0.0005652671097777784,0.9999996423721313,3.2426371035398915e-05,-0.10585761070251465,-0.02293793298304081,-2.6584315299987793,0.0019394622649997473,-0.04792748764157295,-1.7013002434396185e-05,0.07423552870750427,0.023528363555669785,2.6594974994659424,-0.0013921704376116395,0.03274849057197571,0.00010231605847366154,0.0016651153564453125,3.866698534693569e-06,0.0249444842338562,0.003995407838374376,0.004008175805211067,-0.0003197251062374562,-0.0004565063863992691,,,,,3.892845747199849,,1320,1.8583333333333334
12.866666666654965,retreat,12.866667337715626,12.424590745121183,17.29295924305916,-0.5791783332824707,-0.004931003786623478,3.819006205187323,0.04591242395690642,0.08846931922527276,2.871466875076294,0.0402706079185009,5.778718948364258,-0.030382396289496683,84,2.8706130981445312,0.060995932668447495,0.022828087210655212,0.005512212868779898,-0.029178818687796593,-17.558912562071345,-0.09794092178344727,0.03632184863090515,-2.8695664405822754,0.0028727292083203793,-0.04016702622175217,-0.000281669752439484,0.0005180899170227349,0.033321090042591095,7.044307858450338e-05,0.9994445443153381,-0.0005229227826930583,-0.0028480244800448418,0.0048749083653092384,0.16985954344272614,0.37058737874031067,0.08798395097255707,-0.47612735629081726,0.5833946466445923,0.4971082806587219,-1.9508209228515625,-0.38977935910224915,2.367488384246826,1.0387687683105469,0.0018307664431631565,0.0011216847924515605,-0.0026604165323078632,-0.002634250558912754,-0.0007536775665357709,0.002518321154639125,0.0006161179626360536,0.6015704870223999,-8.224615157814696e-06,0.09003036469221115,0.0001147062866948545,0.9994271397590637,-3.621734867920168e-05,-0.03384289890527725,4.185875877737999e-05,-1.064504795067478e-05,0.03239469230175018,-0.0005220433231443167,-0.000480158778373152,0.9999997019767761,6.056706843082793e-05,-0.11461509019136429,0.023292571306228638,-2.868229389190674,-0.0029114147182554007,-0.06091824918985367,-0.0009972373954951763,0.07967321574687958,-0.022632772102952003,2.8694190979003906,0.0004923832602798939,0.04448050260543823,0.0009557837038300931,0.0016651153564453125,2.6570317004370736e-06,0.0249444842338562,0.003995405975729227,0.004008254036307335,-2.8579088393598795e-06,-4.0821742004482076e-06,,,,,3.892845747199849,,1320,1.8666666666666667
12.87499999998829,retreat,12.875000671483576,12.379731031226887,17.291156202554703,-0.5774497985839844,-0.0058185719353787135,3.812437501011573,0.047947563871275634,0.08846931922527276,2.7284579277038574,0.050412144511938095,5.801207065582275,-0.030841194529784843,86,2.720045328140259,0.05010523274540901,0.03880452364683151,0.007432254496961832,-0.020892289117909968,-17.55665275680888,-0.27467280626296997,0.027078434824943542,-2.7144620418548584,0.0025072558782994747,-0.050349269062280655,-0.00022138630447443575,0.0005493168137036264,0.03326356038451195,8.594396058470011e-05,0.9994465112686157,-0.0007501509971916676,4.064856329932809e-05,0.0005038547096773982,0.01118563674390316,0.4111126661300659,0.11228928714990616,-0.47613194584846497,0.5833885073661804,0.49711549282073975,-1.950826644897461,-0.38978880643844604,2.367488384246826,1.038776159286499,0.0012625735253095627,0.0006311091128736734,-0.0019350474467501044,-0.0031556931789964437,-0.00038091547321528196,0.0006076637073419988,0.0005542929866351187,0.6015698909759521,-7.268081390066072e-06,0.09003251045942307,0.00011767851538024843,0.9994271993637085,-3.452147575444542e-05,-0.03384125232696533,4.4094864279031754e-05,-8.997209079097956e-06,0.0323948860168457,-0.000577953236643225,-0.0005134939565323293,0.9999997019767761,4.916040052194148e-05,0.05412190407514572,0.01615665853023529,-2.719458818435669,-0.005463544279336929,-0.04980538412928581,0.00032844190718606114,0.2379513680934906,-0.015527481213212013,2.7095730304718018,-0.003165310947224498,0.057744137942790985,-0.00012686839909292758,0.0016622543334960938,3.381208216524101e-06,0.02494467794895172,0.003995403181761503,0.004008389078080654,5.297666575643234e-06,7.5673742685467005e-06,,,,,3.892845747199849,,1320,1.875
12.883333333321616,retreat,12.883334005251527,12.334726480683887,17.291316390037537,-0.5769729614257812,-0.005792462161480216,3.8086348085473816,0.052274765039328486,0.09691328065893987,3.136652946472168,0.04543803259730339,5.502801418304443,-0.029005997930653393,82,3.106788158416748,0.05137604475021362,0.0307933259755373,0.007371831219643354,-0.020537164120469242,-17.55654851673718,-0.12001748383045197,-0.021020550280809402,-3.1342854499816895,0.002872937824577093,-0.045346055179834366,-0.0003100848407484591,0.0005689470563083887,0.03323015943169594,9.704414696898311e-05,0.9994475245475769,-0.0014042931143194437,0.0007837034063413739,0.0002151972148567438,0.07165639847517014,0.4246108829975128,-0.033772651106119156,-0.4761356711387634,0.5833812355995178,0.49711963534355164,-1.9508389234542847,-0.38980066776275635,2.367488384246826,1.038785696029663,0.0017076840158551931,0.0007911247666925192,-0.0027866093441843987,-0.0038053463213145733,-0.0011292336275801063,0.002642190782353282,0.001025042263790965,0.6015661358833313,-7.27196857042145e-06,0.09003269672393799,0.00012186788080725819,0.9994271397590637,-3.363094583619386e-05,-0.03384236991405487,4.8412708565592766e-05,-9.300702004111372e-06,0.03239493444561958,-0.0006124838255345821,-0.0005342423683032393,0.9999996423721313,4.294887912692502e-05,-0.09361860901117325,-0.012931548990309238,-3.1053504943847656,-0.001163158449344337,-0.0513620525598526,0.0002907944726757705,0.11666108667850494,0.01368801575154066,3.104566812515259,-0.003070725128054619,0.03798796236515045,-9.39520396059379e-05,0.0016605854034423828,3.904216555383755e-06,0.024944785982370377,0.003995398059487343,0.004008511546999216,5.617304395855172e-06,8.020142558962107e-06,,,,,3.892845747199849,,1320,1.8833333333333333
12.891666666654942,retreat,12.891667339019477,12.289577971290054,17.291618138551712,-0.5771517753601074,-0.00570572274227743,3.8075035470452483,0.05186348425922915,0.09691328065893987,2.9274721145629883,0.043451812118291855,5.445277690887451,-0.029005997930653393,83,2.9382593631744385,0.05464590713381767,0.04249318689107895,0.013600364327430725,-0.02257544716121629,-17.55677160057547,0.013975381851196289,0.00526365265250206,-2.927433967590332,0.0024731727316975594,-0.04338076338171959,-0.0002297784376423806,0.0005732760764658451,0.033220622688531876,9.624485392123461e-05,0.9994478821754456,-0.0011079723481088877,0.00042897998355329037,0.0002771965228021145,0.04986504837870598,0.4498450756072998,0.09877201914787292,-0.4761364459991455,0.5833760499954224,0.49711936712265015,-1.9508519172668457,-0.3898155093193054,2.367508888244629,1.0388026237487793,0.001929883728735149,0.0009300299570895731,-0.0031074329745024443,-0.0037319748662412167,-0.0016258185496553779,0.005613802000880241,0.001349372323602438,0.6015658974647522,-7.157812433433719e-06,0.09003207087516785,0.00012563643394969404,0.9994273781776428,-3.558883327059448e-05,-0.03383520245552063,4.7985464334487915e-05,-9.513120858173352e-06,0.03239460289478302,-0.0006148526445031166,-0.0005364629323594272,0.9999996423721313,4.759167495649308e-05,-0.17171230912208557,0.0033107390627264977,-2.9332358837127686,-0.0006823514704592526,-0.05464058369398117,0.0003406178147997707,0.02706030011177063,-0.0025674873031675816,2.9381332397460938,-0.00025269220350310206,0.02997470460832119,-0.00033322072704322636,0.0016601085662841797,3.8573562051169574e-06,0.024944819509983063,0.003995392471551895,0.0040086135268211365,5.3749668040836696e-06,7.674156222492456e-06,,,,,3.892845747199849,,1320,1.8916666666666666
12.899999999988268,retreat,12.900000672787428,12.24428638084326,17.291387170553207,-0.5773305892944336,-0.0057739130170375574,3.808069219742364,0.05171661905478686,0.10467831195095843,2.9005391597747803,0.04514485225081444,5.5492987632751465,-0.029005997930653393,79,2.9034550189971924,0.06981074810028076,0.005975483916699886,0.003889531595632434,-0.022274189337622374,-17.556579967844637,-0.0571354478597641,0.009945772588253021,-2.8999593257904053,0.0025395278353244066,-0.04507262632250786,-0.00025834664120338857,0.0005737300962209702,0.033225588500499725,9.845427121035755e-05,0.9994476437568665,-0.0008530863560736179,0.00030173698905855417,0.0003217445919290185,0.040272872895002365,0.4434744119644165,0.050208501517772675,-0.4761376976966858,0.583371102809906,0.497120201587677,-1.950863242149353,-0.38983088731765747,2.3675243854522705,1.038819432258606,0.0018520868616178632,0.0009090570383705199,-0.002935196738690138,-0.0035627009347081184,-0.0015729292063042521,0.004653903190046549,0.0012704647378996015,0.6015654802322388,-7.100747097865678e-06,0.09003203362226486,0.00012977109872736037,0.9994276165962219,-3.719502274179831e-05,-0.03382936865091324,4.782760515809059e-05,-9.652171684138011e-06,0.03239433467388153,-0.0006040423177182674,-0.0005352478474378586,0.9999995827674866,4.947368870489299e-05,-0.14443114399909973,0.011044931598007679,-2.899839401245117,-0.004280976019799709,-0.06967859715223312,-0.00032712327083572745,0.051985934376716614,-0.010288003832101822,2.9029712677001953,-0.0026818704791367054,0.04895227029919624,0.000496166292577982,0.0016603469848632812,3.966868916904787e-06,0.02494480460882187,0.00399538641795516,0.004008734133094549,5.306962066242704e-06,7.575144991278648e-06,,,,,3.892845747199849,,1320,1.9
12.908333333321593,retreat,12.908334006555378,12.198852587141374,17.291223257780075,-0.5773305892944336,-0.005882440291316016,3.8075549753034936,0.0519369168614503,0.09691328065893987,2.999727964401245,0.044560302048921585,5.498148441314697,-0.029005997930653393,84,2.9954631328582764,0.06758281588554382,0.004830852150917053,0.0011452558683231473,-0.021679899422451854,-17.55638029597945,-0.05059681832790375,0.010324627161026001,-2.9992833137512207,0.002579488791525364,-0.04448463022708893,-0.0002902961859945208,0.0005798140773549676,0.03322073072195053,0.00010469546396052465,0.9994478225708008,-0.0009512898977845907,0.00040311639895662665,0.00030822819098830223,0.049310311675071716,0.43461188673973083,-0.0024357435759156942,-0.47613924741744995,0.5833659768104553,0.4971219301223755,-1.9508742094039917,-0.3898460566997528,2.3675382137298584,1.0388365983963013,0.0019098694901913404,0.000981546356342733,-0.0029795255977660418,-0.0035337882582098246,-0.0015312146861106157,0.0045263441279530525,0.0012726772110909224,0.601564884185791,-6.58447970636189e-06,0.09003221243619919,0.00013354563270695508,0.9994277954101562,-3.8906451663933694e-05,-0.03382418304681778,4.808674566447735e-05,-9.268238500226289e-06,0.03239430487155914,-0.00060371303698048,-0.0005397024797275662,0.9999996423721313,4.715578688774258e-05,-0.15411370992660522,0.010112595744431019,-2.99147891998291,-0.003381546586751938,-0.06749793142080307,0.0001763700565788895,0.04849116504192352,-0.009308531880378723,2.995055913925171,-0.0019527608528733253,0.04537789523601532,-5.741156928706914e-05,0.0016601085662841797,4.268790689820889e-06,0.024944819509983063,0.003995381295681,0.004008881747722626,5.356047495297389e-06,7.649214239791036e-06,,,,,3.892845747199849,,1320,1.9083333333333332
12.916666666654919,retreat,12.916667340323329,12.153277467982267,17.291253060102463,-0.5772709846496582,-0.005890632564842235,3.80673203991996,0.052090494136791676,0.09691328065893987,3.022613525390625,0.044150207191705704,5.482095718383789,-0.029005997930653393,79,3.020519733428955,0.06708370894193649,0.00581608759239316,0.00047438914771191776,-0.022266764659434557,-17.556352873677206,-0.03760676085948944,-0.007228858768939972,-3.0223708152770996,0.002810163190588355,-0.04405924677848816,-0.0003556463634595275,0.0005881178076379001,0.03321349620819092,0.00010960057261399925,0.9994480609893799,-0.0009608067921362817,0.00032406323589384556,0.00038623466389253736,0.052121132612228394,0.4414854943752289,0.055164631456136703,-0.47614002227783203,0.5833617448806763,0.49712270498275757,-1.9508849382400513,-0.38986313343048096,2.3675529956817627,1.038857340812683,0.002028642687946558,0.0010500848293304443,-0.0031580922659486532,-0.0034447249490767717,-0.0017540276749059558,0.004641441162675619,0.0013703980948776007,0.6015644669532776,-6.786327503505163e-06,0.09003198891878128,0.00013832084368914366,0.9994279742240906,-4.1816096199909225e-05,-0.03381870314478874,4.819408059120178e-05,-9.764980859472416e-06,0.032394081354141235,-0.0006054631085135043,-0.0005451010074466467,0.9999996423721313,4.720574725070037e-05,-0.1632382571697235,-0.002189673949033022,-3.0161049365997314,-0.0024441268760710955,-0.06703914701938629,-5.738057370763272e-05,0.04102015495300293,0.00303023774176836,3.0202383995056152,-0.002776525914669037,0.04360250011086464,0.00023196902475319803,0.0016597509384155273,4.500331669987645e-06,0.024944841861724854,0.003995378967374563,0.004008974879980087,5.3902472245681565e-06,7.695460226386786e-06,,,,,3.892845747199849,,1320,1.9166666666666667
12.924999999988245,retreat,12.92500067409128,12.107561901163814,17.291048169136047,-0.5761981010437012,-0.005919337127124891,3.8071435298142533,0.05076464367448352,0.08846931922527276,3.0643367767333984,0.04141141474246979,5.240241527557373,-0.029005997930653393,78,3.0646567344665527,0.0690704956650734,0.01811482198536396,0.004072352312505245,-0.021206303616054356,-17.556176596573845,0.027815334498882294,0.01792677864432335,-3.0641582012176514,0.0024838868994265795,-0.04133555665612221,-0.000327569548971951,0.0005825054831802845,0.03321707993745804,0.0001122928733821027,0.9994480013847351,-0.0007589588640257716,0.0003505397471599281,0.00033630779944360256,0.05338079109787941,0.43068036437034607,0.07389485090970993,-0.4761401116847992,0.5833587050437927,0.4971229135990143,-1.9508944749832153,-0.38987985253334045,2.3675763607025146,1.0388771295547485,0.002204157179221511,0.0012644355883821845,-0.003303262172266841,-0.0032251179218292236,-0.0017010800074785948,0.0055570416152477264,0.0013349612709134817,0.6015661358833313,-5.750544005422853e-06,0.09003172069787979,0.0001415922597516328,0.9994282722473145,-4.408440145198256e-05,-0.033809106796979904,4.6945177018642426e-05,-8.907366463972721e-06,0.032393645495176315,-0.0005922802374698222,-0.0005372046725824475,0.9999997019767761,4.7514586185570806e-05,-0.21733912825584412,0.01436388585716486,-3.0569067001342773,-0.002602569991722703,-0.06902142614126205,5.661834074999206e-05,-0.010258927941322327,-0.013486568816006184,3.0646097660064697,-0.0005544007290154696,0.03776729106903076,-3.1060677429195493e-05,0.0016599297523498535,4.644088221539278e-06,0.024944830685853958,0.0039953794330358505,0.004009072668850422,5.34423907083692e-06,7.629860192537308e-06,,,,,3.892845747199849,,1320,1.925
12.93333333332157,retreat,12.93333400785923,12.061706764483883,17.291178554296494,-0.5767345428466797,-0.006016248335072305,3.8082748981032917,0.050713202654151246,0.10467831195095843,2.9787187576293945,0.04420207440853119,5.402650833129883,-0.02776068140519783,79,2.98030161857605,0.07033791393041611,0.020422348752617836,0.008161183446645737,-0.02064551302464679,-17.556385653868727,-0.09186612069606781,-0.02438390627503395,-2.9772021770477295,0.0031735114753246307,-0.044085193425416946,-0.0004978498327545822,0.0005845128907822073,0.03322705999016762,0.00011925547732971609,0.9994475841522217,-0.0007509185234084725,0.00017477496294304729,0.00032279815059155226,0.052095815539360046,0.42458611726760864,0.08664201945066452,-0.4761401116847992,0.583355724811554,0.49712327122688293,-1.9509012699127197,-0.3898973762989044,2.3675830364227295,1.0388962030410767,0.002081427490338683,0.00111946533434093,-0.003169137751683593,-0.003044907934963703,-0.0018177184974774718,0.0035709512885659933,0.0013152639148756862,0.6015655398368835,-6.334859790513292e-06,0.09003162384033203,0.00014728933456353843,0.9994283318519592,-4.6389428462134674e-05,-0.03380608558654785,4.681083373725414e-05,-9.75884722720366e-06,0.032393671572208405,-0.0005792639567516744,-0.0005369545542635024,0.9999995827674866,4.6240569645306095e-05,-0.12714985013008118,-0.013229798525571823,-2.9775586128234863,-0.0030818344093859196,-0.07026895135641098,-0.00044597609667107463,0.07434608042240143,0.014110156334936619,2.979340076446533,-0.004976330790668726,0.052040211856365204,0.000766979472246021,0.001660466194152832,4.98839835927356e-06,0.024944797158241272,0.003995381761342287,0.004009165335446596,5.351034360501217e-06,7.641909178346395e-06,,,,,3.892845747199849,,1320,1.9333333333333333
12.941666666654896,retreat,12.94166734162718,12.015712935740343,17.290928959846497,-0.5766153335571289,-0.006067567937861895,3.8074006884478324,0.05074205182609148,0.11869404022070311,3.093766450881958,0.0438050851225853,5.390468597412109,-0.028350566935841925,79,3.089850902557373,0.06285158544778824,0.009429131634533405,0.0026816921308636665,-0.020343120500911027,-17.556075269373675,-0.08092191815376282,0.017671383917331696,-3.0926575660705566,0.0027186681982129812,-0.04371866583824158,-0.00041552481707185507,0.0005906792939640582,0.03321942687034607,0.00011904445273103192,0.9994478225708008,-0.0007963156094774604,0.00033313591848127544,0.0002996124094352126,0.05418603867292404,0.41947928071022034,0.029126537963747978,-0.47614118456840515,0.5833519697189331,0.4971252977848053,-1.950907826423645,-0.38991206884384155,2.3675906658172607,1.038909673690796,0.0020370930433273315,0.0011435714550316334,-0.0030670161359012127,-0.0031899521127343178,-0.001292192842811346,0.003701812354847789,0.0010261863935738802,0.601565420627594,-6.299113010754809e-06,0.09003197401762009,0.0001514833711553365,0.9994284510612488,-4.663396248361096e-05,-0.03380245342850685,4.68201469630003e-05,-9.942885299096815e-06,0.03239375725388527,-0.0005832650349475443,-0.0005427231662906706,0.999999463558197,5.083916403236799e-05,-0.1321406215429306,0.011051072739064693,-3.0870044231414795,-0.0016485692467540503,-0.06282995641231537,3.090071913902648e-05,0.0767379105091095,-0.010112384334206581,3.088880777359009,-8.108082693070173e-05,0.04388478398323059,-3.945895878132433e-05,0.0016600489616394043,4.9678346840664744e-06,0.02494482323527336,0.003995387349277735,0.004009295720607042,5.346190846466925e-06,7.630937034264207e-06,,,,,3.892845747199849,,1320,1.9416666666666667
12.949999999988222,retreat,12.950000675395131,11.969581292731066,17.28881672024727,-0.5756616592407227,-0.005385015811043559,3.80606327409696,0.05162682646187022,0.10467831195095843,2.7338411808013916,0.047254204750061035,5.404904842376709,-0.028350566935841925,75,2.7863478660583496,0.053405359387397766,0.05537499114871025,0.00166273710783571,-0.03945940174162388,-17.553870029677086,-0.13884107768535614,0.053509898483753204,-2.7297890186309814,0.0015020871069282293,-0.04722956195473671,-0.0002687947708182037,0.0005996720865368843,0.03320759907364845,0.00013132451567798853,0.999448299407959,-0.00028305547311902046,-3.922788891941309e-06,0.005583703983575106,0.019426444545388222,0.5036500096321106,-0.035688500851392746,-0.4761461317539215,0.5833449959754944,0.49713364243507385,-1.9509141445159912,-0.3899243175983429,2.367594003677368,1.0389211177825928,0.0013334278482943773,0.0006852474180050194,-0.001944187213666737,-0.0030417731031775475,-0.0008510438492521644,0.0030514036770910025,0.0009236516198143363,0.6015652418136597,-4.934659955324605e-06,0.09003476053476334,0.00015485266339965165,0.9994285702705383,-4.611667463905178e-05,-0.03379872813820839,4.775426350533962e-05,-9.480535481998231e-06,0.03239435702562332,-0.0005913736531510949,-0.0005525348242372274,0.9999995827674866,4.2256713641108945e-05,-0.041004810482263565,0.03860102593898773,-2.785778760910034,-0.005442386493086815,-0.05312715843319893,0.0001339196605840698,0.1472897231578827,-0.03774319589138031,2.7821953296661377,0.00010238774120807648,0.04733631759881973,-0.00015423970762640238,0.0016594529151916504,5.566919753619004e-06,0.024944864213466644,0.003995397128164768,0.004009380005300045,5.315802809491288e-06,7.5909774750471115e-06,,,,,3.892845747199849,,1320,1.95
12.958333333321548,retreat,12.958334009163082,11.923312713253928,17.284778505563736,-0.5754828453063965,-0.005407302523963153,3.8057031208175847,0.049875638069352135,0.09691328065893987,3.2919528484344482,0.04425580054521561,5.364736557006836,-0.02776068140519783,79,3.262267827987671,0.06792575120925903,0.043785519897937775,0.0052603730000555515,-0.03931131027638912,-17.54980677090528,-0.10789512097835541,-0.044705189764499664,-3.2898805141448975,0.0029592085629701614,-0.044154297560453415,-0.00046562356874346733,0.000595188932493329,0.033204466104507446,0.0001314318215008825,0.9994483590126038,-0.000603015476372093,-0.0015357446391135454,0.0049113561399281025,0.037011805921792984,0.4964807331562042,0.15400318801403046,-0.47615349292755127,0.5833349227905273,0.49714475870132446,-1.9509176015853882,-0.38994088768959045,2.367594003677368,1.0389422178268433,0.0016664838185533881,0.000764965545386076,-0.002604638459160924,-0.003289903746917844,-0.0016529279528185725,0.0022910316474735737,0.0013157480861991644,0.6015669703483582,-4.42073360318318e-06,0.09004049003124237,0.00016032817075029016,0.9994288086891174,-4.861128400079906e-05,-0.033793117851018906,4.5958906412124634e-05,-9.294059054809622e-06,0.03239615261554718,-0.0005888849846087396,-0.0005453818594105542,0.9999996423721313,4.738263305625878e-05,-0.13608460128307343,-0.020490160211920738,-3.259363889694214,-0.003183109452947974,-0.06785042583942413,-0.00030942988814786077,0.08439037203788757,0.021538713946938515,3.2611052989959717,-0.006134528201073408,0.04834120348095894,0.0007078801863826811,0.0016593337059020996,5.5798195717216e-06,0.02494487166404724,0.003995394799858332,0.004008225165307522,5.288874490361195e-06,7.549417205154896e-06,,,,,3.892845747199849,,1320,1.9583333333333333
12.966666666654874,retreat,12.966667342931032,11.87690807510679,17.283564060926437,-0.5768537521362305,-0.005841037364007207,3.806886353834951,0.05050368054071441,0.10467831195095843,3.508371114730835,0.03986309468746185,5.296989440917969,-0.027170795874553733,78,3.464639902114868,0.065254345536232,0.04426346346735954,0.004468318074941635,-0.0305864280089736,-17.548674605063344,-0.036541156470775604,-0.014134667813777924,-3.508152484893799,0.0026231976225972176,-0.03977371007204056,-0.0004871450364589691,0.0005761462380178273,0.03321482613682747,0.00012832880020141602,0.9994480013847351,-0.0012557890731841326,-0.0008741415222175419,0.003915709443390369,0.021438146010041237,0.37768277525901794,0.17261846363544464,-0.4761546850204468,0.5833293795585632,0.4971455931663513,-1.950928807258606,-0.389956533908844,2.367600440979004,1.038957953453064,0.0022937424946576357,0.0012110763927921653,-0.0035827329847961664,-0.003743489971384406,-0.001630213693715632,0.003922088537365198,0.0012210955610498786,0.6015647649765015,-5.128693373990245e-06,0.0900401622056961,0.00016558948846068233,0.9994288682937622,-4.984167026123032e-05,-0.0337914414703846,4.657823592424393e-05,-9.90596799965715e-06,0.03239455074071884,-0.0005768461851403117,-0.000524839386343956,0.9999995827674866,5.505530134541914e-05,-0.20415276288986206,-0.009934034198522568,-3.4586055278778076,0.001057746005244553,-0.06524564325809479,-0.00013020850019529462,0.0299234539270401,0.011089793406426907,3.4644925594329834,-0.00039889453910291195,0.03591364994645119,0.00014322777860797942,0.0016598105430603027,5.456068265630165e-06,0.024944834411144257,0.0039953929372131824,0.004008307121694088,5.296560630085878e-06,7.563852705061436e-06,,,,,3.892845747199849,,1320,1.9666666666666666
12.9749999999882,retreat,12.975000676698983,11.830368256087532,17.281537503004074,-0.574946403503418,-0.006213967935764231,3.8051885570879147,0.04935081597068347,0.08846931922527276,2.797597885131836,0.044434837996959686,5.221899032592773,-0.029005997930653393,84,2.844698429107666,0.05103936046361923,0.0615171454846859,0.007149022072553635,-0.021892930613830686,-17.546529986952674,-0.060639768838882446,0.024760380387306213,-2.796830892562866,0.0024269658606499434,-0.04436638578772545,-0.00043420784641057253,0.0005946296732872725,0.03320003300905228,0.0001375445572193712,0.9994485378265381,-0.0003607386606745422,0.00046394456876441836,0.0009661672520451248,0.04103555530309677,0.40710175037384033,0.031183762475848198,-0.4761572778224945,0.5833231806755066,0.49714866280555725,-1.950938105583191,-0.38997218012809753,2.367622137069702,1.038975715637207,0.0017402040539309382,0.000811732024885714,-0.002717456314712763,-0.0033071120269596577,-0.0015077233547344804,0.004692000336945057,0.0012269500875845551,0.6015670895576477,-4.663401341531426e-06,0.09004224836826324,0.00016886898083612323,0.9994292259216309,-5.179421714274213e-05,-0.03378090262413025,4.5483000576496124e-05,-9.275960110244341e-06,0.032394640147686005,-0.000581098604016006,-0.0005415650666691363,0.9999997019767761,4.967699715052731e-05,-0.09363125264644623,0.01097640860825777,-2.8431358337402344,-0.0017060074023902416,-0.05101064592599869,0.00014123912842478603,0.09855925291776657,-0.010015889070928097,2.842972755432129,-0.00015242514200508595,0.037613578140735626,-0.00014420950901694596,0.001659095287322998,5.886348844796885e-06,0.024944886565208435,0.003995390608906746,0.004008408635854721,5.298334144754335e-06,7.566995918750763e-06,,,,,3.892845747199849,,1320,1.9749999999999999
12.983333333321525,retreat,12.983334010466933,11.78369413399402,17.277786135673523,-0.5751252174377441,-0.005898940798942931,3.806217615085545,0.04862099376623519,0.10467831195095843,3.1488962173461914,0.0442766398191452,5.284511566162109,-0.026580915800877847,76,3.1483137607574463,0.06816183775663376,0.03662894666194916,0.011416344903409481,-0.035353914834558964,-17.54285017755646,-0.16286490857601166,0.017565086483955383,-3.144632577896118,0.0015292804455384612,-0.04424893483519554,-0.0003370600752532482,0.0005798019119538367,0.03320920467376709,0.00014664954505860806,0.9994482398033142,-0.0005815268377773464,0.00028121337527409196,0.0045161014422774315,0.051684554666280746,0.4705856144428253,-0.03309071063995361,-0.47616422176361084,0.5833130478858948,0.4971589148044586,-1.9509437084197998,-0.38998639583587646,2.367622137069702,1.0389888286590576,0.0014771709684282541,0.0006447362247854471,-0.002309920499101281,-0.0034327907487750053,-0.00109349493868649,0.0021190084517002106,0.0009495915728621185,0.6015674471855164,-3.727693183463998e-06,0.09004724025726318,0.00017330980335827917,0.9994292855262756,-5.133087688591331e-05,-0.03377643600106239,4.474190063774586e-05,-8.944187356973998e-06,0.03239591047167778,-0.0005674566491506994,-0.0005273647257126868,0.9999995827674866,4.452770372154191e-05,-0.08641558885574341,0.01865491457283497,-3.1470723152160645,-0.005085950717329979,-0.06796883046627045,-0.0006381880957633257,0.12625247240066528,-0.017565712332725525,3.1457321643829346,-0.002365412889048457,0.055625975131988525,0.0007806531502865255,0.0016595721244812012,6.365693479892798e-06,0.02494485303759575,0.0039953854866325855,0.004008545074611902,5.551827598537784e-06,7.928407285362482e-06,,,,,3.892845747199849,,1320,1.9833333333333334
12.99166666665485,retreat,12.991667344234884,11.736886586624127,17.274567484855652,-0.5755424499511719,-0.005391971626522718,3.8070406615042165,0.0478774709335994,0.09691328065893987,3.4456169605255127,0.03655938059091568,5.276205062866211,-0.027236343157710508,74,3.420527935028076,0.061080124229192734,0.027746817097067833,0.006652421783655882,-0.026804592460393906,-17.539688759118487,-0.00355365127325058,0.004719287157058716,-3.4456119537353516,0.0015322259860113263,-0.03652511164546013,-0.00039617856964468956,0.0005663347546942532,0.03321635350584984,0.00015263482055161148,0.9994480013847351,-0.0007881537894718349,2.6085792342200875e-05,0.0028484221547842026,0.037502799183130264,0.40363359451293945,0.09936129301786423,-0.4761689305305481,0.5833049416542053,0.497165709733963,-1.9509539604187012,-0.39000093936920166,2.367631435394287,1.0390061140060425,0.001965925330296159,0.0010045793605968356,-0.003015493508428335,-0.003586037317290902,-0.0014425205299630761,0.003986516036093235,0.0012272587046027184,0.6015673279762268,-2.843204129021615e-06,0.09004953503608704,0.00017708803352434188,0.9994295239448547,-5.29099561390467e-05,-0.03377113863825798,4.4038984924554825e-05,-8.807644917396829e-06,0.03239501640200615,-0.0005550016649067402,-0.0005124016315676272,0.9999996423721313,4.1808616515481845e-05,-0.21581947803497314,0.008190418593585491,-3.4137027263641357,-0.0014760516351088881,-0.06106061860918999,0.00045114499516785145,0.01510988175868988,-0.0069688232615590096,3.4204866886138916,-0.0003498820587992668,0.03003230132162571,-0.0004405948566272855,0.0016599297523498535,6.68694974592654e-06,0.024944830685853958,0.003995381295681,0.004008618649095297,5.337693892215611e-06,7.621827535331249e-06,,,,,3.892845747199849,,1320,1.9916666666666667
12.999999999988177,retreat,13.000000678002834,11.689946491775721,17.27135255932808,-0.5747675895690918,-0.005599818905466236,3.80606327409696,0.05029192834626883,0.09691328065893987,3.078296661376953,0.04312481731176376,5.172774314880371,-0.027170795874553733,79,3.090576171875,0.05838024988770485,0.01807795651257038,0.004239185247570276,-0.02109173103235662,-17.536405868757896,-0.13376763463020325,-0.037431731820106506,-3.0751609802246094,0.0027542365714907646,-0.043034814298152924,-0.00041092949686571956,0.0005610241205431521,0.03320775926113129,0.0001562171964906156,0.999448299407959,-0.0006367382011376321,5.9667239838745445e-05,0.0011488816235214472,0.04575907438993454,0.395209938287735,0.05751308426260948,-0.47617360949516296,0.5832956433296204,0.4971717596054077,-1.9509631395339966,-0.39001938700675964,2.367631435394287,1.039026141166687,0.0017142831347882748,0.0006688311696052551,-0.0027856139931827784,-0.0034431777894496918,-0.0018055456457659602,0.0026834404561668634,0.001306993653997779,0.6015655398368835,-3.2915049814619124e-06,0.09005194902420044,0.00018378146342001855,0.9994295835494995,-5.4745571105740964e-05,-0.03376919403672218,4.6415720134973526e-05,-9.477627827436663e-06,0.032394036650657654,-0.0005616514827124774,-0.0005051626940257847,0.9999996423721313,4.4680458813672885e-05,-0.0809963122010231,-0.02490168809890747,-3.089414358139038,-0.001040084520354867,-0.05836741626262665,-0.0006451447843573987,0.1277260035276413,0.026035066694021225,3.08782696723938,-0.004608186427503824,0.046810299158096313,0.0009393945802003145,0.0016594529151916504,6.875032795505831e-06,0.024944856762886047,0.003995376639068127,0.004008736927062273,5.307813353283564e-06,7.578753866255283e-06,,,,,3.892845747199849,,1320,2.0
13.008333333321502,retreat,13.008334011770785,11.64287472724668,17.2676719725132,-0.5752444267272949,-0.005233764568401966,3.8076064028681356,0.04629736577044241,0.09691328065893987,3.3378243446350098,0.03610475733876228,5.150551795959473,-0.026580915800877847,77,3.3456366062164307,0.06085992231965065,0.02617417834699154,0.007879930548369884,-0.0388607420027256,-17.532832586839753,0.01238146424293518,0.040184661746025085,-3.337559461593628,0.001070376019924879,-0.036088064312934875,-0.00024403334828093648,0.0005446183495223522,0.03322098031640053,0.00015856337267905474,0.9994478225708008,-0.00046303527778945863,9.741896064952016e-05,0.005834132432937622,0.032066963613033295,0.46434688568115234,-0.061895642429590225,-0.4761795103549957,0.5832860469818115,0.49718010425567627,-1.9509702920913696,-0.39003437757492065,2.3676466941833496,1.0390419960021973,0.0018919463036581874,0.0009409674676135182,-0.002893757773563266,-0.0034213645849376917,-0.0012896989937871695,0.0044633992947638035,0.0010724099120125175,0.6015685200691223,-2.5517510948702693e-06,0.09005708247423172,0.0001871896383818239,0.9994299411773682,-5.5797467211959884e-05,-0.03375854715704918,4.2374711483716965e-05,-9.322584446636029e-06,0.032395727932453156,-0.0005377719062380493,-0.00048767452244646847,0.9999996423721313,4.514443571679294e-05,-0.21742954850196838,0.027577843517065048,-3.3384499549865723,-0.0006257896311581135,-0.060855552554130554,0.0003745313733816147,0.008337423205375671,-0.0263142678886652,3.3455235958099365,0.0032971841283142567,0.02958514541387558,-0.0006102286279201508,0.0016601085662841797,7.019153599685524e-06,0.024944819509983063,0.003995373845100403,0.004008828662335873,5.3107860367163084e-06,7.581780664622784e-06,,,,,3.892845747199849,,1320,2.0083333333333333
13.016666666654828,retreat,13.016667345538735,11.595672170834868,17.264192551374435,-0.5742311477661133,-0.004874395926890429,3.8054973036626993,0.047567689762217924,0.09691328065893987,3.2880165576934814,0.04210536926984787,5.150967597961426,-0.027236343157710508,76,3.270921468734741,0.0659676119685173,0.035725705325603485,0.009538876824080944,-0.025005138479173183,-17.5292065047411,-0.15406624972820282,0.027360133826732635,-3.2842910289764404,0.0011474172351881862,-0.04208935424685478,-0.00017813847807701677,0.0005474098143167794,0.03320278972387314,0.00016790180234238505,0.9994484186172485,-0.0007433638675138354,2.6143781724385917e-05,0.0022332961671054363,0.028558097779750824,0.40838533639907837,-0.027012838050723076,-0.4761849343776703,0.5832772850990295,0.4971882998943329,-1.9509772062301636,-0.3900476098060608,2.3676466941833496,1.0390534400939941,0.001678055850788951,0.0008192075765691698,-0.0025374849792569876,-0.0035593837965279818,-0.0009534303098917007,0.0023300694301724434,0.0008666311041451991,0.6015680432319641,-1.811433321563527e-06,0.09006044268608093,0.00019154777692165226,0.9994300603866577,-5.494310971698724e-05,-0.033755745738744736,4.367181099951267e-05,-9.22573781281244e-06,0.03239550441503525,-0.0005531614879146218,-0.0004914884339086711,0.9999996423721313,4.0288785385200754e-05,-0.09875691682100296,0.026678048074245453,-3.2693214416503906,-0.005737628322094679,-0.06571587920188904,-0.0004781679017469287,0.12205662578344345,-0.02542627416551113,3.2685439586639404,-0.0018720608204603195,0.0515918955206871,0.0005865090643055737,0.0016592144966125488,7.481683041987708e-06,0.024944879114627838,0.003995372448116541,0.0040089162066578865,5.351454092306085e-06,7.638183888047934e-06,,,,,3.892845747199849,,1320,2.0166666666666666
13.024999999988154,retreat,13.025000679306686,11.54833970033816,17.262374609708786,-0.5754232406616211,-0.0058639388953452,3.8054973036626993,0.04878381878370419,0.08846931922527276,3.5156450271606445,0.03899684548377991,5.091280937194824,-0.025925488444045186,74,3.4963512420654297,0.05967581272125244,0.021931182593107224,0.00257317116484046,-0.028996569104492664,-17.52738856307545,-0.08271217346191406,-0.014121122658252716,-3.514643430709839,-0.00024978717556223273,-0.038994185626506805,-0.0003807583707384765,0.0005757238250225782,0.03320254758000374,0.00018816915689967573,0.9994484782218933,-0.0011507049202919006,0.00037298689130693674,0.004165790509432554,0.0728224515914917,0.3363771140575409,0.05365429446101189,-0.47618839144706726,0.5832697153091431,0.4971930980682373,-1.9509881734848022,-0.3900628089904785,2.3676486015319824,1.0390714406967163,0.002064391737803817,0.001002235454507172,-0.0031974308658391237,-0.003842052072286606,-0.001595972920767963,0.003082004841417074,0.0013158937217667699,0.601565420627594,-1.8612663552630693e-06,0.09006116539239883,0.00019705349404830486,0.9994300603866577,-5.672896804753691e-05,-0.03375500813126564,4.497729241847992e-05,-8.63851801113924e-06,0.03239431977272034,-0.00055266497656703,-0.000518506218213588,0.9999997019767761,2.6435453037265688e-05,-0.15934918820858002,-0.0038920443039387465,-3.492715835571289,-0.0003618256887421012,-0.05967406556010246,0.00027819335809908807,0.07667335867881775,0.005274598486721516,3.4955058097839355,-0.0009672742453403771,0.03681067377328873,-0.00022936216555535793,0.0016592144966125488,8.447494110441767e-06,0.024944879114627838,0.003995373845100403,0.00400904007256031,5.373770363803487e-06,7.672264473512769e-06,,,,,3.892845747199849,,1320,2.025
13.03333333332148,retreat,13.033334013074636,11.500878193554422,17.25917086005211,-0.574648380279541,-0.005200127816351596,3.8072978270756628,0.044525786506710574,0.08846931922527276,3.1954526901245117,0.03472580015659332,4.988955974578857,-0.027170795874553733,74,3.2264254093170166,0.05384695157408714,0.06024939566850662,0.011674927547574043,-0.0292480681091547,-17.5243100168889,0.04635167121887207,0.006983406841754913,-3.1951088905334473,0.0012761963298544288,-0.03470096364617348,-0.00030905299354344606,0.0005465102149173617,0.03321835398674011,0.0001816266740206629,0.9994480013847351,-0.00034503728966228664,-3.4239274100400507e-06,0.0038778979796916246,0.03616029769182205,0.41019490361213684,0.034609388560056686,-0.47619208693504333,0.5832616686820984,0.49719855189323425,-1.95099675655365,-0.39008235931396484,2.3676743507385254,1.03909432888031,0.002072023693472147,0.0010187093866989017,-0.003136234125122428,-0.0033385353162884712,-0.001910635968670249,0.005304243881255388,0.0014747076202183962,0.6015695929527283,-7.085582183208317e-07,0.0900651216506958,0.00020074035273864865,0.9994305372238159,-5.9473961300682276e-05,-0.033740561455488205,4.070182330906391e-05,-8.382492524106055e-06,0.03239530324935913,-0.0005224021151661873,-0.0004862213390879333,0.9999997019767761,3.5570825275499374e-05,-0.21263594925403595,0.004367118701338768,-3.2194080352783203,0.0004050701973028481,-0.05384541302919388,-4.118682045373134e-05,0.004973381757736206,-0.003060063347220421,3.22641921043396,0.0010118096834048629,0.02325768955051899,-3.7982259527780116e-05,0.001659989356994629,8.168612112058327e-06,0.02494482696056366,0.00399537431076169,0.004009074065834284,5.339105427992763e-06,7.6261640060693026e-06,,,,,3.892845747199849,,1320,2.033333333333333
13.041666666654805,retreat,13.041667346842587,11.453288528281531,17.255739867687225,-0.5745291709899902,-0.00470328859591973,3.808583394848922,0.04381133112474345,0.07912936237050427,3.337686061859131,0.036457620561122894,5.1435933113098145,-0.02651537215569988,74,3.3326103687286377,0.07077692449092865,0.03148968890309334,0.012488434091210365,-0.030804626643657684,-17.52096841922818,-0.10401517897844315,0.004333809018135071,-3.336061954498291,0.0014094517100602388,-0.03642868250608444,-0.00035016032052226365,0.0005293277790769935,0.033229656517505646,0.00018294290930498391,0.9994475841522217,-0.00047521659871563315,-1.3116823538439348e-05,0.004427704028785229,0.039186835289001465,0.4097956418991089,0.022936949506402016,-0.4761963188648224,0.5832535624504089,0.49720528721809387,-1.9510010480880737,-0.39009931683540344,2.3676743507385254,1.039110541343689,0.0019074262818321586,0.000942481798119843,-0.0028403440956026316,-0.003191115567460656,-0.0014663784531876445,0.002497426699846983,0.001108598313294351,0.6015703678131104,-1.0392432159278542e-06,0.09006916731595993,0.0002068674803012982,0.9994307160377502,-6.0011101595591754e-05,-0.03373653069138527,3.9827777072787285e-05,-9.605824743630365e-06,0.03239595517516136,-0.0005070549668744206,-0.00046834442764520645,0.9999997615814209,3.978011227445677e-05,-0.1518513411283493,0.009041930548846722,-3.329136610031128,-0.0036072784569114447,-0.07068129628896713,-0.0007174508064053953,0.07299265265464783,-0.007658455520868301,3.331801652908325,-0.002274193102493882,0.0488770455121994,0.0008516378002241254,0.0016605854034423828,8.262623850896489e-06,0.024944785982370377,0.003995376639068127,0.004009146708995104,5.339906238077674e-06,7.622933480888605e-06,,,,,3.892845747199849,,1320,2.0416666666666665
13.049999999988131,retreat,13.050000680610538,11.405571582317354,17.25207045674324,-0.5739331245422363,-0.004285017894289922,3.805034174419768,0.044381868065102026,0.07912936237050427,3.3796212673187256,0.042472247034311295,5.182292461395264,-0.02651537215569988,75,3.3645074367523193,0.05445089563727379,0.04071265086531639,0.007660785224288702,-0.024759509600698948,-17.517052205327612,-0.23148441314697266,0.04593571275472641,-3.371371269226074,0.0008251626277342439,-0.042464159429073334,-7.766710041323677e-05,0.0005306728417053819,0.033198628574609756,0.00018761605315376073,0.9994486570358276,-0.0007982678944244981,1.9776271074078977e-05,0.00238127657212317,0.02466706372797489,0.40136075019836426,-0.028157254680991173,-0.4762028753757477,0.5832436680793762,0.4972155690193176,-1.9510077238082886,-0.3901102542877197,2.3676743507385254,1.0391201972961426,0.0015269438736140728,0.0007147675496526062,-0.002268224721774459,-0.003718495834618807,-0.0004957059281878173,0.0009828173788264394,0.000637715682387352,0.601570188999176,2.6245106710121036e-07,0.09007365256547928,0.00021013771765865386,0.999430775642395,-5.8811085182242095e-05,-0.03373308107256889,4.043220542371273e-05,-8.937116035667714e-06,0.03239671513438225,-0.0005346466205082834,-0.0004709411005023867,0.9999997615814209,3.84626146114897e-05,-0.032010022550821304,0.034761007875204086,-3.36417555809021,-0.0037390587385743856,-0.054322268813848495,0.00010274250962538645,0.19489821791648865,-0.03335704281926155,3.3586926460266113,0.0012481724843382835,0.049833547323942184,-0.0002069914189632982,0.0016590356826782227,8.494750545651186e-06,0.024944886565208435,0.003995380364358425,0.0040092021226882935,5.3207950259093195e-06,7.596216164529324e-06,,,,,3.892845747199849,,1320,2.05
13.058333333321457,retreat,13.058334014378488,11.357728233459762,17.24989488720894,-0.5747079849243164,-0.004046522008138709,3.8032840668527674,0.04726228507934138,0.08846931922527276,3.595507860183716,0.03995506465435028,5.1381754875183105,-0.025925488444045186,75,3.57651686668396,0.05011195316910744,0.022723043337464333,0.0036372987087816,-0.02799416333436966,-17.514754937786886,-0.1558830887079239,-0.011105313897132874,-3.5921099185943604,0.001523729064501822,-0.03992525860667229,-0.00024351896718144417,0.0005458004889078438,0.033183176070451736,0.00020089757163077593,0.9994490742683411,-0.0013362589525058866,1.4684774214401841e-06,0.004102468490600586,0.03070099465548992,0.3212488293647766,0.06567264348268509,-0.476207971572876,0.5832341909408569,0.4972226321697235,-1.9510215520858765,-0.3901234269142151,2.3676743507385254,1.0391324758529663,0.001800990547053516,0.0007618355448357761,-0.0028376406989991665,-0.004266288131475449,-0.0010772461537271738,0.0020076690707355738,0.0010342581663280725,0.6015663743019104,9.841896826401353e-07,0.09007459133863449,0.00021486803598236293,0.9994308352470398,-5.8062822063220665e-05,-0.03373362496495247,4.341732710599899e-05,-8.761552635405678e-06,0.03239528462290764,-0.0005506443558260798,-0.00048710504779592156,0.9999997019767761,3.04518634948181e-05,-0.0958206057548523,-0.001591384643688798,-3.57523250579834,-0.0019952384755015373,-0.05007150396704674,0.000266704591922462,0.14547157287597656,0.0031254456844180822,3.5735557079315186,-0.002265676623210311,0.03638414666056633,-0.00013062285142950714,0.0016582608222961426,9.133775165537372e-06,0.02494494616985321,0.003995390143245459,0.004009348340332508,5.335373316484038e-06,7.619644748046994e-06,,,,,3.892845747199849,,1320,2.058333333333333
13.066666666654783,retreat,13.066667348146439,11.309759359506627,17.246199399232864,-0.5733370780944824,-0.004147151685174322,3.8024087114471987,0.046631925215478987,0.08846931922527276,3.1360421180725098,0.038039982318878174,4.785966396331787,-0.026449830329511315,75,3.1898677349090576,0.043932102620601654,0.08284562826156616,0.014837064780294895,-0.035111041739583015,-17.510998579740857,-0.009056895971298218,-0.041943714022636414,-3.1357483863830566,0.00224231812171638,-0.03797328844666481,-0.00020416513143572956,0.0005340710049495101,0.0331757515668869,0.00020347248937468976,0.9994494318962097,-0.0006800846313126385,-0.0038275057449936867,0.0049242558889091015,0.31075412034988403,0.4707837998867035,-0.008248468860983849,-0.4762139916419983,0.5832228660583496,0.49722999334335327,-1.9510325193405151,-0.39014074206352234,2.367689609527588,1.03915536403656,0.0016591593157500029,0.00047163950512185693,-0.002743546385318041,-0.0037183896638453007,-0.002146570710465312,0.004511278588324785,0.0016479039331898093,0.6015678644180298,1.1587726476136595e-06,0.09007911384105682,0.00021960079902783036,0.9994310736656189,-6.182573270052671e-05,-0.03372426703572273,4.2747240513563156e-05,-8.785234058450442e-06,0.0323961116373539,-0.0005487173330038786,-0.00047155411448329687,0.9999997019767761,3.2082836696645245e-05,-0.14451800286769867,-0.02502112090587616,-3.1864941120147705,0.0018525175983086228,-0.04389149695634842,0.0003662654780782759,0.07061566412448883,0.026426559314131737,3.1889755725860596,-0.0018084569601342082,0.023149751126766205,-0.0002573469828348607,0.0016579031944274902,9.282112841901835e-06,0.024944968521595,0.003995401319116354,0.004008181393146515,-0.00031482023769058287,-0.00044950470328330994,,,,,3.892845747199849,,1320,2.0666666666666664
13.074999999988108,retreat,13.07500068191439,11.26166583825582,17.24114790558815,-0.5730986595153809,-0.004173227807768853,3.803541486041891,0.046828419726807624,0.07912936237050427,3.440676212310791,0.0372224897146225,4.808261394500732,-0.025269931938964874,76,3.446455717086792,0.07049664109945297,0.013936190865933895,0.006841142661869526,-0.04581926204264164,-17.506025856453974,-0.060459285974502563,-0.00888502411544323,-3.4401333332061768,0.0019768148194998503,-0.03716934472322464,-0.00021380209363996983,0.0005262897466309369,0.03318541869521141,0.00018705402908381075,0.9994490742683411,-0.0005286739906296134,-0.002059653867036104,0.008656437508761883,0.09866844117641449,0.3926335275173187,0.12279753386974335,-0.4762202799320221,0.583211362361908,0.49723780155181885,-1.9510406255722046,-0.3901599049568176,2.3676915168762207,1.0391749143600464,0.0016396811697632074,0.00047407334204763174,-0.002694894326850772,-0.0035174184013158083,-0.0017604412278160453,0.0030143794137984514,0.0012357719242572784,0.6015676259994507,5.181100277695805e-07,0.09008344262838364,0.00022650680330116302,0.999431312084198,-6.326922448351979e-05,-0.033719502389431,4.286528564989567e-05,-9.843710358836688e-06,0.032395366579294205,-0.0005342693184502423,-0.00046154868323355913,0.9999997615814209,5.508022150024772e-05,-0.18450960516929626,-0.007263681851327419,-3.4415054321289062,-0.0006146276136860251,-0.07049114257097244,-0.0006305605638772249,0.047870635986328125,0.00883333571255207,3.4461116790771484,-0.0016467524692416191,0.04398364573717117,0.0007213394856080413,0.0016583800315856934,8.474291462334804e-06,0.024944931268692017,0.003995400853455067,0.004008305724710226,5.104284355184063e-06,7.288181222975254e-06,,,,,3.892845747199849,,1320,2.075
13.083333333321434,retreat,13.08333401568234,11.213448547505209,17.23468080163002,-0.5728602409362793,-0.0058419032029632945,3.804982712140457,0.04444259684532881,0.07912936237050427,3.3465311527252197,0.036026813089847565,4.672823429107666,-0.024680046408320777,74,3.366067886352539,0.059674471616744995,0.026667684316635132,0.0019518390763550997,-0.04581843223422766,-17.49965897166257,-0.044294603168964386,0.027306847274303436,-3.3461265563964844,-0.0009906199993565679,-0.03601304441690445,-0.00010284934978699312,0.0005191729869693518,0.0331977978348732,0.00021588770323432982,0.9994487166404724,-0.0003930209786631167,0.0005914891371503472,0.009051323868334293,0.0714254379272461,0.384187787771225,0.009633388370275497,-0.4762285351753235,0.5831990242004395,0.4972492456436157,-1.9510459899902344,-0.39017513394355774,2.3676939010620117,1.039190411567688,0.0014490223256871104,0.0003936546854674816,-0.0023202882148325443,-0.003247407730668783,-0.001441200845874846,0.002983130281791091,0.001126897637732327,0.6015697121620178,6.876216502860188e-07,0.09009037911891937,0.00023146216699387878,0.9994314908981323,-6.400900019798428e-05,-0.033712442964315414,4.05958853662014e-05,-8.324844202434178e-06,0.03239595517516136,-0.0005148298223502934,-0.00045449938625097275,0.9999997615814209,3.0945855542086065e-05,-0.1702118068933487,0.015479289926588535,-3.3617260456085205,0.00045197989675216377,-0.05967143177986145,0.00039803795516490936,0.05670863389968872,-0.013913994655013084,3.36556077003479,0.002631279407069087,0.035217538475990295,-0.0005936296656727791,0.0016589760780334473,9.926664461090695e-06,0.024944894015789032,0.003995397128164768,0.0040084486827254295,5.51229459233582e-06,7.875525625422597e-06,,,,,3.892845747199849,,1320,2.0833333333333335
13.09166666665476,retreat,13.09166734945029,11.16510836505267,17.22753569483757,-0.5727410316467285,-0.005101053375256015,3.804776856072811,0.04243079456500709,0.08846931922527276,3.461305618286133,0.03778957948088646,4.833178520202637,-0.024745590053498745,81,3.4572198390960693,0.06273159384727478,0.02526850812137127,0.00805849302560091,-0.045694855973124504,-17.492499550177374,-0.14052286744117737,0.010776221752166748,-3.45843505859375,0.0011584052117541432,-0.037771522998809814,-0.00014950698823668063,0.0005065895966254175,0.03319605812430382,0.00020773558935616165,0.9994487166404724,-0.0005671576946042478,0.0005274458089843392,0.008927217684686184,0.07032349705696106,0.3752874433994293,-0.024109086021780968,-0.4762384295463562,0.5831859111785889,0.4972630441188812,-1.9510504007339478,-0.3901885449886322,2.3676939010620117,1.0392014980316162,0.0012421641731634736,0.0002533869701437652,-0.0020058979280292988,-0.003320920979604125,-0.0009684093529358506,0.0011655332054942846,0.0007911239517852664,0.6015715003013611,1.4123506844043732e-06,0.0900978296995163,0.00023544025316368788,0.9994317293167114,-6.305405258899555e-05,-0.033705830574035645,3.8522761315107346e-05,-8.60051568452036e-06,0.032396379858255386,-0.0005099493428133428,-0.0004424708313308656,0.9999997019767761,4.2672287236200646e-05,-0.11759299039840698,0.011740325950086117,-3.4551992416381836,-0.0026108534075319767,-0.06267598271369934,-0.00039644958451390266,0.11546143144369125,-0.010112237185239792,3.455275774002075,-0.00091060611885041,0.04582107812166214,0.00043686438584700227,0.0016589164733886719,9.540214705339167e-06,0.02494490146636963,0.003995392005890608,0.004008556250482798,5.582312951446511e-06,7.97066604718566e-06,,,,,3.892845747199849,,1320,2.091666666666667
13.099999999988086,retreat,13.10000068321824,11.116646168696073,17.219772189855576,-0.57220458984375,-0.004329155217419611,3.804982712140457,0.04121574238524772,0.08846931922527276,3.4198718070983887,0.037431713193655014,4.775323390960693,-0.024745590053498745,76,3.428009033203125,0.05037258192896843,0.011751312762498856,0.0015672881854698062,-0.04415621887892485,-17.484750359888125,-0.15771254897117615,0.007881656289100647,-3.416224241256714,0.0012665714602917433,-0.0374097041785717,-0.00020748890528921038,0.0005056550144217908,0.03319782018661499,0.00021127636136952788,0.9994486570358276,-0.0006793614011257887,0.0001475522731197998,0.008815521374344826,0.04796519875526428,0.3627782464027405,0.09125030040740967,-0.47624993324279785,0.5831710696220398,0.49727874994277954,-1.9510568380355835,-0.3901999890804291,2.3676939010620117,1.0392115116119385,0.0009860902791842818,9.275514457840472e-06,-0.0016831953544169664,-0.003473490010946989,-0.0007758371066302061,0.0006867729243822396,0.0007576569332741201,0.6015728712081909,2.329285052837804e-06,0.09010574221611023,0.00023877380590420216,0.9994319081306458,-6.242898234631866e-05,-0.03369934484362602,3.727944567799568e-05,-8.672623152961023e-06,0.03239656612277031,-0.0005016954382881522,-0.00044216623064130545,0.9999997019767761,4.245421223458834e-05,-0.08129984885454178,0.00808627624064684,-3.427035093307495,-0.0017116733361035585,-0.05034239962697029,0.0003316100046504289,0.14973050355911255,-0.0064535727724432945,3.424729585647583,-0.0005900406977161765,0.038724832236766815,-0.000311295036226511,0.0016589760780334473,9.718662113300525e-06,0.024944894015789032,0.003995387349277735,0.004008641000837088,5.347527803678531e-06,7.634400390088558e-06,,,,,3.892845747199849,,1320,2.1
13.108333333321411,retreat,13.108334016986191,11.068062836233288,17.21077933907509,-0.571906566619873,-0.003554495378921274,3.805445847637224,0.03955419742851518,0.055952909680744456,3.374540090560913,0.03701832517981529,4.711661338806152,-0.024090162696666084,76,3.3908073902130127,0.04628429934382439,0.017474018037319183,0.0009267209679819643,-0.04344947822391987,-17.47578971432673,-0.17428913712501526,0.0098494291305542,-3.3700218200683594,0.0012709767324849963,-0.036995794624090195,-0.0002283609937876463,0.0004915760364383459,0.033202096819877625,0.00021662002836819738,0.9994485974311829,-0.00067756581120193,7.409905083477497e-05,0.008905040100216866,0.03688619285821915,0.35572195053100586,0.0510750487446785,-0.47626355290412903,0.5831534266471863,0.4972975254058838,-1.9510648250579834,-0.39021068811416626,2.3676939010620117,1.0392208099365234,0.0006297368090599775,-0.0003308354353066534,-0.0012280289083719254,-0.0035969452001154423,-0.0006515709683299065,0.00017875834600999951,0.0007194188656285405,0.6015744209289551,3.840865247184411e-06,0.09011538326740265,0.00024196966842282563,0.9994322061538696,-6.082782056182623e-05,-0.03369199112057686,3.559770993888378e-05,-8.14619124867022e-06,0.03239731118083,-0.0004900641506537795,-0.00042976366239599884,0.9999998807907104,3.9884256693767384e-05,-0.05924895778298378,0.009137113578617573,-3.39027738571167,-0.0021292841993272305,-0.04623527452349663,-4.292335870559327e-05,0.16920539736747742,-0.0075030578300356865,3.3865745067596436,-0.0008281157352030277,0.037796325981616974,8.059255924308673e-05,0.0016592144966125488,1.000896099867532e-05,0.024944879114627838,0.003995382692664862,0.004008735995739698,5.309679181664251e-06,7.5801508501172066e-06,,,,,3.892845747199849,,1320,2.1083333333333334
13.116666666654737,retreat,13.116667350754142,11.019359245462182,17.199670523405075,-0.5716681480407715,-0.004789906597579829,3.8060118257119626,0.03939432281185873,0.07912936237050427,3.3405189514160156,0.03672981262207031,4.6608428955078125,-0.023500277166021988,73,3.360279083251953,0.04372109845280647,0.027125440537929535,0.0038181112613528967,-0.042504734359681606,-17.464720255253518,-0.20156481862068176,-0.05151808261871338,-3.3340342044830322,-0.0002989187778439373,-0.03672827035188675,-0.00015501826419495046,0.00048475211951881647,0.033206481486558914,0.0002456258225720376,0.9994483590126038,-0.0007589994929730892,8.076960511971265e-05,0.008931911550462246,0.05733439326286316,0.3433699905872345,0.014362684451043606,-0.4762800335884094,0.5831319093704224,0.4973185956478119,-1.9510740041732788,-0.3902237117290497,2.367685079574585,1.0392335653305054,0.0003104154602624476,-0.0008345736423507333,-0.0010110291186720133,-0.0036167316138744354,-0.0013302951119840145,-0.0009640207281336188,0.0010743923485279083,0.6015743017196655,4.1721141315065324e-06,0.09012559056282043,0.0002469990577083081,0.9994323253631592,-6.0650698287645355e-05,-0.033687569200992584,3.5607488825917244e-05,-6.905182090122253e-06,0.03239638730883598,-0.0004812490369658917,-0.00042393108014948666,0.9999997615814209,1.5690733562223613e-05,-0.0327201671898365,-0.03395312651991844,-3.35994815826416,0.0021880525164306164,-0.04366617649793625,-0.00010894295701291412,0.19360622763633728,0.035602785646915436,3.3545074462890625,-0.0027227175887674093,0.0390593484044075,0.00027233961736783385,0.001659393310546875,1.1469671335362364e-05,0.024944864213466644,0.0039953794330358505,0.004008836578577757,5.396070264396258e-06,7.703871233388782e-06,,,,,3.892845747199849,,1320,2.1166666666666667
13.124999999988063,retreat,13.125000684522092,10.970536274180631,17.18692258000374,-0.5713105201721191,-0.003286339961050544,3.8059089268585957,0.04110935697099194,0.07912936237050427,3.287107229232788,0.036054957658052444,4.5890212059021,-0.023434735339833423,75,3.3198938369750977,0.0387474000453949,0.03420667350292206,0.004008844494819641,-0.042367419227957726,-17.45196515654392,-0.17963466048240662,-0.0004221200942993164,-3.2821953296661377,0.0011258360464125872,-0.036037176847457886,-0.0001191802803077735,0.0004625886504072696,0.03320594131946564,0.00022590892331209034,0.9994483590126038,-0.0007355978013947606,0.00019702326972037554,0.009133747778832912,0.05035480856895447,0.33992642164230347,0.0037043888587504625,-0.4763002097606659,0.5831072330474854,0.49734362959861755,-1.9510844945907593,-0.39023539423942566,2.367668390274048,1.0392429828643799,-0.0002151919179596007,-0.001302864053286612,-0.0003326455189380795,-0.0036980153527110815,-0.0007325306651182473,-0.0008254602435044944,0.0007144920527935028,0.6015728712081909,4.2303472582716495e-06,0.09013786911964417,0.0002522291033528745,0.9994324445724487,-5.916418376727961e-05,-0.0336853489279747,3.721565008163452e-05,-8.692273695487529e-06,0.032395798712968826,-0.00047956607886590064,-0.000402427336666733,0.9999997615814209,3.992612982983701e-05,-0.036339692771434784,-0.006629246287047863,-3.319688320159912,0.0029556527733802795,-0.03863432630896568,0.00011854258627863601,0.18726637959480286,0.008294643834233284,3.3145971298217773,0.001959997694939375,0.033507708460092545,-0.00026844636886380613,0.001659393310546875,1.052118113875622e-05,0.024944864213466644,0.003995376173406839,0.004008939024060965,5.375511136662681e-06,7.677008397877216e-06,,,,,3.892845747199849,,1320,2.125
13.133333333321389,retreat,13.133334018290043,10.921594800186504,17.170054465532303,-0.5705356597900391,-0.004940955477650277,3.807194962928515,0.039238551835296676,0.07912936237050427,3.0735135078430176,0.033132199198007584,4.29014253616333,-0.022844849809189327,73,3.141301393508911,0.039645966142416,0.0796394869685173,0.00725826108828187,-0.041868651285767555,-17.43518646948489,-0.07340441644191742,-0.031643204391002655,-3.0724737644195557,-0.000586534442845732,-0.03312697634100914,-4.4789663661504164e-05,0.0004586926952470094,0.03321705386042595,0.0002575126418378204,0.9994480013847351,-0.0004319995059631765,3.447397466516122e-05,0.009588795714080334,0.05393991619348526,0.3397669196128845,0.06110089272260666,-0.4763246774673462,0.5830774307250977,0.4973747134208679,-1.9510918855667114,-0.39024674892425537,2.367654800415039,1.0392532348632812,-0.000763960590120405,-0.0018918100977316499,0.00036849305615760386,-0.003044970566406846,-0.001351105165667832,-0.0003417526022531092,0.00109221285674721,0.6015748977661133,4.470603016670793e-06,0.09015478193759918,0.00025708062457852066,0.9994327425956726,-5.835238698637113e-05,-0.03367754817008972,3.546476364135742e-05,-7.1131507866084576e-06,0.03239594027400017,-0.0004606458533089608,-0.0004002423374913633,0.9999997615814209,1.3078194569970947e-05,-0.09468308836221695,-0.025136638432741165,-3.1397736072540283,0.0036922406870871782,-0.03947187215089798,0.00037573528243228793,0.11689405888319016,0.02675042115151882,3.1390106678009033,1.558731310069561e-05,0.025904428213834763,-0.0003924492048099637,0.0016599297523498535,1.2106703252356965e-05,0.02494482696056366,0.003995377570390701,0.004009056370705366,5.402195711212698e-06,7.71155464462936e-06,,,,,3.892845747199849,,1320,2.1333333333333333
13.141666666654714,retreat,13.141667352057993,10.872535701277673,17.148268967866898,-0.569760799407959,-0.0029457005439326167,3.809662937020897,0.04002881905762479,0.06852804166478502,3.060539484024048,0.033329349011182785,4.2722063064575195,-0.0223205079237232,76,3.116103172302246,0.049045462161302567,0.05730960890650749,0.006396254058927298,-0.04203552193939686,-17.413572587578123,-0.1389537900686264,0.028553180396556854,-3.0572500228881836,0.0007390881073661149,-0.033321116119623184,-4.9376329116057605e-05,0.0004326384514570236,0.03323857858777046,0.00023326845257543027,0.9994472861289978,-0.00027649226831272244,0.00022262110724113882,0.010091244243085384,0.04465680941939354,0.32331907749176025,0.006369283888489008,-0.4763553738594055,0.5830431580543518,0.49741461873054504,-1.9510931968688965,-0.3902554214000702,2.3676116466522217,1.0392580032348633,-0.0016787895001471043,-0.0025222229305654764,0.001793509698472917,-0.0025765050668269396,-0.0003070704115089029,-0.002489447360858321,0.000462590396637097,0.6015751361846924,3.668596036732197e-06,0.09017548710107803,0.0002635187120176852,0.9994326829910278,-5.6191402109107e-05,-0.03367800638079643,3.595603629946709e-05,-1.0331366866012104e-05,0.032394807785749435,-0.0004395658615976572,-0.000375328614609316,0.9999998211860657,4.2939278500853106e-05,-0.06844605505466461,0.016544850543141365,-3.115307569503784,-0.000740286719519645,-0.04903966188430786,-0.00014477934746537358,0.14142340421676636,-0.014906764030456543,3.112856388092041,0.0016274783993139863,0.03926335647702217,1.4608478522859514e-05,0.0016610026359558105,1.0937961633317173e-05,0.024944759905338287,0.003995379898697138,0.004009172320365906,5.360675459087361e-06,7.651862688362598e-06,,,,,3.892845747199849,,1320,2.1416666666666666
13.14999999998804,retreat,13.150000685825944,10.823359855252008,17.121346294879913,-0.5687475204467773,-0.002950186171801761,3.8118724756016658,0.03674056279123761,0.06852804166478502,2.9109416007995605,0.031409330666065216,4.063348770141602,-0.02159953692171257,76,2.99078106880188,0.0418282188475132,0.08602803945541382,0.0019550463184714317,-0.04174004402011633,-17.386803559076423,-0.08868405967950821,0.03789781779050827,-2.9093434810638428,0.0005830717855133116,-0.031403910368680954,-2.2448959498433396e-05,0.0004144162521697581,0.03325790911912918,0.0002469704195391387,0.9994467496871948,-4.346588684711605e-05,0.00020733207929879427,0.010674885474145412,0.03317806124687195,0.31581446528434753,0.005660033319145441,-0.4763937294483185,0.5830029845237732,0.49746695160865784,-1.9510890245437622,-0.3902595043182373,2.367565870285034,1.0392580032348633,-0.002649693749845028,-0.0032430801074951887,0.003310824977234006,-0.0018380307592451572,4.148061998421326e-05,-0.003423732938244939,0.00041151620098389685,0.6015790700912476,5.366084224078804e-06,0.09020323306322098,0.0002671678666956723,0.9994328022003174,-5.206273272051476e-05,-0.03367327153682709,3.279093652963638e-05,-8.874581908457913e-06,0.032395824790000916,-0.0004155008646193892,-0.00036157845170237124,0.9999998211860657,3.24113825627137e-05,-0.08117343485355377,0.026178749278187752,-2.9895646572113037,-0.0030632305424660444,-0.04171064868569374,0.0006619787309318781,0.12023121118545532,-0.02458278089761734,2.9882631301879883,0.0006486752536147833,0.030081352218985558,-0.0007231013150885701,0.0016619563102722168,1.1652558896457776e-05,0.024944696575403214,0.003995384555310011,0.004009261727333069,5.356333531381097e-06,7.646158337593079e-06,,,,,3.892845747199849,,1320,2.15
13.158333333321366,retreat,13.158334019593894,10.774068139907381,17.087293416261673,-0.5680322647094727,-0.005233765477896668,3.8162877206171304,0.029835919121978804,0.06852804166478502,2.8474605083465576,0.031099967658519745,3.9710307121276855,-0.02041976767941378,71,2.919448137283325,0.044806018471717834,0.07758144289255142,0.011896154843270779,-0.040810998529195786,-17.353057701770307,-0.17208001017570496,-0.08345381915569305,-2.8410305976867676,-0.00012109331873944029,-0.03109969012439251,-5.102869909023866e-05,0.00038320187013596296,0.033296212553977966,0.000286232796497643,0.9994454383850098,1.282902667298913e-05,-6.793113425374031e-05,0.011158970184624195,0.04700339213013649,0.2857944071292877,0.029989538714289665,-0.4764399230480194,0.5829558372497559,0.49752968549728394,-1.9510785341262817,-0.3902651369571686,2.3675105571746826,1.0392580032348633,-0.003580499207600951,-0.004292205907404423,0.0044077313505113125,-0.0009944019839167595,-0.0008736173622310162,-0.00733052147552371,0.0008158538257703185,0.6015860438346863,6.895908882142976e-06,0.09023754298686981,0.0002716880990192294,0.9994330406188965,-4.757656643050723e-05,-0.03366571292281151,2.6074005290865898e-05,-5.363022864912637e-06,0.032396502792835236,-0.00036962152807973325,-0.0003360252594575286,0.9999998211860657,-3.2181212645809865e-06,-0.025685027241706848,-0.05526448413729668,-2.918811798095703,0.0017312319250777364,-0.044771771878004074,-0.0002651324903126806,0.17079393565654755,0.05684318765997887,2.9138941764831543,-0.00623323954641819,0.04113798215985298,0.0006623029476031661,0.0016638636589050293,1.3665745427715592e-05,0.024944566190242767,0.0039953929372131824,0.004009350202977657,5.402614078775514e-06,7.714901585131884e-06,,,,,3.892845747199849,,1320,2.158333333333333
13.166666666654692,retreat,13.166667353361845,10.72466143304166,17.04704910516739,-0.5668401718139648,-0.001197253368445672,3.821671521012626,0.029265393095556647,0.03956468118525214,2.815897226333618,0.03068225085735321,3.919971466064453,-0.019895422155968845,81,2.8801681995391846,0.029218796640634537,0.07297012954950333,0.012288190424442291,-0.037905256263911724,-17.313187759941243,-0.30548372864723206,0.03068498522043228,-2.799109697341919,0.0008350980933755636,-0.0306707751005888,-8.129786147037521e-05,0.00033707733382470906,0.03334321826696396,0.00024814263451844454,0.9994438886642456,-9.355900692753494e-05,-0.0035732081159949303,0.011311560869216919,0.3057312071323395,0.2404223084449768,-0.013772080652415752,-0.47649598121643066,0.5828996300697327,0.49760502576828003,-1.9510669708251953,-0.3902641534805298,2.3674190044403076,1.0392580032348633,-0.00510190287604928,-0.005418394226580858,0.006619899068027735,-0.0009762312984094024,0.0012470728252083063,-0.010833268985152245,-0.0003481870808172971,0.6015883088111877,7.28937448002398e-06,0.09027637541294098,0.0002775812172330916,0.9994329810142517,-4.549789082375355e-05,-0.03366998955607414,2.518552355468273e-05,-9.39126948651392e-06,0.03239517658948898,-0.0003268714062869549,-0.00029051676392555237,0.9999999403953552,3.9260117773665115e-05,0.08754310011863708,0.017935996875166893,-2.87878155708313,0.001588649582117796,-0.02917439304292202,0.00026287208311259747,0.2810906171798706,-0.01635710708796978,2.86637282371521,0.004128763452172279,0.04189322888851166,-0.0005638669244945049,0.001666247844696045,1.1838270438602194e-05,0.024944406002759933,0.003995404113084078,0.004008182790130377,-0.0003151843266095966,-0.00045002251863479614,,,,,3.892845747199849,,1320,2.1666666666666665
13.174999999988017,retreat,13.175000687129796,10.675140612452719,16.999592632055283,-0.5652308464050293,0.010018262400990352,3.8255636472310144,0.026591651476337574,0.06852804166478502,2.5188963413238525,0.02719269134104252,3.496311902999878,-0.018453483789926395,85,2.625765562057495,0.020990150049328804,0.16754721105098724,0.015880726277828217,-0.03477212367579341,-17.266001929209537,-0.23091547191143036,0.36728304624557495,-2.4812538623809814,-0.002933539915829897,-0.027033274993300438,0.00019707171304617077,0.00032521766843274236,0.03337765857577324,0.00019113990128971636,0.9994426965713501,0.00013084063539281487,-0.0013449358521029353,0.011905122548341751,0.14390531182289124,0.220229834318161,0.02708875946700573,-0.4765671491622925,0.5828343629837036,0.49770575761795044,-1.9510555267333984,-0.39024320244789124,2.3673274517059326,1.0392539501190186,-0.007411442697048187,-0.006448294501751661,0.010800613090395927,-0.0009411814389750361,0.005129778292030096,-0.01044839434325695,-0.0017733509885147214,0.6015934348106384,1.4975525118643418e-05,0.09032384306192398,0.000273159850621596,0.9994329214096069,-4.559855005936697e-05,-0.03366907685995102,2.1618325263261795e-05,-1.2633861842914484e-05,0.03239541873335838,-0.00029150262707844377,-0.000276775099337101,0.9999998211860657,9.140218753600493e-05,0.09016937762498856,0.25561147928237915,-2.611738443374634,-0.019662857055664062,-0.0071943821385502815,0.0014830221189185977,0.2657163441181183,-0.2542031705379486,2.5998873710632324,0.017094453796744347,0.02027461864054203,-0.0026438147760927677,0.0016679763793945312,9.008919732877985e-06,0.024944297969341278,0.003995403181761503,0.004008278250694275,-2.6928901206701994e-06,-3.844557795673609e-06,,,,,3.892845747199849,,1320,2.175
13.183333333321343,retreat,13.183334020897746,10.62550655593843,16.942662745714188,-0.5629062652587891,0.014584638847736642,3.828838163039789,0.027170208340976387,0.06852804166478502,2.4047598838806152,0.026847124099731445,3.3481409549713135,-0.017404798200004734,75,2.5153274536132812,0.032526902854442596,0.11215738952159882,0.01851414330303669,-0.03597589209675789,-17.209299738219894,-0.29286903142929077,0.06548089534044266,-2.3859610557556152,-0.0009782499400898814,-0.0268291924148798,-7.456260937033221e-05,0.00030104463803581893,0.03340562433004379,0.0002593107637949288,0.9994417428970337,0.00014876396744512022,0.0013235744554549456,0.013148996978998184,0.017889492213726044,0.19803351163864136,0.01661362498998642,-0.47665339708328247,0.582758903503418,0.497831255197525,-1.9510400295257568,-0.39022937417030334,2.36719012260437,1.0392539501190186,-0.008973118849098682,-0.00804853718727827,0.01293089333921671,-2.403171129117254e-05,0.0024812205228954554,-0.01563159190118313,7.355231355177239e-05,0.6015945672988892,2.4657900212332606e-05,0.0903790295124054,0.00027298342320136726,0.9994325637817383,-4.2434756323928013e-05,-0.03367959335446358,2.3372704163193703e-05,-7.512362572015263e-06,0.03239359334111214,-0.00027405316359363496,-0.0002580760919954628,0.9999998211860657,2.2388856450561434e-05,0.12141726166009903,0.0801941305398941,-2.511115074157715,-0.02572847716510296,-0.01989591494202614,-0.00044443155638873577,0.290187269449234,-0.07884357124567032,2.4972872734069824,-0.014097403734922409,0.03749673813581467,0.001379042281769216,0.0016693472862243652,1.2455471733119339e-05,0.024944201111793518,0.003995398059487343,0.004008437041193247,5.309721927915234e-06,7.571914466097951e-06,,,,,3.892845747199849,,1320,2.183333333333333
13.191666666654669,retreat,13.191667354665697,10.575760141296657,16.874754428863525,-0.5605220794677734,0.013180146197555587,3.8344086454335033,0.017839096472016536,0.03956468118525214,2.0201797485351562,0.021833231672644615,2.798129081726074,-0.015241759683704004,85,2.1797282695770264,0.00965756457298994,0.20349544286727905,0.01829044707119465,-0.03215974383056164,-17.141778766084297,-0.1472303867340088,-0.28420010209083557,-1.9946630001068115,0.0020821928046643734,-0.021732814610004425,-0.00019815179985016584,0.00024185799702536315,0.03345367684960365,0.0003365790471434593,0.9994401335716248,0.000587782240472734,0.0002653028059285134,0.01397644355893135,0.053551673889160156,0.18023161590099335,0.01052935142070055,-0.4767507016658783,0.5826674103736877,0.49796783924102783,-1.951012372970581,-0.390238493680954,2.3670527935028076,1.0392768383026123,-0.010128213092684746,-0.01014456432312727,0.013612302951514721,0.0018975721905007958,-0.0022301040589809418,-0.018290625885128975,0.002425963757559657,0.6016060709953308,2.8787399060092866e-05,0.09044841676950455,0.0002820681838784367,0.9994328618049622,-4.501975126913749e-05,-0.03367403894662857,1.4013843610882759e-05,-2.5612789613660425e-06,0.032395701855421066,-0.00022042733326088637,-0.00019862143381033093,0.9999999403953552,-4.7840334445936605e-05,0.07470341771841049,-0.18994742631912231,-2.1701509952545166,0.00783836841583252,-0.005641075316816568,-8.246515790233389e-05,0.22062018513679504,0.1911562979221344,2.160093307495117,-0.019557252526283264,0.016465794295072556,0.0013903136132284999,0.0016717314720153809,1.6414978745160624e-05,0.024944033473730087,0.003995392471551895,0.004008528310805559,5.518734269571723e-06,7.88253964856267e-06,,,,,3.892845747199849,,1320,2.1916666666666664
13.199999999987995,retreat,13.200000688433647,10.525902246325277,16.793017834424973,-0.5588531494140625,0.013466438758769073,3.8462382649980484,0.013222502275311854,0.03956468118525214,1.9518778324127197,0.022585542872548103,2.6638970375061035,-0.012226792932779063,86,2.0756781101226807,0.02433020994067192,0.14292052388191223,0.022259367629885674,-0.029844313277862966,-17.060864738460914,-0.4215528964996338,-0.19420839846134186,-1.8958910703659058,0.0012297474313527346,-0.022551707923412323,-0.00012202786456327885,0.0001687145559117198,0.03355681151151657,0.0003251536109019071,0.9994366765022278,0.0006484526093117893,-0.00019346445333212614,0.014719483442604542,0.04111422598361969,0.10239017009735107,0.016893623396754265,-0.47686344385147095,0.5825580954551697,0.4981202781200409,-1.950976848602295,-0.39024168252944946,2.366856336593628,1.0392768383026123,-0.012431196868419647,-0.012507039122283459,0.016268057748675346,0.0026321420446038246,-0.00042046414455398917,-0.02571670152246952,0.0006892679375596344,0.6016126871109009,2.821239104378037e-05,0.09052806347608566,0.000296564947348088,0.9994325041770935,-3.9829501474741846e-05,-0.03368426486849785,9.599840268492699e-06,-4.370998794911429e-06,0.03239394724369049,-0.0001274829264730215,-0.0001298125716857612,0.9999999403953552,-2.4223993023042567e-05,0.2527602016925812,-0.16257555782794952,-2.0538065433502197,0.02285795845091343,-0.008233184926211834,-0.0012990456307306886,0.39047977328300476,0.16376228630542755,2.032029867172241,-0.0005459245294332504,0.04476872831583023,0.0013119037030264735,0.0016769170761108398,1.5965446436894126e-05,0.024943694472312927,0.003995388280600309,0.004008642863482237,5.4453644224849995e-06,7.771595846861601e-06,,,,,3.892845747199849,,1320,2.2
13.20833333332132,retreat,13.208334022201598,10.475933748822161,16.698559373617172,-0.5553364753723145,0.015721117961220443,3.8538166154891633,0.010953281162073836,0.055952909680744456,1.5407466888427734,0.01760266348719597,2.103753089904785,-0.010850394573935773,71,1.7376455068588257,0.03264681249856949,0.19874662160873413,0.01104432437568903,-0.02494906762149185,-16.9669332285529,-0.3704625964164734,-0.027475783601403236,-1.4952936172485352,-0.00021509904763661325,-0.017601341009140015,1.673115366429556e-05,0.00012082950706826523,0.03362296521663666,0.00030665105441585183,0.9994344711303711,0.0009369879262521863,0.00018262704543303698,0.015993604436516762,0.024003617465496063,0.06084035709500313,0.013930317014455795,-0.4769972264766693,0.5824298858642578,0.49829885363578796,-1.9509378671646118,-0.3902236223220825,2.3666274547576904,1.0392768383026123,-0.015344550833106041,-0.014975545927882195,0.020219894126057625,0.00328289857134223,0.0027942152228206396,-0.028145715594291687,-0.0011855984339490533,0.6016196012496948,2.8582675440702587e-05,0.09062103927135468,0.000306256755720824,0.9994319677352905,-4.261606227373704e-05,-0.033698007464408875,7.00121745467186e-06,-6.875843610032462e-06,0.03239269554615021,-7.50621038605459e-05,-7.820403698133305e-05,0.9999998807907104,2.2438041469285963e-06,0.295400470495224,-0.057589441537857056,-1.711383581161499,0.019463013857603073,0.026180991902947426,0.001249465742148459,0.4100082814693451,0.058600906282663345,1.687563180923462,0.011023400351405144,0.016503771767020226,-0.0020049619488418102,0.0016801953315734863,1.5120749594643712e-05,0.02494347095489502,0.003995383623987436,0.004008767195045948,5.383561529015424e-06,7.690599886700511e-06,,,,,3.892845747199849,,1320,2.2083333333333335
13.216666666654646,retreat,13.216667355969548,10.42585552658518,16.58652499318123,-0.5522370338439941,0.01682693800830748,3.8665492948844573,0.0024270798348879907,0.0,1.0456866025924683,0.009581518359482288,1.4200608730316162,-0.007310956789297052,86,1.2979352474212646,0.03059961274266243,0.2523290514945984,0.002827061340212822,-0.018090993598889327,-16.855784188102927,-0.27331864833831787,-0.03452262654900551,-1.0087445974349976,-4.318443825468421e-05,-0.00958135724067688,-3.4934892028104514e-05,5.207099820836447e-05,0.03373391553759575,0.0003191850264556706,0.9994308352470398,0.001474054530262947,0.0004127145220991224,0.01750287413597107,0.025657232850790024,-0.0009385774028487504,0.035426054149866104,-0.47715476155281067,0.5822811126708984,0.49851009249687195,-1.9508899450302124,-0.39019376039505005,2.366379976272583,1.0392553806304932,-0.018500737845897675,-0.017775610089302063,0.024562541395425797,0.004958593286573887,0.0039924876764416695,-0.03176753595471382,-0.001970307668671012,0.6016324758529663,3.1461389880860224e-05,0.09073162078857422,0.00031105338712222874,0.9994317889213562,-3.830883724731393e-05,-0.03370466083288193,-2.41817906498909e-06,-5.421439709607512e-06,0.032391905784606934,2.927412606368307e-05,-1.4019853551872075e-05,1.0,-7.665197699679993e-06,0.2586524784564972,-0.047421615570783615,-1.2710176706314087,0.009384321048855782,0.029125088825821877,-5.306795173964929e-06,0.34369727969169617,0.048183370381593704,1.2506747245788574,0.002521943300962448,0.00823725201189518,-0.00016856487491168082,0.0016857385635375977,1.5862338841543533e-05,0.024943098425865173,0.0039953794330358505,0.004008835181593895,5.434707873064326e-06,7.761758752167225e-06,,,,,3.892845747199849,,1320,2.216666666666667
13.224999999987972,retreat,13.225000689737499,10.3756684574122,16.45597591996193,-0.5483031272888184,0.01919539317896124,3.878684937344061,0.0074793133535422385,0.0,0.8590674996376038,0.00998343713581562,0.9967755079269409,-0.004295988674130058,80,1.057166337966919,0.029982538893818855,0.23641639947891235,0.022411523386836052,-0.014127949179965071,-16.726078928790436,-0.4972112774848938,-0.061697736382484436,-0.6978332996368408,0.0006137635791674256,-0.00996432639658451,-6.722798570990562e-05,-2.0662209863075987e-05,0.03383985161781311,0.00032601444399915636,0.9994272589683533,0.0016427765367552638,0.0003951747785322368,0.018889229744672775,0.021174170076847076,-0.0694127157330513,0.04835188388824463,-0.4773400127887726,0.5821094512939453,0.49875903129577637,-1.9508272409439087,-0.3901517987251282,2.366070508956909,1.0392324924468994,-0.02227470837533474,-0.0211747158318758,0.029645631089806557,0.006368664558976889,0.005606396589428186,-0.041014816612005234,-0.0030106687918305397,0.6016455888748169,3.420435677981004e-05,0.09086102247238159,0.00031605653930455446,0.9994311928749084,-3.756069054361433e-05,-0.0337202325463295,-1.0644784197211266e-05,-5.371333827497438e-06,0.032391373068094254,0.00011966532474616542,5.788831185782328e-05,1.0,-1.1922222256544046e-05,0.4269864559173584,-0.060865387320518494,-0.9651831984519958,0.005676731467247009,0.029438966885209084,-0.0002730216074269265,0.4910741448402405,0.06143154576420784,0.9341698884963989,-0.0030937804840505123,0.03223465383052826,0.00046526858932338655,0.0016910433769226074,1.6326348486472853e-05,0.02494274079799652,0.003995377570390701,0.004008956719189882,5.441113444248913e-06,7.772963726893067e-06,,,,,3.892845747199849,,1320,2.225
13.233333333321298,retreat,13.23333402350545,10.325373419101098,16.305597126483917,-0.5401968955993652,0.023091757611837238,3.8850409977668616,0.009241600309906062,0.055952909680744456,0.8405609130859375,0.008482217788696289,0.6724488139152527,-0.0019820140551018994,79,0.9719952344894409,0.06077856197953224,0.24113377928733826,0.021700680255889893,-0.01248310529626906,-16.5761420792429,-0.7036999464035034,-0.04062412679195404,-0.45792871713638306,0.0005424693808890879,-0.0084644490852952,-8.270916441688314e-05,-4.758471914101392e-05,0.03389528766274452,0.0003269373264629394,0.9994252920150757,0.0020769191905856133,0.0004878699837718159,0.021346526220440865,0.01503739133477211,-0.14666758477687836,0.01978827826678753,-0.4775579869747162,0.5819034576416016,0.49905094504356384,-1.9507585763931274,-0.39009416103363037,2.3656973838806152,1.0392051935195923,-0.026476290076971054,-0.02498837374150753,0.035199932754039764,0.006930739153176546,0.008007514290511608,-0.05008829012513161,-0.004398171324282885,0.6016573905944824,3.7733192584710196e-05,0.09101267904043198,0.00032139805261977017,0.9994304180145264,-3.8993275666143745e-05,-0.03374449536204338,-1.267273910343647e-05,-6.082233085180633e-06,0.03239290416240692,0.0001508474670117721,8.638682629680261e-05,0.9999998807907104,-8.468003215966746e-06,0.6267797350883484,-0.05177493020892143,-0.7411080598831177,0.007011351175606251,0.06037275493144989,-7.048877159832045e-05,0.67534339427948,0.05218663066625595,0.6971100568771362,-0.00046493299305438995,0.030164990574121475,8.72148375492543e-05,0.0016937851905822754,1.6418118320871145e-05,0.0249425508081913,0.00401085801422596,0.00402485765516758,5.180410880711861e-06,7.395603461191058e-06,,,,,3.892845747199849,,1320,2.2333333333333334
13.241666666654623,retreat,13.2416673572734,10.274971289449741,16.135329008102417,-0.5291104316711426,0.027793628760264255,3.88373028022303,0.006957790446904255,0.0,0.825545608997345,0.008241211995482445,0.6604365110397339,-0.00209378208637645,86,0.969473659992218,0.08051154762506485,0.22884619235992432,0.00509618641808629,-0.012732543982565403,-16.405782825489226,-0.6921224594116211,-0.04028170928359032,-0.44818463921546936,0.000534164602868259,-0.008223434910178185,-8.579767745686695e-05,-2.7518082788446918e-05,0.03388392552733421,0.00031948473770171404,0.9994257092475891,0.001728600705973804,-0.0013319250429049134,0.023420458659529686,0.008925303816795349,-0.13140110671520233,0.029115280136466026,-0.4778083562850952,0.581664502620697,0.49938294291496277,-1.9506899118423462,-0.39002159237861633,2.3652753829956055,1.0391627550125122,-0.030257273465394974,-0.028645729646086693,0.04001069813966751,0.006973740179091692,0.009662926197052002,-0.055140312761068344,-0.005284100770950317,0.6016677618026733,4.152140172664076e-05,0.09118443727493286,0.0003254850744269788,0.99942946434021,-3.755015131901018e-05,-0.03377397730946541,-9.94768925011158e-06,-7.2648126661079004e-06,0.032394345849752426,0.00010999308142345399,6.52723538223654e-05,1.0,3.7943575534882257e-06,0.6450778245925903,-0.0480058491230011,-0.7221143841743469,0.007963859476149082,0.08011646568775177,0.00019490791601128876,0.6923582553863525,0.04841120168566704,0.676886260509491,0.0010089832358062267,0.013067543506622314,-0.00026693783001974225,0.0016932487487792969,1.6011685147532262e-05,0.024942588061094284,0.0040108878165483475,0.004023783374577761,5.251233233138919e-06,7.508439011871815e-06,,,,,3.892845747199849,,1320,2.2416666666666667
13.24999999998795,retreat,13.25000069104135,10.224462946256002,15.94466492533684,-0.5167126655578613,0.031942898203851655,3.8853434083491347,0.005945491921011126,0.055952909680744456,0.6390452980995178,0.00627268198877573,0.5112362504005432,-0.0009201087323162938,81,0.8216869831085205,0.07962068915367126,0.23795941472053528,0.007855276577174664,-0.010777672752737999,-16.215230904956073,-0.5352486371994019,-0.033273350447416306,-0.3475351631641388,0.0003720568201970309,-0.006261582486331463,2.6474957849131897e-05,-3.331289190100506e-05,0.03389790654182434,0.00032847243710421026,0.9994252324104309,0.0019834409467875957,0.00013382844917941839,0.025902317836880684,-0.06953839212656021,-0.11434327065944672,0.029613522812724113,-0.47808700799942017,0.5814012885093689,0.49974924325942993,-1.950621247291565,-0.3899405300617218,2.3648321628570557,1.0391169786453247,-0.03357408568263054,-0.0320221409201622,0.04417397081851959,0.007275448180735111,0.010462522506713867,-0.057356927543878555,-0.005684421863406897,0.6016805768013,4.6173983719199896e-05,0.09137305617332458,0.00032696028938516974,0.9994285106658936,-3.703114271047525e-05,-0.03379940241575241,-8.8538508862257e-06,-6.85688792145811e-06,0.03239232674241066,9.853452502284199e-05,7.028153777355328e-05,0.9999998807907104,-3.894135716109304e-06,0.5385882258415222,-0.0450054407119751,-0.6189238429069519,0.00751853222027421,0.07926388829946518,0.0004024489608127624,0.5791746377944946,0.04535659775137901,0.5810928344726562,0.0009833518415689468,-0.0014634430408477783,-0.00046490374370478094,0.0016939043998718262,1.6470643458887935e-05,0.024942539632320404,0.004009403754025698,0.004022601991891861,5.395191692514345e-06,7.706461474299431e-06,,,,,3.892845747199849,,1320,2.25
13.258333333321275,retreat,13.258334024809301,10.173849267317753,15.738127380609514,-0.5025863647460938,0.037114110455149785,3.8868551088729992,0.0033213589176739333,0.0,0.5387158989906311,0.0051926071755588055,0.43097272515296936,-0.0002495004594038619,71,0.7030639052391052,0.06246079131960869,0.21809318661689758,0.002775940578430891,-0.009637539857067168,-16.008798469915167,-0.45131364464759827,-0.021769417449831963,-0.2933545410633087,0.00027414868236519396,-0.005185233429074287,-3.6977457057219e-05,-1.2736289136228152e-05,0.03391098231077194,0.0003325834113638848,0.9994248151779175,0.002070824848487973,0.000952942471485585,0.02781689167022705,0.02159552089869976,-0.0925745964050293,0.03030904196202755,-0.47839030623435974,0.5811106562614441,0.5001498460769653,-1.9505525827407837,-0.389850914478302,2.364354133605957,1.0390712022781372,-0.03662760555744171,-0.035149771720170975,0.048068851232528687,0.007738610729575157,0.011412178166210651,-0.06043824553489685,-0.00623973086476326,0.601693332195282,5.3470415878109634e-05,0.0915786549448967,0.0003280306118540466,0.9994276762008667,-3.7498175515793264e-05,-0.033826034516096115,-5.823094397783279e-06,-4.799472662853077e-06,0.03239130601286888,8.49797943374142e-05,5.0077320338459685e-05,1.0,-6.253156698221574e-06,0.44877853989601135,-0.029770923778414726,-0.5403798222541809,0.004935112316161394,0.06226550042629242,4.9427879275754094e-05,0.4842900335788727,0.030080273747444153,0.5087800025939941,0.000627247616648674,0.0025628581643104553,-9.139522444456816e-05,0.0016945600509643555,1.6641202819300815e-05,0.024942494928836823,0.004010648932307959,0.004024018067866564,5.2962427616876084e-06,7.5634452514350414e-06,,,,,3.892845747199849,,1320,2.2583333333333333
13.2666666666546,retreat,13.266667358577251,10.12313113043286,15.516174584627153,-0.48983097076416016,0.043100859329570085,3.889423653400412,0.004017558694613399,0.0,0.48594143986701965,0.004609278403222561,0.38875314593315125,-0.0018702460238273488,74,0.6269237995147705,0.05136265978217125,0.19653847813606262,0.001940861577168107,-0.009251734125427902,-15.78702426635397,-0.4000195860862732,-0.07969028502702713,-0.26414552330970764,0.0009617751347832382,-0.0045067789033055305,-9.68497188296169e-05,-1.394453374814475e-05,0.03393349051475525,0.00034243555273860693,0.9994240999221802,0.0021285677794367075,0.0008552414947189391,0.029830636456608772,0.03019641898572445,-0.0841597467660904,0.03419164568185806,-0.4787164628505707,0.5807908773422241,0.5005735158920288,-1.9504839181900024,-0.3897542953491211,2.363842487335205,1.0390254259109497,-0.03925803676247597,-0.038122355937957764,0.05122889205813408,0.008253821171820164,0.011835065670311451,-0.06411430984735489,-0.006648975424468517,0.6017065048217773,5.657736983266659e-05,0.0918012410402298,0.00033192665432579815,0.9994266629219055,-4.236325548845343e-05,-0.03385339304804802,-4.423549398779869e-06,-7.921293217805214e-06,0.032391950488090515,8.011916361283511e-05,5.5945372878341004e-05,1.0,-1.2414560842444189e-05,0.38991373777389526,-0.06561705470085144,-0.48651322722435,0.006808386649936438,0.05090911313891411,-0.00017572079377714545,0.4219454824924469,0.0658966451883316,0.45896944403648376,-0.0026561119593679905,0.00541725754737854,0.000356070464476943,0.0016956925392150879,1.713557867333293e-05,0.024942420423030853,0.004009386990219355,0.004022826440632343,5.654562755808001e-06,8.07794276624918e-06,,,,,3.892845747199849,,1320,2.2666666666666666
13.274999999987926,retreat,13.275000692345202,10.0723094133992,15.278013050556185,-0.4743337631225586,0.04674860247178003,3.8909840982841417,0.0022517515390063636,0.03956468118525214,0.3134755790233612,0.002905464032664895,0.25078046321868896,-0.0007524566854044679,78,0.47787922620773315,0.04553493484854698,0.198020339012146,0.007670871447771788,-0.006306468349066563,-15.548971230673537,-0.26156431436538696,-0.026204228401184082,-0.1707758754491806,0.0003151495475322008,-0.002888050861656666,-3.9541533624287695e-05,-1.939851244969759e-06,0.03394697234034538,0.0003401744179427624,0.9994235634803772,0.00243848143145442,0.0008003696566447616,0.031697068363428116,0.013302373699843884,-0.06877097487449646,0.0208352729678154,-0.4790637195110321,0.5804476141929626,0.5010312795639038,-1.9504108428955078,-0.38964760303497314,2.3633124828338623,1.0389567613601685,-0.04166568070650101,-0.040748950093984604,0.05429798737168312,0.00883257295936346,0.013157797046005726,-0.06565705686807632,-0.007545097731053829,0.6017243266105652,6.50522270007059e-05,0.09204186499118805,0.000331857823766768,0.999426007270813,-3.5902550735045224e-05,-0.03387376666069031,-5.2549876272678375e-06,-3.105538780800998e-06,0.03239457309246063,7.323450699914247e-05,3.756711521418765e-05,0.9999999403953552,-9.597099051461555e-06,0.28398406505584717,-0.032231416553258896,-0.38299182057380676,0.008133217692375183,0.04480262100696564,7.886646199040115e-05,0.3092658221721649,0.03245776146650314,0.36286312341690063,0.0034622689709067345,-0.003779098391532898,-0.00031045498326420784,0.0016963481903076172,1.7002210370264947e-05,0.024942371994256973,0.004010624252259731,0.004024271387606859,5.2085338211327326e-06,7.44272256270051e-06,,,,,3.892845747199849,,1320,2.275
13.283333333321252,retreat,13.283334026113153,10.021384994014639,15.025129169225695,-0.4634261131286621,0.053539777582045645,3.8967673951221427,0.006880635282868752,0.055952909680744456,0.5325023531913757,0.004759680945426226,0.4260018467903137,-0.0019261301531514619,86,0.5787212252616882,0.03037654608488083,0.1387457400560379,0.017575062811374664,-0.011356675589922816,-15.29648946265662,-0.43496978282928467,-0.08536525070667267,-0.2950810194015503,0.0009824747685343027,-0.004656076431274414,-0.00010127961286343634,-2.150018190150149e-05,0.03399740904569626,0.0003458423016127199,0.9994218945503235,0.0021664032246917486,0.0005833106697537005,0.03320932760834694,0.019492067396640778,-0.09553572535514832,0.02470432221889496,-0.47942978143692017,0.5800889730453491,0.5015008449554443,-1.950332760810852,-0.38952937722206116,2.3627400398254395,1.0388880968093872,-0.043831076472997665,-0.04339060187339783,0.056796006858348846,0.008751453831791878,0.014510526321828365,-0.07203149050474167,-0.008613823913037777,0.6017386317253113,6.539504829561338e-05,0.0922907143831253,0.0003343384596519172,0.9994248747825623,-3.881992233800702e-05,-0.033905502408742905,-6.86105340719223e-06,-9.705294360173866e-06,0.032390765845775604,9.193449659505859e-05,5.9923047956544906e-05,0.9999998807907104,-1.3546526133723091e-05,0.35885757207870483,-0.06398922204971313,-0.44949397444725037,0.006151198875159025,0.029742008075118065,-0.0005570201319642365,0.3884991407394409,0.06425244361162186,0.424096941947937,-0.0030508097261190414,0.022096771746873856,0.0007547289133071899,0.001698911190032959,1.7318663594778627e-05,0.024942204356193542,0.004009359981864691,0.004023158922791481,5.541625796467997e-06,7.918191840872169e-06,,,,,3.892845747199849,,1320,2.283333333333333
13.291666666654578,retreat,13.291667359881103,9.97035875007705,14.764928817749025,-0.4439353942871094,0.05454779602587223,3.8934493343571965,0.008135737516568042,0.06852804166478502,0.2317265272140503,0.0020635405089706182,0.185381218791008,-0.0003612685191001219,88,0.3785773515701294,0.04808295890688896,0.1674753725528717,0.016833273693919182,-0.004899488383671269,-15.036058406360098,-0.1914096474647522,-0.03614502400159836,-0.12551122903823853,0.0004063034139107913,-0.002022805158048868,-3.709677548613399e-05,1.4995037417975254e-05,0.033968303352594376,0.00034135562600567937,0.9994227886199951,0.002239387948065996,0.0006761779077351093,0.03435131534934044,0.01455390453338623,-0.050451889634132385,0.014737015590071678,-0.4798075258731842,0.5797113180160522,0.50199294090271,-1.9502640962600708,-0.38939768075942993,2.3621537685394287,1.038819432258606,-0.04555168002843857,-0.045627955347299576,0.058822326362133026,0.008856494911015034,0.015727819874882698,-0.07084416598081589,-0.009406274184584618,0.6017507910728455,7.279161945916712e-05,0.09254910051822662,0.00033271353458985686,0.9994238018989563,-4.159435411565937e-05,-0.03393785282969475,2.4279579520225525e-06,-3.2047501008491963e-06,0.032388463616371155,3.045798985112924e-05,2.630196831887588e-05,0.9999998211860657,-9.540716746414546e-06,0.22819024324417114,-0.041163016110658646,-0.2992584705352783,0.011396244168281555,0.04670766368508339,0.000700591888744384,0.24796777963638306,0.041337065398693085,0.2830619215965271,0.005388030782341957,-0.01374373584985733,-0.0010588049190118909,0.0016974210739135742,1.7032463802024722e-05,0.0249423049390316,0.004010628908872604,0.004024579655379057,5.221033006819198e-06,7.462222129106522e-06,,,,,3.892845747199849,,1320,2.2916666666666665
13.299999999987904,retreat,13.300000693649054,9.919231559384304,14.49440196156502,-0.42623281478881836,0.062465878727380186,3.892292376874114,0.005525053438759642,0.03956468118525214,2.8435046260710806e-05,1.2655573300435208e-07,0.0,0.0,75,0.16872449219226837,0.020280761644244194,0.1686975061893463,0.012769495137035847,-1.0291339394008503e-06,-14.765451106689321,-1.9188728401786648e-06,-6.18583896994096e-07,-2.8363483579596505e-05,-1.93497906586515e-09,1.265136972961045e-07,-2.6253186291569364e-09,4.5365792175289243e-05,0.03395863622426987,0.00032989351893775165,0.9994231462478638,0.0016759212594479322,5.3873955039307475e-06,0.03634513169527054,-0.07741672545671463,0.029804276302456856,0.0691368356347084,-0.480197012424469,0.5793108940124512,0.5024972558021545,-1.9501752853393555,-0.38926005363464355,2.361558675765991,1.038727879524231,-0.04697054252028465,-0.047504108399152756,0.06069371849298477,0.009624289348721504,0.01674599200487137,-0.0704413577914238,-0.010179907083511353,0.6017758250236511,7.540223305113614e-05,0.09282811731100082,0.0003330213075969368,0.9994233250617981,-3.83618644264061e-05,-0.03395367041230202,-3.285938873887062e-06,-8.544557204004377e-06,0.03239743411540985,4.974220246367622e-06,-6.893629233672982e-06,0.9999999403953552,3.365292741364101e-06,0.05299299582839012,-0.0038213972002267838,-0.16014085710048676,0.004739509429782629,0.019719049334526062,-7.377406291197985e-05,0.06373949348926544,0.003922317177057266,0.1561724841594696,0.004180804826319218,-0.012064126320183277,-0.0002019707317231223,0.001696944236755371,1.6408135707024485e-05,0.024942338466644287,0.00402514822781086,0.004038166254758835,5.057192538515665e-06,7.21827382221818e-06,,,,,3.892845747199849,,1320,2.3
13.30833333332123,retreat,13.308334027417004,9.868004299734274,14.207178354263307,-0.4138350486755371,0.06314167694654316,3.9038967068583053,0.005006335413781926,0.0,0.3539343774318695,0.002913803793489933,0.28314751386642456,-0.0007524566854044679,68,0.34070900082588196,0.0018786144210025668,0.10479772835969925,0.026384390890598297,-0.008268360863439739,-14.479034345777723,-0.2892908453941345,-0.051139041781425476,-0.197395920753479,0.0005336166359484196,-0.002864245790988207,-4.0023867768468335e-05,-6.9957673076714855e-06,0.03405972570180893,0.0003383253642823547,0.9994198083877563,0.0024906652979552746,-0.00012424966553226113,0.03680258244276047,-0.06689842790365219,-0.08471949398517609,0.029795033857226372,-0.4805978536605835,0.5788989067077637,0.503013014793396,-1.9500890970230103,-0.38910749554634094,2.3609261512756348,1.038636326789856,-0.04833454638719559,-0.049490176141262054,0.06226522848010063,0.00937197357416153,0.0185238067060709,-0.07777249068021774,-0.011555399745702744,0.6017937660217285,7.660132541786879e-05,0.09311114996671677,0.000332708383211866,0.9994222521781921,-4.126255225855857e-05,-0.033983998000621796,-7.134629413485527e-06,-7.991575330379419e-06,0.03239363059401512,7.574976189061999e-05,4.8065510782180354e-05,1.0,-7.259736776177306e-06,0.1936233639717102,-0.02951797842979431,-0.27878543734550476,0.0011453974293544888,-0.0011342461220920086,-0.0009647501865401864,0.21211545169353485,0.029682235792279243,0.2649690508842468,-0.003046527737751603,0.029104938730597496,0.0011568537447601557,0.0017020106315612793,1.6918369510676712e-05,0.02494199201464653,0.004010994918644428,0.004024019930511713,5.047089871368371e-06,7.2066031862050295e-06,,,,,3.892845747199849,,1320,2.308333333333333
13.316666666654555,retreat,13.316667361184955,9.816677848924826,13.91672119498253,-0.3903508186340332,0.0657075725030154,3.8998817936731727,0.01364496802125359,0.055952909680744456,0.0,0.0,0.0,0.0,69,0.12747488915920258,0.028447182849049568,0.12747488915920258,0.02091236412525177,0.0,-14.188298031768234,0.0,0.0,0.0,0.0,0.0,0.0,2.7004545700037852e-05,0.0340246707201004,0.0003315877402201295,0.9994208812713623,0.0021678167395293713,0.0006803044816479087,0.03776539862155914,0.014155960641801357,-0.011739535257220268,0.032561350613832474,-0.48100945353507996,0.5784754753112793,0.5035395622253418,-1.950020432472229,-0.3889416754245758,2.3602852821350098,1.0385431051254272,-0.04913599044084549,-0.05104006081819534,0.06315848976373672,0.00932520441710949,0.01965654082596302,-0.07481072098016739,-0.01222179178148508,0.6018045544624329,7.949248538352549e-05,0.09339533001184464,0.000329053116729483,0.9994209408760071,-4.6258108341135085e-05,-0.034021466970443726,7.53370113670826e-06,-7.41544681659434e-06,0.03238649666309357,3.195240196873783e-06,1.915909888339229e-05,0.9999998807907104,-3.190558118149056e-06,0.051849365234375,-0.009101256728172302,-0.11609761416912079,0.007965796627104282,0.027286386117339134,0.0011141853174194694,0.05962502956390381,0.009171295911073685,0.11229688674211502,0.0065576620399951935,-0.01979697309434414,-0.0015504448674619198,0.0017002224922180176,1.6523845260962844e-05,0.024942107498645782,0.0040253871120512486,0.004039122723042965,5.074890395917464e-06,7.256458047777414e-06,,,,,3.892845747199849,,1320,2.3166666666666664
13.324999999987881,retreat,13.325000694952905,9.765253084753834,13.62600699067116,-0.37986040115356445,0.0686460844008252,3.9017392037436034,0.011927694686164614,0.0,5.3551309974864125e-05,2.221276105274228e-07,0.0,0.0,83,0.07713750004768372,0.001948661170899868,0.0770842581987381,0.002038779202848673,-2.052342416902775e-06,-13.897712972334038,-2.91608739644289e-06,-8.512389513271046e-07,-5.346507896319963e-05,-2.736059734331775e-08,2.2042686964596214e-07,-2.017205069648753e-09,4.8559464630670846e-05,0.03404083102941513,0.0003270843008067459,0.9994204044342041,0.00028079727781005204,0.0006446992047131062,0.038713015615940094,0.020876288414001465,0.09832382202148438,0.10775994509458542,-0.48142296075820923,0.578040599822998,0.5040770769119263,-1.9499512910842896,-0.3887697160243988,2.3596444129943848,1.0384286642074585,-0.04975153133273125,-0.05241603031754494,0.06389688700437546,0.00940770749002695,0.02085280977189541,-0.07614155858755112,-0.013226369395852089,0.601818323135376,8.741603960515931e-05,0.0936870276927948,0.00032297123107127845,0.9994199275970459,-3.972362901549786e-05,-0.034053023904561996,6.375368684530258e-06,-2.05153992283158e-06,0.03238770738244057,-1.2201944628031924e-05,-8.974918273452204e-06,1.0,-3.810571342910407e-06,-0.005870762746781111,0.00550979794934392,-0.07671616971492767,0.0009265586850233376,-0.0014554328517988324,-0.0009058060240931809,-0.0006356555968523026,-0.005459884647279978,0.07694140821695328,0.001780036836862564,0.0006082493346184492,0.0007861008052714169,0.001701056957244873,1.626208540983498e-05,0.024942055344581604,0.004025373607873917,0.0040392219088971615,5.085464181320276e-06,7.2646071203053e-06,,,,,3.892845747199849,,1320,2.325
13.333333333321207,retreat,13.333334028720856,9.713730885019167,13.32962289452553,-0.36978721618652344,0.07642836862942204,3.906002886801805,0.007537720648542745,0.055952909680744456,0.0,0.0,0.0,0.0,76,0.05476143956184387,0.003956214524805546,0.05476144701242447,0.002655419986695051,0.0,-13.601625327051439,0.0,0.0,0.0,0.0,0.0,0.0,4.450018241186626e-05,0.034078147262334824,0.000321096827974543,0.999419093132019,0.0003620170464273542,0.0005808473797515035,0.039230868220329285,0.020944610238075256,0.0865766853094101,0.1042657420039177,-0.48184067010879517,0.5775942802429199,0.5046149492263794,-1.9498826265335083,-0.38858646154403687,2.3590035438537598,1.0383142232894897,-0.05010192468762398,-0.053641676902770996,0.06423795968294144,0.009210473857820034,0.02212882600724697,-0.07740003615617752,-0.014074723236262798,0.6018338203430176,9.313663758803159e-05,0.09398532658815384,0.00031586416298523545,0.9994189739227295,-3.8537811633432284e-05,-0.034080199897289276,2.855900675058365e-06,-3.6567289498634636e-06,0.032389987260103226,-2.0547231542877853e-06,-6.135198418633081e-06,0.9999998807907104,-5.0294243010284845e-06,-0.013122638687491417,0.007444252260029316,-0.05264213681221008,0.0006386278546415269,-0.003883534809574485,0.00040242375689558685,-0.00950654223561287,-0.007409859448671341,0.05341849476099014,0.001682553323917091,0.0019875522702932358,-0.0005195243284106255,0.0017029047012329102,1.5969693777151406e-05,0.024941928684711456,0.00402536615729332,0.004039347171783447,5.087239514978137e-06,7.265363819897175e-06,,,,,3.892845747199849,,1320,2.3333333333333335
13.341666666654532,retreat,13.341667362488806,9.662112127518702,13.028351217508318,-0.35828351974487305,0.08208162034861743,3.909961441754158,0.002404931592536741,0.06852804166478502,0.0,0.0,0.0,0.0,75,0.037099964916706085,0.0035817590542137623,0.037099964916706085,0.002280961722135544,0.0,-13.3006288842078,0.0,0.0,0.0,0.0,0.0,0.0,3.550187102518976e-05,0.034112829715013504,0.0003132556448690593,0.9994178414344788,0.001041725161485374,0.0005099153495393693,0.03948385268449783,0.01869329810142517,0.03591415658593178,0.06887491047382355,-0.4822583794593811,0.5771365165710449,0.5051528215408325,-1.949813961982727,-0.3883918225765228,2.3583626747131348,1.0381994247436523,-0.050176408141851425,-0.0547141395509243,0.06416208297014236,0.008722089231014252,0.023412281647324562,-0.07808077335357666,-0.015034749172627926,0.6018513441085815,9.808265895117074e-05,0.094289131462574,0.00030795755446888506,0.9994181394577026,-4.176019137958065e-05,-0.03410380333662033,-1.4477409422397614e-06,-3.846242179861292e-06,0.03239291533827782,9.027961823449004e-06,6.078955266275443e-06,0.9999998211860657,-5.511250947165536e-06,-0.017238156870007515,0.00846018735319376,-0.03174395114183426,0.000819078297354281,-0.0034781130962073803,-0.0002466545847710222,-0.01503466535359621,-0.008438934572041035,0.03285042941570282,0.002053270349279046,0.0009877136908471584,0.00010625085269566625,0.0017046332359313965,1.5593112038914114e-05,0.024941809475421906,0.004025361500680447,0.004039404448121786,5.088953002996277e-06,7.268099579960108e-06,,,,,3.892845747199849,,1320,2.341666666666667
13.349999999987858,retreat,13.350000696256757,9.610397690050302,12.723294645547869,-0.34493207931518555,0.08719178003957495,3.9130653554419115,0.0066093980422010645,0.06852804166478502,0.0,0.0,0.0,0.0,77,0.02820645645260811,0.0030860111583024263,0.02820645645260811,0.002629967173561454,0.0,-12.995788123201246,0.0,0.0,0.0,0.0,0.0,0.0,3.6937544791726395e-05,0.03414025530219078,0.00029338334570638835,0.9994169473648071,0.0018858155235648155,-0.0024983766488730907,0.03918236866593361,0.018866024911403656,-0.027350343763828278,0.009121556766331196,-0.48267608880996704,0.5766675472259521,0.5056794881820679,-1.9497452974319458,-0.3881857097148895,2.3577218055725098,1.0380620956420898,-0.04999633505940437,-0.055628590285778046,0.06372391432523727,0.007958898320794106,0.024730777367949486,-0.07817953824996948,-0.01599847711622715,0.6018698811531067,9.628436964703724e-05,0.09459736943244934,0.00030095482361502945,0.9994174242019653,-4.260589776095003e-05,-0.03412497043609619,-5.032867193222046e-06,-1.0301060683559626e-05,0.03239644691348076,1.5289908333215863e-05,5.9296794461261015e-06,0.9999998211860657,7.373596417892259e-06,-0.021539820358157158,0.014286855235695839,-0.011292741633951664,0.0005552494549192488,-0.0030274116434156895,-0.00022347843332681805,-0.02072029560804367,-0.014277816750109196,0.012744310311973095,0.002628237009048462,-8.45915637910366e-05,4.4064930989407e-05,0.0017060041427612305,1.4597564586438239e-05,0.024941720068454742,0.004025350324809551,0.0040382095612585545,-1.9685830920934677e-06,-2.8172507882118225e-06,,,,,3.892845747199849,,1320,2.35
13.358333333321184,retreat,13.358334030024707,9.558588450411843,12.415362149477007,-0.33098459243774414,0.08451069152215496,3.9165168233067873,0.004995152721676277,0.0,0.0,0.0,0.0,0.0,80,0.027773693203926086,0.003061840310692787,0.027773693203926086,0.0020480803214013577,0.0,-12.688095602120802,0.0,0.0,0.0,0.0,0.0,0.0,3.689342338475399e-05,0.03417007625102997,0.0002944774169009179,0.9994159936904907,0.0025925093796104193,-0.0004314696416258812,0.03971213102340698,-0.08075888454914093,-0.08969968557357788,-0.015896834433078766,-0.48308807611465454,0.5761983394622803,0.5062059164047241,-1.9496773481369019,-0.38796818256378174,2.3570809364318848,1.0379247665405273,-0.0495319589972496,-0.05639968439936638,0.06284275650978088,0.006969969253987074,0.02586856111884117,-0.07781555503606796,-0.01685577630996704,0.6018878221511841,9.885717008728534e-05,0.09490542113780975,0.00029055908089503646,0.999416708946228,-4.46007470600307e-05,-0.03414732590317726,-7.558614015579224e-06,-4.3694399209925905e-06,0.0323968380689621,2.2758697014069185e-05,7.57774159865221e-06,1.0,-4.179624738753773e-06,-0.026429040357470512,0.006431667599827051,0.005614045541733503,0.0009036626433953643,-0.0029204089660197496,-0.00017167186888400465,-0.026751037687063217,-0.006432028021663427,-0.0037932866252958775,0.0018402256537228823,-0.0008977958932518959,4.653042560676113e-05,0.0017074942588806152,1.4652236131951213e-05,0.024941615760326385,0.0040253400802612305,0.004038372077047825,5.007223080610856e-06,7.151335012167692e-06,,,,,3.892845747199849,,1320,2.3583333333333334
13.36666666665451,retreat,13.366667363792658,9.506685286401195,12.109009176492693,-0.3177523612976074,0.08678811718709767,3.9195156330393326,0.002553262675064616,0.0,0.0,0.0,0.0,0.0,73,0.039982400834560394,0.002549449447542429,0.039982397109270096,0.0031920545734465122,0.0,-12.381951130734018,0.0,0.0,0.0,0.0,0.0,0.0,3.253794784541242e-05,0.034196484833955765,0.000288914394332096,0.9994150996208191,0.002931684721261263,0.00038389681139960885,0.0390043705701828,0.01954413391649723,-0.12610293924808502,-0.04019555076956749,-0.4834943413734436,0.5757180452346802,0.5067209005355835,-1.9496315717697144,-0.38774481415748596,2.3564400672912598,1.0377870798110962,-0.048832911998033524,-0.05702123045921326,0.06163161247968674,0.005756972823292017,0.027027850970625877,-0.07688495516777039,-0.01772981509566307,0.6018970012664795,9.938882431015372e-05,0.09521012753248215,0.00028319243574514985,0.9994157552719116,-4.7757039283169433e-05,-0.03417714312672615,-1.6945414245128632e-06,-5.630628947983496e-06,0.032394930720329285,1.9350605725776404e-05,1.5020963473943993e-05,1.0,-6.240517450351035e-06,-0.02996397763490677,0.008519085124135017,0.025063468143343925,0.0011765783419832587,-0.0022477395832538605,-0.0002510422782506794,-0.03160681948065758,-0.00852974969893694,-0.022953089326620102,0.002418791875243187,-0.0020811271388083696,8.699552563484758e-05,0.0017088055610656738,1.4381635992322117e-05,0.024941526353359222,0.0040253265760838985,0.0040385606698691845,5.269109806249617e-06,7.5244170147925615e-06,,,,,3.892845747199849,,1320,2.3666666666666667
13.374999999987836,retreat,13.375000697560608,9.45468907581623,11.807432025671007,-0.3126859664916992,0.0874559409567155,3.921713305060118,0.004098575118405279,0.0,0.0,0.0,0.0,0.0,75,0.053857266902923584,0.0019083985826000571,0.053857263177633286,0.004489651881158352,0.0,-12.080526779437628,0.0,0.0,0.0,0.0,0.0,0.0,4.2673575080698356e-05,0.03421568498015404,0.0002782509254757315,0.9994144439697266,0.0011166228214278817,0.00031405306071974337,0.03884278982877731,0.023045821115374565,-0.04245457425713539,-0.007319831755012274,-0.48389488458633423,0.5752373933792114,0.507224440574646,-1.9495857954025269,-0.38751012086868286,2.3557991981506348,1.03762686252594,-0.04789089411497116,-0.05748256295919418,0.06008570268750191,0.004370965529233217,0.02813476137816906,-0.07534682005643845,-0.01857239566743374,0.6019046902656555,9.759207023307681e-05,0.09551256895065308,0.00027467156178317964,0.9994146227836609,-4.57507703686133e-05,-0.03420982137322426,-2.133892849087715e-06,-7.548314897576347e-06,0.03239596635103226,5.862457783223363e-06,2.9542356969614048e-06,1.0,-3.6816736610489897e-06,-0.035524532198905945,0.010166936554014683,0.03918221592903137,0.0011459671659395099,-0.0014953016070649028,-0.00030466020689345896,-0.038121387362480164,-0.01018440630286932,-0.0366557314991951,0.002629476599395275,-0.0036368579603731632,0.00012685006367973983,0.00170975923538208,1.383139897370711e-05,0.02494145929813385,0.004025314934551716,0.004038716666400433,5.306658749759663e-06,7.5797142926603556e-06,,,,,3.892845747199849,,1320,2.375
13.383333333321161,retreat,13.383334031328559,9.402600696454813,11.509244889020922,-0.31071901321411133,0.085632003901992,3.925755807403853,0.003805366077358485,0.055952909680744456,0.0,0.0,0.0,0.0,71,0.06602921336889267,0.0015856972895562649,0.06602920591831207,0.0045813038013875484,0.0,-11.782620708445654,0.0,0.0,0.0,0.0,0.0,0.0,4.365855056676082e-05,0.0342511422932148,0.00026800675550475717,0.9994131922721863,0.0008073928183875978,0.0001233728398801759,0.038326192647218704,0.017464719712734222,-0.04908612743020058,0.009136364795267582,-0.484283983707428,0.5747567415237427,0.5077052712440491,-1.949562907218933,-0.3872682750225067,2.3552041053771973,1.0374666452407837,-0.04673704504966736,-0.05780419707298279,0.0582515150308609,0.0028317009564489126,0.02918485552072525,-0.07350530475378036,-0.01933620125055313,0.6019099354743958,9.4703005743213e-05,0.09580670297145844,0.00026281425380147994,0.9994137287139893,-4.704741149907932e-05,-0.03423479199409485,-4.063127562403679e-06,-7.840457328711636e-06,0.03239214047789574,1.635619810258504e-05,3.2092311812448315e-06,0.9999998807907104,-5.309188054525293e-06,-0.03553520888090134,0.010662171989679337,0.05462073162198067,0.0009325686260126531,-0.0012783503625541925,-0.00010282074799761176,-0.039190392941236496,-0.010686703957617283,-0.05205538868904114,0.0024742106907069683,-0.0038551795296370983,-6.494967237813398e-05,0.0017115473747253418,1.3317709090188146e-05,0.0249413400888443,0.004025304690003395,0.004038817249238491,5.170559234102257e-06,7.383147021755576e-06,,,,,3.892845747199849,,1320,2.3833333333333333
13.391666666654487,retreat,13.39166736509651,9.350421026114823,11.220482736825945,-0.3108382225036621,0.08280950714834034,3.928996787421012,0.010143328836420551,0.03956468118525214,0.0,0.0,0.0,0.0,72,0.07745938003063202,0.001088951714336872,0.07745935767889023,0.005135511513799429,0.0,-11.494083892968128,0.0,0.0,0.0,0.0,0.0,0.0,4.483998418436386e-05,0.03427908197045326,0.0002558409178163856,0.9994122385978699,0.0008280078764073551,-6.8696717789862305e-06,0.037617672234773636,0.013726027682423592,-0.07340756803750992,-0.0064885495230555534,-0.48466163873672485,0.5742760896682739,0.508174479007721,-1.949562907218933,-0.3870164155960083,2.3546090126037598,1.0373064279556274,-0.04538091644644737,-0.05798771232366562,0.05614686384797096,0.001172475516796112,0.03015001304447651,-0.07128830254077911,-0.020070405676960945,0.6019035577774048,9.48383822105825e-05,0.09609126299619675,0.00025050208205357194,0.9994124174118042,-4.851013727602549e-05,-0.03427305817604065,4.373956471681595e-06,-4.080686267116107e-06,0.03238753229379654,6.024093636369798e-06,3.4870913623308297e-06,0.9999999403953552,-5.464410151034826e-06,-0.03600113093852997,0.010609911754727364,0.06775915622711182,0.000819429405964911,-0.0006464782054536045,-0.0003105113282799721,-0.040559303015470505,-0.010639501735568047,-0.06512830406427383,0.0023677728604525328,-0.004554600454866886,0.00015082384925335646,0.0017129182815551758,1.2707670975942165e-05,0.02494124323129654,0.004025295842438936,0.004038914572447538,5.121297363075428e-06,7.313210517168045e-06,,,,,3.892845747199849,,1320,2.3916666666666666
13.399999999987813,retreat,13.40000069886446,9.298150942594125,10.942248255014421,-0.3216862678527832,0.08305947994813323,3.931687265388851,0.003402621587156318,0.0,0.0,0.0,0.0,0.0,71,0.08779026567935944,0.0009520470048300922,0.08779025822877884,0.006604504771530628,0.0,-11.216036472266275,0.0,0.0,0.0,0.0,0.0,0.0,5.262089325697161e-05,0.03430276736617088,0.00024219373881351203,0.9994114637374878,-0.001680813729763031,-0.00011024528066627681,0.03703874722123146,0.019482143223285675,0.04778565093874931,0.07039206475019455,-0.48502784967422485,0.5737954378128052,0.5086209774017334,-1.949562907218933,-0.38675883412361145,2.3540518283843994,1.0371235609054565,-0.04381444677710533,-0.058024708181619644,0.053763363510370255,-0.000551050528883934,0.03098144568502903,-0.06853485852479935,-0.020716127008199692,0.6019036173820496,9.059596777660772e-05,0.09637466073036194,0.00023625136236660182,0.9994116425514221,-4.471727879717946e-05,-0.034296613186597824,-4.627741873264313e-06,-7.660644769202918e-06,0.032393429428339005,6.157526968308957e-06,-8.099122169369366e-06,1.0,-5.667322511726525e-06,-0.03900021314620972,0.01082124374806881,0.0779038816690445,0.0007180012762546539,0.0005575585528276861,-0.00028283600113354623,-0.04424979165196419,-0.010853673331439495,-0.07504187524318695,0.002295426558703184,-0.00619144830852747,0.00012833563960157335,0.0017141103744506836,1.2012307706754655e-05,0.024941161274909973,0.004025290720164776,0.00403906824067235,5.114907708048122e-06,7.30514875613153e-06,,,,,3.892845747199849,,1320,2.4
13.408333333321139,retreat,13.40833403263241,9.245791323690591,10.666062682867052,-0.32836198806762695,0.07899573392933235,3.9362668138850774,0.006552940249093808,0.0,0.0,0.0,0.0,0.0,79,0.09734431654214859,0.0005168085917830467,0.09734431654214859,0.005352577660232782,0.0,-10.940169301420767,0.0,0.0,0.0,0.0,0.0,0.0,3.844330058200285e-05,0.034342728555202484,0.00022802398598287255,0.9994101524353027,4.6728760935366154e-05,-0.00020657273125834763,0.03594134747982025,0.013698974624276161,-0.07751212269067764,-0.016683554276823997,-0.4853769838809967,0.5733147859573364,0.5090445876121521,-1.9495857954025269,-0.38649535179138184,2.3535025119781494,1.0369404554367065,-0.042102307081222534,-0.05794472619891167,0.05120345205068588,-0.0023530996404588223,0.03181912750005722,-0.06584174185991287,-0.021321482956409454,0.6018934845924377,8.648650691611692e-05,0.0966472327709198,0.00022430387616623193,0.9994105100631714,-4.081810038769618e-05,-0.03433039039373398,7.627531886100769e-07,-6.94018217473058e-06,0.03238959237933159,1.2343169146333821e-05,2.244482175228768e-06,1.0000001192092896,-3.800532113018562e-06,-0.03434794396162033,0.010643941350281239,0.09045906364917755,0.0005083853611722589,-1.699639506114181e-05,-9.135949949268252e-05,-0.040475014597177505,-0.010680912993848324,-0.08788405358791351,0.0020477452781051397,-0.004945158027112484,-4.7295492549892515e-05,0.0017161369323730469,1.1328462278470397e-05,0.02494102716445923,0.004025291185826063,0.004039248917251825,5.119262823427562e-06,7.309805369004607e-06,,,,,3.892845747199849,,1320,2.408333333333333
13.416666666654464,retreat,13.416667366400361,9.193343047202093,10.40148511528969,-0.34290552139282227,0.07497890328522772,3.9388031863073647,0.007154619197535794,0.03956468118525214,0.0,0.0,0.0,0.0,75,0.10493779927492142,0.0018217747565358877,0.10493778437376022,0.007336392067372799,0.0,-10.67576807892017,0.0,0.0,0.0,0.0,0.0,0.0,3.9214497519424185e-05,0.03436523675918579,0.00021558972366619855,0.9994093179702759,-0.0016068172408267856,-0.0002921788254752755,0.03508644178509712,0.018445514142513275,-0.004733297508209944,0.03888082504272461,-0.4857145845890045,0.5728341341018677,0.509445309638977,-1.9496310949325562,-0.38622623682022095,2.352998971939087,1.0367573499679565,-0.040209122002124786,-0.0577225387096405,0.04841666668653488,-0.004183430224657059,0.032545264810323715,-0.06255172938108444,-0.021858936175704002,0.6018807888031006,8.067052840488032e-05,0.09691116213798523,0.0002101422578562051,0.999409556388855,-4.0030095988186076e-05,-0.03435664623975754,5.764886736869812e-07,-7.823929990991019e-06,0.032389070838689804,8.59131796460133e-06,6.29312467026466e-07,0.9999999403953552,-5.473964847624302e-06,-0.03702932968735695,0.00986610446125269,0.09769048541784286,0.000749465893022716,0.0016560646472498775,-0.0001208885878440924,-0.04365123063325882,-0.009903368540108204,-0.09491275995969772,0.002178174676373601,-0.007005535066127777,-2.6114837964996696e-05,0.0017172694206237793,1.0705742170102894e-05,0.02494095265865326,0.004025294911116362,0.00403931550681591,5.120938112668227e-06,7.31262844055891e-06,,,,,3.892845747199849,,1320,2.4166666666666665
13.42499999998779,retreat,13.425000700168312,9.140806990926505,10.14625057578087,-0.36078691482543945,0.06950871465960518,3.941884424939189,0.00700901500749751,0.055952909680744456,0.0,0.0,0.0,0.0,76,0.11297430098056793,0.0014421212254092097,0.11297427862882614,0.006832452956587076,0.0,-10.420747766401103,0.0,0.0,0.0,0.0,0.0,0.0,3.9110771467676386e-05,0.03439207002520561,0.00019026898371521384,0.9994083642959595,-0.0020822249352931976,-0.002113992813974619,0.033869411796331406,-0.09623799473047256,-0.0030414715874940157,0.03653588145971298,-0.486035019159317,0.5723534822463989,0.509823203086853,-1.9496768712997437,-0.38595134019851685,2.3524954319000244,1.0365742444992065,-0.038190778344869614,-0.05737519636750221,0.04550543799996376,-0.00601948332041502,0.033267389982938766,-0.05922126770019531,-0.0224014800041914,0.6018664836883545,7.161505345720798e-05,0.09717193990945816,0.00019925818196497858,0.9994085431098938,-4.26291735493578e-05,-0.03438633307814598,-6.863847374916077e-07,-1.0700862731027883e-05,0.03239484131336212,5.738181698689004e-06,3.822985945589608e-06,0.9999998807907104,8.863198672770523e-06,-0.035376302897930145,0.012474052608013153,0.10656504333019257,0.00032028407440520823,0.0013773456448689103,-0.00028293277136981487,-0.04261796548962593,-0.012512682937085629,-0.1038765087723732,0.0021374328061938286,-0.006488035432994366,0.00013852803385816514,0.0017185807228088379,9.44056228036061e-06,0.0249408558011055,0.004025292582809925,0.004038187209516764,4.86586031911429e-06,6.949150701984763e-06,,,,,3.892845747199849,,1320,2.425
13.433333333321116,retreat,13.433334033936262,9.088184032661692,9.89474877715111,-0.3801584243774414,0.06033995305188,3.9445661264307113,0.0066690013227344025,0.0,0.0,0.0,0.0,0.0,82,0.11844109743833542,0.001982039539143443,0.11844109743833542,0.006929897703230381,0.0,-10.169432415792997,0.0,0.0,0.0,0.0,0.0,0.0,3.6505145544651896e-05,0.034415435045957565,0.0001830188266467303,0.9994076490402222,-0.0021223314106464386,-0.0021955999545753,0.032708074897527695,-0.09672459214925766,-0.023898648098111153,0.020805364474654198,-0.4863329529762268,0.571884274482727,0.5101779699325562,-1.949745535850525,-0.3856706917285919,2.3520376682281494,1.0363911390304565,-0.036034028977155685,-0.056910403072834015,0.04242860525846481,-0.007846888154745102,0.03387411683797836,-0.05572476610541344,-0.022882791236042976,0.6018471717834473,6.909113290021196e-05,0.09741739183664322,0.00018308372818864882,0.9994075894355774,-4.292935773264617e-05,-0.0344136618077755,6.102491170167923e-07,-3.0058890843065456e-06,0.03238881006836891,1.7697421981210937e-06,6.4263749663950875e-06,1.0,-1.5943952291763708e-07,-0.033255938440561295,0.008890061639249325,0.11332830041646957,0.000468551239464432,0.0018900773720815778,-0.00036952373920939863,-0.04097328335046768,-0.008927927352488041,-0.11076901853084564,0.0017739174654707313,-0.006694324780255556,0.0002504303411114961,0.0017197728157043457,9.082701581064612e-06,0.02494078129529953,0.0040252902545034885,0.004038277082145214,4.862982677877881e-06,6.946444045752287e-06,,,,,3.892845747199849,,1320,2.433333333333333
13.441666666654442,retreat,13.441667367704213,9.035475050205529,9.658945351839067,-0.4042983055114746,0.05739986227126792,3.9478908945235487,0.005271212558000116,0.03956468118525214,0.0,0.0,0.0,0.0,74,0.12272832542657852,0.002479571383446455,0.12272834777832031,0.007179718464612961,0.0,-9.933860147526094,0.0,0.0,0.0,0.0,0.0,0.0,4.018847903353162e-05,0.03444439172744751,0.00017787325487006456,0.9994065165519714,-0.002759691793471575,-0.0004811821272596717,0.03163108229637146,0.02271812967956066,-0.004936345852911472,0.05056813731789589,-0.48661333322525024,0.5714150667190552,0.5105094909667969,-1.9498342275619507,-0.3853845000267029,2.351625680923462,1.036207675933838,-0.03374706581234932,-0.05633511766791344,0.03919270634651184,-0.009626872837543488,0.03434455394744873,-0.05206562206149101,-0.02326677367091179,0.6018269062042236,6.803140422562137e-05,0.09765569865703583,0.0001649632176849991,0.9994070529937744,-4.375018033897504e-05,-0.03443198278546333,-1.8945429474115372e-06,4.8818037612363696e-08,0.03239158168435097,1.2417473044479266e-05,3.11842086375691e-06,0.9999999403953552,-1.3025627595197875e-05,-0.03207119181752205,0.0058496082201600075,0.1183193251490593,0.0005165061447769403,0.002412086585536599,-0.0002516617823857814,-0.04013870283961296,-0.005885097198188305,-0.11582960188388824,0.0013751047663390636,-0.00704499427229166,0.00015969334344845265,0.001721203327178955,8.819173672236502e-06,0.024940676987171173,0.004025283735245466,0.004038474056869745,5.199903171160258e-06,7.425696821883321e-06,,,,,3.892845747199849,,1320,2.4416666666666664
13.449999999987767,retreat,13.450000701472163,8.98268092135588,9.43080857396126,-0.4290938377380371,0.05695979416486807,3.9504693859905062,0.00611236964687123,0.0,0.0,0.0,0.0,0.0,73,0.12695613503456116,0.0024725033435970545,0.12695613503456116,0.006857582367956638,0.0,-9.705902640602787,0.0,0.0,0.0,0.0,0.0,0.0,3.543858474586159e-05,0.0344671867787838,0.0001584733254276216,0.9994058012962341,-0.0025956023018807173,-0.0004090304719284177,0.03048156388103962,0.03136231005191803,-0.0406065471470356,0.011041168123483658,-0.48687654733657837,0.5709460377693176,0.51080721616745,-1.9499257802963257,-0.3850928544998169,2.3512136936187744,1.0360016822814941,-0.03137245029211044,-0.05565084144473076,0.03588247671723366,-0.011362764053046703,0.034840695559978485,-0.04837656393647194,-0.023669734597206116,0.6018032431602478,5.7104254665318877e-05,0.09788799285888672,0.0001526214909972623,0.9994061589241028,-4.079900827491656e-05,-0.03445615619421005,-1.1725351214408875e-06,-9.647068509366363e-06,0.03239579498767853,1.1036373507522512e-05,5.15868532602326e-06,1.0,-6.033988938725088e-06,-0.029423657804727554,0.008241417817771435,0.12322413176298141,0.0003164932131767273,0.0024315433111041784,-0.0003173354489263147,-0.03784099966287613,-0.008275953121483326,-0.12090255320072174,0.0015260720392689109,-0.006682181265205145,0.00021446803293656558,0.0017223358154296875,7.85788506618701e-06,0.024940602481365204,0.004025276750326157,0.004038559272885323,5.4376305342884734e-06,7.764814654365182e-06,,,,,3.892845747199849,,1320,2.45
13.458333333321093,retreat,13.458334035240114,8.92980252391063,9.209034591913225,-0.4566311836242676,0.046667213609907776,3.952451698119957,0.0053592702897731215,0.055952909680744456,0.0,0.0,0.0,0.0,79,0.13017679750919342,0.0030777915380895138,0.13017681241035461,0.0072029768489301205,0.0,-9.484266479453295,0.0,0.0,0.0,0.0,0.0,0.0,3.521747930790298e-05,0.034484297037124634,0.00014421046944335103,0.9994052052497864,-0.0030134213156998158,-0.0006288717268034816,0.029194394126534462,0.020334206521511078,-0.03377483785152435,0.015435698442161083,-0.48711687326431274,0.5704882740974426,0.511081874370575,-1.9500402212142944,-0.38480034470558167,2.3508474826812744,1.0357956886291504,-0.028914162889122963,-0.05485484004020691,0.03250696882605553,-0.013040803372859955,0.035315003246068954,-0.04452790319919586,-0.02401350997388363,0.6017747521400452,5.247043736744672e-05,0.09810525923967361,0.0001364690251648426,0.9994053840637207,-3.356526940478943e-05,-0.03447768837213516,8.647330105304718e-07,-2.9574202926596627e-06,0.032391227781772614,6.610944637941429e-06,-1.9197832443751395e-06,0.9999998807907104,-7.677802386751864e-06,-0.027689000591635704,0.0071222069673240185,0.1269983947277069,0.0005607265629805624,0.0030243394430726767,-0.00010843054042197764,-0.03637560456991196,-0.007154439110308886,-0.12478634715080261,0.001593274064362049,-0.007024553604424,4.561152309179306e-07,0.001723170280456543,7.1455142460763454e-06,0.02494054287672043,0.004025271162390709,0.00403878279030323,5.219505055720219e-06,7.455062586814165e-06,,,,,3.892845747199849,,1320,2.4583333333333335
13.466666666654419,retreat,13.466667369008064,8.876840735667637,9.002459794282915,-0.4888176918029785,0.04268284101272002,3.954631095604596,0.004382901352073532,0.03956468118525214,0.0,0.0,0.0,0.0,74,0.13205689191818237,0.0032004094682633877,0.1320568472146988,0.007031249348074198,0.0,-9.277843204765025,0.0,0.0,0.0,0.0,0.0,0.0,3.137930252705701e-05,0.03450353443622589,0.00012521490862127393,0.9994045495986938,-0.0038299390580505133,-0.0007617753581143916,0.027948059141635895,0.017884518951177597,-0.003413452999666333,0.04510507732629776,-0.48733440041542053,0.5700419545173645,0.5113223791122437,-1.9501546621322632,-0.38450270891189575,2.350527048110962,1.0355896949768066,-0.02637687511742115,-0.05395970121026039,0.029062723740935326,-0.014620266854763031,0.035677578300237656,-0.0406624935567379,-0.0242666807025671,0.601751983165741,4.509844438871369e-05,0.09831500053405762,0.00011861010716529563,0.9994050860404968,-3.103465132880956e-05,-0.03448646888136864,-7.743015885353088e-06,-5.1946994972240645e-06,0.03239504247903824,1.7075279174605384e-05,-5.674398835253669e-07,0.9999999403953552,-6.589613349206047e-06,-0.025828920304775238,0.006982163526117802,0.129317969083786,0.000217330627492629,0.003193019889295101,3.515292064548703e-06,-0.03468199446797371,-0.007010729517787695,-0.12722821533679962,0.0012231414439156651,-0.006923503242433071,-8.659652667120099e-05,0.0017241239547729492,6.202881195349619e-06,0.024940475821495056,0.004025267902761698,0.004038948565721512,5.127022632223088e-06,7.324764737859368e-06,,,,,3.892845747199849,,1320,2.466666666666667
13.474999999987745,retreat,13.475000702776015,8.823796434424779,8.803626149892809,-0.5159974098205566,0.03598626790335402,3.9571557158763127,0.005545234671444632,0.055952909680744456,0.0,0.0,0.0,0.0,73,0.13407392799854279,0.002816865686327219,0.1340738832950592,0.005828606430441141,0.0,-9.07918508448568,0.0,0.0,0.0,0.0,0.0,0.0,1.8364335119258612e-05,0.03452558070421219,0.00010749237844720483,0.9994037747383118,-0.002022189786657691,-0.0008275233558379114,0.026426341384649277,0.010541429743170738,-0.12710481882095337,-0.05487179011106491,-0.48753467202186584,0.5695957541465759,0.5115398168563843,-1.9502919912338257,-0.3842044174671173,2.3502066135406494,1.035383701324463,-0.023801082745194435,-0.05298437923192978,0.025609267875552177,-0.016120485961437225,0.036022648215293884,-0.036998774856328964,-0.02453654818236828,0.6017169952392578,3.615531750256196e-05,0.09851256757974625,0.00010546556586632505,0.9994043111801147,-2.763597876764834e-05,-0.03450953587889671,1.4544930309057236e-06,-6.597928404517006e-06,0.03239323943853378,1.6050387785071507e-05,9.19568174140295e-06,0.9999998807907104,-2.34537287724379e-06,-0.020314643159508705,0.0062612188048660755,0.1323779821395874,7.0245994720608e-05,0.0028070996049791574,-0.00022358376008924097,-0.029397722333669662,-0.006287602242082357,-0.1306600421667099,0.000988455954939127,-0.005742038134485483,0.000156849913764745,0.0017252564430236816,5.3397125157061964e-06,0.024940401315689087,0.004025268368422985,0.004039074759930372,5.126054475113051e-06,7.3208066169172525e-06,,,,,3.892845747199849,,1320,2.475
13.48333333332107,retreat,13.483334036543965,8.770670497979923,8.617689460515978,-0.5486607551574707,0.026869129214901477,3.9519562131584958,0.006131004283815855,0.06852804166478502,0.01756044663488865,3.0606297514168546e-05,0.014048358425498009,0.0,80,0.12584532797336578,0.003569843713194132,0.1326100081205368,0.007937886752188206,-0.0002698163370951079,-8.892886899333073,0.014035158790647984,-0.0007580870878882706,-0.010526580736041069,-2.9667330636584666e-06,-3.0399452953133732e-05,-1.9537533262337092e-06,6.401020800694823e-05,0.03448022902011871,9.985572978621349e-05,0.9994053244590759,-0.0025596674531698227,0.0012340598041191697,0.025078270584344864,-0.09512776881456375,-0.07254353910684586,-0.07344210892915726,-0.487712025642395,0.5691608786582947,0.5117233991622925,-1.9504293203353882,-0.38390105962753296,2.3499319553375244,1.0351777076721191,-0.021111827343702316,-0.05188392102718353,0.022030789405107498,-0.01748225837945938,0.036189861595630646,-0.032832734286785126,-0.02468670718371868,0.6016871333122253,2.4299677534145303e-05,0.09870225191116333,9.043284080689773e-05,0.9994038939476013,-2.8836326237069443e-05,-0.0345204696059227,-3.73227521777153e-07,-8.360972060472704e-06,0.03239716589450836,-4.026165697723627e-05,-3.5483059036778286e-05,0.9999998211860657,-8.203232937376015e-06,-0.030224667862057686,0.0007694860687479377,0.12215942144393921,0.0007043139776214957,0.0034988895058631897,-7.415188883896917e-05,-0.03858165070414543,-0.0007893942529335618,-0.11978263407945633,0.0008192503009922802,-0.00786538701504469,1.882177821244113e-05,0.0017229914665222168,4.87946454086341e-06,0.024940557777881622,0.00401210505515337,0.004025587346404791,-2.6481575332581997e-06,-3.7857171264477074e-06,,,,,3.892845747199849,,1320,2.4833333333333334
13.491666666654396,retreat,13.491667370311916,8.717463804130942,8.441632241010668,-0.5502700805664062,0.015666741091990843,3.9176166529920096,0.03392719372641295,0.055952909680744456,0.6602878570556641,0.0011565614258870482,0.5282303094863892,0.0,81,0.5064800977706909,0.026216469705104828,0.16507184505462646,0.04087099805474281,-0.015012320131063461,-8.7144421628296,0.52718585729599,-0.03449905291199684,-0.3960617780685425,-5.1144463213859126e-05,-0.0011548735201358795,3.585949161788449e-05,0.000250815151957795,0.034180935472249985,9.210789721691981e-05,0.9994156360626221,-0.0036561291199177504,-0.0009777424857020378,0.025325346738100052,0.032330553978681564,0.20376424491405487,-0.0653659775853157,-0.4878618121147156,0.5687408447265625,0.5118721127510071,-1.9505895376205444,-0.3836026191711426,2.3497161865234375,1.0349717140197754,-0.01686556451022625,-0.04955785721540451,0.016406429931521416,-0.017937269061803818,0.03444981947541237,-0.02076052501797676,-0.023789240047335625,0.6016548275947571,1.5034218449727632e-05,0.09887511283159256,7.40618197596632e-05,0.9994038343429565,-2.6428126147948205e-05,-0.034523703157901764,3.0239345505833626e-05,-5.370307007979136e-06,0.03239186108112335,-0.0003429570933803916,-0.0002248996461275965,0.9999998807907104,-1.027828056976432e-05,-0.45057377219200134,-0.016873368993401527,-0.2306959629058838,0.005954976659268141,-0.025520939379930496,0.0007233333890326321,-0.4335794448852539,0.01693321019411087,0.2612359821796417,0.0034557762555778027,-0.039563558995723724,-0.0009612403810024261,0.0017080307006835938,4.174049536231905e-06,0.024941585958003998,0.004009371157735586,0.00402314867824316,5.548089575313497e-06,7.931666914373636e-06,,,,,3.892845747199849,,1320,2.4916666666666667
13.499999999987722,retreat,13.500000704079866,8.664177230675705,8.283404260873796,-0.5592703819274902,0.006702079645037884,3.9018395791380893,0.041061539377551526,0.07912936237050427,1.4058184623718262,0.0024401748087257147,1.124654769897461,-0.0012154789601481752,86,1.1811614036560059,0.10314454883337021,0.2287420630455017,0.04580757021903992,-0.034789444878697395,-8.555117221584057,1.1252930164337158,-0.011399488896131516,-0.8425623178482056,-0.00012920681911054999,-0.002431857166811824,-0.00015436629473697394,0.00036120254662819207,0.03404327481985092,6.610130367334932e-05,0.9994202256202698,-0.002753212582319975,-0.0010342857567593455,0.024314269423484802,0.0530218705534935,0.3500542938709259,0.12825602293014526,-0.4879702031612396,0.5683476328849792,0.5119696259498596,-1.95073664188385,-0.3833167552947998,2.349581003189087,1.034770131111145,-0.011253935284912586,-0.04580039903521538,0.009385654702782631,-0.016866475343704224,0.03233875706791878,-0.00675472617149353,-0.022854460403323174,0.6016373038291931,3.3059195629903115e-06,0.09903594106435776,5.8255322073819116e-05,0.9994047284126282,-2.502811184967868e-05,-0.034499481320381165,3.735208883881569e-05,-7.114223080861848e-06,0.032393887639045715,-0.00045645219506695867,-0.00033627310767769814,0.9999997615814209,3.76920024791616e-06,-1.0119363069534302,0.002642776118591428,-0.6091963052749634,0.004508104640990496,-0.10304469615221024,0.0005149407079443336,-0.96751868724823,-0.00251819659024477,0.6775274872779846,0.004835946951061487,-0.04312213510274887,-0.0008525996236130595,0.0017011761665344238,2.6883230930252466e-06,0.024942055344581604,0.00400942238047719,0.004023255314677954,5.577146112045739e-06,7.9708406701684e-06,,,,,3.892845747199849,,1320,2.5
13.508333333321048,retreat,13.508334037847817,8.610811655412084,8.139459043741228,-0.5605220794677734,-0.005853521543031093,3.8915879737397705,0.04645421722671017,0.10467831195095843,1.7494900226593018,0.0030286165419965982,1.3995732069015503,-0.009932795364875346,85,1.5415022373199463,0.17767862975597382,0.22807107865810394,0.01889415830373764,-0.04329075291752815,-8.410459211519626,1.4007564783096313,-0.003414265811443329,-1.0481340885162354,-0.00016952940495684743,-0.003014425979927182,-0.000238777109188959,0.00042657871381379664,0.03395380452275276,5.087090175948106e-05,0.9994232058525085,-0.0020601069554686546,-0.00134792469907552,0.022622838616371155,0.04595178738236427,0.4193042814731598,0.11672881990671158,-0.4880317151546478,0.567989706993103,0.5120118260383606,-1.9508678913116455,-0.38303884863853455,2.3494975566864014,1.0345702171325684,-0.005324499681591988,-0.04139542952179909,0.0023788507096469402,-0.014590428210794926,0.031041467562317848,0.0016723021399229765,-0.0225934199988842,0.601628303527832,-9.981232324207667e-06,0.09917934238910675,4.3651903979480267e-05,0.9994058609008789,-2.349580972804688e-05,-0.034464191645383835,4.275701940059662e-05,-6.903719622641802e-06,0.03239280730485916,-0.0005106644239276648,-0.0004031139542348683,0.9999995827674866,6.688048870273633e-06,-1.339239239692688,0.017061173915863037,-0.7631359100341797,-0.00019089765555690974,-0.1776782125234604,-0.00033188433735631406,-1.283488154411316,-0.01692889630794525,0.8535814881324768,0.002284750808030367,-0.01576082408428192,0.0001677262771409005,0.0016967058181762695,1.8178798200096935e-06,0.02494235336780548,0.004009463358670473,0.004023368004709482,5.474932549986988e-06,7.825437933206558e-06,,,,,3.892845747199849,,1320,2.5083333333333333
13.516666666654373,retreat,13.516667371615767,8.557367956137952,8.013693243265154,-0.5593299865722656,-0.016352516468032263,3.886401660362063,0.04691666617873125,0.09691328065893987,1.8720899820327759,0.0032156386878341436,1.497618556022644,-0.011374736459401902,88,1.685077428817749,0.21308688819408417,0.22241361439228058,0.0077935452573001385,-0.043898094445466995,-8.284332803970969,1.4934015274047852,0.1316831409931183,-1.1212191581726074,0.00010094957542605698,-0.003203147789463401,-0.0002645473286975175,0.00043965180520899594,0.03390879929065704,5.435414550447604e-06,0.9994247555732727,-0.0013613300397992134,-0.0011326608946546912,0.020782245323061943,0.006673138588666916,0.434973806142807,0.030673880130052567,-0.4880465865135193,0.5676695108413696,0.512003481388092,-1.9509780406951904,-0.38275766372680664,2.349452018737793,1.0343642234802246,0.0002237665612483397,-0.0366688072681427,-0.003492022631689906,-0.01203372422605753,0.032143231481313705,0.006990298628807068,-0.023453008383512497,0.6016265153884888,-2.3054784833220765e-05,0.09930557757616043,2.6743035050458275e-05,0.9994072914123535,-2.1698813725379296e-05,-0.034423474222421646,4.312279634177685e-05,-8.387375601159874e-06,0.032393068075180054,-0.0005149570642970502,-0.00041698390850797296,0.9999996423721313,3.56954442395363e-05,-1.469599723815918,0.11205650866031647,-0.8168268799781799,-0.008957050740718842,-0.21289849281311035,0.00017218249558936805,-1.4099187850952148,-0.11194761097431183,0.9160144925117493,0.0071947816759347916,0.0006289780139923096,-0.0006763552082702518,0.0016944408416748047,-4.7378853196278214e-07,0.024942509829998016,0.004010702949017286,0.004023542162030935,5.121277354191989e-06,7.329304935410619e-06,,,,,3.892845747199849,,1320,2.5166666666666666
13.524999999987699,retreat,13.525000705383718,8.503847010651176,7.9047583043575305,-0.5578398704528809,-0.025434530471102335,3.8867039652383673,0.04442363206180744,0.08846931922527276,1.8004645109176636,0.0030671199783682823,1.4403059482574463,-0.010719309102569241,90,1.6455633640289307,0.22411099076271057,0.2115679681301117,0.012013084255158901,-0.037825414910912514,-8.175418884539862,1.43076491355896,0.1765548586845398,-1.0786160230636597,0.00023810214770492166,-0.003051264211535454,-0.00020079792011529207,0.0003952792612835765,0.033911366015672684,-2.2148517018649727e-05,0.9994246959686279,-0.000890735536813736,-0.000805686810053885,0.018334170803427696,0.032041285187006,0.4124259650707245,0.10231079906225204,-0.48801761865615845,0.5673872828483582,0.5119497776031494,-1.951066017150879,-0.38247162103652954,2.3494250774383545,1.0341582298278809,0.0053366064094007015,-0.03213553503155708,-0.008616013452410698,-0.009369907900691032,0.03306286782026291,0.008767087943851948,-0.024039167910814285,0.6016281843185425,-3.441029548412189e-05,0.09941403567790985,8.327449904754758e-06,0.9994086027145386,-2.1543786715483293e-05,-0.034386277198791504,4.050019197165966e-05,-9.468714779359289e-06,0.032392606139183044,-0.00047518135397695005,-0.00037246907595545053,0.9999997019767761,4.331713353167288e-05,-1.4430339336395264,0.1551864743232727,-0.775531530380249,-0.020061993971467018,-0.22321121394634247,5.9657420933945104e-05,-1.386324167251587,-0.15511175990104675,0.8728826642036438,0.002339925616979599,0.014776602387428284,-0.0002286320086568594,0.0016946196556091309,-1.7770125850802287e-06,0.02494250237941742,0.004009440541267395,0.004023610148578882,5.440078894025646e-06,7.790513336658478e-06,,,,,3.892845747199849,,1320,2.525
13.533333333321025,retreat,13.533334039151669,8.450249696749632,7.812572270631792,-0.5559325218200684,-0.03651638689916581,3.8889201507216553,0.040251830796478316,0.08846931922527276,1.6445096731185913,0.00278353039175272,1.3156077861785889,-0.010063879926747177,87,1.5151110887527466,0.21423985064029694,0.19592128694057465,0.01754252053797245,-0.03024749830365181,-8.083386943562244,1.3115273714065552,0.11846805363893509,-0.9850244522094727,8.221290772780776e-05,-0.0027715566102415323,-0.00024445110466331244,0.0003680450899992138,0.03393068164587021,-1.7171576473629102e-05,0.9994240999221802,-0.0005102031864225864,0.0003576398885343224,0.01611156575381756,0.12251387536525726,0.37613120675086975,0.3295682668685913,-0.4879477322101593,0.5671405792236328,0.5118545889854431,-1.9511332511901855,-0.382186621427536,2.3494083881378174,1.033952236175537,0.010123178362846375,-0.02805459126830101,-0.013554193079471588,-0.006777060218155384,0.03276838734745979,0.008695964701473713,-0.023913836106657982,0.6016320586204529,-4.488493505050428e-05,0.09950553625822067,-8.796178917691577e-06,0.9994096159934998,-2.078232864732854e-05,-0.03435489162802696,3.645638935267925e-05,-7.75426633481402e-06,0.03239205479621887,-0.00042445745202712715,-0.00034676698851399124,0.9999997019767761,2.030762698268518e-05,-1.3384429216384888,0.11665312945842743,-0.70037442445755,-0.020692942664027214,-0.2132381647825241,-5.1278311730129644e-05,-1.2871942520141602,-0.11661160737276077,0.790628969669342,-0.0038332901895046234,0.019908219575881958,0.0003094966523349285,0.0016955733299255371,-1.4824836398474872e-06,0.024942435324192047,0.0040094200521707535,0.0040237330831587315,6.516356734209694e-06,9.329000022262335e-06,,,,,3.892845747199849,,1320,2.533333333333333
13.54166666665435,retreat,13.541667372919619,8.396576892231185,7.7360175549984,-0.5537867546081543,-0.045349730498855934,3.8927451402553848,0.034681772376643494,0.055952909680744456,1.4545978307724,0.0024403976276516914,1.163671851158142,-0.00888411159394309,87,1.3463232517242432,0.19368721544742584,0.18017983436584473,0.018063660711050034,-0.02272650320082903,-8.007098180864938,1.1590558290481567,0.10368245840072632,-0.8727511167526245,0.00020435122132766992,-0.002431766362860799,-1.7108162865042686e-05,0.0002853012993000448,0.03396420180797577,-3.9980150177143514e-05,0.9994230270385742,-0.0002419834490865469,-0.00547671178355813,0.013712024316191673,0.40844014286994934,0.3349558711051941,0.2843967080116272,-0.48784101009368896,0.5669260025024414,0.5117213726043701,-1.951179027557373,-0.38190218806266785,2.3493967056274414,1.0337462425231934,0.014308558776974678,-0.024409856647253036,-0.017762690782546997,-0.004616988357156515,0.033038120716810226,0.008181276731193066,-0.02408694103360176,0.6016382575035095,-5.5689051805529743e-05,0.09958242624998093,-2.4691114958841354e-05,0.9994105100631714,-2.0602108634193428e-05,-0.03432934358716011,3.07795125991106e-05,-8.696033546584658e-06,0.03239267319440842,-0.00036536381230689585,-0.00026400844217278063,0.9999998807907104,2.4372999178012833e-05,-1.1938856840133667,0.10993845015764236,-0.6124840378761292,-0.017626890912652016,-0.1928834617137909,-1.2296931345190387e-05,-1.149048924446106,-0.10992243140935898,0.6929576396942139,-0.0017447322607040405,0.020429298281669617,0.00012635381426662207,0.001697242259979248,-2.482356649124995e-06,0.024942323565483093,0.004009426571428776,0.004022604785859585,-0.0003037412534467876,-0.0004341602325439453,,,,,3.892845747199849,,1320,2.5416666666666665
13.549999999987676,retreat,13.55000070668757,8.342829474893708,7.672441750764849,-0.5522966384887695,-0.049195423343917355,3.898726742098837,0.025805376935750246,0.07912936237050427,1.2183961868286133,0.002065311186015606,0.9747173190116882,-0.007310956789297052,87,1.1295170783996582,0.167607843875885,0.1708751767873764,0.019635140895843506,-0.01592849614098668,-7.943938277196142,0.9543408751487732,0.27656644582748413,-0.7051481008529663,8.172154775820673e-05,-0.0019348827190697193,-0.0007176770595833659,0.00028330020722933114,0.03401610627770424,-9.900995064526796e-05,0.9994211792945862,-0.00010541931260377169,-0.0034619937650859356,0.011661993339657784,0.13290394842624664,0.26630184054374695,0.3359779119491577,-0.4877042770385742,0.566739022731781,0.5115602612495422,-1.9512019157409668,-0.3816101849079132,2.3493897914886475,1.0335402488708496,0.0174351055175066,-0.02117823250591755,-0.02021326869726181,-0.0031789937056601048,0.03539949283003807,0.0073911454528570175,-0.024974370375275612,0.6016485691070557,-6.452045636251569e-05,0.09964915364980698,-4.3006402847822756e-05,0.9994112849235535,-2.3012134988675825e-05,-0.034307025372982025,2.074800431728363e-05,-1.2489903383539058e-05,0.03239642083644867,-0.00029109499882906675,-0.0002582029264885932,0.9999997615814209,6.490790110547096e-05,-1.0002349615097046,0.21487043797969818,-0.478716641664505,-0.026579944416880608,-0.1654863953590393,0.00038540756213478744,-0.9650635719299316,-0.21486923098564148,0.5461612939834595,0.004419408738613129,0.020994767546653748,-0.0006962982006371021,0.0016998052597045898,-5.429468728834763e-06,0.024942144751548767,0.004009465221315622,0.004022750537842512,-2.2771127987653017e-06,-3.2480020308867097e-06,,,,,3.892845747199849,,1320,2.55
13.558333333321002,retreat,13.55833404045552,8.289008322535075,7.6171882450580615,-0.5499720573425293,-0.05615609188680537,3.905752210558537,0.02328514528926462,0.03956468118525214,0.8943515419960022,0.0015076410491019487,0.7154812216758728,-0.006393358034983976,84,0.8488808274269104,0.139512836933136,0.1471979320049286,0.025144275277853012,-0.009104955708608031,-7.88917324828399,0.7014701962471008,0.19119857251644135,-0.5208141803741455,6.291478348430246e-05,-0.0014260988682508469,-0.0004850413533858955,0.0002515052619855851,0.03407741338014603,-9.077959839487448e-05,0.9994191527366638,-0.00018592400010675192,-0.0001245129096787423,0.010379266925156116,-0.01880713552236557,0.17949099838733673,-0.12443488091230392,-0.487543523311615,0.5665750503540039,0.511379599571228,-1.9512248039245605,-0.38131794333457947,2.3493778705596924,1.0333342552185059,0.02010100707411766,-0.018740791827440262,-0.022538037970662117,-0.002007134957239032,0.035214830189943314,0.00433655409142375,-0.024553369730710983,0.601651668548584,-6.891885277582332e-05,0.099699966609478,-6.131968257250264e-05,0.9994115829467773,-2.187295103794895e-05,-0.03429970145225525,1.919618807733059e-05,-8.744711522012949e-06,0.03239205479621887,-0.00022243217972572893,-0.00022847529908176512,0.9999999403953552,3.732306504389271e-05,-0.7645277380943298,0.16610120236873627,-0.3294031322002411,-0.03126465156674385,-0.13596206903457642,-0.0008186115301214159,-0.7401532530784607,-0.16611188650131226,0.38102322816848755,-0.0071978215128183365,0.02552255243062973,0.00131485506426543,0.0017029047012329102,-4.964877007296309e-06,0.024941936135292053,0.004009463358670473,0.004022885579615831,5.39959046363947e-06,7.723021553829312e-06,,,,,3.892845747199849,,1320,2.558333333333333
13.566666666654328,retreat,13.56666737422347,8.235114312953156,7.576388865709307,-0.5490779876708984,-0.0608748996455688,3.9082081455070083,0.021106485291966237,0.055952909680744456,0.7908684015274048,0.001303729135543108,0.6326947212219238,-0.004558160526357824,88,0.7311708331108093,0.10767871141433716,0.12102539837360382,0.012728977017104626,-0.007298193871974945,-7.848544627720083,0.6287574172019958,0.07231836766004562,-0.47424352169036865,0.00010325254697818309,-0.001297950278967619,-6.613336154259741e-05,0.00018997823644895107,0.03409896790981293,-8.406198321608827e-05,0.9994184374809265,-0.0001073889434337616,-0.00010974855831591412,0.008916420862078667,0.03638467192649841,0.17007803916931152,0.19805218279361725,-0.48736053705215454,0.5664303302764893,0.5111771821975708,-1.9512391090393066,-0.3810330033302307,2.3493683338165283,1.033128261566162,0.02277505025267601,-0.016659630462527275,-0.025386545807123184,-0.0011115440865978599,0.03360520303249359,0.004086165688931942,-0.023390041664242744,0.6016542911529541,-7.217982783913612e-05,0.09974097460508347,-7.675598317291588e-05,0.9994115829467773,-1.6768122804933228e-05,-0.03429768979549408,1.735566183924675e-05,-6.2984654505271465e-06,0.03239236772060394,-0.0001988549338420853,-0.00017284086789004505,0.9999998807907104,1.3244003639556468e-05,-0.6578700542449951,0.07881687581539154,-0.30920156836509705,-0.019988838583230972,-0.1058070957660675,9.865459287539124e-05,-0.6351280212402344,-0.07884606719017029,0.3535623252391815,-0.00859092827886343,0.010774567723274231,0.0004903397639282048,0.0017039775848388672,-4.5245578803587705e-06,0.024941861629486084,0.0040094866417348385,0.0040229856967926025,5.509594302566256e-06,7.8722951002419e-06,,,,,3.892845747199849,,1320,2.5666666666666664
13.574999999987654,retreat,13.575000707991421,8.181148323945816,7.544276863336565,-0.5485415458679199,-0.06355962250381708,3.911313448403112,0.015015862118161749,0.055952909680744456,0.6980473399162292,0.001145379152148962,0.5584378838539124,-0.0038371899790945463,89,0.6424189209938049,0.09205949306488037,0.10704497247934341,0.007609893102198839,-0.005565999075770378,-7.816648533342498,0.5554587244987488,0.05814569815993309,-0.41875380277633667,9.414155647391453e-05,-0.0011409387225285172,-3.591299901017919e-05,0.00014772168651688844,0.03412609547376633,-9.576886805007234e-05,0.9994174242019653,1.287669874727726e-05,-0.00013264054723549634,0.007758292369544506,0.030930206179618835,0.14943470060825348,0.12210642546415329,-0.4871578514575958,0.566301703453064,0.5109528303146362,-1.9512391090393066,-0.3807547986507416,2.349368095397949,1.0329382419586182,0.02507350780069828,-0.014805520884692669,-0.02781655266880989,-0.0004801758041139692,0.032913774251937866,0.00449304049834609,-0.02281559817492962,0.6016613841056824,-7.771923264954239e-05,0.09977608174085617,-8.914882346289232e-05,0.9994118213653564,-1.8870037820306607e-05,-0.03429318591952324,1.0727904736995697e-05,-8.345319656655192e-06,0.03239582106471062,-0.00016719588893465698,-0.00012853724183514714,0.9999998807907104,1.103943486668868e-05,-0.5789222121238708,0.05620716139674187,-0.272748738527298,-0.012207788415253162,-0.09124623239040375,0.00021074827236589044,-0.5588672161102295,-0.05623782053589821,0.3117801249027252,-0.004094777628779411,0.007614299654960632,6.722920807078481e-05,0.0017052888870239258,-5.037712980993092e-06,0.02494177222251892,0.004009478725492954,0.004023076966404915,5.521606453839922e-06,7.885857485234737e-06,,,,,3.892845747199849,,1320,2.575
13.58333333332098,retreat,13.583334041759372,8.127111233310934,7.516955584287645,-0.5471706390380859,-0.0681718229316175,3.9169167970497867,0.012881014299637172,0.03956468118525214,0.49347811937332153,0.0008083881111815572,0.3947826027870178,-0.0035750188089878066,88,0.46795934438705444,0.07637833803892136,0.0991533026099205,0.01283263973891735,-0.0030170930549502373,-7.789716846396309,0.3921615779399872,0.04670145735144615,-0.29588669538497925,6.310152821242809e-05,-0.0008045507129281759,-4.6985493099782616e-05,0.00010963778186123818,0.034174516797065735,-0.00010514360474189743,0.9994158744812012,-7.885938975960016e-05,-0.00017764128278940916,0.0064783282577991486,0.018486039713025093,0.09739723801612854,0.026836007833480835,-0.48693883419036865,0.5661872625350952,0.5107125043869019,-1.9512391090393066,-0.3804781436920166,2.3493690490722656,1.0327551364898682,0.026764335110783577,-0.013388162478804588,-0.02951653301715851,-0.0001319877483183518,0.03281750902533531,0.0032962928526103497,-0.02265104278922081,0.6016645431518555,-8.168535714503378e-05,0.0998009666800499,-0.00010050486889667809,0.9994116425514221,-2.2583171812584624e-05,-0.034296732395887375,9.006587788462639e-06,-6.95611561241094e-06,0.03239351138472557,-0.000122298180940561,-8.683333726366982e-05,0.9999999403953552,7.622425982845016e-06,-0.433271199464798,0.04230053350329399,-0.1716761440038681,-0.009519794024527073,-0.07578218728303909,-0.0002906564623117447,-0.4204851984977722,-0.04231872409582138,0.2009659856557846,-0.0033816080540418625,0.01319151371717453,0.0005237467121332884,0.0017077326774597168,-5.441448593046516e-06,0.02494160085916519,0.004009470343589783,0.0040231929160654545,5.494926881510764e-06,7.855909643694758e-06,,,,,3.892845747199849,,1320,2.5833333333333335
13.591666666654305,retreat,13.591667375527322,8.073003918846378,7.498649507761003,-0.5464553833007812,-0.07052795990603045,3.9193157836635577,0.011866926797665656,0.055952909680744456,0.4292435944080353,0.0006997121963649988,0.3433948755264282,-0.0027885055260412628,92,0.3953939378261566,0.057575393468141556,0.0805622935295105,0.004350977949798107,-0.00227077747695148,-7.771577566874556,0.33963915705680847,0.051122598350048065,-0.25745248794555664,8.846650598570704e-05,-0.0006937292055226862,-2.2598596842726693e-05,0.00010869076504604891,0.034195661544799805,-0.00011644707410596311,0.9994150996208191,-9.039347060024738e-05,-8.4364102804102e-05,0.005613167304545641,0.019641797989606857,0.08435603976249695,0.06401745229959488,-0.4867073595523834,0.5660842657089233,0.510459840297699,-1.9512391090393066,-0.38020336627960205,2.3493778705596924,1.0325720310211182,0.028215846046805382,-0.012137819081544876,-0.030979575589299202,-2.1193605789449066e-05,0.032712146639823914,0.0037835203111171722,-0.022395165637135506,0.6016665697097778,-8.435659401584417e-05,0.09981846809387207,-0.00011188969801878557,0.999411404132843,-2.4431337806163356e-05,-0.03430250287055969,8.017057552933693e-06,-6.530093742185272e-06,0.03239278867840767,-0.00010691485658753663,-8.403934771195054e-05,0.9999998807907104,7.449644272128353e-06,-0.3619866371154785,0.0399184487760067,-0.15397582948207855,-0.007192595861852169,-0.05712420865893364,0.00013198783562984318,-0.35057970881462097,-0.03993823006749153,0.17842403054237366,-0.001432390883564949,0.004831552505493164,-3.48130997736007e-05,0.0017088055610656738,-6.004782335367054e-06,0.02494153380393982,0.004009511321783066,0.004023367073386908,5.467392838909291e-06,7.817288860678673e-06,,,,,3.892845747199849,,1320,2.591666666666667
13.59999999998763,retreat,13.600000709295273,8.018827258350017,7.486892491579058,-0.5459189414978027,-0.07221280975500122,3.9212139421329897,0.011703407835739199,0.03956468118525214,0.3862167000770569,0.0006274761981330812,0.30897340178489685,-0.002395248884567991,92,0.35370147228240967,0.04974747076630592,0.06907913833856583,0.0027591786347329617,-0.0017917492659762502,-7.759952525724194,0.3056105971336365,0.04586028680205345,-0.23165133595466614,7.950761209940538e-05,-0.0006221096846275032,-1.9608067304943688e-05,0.0001052646548487246,0.03421208634972572,-0.00012883405725006014,0.9994145631790161,-6.523181218653917e-05,-0.00017729947285261005,0.005040079355239868,-0.028414469212293625,0.06634613126516342,-0.11836085468530655,-0.4864649176597595,0.565991222858429,0.5101966261863708,-1.9512391090393066,-0.37993234395980835,2.349393606185913,1.0323889255523682,0.029476193711161613,-0.011021816171705723,-0.03225255012512207,6.435689283534884e-05,0.032347172498703,0.004502149764448404,-0.021990900859236717,0.6016676425933838,-8.581276779295877e-05,0.09983013570308685,-0.00012273137690499425,0.9994111657142639,-2.4059445422608405e-05,-0.03431025147438049,7.97840766608715e-06,-5.600262738880701e-06,0.03239274397492409,-9.823343134485185e-05,-8.093645010376349e-05,0.9999999403953552,8.889397577149794e-06,-0.32201123237609863,0.036384232342243195,-0.14173811674118042,-0.00713218841701746,-0.04923352971673012,4.747043567476794e-05,-0.31153473258018494,-0.03640645369887352,0.16347907483577728,-0.0018755686469376087,0.0027157962322235107,8.050363976508379e-05,0.001709580421447754,-6.618000043090433e-06,0.024941474199295044,0.0040107727982103825,0.004023566376417875,5.114856321597472e-06,7.309077773243189e-06,,,,,3.892845747199849,,1320,2.6
13.608333333320957,retreat,13.608334043063223,7.964582129619723,7.480172067880632,-0.545799732208252,-0.07196546357590705,3.9229115171415225,0.011624241778918076,0.0,0.3676501214504242,0.0005957654793746769,0.29412010312080383,-0.002133077714461251,85,0.3346959948539734,0.045213911682367325,0.06037492677569389,0.0021517437417060137,-0.001497786899562925,-7.753350130650413,0.291772723197937,0.03710165247321129,-0.22058728337287903,7.90610647527501e-05,-0.0005904616555199027,6.393909643520601e-06,9.39101300900802e-05,0.03422673046588898,-0.00013569188013207167,0.9994140863418579,-8.335491293109953e-05,5.538368714042008e-05,0.0042261285707354546,0.017597900703549385,0.06779751926660538,0.03301946818828583,-0.48621317744255066,0.565904438495636,0.5099219679832458,-1.9512391090393066,-0.37966594099998474,2.3494181632995605,1.0322058200836182,0.030595794320106506,-0.009996442124247551,-0.03339910879731178,0.0001872457651188597,0.0317634642124176,0.005398597568273544,-0.021454544737935066,0.6016687154769897,-8.821594383334741e-05,0.0998372808098793,-0.00013176824722904712,0.9994109869003296,-2.2364440155797638e-05,-0.03431755304336548,7.529277354478836e-06,-7.669255865039304e-06,0.032393235713243484,-9.08877482288517e-05,-7.135652413126081e-05,1.0,6.381037565006409e-06,-0.3024539053440094,0.029223555698990822,-0.14031757414340973,-0.006391211878508329,-0.044759586453437805,0.00017194190877489746,-0.29211804270744324,-0.029249928891658783,0.16072608530521393,-0.0021772999316453934,0.0010669790208339691,-2.446593134663999e-05,0.001710355281829834,-6.941329047549516e-06,0.024941429495811462,0.004009490367025137,0.004023694433271885,5.462279659695923e-06,7.802736945450306e-06,,,,,3.892845747199849,,1320,2.6083333333333334
13.616666666654282,retreat,13.616667376831174,7.910269410453369,7.477281242609026,-0.5459189414978027,-0.07274359813891351,3.9249077256694007,0.010814610504894517,0.03956468118525214,0.3346523940563202,0.0005417680949904025,0.2677220106124878,-0.0014776497891944018,91,0.30650973320007324,0.042114876210689545,0.0535706989467144,0.0018157840240746737,-0.0011721287155523896,-7.7505980970227935,0.2635294198989868,0.049466896802186966,-0.20024362206459045,6.360624684020877e-05,-0.0005353856249712408,-5.318978219293058e-05,0.00010264837328577414,0.03424442186951637,-0.00014384738460648805,0.9994134306907654,-0.00010276961256749928,0.000242264213738963,0.003479448612779379,0.05793684720993042,0.06278800219297409,0.48327308893203735,-0.48595380783081055,0.5658243298530579,0.5096389651298523,-1.9512391090393066,-0.37940263748168945,2.3494515419006348,1.0320227146148682,0.03146879002451897,-0.009064571931958199,-0.03419649600982666,0.00030263073858805,0.03143170848488808,0.006009469740092754,-0.021032582968473434,0.60166996717453,-8.983416046248749e-05,0.09983999282121658,-0.00014061600086279213,0.9994106888771057,-1.9319648345117457e-05,-0.03432431444525719,6.587710231542587e-06,-7.943162927404046e-06,0.03239315375685692,-7.994815678102896e-05,-8.315579907502979e-05,0.9999999403953552,6.09301969234366e-06,-0.27528005838394165,0.03704148903489113,-0.1296033412218094,-0.006687234155833721,-0.041580189019441605,0.00017783031216822565,-0.26574134826660156,-0.03707011044025421,0.148173987865448,-0.0013461927883327007,0.0018130242824554443,-8.710651309229434e-05,0.0017111897468566895,-7.363909389823675e-06,0.024941369891166687,0.004009484779089689,0.0040237330831587315,5.729174517909996e-06,8.188508218154311e-06,,,,,3.892845747199849,,1320,2.6166666666666667
13.624999999987608,retreat,13.625000710599124,7.855889978648824,7.477340847253801,-0.5459189414978027,-0.07249891496030614,3.927800428804889,0.011170222933287732,0.03956468118525214,0.2609289288520813,0.000154384586494416,0.25573745369911194,-0.0015431930933118565,89,0.2443436235189438,0.035280343145132065,0.03129332512617111,0.0009418159606866539,-0.0005306485618348233,-7.750858823866402,0.2486458420753479,0.07081771641969681,-0.035270459949970245,-2.6702084142016247e-05,6.286409916356206e-05,-0.0001384547067573294,4.83992844237946e-05,0.03426937386393547,-0.00016481333295814693,0.9994125962257385,0.00034338931436650455,-0.0007464641821570694,0.003024148056283593,-0.05779257416725159,0.04649175703525543,0.25890854001045227,-0.48569056391716003,0.5657556653022766,0.5093529224395752,-1.9512391090393066,-0.3791448771953583,2.3494925498962402,1.0318444967269897,0.031915873289108276,-0.008355268277227879,-0.03435252234339714,0.000637082033790648,0.031169870868325233,0.006499261129647493,-0.020563755184412003,0.601670503616333,-9.022599988384172e-05,0.09983694553375244,-0.00015038074343465269,0.9994104504585266,-1.6072763173724525e-05,-0.03433223441243172,6.360933184623718e-06,-7.955490218591876e-06,0.032390203326940536,-6.290589954005554e-05,-3.1800369470147416e-05,0.9999999403953552,1.5534084013779648e-05,-0.23824264109134674,0.054007213562726974,0.005241613835096359,-0.008598674088716507,-0.03421502932906151,0.0003116561856586486,-0.23804299533367157,-0.054000429809093475,0.011103732511401176,-0.0008163116872310638,-0.00020171701908111572,-0.0002578595303930342,0.0017124414443969727,-8.318755135405809e-06,0.024941280484199524,0.0040094852447509766,0.004022521432489157,5.39471693628002e-06,7.711118087172508e-06,,,,,3.892845747199849,,1320,2.625
13.633333333320934,retreat,13.633334044367075,7.801444712003958,7.480127364397051,-0.5456805229187012,-0.07198173261713237,3.931338603434975,0.008480716132908128,0.03956468118525214,0.3175780773162842,0.0009046217892318964,0.25406283140182495,-0.0015431930933118565,89,0.2912410795688629,0.030659329146146774,0.028160016983747482,0.004116800148040056,0.0005096208769828081,-7.753891340231137,0.251380056142807,0.03704991564154625,0.19050252437591553,-0.00012081376917194575,0.0008964216685853899,-1.3144150216248818e-05,2.9598333640024066e-05,0.03430011868476868,-0.00015560821339022368,0.9994115233421326,0.0003712101897690445,0.000874541699886322,0.0028384302277117968,0.07211283594369888,0.03863102197647095,0.2530602812767029,-0.48542216420173645,0.5656870007514954,0.5090669989585876,-1.9512355327606201,-0.3788929581642151,2.349534749984741,1.0316842794418335,0.03203747048974037,-0.007971338927745819,-0.034172434359788895,0.0014633178943768144,0.03006971813738346,0.0062815179117023945,-0.019694404676556587,0.6016731262207031,-8.81518644746393e-05,0.09983517229557037,-0.00015782953414600343,0.9994102716445923,-1.710979086055886e-05,-0.03433726727962494,4.378380253911018e-06,-5.91357093071565e-06,0.032391373068094254,-3.717196159414016e-05,-1.2550316569104325e-05,0.9999999403953552,-1.789469706636737e-06,-0.2138548344373703,0.027576882392168045,0.19577282667160034,-0.007958758622407913,-0.029607800766825676,0.0001754013792378828,-0.2267884612083435,-0.027509888634085655,-0.18064209818840027,-0.003976584877818823,-0.0012868903577327728,9.620413766242564e-05,0.0017139911651611328,-7.826594810467213e-06,0.024941176176071167,0.004009498283267021,0.004023963585495949,6.142263373476453e-06,8.777889888733625e-06,,,,,3.892845747199849,,1320,2.6333333333333333
13.64166666665426,retreat,13.641667378135026,7.7469344883166436,7.481438666582109,-0.5449056625366211,-0.07063984230626374,3.934226585574674,0.006273899089137558,0.055952909680744456,0.2183169573545456,0.0006203868542797863,0.17465393245220184,-0.0015431930933118565,91,0.22474277019500732,0.032456859946250916,0.007319231517612934,0.008947182446718216,0.00038924237014725804,-7.755403434828813,0.1762463003396988,-0.0007666349411010742,0.12883689999580383,-6.887695781188086e-05,0.0006100221653468907,8.949172479333356e-05,2.9719039957853965e-05,0.03432552516460419,-0.00015606859233230352,0.9994106292724609,0.0003338955866638571,0.0003427682095207274,0.002691109199076891,0.011545664630830288,0.005218972451984882,0.0397195965051651,-0.4851550757884979,0.5656183362007141,0.5087811946868896,-1.9512126445770264,-0.37864604592323303,2.349566698074341,1.0315240621566772,0.03203197196125984,-0.007692529354244471,-0.0339554101228714,0.0020731256809085608,0.029326826333999634,0.004352190997451544,-0.0191915575414896,0.6016826033592224,-9.020461584441364e-05,0.09983992576599121,-0.0001621257688384503,0.9994102120399475,-1.9967148546129465e-05,-0.03433741629123688,-3.877561539411545e-06,-9.021310688694939e-06,0.032398030161857605,-1.1895575880771503e-05,-9.954042070603464e-06,0.9999998807907104,-5.718123247788753e-06,-0.17251092195510864,0.0026851941365748644,0.144021138548851,-0.004675755742937326,-0.03211740404367447,-0.0002396867930656299,-0.18198905885219574,-0.002633362077176571,-0.1318422108888626,-0.0042597102001309395,0.007195524871349335,0.000534083868842572,0.001715242862701416,-7.849834219086915e-06,0.024941086769104004,0.004009459633380175,0.004022730048745871,5.536336175282486e-06,7.914757588878274e-06,,,,,3.892845747199849,,1320,2.6416666666666666
13.649999999987585,retreat,13.650000711902976,7.692360185384752,7.47748985886574,-0.5419254302978516,-0.0717346410965547,3.9388031863073647,0.004419549441081472,0.03956468118525214,0.0,0.0,0.0,-0.0007566795829916373,91,0.05622778460383415,0.021828971803188324,0.05622778460383415,0.01507878303527832,0.0,-7.751772822496221,0.0,0.0,0.0,0.0,0.0,0.0,1.4084461327001918e-05,0.03436541184782982,-0.00016373120888601989,0.9994093179702759,0.00022863343474455178,0.0003288339066784829,0.002741399221122265,0.0145886754617095,-0.02806280367076397,0.019407309591770172,-0.4848913848400116,0.5655512809753418,0.5085055828094482,-1.9511897563934326,-0.37839993834495544,2.349566698074341,1.031363844871521,0.031787652522325516,-0.007561138365417719,-0.033538609743118286,0.001900502946227789,0.02954077534377575,0.0012415135279297829,-0.01922410912811756,0.6016852259635925,-8.96916608326137e-05,0.09984289109706879,-0.00016491161659359932,0.9994097352027893,-1.9420249373069964e-05,-0.03435254096984863,-2.60770320892334e-06,-7.234733857330866e-06,0.03239702433347702,1.2874045751232188e-05,5.2873547247145325e-06,0.9999999403953552,-1.3664408697877661e-06,-0.047350503504276276,-0.00243268720805645,0.030225414782762527,-0.0019547874107956886,-0.021739747375249863,-0.0002573631063569337,-0.04931404069066048,0.0024439916014671326,-0.02690197341144085,-0.002282175701111555,0.014899169094860554,0.00041965299169532955,0.0017172694206237793,-8.205926860682666e-06,0.02494095265865326,0.004026206210255623,0.004040356259793043,4.8450874601257965e-06,6.930145900696516e-06,,,,,3.892845747199849,,1320,2.65
13.658333333320911,retreat,13.658334045670927,7.637722681006151,7.475597411394121,-0.5410313606262207,-0.07070013089105487,3.9402447102899423,0.0027784558369603474,0.03956468118525214,0.0,0.0,0.0,0.0,93,0.017077438533306122,0.0011153850937262177,0.017077438533306122,0.0007261812570504844,0.0,-7.749980598890625,0.0,0.0,0.0,0.0,0.0,0.0,1.7981907149078324e-05,0.03437787666916847,-0.00017091652262024581,0.9994088411331177,0.0005079178372398019,-0.000549319782294333,0.0028845868073403835,-0.09882698208093643,-0.055319055914878845,0.011275430209934711,-0.48462817072868347,0.5654940009117126,0.5082308650016785,-1.951167345046997,-0.37815380096435547,2.349566698074341,1.0312036275863647,0.03155253827571869,-0.007464423775672913,-0.03324950486421585,0.0015043640742078424,0.029311060905456543,0.0014917070511728525,-0.018888432532548904,0.6016858220100403,-8.75285841175355e-05,0.09984071552753448,-0.00017025806300807744,0.9994090795516968,-1.862269709818065e-05,-0.03437204286456108,-1.3255048543214798e-06,-5.763147783000022e-06,0.0323929488658905,5.837775006511947e-06,6.640535730184638e-07,0.9999999403953552,6.370144660650112e-07,-0.009732291102409363,-0.005678773857653141,0.012832495383918285,0.0006733611808158457,-0.0008043143898248672,0.00037913984851911664,-0.01059065479785204,0.0056834048591554165,-0.012131605297327042,-0.00017267657676711679,-0.0006015005055814981,-0.000368400797015056,0.0017178654670715332,-8.571681973990053e-06,0.024940907955169678,0.004024953581392765,0.004037958104163408,5.120378773426637e-06,7.321126759052277e-06,,,,,3.892845747199849,,1320,2.658333333333333
13.666666666654237,retreat,13.666667379438877,7.583022852978717,7.4781976640224475,-0.5418658256530762,-0.06820959970355034,3.9422818289747212,0.015534087651758455,0.06852804166478502,0.0,0.0,0.0,0.0,91,0.011074401438236237,0.001181425410322845,0.011074403300881386,0.0021734561305493116,0.0,-7.7527224846001035,0.0,0.0,0.0,0.0,0.0,0.0,1.588475424796343e-05,0.034395795315504074,-0.0001687242038315162,0.9994081854820251,0.00029549741884693503,0.00016793125541880727,0.002814624225720763,-0.021439801901578903,-0.03941589966416359,0.024151640012860298,-0.4843652546405792,0.5654367804527283,0.5079562664031982,-1.951167345046997,-0.37791338562965393,2.349566698074341,1.0310434103012085,0.03126177564263344,-0.0074001397006213665,-0.03292170166969299,0.0011854114709421992,0.02876451052725315,0.0018962733447551727,-0.018427472561597824,0.6016762256622314,-8.322364010382444e-05,0.09983023256063461,-0.00017434499750379473,0.9994080066680908,-1.3016807315580081e-05,-0.03440186753869057,8.806819096207619e-06,-3.6996989365434274e-06,0.0323844738304615,-6.074186330806697e-06,-3.0586038519686554e-06,0.9999998211860657,-5.515548764378764e-06,-0.005398862063884735,-0.006473729386925697,0.007182303350418806,-1.3300225418788614e-06,0.0011813663877546787,1.17328536362038e-05,-0.00587971368804574,0.0064763156697154045,-0.006791812367737293,-0.0009351393673568964,-0.001961308065801859,5.1930492190876976e-05,0.001718759536743164,-8.458533557131886e-06,0.024940840899944305,0.004024971276521683,0.004038144368678331,5.1187425924581476e-06,7.311929948627949e-06,,,,,3.892845747199849,,1320,2.6666666666666665
13.674999999987563,retreat,13.675000713206828,7.528261579100315,7.486952096223833,-0.5456209182739258,-0.0630900904070586,3.9418347466221175,0.004828333658224437,0.0,0.2678225636482239,0.0007631949847564101,0.21425829827785492,0.0,94,0.19102849066257477,0.0014414198230952024,0.07840419560670853,0.01851860247552395,0.0004868364776484668,-7.761445832902909,0.2151416540145874,0.007128983736038208,0.1593492031097412,-8.981533028418198e-05,0.000753609579987824,8.045132562983781e-05,2.9322114642127417e-05,0.034391630440950394,-0.0001714546961011365,0.9994084239006042,0.0003302302211523056,0.0006589295226149261,0.0028694276697933674,0.02409406006336212,0.01310283225029707,0.12877069413661957,-0.48410776257514954,0.5653795599937439,0.5076824426651001,-1.9511535167694092,-0.37768232822418213,2.349609851837158,1.0309044122695923,0.031043412163853645,-0.007205589208751917,-0.032590851187705994,0.0017090282635763288,0.027460098266601562,0.00548503128811717,-0.01743786223232746,0.6016825437545776,-8.247981895692647e-05,0.09982805699110031,-0.0001799040037440136,0.9994080066680908,-1.8868959159590304e-05,-0.034403201192617416,-7.033813744783401e-07,-7.69974576542154e-06,0.0323917418718338,-1.1580242244235706e-05,-1.0737093361967709e-05,1.0,-8.081992746156175e-06,-0.1379632204771042,-0.002489773090928793,0.13210539519786835,0.00088410300668329,-0.0006822198047302663,0.0009113886044360697,-0.14672082662582397,0.0025409439112991095,-0.12230463325977325,0.0004604874411597848,-0.019247913733124733,-0.0009533179108984768,0.0017185807228088379,-8.618088031653315e-06,0.024940863251686096,0.004010682459920645,0.004023597575724125,5.296818926581182e-06,7.562950486317277e-06,,,,,3.892845747199849,,1320,2.675
13.683333333320888,retreat,13.683334046974778,7.473439737168821,7.488650828599932,-0.5451440811157227,-0.06216524343471974,3.94630329446942,0.004100327259948244,0.06852804166478502,0.004107445012778044,1.1695943612721749e-05,0.0032859588973224163,-0.00036329493013909087,93,0.050862692296504974,0.023975536227226257,0.04706800356507301,0.017101868987083435,1.0071936003441806e-05,-7.763455245294093,0.0032904078252613544,0.00017622995073907077,0.002452195156365633,-1.4026593362359563e-06,1.1570987226150464e-05,9.694842901808443e-07,9.704011972644366e-06,0.03443092852830887,-0.00017827990814112127,0.9994069933891296,0.0003175112942699343,0.00021399374236352742,0.0029736317228525877,-0.03217758983373642,-0.026762869209051132,0.032731615006923676,-0.4838559627532959,0.5653223395347595,0.507419228553772,-1.9511306285858154,-0.37745335698127747,2.349609851837158,1.0307670831680298,0.030452189967036247,-0.007177488878369331,-0.03174590691924095,0.0018234099261462688,0.027413595467805862,0.0016028545796871185,-0.01747930608689785,0.6016844511032104,-8.153654198395088e-05,0.09982781857252121,-0.00018199805344920605,0.9994073510169983,-2.440038042550441e-05,-0.03441930189728737,-9.869690984487534e-07,-7.532798917964101e-06,0.032393284142017365,1.1634511793090496e-05,1.45611738844309e-05,0.9999998211860657,-4.22114953835262e-06,-0.0480349026620388,0.0023554007057100534,0.016556376591324806,-0.003605192992836237,-0.0236742552369833,-0.0011655819835141301,-0.04906027764081955,-0.0023476090282201767,-0.013213301077485085,-0.0031758712138980627,0.016734633594751358,0.001393127371557057,0.0017205476760864258,-8.925417205318809e-06,0.024940721690654755,0.0040093883872032166,0.004022463224828243,5.421916284831241e-06,7.747788913547993e-06,,,,,3.892845747199849,,1320,2.683333333333333
13.691666666654214,retreat,13.691667380742729,7.4185582049821015,7.488457113504412,-0.5444884300231934,-0.060060323448851705,3.947494054274644,0.005560945282923058,0.055952909680744456,0.0,0.0,0.0,0.0,86,0.008724990300834179,0.0015778231900185347,0.008724990300834179,0.0006204881356097758,0.0,-7.7633443186181825,0.0,0.0,0.0,0.0,0.0,0.0,1.9461032934486866e-05,0.03444098308682442,-0.00019012283883057535,0.9994066953659058,0.00020046660210937262,-0.0006837130640633404,0.0029777674935758114,-0.11455712467432022,-0.02889329567551613,0.02018631622195244,-0.4836049973964691,0.5652651190757751,0.5071568489074707,-1.9511077404022217,-0.3772296905517578,2.349609851837158,1.0306297540664673,0.02988075278699398,-0.007184295449405909,-0.031048040837049484,0.001651919330470264,0.027093656361103058,0.0013274782104417682,-0.017114022746682167,0.6016866564750671,-8.148876077029854e-05,0.09982780367136002,-0.0001825256331358105,0.9994068145751953,-2.798127206915524e-05,-0.03443493694067001,-1.5338882803916931e-06,-9.547780791763216e-06,0.03239317238330841,6.048599061614368e-06,8.776483809924684e-06,0.9999998807907104,7.299350727407727e-06,-0.007532106246799231,-0.0037553920410573483,-0.0022999714128673077,0.0003011469088960439,-0.0014962311834096909,0.00040016122511588037,-0.007355681620538235,0.0037548744585365057,0.0028143080417066813,-0.00026834142045117915,0.00040826527401804924,-0.0003825151943601668,0.001721024513244629,-9.534014679957181e-06,0.024940691888332367,0.0040249596349895,0.004037888254970312,5.118212357047014e-06,7.305992767214775e-06,,,,,3.892845747199849,,1320,2.6916666666666664
13.69999999998754,retreat,13.70000071451068,7.36361786033803,7.487726956605913,-0.5434751510620117,-0.06025003676768392,3.9492795218668797,0.0018349176116316812,0.03956468118525214,0.0,0.0,0.0,0.0,83,0.009951064363121986,0.0006019839202053845,0.009951062500476837,0.0011771637946367264,0.0,-7.762738297397285,0.0,0.0,0.0,0.0,0.0,0.0,2.947744906123262e-05,0.0344567745923996,-0.00017876189667731524,0.999406099319458,0.00045002528349868953,0.0003124042705167085,0.003194225952029228,-0.021909667178988457,-0.03828222677111626,0.023952960968017578,-0.48335906863212585,0.5652078986167908,0.5069050192832947,-1.951084852218628,-0.377006471157074,2.349609851837158,1.0304924249649048,0.029264509677886963,-0.007222669664770365,-0.030324786901474,0.0015151663683354855,0.026550259441137314,0.001243034959770739,-0.01671691983938217,0.6016893982887268,-7.801465108059347e-05,0.09982892870903015,-0.0001852135465014726,0.9994063973426819,-2.9232354791020043e-05,-0.03444918245077133,-2.307351678609848e-06,-5.706877345801331e-06,0.03239370137453079,7.598695447086357e-06,-4.701433056197857e-07,0.9999999403953552,-6.4404885051772e-06,-0.0024383135605603456,-0.0060329074040055275,-0.0075287665240466595,0.00014222587924450636,0.0005500104743987322,-0.00019911027629859746,-0.00191368511877954,0.006030215881764889,0.007681012619286776,-0.0007139820954762399,-0.0009023183956742287,0.00024852712522260845,0.001721799373626709,-8.983573934528977e-06,0.02494063973426819,0.004024969879537821,0.004038107115775347,5.122915354149882e-06,7.320195436477661e-06,,,,,3.892845747199849,,1320,2.7
13.708333333320866,retreat,13.70833404827863,7.308619581034476,7.48560354113579,-0.5418658256530762,-0.056101922382367775,3.9511137463487516,0.0012865953067375813,0.03956468118525214,0.0,0.0,0.0,0.0,94,0.01141465362161398,0.0008060185937210917,0.011414655484259129,0.0012116810539737344,0.0,-7.760742407177907,0.0,0.0,0.0,0.0,0.0,0.0,2.185920311603695e-05,0.034472595900297165,-0.0001833639689721167,0.999405562877655,0.0006815567030571401,0.0007995539926923811,0.0031133557204157114,0.02242317982017994,-0.05442306026816368,-0.005803328938782215,-0.48311886191368103,0.5651506781578064,0.5066627860069275,-1.951062798500061,-0.3767889440059662,2.349609851837158,1.0303550958633423,0.028581837192177773,-0.007284748833626509,-0.029521897435188293,0.001419305568560958,0.02598283253610134,0.001110533718019724,-0.016266440972685814,0.6016923189163208,-7.200229447335005e-05,0.09983152896165848,-0.0001883593649836257,0.9994059801101685,-2.6849009373108856e-05,-0.03446221724152565,-2.737622708082199e-06,-3.644034222816117e-06,0.032394275069236755,1.0386153917352203e-05,4.810498012375319e-06,0.9999999403953552,-5.166305527382065e-06,-0.0011848749127238989,-0.004660014528781176,-0.010352520272135735,-4.5792123273713514e-05,0.0008010253659449518,7.698997796978801e-05,-0.0004686321481131017,0.00465614628046751,0.010411294177174568,-0.000722699798643589,-0.0009721688693389297,-2.763273732853122e-05,0.0017226338386535645,-9.200422937283292e-06,0.024940580129623413,0.004024937748908997,0.0040382398292422295,5.4383949645853136e-06,7.771566743031144e-06,,,,,3.892845747199849,,1320,2.7083333333333335
13.716666666654191,retreat,13.71666738204658,7.253564244869313,7.481796294450762,-0.5395412445068359,-0.04958744830219075,3.952451698119957,0.004880861979472684,0.055952909680744456,0.0,0.0,0.0,0.0,86,0.01393345557153225,0.0007511337753385305,0.013933457434177399,0.0010911155259236693,0.0,-7.757028181990831,0.0,0.0,0.0,0.0,0.0,0.0,2.3216125555336475e-05,0.034484170377254486,-0.0001864303048932925,0.9994051456451416,0.0007916476461105049,0.0007215553778223693,0.003224243875592947,0.015247019939124584,-0.06102847307920456,-0.005202919244766235,-0.4828844964504242,0.565093457698822,0.5064226984977722,-1.9510471820831299,-0.37657713890075684,2.349609851837158,1.0302177667617798,0.027840666472911835,-0.0073692332953214645,-0.028651975095272064,0.0013627168955281377,0.02539987675845623,0.0008843714604154229,-0.015804117545485497,0.6016927361488342,-6.819416012149304e-05,0.09983215481042862,-0.00019007970695383847,0.9994054436683655,-2.3694110495853238e-05,-0.034477464854717255,-6.565824151039124e-08,-6.247380952117965e-06,0.032390959560871124,6.710126854159171e-06,3.489627715680399e-07,0.9999998807907104,-3.6630160593631444e-06,-0.0009516655700281262,-0.002793740015476942,-0.013617288321256638,-0.0003249867004342377,0.0006622692453674972,0.0001413682766724378,-1.0813178960233927e-05,0.0027885762974619865,0.01365155540406704,-0.000736719579435885,-0.0007996708154678345,-9.11255192477256e-05,0.001723170280456543,-9.35600110096857e-06,0.02494054287672043,0.0040249302983284,0.0040384456515312195,5.300264547258848e-06,7.5718562584370375e-06,,,,,3.892845747199849,,1320,2.716666666666667
13.724999999987517,retreat,13.72500071581453,7.198452729640412,7.479695230722429,-0.5396008491516113,-0.04532935417955741,3.9537396688787227,0.01339164373348467,0.03956468118525214,0.0,0.0,0.0,0.0,81,0.01714366115629673,0.0007966523990035057,0.01714366488158703,0.0011400867952033877,0.0,-7.755016664673802,0.0,0.0,0.0,0.0,0.0,0.0,2.2960057322052307e-05,0.0344955213367939,-0.000188901845831424,0.9994048476219177,0.0001373082195641473,0.0006930840318091214,0.003454570658504963,0.015530634671449661,-0.020066436380147934,0.0390247106552124,-0.48266130685806274,0.5650361776351929,0.5061937570571899,-1.9510462284088135,-0.3763710558414459,2.349609851837158,1.0300804376602173,0.02704770304262638,-0.007473147474229336,-0.02772292122244835,0.0013482680078595877,0.02480394020676613,0.000625179207418114,-0.015343124978244305,0.6016867756843567,-6.308012234512717e-05,0.09982907027006149,-0.00019309396157041192,0.9994046688079834,-1.7202963135787286e-05,-0.034497931599617004,6.790272891521454e-06,-5.21306719747372e-06,0.03238537907600403,-2.4127575670718215e-06,-5.89753972235485e-06,0.9999999403953552,-3.990386630903231e-06,-0.0013253132347017527,-0.0024649163242429495,-0.01691368967294693,-0.00031976596801541746,0.0007157572545111179,0.0001417613821104169,-0.00015576102305203676,0.00245839636772871,0.016965767368674278,-0.0006841382710263133,-0.0009070236701518297,-9.518808656139299e-05,0.0017237663269042969,-9.479073924012482e-06,0.024940505623817444,0.004024888388812542,0.004038642160594463,5.242414317763178e-06,7.493683369830251e-06,,,,,3.892845747199849,,1320,2.725
13.733333333320843,retreat,13.733334049582481,7.14328591314564,7.480894774198534,-0.5447864532470703,-0.039520142308901995,3.954433018115057,0.005112129656481557,0.055952909680744456,0.0,0.0,0.0,0.0,85,0.020011965185403824,0.001158396014943719,0.020011967048048973,0.0010380513267591596,0.0,-7.756264413329474,0.0,0.0,0.0,0.0,0.0,0.0,2.5640769308665767e-05,0.03450138121843338,-0.00019592727767303586,0.9994046092033386,0.00042677149758674204,0.0002687191590666771,0.0035663910675793886,-0.01796327717602253,-0.03513961285352707,0.015033755451440811,-0.4824438691139221,0.5649689435958862,0.5059745907783508,-1.951026439666748,-0.37617069482803345,2.349609851837158,1.0299659967422485,0.02620144747197628,-0.0075997100211679935,-0.026729419827461243,0.0013768683420494199,0.02420675754547119,0.0002911995688918978,-0.014871606603264809,0.601692795753479,-5.9401259932201356e-05,0.0998397171497345,-0.00019321490253787488,0.9994044899940491,-2.1804613425047137e-05,-0.03450295329093933,-3.246590495109558e-06,-7.320177246583626e-06,0.03239796310663223,-1.5777253565829596e-06,-3.738828127097804e-06,0.9999998807907104,2.8418246529327007e-06,0.0017404162790626287,-0.0012242636876180768,-0.019898515194654465,-0.00045543842134065926,0.0010344904148951173,0.00025354832177981734,0.0031086397357285023,0.0012164968065917492,0.019731581211090088,-0.0006484757759608328,-0.0007830022368580103,-0.0002096122334478423,0.0017240643501281738,-9.834762749960646e-06,0.024940483272075653,0.004021358210593462,0.004035365767776966,6.110687536420301e-06,8.73667886480689e-06,,,,,3.892845747199849,,1320,2.7333333333333334
13.741666666654169,retreat,13.741667383350432,7.088064673182872,7.468497008085253,-0.5412101745605469,-0.03607502731028944,3.957304172873175,0.007638707756996155,0.0,0.0,0.0,0.0,0.0,91,0.02134745381772518,0.0004256532702129334,0.02134745754301548,0.0006983099738135934,0.0,-7.744066264127495,0.0,0.0,0.0,0.0,0.0,0.0,1.896920548460912e-05,0.03452659770846367,-0.00019066876848228276,0.9994037747383118,0.001015583286061883,0.0007080262876115739,0.003757296595722437,0.01237719040364027,-0.0687001571059227,-0.009586191736161709,-0.48223215341567993,0.564900279045105,0.5057575106620789,-1.951004981994629,-0.3759755790233612,2.349609851837158,1.0298515558242798,0.02530846558511257,-0.0077486406080424786,-0.02568667382001877,0.0014272683765739202,0.02363647148013115,-0.0002485460718162358,-0.014506994746625423,0.6016998291015625,-5.853197581018321e-05,0.0998520702123642,-0.00019200016686227173,0.9994044303894043,-2.6341071134083904e-05,-0.03450604900717735,-6.49760477244854e-06,-9.964296623365954e-06,0.03239817172288895,2.056210723822005e-05,7.318439202208538e-06,1.0,-1.5870353990976582e-06,0.0007858921308070421,-0.002204573480412364,-0.021218765527009964,-0.00033619225723668933,9.82304263743572e-05,-0.00024188066890928894,0.0022476455196738243,0.0021963613107800484,0.021114878356456757,-0.0006366518791764975,1.5101344615686685e-05,0.00028650148306041956,0.001725316047668457,-9.560502803651616e-06,0.02494039386510849,0.004025333561003208,0.004039418883621693,5.108794539410155e-06,7.302034646272659e-06,,,,,3.892845747199849,,1320,2.7416666666666667
13.749999999987494,retreat,13.750000717118382,7.032789887549976,7.45421424508095,-0.5345940589904785,-0.03514834679663181,3.9579968986831173,0.007440863555530086,0.06852804166478502,0.0,0.0,0.0,0.0,82,0.022725680842995644,0.0002447682782076299,0.022725671529769897,0.0002546968462411314,0.0,-7.72983166275179,0.0,0.0,0.0,0.0,0.0,0.0,1.953544960997533e-05,0.034532491117715836,-0.0001986425049835816,0.9994035363197327,0.0017830085707828403,-0.0005148962954990566,0.003962488379329443,-0.1176164448261261,-0.11548059433698654,-0.038207974284887314,-0.48203039169311523,0.5648316144943237,0.5055517554283142,-1.9509831666946411,-0.3757809102535248,2.349609851837158,1.029737114906311,0.024360185489058495,-0.007911793887615204,-0.024565277621150017,0.001471222029067576,0.023168178275227547,-0.0008138377452269197,-0.01417218055576086,0.601707935333252,-5.6570184824522585e-05,0.09986604005098343,-0.00019341314327903092,0.9994043111801147,-3.1020797905512154e-05,-0.034507326781749725,-7.923459634184837e-06,-8.827166311675683e-06,0.03239794820547104,2.5177441784762777e-05,1.1652953617158346e-05,0.9999998211860657,4.829641966352938e-06,0.000879062688909471,8.679176971781999e-05,-0.022708507254719734,-0.00023627755581401289,2.1472487787832506e-05,-6.0194281104486436e-05,0.0024432488717138767,-9.566196968080476e-05,0.022593749687075615,-0.00021924571774434298,0.00010533212480368093,7.554432522738352e-05,0.001725614070892334,-9.959931048797444e-06,0.0249403715133667,0.004025325179100037,0.0040382458828389645,5.010211680200882e-06,7.161404937505722e-06,,,,,3.892845747199849,,1320,2.75
13.75833333332082,retreat,13.758334050886333,6.977462434044824,7.438150793313982,-0.5266070365905762,-0.033665124647086486,3.9582937441205153,0.007299832304852316,0.03956468118525214,0.0,0.0,0.0,0.0,92,0.024558041244745255,0.00034846688504330814,0.024558033794164658,0.0006427065818570554,0.0,-7.713788849094388,0.0,0.0,0.0,0.0,0.0,0.0,2.0506773580564186e-05,0.034535400569438934,-0.00018904992612078786,0.9994034767150879,0.0022492764983326197,0.00029748803353868425,0.004428363870829344,-0.04421396180987358,-0.13789673149585724,-0.045397743582725525,-0.48183584213256836,0.5647629499435425,0.5053572058677673,-1.9509608745574951,-0.3755919933319092,2.349609851837158,1.0296226739883423,0.023390376940369606,-0.008098174817860126,-0.023439781740307808,0.0015294523909687996,0.0226091630756855,-0.0014574391534551978,-0.01380346342921257,0.6017169952392578,-5.2598548791138455e-05,0.09988240897655487,-0.00019520483328960836,0.9994043707847595,-3.1924708309816197e-05,-0.03450644761323929,-9.029405191540718e-06,-6.220489012775943e-06,0.03239832818508148,2.8970411221962422e-05,1.1192058991582599e-05,0.9999999403953552,-6.543954441440292e-06,-7.044983067316934e-05,-0.0026317574083805084,-0.024416517466306686,-0.00020006125851068646,-0.00025657270452938974,-0.0001248002954525873,0.0016139720100909472,0.002622178988531232,0.02436424233019352,-0.000570410571526736,0.000246155250351876,0.0001646544405957684,0.0017257332801818848,-9.482268069405109e-06,0.024940364062786102,0.004025316797196865,0.004038412123918533,5.0214457587571815e-06,7.176189683377743e-06,,,,,3.892845747199849,,1320,2.7583333333333333
13.766666666654146,retreat,13.766667384654284,6.922083190465289,7.419680804014208,-0.5176067352294922,-0.029555518267443404,3.958392687660663,0.007179794010880869,0.03956468118525214,0.0,0.0,0.0,0.0,89,0.024398550391197205,0.0003940073074772954,0.024398546665906906,0.000487847049953416,0.0,-7.695325738819446,0.0,0.0,0.0,0.0,0.0,0.0,2.136588045686949e-05,0.03453607112169266,-0.00018879855633713305,0.9994034767150879,0.00251031294465065,0.000944224651902914,0.004332627635449171,0.02215000055730343,-0.15571589767932892,-0.06140140816569328,-0.481647253036499,0.5646942853927612,0.5051741003990173,-1.9509384632110596,-0.375408798456192,2.349609136581421,1.0295082330703735,0.022385405376553535,-0.008303598500788212,-0.022277016192674637,0.0015839716652408242,0.02209034003317356,-0.002126975916326046,-0.013436270877718925,0.6017265915870667,-4.592323239194229e-05,0.09989969432353973,-0.00019794782565440983,0.9994044899940491,-2.946091080957558e-05,-0.034504104405641556,-9.857118129730225e-06,-3.4831264201784506e-06,0.03239719569683075,3.1981264328351244e-05,7.770841875753831e-06,0.9999999403953552,-9.424170457350556e-06,-0.0006805146113038063,-0.00230985670350492,-0.024279430508613586,-5.6597778893774375e-05,-0.0003863582678604871,5.259044701233506e-05,0.000995755661278963,0.002300231484696269,0.024269456043839455,-0.00039305834798142314,0.00028784427559003234,-2.5407922294107266e-05,0.0017257928848266602,-9.471190423937514e-06,0.024940364062786102,0.004025305155664682,0.004038545303046703,5.394218533183448e-06,7.70913902670145e-06,,,,,3.892845747199849,,1320,2.7666666666666666
13.774999999987472,retreat,13.775000718422234,6.866653034609236,7.400175184011461,-0.5080699920654297,-0.022448050003731623,3.9584421585047815,0.002435814622003818,0.055952909680744456,0.0,0.0,0.0,0.0,89,0.02583438903093338,0.0006478914874605834,0.025834394618868828,0.000513739010784775,0.0,-7.67582355826443,0.0,0.0,0.0,0.0,0.0,0.0,1.8607914171298034e-05,0.03453660383820534,-0.00019418293959461153,0.9994033575057983,0.0027356569189578295,0.0008856498170644045,0.0045947968028485775,0.014551962725818157,-0.1663384735584259,-0.09388531744480133,-0.48146986961364746,0.56462562084198,0.5050024390220642,-1.950915813446045,-0.37523066997528076,2.3495852947235107,1.0293937921524048,0.021353479474782944,-0.0085268784314394,-0.021089348942041397,0.0016308974009007215,0.021592039614915848,-0.0028331035282462835,-0.013072093948721886,0.601732075214386,-4.048144182888791e-05,0.0999174565076828,-0.00019870212418027222,0.99940425157547,-2.5487979655736126e-05,-0.03451094403862953,-5.4908450692892075e-06,-5.1098832045681775e-06,0.032395169138908386,2.567295996414032e-05,6.715790277667111e-06,0.9999998807907104,-4.754088877234608e-06,-0.00135137012694031,-0.0004695798852480948,-0.025794746354222298,-0.00023006873379927129,-0.0005883791600354016,0.0001436721213394776,0.00043122097849845886,0.0004593402554746717,0.0258267093449831,-0.0003072145045734942,0.0003930793609470129,-0.00012261986557859927,0.0017257928848266602,-9.73548594629392e-06,0.024940364062786102,0.004025295842438936,0.004038688726723194,5.3189005484455265e-06,7.60328839533031e-06,,,,,3.892845747199849,,1320,2.775
13.783333333320797,retreat,13.783334052190185,6.811172844274546,7.380140572786333,-0.502169132232666,-0.01682398942648433,3.95824427142444,0.0035553687212086516,0.03956468118525214,0.0,0.0,0.0,0.0,88,0.027438653632998466,0.000382514699595049,0.02743864804506302,0.00029779423493891954,0.0,-7.655775188989637,0.0,0.0,0.0,0.0,0.0,0.0,2.0133327780058607e-05,0.03453460708260536,-0.00019541798974387348,0.9994035363197327,0.0016845635836943984,0.000762284966185689,0.004991344176232815,0.011408070102334023,-0.10563823580741882,-0.02501572109758854,-0.4812982976436615,0.5645569562911987,0.5048395395278931,-1.9508929252624512,-0.37505319714546204,2.3495395183563232,1.029279351234436,0.020309658721089363,-0.008762313984334469,-0.019899209961295128,0.0016787501517683268,0.021078964695334435,-0.003445909358561039,-0.012703281827270985,0.6017336249351501,-3.4397355193505064e-05,0.09993521869182587,-0.00019869423704221845,0.999403715133667,-2.0414558093762025e-05,-0.03452696278691292,-2.682209014892578e-07,-4.6629174903500825e-06,0.032392606139183044,7.64638480177382e-06,1.6645229550249496e-07,0.9999999403953552,-3.2856878533493727e-06,-0.0028887868393212557,5.794624667032622e-05,-0.027286099269986153,-0.00021084411127958447,-0.0002736404712777585,0.00016426551155745983,-0.000998813658952713,-6.874299288028851e-05,0.027420377358794212,-0.00021346230641938746,-0.00014361966168507934,-0.00014996214304119349,0.0017256736755371094,-9.799836334423162e-06,0.024940364062786102,0.004025287926197052,0.004038874991238117,5.1521874411264434e-06,7.364462362602353e-06,,,,,3.892845747199849,,1320,2.783333333333333
13.791666666654123,retreat,13.791667385958135,6.755643497259079,7.359979301691057,-0.5009174346923828,-0.010737408956629224,3.9591841471067712,0.007912530236353632,0.03956468118525214,0.0,0.0,0.0,0.0,84,0.02846979908645153,0.0003138704923912883,0.02846979908645153,0.0003956959117203951,0.0,-7.6356792624863274,0.0,0.0,0.0,0.0,0.0,0.0,2.227576624136418e-05,0.034543074667453766,-0.0001951358572114259,0.9994032382965088,0.00036679377080872655,0.0007280666613951325,0.005391140468418598,0.013329867273569107,-0.02852443978190422,0.019800394773483276,-0.48113808035850525,0.5644770264625549,0.5046795010566711,-1.9508700370788574,-0.37488144636154175,2.3494937419891357,1.0291868448257446,0.019253887236118317,-0.009011316113173962,-0.018705638125538826,0.0017317290185019374,0.020558325573801994,-0.004040130879729986,-0.012336610816419125,0.6017374992370605,-3.5098710213787854e-05,0.09995909035205841,-0.0001950060686795041,0.9994032979011536,-2.878960185626056e-05,-0.034537333995103836,-1.9567087292671204e-06,-1.1669293598970398e-05,0.03239648416638374,5.741779659729218e-06,6.5117123995150905e-06,0.9999999403953552,-9.541174961213983e-08,-0.002935393014922738,0.0004644471046049148,-0.028314258903265,-0.0002329977578483522,-0.00011220599117223173,0.00017786664830055088,-0.0009737915825098753,-0.00047541019739583135,0.02844916842877865,-0.0001781374157872051,-0.0003118421009276062,-0.00016612288891337812,0.0017261505126953125,-9.789442628971301e-06,0.02494034171104431,0.0040252842009067535,0.004039062187075615,5.117510227137245e-06,7.317023118957877e-06,,,,,3.892845747199849,,1320,2.7916666666666665
13.799999999987449,retreat,13.800000719726086,6.700065871360714,7.333648949861528,-0.49799680709838867,-0.011551111128937919,3.960766592294567,0.008103218533506151,0.03956468118525214,0.0,0.0,0.0,0.0,87,0.02809659205377102,0.0005531992064788938,0.02809658646583557,0.00047946954146027565,0.0,-7.609458929544944,0.0,0.0,0.0,0.0,0.0,0.0,2.3296037397813052e-05,0.034556612372398376,-0.00019092489674221724,0.9994027018547058,0.0006969441892579198,0.0007329252548515797,0.005639505106955767,0.01314754132181406,-0.04712415114045143,0.009305030107498169,-0.4809892773628235,0.5643969178199768,0.5045309066772461,-1.9508471488952637,-0.3747151494026184,2.3494479656219482,1.0290952920913696,0.01817096583545208,-0.009274190291762352,-0.017475498840212822,0.0017684316262602806,0.02011301927268505,-0.004736929200589657,-0.0121125103905797,0.6017423272132874,-3.619774724938907e-05,0.0999850332736969,-0.00019188618171028793,0.9994030594825745,-3.654958709375933e-05,-0.034545622766017914,-3.3492688089609146e-06,-1.2139265891164541e-05,0.032396238297224045,1.099901601264719e-05,1.3213905731390696e-05,0.9999999403953552,-1.4193194601830328e-06,-0.0009145064395852387,-4.676757089328021e-05,-0.028081664815545082,2.8711105187539943e-05,-0.00035266162012703717,-0.00042524674790911376,0.0010267191100865602,3.598098919610493e-05,0.02807779796421528,5.094383595860563e-05,0.00022028503008186817,0.0004228123289067298,0.0017268061637878418,-9.580794539942872e-06,0.024940289556980133,0.00402528652921319,0.0040392507798969746,5.122909897181671e-06,7.323193131014705e-06,,,,,3.892845747199849,,1320,2.8
13.808333333320775,retreat,13.808334053494036,6.644440844377316,7.305224984884264,-0.49376487731933594,-0.012758050615957472,3.961903584991356,0.004326052021497162,0.03956468118525214,0.0,0.0,0.0,0.0,89,0.028454050421714783,0.0002950102789327502,0.02845405600965023,0.0002170787483919412,0.0,-7.581114013414214,0.0,0.0,0.0,0.0,0.0,0.0,3.189409835613333e-05,0.034566543996334076,-0.0001873649744084105,0.9994023442268372,0.0010716207325458527,0.00073862518183887,0.005892861168831587,0.012336686253547668,-0.0682305246591568,-0.0033345408737659454,-0.48084622621536255,0.5643168091773987,0.5043937563896179,-1.95082426071167,-0.37454912066459656,2.3494021892547607,1.0290037393569946,0.01707732304930687,-0.009545395150780678,-0.016233133152127266,0.0017909124726429582,0.01968242973089218,-0.005397303495556116,-0.011855675838887691,0.6017478704452515,-3.359552283654921e-05,0.10001258552074432,-0.00019129739666823298,0.9994028210639954,-4.190355684841052e-05,-0.034552399069070816,-4.2780302464962006e-06,-8.35643004393205e-06,0.03239545226097107,1.4152840776660014e-05,9.86399481917033e-06,0.9999999403953552,-4.2786314224940725e-06,-0.0007415949366986752,-0.0004287328920327127,-0.028441153466701508,0.00017456072964705527,-0.00015649062697775662,-0.00017908180598169565,0.0012244641548022628,0.0004178281524218619,0.02842462807893753,0.00012448968482203782,4.9156406021211296e-05,0.00017090683104470372,0.001727283000946045,-9.417773071618285e-06,0.024940259754657745,0.004025292117148638,0.0040393490344285965,5.1211181926191784e-06,7.323338650166988e-06,,,,,3.892845747199849,,1320,2.808333333333333
13.8166666666541,retreat,13.816667387261987,6.5887692941067595,7.275206595659258,-0.4887580871582031,-0.01014752433547983,3.962793178171371,0.0044836597226094455,0.03956468118525214,0.0,0.0,0.0,0.0,89,0.02855498529970646,0.00030238242470659316,0.028554989024996758,0.00017060016398318112,0.0,-7.551157472632766,0.0,0.0,0.0,0.0,0.0,0.0,3.411195575608872e-05,0.03457438945770264,-0.00018776074284687638,0.9994021058082581,0.0013341264566406608,0.0007368834922090173,0.006157339550554752,0.011825005523860455,-0.08337219059467316,-0.01515162643045187,-0.4807146191596985,0.5642367005348206,0.5042680501937866,-1.9508013725280762,-0.37438881397247314,2.3493564128875732,1.0289121866226196,0.015981018543243408,-0.009826598688960075,-0.014994501136243343,0.0018060470465570688,0.01923350989818573,-0.006070577073842287,-0.01158587820827961,0.6017541289329529,-3.11497351503931e-05,0.10004182159900665,-0.0001916501350933686,0.9994025826454163,-4.602144690579735e-05,-0.03455760329961777,-5.243578925728798e-06,-8.489241736242548e-06,0.03239475190639496,1.679579509072937e-05,1.1767577234422788e-05,0.9999999403953552,-4.297751274862094e-06,-0.0013302324805408716,3.584517980925739e-05,-0.028523962944746017,2.1583748093689792e-05,-0.0002588164061307907,-0.00015486555639654398,0.0006432030349969864,-4.675768286688253e-05,0.028547706082463264,3.716007631737739e-05,6.64310937281698e-05,0.0001526776177342981,0.0017277002334594727,-9.441394468012732e-06,0.024940229952335358,0.004025300499051809,0.00403941236436367,5.118028639117256e-06,7.315247785300016e-06,,,,,3.892845747199849,,1320,2.8166666666666664
13.824999999987426,retreat,13.825000721029937,6.5330520983469125,7.2435416281223315,-0.4830360412597656,-0.008144714229274541,3.9636825720130204,0.002821710950229317,0.03956468118525214,0.0,0.0,0.0,0.0,86,0.02923436276614666,0.00041357692680321634,0.02923436462879181,0.00016641788533888757,0.0,-7.519554339614012,0.0,0.0,0.0,0.0,0.0,0.0,4.241898568579927e-05,0.03458240628242493,-0.00019071604765485972,0.9994017481803894,0.0015563012566417456,-3.2972602639347315e-05,0.0067648203112185,-0.08250338584184647,-0.0996435210108757,-0.02109368145465851,-0.4805888533592224,0.5641565918922424,0.5041536092758179,-1.9507784843444824,-0.3742338716983795,2.3493106365203857,1.0288206338882446,0.014880746603012085,-0.010114863514900208,-0.013751460239291191,0.0018056288827210665,0.01880606822669506,-0.00674546929076314,-0.011319647543132305,0.6017611026763916,-2.581179069238715e-05,0.10007279366254807,-0.000192899169633165,0.9994025826454163,-4.621032712748274e-05,-0.034560684114694595,-6.340211257338524e-06,-5.0729595386656e-06,0.032394155859947205,2.1735606424044818e-05,3.710311375471065e-06,0.9999999403953552,-2.3128654902393464e-06,-0.0019868933595716953,0.0015608397079631686,-0.029124971479177475,-0.000134331698063761,-0.0003761561238206923,-0.00010727276821853593,2.964329905807972e-05,-0.0015720048686489463,0.029192054644227028,9.820850391406566e-05,8.888583397492766e-05,0.00010074378951685503,0.001728057861328125,-9.603445505490527e-06,0.02494020015001297,0.004025293979793787,0.0040382626466453075,5.026688995712902e-06,7.185328286141157e-06,,,,,3.892845747199849,,1320,2.825
13.833333333320752,retreat,13.833334054797888,6.477290134895648,7.210081070661547,-0.47653913497924805,-0.0032305961212841794,3.9643247881142445,0.008463754056720063,0.03956468118525214,0.0,0.0,0.0,0.0,89,0.02743787132203579,0.0005300956545397639,0.02743787318468094,0.0002686218067537993,0.0,-7.4861384317612485,0.0,0.0,0.0,0.0,0.0,0.0,3.536365329637192e-05,0.03458774462342262,-0.00018478404672350734,0.9994016289710999,0.0018567562801763415,0.0007845765794627368,0.006599681451916695,0.013857322745025158,-0.1124655082821846,-0.025405490770936012,-0.48047441244125366,0.5640650391578674,0.504050612449646,-1.9507555961608887,-0.37407928705215454,2.3492648601531982,1.0287290811538696,0.013790699653327465,-0.01042045559734106,-0.012543684802949429,0.0018026119796559215,0.01831348054111004,-0.007459999527782202,-0.011003147810697556,0.6017711758613586,-2.147480336134322e-05,0.10011132806539536,-0.00019413119298405945,0.999402642250061,-4.725614780909382e-05,-0.034557294100522995,-9.777257218956947e-06,-5.565609171753749e-06,0.032399460673332214,3.0470797355519608e-05,1.1558105143194553e-05,0.9999999403953552,-9.75191142060794e-06,-0.0021791455801576376,-0.0002438586816424504,-0.027350110933184624,-0.00014887713768985122,-0.0005076545057818294,3.3524698665132746e-05,-0.0002847519936040044,0.00023333347053267062,0.02743540331721306,-0.00018611519772093743,0.00019259355030953884,-2.06528293347219e-05,0.001728355884552002,-9.294831215811428e-06,0.024940185248851776,0.004025286063551903,0.004038501065224409,5.19823697686661e-06,7.428083335980773e-06,,,,,3.892845747199849,,1320,2.8333333333333335
13.841666666654078,retreat,13.841667388565838,6.421484281550841,7.169229537248613,-0.46706199645996094,0.0014435072444030084,3.9645223721721377,0.006730329914717004,0.03956468118525214,0.0,0.0,0.0,0.0,84,0.02744598500430584,0.0008238317677751184,0.027445979416370392,0.00045194249833002687,0.0,-7.445300635229465,0.0,0.0,0.0,0.0,0.0,0.0,3.671541708172299e-05,0.03458968549966812,-0.0001893766166176647,0.9994015097618103,0.002665110630914569,0.00084117945516482,0.006891232915222645,0.014344717375934124,-0.16249454021453857,-0.09037318825721741,-0.48036861419677734,0.5639734864234924,0.503959059715271,-1.950732707977295,-0.373930424451828,2.3492064476013184,1.0286375284194946,0.012699317187070847,-0.01073180977255106,-0.011336027644574642,0.0017648343928158283,0.01790975034236908,-0.008197195827960968,-0.010755606926977634,0.6017793416976929,-1.6642941773170605e-05,0.10015110671520233,-0.00019450690888334066,0.999402642250061,-4.5648983359569684e-05,-0.03455803170800209,-8.495058864355087e-06,-5.387708370108157e-06,0.03239830583333969,3.167721661156975e-05,8.745631930651143e-06,0.9999999403953552,-5.438878815766657e-06,-0.0026345918886363506,0.0009890309302136302,-0.027301333844661713,-5.1368951972108334e-05,-0.0008207972277887166,-4.849683682550676e-05,-0.0007425694493576884,-0.000999526004306972,0.02741771936416626,9.454475366510451e-05,0.0004399216559249908,4.221684139338322e-05,0.0017284750938415527,-9.52666323428275e-06,0.02494017779827118,0.004025278612971306,0.0040386938489973545,5.317730028764345e-06,7.599039236083627e-06,,,,,3.892845747199849,,1320,2.841666666666667
13.849999999987403,retreat,13.850000722333789,6.365635416110356,7.127171009778978,-0.45877695083618164,0.00631801731287851,3.964225992398216,0.0028341034976619994,0.055952909680744456,0.0,0.0,0.0,0.0,90,0.027325037866830826,0.0006246332777664065,0.027325045317411423,0.00020292717090342194,0.0,-7.403221502180531,0.0,0.0,0.0,0.0,0.0,0.0,3.4422133467160165e-05,0.03458705544471741,-0.00019106452236883342,0.9994016289710999,0.0023766232188791037,0.0007109096623025835,0.007214308716356754,0.009413314051926136,-0.14787860214710236,-0.05554123595356941,-0.4802713394165039,0.5638819336891174,0.5038788914680481,-1.9507098197937012,-0.3737858533859253,2.3491151332855225,1.0285459756851196,0.011625821702182293,-0.011045578867197037,-0.010161034762859344,0.0017061439575627446,0.017504511401057243,-0.008824029937386513,-0.010488304309546947,0.6017810106277466,-1.1934451322304085e-05,0.10018965601921082,-0.00019220342801418155,0.9994021058082581,-4.148573862039484e-05,-0.034573063254356384,-1.1629890650510788e-06,-5.7142933655995876e-06,0.03239434212446213,1.399691518599866e-05,7.015244591457304e-06,0.9999998807907104,-1.3863012782167061e-06,-0.004484823439270258,0.0016160875093191862,-0.02690598927438259,-5.8827648899750784e-05,-0.0006141028716228902,9.789636533241719e-05,-0.0026149246841669083,-0.0016261893324553967,0.02715098112821579,0.0001672999351285398,-3.380485577508807e-05,-0.00010976064368151128,0.0017282962799072266,-9.60703800956253e-06,0.024940185248851776,0.004025271162390709,0.004038824699819088,5.160171895113308e-06,7.374299457296729e-06,,,,,3.892845747199849,,1320,2.85
13.85833333332073,retreat,13.85833405610174,6.309744416372068,7.086334377527239,-0.4571080207824707,0.010752756679721642,3.964719946399036,0.008528189937351272,0.06852804166478502,0.0,0.0,0.0,0.0,81,0.027845006436109543,0.00025007128715515137,0.02784501388669014,0.0007682263385504484,0.0,-7.362419211702466,0.0,0.0,0.0,0.0,0.0,0.0,3.8030382711440325e-05,0.03459140658378601,-0.00018774841737467796,0.9994014501571655,0.0005706113297492266,0.0006679906509816647,0.007645108737051487,0.012626794166862965,-0.04343538358807564,0.01397605799138546,-0.48018550872802734,0.5637903809547424,0.5037991404533386,-1.9506869316101074,-0.3736427128314972,2.3490235805511475,1.0284544229507446,0.010578184388577938,-0.011357034556567669,-0.009028374217450619,0.0016407545190304518,0.017085131257772446,-0.009301943704485893,-0.010213704779744148,0.6017828583717346,-1.3912358554080129e-05,0.10022874176502228,-0.0001897138572530821,0.9994015693664551,-4.239995905663818e-05,-0.03458767756819725,-5.152542144060135e-07,-1.228676046594046e-05,0.03239261731505394,3.7304189390852116e-06,4.2962465158780105e-06,0.9999998211860657,-2.117403710144572e-06,-0.006361264735460281,0.0017592391232028604,-0.027051502838730812,1.2144264474045485e-05,-0.00021083273168187588,0.00013393181143328547,-0.004476039670407772,-0.001769120804965496,0.02742590196430683,0.0002559876593295485,-0.00070811971090734,-0.00015234338934533298,0.0017285346984863281,-9.447579031984787e-06,0.024940170347690582,0.0040252660401165485,0.004038967192173004,5.125071766087785e-06,7.324328180402517e-06,,,,,3.892845747199849,,1320,2.8583333333333334
13.866666666654055,retreat,13.86666738986969,6.253812160133844,7.044961303472521,-0.4564523696899414,0.008675250683154445,3.966448301755588,0.007167019248299766,0.0,0.0,0.0,0.0,0.0,90,0.02644597925245762,0.0004385494103189558,0.026445981115102768,0.0004514882166404277,0.0,-7.321166300068942,0.0,0.0,0.0,0.0,0.0,0.0,3.7646281271008775e-05,0.0346062034368515,-0.00018608692334964871,0.9994010329246521,0.0002711342240218073,0.0006577014573849738,0.007935638539493084,0.013067089952528477,-0.02835204266011715,0.01809159480035305,-0.4801054000854492,0.5636885762214661,0.5037306547164917,-1.9506640434265137,-0.3735048174858093,2.3489320278167725,1.0283628702163696,0.009531600400805473,-0.01167268119752407,-0.007890265434980392,0.001557065057568252,0.016721172258257866,-0.00985194742679596,-0.010009000077843666,0.6017875075340271,-1.4095772712607868e-05,0.10027455538511276,-0.00018581394397187978,0.999401330947876,-3.9679183828411624e-05,-0.034596364945173264,-3.628898411989212e-06,-1.0649291652953252e-05,0.0323973223567009,9.842167855822481e-06,2.036420028161956e-06,1.0,2.0080035767477966e-07,-0.004497185815125704,0.0012103357585147023,-0.02603267692029476,0.00017253040277864784,-0.00038583160494454205,-0.00011701634502969682,-0.002686338033527136,-0.0012197765754535794,0.026280898600816727,0.00035434128949418664,-0.0002640305319800973,9.25837448448874e-05,0.0017292499542236328,-9.363912795379292e-06,0.024940118193626404,0.0040252660401165485,0.004039072431623936,5.125437382957898e-06,7.3303235694766045e-06,,,,,3.892845747199849,,1320,2.8666666666666667
13.87499999998738,retreat,13.87500072363764,6.197839525193558,6.9969497621059435,-0.45311450958251953,0.008190037078747991,3.967830444849053,0.006541252332681324,0.055952909680744456,0.0,0.0,0.0,0.0,85,0.025007545948028564,0.00045608170330524445,0.02500755339860916,0.000413225352531299,0.0,-7.273250850832577,0.0,0.0,0.0,0.0,0.0,0.0,3.775483128265478e-05,0.03461846709251404,-0.00018142827320843935,0.9994005560874939,0.0009951029205694795,0.0006514420383609831,0.008114706724882126,0.011998328380286694,-0.07141947746276855,-0.009499511681497097,-0.48003673553466797,0.5635855793952942,0.5036734342575073,-1.9506422281265259,-0.37336739897727966,2.3488404750823975,1.0282713174819946,0.008497423492372036,-0.011990607716143131,-0.006768329069018364,0.001447222544811666,0.01638619229197502,-0.010411501862108707,-0.009780134074389935,0.6017924547195435,-1.3673006833414547e-05,0.10032237321138382,-0.00018421999993734062,0.9994010329246521,-3.718536390806548e-05,-0.03460348770022392,-4.78583388030529e-06,-9.850078640738502e-06,0.032397232949733734,1.498913570685545e-05,-6.697774779240717e-07,0.9999998807907104,-2.7696576125890715e-06,-0.003245671046897769,0.00100377993658185,-0.024775702506303787,0.00023451584274880588,-0.0003689650911837816,0.00012991386756766587,-0.001524360734038055,-0.0010127666173502803,0.024940498173236847,0.00036938098492100835,-0.00010002535418607295,-0.0001559095981065184,0.0017299056053161621,-9.1313268058002e-06,0.02494008094072342,0.004025270696729422,0.004039228428155184,5.125466486788355e-06,7.325230399146676e-06,,,,,3.892845747199849,,1320,2.875
13.883333333320707,retreat,13.883334057405591,6.14182738934908,6.947030872106554,-0.4489421844482422,0.008488618732371833,3.968866736803785,0.009482367204327602,0.055952909680744456,0.0,0.0,0.0,0.0,90,0.024333154782652855,0.00033567697391845286,0.02433314546942711,0.0005099819391034544,0.0,-7.223404007899912,0.0,0.0,0.0,0.0,0.0,0.0,3.2110867323353887e-05,0.03462754562497139,-0.00017999569536186755,0.99940025806427,0.001286879531107843,0.0006439288263209164,0.008327910676598549,0.011368300765752792,-0.0898250937461853,-0.01921357773244381,-0.47997379302978516,0.5634825825691223,0.5036276578903198,-1.9506422281265259,-0.3732353448867798,2.3487489223480225,1.0282014608383179,0.007487914990633726,-0.012305676937103271,-0.005680093076080084,0.0013185912976041436,0.016043730080127716,-0.010903296992182732,-0.009557844139635563,0.6017880439758301,-8.118286132230423e-06,0.1003640815615654,-0.00018338780500926077,0.9994004964828491,-3.891781670972705e-05,-0.034619204699993134,4.227738827466965e-06,-4.647727109841071e-06,0.03238844871520996,8.345507012563758e-06,6.680731075903168e-06,0.9999998807907104,-3.6266185361455427e-06,-0.004115368705242872,0.0010530877625569701,-0.023959489539265633,0.00021871537319384515,-0.00024858565302565694,5.520684862858616e-05,-0.0024476770777255297,-0.001061666407622397,0.02418643608689308,0.0003659913782030344,-0.0003458210558164865,-8.086852176347747e-05,0.0017303228378295898,-9.04998250916833e-06,0.024940043687820435,0.004025279078632593,0.0040393611416220665,5.124288691149559e-06,7.321999873965979e-06,,,,,3.892845747199849,,1320,2.8833333333333333
13.891666666654032,retreat,13.891667391173542,6.085776630398282,6.903288513422014,-0.45305490493774414,0.013443207535601687,3.9691627706040165,0.009918087926052976,0.03956468118525214,0.0,0.0,0.0,0.0,91,0.026555374264717102,0.00026071438333019614,0.026555370539426804,0.001338667469099164,0.0,-7.179682230625522,0.0,0.0,0.0,0.0,0.0,0.0,4.104740946786478e-05,0.034629952162504196,-0.00018297457427252084,0.9994001388549805,-0.0009942834731191397,-0.00014399696374312043,0.009127344004809856,-0.07536978274583817,0.03846970200538635,0.0800931304693222,-0.4799213111400604,0.5633795857429504,0.5035933256149292,-1.9506417512893677,-0.37310370802879333,2.3486573696136475,1.0281327962875366,0.0065198056399822235,-0.012606783770024776,-0.00464676134288311,0.0012037623673677444,0.015661224722862244,-0.011200066655874252,-0.009345968253910542,0.6017844676971436,-1.41734562930651e-06,0.10040780156850815,-0.00018533349793870002,0.9994000196456909,-4.124358019907959e-05,-0.034633196890354156,4.598172381520271e-06,-2.770206265267916e-06,0.03238846734166145,-3.2485349947819486e-06,1.1287063017562105e-07,0.9999999403953552,-2.3633724595129024e-06,-0.007267400622367859,0.00310135236941278,-0.0253526009619236,-4.8809244617586955e-05,0.000221581882215105,-0.0001284177415072918,-0.005495232529938221,-0.003110310062766075,0.02579372189939022,0.0004069509159307927,-0.001271385233849287,0.00010000610927818343,0.0017304420471191406,-9.214314559358172e-06,0.024940036237239838,0.004025277681648731,0.004038239363580942,5.03290539199952e-06,7.191614713519812e-06,,,,,3.892845747199849,,1320,2.8916666666666666
13.899999999987358,retreat,13.900000724941492,6.029688126139034,6.857459992170336,-0.45794248580932617,0.019651612092275172,3.9708398792632926,0.01108441938413307,0.03956468118525214,0.0,0.0,0.0,0.0,91,0.023566866293549538,0.0003985143266618252,0.023566871881484985,0.0004257400578353554,0.0,-7.133970308288933,0.0,0.0,0.0,0.0,0.0,0.0,4.3749099859269336e-05,0.03464489057660103,-0.00017866631969809532,0.9993996620178223,-0.001191581366583705,0.0002838064974639565,0.009256749413907528,-0.018603544682264328,0.05416259542107582,0.0949537456035614,-0.4798755347728729,0.5632765889167786,0.5035591721534729,-1.9506417512893677,-0.37297773361206055,2.3485658168792725,1.0280641317367554,0.005576422903686762,-0.01291797123849392,-0.003657012712210417,0.0010992534225806594,0.015244771726429462,-0.01168053224682808,-0.009125987999141216,0.6017810106277466,3.843688318738714e-07,0.10045116394758224,-0.00018514443945605308,0.9993995428085327,-4.483348675421439e-05,-0.03464707359671593,3.899214789271355e-06,-7.181912224041298e-06,0.03238610178232193,-2.185181074310094e-06,8.581844781474501e-07,0.9999999403953552,-6.512508662126493e-06,-0.004477129317820072,0.002244609175249934,-0.023028552532196045,-0.0002810302539728582,-0.0002463433484081179,-0.00013838574523106217,-0.0028718244284391403,-0.002252858830615878,0.023282498121261597,5.249166861176491e-05,-0.00040037580765783787,0.0001349015801679343,0.0017312169075012207,-9.003737432067282e-06,0.02493998408317566,0.004025273956358433,0.004038397688418627,5.034766218159348e-06,7.194437785074115e-06,,,,,3.892845747199849,,1320,2.9
13.908333333320684,retreat,13.908334058709443,5.973562754369205,6.812048703432085,-0.46247243881225586,0.021350035240175202,3.9725162810178585,0.004699967576016206,0.03956468118525214,0.0,0.0,0.0,0.0,91,0.02284924127161503,0.000319034093990922,0.022849244996905327,0.0007867541280575097,0.0,-7.088675569082329,0.0,0.0,0.0,0.0,0.0,0.0,4.468695624382235e-05,0.0346592478454113,-0.00017812696751207113,0.9993991851806641,-0.0011013962794095278,0.000760844734031707,0.009253076277673244,0.03206124156713486,0.04349520802497864,0.08397436887025833,-0.479835569858551,0.5631621479988098,0.5035362839698792,-1.9506417512893677,-0.37285175919532776,2.3484742641448975,1.0279954671859741,0.004653444513678551,-0.01322531420737505,-0.002690020017325878,0.0009853228693827987,0.014891943894326687,-0.012069790624082088,-0.00895419716835022,0.6017804741859436,4.734725735033862e-06,0.10050231963396072,-0.00018513025133870542,0.9993992447853088,-4.6650653530377895e-05,-0.03465420752763748,7.755588740110397e-07,-4.524312316789292e-06,0.03239210695028305,5.044000317866448e-06,1.7167955093100318e-06,0.9999999403953552,-7.065184490784304e-06,-0.0030926852487027645,0.0015699499053880572,-0.022584473714232445,9.86990489764139e-05,0.00024785802816040814,-0.0001749504153849557,-0.0015210695564746857,-0.0015781314577907324,0.02274387516081333,0.00033665893715806305,-0.0006947106448933482,0.000151723506860435,0.0017319321632385254,-8.978438017948065e-06,0.024939939379692078,0.00402526929974556,0.004038532264530659,5.391915237851208e-06,7.709953933954239e-06,,,,,3.892845747199849,,1320,2.908333333333333
13.91666666665401,retreat,13.916667392477393,5.917401392886667,6.75899311900139,-0.4640817642211914,0.02575170037744101,3.973847038250433,0.0032176274089579238,0.03956468118525214,0.0,0.0,0.0,0.0,88,0.022061916068196297,9.142685303231701e-05,0.022061914205551147,0.0005577724659815431,0.0,-7.035712503553577,0.0,0.0,0.0,0.0,0.0,0.0,4.789012382389046e-05,0.034670960158109665,-0.00018082243332173675,0.9993988275527954,-0.00033008784521371126,0.000652144371997565,0.009421594440937042,0.021283414214849472,-5.712954589398578e-05,0.030815713107585907,-0.47980695962905884,0.5630477070808411,0.5035248398780823,-1.9506417512893677,-0.3727315068244934,2.3483827114105225,1.0279268026351929,0.0037539969198405743,-0.013527587056159973,-0.0017496551154181361,0.000860347121488303,0.014588755555450916,-0.01249955128878355,-0.008800274692475796,0.6017807722091675,8.863835319061764e-06,0.1005554273724556,-0.0001860238116933033,0.9993990659713745,-4.701006764662452e-05,-0.03465955704450607,-7.767230272293091e-07,-4.737999915960245e-06,0.032392293214797974,1.1400889889046084e-05,-1.0622795798553852e-06,0.9999999403953552,-5.169673841010081e-06,-0.0026603001169860363,0.002817647298797965,-0.02171892672777176,6.836318334535463e-06,-2.0977468011551537e-05,-8.872474427334964e-05,-0.0011495774379000068,-0.002825578209012747,0.02185000479221344,0.00041889268322847784,-0.0003634215972851962,5.969730409560725e-05,0.0017325282096862793,-9.118706657318398e-06,0.024939894676208496,0.004025264177471399,0.004038707818835974,5.286306077323388e-06,7.555761840194464e-06,,,,,3.892845747199849,,1320,2.9166666666666665
13.924999999987335,retreat,13.925000726245344,5.861204919489294,6.704067438840868,-0.46432018280029297,0.02980743010994047,3.974290525132801,0.005644159500661772,0.0,0.0,0.0,0.0,0.0,81,0.021266859024763107,6.926674541318789e-05,0.02126685343682766,0.0006256357301026583,0.0,-6.980817656120655,0.0,0.0,0.0,0.0,0.0,0.0,4.257581531419419e-05,0.03467492386698723,-0.000182280782610178,0.9993985891342163,7.961549272295088e-05,0.0005128534976392984,0.009614786133170128,0.013988304883241653,-0.025131598114967346,0.0339195542037487,-0.4797840714454651,0.5629332661628723,0.5035135746002197,-1.9506417512893677,-0.37261125445365906,2.3482911586761475,1.0278581380844116,0.002889547497034073,-0.013823403045535088,-0.0008559410343877971,0.0007280827267095447,0.014289681799709797,-0.012888048775494099,-0.008645588532090187,0.6017809510231018,9.644914825912565e-06,0.1006082147359848,-0.00018729896692093462,0.999398946762085,-5.032842454966158e-05,-0.034664981067180634,-9.89530235528946e-07,-7.923397788545117e-06,0.03239019960165024,9.952350410458166e-06,7.574044957436854e-06,1.0,-5.282765414449386e-06,-0.0033953848760575056,0.003193681128323078,-0.02074972353875637,-4.8234716814477e-05,-2.262896487081889e-05,-4.4263120798859745e-05,-0.0019498749170452356,-0.0032012236770242453,0.02093392424285412,0.0004149830783717334,-0.00046794634545221925,1.5339555829996243e-05,0.0017327070236206055,-9.182373105431907e-06,0.024939879775047302,0.004025260452181101,0.0040388996712863445,5.136733307153918e-06,7.344759069383144e-06,,,,,3.892845747199849,,1320,2.925
13.933333333320661,retreat,13.933334060013294,5.804974211974956,6.649544090032579,-0.4647374153137207,0.030505110771628097,3.975029560159725,0.0035613336422102293,0.03956468118525214,0.0,0.0,0.0,0.0,84,0.02041332609951496,0.00020019231305923313,0.020413322374224663,0.000718310649972409,0.0,-6.926345687522786,0.0,0.0,0.0,0.0,0.0,0.0,4.675913442042656e-05,0.034681037068367004,-0.0001826398220146075,0.999398410320282,0.00015945777704473585,0.0004747880739159882,0.009802550077438354,0.012470057234168053,-0.03208055719733238,0.017010949552059174,-0.4797669053077698,0.5628188252449036,0.5035135746002197,-1.9506417512893677,-0.372496634721756,2.3481996059417725,1.0277894735336304,0.002054979559034109,-0.014111693948507309,3.693568487506127e-06,0.0005886106519028544,0.014010084792971611,-0.013243792578577995,-0.0085248202085495,0.6017820239067078,1.3415448847808875e-05,0.10066293179988861,-0.00018892220396082848,0.9993988275527954,-4.942189116263762e-05,-0.03466840460896492,-2.2402964532375336e-06,-4.7472622100031e-06,0.032390497624874115,1.2645085007534362e-05,2.4394657884840854e-06,0.9999999403953552,-6.369461516442243e-06,-0.004150626249611378,0.0028510112315416336,-0.01978251524269581,4.2321345972595736e-05,-7.344594632741064e-05,-0.00018136030121240765,-0.0027701363433152437,-0.0028581933584064245,0.020021507516503334,0.0004655039811041206,-0.0005263127386569977,0.00014923515846021473,0.0017330050468444824,-9.207580660586245e-06,0.02493985742330551,0.0040252599865198135,0.004039063584059477,5.122643415234052e-06,7.3235423769801855e-06,,,,,3.892845747199849,,1320,2.933333333333333
13.941666666653987,retreat,13.941667393781245,5.748710148141521,6.5931804478168505,-0.46437978744506836,0.03416261461097747,3.975719202439068,0.004693047685577767,0.03956468118525214,0.0,0.0,0.0,0.0,85,0.019313108175992966,0.0002483635616954416,0.019313106313347816,0.0005597485578618944,0.0,-6.870029991525355,0.0,0.0,0.0,0.0,0.0,0.0,4.584558337228373e-05,0.03468723222613335,-0.00018502571037970483,0.9993981719017029,0.00042519907583482563,0.0004451996646821499,0.009962051175534725,0.012356793507933617,-0.04950245842337608,0.0038913306780159473,-0.4797554612159729,0.5627039074897766,0.5035250186920166,-1.9506417512893677,-0.37238210439682007,2.348107099533081,1.0277208089828491,0.0012517193099483848,-0.0143958181142807,0.0008229478262364864,0.00044100559898652136,0.013740953989326954,-0.013610195368528366,-0.00837703701108694,0.6017833948135376,2.0540690456982702e-05,0.10071930289268494,-0.00019284508016426116,0.9993987083435059,-4.650708433473483e-05,-0.03467081859707832,-3.0938535928726196e-06,-1.0320054570911452e-06,0.032390568405389786,1.6421246982645243e-05,3.8524228784808656e-07,0.9999999403953552,-7.839214049454313e-06,-0.004312796518206596,0.0031279288232326508,-0.018563726916909218,-4.482786971493624e-05,-0.00024094739637803286,4.0240200178232044e-05,-0.0030162958428263664,-0.003134800586849451,0.01881677657365799,0.00040320964762941003,-0.0003821606806013733,-6.851008220110089e-05,0.0017333030700683594,-9.325231076218188e-06,0.02493983507156372,0.004025262780487537,0.004039155784994364,5.125509233039338e-06,7.323775207623839e-06,,,,,3.892845747199849,,1320,2.9416666666666664
13.949999999987313,retreat,13.950000727549195,5.692413605786859,6.535289436578752,-0.4636049270629883,0.04120645462535322,3.9760639787942154,0.009278213838115335,0.0,0.0,0.0,0.0,0.0,80,0.01846061833202839,0.00034774543019011617,0.01846061646938324,0.0005322000943124294,0.0,-6.812162950267795,0.0,0.0,0.0,0.0,0.0,0.0,4.511267616180703e-05,0.03469030186533928,-0.00018845476733986288,0.9993981122970581,0.0006141577032394707,0.0004063744854647666,0.010116995312273502,0.01267311256378889,-0.062056541442871094,0.0016497222241014242,-0.4797498285770416,0.562578022480011,0.5035366415977478,-1.9506417512893677,-0.3722679615020752,2.347970485687256,1.0276521444320679,0.00048643816262483597,-0.014676344580948353,0.0015873746015131474,0.00028573046438395977,0.013465902768075466,-0.013954805210232735,-0.008229831233620644,0.6017777323722839,2.0903331460431218e-05,0.10077844560146332,-0.000189289974514395,0.9993981122970581,-4.6180241042748094e-05,-0.034689512103796005,4.625879228115082e-06,-7.944363460410386e-06,0.03239137679338455,7.881915848884091e-07,1.0394181799711077e-06,1.0,-8.717468062968692e-07,-0.004648861009627581,0.0038608661852777004,-0.017443515360355377,-0.00020887546997983009,-0.00027296802727505565,5.278611206449568e-05,-0.003428594209253788,-0.0038671535439789295,0.017722420394420624,0.0003441931039560586,-0.0003985445946455002,-7.70080805523321e-05,0.0017334818840026855,-9.49531386140734e-06,0.024939827620983124,0.004025269765406847,0.00403930339962244,5.129006240167655e-06,7.3303235694766045e-06,,,,,3.892845747199849,,1320,2.95
13.958333333320638,retreat,13.958334061317146,5.636085462708847,6.474708765745165,-0.46944618225097656,0.04152615292696282,3.9769011685581663,0.008657654689159244,0.0,0.0,0.0,0.0,0.0,85,0.0196689423173666,0.00047196540981531143,0.0196689423173666,0.001793466042727232,0.0,-6.751640483564695,0.0,0.0,0.0,0.0,0.0,0.0,4.9183778173755854e-05,0.03469764441251755,-0.00019736021931748837,0.999397873878479,-0.0012923716567456722,-0.0025056181475520134,0.010131643153727055,0.021770358085632324,0.04761854186654091,0.06721087545156479,-0.4797499477863312,0.5624521374702454,0.5035595297813416,-1.9506417512893677,-0.37215912342071533,2.347834825515747,1.0275834798812866,-0.00024845206644386053,-0.014929077588021755,0.002338341437280178,0.00011791946599259973,0.01328817568719387,-0.014034121297299862,-0.008150530979037285,0.6017728447914124,2.4248129193438217e-05,0.10083932429552078,-0.00018666927644517273,0.9993975162506104,-4.202078343951143e-05,-0.03470608964562416,4.770001396536827e-06,-5.098081601317972e-06,0.0323917418718338,-8.454699127469212e-06,-6.786353424104163e-06,1.0,1.0931776159850415e-05,-0.006732895039021969,0.007886831648647785,-0.01671326905488968,-6.587965617654845e-05,0.0004627155722118914,-6.561649206560105e-05,-0.0055580344051122665,-0.007892634719610214,0.01713714748620987,0.0010752150556072593,-0.0014353891601786017,-9.531024261377752e-06,0.0017338395118713379,-9.947398211807013e-06,0.024939797818660736,0.004025270231068134,0.0040381718426942825,-1.8317950889468193e-06,-2.618580765556544e-06,,,,,3.892845747199849,,1320,2.9583333333333335
13.966666666653964,retreat,13.966667395085096,5.579726596705351,6.412444263696672,-0.47594308853149414,0.04393117706058547,3.979165623851525,0.00909250866243383,0.03956468118525214,0.0,0.0,0.0,0.0,83,0.016858916729688644,0.00023198888811748475,0.016858918592333794,0.0005842127720825374,0.0,-6.689533413449807,0.0,0.0,0.0,0.0,0.0,0.0,4.304349567973986e-05,0.0347173698246479,-0.00019129544671159238,0.9993971586227417,-0.0014742608182132244,-0.0009209588170051575,0.01068096049129963,-0.10979132354259491,0.05247391015291214,0.08525107800960541,-0.4797557592391968,0.5623262524604797,0.5035825967788696,-1.9506417512893677,-0.37205031514167786,2.3476974964141846,1.0275148153305054,-0.000925774744246155,-0.015186354517936707,0.0029841556679457426,-3.475295670796186e-05,0.012983733788132668,-0.01430105697363615,-0.007991653867065907,0.6017678380012512,2.463666351104621e-05,0.1009000763297081,-0.00018394105427432805,0.9993968605995178,-4.038502447656356e-05,-0.03472323343157768,4.289206117391586e-06,-7.295322575373575e-06,0.03239031881093979,-5.86822261539055e-06,-2.4008766104088863e-06,0.9999999403953552,7.440657100232784e-06,-0.004968071822077036,0.001421325490809977,-0.016047466546297073,-0.0001623217249289155,-0.0001414362486684695,8.640768646728247e-05,-0.00384245696477592,-0.001426932867616415,0.016353057697415352,3.673131868708879e-05,-0.0005761598004028201,-8.941621490521356e-05,0.0017347931861877441,-9.633724403101951e-06,0.024939730763435364,0.004025270696729422,0.004038277547806501,5.023166522732936e-06,7.180729880928993e-06,,,,,3.892845747199849,,1320,2.966666666666667
13.97499999998729,retreat,13.975000728853047,5.523337885574245,6.350284069776537,-0.48220157623291016,0.043246262066531926,3.981084480806979,0.008214579793275334,0.03956468118525214,0.0,0.0,0.0,0.0,85,0.014804122969508171,0.0006589846452698112,0.014804123900830746,0.0011384780518710613,0.0,-6.627506624059483,0.0,0.0,0.0,0.0,0.0,0.0,4.2247320379829034e-05,0.03473393991589546,-0.0001766499044606462,0.999396562576294,-0.0013315470423549414,0.00020905605924781412,0.010778889991343021,0.007438491098582745,0.05050410330295563,0.09337671101093292,-0.4797672927379608,0.5622003674507141,0.5036169290542603,-1.9506417512893677,-0.37194156646728516,2.347560167312622,1.0274461507797241,-0.0015770612517371774,-0.015430349856615067,0.0036082975566387177,-0.00020609839702956378,0.012779026292264462,-0.014438136480748653,-0.007914801128208637,0.601763129234314,2.826855234161485e-05,0.100962333381176,-0.00018385688599664718,0.9993963837623596,-3.683611794258468e-05,-0.03473930433392525,3.7923455238342285e-06,-2.9917864594608545e-06,0.0323905311524868,-5.369950940803392e-06,-5.661313480231911e-06,0.9999999403953552,-7.013960839685751e-06,-0.003376435022801161,0.0011131082428619266,-0.014370898716151714,0.0004705397877842188,0.000458141032140702,-5.440486711449921e-05,-0.002370514441281557,-0.0011182206217199564,0.01457025483250618,0.0006334699573926628,-0.0009459103457629681,1.0087233931699302e-05,0.0017356276512145996,-8.900537068257108e-06,0.024939678609371185,0.004025268834084272,0.004038427025079727,5.040696123614907e-06,7.203372661024332e-06,,,,,3.892845747199849,,1320,2.975
13.983333333320616,retreat,13.983334062620997,5.466920207113395,6.286827474832537,-0.4881620407104492,0.04684747545979917,3.982904081658915,0.008429080480709672,0.03956468118525214,0.0,0.0,0.0,0.0,83,0.014130187220871449,0.0005700810579583049,0.014130186289548874,0.0012059536529704928,0.0,-6.564176532784384,0.0,0.0,0.0,0.0,0.0,0.0,3.366474629729055e-05,0.034750062972307205,-0.00017904590640682727,0.9993959665298462,-0.0012676907936111093,0.0004828637174796313,0.010953077115118504,0.030580727383494377,0.040029171854257584,0.06323602050542831,-0.4797844886779785,0.5620744824409485,0.5036512613296509,-1.9506417512893677,-0.37183839082717896,2.3474228382110596,1.0273774862289429,-0.0021925577893853188,-0.015660444274544716,0.0041949390433728695,-0.00038058520294725895,0.01260092481970787,-0.014541005715727806,-0.007831236347556114,0.6017587184906006,2.7609281460172497e-05,0.10102491825819016,-0.0001817335287341848,0.9993958473205566,-3.422405643505044e-05,-0.034754715859889984,3.1846575438976288e-06,-7.3958181019406766e-06,0.03238977491855621,-4.653209089156007e-06,4.6639343054266647e-07,0.9999999403953552,-2.7043201953347307e-06,-0.003489811671897769,0.002737038303166628,-0.013416110537946224,0.00030100648291409016,0.00047707310295663774,8.239402814069763e-05,-0.0025496201124042273,-0.0027417484670877457,0.013625139370560646,0.0006888153729960322,-0.0009811795316636562,-0.00013093634333927184,0.001736462116241455,-9.005379979498684e-06,0.02493961900472641,0.004025263711810112,0.004038585349917412,5.417125066742301e-06,7.745082257315516e-06,,,,,3.892845747199849,,1320,2.9833333333333334
13.991666666653941,retreat,13.991667396388948,5.410474439120678,6.22309520840645,-0.49382448196411133,0.04607034497894347,3.9847228529388627,0.008090894880297128,0.0,0.0,0.0,0.0,0.0,81,0.013016595505177975,0.0005501133273355663,0.0130165945738554,0.0012160110054537654,0.0,-6.50057071207353,0.0,0.0,0.0,0.0,0.0,0.0,3.500585080473684e-05,0.034765809774398804,-0.0001779455633368343,0.9993954300880432,-0.0011169950012117624,0.0002874686324503273,0.011040830984711647,0.019079627469182014,0.030900977551937103,0.07208971679210663,-0.47980737686157227,0.5619373321533203,0.503686249256134,-1.9506417512893677,-0.3717353045940399,2.347285509109497,1.0273088216781616,-0.002777240937575698,-0.015876758843660355,0.004754798021167517,-0.0005588716012425721,0.012453343719244003,-0.014622360467910767,-0.007773500867187977,0.6017566919326782,2.323545777471736e-05,0.10109356045722961,-0.0001775644050212577,0.999395489692688,-3.419060885789804e-05,-0.03476482629776001,5.539041012525558e-07,-1.1260490282438695e-05,0.03239492326974869,9.858243856797344e-07,-7.992537689460733e-07,1.0,4.1011321627593134e-07,-0.0033609457314014435,0.0032157807145267725,-0.01215707790106535,0.00029410660499706864,0.00046487749204970896,3.864556674670894e-06,-0.0025083147920668125,-0.003219935577362776,0.01236010156571865,0.0007563590770587325,-0.0009504536283202469,-5.693535422324203e-05,0.0017372369766235352,-8.952749340096489e-06,0.02493956685066223,0.004025259055197239,0.004038790240883827,5.183004759601317e-06,7.4067211244255304e-06,,,,,3.892845747199849,,1320,2.9916666666666667
13.999999999987267,retreat,14.000000730156898,5.354001459393961,6.153484433889391,-0.49698352813720703,0.04142681791563518,3.9861477971984707,0.005106756361783482,0.06852804166478502,0.0,0.0,0.0,0.0,82,0.011127758771181107,0.00047832686686888337,0.011127758771181107,0.001020714989863336,0.0,-6.4310590031964425,0.0,0.0,0.0,0.0,0.0,0.0,2.7866271921084262e-05,0.034778233617544174,-0.00017466025019530207,0.999394953250885,-0.00047588374582119286,0.00022646239085588604,0.01107847411185503,0.014060248620808125,-0.007043435703963041,0.04156751558184624,-0.47983598709106445,0.5618000030517578,0.5037320256233215,-1.9506417512893677,-0.3716322183609009,2.3471481800079346,1.0272401571273804,-0.0033314907923340797,-0.016078747808933258,0.005288721527904272,-0.0007484190282411873,0.01233806274831295,-0.014729024842381477,-0.007742451503872871,0.6017550826072693,2.188899634347763e-05,0.10116337984800339,-0.00017565411690156907,0.9993950724601746,-3.219655263819732e-05,-0.0347740575671196,-3.7904828786849976e-07,-8.091425115708262e-06,0.03239522874355316,4.1795356082729995e-06,4.290701326681301e-06,0.9999998211860657,-1.1443922858234146e-06,-0.003198930760845542,0.00235381000675261,-0.010394874960184097,0.00041952033643610775,0.00021495192777365446,-8.120913844322786e-05,-0.0024688676930963993,-0.00235731597058475,0.01059125829488039,0.0007632363121956587,-0.0006771615007892251,2.796118860715069e-05,0.001737833023071289,-8.7761836766731e-06,0.02493952214717865,0.004025257658213377,0.004038962069898844,5.1236052058811765e-06,7.326743798330426e-06,,,,,3.892845747199849,,1320,3.0
14.008333333320593,retreat,14.008334063924849,5.2975021457311176,6.082815676927568,-0.49954652786254883,0.039816870412323624,3.9871793359973364,0.007336520866374485,0.03956468118525214,0.0,0.0,0.0,0.0,80,0.010117207653820515,0.00042717333417385817,0.01011720672249794,0.0010471955174580216,0.0,-6.360461961249383,0.0,0.0,0.0,0.0,0.0,0.0,3.2856081816134974e-05,0.03478729724884033,-0.0001713605597615242,0.9993947148323059,-0.00023748399689793587,0.000213347258977592,0.011141661554574966,0.013933233916759491,-0.023504670709371567,0.02407623827457428,-0.4798703193664551,0.5616626739501953,0.5037779808044434,-1.9506417512893677,-0.37152913212776184,2.347010850906372,1.0271714925765991,-0.0038447983097285032,-0.01626550778746605,0.0057760789059102535,-0.0009448056807741523,0.012209109961986542,-0.014786597341299057,-0.007678063120692968,0.6017537713050842,1.7337191820843145e-05,0.10123399645090103,-0.0001740297011565417,0.9993948340415955,-3.3090364013332874e-05,-0.034782811999320984,-1.0638032108545303e-06,-1.1136384273413569e-05,0.03239527344703674,4.487661499297246e-06,1.4031982686901756e-07,0.9999999403953552,-2.6758161766338162e-06,-0.0039717694744467735,0.002174580004066229,-0.009047327563166618,0.0003580319171305746,0.00022776698460802436,4.9116279114969075e-05,-0.003333327127620578,-0.0021775325294584036,0.00930081494152546,0.0006669776048511267,-0.0008015824132598937,-9.604654769646004e-05,0.0017383098602294922,-8.619990694569424e-06,0.024939492344856262,0.004025260452181101,0.0040391599759459496,5.130048066348536e-06,7.332710083574057e-06,,,,,3.892845747199849,,1320,3.0083333333333333
14.016666666653919,retreat,14.0166673976928,5.240977375930013,6.011476367712023,-0.5018711090087891,0.03517525692586787,3.988407011081373,0.0026229135983157903,0.055952909680744456,0.0,0.0,0.0,0.0,74,0.008916707709431648,0.00047153327614068985,0.008916707709431648,0.0010348361684009433,0.0,-6.289208002789315,0.0,0.0,0.0,0.0,0.0,0.0,2.696487536013592e-05,0.034797895699739456,-0.00017027444846462458,0.9993942975997925,-7.415865547955036e-05,0.00020307382510509342,0.011199136264622211,0.013862358406186104,-0.03473341837525368,0.021034756675362587,-0.47990474104881287,0.5615253448486328,0.5038352012634277,-1.9506417512893677,-0.3714260458946228,2.3468735218048096,1.0271028280258179,-0.00432415958493948,-0.016436580568552017,0.006232371553778648,-0.0011511282064020634,0.012095091864466667,-0.014819375239312649,-0.007642504293471575,0.6017529964447021,1.9647464796435088e-05,0.10130584239959717,-0.00017473917978350073,0.9993945956230164,-2.9073662517475896e-05,-0.034790173172950745,-2.09687277674675e-06,-4.147352228756063e-06,0.03239588066935539,7.729520802968182e-06,1.9511346636136295e-06,0.9999998807907104,-4.533598257694393e-06,-0.004405983258038759,0.00161234091501683,-0.007582568563520908,0.00043205771362408996,0.0001475789031246677,-0.00011785683454945683,-0.0038681523874402046,-0.0016148018185049295,0.007870037108659744,0.0006714853225275874,-0.0007841854821890593,7.103772804839537e-05,0.0017388463020324707,-8.555482054362074e-06,0.024939455091953278,0.004025268834084272,0.004039309918880463,5.1281194828334264e-06,7.333961548283696e-06,,,,,3.892845747199849,,1320,3.0166666666666666
14.024999999987244,retreat,14.02500073146075,5.1844280277885275,5.939056724309923,-0.5035400390625,0.037379464629339054,3.9892907035810152,0.004091175924259005,0.03956468118525214,0.0,0.0,0.0,0.0,81,0.01511568482965231,0.00044867501128464937,0.015115685760974884,0.001786914188414812,0.0,-6.216849795614557,0.0,0.0,0.0,0.0,0.0,0.0,2.307774957444053e-05,0.0348057858645916,-0.00017166421457659453,0.9993941187858582,0.0001261810539290309,-0.006279353983700275,0.010859567672014236,0.48058784008026123,-0.04685204103589058,-0.030657801777124405,-0.47994479537010193,0.5613880157470703,0.5038924217224121,-1.9506431818008423,-0.37132856249809265,2.346736192703247,1.0270341634750366,-0.004792570136487484,-0.016582375392317772,0.006720862351357937,-0.0013809965457767248,0.012079992331564426,-0.014793614856898785,-0.007585891522467136,0.6017515063285828,1.8068536519422196e-05,0.10137704759836197,-0.0001738115242915228,0.9993942379951477,-2.5800729417824186e-05,-0.034798115491867065,-1.8451828509569168e-06,-7.998358341865242e-06,0.03239467740058899,7.670600098208524e-06,2.646730990818469e-06,0.9999999403953552,-2.241240508737974e-06,-0.004555576480925083,0.013356379233300686,-0.005416436120867729,-0.00036420475225895643,0.00018316796922590584,0.0001873864239314571,-0.004168658517301083,-0.013358091004192829,0.005715561099350452,0.0015484086470678449,-0.0008412989554926753,-0.0002961572026833892,0.0017392635345458984,-8.618171705165878e-06,0.02493942528963089,0.004025280941277742,0.0040381839498877525,-0.00029198196716606617,-0.0004173591732978821,,,,,3.892845747199849,,1320,3.025
14.03333333332057,retreat,14.0333340652287,5.127854979104525,5.867374688386919,-0.5058646202087402,0.03478110738797113,3.990125122639308,0.014098650353844278,0.03956468118525214,0.0,0.0,0.0,0.0,86,0.010824671015143394,0.00019070364942308515,0.010824671015143394,0.0012218775227665901,0.0,-6.1452257702612725,0.0,0.0,0.0,0.0,0.0,0.0,1.9749877537833527e-05,0.03481311351060867,-0.00016951834550127387,0.9993937611579895,7.436375017277896e-05,-0.0002906914451159537,0.011597422882914543,-0.039397068321704865,-0.04806886613368988,0.020938869565725327,-0.47999003529548645,0.5612506866455078,0.5039496421813965,-1.950666069984436,-0.37123119831085205,2.3465988636016846,1.0269654989242554,-0.005151922348886728,-0.016744175925850868,0.006979453843086958,-0.0015690030995756388,0.011708736419677734,-0.01487551536411047,-0.007404407951980829,0.6017401814460754,1.585521749802865e-05,0.10144073516130447,-0.0001731741795083508,0.9993937015533447,-2.2337906557368115e-05,-0.03481622785329819,7.751397788524628e-06,-7.665699740755372e-06,0.032386086881160736,-3.114501168965944e-06,2.462740440023481e-06,0.9999999403953552,-3.744037030628533e-06,-0.005399601999670267,-0.007163938134908676,-0.006057705730199814,-3.334178472869098e-05,-0.0001870677078841254,-1.6182701074285433e-05,-0.004964548163115978,0.007162006106227636,0.006421247962862253,-0.0010645940201357007,-0.0005928667960688472,9.018350829137489e-05,0.0017396211624145508,-8.505157893523574e-06,0.0249394029378891,0.0040252781473100185,0.004038386512547731,5.0346388889010996e-06,7.195136277005076e-06,,,,,3.892845747199849,,1320,3.033333333333333
14.041666666653896,retreat,14.041667398996651,5.071259107675877,5.803225189447405,-0.5168914794921875,0.03255239062127657,3.9903705068568156,0.015356519725173712,0.03956468118525214,0.0,0.0,0.0,0.0,74,0.008383920416235924,0.0013866099761798978,0.008383921347558498,0.0021766384597867727,0.0,-6.0810933309379775,0.0,0.0,0.0,0.0,0.0,0.0,3.0509854695992544e-05,0.03481528162956238,-0.0001671070058364421,0.9993937015533447,-0.0023849501740187407,0.00031450108508579433,0.011521615087985992,0.03320792689919472,0.09193026274442673,0.12304440885782242,-0.48003581166267395,0.5611133575439453,0.5040070414543152,-1.9506889581680298,-0.37113383412361145,2.346461534500122,1.0268968343734741,-0.00550749059766531,-0.01686595007777214,0.007292550057172775,-0.0017710450338199735,0.011621798388659954,-0.014583568088710308,-0.007358464878052473,0.6017290353775024,1.3580176528193988e-05,0.10150447487831116,-0.00017256775754503906,0.999393105506897,-1.9019778846995905e-05,-0.03483410179615021,9.000767022371292e-06,-7.758873834973201e-06,0.032385677099227905,-1.883029835880734e-05,-1.16685760076507e-05,0.9999999403953552,-5.059324848843971e-06,-0.006809459067881107,-0.00040221441304311156,-0.00487438403069973,0.0009636139729991555,0.000994382076896727,7.307327905436978e-05,-0.0064535303972661495,0.000400703662307933,0.005336807109415531,0.0008980854763649404,-0.00197800830937922,-0.00013667633174918592,0.0017396807670593262,-8.403396350331604e-06,0.024939395487308502,0.004025273025035858,0.004038520622998476,5.3523126553045586e-06,7.652241038158536e-06,,,,,3.892845747199849,,1320,3.0416666666666665
14.049999999987222,retreat,14.050000732764602,5.014641291300457,5.739038437604906,-0.5295276641845703,0.030500636057695374,3.9925292387074536,0.013778611901216209,0.0,6.279318768065423e-05,2.326025168031265e-07,0.0,0.0,77,0.006132468581199646,0.0006042232853360474,0.00608529569581151,0.001183444750495255,-7.727484927499972e-07,-6.017056658360411,1.2085293654706675e-08,1.4103832768341817e-07,-6.279302760958672e-05,-2.0678450951550076e-08,-2.3168094287484564e-07,-5.208861675320975e-10,2.7344978661858477e-05,0.034834060817956924,-0.0001697414118098095,0.999393105506897,-0.0028175904881209135,0.00027717542252503335,0.011661231517791748,0.029709333553910255,0.11690175533294678,0.11390527337789536,-0.4800862967967987,0.5609760284423828,0.5040754079818726,-1.9507118463516235,-0.37103646993637085,2.346324920654297,1.0268281698226929,-0.00584037508815527,-0.016977116465568542,0.007595723494887352,-0.0019531911239027977,0.011529521085321903,-0.014483456499874592,-0.0073094903491437435,0.6017183661460876,1.5562000044155866e-05,0.10156954079866409,-0.0001749344082782045,0.9993925094604492,-1.299879568250617e-05,-0.034850556403398514,8.165836334228516e-06,-3.585197191569023e-06,0.03238667920231819,-1.651056663831696e-05,-1.451437401556177e-05,1.0,-4.687251475843368e-06,-0.004194809589534998,0.001099172979593277,-0.004336192272603512,0.0004385442298371345,0.0004153780173510313,1.5027275367174298e-05,-0.0038826081436127424,-0.001100635272450745,0.004617481026798487,0.0005947755416855216,-0.0010213179048150778,-5.696106018149294e-05,0.0017406344413757324,-8.529546903446317e-06,0.02493932843208313,0.004025266971439123,0.004038677085191011,5.317892373568611e-06,7.605034625157714e-06,,,,,3.892845747199849,,1320,3.05
14.058333333320547,retreat,14.058334066532552,4.958002407776135,5.673570185899736,-0.5415081977844238,0.03261117308284156,3.994588759871615,0.013309541827766225,0.0,0.0002539917186368257,9.409145036443078e-07,0.0,0.0,72,0.004887891001999378,0.0007890604319982231,0.004679414909332991,0.0011618264252319932,-3.1220296534684167e-06,-5.951731588231132,-1.2139285843204561e-07,-1.4272396811065846e-06,-0.0002539876732043922,-8.171102194864943e-08,-9.37344793783268e-07,5.302394079365058e-09,1.8650185666047037e-05,0.03485198691487312,-0.00017312029376626015,0.9993925094604492,-0.002668044762685895,0.00013334822142496705,0.01170569472014904,0.021930169314146042,0.10711944103240967,0.1316448301076889,-0.48013779520988464,0.5608386993408203,0.5041440725326538,-1.9507347345352173,-0.3709396421909332,2.3461883068084717,1.0267595052719116,-0.006133886054158211,-0.017077507451176643,0.007851543836295605,-0.002119249664247036,0.011389738880097866,-0.014361905865371227,-0.007207793649286032,0.601707935333252,1.691799843683839e-05,0.10163495689630508,-0.00017678772564977407,0.9993918538093567,-7.313027253985638e-06,-0.03486683964729309,7.671769708395004e-06,-4.232479113852605e-06,0.03238672390580177,-1.4868007383483928e-05,-1.1456233551143669e-05,1.0,-3.2669317988620605e-06,-0.00221605459228158,0.0018994221463799477,-0.003920813091099262,0.00010746090265456587,0.0007631295011378825,0.00016941636567935348,-0.001937471330165863,-0.001900803647004068,0.004065047483891249,0.00036906637251377106,-0.001083166105672717,-0.0001959916262421757,0.0017415285110473633,-8.683255146024749e-06,0.024939268827438354,0.00402526231482625,0.004038877319544554,5.14181283506332e-06,7.352093234658241e-06,,,,,3.892845747199849,,1320,3.058333333333333
14.066666666653873,retreat,14.066667400300503,4.90134333490078,5.608332902193071,-0.5486607551574707,0.03405360257602297,3.992725429275789,0.007610108241351554,0.03956468118525214,0.14311927556991577,0.00023716290888842195,0.1144954264163971,0.0,74,0.12097810953855515,0.0049437773413956165,0.031175872310996056,0.00856919027864933,-0.0010147159482585266,-5.886364762481458,0.11410816013813019,-0.009412871673703194,-0.0858711525797844,-2.1131050743861124e-05,-0.00023620619322173297,-2.521892383811064e-06,3.499635568005033e-05,0.034835588186979294,-0.00018057836859952658,0.9993930459022522,-0.00019583124958444387,-0.003114517079666257,0.01130970660597086,0.1265321522951126,0.00564555823802948,0.016404731199145317,-0.4801894724369049,0.5607004761695862,0.5042120814323425,-1.950757622718811,-0.37084800004959106,2.34608793258667,1.02669095993042,-0.006068591494113207,-0.016916166990995407,0.007638195995241404,-0.0021199414040893316,0.010858400724828243,-0.012427165172994137,-0.006888207513839006,0.6017056107521057,1.8989754607900977e-05,0.10170317441225052,-0.00018102259491570294,0.9993919730186462,-3.637446184256987e-07,-0.03486471250653267,2.925517037510872e-06,-3.343458956805989e-06,0.032390039414167404,-2.9149819965823554e-05,-3.4619100915733725e-05,0.9999999403953552,7.642022410436766e-07,-0.09043153375387192,0.0006339852698147297,-0.08035818487405777,0.001072766724973917,-0.004814112558960915,0.0003382700670044869,-0.08461177349090576,-0.0006641378859058022,0.08646447956562042,0.0011375502217561007,-0.008249342441558838,-0.00042185341590084136,0.0017406940460205078,-9.084395060199313e-06,0.024939320981502533,0.004010144155472517,0.004022984765470028,-2.4944893084466457e-06,-3.5740085877478123e-06,,,,,3.892845747199849,,1320,3.0666666666666664
14.074999999987199,retreat,14.075000734068453,4.8446649504722625,5.5405177175998706,-0.549018383026123,0.035305209166835994,3.9912047005316267,0.009523992048343644,0.0,0.18193823099136353,0.0003056004934478551,0.14555062353610992,0.0,70,0.1687643826007843,0.01743338257074356,0.014734246768057346,0.003066243836656213,-0.0013708172627957538,-5.818443853914796,0.1467525213956833,0.007902652956545353,-0.10725095123052597,-3.508762893034145e-05,-0.0002935775264631957,-7.728364289505407e-05,5.1267103117424995e-05,0.03482227027416229,-0.00017794803716242313,0.9993934631347656,-0.00022126063413452357,-4.7831053961999714e-05,0.011677304282784462,-0.002744348719716072,0.018722454085946083,0.08242003619670868,-0.48024097084999084,0.5605631470680237,0.504277765750885,-1.9507805109024048,-0.3707578778266907,2.3459885120391846,1.0266335010528564,-0.00594816729426384,-0.016662027686834335,0.007429597433656454,-0.0019249047618359327,0.010556594468653202,-0.011642233468592167,-0.006742574740201235,0.6017030477523804,1.9448843886493705e-05,0.10177084058523178,-0.00018433558579999954,0.9993920922279358,5.774660394308739e-07,-0.034862957894802094,5.001667886972427e-06,-3.923694748664275e-06,0.03238975256681442,-4.071645889780484e-05,-5.203119872021489e-05,1.0,-4.5742040128970984e-06,-0.13969652354717255,0.0044793980196118355,-0.09458452463150024,-0.00030053179943934083,-0.017430389299988747,0.00011837896454380825,-0.1327660083770752,-0.004516199696809053,0.10408750176429749,0.00033703490043990314,-0.0027497466653585434,-0.00014375275350175798,0.0017400383949279785,-8.98126745596528e-06,0.02493937313556671,0.004010116681456566,0.00402308814227581,5.262390914140269e-06,7.520196959376335e-06,,,,,3.892845747199849,,1320,3.075
14.083333333320525,retreat,14.083334067836404,4.787968132288459,5.473551899194719,-0.549614429473877,0.035439115890767425,3.989879723354672,0.010579233276075684,0.06852804166478502,0.22643686830997467,0.00037649302976205945,0.18114949762821198,-0.0005600512622550013,73,0.21083608269691467,0.023961197584867477,0.018026094883680344,0.0017717379378154874,-0.0017799219931475818,-5.751385920400257,0.18054810166358948,-0.014763535931706429,-0.13586050271987915,-3.369531623320654e-05,-0.000374953611753881,-4.626458576240111e-06,4.21535805799067e-05,0.03481058031320572,-0.0001805854553822428,0.999393880367279,-0.0001292940287385136,-0.0005153780803084373,0.0118685532361269,-0.05234765261411667,0.033807992935180664,0.003792149480432272,-0.48029106855392456,0.5604258179664612,0.5043390393257141,-1.9508033990859985,-0.37067052721977234,2.3458921909332275,1.02657949924469,-0.005706672556698322,-0.016341589391231537,0.0070515284314751625,-0.0016152242897078395,0.010122882202267647,-0.011109353974461555,-0.006604941561818123,0.6017011404037476,1.8284961697645485e-05,0.10183780640363693,-0.00018606727826409042,0.9993920922279358,-5.005544494451897e-07,-0.034859687089920044,6.097368896007538e-06,-5.106963726575486e-06,0.03238964080810547,-4.9148664402309805e-05,-4.181099939160049e-05,0.9999998211860657,-4.024571353511419e-06,-0.17539450526237488,-0.005487742368131876,-0.11686962097883224,0.0006637792102992535,-0.023951664566993713,-0.00012718535435851663,-0.16682502627372742,0.0054421755485236645,0.12880858778953552,-0.00012048787903040648,-0.0013852808624505997,0.0001344632328255102,0.001739501953125,-9.097169822780415e-06,0.024939410388469696,0.0040101283229887486,0.0040232050232589245,5.2559889809344895e-06,7.516850018873811e-06,,,,,3.892845747199849,,1320,3.0833333333333335
14.09166666665385,retreat,14.091667401604354,4.731253758147236,5.407405644655229,-0.5497932434082031,0.03366626697243191,3.9889470686117976,0.006652185675193323,0.0,0.25794586539268494,0.00042914735968224704,0.2063567042350769,-0.0011499362244649092,81,0.24047595262527466,0.028552323579788208,0.017951227724552155,0.0012994688004255295,-0.0019690253247972578,-5.685174825716188,0.2061442732810974,-0.011289668269455433,-0.15463879704475403,-4.106289634364657e-05,-0.0004263703594915569,-2.6260533559252508e-05,4.7536315832985565e-05,0.03480273857712746,-0.0001774463162291795,0.9993942379951477,1.5703466488048434e-05,-2.6367853934061714e-05,0.01139916107058525,0.024211425334215164,0.0344780869781971,0.0866842269897461,-0.4803387224674225,0.5602884888648987,0.5043963193893433,-1.9508161544799805,-0.37058475613594055,2.345797538757324,1.0265247821807861,-0.005425227340310812,-0.015960978344082832,0.006663213018327951,-0.001259048585779965,0.009939530864357948,-0.01063142716884613,-0.006609875243157148,0.6017041802406311,1.489161149947904e-05,0.10190822929143906,-0.00018652733706403524,0.9993924498558044,-2.3567097287013894e-06,-0.034851010888814926,2.6223715394735336e-06,-6.691865564789623e-06,0.03239414095878601,-4.831046317121945e-05,-4.545630145003088e-05,1.0,-7.5005855251220055e-06,-0.20193707942962646,-0.006592701189219952,-0.13040950894355774,0.0016891926061362028,-0.028502263128757477,-5.284442158881575e-05,-0.19236212968826294,0.006542386021465063,0.14416204392910004,0.0007376907160505652,-0.0006702747195959091,-1.6171179595403373e-07,0.0017390847206115723,-8.949660696089268e-06,0.024939432740211487,0.004010137170553207,0.004023369401693344,5.384293672250351e-06,7.698021363466978e-06,,,,,3.892845747199849,,1320,3.091666666666667
14.099999999987176,retreat,14.100000735372305,4.674522705846465,5.33779487013817,-0.5497336387634277,0.03017627022927627,3.991548141454078,0.006807977115386166,0.03956468118525214,0.13836883008480072,0.00023049222363624722,0.11069505661725998,-0.0010188506394115393,79,0.14502301812171936,0.026760084554553032,0.01880776509642601,0.007701982744038105,-0.0009529661620035768,-5.615744883140601,0.1103830561041832,-0.008367312140762806,-0.0830150693655014,-2.1207721147220582e-05,-0.00022944455849938095,-5.66478593100328e-06,2.6599920602166094e-05,0.034825313836336136,-0.0001794610288925469,0.9993934035301208,8.32471705507487e-05,4.923141204926651e-06,0.01129109039902687,0.027526691555976868,0.005943320691585541,0.018817365169525146,-0.4803845286369324,0.560151219367981,0.5044535994529724,-1.9508161544799805,-0.3704979717731476,2.3456997871398926,1.0264561176300049,-0.005445787217468023,-0.015795616433024406,0.0067113107070326805,-0.0010337223066017032,0.01026875153183937,-0.012191031128168106,-0.006923171691596508,0.6017122268676758,1.1021911632269621e-05,0.10198278725147247,-0.00018666696269065142,0.9993929266929626,1.904280452436069e-06,-0.034838005900382996,-5.843816325068474e-06,-7.070211722748354e-06,0.032399632036685944,-1.270843767997576e-05,-2.873328048735857e-05,0.9999999403953552,-6.208311333466554e-06,-0.13027140498161316,-0.0047891270369291306,-0.0635460615158081,0.000966080348007381,-0.026740314438939095,-0.0003526358923409134,-0.1255301982164383,0.004763235803693533,0.07246486842632294,0.000297644583042711,0.007919425144791603,0.00033478319528512657,0.0017402172088623047,-9.013925591716543e-06,0.024939358234405518,0.004010144155472517,0.004023580811917782,5.486243935592938e-06,7.843744242563844e-06,,,,,3.892845747199849,,1320,3.1
14.108333333320502,retreat,14.108334069140255,4.617775853184019,5.263356119394304,-0.5467534065246582,0.02702468555071391,3.995520099832397,0.005958700512564974,0.03956468118525214,1.54272547661094e-05,5.738776565067383e-08,0.0,-0.0007566794693047996,81,0.028005512431263924,0.01286658551543951,0.028009148314595222,0.009012001566588879,-1.6501334698659775e-07,-5.541582270018931,1.0161581798229236e-08,1.2006876204395667e-07,-1.542678364785388e-05,-5.133777847277088e-09,-5.7155922661422665e-08,-4.477436477134944e-10,-8.073693607002497e-06,0.03486005961894989,-0.0001841829071054235,0.9993922114372253,0.0004788789083249867,-0.00013136888446751982,0.0110256876796484,0.011650343425571918,-0.060676854103803635,-0.0016410923562943935,-0.4804306626319885,0.5600143074989319,0.5045114159584045,-1.9508165121078491,-0.3704063594341278,2.3455631732940674,1.0263874530792236,-0.0057504670694470406,-0.015880221500992775,0.007116629742085934,-0.0011224665213376284,0.010877012275159359,-0.01414700411260128,-0.00725613534450531,0.6017113327980042,5.767904440290295e-06,0.10205443203449249,-0.00018424735753796995,0.9993926286697388,4.484771579882363e-06,-0.03484470397233963,-1.7390120774507523e-06,-9.336217772215605e-06,0.03239656984806061,1.536224408482667e-05,3.5823436519422103e-06,0.9999999403953552,-1.8978894900101295e-07,-0.026666149497032166,-0.0011338905896991491,0.008481714874505997,0.000785373616963625,-0.012841730378568172,0.00014892610488459468,-0.027192117646336555,0.0011364303063601255,-0.006603481248021126,0.0006097781588323414,0.008989422582089901,-0.00018879315757658333,0.001741945743560791,-9.189476259052753e-06,0.024939239025115967,0.004025458823889494,0.004039713181555271,5.068453901913017e-06,7.229711627587676e-06,,,,,3.892845747199849,,1320,3.1083333333333334
14.116666666653828,retreat,14.116667402908206,4.561014077957767,5.191845446825029,-0.5478858947753906,0.02115906318067573,3.9952750313838696,0.00867860308062518,0.0,0.0,0.0,0.0,0.0,61,0.011235194280743599,0.002082269638776779,0.011235197074711323,0.0006237345514819026,0.0,-5.470054559893234,0.0,0.0,0.0,0.0,0.0,0.0,-1.0300378562533297e-05,0.034857768565416336,-0.0001690023927949369,0.9993922710418701,9.17429497349076e-05,0.002893480472266674,0.011088162660598755,0.034038737416267395,-0.04427425190806389,0.015517688356339931,-0.4804821312427521,0.5598769783973694,0.504568874835968,-1.9508181810379028,-0.37031471729278564,2.345425844192505,1.0263187885284424,-0.005938295740634203,-0.015966597944498062,0.007285444997251034,-0.001352793537080288,0.010988185182213783,-0.014147973619401455,-0.007292213849723339,0.6017099022865295,-2.8337690309854224e-06,0.1021258533000946,-0.00018173313583247364,0.9993924498558044,4.435207756614545e-06,-0.03485207259654999,-9.702052921056747e-07,-1.2234995665494353e-05,0.03239647299051285,5.7006636779988185e-06,5.417335614765761e-06,1.0,-1.2927785974170547e-05,-0.007836449891328812,-0.007883462123572826,0.0016342226881533861,0.0017452010652050376,-0.0011263896012678742,0.0001461716165067628,-0.007931225933134556,0.007883889600634575,-0.0010814857669174671,0.0005946551682427526,-5.654525011777878e-06,-0.00018814372015185654,0.0017418265342712402,-8.42703229864128e-06,0.024939246475696564,0.004024175461381674,0.0040386333130300045,-1.3621756806969643e-06,-1.9479521142784506e-06,,,,,3.892845747199849,,1320,3.1166666666666667
14.124999999987153,retreat,14.125000736676157,4.504238257965577,5.120766907930376,-0.5498528480529785,0.012714500371657778,3.995569111721273,0.013681951713806484,0.055952909680744456,0.0030311893206089735,5.072670319350436e-06,0.0024249525740742683,0.0,67,0.00954092014580965,0.0013861828483641148,0.007804291322827339,0.0011320096673443913,-1.60060867528955e-05,-5.39899646594048,0.002409705426543951,-0.00038619007682427764,-0.0017978559480980039,-1.082531397855746e-07,-4.967833774571773e-06,1.0202419389315764e-06,-8.119312951748725e-06,0.03486049175262451,-0.0001794627751223743,0.9993921518325806,-0.00010897446918534115,0.004425290040671825,0.010756953619420528,-0.3424410820007324,-0.027740061283111572,0.04336407035589218,-0.4805336594581604,0.5597396492958069,0.5046278238296509,-1.9508410692214966,-0.37022271752357483,2.3452913761138916,1.0262501239776611,-0.006099088117480278,-0.016032565385103226,0.0074374061077833176,-0.0015973261324688792,0.011054949834942818,-0.01391305960714817,-0.007314183283597231,0.60169917345047,-7.788799848640338e-06,0.1021898165345192,-0.0001800385070964694,0.9993918538093567,7.719684617768507e-06,-0.03486807644367218,8.311821147799492e-06,-8.865143172442913e-06,0.032388754189014435,-7.590511813759804e-06,3.7981425293764914e-07,0.9999998807907104,-5.900028554606251e-07,-0.007460426539182663,-0.005876621697098017,0.0009146063239313662,0.0013826380018144846,-8.560412970837206e-05,-4.987065403838642e-05,-0.007506045512855053,0.005876742769032717,-0.00039031944470480084,0.0005358833004720509,-0.0009921377059072256,1.2081189197488129e-05,0.001741945743560791,-8.953533324529417e-06,0.024939239025115967,0.004012490157037973,0.004026058129966259,-0.0003213658928871155,-0.0004594048950821161,,,,,3.892845747199849,,1320,3.125
14.13333333332048,retreat,14.133334070444107,4.4474492710053255,5.057504028081896,-0.5504488945007324,0.006922035481693456,3.987572233081034,0.013555291843658779,0.055952909680744456,0.3523315191268921,0.0005901200347580016,0.2818654179573059,0.0,75,0.29957300424575806,0.0152322668582201,0.06578759104013443,0.019824068993330002,-0.0027919894200749695,-5.335177627513697,0.2796691060066223,-0.05583666265010834,-0.20689360797405243,-6.555036634381395e-06,-0.000567977549508214,0.0001600006507942453,2.596558078948874e-05,0.03479085862636566,-0.00016581531963311136,0.9993945956230164,6.58046337775886e-05,-6.966491491766647e-05,0.011286711320281029,0.03623906522989273,0.05869964510202408,0.1393619179725647,-0.48058193922042847,0.5596084594726562,0.5046862959861755,-1.9508628845214844,-0.3701365292072296,2.3451998233795166,1.0261926651000977,-0.0053395917639136314,-0.015501171350479126,0.006268383469432592,-0.0013664989965036511,0.00959680788218975,-0.009271650575101376,-0.006498968694359064,0.6016975045204163,-8.976667231763713e-06,0.10225390642881393,-0.00018291984451934695,0.9993919134140015,8.331193384947255e-06,-0.03486500680446625,9.240582585334778e-06,-4.075078322784975e-06,0.03238949924707413,-7.420385372824967e-05,-3.485912748146802e-05,0.9999998807907104,-1.5898878700681962e-05,-0.2308778315782547,-0.03547259047627449,-0.18756626546382904,0.005703664384782314,-0.014108972623944283,0.0006534996791742742,-0.21724563837051392,0.03539731353521347,0.20321251451969147,0.000531553290784359,-0.01924176514148712,-0.0007005382794886827,0.0017384886741638184,-8.330915079568513e-06,0.02493947744369507,0.004010393284261227,0.0040237135253846645,5.39623579243198e-06,7.718888809904456e-06,,,,,3.892845747199849,,1320,3.1333333333333333
14.141666666653805,retreat,14.141667404212058,4.390647994874881,4.9948222935199755,-0.5517005920410156,0.005846303793077823,3.9883088109589457,0.005670826340065105,0.03956468118525214,0.3058237135410309,0.0005071909981779754,0.244658961892128,-3.558107763979024e-05,69,0.28906092047691345,0.03782837837934494,0.018816322088241577,0.0019271480850875378,-0.0023066379653755575,-5.272547101506792,0.2444961667060852,-0.00905123632401228,-0.18348798155784607,-2.3302673071157187e-05,-0.0005066097946837544,-6.798964477638947e-06,3.87050022254698e-05,0.03479710593819618,-0.00017874180048238486,0.999394416809082,0.00012310163583606482,-0.00013286845933180302,0.011102614924311638,0.018578892573714256,0.04275812953710556,-0.008736724965274334,-0.48062583804130554,0.5594825744628906,0.5047391653060913,-1.9508628845214844,-0.3700525164604187,2.3451082706451416,1.0261328220367432,-0.004940611310303211,-0.014996198005974293,0.005854654125869274,-0.0009375883382745087,0.009724759496748447,-0.009220186620950699,-0.00669986754655838,0.6017042994499207,-1.3199412933317944e-05,0.10232234746217728,-0.00018439313862472773,0.9993923306465149,8.054964382608887e-06,-0.03485442325472832,9.289942681789398e-07,-7.124002877390012e-06,0.03239580988883972,-5.7360517530469224e-05,-4.6920384193072096e-05,0.9999999403953552,-4.016854745714227e-06,-0.24703232944011688,-0.008270586840808392,-0.14987610280513763,0.0022979779168963432,-0.03775700554251671,-0.0003377650282345712,-0.23599080741405487,0.008208277635276318,0.16672486066818237,0.0011228088987991214,0.002069074660539627,0.00025916669983416796,0.0017387866973876953,-8.999018973554485e-06,0.024939455091953278,0.004010374657809734,0.004023851361125708,5.339614290278405e-06,7.63376010581851e-06,,,,,3.892845747199849,,1320,3.1416666666666666
14.14999999998713,retreat,14.150000737980008,4.333835307372114,4.927439242601396,-0.5511045455932617,0.0018924347386928275,3.993755271896554,0.004684334726334782,0.055952909680744456,0.0856601670384407,0.00014251125685404986,0.06852813810110092,-0.0012154789601481752,70,0.10913380235433578,0.02899823524057865,0.037550970911979675,0.013667352497577667,-0.0005379951635404723,-5.205542699409003,0.06851229816675186,-0.0018414113437756896,-0.05138421803712845,-6.998215667408658e-06,-0.0001422621717210859,-4.685858584707603e-06,5.163875357538927e-06,0.034844499081373215,-0.000180699847987853,0.9993927478790283,4.705236278823577e-05,-0.0001699423446552828,0.010734091512858868,0.015683192759752274,-0.005634984467178583,0.031260356307029724,-0.48066920042037964,0.559356689453125,0.5047950148582458,-1.9508628845214844,-0.3699662387371063,2.3450167179107666,1.026064157485962,-0.005064770113676786,-0.014900360256433487,0.006148260086774826,-0.0007776848506182432,0.0104081304743886,-0.012093313038349152,-0.007124291267246008,0.6017112731933594,-1.508777859271504e-05,0.10239123553037643,-0.0001876176247606054,0.9993926882743835,1.3082728401059285e-05,-0.03484348952770233,-6.0372985899448395e-06,-4.8605797928757966e-06,0.03239775449037552,1.0018726470661932e-06,-1.8477352568879724e-05,0.9999998807907104,-6.279170065681683e-06,-0.10514995455741882,-0.00320226582698524,-0.029041681438684464,0.00021719274809584022,-0.028996501117944717,-0.00023092485207598656,-0.10287207365036011,0.003187276190146804,0.036295484751462936,-0.00022911143605597317,0.013805334456264973,0.00025216626818291843,0.001741170883178711,-9.038502867042553e-06,0.024939291179180145,0.004010370001196861,0.004024033900350332,5.296508788887877e-06,7.569353329017758e-06,,,,,3.892845747199849,,1320,3.15
14.158333333320456,retreat,14.158334071747959,4.277012086294896,4.858737438917162,-0.5480647087097168,0.0002827409844030626,3.996402222015748,0.007406518307107035,0.03956468118525214,0.0,0.0,0.0,-0.00036329493013909087,73,0.02809746377170086,0.009602337144315243,0.02809746190905571,0.00636232690885663,0.0,-5.137024916066001,0.0,0.0,0.0,0.0,0.0,0.0,-2.002426663239021e-05,0.03486764430999756,-0.0001834998111007735,0.9993919730186462,0.00019513131701387465,0.006521181669086218,0.010448282584547997,-0.44685620069503784,-0.04326561093330383,0.04292155057191849,-0.48071449995040894,0.5592308044433594,0.5048512816429138,-1.9508628845214844,-0.36987459659576416,2.344921112060547,1.0259954929351807,-0.005255552474409342,-0.014989401213824749,0.006393497344106436,-0.0009290897287428379,0.010724900290369987,-0.013470703735947609,-0.007236298173666,0.6017173528671265,-1.7346763343084604e-05,0.10246001929044724,-0.00019220197282265872,0.9993929862976074,1.5335910575231537e-05,-0.0348350889980793,-9.608455002307892e-06,-5.2181549108354375e-06,0.032398052513599396,3.2571238989476115e-05,4.373764568299521e-06,0.9999999403953552,-8.857833563524764e-06,-0.021891620010137558,-0.015367681160569191,0.008605744689702988,0.0015107039362192154,-0.00947779230773449,0.00030677043832838535,-0.02243795618414879,0.015370008535683155,-0.007054668851196766,-0.0007291495567187667,0.006315294653177261,-0.000254165381193161,0.0017423033714294434,-9.134501851804089e-06,0.02493920922279358,0.004024455789476633,0.004038856830447912,-0.00029008649289608,-0.00041469314601272345,,,,,3.892845747199849,,1320,3.158333333333333
14.166666666653782,retreat,14.16666740551591,4.220179209441097,4.790251702070238,-0.5427002906799316,-0.0009331770343123935,3.9959121781383384,0.008771155989961699,0.06852804166478502,0.0,0.0,0.0,0.0,74,0.0081210657954216,0.0015905649634078145,0.0081210657954216,0.0018494364339858294,0.0,-5.068505110604665,0.0,0.0,0.0,0.0,0.0,0.0,-2.6614914531819522e-05,0.03486337140202522,-0.0001886797690531239,0.9993919730186462,0.0020271348766982555,0.00012564646021928638,0.01045954693108797,0.020180365070700645,-0.1589834988117218,-0.05478470399975777,-0.48076027631759644,0.5591049194335938,0.5049084424972534,-1.9508635997772217,-0.3697829246520996,2.344827175140381,1.0259268283843994,-0.005448525305837393,-0.015055638737976551,0.006683057639747858,-0.0012484010076150298,0.011072534136474133,-0.013442336581647396,-0.007325775921344757,0.6017234921455383,-1.9461444026092067e-05,0.10252876579761505,-0.00019707941100932658,0.9993932843208313,1.7921867765835486e-05,-0.03482580557465553,-1.096515916287899e-05,-5.806887202197686e-06,0.03239835798740387,3.7588215491268784e-05,8.389088179683313e-06,0.9999998211860657,-8.697756129549816e-06,-0.005549739580601454,0.004574773367494345,0.003771411720663309,0.001162213273346424,-0.0010760573204606771,0.00014580065908376127,-0.005798702128231525,-0.00457356683909893,-0.003377757500857115,0.0018085666233673692,0.00027447909815236926,-0.00027232925640419126,0.0017421245574951172,-9.381858035339974e-06,0.024939224123954773,0.004024428315460682,0.004037710838019848,5.599245923804119e-06,8.007045835256577e-06,,,,,3.892845747199849,,1320,3.1666666666666665
14.174999999987108,retreat,14.17500073928386,4.163337554608589,4.7218255698680895,-0.536501407623291,-0.002510128979338333,3.99468680586567,0.004984970018995227,0.03956468118525214,0.0,0.0,0.0,0.0,74,0.007987074553966522,0.0005276083247736096,0.007987074553966522,0.0006645513349212706,0.0,-4.999993788522488,0.0,0.0,0.0,0.0,0.0,0.0,-3.0056500690989196e-05,0.03485257923603058,-0.00019307759066578,0.9993924498558044,0.002492019673809409,-9.308459993917495e-05,0.010261337272822857,0.0017043928382918239,-0.18424934148788452,-0.05643915757536888,-0.48080605268478394,0.5589790344238281,0.5049656629562378,-1.9508863687515259,-0.36969128251075745,2.344733476638794,1.0258581638336182,-0.005560440942645073,-0.015135378576815128,0.0068068727850914,-0.0015266286209225655,0.01093332003802061,-0.013360172510147095,-0.007143216207623482,0.601719319820404,-1.8901355360867456e-05,0.10258916020393372,-0.00020241475431248546,0.9993932247161865,2.3216891349875368e-05,-0.03482755646109581,-1.0647345334291458e-06,-3.3393389458069578e-06,0.032389625906944275,2.5040046239155345e-05,6.503522399725625e-06,0.9999999403953552,-9.5670093287481e-06,-0.006360551808029413,-0.0022955923341214657,0.004250528756529093,-0.00015585539222229272,-0.00048667253577150404,0.0001312609965680167,-0.0066410875879228115,0.0022969197016209364,-0.0037965080700814724,-0.0004954061005264521,-0.0004321490996517241,-9.72031702985987e-05,0.0017415881156921387,-9.595637493475806e-06,0.024939261376857758,0.004024430178105831,0.004037900362163782,5.269473149382975e-06,7.532304152846336e-06,,,,,3.892845747199849,,1320,3.175
14.183333333320434,retreat,14.18333407305181,4.1064879995952435,4.661744087934496,-0.5397200584411621,-0.001142592736869119,3.9930687396131566,0.004831398655369412,0.03956468118525214,0.0,0.0,0.0,0.0,67,0.010243158787488937,0.00028053540154360235,0.010243157856166363,0.0016416892176494002,0.0,-4.939799815787647,0.0,0.0,0.0,0.0,0.0,0.0,-2.0779647456947714e-05,0.03483836352825165,-0.00020101145491935313,0.9993929266929626,-9.102821059059352e-05,0.00011699466267600656,0.010560287162661552,0.019515950232744217,-0.041299447417259216,-0.00988687016069889,-0.4808518886566162,0.5588531494140625,0.5050228834152222,-1.9509092569351196,-0.369599848985672,2.344641923904419,1.0257896184921265,-0.005634548608213663,-0.015198882669210434,0.006876588333398104,-0.0017758996691554785,0.010747505351901054,-0.013045220635831356,-0.0069320895709097385,0.6017155647277832,-1.798776793293655e-05,0.10264990478754044,-0.00020815088646486402,0.9993932247161865,2.8588399800355546e-05,-0.03482796251773834,-4.568137228488922e-07,-3.4337608667556196e-06,0.032390251755714417,1.0407130503153894e-05,-8.054971658566501e-06,0.9999999403953552,-6.861029305582633e-06,-0.009557516314089298,-0.002812644001096487,0.0023801715578883886,-2.9516265840356937e-06,0.00019651091133709997,0.0002001870598178357,-0.009700141847133636,0.002812945283949375,-0.0017078877426683903,-0.0004221394192427397,-0.0015771467005833983,-0.00017190189100801945,0.001740872859954834,-1.0008275239670184e-05,0.024939313530921936,0.0040244306437671185,0.00403808755800128,5.528750079974998e-06,7.903814548626542e-06,,,,,3.892845747199849,,1320,3.183333333333333
14.19166666665376,retreat,14.19166740681976,4.049631422198928,4.601245373487474,-0.544130802154541,0.0003027853381354362,3.9932158635941426,0.004017106220999267,0.03956468118525214,0.0,0.0,0.0,0.0,67,0.007422384340316057,0.00034563158988021314,0.0074223848059773445,0.0007778528379276395,0.0,-4.8793113296667565,0.0,0.0,0.0,0.0,0.0,0.0,-2.9156935852370225e-05,0.034839823842048645,-0.00020631917868740857,0.9993928670883179,-0.00042409385787323117,2.068278263323009e-05,0.010575140826404095,0.014282779768109322,-0.025020312517881393,0.029769854620099068,-0.48089778423309326,0.5587272644042969,0.5050801038742065,-1.9509321451187134,-0.3695136308670044,2.344550371170044,1.0257433652877808,-0.005708116106688976,-0.015264004468917847,0.006951624993234873,-0.0020104211289435625,0.010613873600959778,-0.012916267849504948,-0.006766556762158871,0.6017119288444519,-1.7789629055187106e-05,0.10271065682172775,-0.00021169694082345814,0.9993932247161865,2.4574974304414354e-05,-0.034828104078769684,-1.2028031051158905e-06,-4.442284989636391e-06,0.03239055722951889,1.1724041542038321e-05,4.390632966533303e-06,0.9999999403953552,-5.535884156415705e-06,-0.006348166149109602,-0.001851133187301457,0.0033713332377374172,-0.0001542934332974255,-0.0002777549088932574,0.00013604022387880832,-0.006567521020770073,0.0018521485617384315,-0.0029204473830759525,-0.00043012318201363087,-0.0006392765208147466,-0.00010665180889191106,0.0017409324645996094,-1.0258905604132451e-05,0.02493930608034134,0.004024455323815346,0.004038206301629543,5.3647854656446725e-06,7.668480975553393e-06,,,,,3.892845747199849,,1320,3.1916666666666664
14.199999999987085,retreat,14.200000740587711,3.9927687002175176,4.540716856718065,-0.5483031272888184,0.0009921386663336307,3.9933629821635472,0.0035200744150643004,0.03956468118525214,0.0,0.0,0.0,0.0,67,0.005837209988385439,0.00028788752388209105,0.005837209988385439,0.0009002803708426654,0.0,-4.818793040845426,0.0,0.0,0.0,0.0,0.0,0.0,-2.7610543838818558e-05,0.034841086715459824,-0.00020995771046727896,0.9993928074836731,-0.00032650859793648124,3.774948709178716e-05,0.010529235936701298,0.014161661267280579,-0.03401388227939606,0.017775118350982666,-0.4809436798095703,0.5586013793945312,0.50513756275177,-1.9509550333023071,-0.36942771077156067,2.344458818435669,1.0256975889205933,-0.005766835995018482,-0.01532528642565012,0.007006859872490168,-0.002234563697129488,0.010494345799088478,-0.012741758488118649,-0.006676074117422104,0.6017083525657654,-1.7451209714636207e-05,0.1027713343501091,-0.0002149886277038604,0.9993932843208313,2.0829833374591544e-05,-0.03482796996831894,-1.7958227545022964e-06,-4.5716042222920805e-06,0.03239075839519501,1.3130598745192401e-05,6.600121196242981e-06,0.9999999403953552,-5.263551429379731e-06,-0.004495002329349518,-0.0019180674571543932,0.003192020347341895,-4.844674185733311e-05,0.00015581908519379795,-0.0002371762238908559,-0.0047063566744327545,0.001919179456308484,-0.002870535245165229,-0.00030819879611954093,-0.0008052890188992023,0.0002588972565717995,0.0017409920692443848,-1.044341206579702e-05,0.02493930608034134,0.004024413414299488,0.004038380924612284,5.376832632464357e-06,7.68757308833301e-06,,,,,3.892845747199849,,1320,3.2
14.208333333320411,retreat,14.208334074355662,3.9359007114488804,4.4806279242038745,-0.5509853363037109,0.001142797373177018,3.9917934383370173,0.0036447079310164554,0.0,0.009448355995118618,1.564720514579676e-05,0.007558684330433607,0.0,67,0.010827121324837208,0.0001561833923915401,0.003848419990390539,0.0014113361248746514,-5.7806131735560484e-05,-4.758594990721295,0.007551555521786213,-0.0003284160338807851,-0.005669001955538988,-7.206382406366174e-07,-1.5630590496584773e-05,-1.845158692503901e-08,-1.3498050975613296e-05,0.03482724353671074,-0.00021193517022766173,0.9993934035301208,-0.00044643745059147477,-0.0002516880049370229,0.010641167871654034,-0.031189482659101486,-0.025816377252340317,0.015356332994997501,-0.48099008202552795,0.5584754943847656,0.5051956176757812,-1.9509779214859009,-0.36934179067611694,2.344367265701294,1.0256518125534058,-0.005788879469037056,-0.015362136997282505,0.007017221301794052,-0.0024320005904883146,0.010366496630012989,-0.01242151390761137,-0.006563903298228979,0.6017047762870789,-1.6982372471829876e-05,0.10283216089010239,-0.00021864695008844137,0.9993932843208313,1.6770773072494194e-05,-0.034827932715415955,-8.551869541406631e-07,-4.007069946965203e-06,0.03239142894744873,-6.954797981961747e-07,-3.5064038002019515e-06,1.0000001192092896,-6.59367788102827e-06,-0.01043927762657404,-0.0014915121719241142,-0.0024542673490941525,8.758890544413589e-06,-0.00013032963033765554,-8.561962749809027e-05,-0.010243129916489124,0.0014899332309141755,0.003175682621076703,-0.00020023423712700605,-0.001377803273499012,9.91581182461232e-05,0.00174027681350708,-1.0566825039859395e-05,0.02493935078382492,0.004010193049907684,0.004023262299597263,5.2475579650490545e-06,7.505412213504314e-06,,,,,3.892845747199849,,1320,3.2083333333333335
14.216666666653737,retreat,14.216667408123612,3.87902833369089,4.420285671949388,-0.551760196685791,0.0017726306396070868,3.988750692501909,0.006203405519045191,0.0,0.0948004499077797,0.00015708446153439581,0.07584036141633987,-0.00036329493013909087,68,0.08216389268636703,0.004425432533025742,0.013508602045476437,0.005386133678257465,-0.0006359888084261911,-4.698041200515458,0.07581591606140137,-0.002173192799091339,-0.05687135085463524,-7.833205017959699e-06,-0.000156829395564273,-4.325626377976732e-06,6.460030363086844e-06,0.034800801426172256,-0.00021187168022152036,0.9993942975997925,-0.0004255492240190506,0.00013092804874759167,0.01042103860527277,0.02118619717657566,0.004374035634100437,0.049159206449985504,-0.4810360372066498,0.558349609375,0.5052528977394104,-1.9510008096694946,-0.3692558705806732,2.344275712966919,1.0256060361862183,-0.005599798634648323,-0.015243235975503922,0.006748381070792675,-0.0025044202338904142,0.010007092729210854,-0.011129559949040413,-0.0063387444242835045,0.601701021194458,-1.6837235307320952e-05,0.10289276391267776,-0.00022192012693267316,0.9993932843208313,1.2715438060695305e-05,-0.0348280668258667,2.1443702280521393e-06,-4.270543286111206e-06,0.03239148110151291,-2.7287420380162075e-05,-1.950766636582557e-05,1.0,-9.373356988362502e-06,-0.06658795475959778,-0.003443861147388816,-0.04801134765148163,0.0005552126676775515,-0.004390355199575424,-3.1162588129518554e-05,-0.0630841925740242,0.003419885877519846,0.05253184586763382,5.956058157607913e-05,-0.005229018162935972,2.446949656587094e-05,0.0017389655113220215,-1.0598408152873162e-05,0.024939440190792084,0.004010195378214121,0.004023439716547728,5.370990493247518e-06,7.679278496652842e-06,,,,,3.892845747199849,,1320,3.216666666666667
14.224999999987062,retreat,14.225000741891563,3.822152444741416,4.360450059175493,-0.5522966384887695,0.0022825688574812375,3.9862460504709136,0.008755288945394568,0.0,0.18791984021663666,0.00031125376699492335,0.1503358781337738,-0.0009533079037282732,69,0.16788022220134735,0.014578733593225479,0.02101258747279644,0.00563185615465045,-0.0013468635879689828,-4.638031459286089,0.15015335381031036,-0.007502333261072636,-0.1127455085515976,-1.3750724974670447e-05,-0.00031093269353732467,3.2697407732484862e-06,2.472087726346217e-05,0.03477901220321655,-0.00021739350631833076,0.9993950724601746,-0.0003069750964641571,0.0001531760353827849,0.010567239485681057,0.025503339245915413,0.024258974939584732,0.005567075684666634,-0.4810818135738373,0.5582237243652344,0.5053101181983948,-1.9510236978530884,-0.36917388439178467,2.344184160232544,1.0255602598190308,-0.005217405967414379,-0.014954137615859509,0.006253977306187153,-0.0023762087803333998,0.009557264856994152,-0.009683202020823956,-0.006110345479100943,0.6016976833343506,-1.680221248534508e-05,0.10295341163873672,-0.00022400730813387781,0.9993932247161865,1.0131885574082844e-05,-0.03482768312096596,4.970934242010117e-06,-4.6041277528274804e-06,0.03239209204912186,-4.871469718636945e-05,-3.5050685255555436e-05,1.0,-5.396325832407456e-06,-0.1375862956047058,-0.005639274138957262,-0.09603114426136017,0.0008149287896230817,-0.014555618166923523,-9.672123269410804e-05,-0.1305675208568573,0.005591413006186485,0.10537853091955185,6.531656254082918e-06,-0.005320088006556034,9.345349099021405e-05,0.0017378926277160645,-1.090608839149354e-05,0.02493952214717865,0.0040101963095366955,0.004023630637675524,5.446989234769717e-06,7.78684625402093e-06,,,,,3.892845747199849,,1320,3.225
14.233333333320388,retreat,14.233334075659513,3.765273922398329,4.300882667303087,-0.5523562431335449,0.002221241629740689,3.984034766700139,0.012955054444319103,0.0,0.2706214487552643,0.0004482504155021161,0.21649716794490814,-0.0016087356016214471,69,0.24567286670207977,0.02536785416305065,0.025432873517274857,0.004575539380311966,-0.002006933238590136,-4.578310333456035,0.21623171865940094,-0.010857283137738705,-0.16236358880996704,-1.9842562323901802e-05,-0.00044778562732972205,4.77035155199701e-06,3.7571015127468854e-05,0.03475944325327873,-0.00021884003945160657,0.9993957281112671,-0.0002353246381971985,1.751022136886604e-05,0.010496479459106922,0.01748698204755783,0.0402245819568634,-0.010488763451576233,-0.4811236262321472,0.5580978393554688,0.5053600668907166,-1.9510465860366821,-0.36909449100494385,2.344092607498169,1.0255144834518433,-0.004688834771513939,-0.01451665535569191,0.005609662737697363,-0.002056910190731287,0.00915344525128603,-0.008369469083845615,-0.005932665430009365,0.6016937494277954,-1.955942570930347e-05,0.10301301628351212,-0.00022344182070810348,0.9993932843208313,7.325174010475166e-06,-0.03482804447412491,8.861767128109932e-06,-7.330309017561376e-06,0.03239187225699425,-6.86573694110848e-05,-4.501299190451391e-05,1.0,-3.0390451684070285e-06,-0.20397686958312988,-0.007383468560874462,-0.1367262899875641,0.0011980464914813638,-0.025339532643556595,-2.7934058380196802e-05,-0.19396397471427917,0.007316316943615675,0.15059752762317657,0.0001319225411862135,-0.004126336425542831,1.538641663501039e-05,0.0017369389533996582,-1.1000687663909048e-05,0.024939589202404022,0.004010198172181845,0.004023789428174496,5.355809207685525e-06,7.657625246793032e-06,,,,,3.892845747199849,,1320,3.2333333333333334
14.241666666653714,retreat,14.241667409427464,3.7083936444595,4.242656379938127,-0.5525350570678711,-0.000673726390232332,3.981674712588815,0.015563426131848246,0.0,0.35962843894958496,0.0005954178632237017,0.2877027690410614,-0.0016087356016214471,68,0.32843637466430664,0.03573601692914963,0.0315893292427063,0.0044182357378304005,-0.002762173651717603,-4.519919968792797,0.2875307500362396,-0.010142749175429344,-0.21576794981956482,-2.9376822567428462e-05,-0.0005946011515334249,-1.0437237506266683e-05,5.612289169221185e-05,0.034738801419734955,-0.0002180594892706722,0.9993964433670044,-1.941146911121905e-05,-3.902128810295835e-05,0.010434634983539581,0.02099611982703209,0.061398155987262726,0.058455705642700195,-0.48116061091423035,0.5579809546470642,0.5054059028625488,-1.9510694742202759,-0.36901694536209106,2.3440146446228027,1.0254687070846558,-0.004015231039375067,-0.013918725773692131,0.004829133860766888,-0.0015631389105692506,0.008830346167087555,-0.006976538337767124,-0.005825575441122055,0.601690948009491,-1.969920049305074e-05,0.10306840389966965,-0.0002250835095765069,0.9993933439254761,6.1197961258585565e-06,-0.034825973212718964,1.1146068572998047e-05,-4.467419785214588e-06,0.032388851046562195,-8.724367944523692e-05,-6.242799281608313e-05,1.0,-4.854686721955659e-06,-0.2733316719532013,-0.007370790001004934,-0.18195034563541412,0.0016668374883010983,-0.03569710627198219,-3.2603926229057834e-05,-0.26000311970710754,0.007281379774212837,0.200538769364357,0.0006019491702318192,-0.003786318004131317,-1.2332202459219843e-05,0.0017358660697937012,-1.099387645808747e-05,0.024939656257629395,0.004010205157101154,0.004023986402899027,5.331784905138193e-06,7.622205885127187e-06,,,,,3.892845747199849,,1320,3.2416666666666667
14.24999999998704,retreat,14.250000743195415,3.651512488722801,4.18883338570595,-0.5522966384887695,-0.00025534245651215315,3.9803465681980374,0.008305569281219505,0.03956468118525214,0.4221019744873047,0.0006974783027544618,0.3376815915107727,-0.002133077714461251,64,0.38992395997047424,0.04535214602947235,0.03231601417064667,0.0029663965106010437,-0.0032461556256748736,-4.466004638189784,0.33736854791641235,0.014541679993271828,-0.25326088070869446,3.485844354145229e-05,-0.0006966049550101161,1.562973693580716e-06,6.05114946665708e-05,0.03472729027271271,-0.000226083371671848,0.9993967413902283,0.0001683704904280603,2.5690911570563912e-05,0.010290948674082756,0.021296510472893715,0.07367248088121414,0.06803269684314728,-0.4811919033527374,0.5578665137290955,0.5054448843002319,-1.9510695934295654,-0.3689397871494293,2.3439443111419678,1.0254229307174683,-0.003314316039904952,-0.013194645754992962,0.004133953712880611,-0.0009485906339250505,0.008862613700330257,-0.005871952977031469,-0.005888936575502157,0.60169917345047,-2.3348067770712078e-05,0.1031300276517868,-0.0002260420733364299,0.9993938207626343,1.4242557426769054e-06,-0.03481147065758705,2.780929207801819e-06,-8.45850445330143e-06,0.03239719197154045,-8.424469706369564e-05,-6.187325197970495e-05,0.9999999403953552,2.197675485149375e-06,-0.3265913724899292,0.01072538923472166,-0.21275277435779572,-2.8148624551249668e-05,-0.04535209760069847,6.020363071002066e-05,-0.31099647283554077,-0.010827556252479553,0.23495668172836304,0.001511443522758782,-0.0018293224275112152,-0.0001693399390205741,0.0017353296279907227,-1.1402419659134466e-05,0.024939700961112976,0.004010212142020464,0.004024076741188765,5.329713530954905e-06,7.623195415362716e-06,,,,,3.892845747199849,,1320,3.25
14.258333333320365,retreat,14.258334076963365,3.5946313329861024,4.128513485193254,-0.5512237548828125,-0.0040057329897535965,3.986835519338337,0.007060703410388669,0.06852804166478502,0.14887139201164246,0.00024684128584340215,0.11909712105989456,-0.001543192865938181,62,0.1717251092195511,0.04082963243126869,0.04195936769247055,0.017327930778265,-0.0008915607377275592,-4.4061358665785155,0.11894748359918594,0.006068856455385685,-0.08931604027748108,1.1458063454483636e-05,-0.0002465512079652399,-3.4390666314720875e-06,2.11545848287642e-05,0.03478404879570007,-0.0002242193149868399,0.9993947744369507,9.110671817325056e-05,-2.969403431052342e-05,0.009777557104825974,0.014876957051455975,0.009195868857204914,0.02334054745733738,-0.4812205135822296,0.5577539205551147,0.5054793953895569,-1.9510695934295654,-0.36885958909988403,2.3438527584075928,1.0253771543502808,-0.0032694749534130096,-0.013001639395952225,0.004297130741178989,-0.0005414371844381094,0.00944543071091175,-0.00952667836099863,-0.006317043211311102,0.6017022728919983,-2.841819150489755e-05,0.10318876802921295,-0.00022481825726572424,0.999393880367279,-4.4158973651065025e-06,-0.03480840101838112,4.5029446482658386e-07,-9.84500366030261e-06,0.03239574655890465,-2.4372811822104268e-05,-1.6743755622883327e-05,0.9999998211860657,-1.5693949251271988e-08,-0.16095055639743805,0.00721157668158412,-0.059434182941913605,-0.0027203119825571775,-0.04073355719447136,-0.0006604551454074681,-0.1564256101846695,-0.007239401340484619,0.07048499584197998,-0.0016287262551486492,0.01748127117753029,0.0007819476304575801,0.001738131046295166,-1.1240972526138648e-05,0.02493949979543686,0.004010227043181658,0.004024280235171318,5.31981550011551e-06,7.605151040479541e-06,,,,,3.892845747199849,,1320,3.2583333333333333
14.266666666653691,retreat,14.266667410731316,3.5377510550472735,4.070339351892473,-0.5509853363037109,-0.008737300959182903,3.988750692501909,0.005914342636970105,0.0,0.06984981149435043,0.00011566006287466735,0.05587984621524811,-0.0004945084697283164,56,0.08095365762710571,0.01712631620466709,0.01961495168507099,0.006199137307703495,-0.0003689854456752073,-4.348094880458543,0.05579955130815506,0.003074691630899906,-0.04190408065915108,5.11463986185845e-06,-0.00011551978241186589,-2.5039773845492164e-06,1.4074612408876419e-05,0.0348006971180439,-0.00022251051268540323,0.9993942975997925,-1.610162144061178e-05,-0.004944304469972849,0.009332769550383091,0.3617863357067108,-0.0054924702271819115,-0.01116548478603363,-0.4812491238117218,0.5576450824737549,0.5055139660835266,-1.9510695934295654,-0.3687783181667328,2.3437612056732178,1.0253313779830933,-0.0033321608789265156,-0.012961171567440033,0.0045188725925982,-0.0005345644312910736,0.009944017045199871,-0.010774044319987297,-0.0065313237719237804,0.601704478263855,-3.3317151974188164e-05,0.10324529558420181,-0.00022484960209112614,0.9993939995765686,-1.0957569429592695e-05,-0.034807413816452026,-1.6905833035707474e-06,-9.996285371016711e-06,0.03239425644278526,-6.7230207605462056e-06,-3.195377530573751e-06,1.0000001192092896,-2.2281651581579354e-06,-0.07525590062141418,0.007860735058784485,-0.028779368847608566,-0.00026623319718055427,-0.01712406985461712,7.795730198267847e-05,-0.07307159155607224,-0.007873221300542355,0.033941853791475296,0.0008617342682555318,0.0062521835789084435,-0.00013619173842016608,0.0017389655113220215,-1.1143278243253008e-05,0.02493944764137268,0.004010241944342852,0.0040230657905340195,-0.0003140158369205892,-0.0004489254206418991,,,,,3.892845747199849,,1320,3.2666666666666666
14.274999999987017,retreat,14.275000744499266,3.4808725327041863,4.014072567224504,-0.550389289855957,-0.013004964785068296,3.9898306416894433,0.006192246473801788,0.03956468118525214,0.03056987375020981,5.166465780348517e-05,0.024455904960632324,-0.0008222223186749034,56,0.03881751745939255,0.008066677488386631,0.015906965360045433,0.0028958641923964024,-0.00017368362296110718,-4.29190317616995,0.024202464148402214,0.006339525803923607,-0.01756611093878746,-7.347668429247278e-07,-4.776538844453171e-05,-1.9676499505294487e-05,1.999012783926446e-05,0.03481011837720871,-0.0002340245118830353,0.999393880367279,-8.125161548377946e-05,-0.0013969868887215853,0.009469037875533104,-0.05219459906220436,-0.01816239021718502,0.02287614904344082,-0.481277734041214,0.5575328469276428,0.505548894405365,-1.9510695934295654,-0.3686927855014801,2.3436696529388428,1.0252856016159058,-0.003397719468921423,-0.013020259328186512,0.004644252825528383,-0.0006368632894009352,0.010029292665421963,-0.01139233447611332,-0.006566161755472422,0.6017075181007385,-3.7650359445251524e-05,0.10330361872911453,-0.00022592153982259333,0.9993940591812134,-1.871118729468435e-05,-0.034805044531822205,-4.139496013522148e-06,-9.973853593692183e-06,0.03239646926522255,5.080316896055592e-06,-9.975271950679598e-07,0.9999999403953552,8.141964826791082e-06,-0.0364791676402092,-0.004536543972790241,-0.01246955431997776,-0.0002453899069223553,-0.008058158680796623,-0.00027776433853432536,-0.03552306443452835,0.0045316871255636215,0.014979163184762001,-0.0008792669977992773,0.0027879453264176846,0.00034067590604536235,0.0017394423484802246,-1.1728925528586842e-05,0.024939410388469696,0.0040093376301229,0.004022542852908373,5.433753813122166e-06,7.759197615087032e-06,,,,,3.892845747199849,,1320,3.275
14.283333333320343,retreat,14.283334078267217,3.4239966437547142,3.9554290473461164,-0.5493760108947754,-0.017464783013565466,3.9914500184867716,0.005828651865158463,0.03956468118525214,0.0,0.0,0.0,-0.000363294873295672,56,0.01230029109865427,0.00312074669636786,0.012300289236009121,0.0016569728031754494,0.0,-4.233372238648149,0.0,0.0,0.0,0.0,0.0,0.0,1.4994820958236232e-05,0.03482429310679436,-0.00022266291489358991,0.9993934035301208,-0.00015298619109671563,0.00012783978309016675,0.009546608664095402,0.01624450832605362,-0.027001304551959038,0.04788914695382118,-0.4813063442707062,0.5574192404747009,0.5055918097496033,-1.9510695934295654,-0.3686070442199707,2.3435781002044678,1.0252398252487183,-0.003509043250232935,-0.0131361810490489,0.004807999357581139,-0.0008223485783673823,0.010079712606966496,-0.011788965202867985,-0.0065691107884049416,0.6017111539840698,-3.728366573341191e-05,0.10336419939994812,-0.00022811294184066355,0.9993941783905029,-2.3008155039860867e-05,-0.03480127826333046,-6.865011528134346e-06,-4.994668415747583e-06,0.03239857405424118,2.3026426788419485e-05,7.81351718615042e-06,0.9999999403953552,-5.725506071030395e-06,-0.010418742895126343,-0.00637791957706213,0.0014384315581992269,0.0004612024058587849,-0.003075426211580634,-0.0002609720977488905,-0.010493168607354164,0.006378889549523592,-0.0007073170272633433,-0.0004408409586176276,0.0015701386146247387,0.0002930574701167643,0.0017401576042175293,-1.1152500519528985e-05,0.024939365684986115,0.004025167319923639,0.00403868593275547,5.172957571630832e-06,7.387279765680432e-06,,,,,3.892845747199849,,1320,3.283333333333333
14.291666666653668,retreat,14.291667412035167,3.367124265996722,3.894848376512529,-0.5463957786560059,-0.01638133471715264,3.991597202034659,0.0071942308750294615,0.055952909680744456,0.0,0.0,0.0,0.0,56,0.005324897821992636,0.0006368655012920499,0.00532489875331521,0.0001481230283388868,0.0,-4.172801800302068,0.0,0.0,0.0,0.0,0.0,0.0,1.0436227057653014e-05,0.03482556343078613,-0.00022691603226121515,0.9993933439254761,0.0013355824630707502,0.00015988985251169652,0.009439196437597275,0.00916268676519394,-0.11603129655122757,-0.035793744027614594,-0.48133501410484314,0.5573047995567322,0.5056374669075012,-1.9510695934295654,-0.368521124124527,2.3434865474700928,1.0251940488815308,-0.0036120887380093336,-0.013254541903734207,0.00495131453499198,-0.0010552977910265326,0.010107451118528843,-0.01180426124483347,-0.006523022428154945,0.601715087890625,-3.5040917282458395e-05,0.1034255102276802,-0.00023095778306014836,0.9993942975997925,-2.610993578855414e-05,-0.0347965843975544,-8.070142939686775e-06,-3.643697709776461e-06,0.032399363815784454,2.8999011192354374e-05,1.552038884256035e-05,0.9999998807907104,-4.587114290188765e-06,-0.0034751316998153925,-0.003981738816946745,0.0006509628146886826,0.00045298668555915356,-0.0004436438321135938,-5.984028393868357e-05,-0.003511719638481736,0.003982166759669781,-0.0004058564663864672,-0.00011779906344600022,-5.8427773183211684e-05,6.81909587001428e-05,0.0017402172088623047,-1.1357091352692805e-05,0.024939358234405518,0.004025178030133247,0.004038901999592781,5.153173333383165e-06,7.370021194219589e-06,,,,,3.892845747199849,,1320,3.2916666666666665
14.299999999986994,retreat,14.300000745803118,3.310256277228083,3.8335524499416365,-0.5426406860351562,-0.013697079339181073,3.9910084353281103,0.006858193955849856,0.03956468118525214,0.0,0.0,0.0,0.0,53,0.005449390970170498,0.00014602855662815273,0.005449390970170498,0.0006900765583850443,0.0,-4.111464941509633,0.0,0.0,0.0,0.0,0.0,0.0,1.4353155165736098e-05,0.034820184111595154,-0.00022919844195712358,0.9993935227394104,0.0016687510069459677,0.0001910495775518939,0.009400014765560627,0.007622884586453438,-0.13940642774105072,-0.06161297485232353,-0.4813637435436249,0.5571903586387634,0.505683183670044,-1.9510704278945923,-0.36843520402908325,2.3433949947357178,1.0251482725143433,-0.0036923191510140896,-0.013369336724281311,0.0050526829436421394,-0.001281979726627469,0.010052498430013657,-0.011713569052517414,-0.006434940733015537,0.6017186045646667,-3.3094427635660395e-05,0.10348637402057648,-0.00023354562290478498,0.9993944764137268,-2.9221328077255748e-05,-0.034792523831129074,-8.125556632876396e-06,-4.2070241761393845e-06,0.03239893168210983,2.7681988285621628e-05,1.4697900041937828e-05,0.9999999403953552,-4.861927209276473e-06,-0.004569071810692549,-0.0029379520565271378,0.0004334538825787604,0.00011740798800019547,-4.645157605409622e-05,-7.336179987760261e-05,-0.004587933886796236,0.0029383483342826366,-0.00011329230619594455,-0.00030123634496703744,-0.0006136596202850342,9.42557817324996e-05,0.0017399787902832031,-1.1477961379569024e-05,0.02493937313556671,0.004025189206004143,0.004039023071527481,5.15338615514338e-06,7.3696719482541084e-06,,,,,3.892845747199849,,1320,3.3
14.30833333332032,retreat,14.308334079571068,3.253393555246676,3.772740811109544,-0.539243221282959,-0.011355984497640748,3.9903705068568156,0.007204459507192951,0.03956468118525214,0.0,0.0,0.0,0.0,55,0.005836969707161188,0.00022363111202139407,0.005836969241499901,0.0006702688988298178,0.0,-4.050608952600117,0.0,0.0,0.0,0.0,0.0,0.0,1.8008853658102453e-05,0.03481477499008179,-0.0002311223652213812,0.9993937611579895,0.0016667002346366644,0.00021536575513891876,0.009384631179273129,0.008955205790698528,-0.14191630482673645,-0.058524563908576965,-0.4813936948776245,0.5570759177207947,0.5057289600372314,-1.951093316078186,-0.3683517277240753,2.3433034420013428,1.0251024961471558,-0.003761635161936283,-0.01348192896693945,0.005133762490004301,-0.0015026780311018229,0.009988391771912575,-0.0116326455026865,-0.006351310759782791,0.6017116904258728,-2.9076210921630263e-05,0.10353872179985046,-0.00023609737399965525,0.9993942379951477,-2.895385659940075e-05,-0.03479916602373123,2.0030420273542404e-06,-2.37001950154081e-06,0.03238976001739502,1.5616205928381532e-05,1.0760600162029732e-05,0.9999999403953552,-5.354260338208405e-06,-0.0053212945349514484,-0.0022972943261265755,0.0006902733584865928,-1.4933458260202315e-05,-0.00020275611313991249,-9.315484203398228e-05,-0.005356248468160629,0.002297841478139162,-0.000317392754368484,-0.0003395245876163244,-0.0005659934831783175,0.00011676818394334987,0.0017396807670593262,-1.1580460522964131e-05,0.024939395487308502,0.004025203641504049,0.004039187915623188,5.1556598918978125e-06,7.373018888756633e-06,,,,,3.892845747199849,,1320,3.308333333333333
14.316666666653646,retreat,14.316667413339019,3.1965369778503625,3.7203706800937666,-0.5453228950500488,-0.007000466212048195,3.989437966664284,0.007326141258090502,0.06852804166478502,0.0,0.0,0.0,0.0,56,0.007930328138172626,0.00040247049764730036,0.007930328138172626,0.0015372270718216896,0.0,-3.9981739894422788,0.0,0.0,0.0,0.0,0.0,0.0,2.8711059712804854e-05,0.03480644151568413,-0.00023359767510555685,0.9993939399719238,-0.0008975442033261061,0.0002276952436659485,0.009626409038901329,0.01683482713997364,0.005117859225720167,0.05117498338222504,-0.4814278185367584,0.5569614768028259,0.505774736404419,-1.9511162042617798,-0.36827144026756287,2.3432118892669678,1.0250567197799683,-0.0038045754190534353,-0.013581878505647182,0.005174241028726101,-0.0016867835074663162,0.009876488707959652,-0.011368540115654469,-0.0062304153107106686,0.6017052531242371,-2.8281865525059402e-05,0.10359189659357071,-0.0002374188625253737,0.9993939995765686,-3.0218512620194815e-05,-0.034805186092853546,2.8060749173164368e-06,-5.8424448070582e-06,0.032390546053647995,1.258925522051868e-06,1.3736237178818556e-06,0.9999998211860657,-3.8701646190020256e-06,-0.007695015985518694,-0.0016356954583898187,-0.0010006659431383014,-5.679463720298372e-05,0.00039701914647594094,3.365510929143056e-05,-0.007606632076203823,0.0016355563420802355,0.0015343432314693928,-0.00029484639526344836,-0.0015086212661117315,-1.3945582395535894e-05,0.0017392635345458984,-1.1722771887434646e-05,0.02493942528963089,0.004025223199278116,0.004039319697767496,5.147002411831636e-06,7.3602714110165834e-06,,,,,3.892845747199849,,1320,3.3166666666666664
14.324999999986971,retreat,14.32500074710697,3.1396874228370137,3.667516261339189,-0.550389289855957,-0.005938833055552095,3.9877195595233896,0.009027447958942503,0.0,0.04917476326227188,8.114533557090908e-05,0.039339806884527206,0.0,54,0.0441240519285202,0.001935548847541213,0.0067711579613387585,0.0031620345544070005,-0.0002861809316527797,-3.945200103241148,0.039309676736593246,0.001546995947137475,-0.029504461213946342,4.029749561595963e-06,-8.104163862299174e-05,7.6112985425425e-07,4.2539515561657026e-05,0.0347917415201664,-0.000235978644923307,0.9993945360183716,-0.0003078118897974491,0.00014885282143950462,0.009604131802916527,0.010289235040545464,-0.007872992195189,0.05912727490067482,-0.4814610779285431,0.5568470358848572,0.5058198571205139,-1.9511390924453735,-0.368191123008728,2.3431203365325928,1.0250109434127808,-0.003748907707631588,-0.013596214354038239,0.005095724947750568,-0.0018074812833219767,0.00971982255578041,-0.010656159371137619,-0.006108222063630819,0.6016987562179565,-2.7205340302316472e-05,0.10364459455013275,-0.00023873132886365056,0.999393880367279,-3.08909839077387e-05,-0.03481118008494377,4.61074523627758e-06,-5.741268978454173e-06,0.032390300184488297,-1.9454775610938668e-05,-1.1732816346921027e-05,1.0,-2.3442737528966973e-06,-0.0347151942551136,-8.583287126384676e-05,-0.02723563462495804,5.986801988910884e-05,-0.001934426836669445,-2.75310012511909e-05,-0.03273599222302437,7.434477447532117e-05,0.02958514168858528,4.885781163466163e-05,-0.0030804648995399475,2.2509821064886637e-05,0.0017385482788085938,-1.1865788110299036e-05,0.02493947744369507,0.00401076627895236,0.004024751018732786,5.119701199873816e-06,7.317517884075642e-06,,,,,3.892845747199849,,1320,3.3249999999999997
14.333333333320297,retreat,14.33333408087492,3.0828457680045034,3.615265339612962,-0.5505681037902832,-0.004399384124553762,3.9827074080675184,0.0142332701216219,0.03956468118525214,0.25184962153434753,0.0004158593947067857,0.2014797031879425,0.0,56,0.22026577591896057,0.013285689055919647,0.03921167179942131,0.012074834667146206,-0.0017367370601277798,-3.8926007242878757,0.20133790373802185,0.0076275235041975975,-0.15110626816749573,2.1456102331285365e-05,-0.0004152749024797231,5.0414801080478355e-06,7.721495785517618e-05,0.03474795073270798,-0.0002387493586866185,0.999396026134491,-0.0002130786160705611,0.0002735038287937641,0.009839305654168129,0.015562290325760841,0.03725702315568924,0.007724317722022533,-0.48149019479751587,0.5567325949668884,0.505860447883606,-1.9511619806289673,-0.3681120276451111,2.3430354595184326,1.0249651670455933,-0.003248719498515129,-0.01323001179844141,0.004473577253520489,-0.0016522153746336699,0.009181464090943336,-0.0077564348466694355,-0.005757461301982403,0.601693332195282,-2.6046465791296214e-05,0.10369723290205002,-0.00023915250494610518,0.9993937611579895,-3.109964382019825e-05,-0.03481454774737358,1.0088551789522171e-05,-6.0943420976400375e-06,0.03239032253623009,-6.66495761834085e-05,-4.6082543121883646e-05,0.9999999403953552,1.2048833468725206e-06,-0.1722409874200821,0.004986330401152372,-0.13720491528511047,0.000377059041056782,-0.013276804238557816,0.0003062958421651274,-0.16227619349956512,-0.005044373217970133,0.14885565638542175,0.0010715984972193837,-0.01160387322306633,-0.0003883776080328971,0.0017363429069519043,-1.2064412658219226e-05,0.024939626455307007,0.004009508527815342,0.004023595713078976,5.483207132783718e-06,7.8377197496593e-06,,,,,3.892845747199849,,1320,3.3333333333333335
14.341666666653623,retreat,14.34166741464287,3.0260128911507067,3.56363281607628,-0.5508661270141602,-0.0030348719519679435,3.9800021622355284,0.009218709237757139,0.055952909680744456,0.4016280174255371,0.0006630461430177093,0.3213024139404297,0.0,57,0.3630426824092865,0.034877099096775055,0.04244386777281761,0.008613796904683113,-0.0029361836495809257,-3.840780124454948,0.3210681676864624,0.012346012517809868,-0.24097274243831635,3.33772914018482e-05,-0.0006621660431846976,7.230953542602947e-06,0.00010046045645140111,0.034724220633506775,-0.00024770089657977223,0.999396800994873,-1.0137824574485421e-05,-0.002909525530412793,0.009603000245988369,0.12232980132102966,0.06860832124948502,0.04598074033856392,-0.48151493072509766,0.5566256046295166,0.5058948397636414,-1.9511682987213135,-0.3680363893508911,2.3429691791534424,1.0249193906784058,-0.002522130263969302,-0.012582018971443176,0.0036791213788092136,-0.0011242509353905916,0.008703774772584438,-0.005460905842483044,-0.005502654239535332,0.6016978621482849,-2.6696896384237334e-05,0.10375238955020905,-0.00024080640287138522,0.9993941187858582,-3.249276051064953e-05,-0.03480454161763191,4.868488758802414e-06,-7.997001375770196e-06,0.0323941744863987,-8.038398664211854e-05,-6.766684964532033e-05,0.9999998807907104,9.257508281734772e-06,-0.2957853078842163,0.017688414081931114,-0.20975738763809204,-0.001526814652606845,-0.03484361246228218,5.946589953964576e-05,-0.28047797083854675,-0.01777559332549572,0.22981758415699005,0.0010194400092586875,-0.007886067032814026,-0.00013680975825991482,0.0017351508140563965,-1.2551993677334394e-05,0.024939708411693573,0.004009564872831106,0.004022428300231695,-2.2646563593298197e-06,-3.2390671549364924e-06,,,,,3.892845747199849,,1320,3.341666666666667
14.349999999986949,retreat,14.350000748410821,2.9691896700734866,3.5094894468784346,-0.5512237548828125,-0.004390407411847264,3.9849194272193507,0.007629826541233342,0.06852804166478502,0.18495917320251465,0.00030897941906005144,0.1479673832654953,-0.0004289657056233409,59,0.19646111130714417,0.0395348034799099,0.02983757294714451,0.013459010049700737,-0.0009952954787877388,-3.786978616884609,0.14683474600315094,0.029974717646837234,-0.10840190201997757,1.0968142305500805e-06,-0.00029634381644427776,-8.74494799063541e-05,7.673961954424158e-05,0.03476733714342117,-0.00023107993183657527,0.9993953704833984,7.352801912929863e-05,0.0015204665251076221,0.009420812129974365,0.1022939458489418,0.01987229660153389,0.1733434498310089,-0.48153766989707947,0.5565226078033447,0.5059291124343872,-1.9511682987213135,-0.3679616153240204,2.3428778648376465,1.0248736143112183,-0.0023965812288224697,-0.012348406948149204,0.0037388764321804047,-0.0006652273004874587,0.009103544987738132,-0.00826981384307146,-0.0057870917953550816,0.60169917345047,-2.7837715606437996e-05,0.10380596667528152,-0.0002400669181952253,0.9993939995765686,-3.364398071425967e-05,-0.034805234521627426,3.2088719308376312e-06,-7.82770075602457e-06,0.03239371255040169,-3.793605719693005e-05,-4.337532664067112e-05,0.9999998211860657,-7.481485226890072e-06,-0.1773432195186615,0.02018207125365734,-0.08209163695573807,-0.004636055789887905,-0.039258722215890884,-0.0005103703588247299,-0.17120426893234253,-0.02021269127726555,0.09422057867050171,-0.0016803720500320196,0.013638989999890327,0.0006340604741126299,0.0017372965812683105,-1.1680413081194274e-05,0.024939559400081635,0.004009581170976162,0.00402388209477067,6.507259968202561e-06,9.305891580879688e-06,,,,,3.892845747199849,,1320,3.35
14.358333333320275,retreat,14.358334082178771,2.91237698257072,3.4563742578029646,-0.5513429641723633,-0.005631496605928987,3.9861477971984707,0.006092799594625831,0.03956468118525214,0.14395692944526672,0.00023776982561685145,0.11516553908586502,-0.0004945084697283164,60,0.14510928094387054,0.022546151652932167,0.008773094974458218,0.004076805431395769,-0.0008194613510568161,-3.7339488271100167,0.115041084587574,0.005373496096581221,-0.08637285232543945,1.1472096957731992e-05,-0.00023748973035253584,-1.2281241197342752e-06,5.723406866309233e-05,0.03477780893445015,-0.00023504241835325956,0.9993950724601746,4.482749500311911e-05,0.0003868284111376852,0.009287633001804352,0.025444000959396362,0.008391990326344967,0.07070394605398178,-0.48155826330184937,0.5564196109771729,0.5059633851051331,-1.9511682987213135,-0.3678831160068512,2.3427863121032715,1.0248278379440308,-0.0022692051716148853,-0.012216980569064617,0.0036739518400281668,-0.0004615649813786149,0.00919747818261385,-0.009082723408937454,-0.005812292918562889,0.6017001867294312,-2.7563106414163485e-05,0.10385921597480774,-0.0002404847473371774,0.9993939399719238,-3.531191759975627e-05,-0.03480665013194084,2.180458977818489e-06,-6.28103589406237e-06,0.032393928617239,-2.886856054828968e-05,-2.209360354754608e-05,0.9999999403953552,-4.674142019212013e-06,-0.12601174414157867,0.00772098870947957,-0.07154110074043274,-0.0016008805250748992,-0.022488927468657494,0.00011945222649956122,-0.12072990089654922,-0.007748766802251339,0.08013084530830383,-0.0004927306436002254,0.004284890368580818,-8.408042776864022e-05,0.001737833023071289,-1.1844535038108006e-05,0.02493952214717865,0.004009410738945007,0.004022680688649416,5.59310592507245e-06,7.997325155884027e-06,,,,,3.892845747199849,,1320,3.3583333333333334
14.3666666666536,retreat,14.366667415946722,2.855575706440275,3.4033782780170454,-0.5508661270141602,-0.004415477633301634,3.9869337556900364,0.005453558969747974,0.0,0.13100261986255646,0.00021641635976266116,0.10480208694934845,-0.0011499362244649092,59,0.1295408308506012,0.017498254776000977,0.00853840820491314,0.0014810815919190645,-0.0007108100144250784,-3.681007489023766,0.10472175478935242,0.004118754528462887,-0.07860073447227478,1.0759904398582876e-05,-0.0002161393204005435,2.014741994571523e-06,5.4490086768055335e-05,0.034784525632858276,-0.00023796492314431816,0.9993948340415955,-1.0017247404903173e-05,-0.004092009272426367,0.008979443460702896,0.4104580581188202,0.011252256110310555,-0.007634502369910479,-0.4815763533115387,0.556316614151001,0.5059976577758789,-1.9511682987213135,-0.3678039312362671,2.3426947593688965,1.0247820615768433,-0.002172754844650626,-0.012112859636545181,0.0036435220390558243,-0.00034785480238497257,0.009311005473136902,-0.009299058467149734,-0.005859704222530127,0.6017012596130371,-2.5440964236622676e-05,0.10391272604465485,-0.000241036934312433,0.9993939399719238,-3.547856249497272e-05,-0.0348079614341259,1.7068814486265182e-06,-5.338490154827014e-06,0.03239448741078377,-2.3455426344298758e-05,-1.910080754896626e-05,1.0,-2.408952013865928e-06,-0.110136978328228,0.011664928868412971,-0.06719079613685608,-0.0010639963438734412,-0.017465811222791672,-4.7893336159177125e-05,-0.10519640147686005,-0.011691505089402199,0.07468505203723907,0.0006227496778592467,0.0015548784285783768,4.762303433381021e-06,0.0017381906509399414,-1.1985815035586711e-05,0.02493949979543686,0.004009419586509466,0.004022818524390459,-0.0003060386807192117,-0.00043754465878009796,,,,,3.892845747199849,,1320,3.3666666666666667
14.374999999986926,retreat,14.375000749714673,2.7987867194800238,3.3500395715236677,-0.5508661270141602,-0.002848545591405127,3.988063300091082,0.004487151727516903,0.0,0.09759320318698883,0.00016123571549542248,0.07807456701993942,-0.0004945084697283164,59,0.10056983679533005,0.015081476420164108,0.007688462268561125,0.002777294721454382,-0.000544581287613255,-3.6277473110464356,0.07801754027605057,0.0030007483437657356,-0.058555036783218384,8.278504537884146e-06,-0.00016101312940008938,1.787323299140553e-06,5.4816082410980016e-05,0.034794509410858154,-0.00024160540488082916,0.9993944764137268,7.613104389747605e-05,-0.00014941245899535716,0.009543326683342457,-0.045801497995853424,-0.005627642385661602,-0.01888214237987995,-0.4815935790538788,0.5562136173248291,0.5060319304466248,-1.9511682987213135,-0.3677256107330322,2.3426032066345215,1.0247362852096558,-0.0020998779218643904,-0.012099763378500938,0.003561976132914424,-0.0002576157858129591,0.0092246662825346,-0.009852682240307331,-0.005823944695293903,0.6017022728919983,-2.2928219550522044e-05,0.10396610200405121,-0.00024110173399094492,0.9993939399719238,-3.4920005418825895e-05,-0.034809328615665436,7.874332368373871e-07,-4.389643436297774e-06,0.03239459916949272,-1.4832911801931914e-05,-1.9866531147272326e-05,1.0,1.196164248540299e-06,-0.08627888560295105,-0.003182572778314352,-0.05157632753252983,-0.0008926589507609606,-0.015054961666464806,-4.7032728616613895e-05,-0.0824810266494751,0.0031621658708900213,0.057455841451883316,-0.001345909433439374,0.0025907177478075027,0.00014189397916197777,0.0017386674880981445,-1.216832060890738e-05,0.024939462542533875,0.0040094139985740185,0.00402296707034111,5.41799681741395e-06,7.745955372229218e-06,,,,,3.892845747199849,,1320,3.375
14.383333333320252,retreat,14.383334083482623,2.742010899487834,3.296618908643724,-0.5509257316589355,-0.0005307310857460834,3.989094344360333,0.0035583789212978445,0.03956468118525214,0.06748028099536896,0.00011149197234772146,0.053984224796295166,-0.0004289657056233409,52,0.07120297104120255,0.010818147100508213,0.005548797082155943,0.0017791985301300883,-0.00035627579291031,-3.5743983286333596,0.05395056679844856,0.001935973297804594,-0.04048674553632736,5.861433692189166e-06,-0.000111323271994479,1.7979594986172742e-06,4.603371417033486e-05,0.03480345383286476,-0.00023625860922038555,0.9993941783905029,1.5813096979400143e-05,0.0003382812428753823,0.009205268695950508,0.02503676898777485,-0.009002747014164925,0.08381567150354385,-0.48161080479621887,0.5561106204986572,0.5060662031173706,-1.9511682987213135,-0.3676454424858093,2.3425116539001465,1.0246905088424683,-0.002113677328452468,-0.01213960163295269,0.003602040698751807,-0.0002594095712993294,0.009357329457998276,-0.010256378911435604,-0.0058933524414896965,0.6017032861709595,-2.0337618479970843e-05,0.10401951521635056,-0.00024197583843488246,0.9993938207626343,-3.505003041937016e-05,-0.034810665994882584,-1.9674189388751984e-07,-4.059875209350139e-06,0.0323946587741375,-7.2243028625962324e-06,-1.1172570339113008e-05,0.9999999403953552,-5.332241926225834e-06,-0.06180620193481445,0.0003666958655230701,-0.03535141423344612,7.633601853740402e-06,-0.010818136855959892,1.2667425835388713e-05,-0.05919672176241875,-0.0003805911692325026,0.03956598788499832,5.9583853726508096e-05,0.0018892595544457436,-1.6185098502319306e-05,0.0017391443252563477,-1.1885880667250603e-05,0.024939432740211487,0.004009429831057787,0.004023106303066015,5.568619599216618e-06,7.960392395034432e-06,,,,,3.892845747199849,,1320,3.3833333333333333
14.391666666653578,retreat,14.391667417250574,2.685249124261583,3.2430715858936323,-0.5508065223693848,0.0021760160962003283,3.989977884876759,0.00272536021839187,0.055952909680744456,0.044511910527944565,7.353164255619049e-05,0.03560952842235565,-0.00029775216603411536,58,0.049668215215206146,0.007642001379281282,0.0056231385096907616,0.001377335749566555,-0.0002334392902412219,-3.5209124314930196,0.035567447543144226,-0.00175096420571208,-0.026705825701355934,-3.3783508115448058e-06,-7.345022459048778e-05,7.437939757437562e-07,4.133127004024573e-05,0.034811440855264664,-0.0002368252316955477,0.9993938207626343,3.709551674546674e-05,0.0003450642980169505,0.009229566901922226,0.022416891530156136,-0.013196788728237152,0.030344361439347267,-0.48162803053855896,0.5560076236724854,0.5061004757881165,-1.9511682987213135,-0.36756524443626404,2.3424201011657715,1.0246447324752808,-0.002160044386982918,-0.012228647246956825,0.0036578995641320944,-0.00031036691507324576,0.00943160429596901,-0.010610798373818398,-0.0059363702312111855,0.6017042994499207,-1.791573959053494e-05,0.10407284647226334,-0.00024271475558634847,0.9993937611579895,-3.539222961990163e-05,-0.034812286496162415,-9.988434612751007e-07,-4.296151018934324e-06,0.032394494861364365,-8.486269393870316e-07,-6.139006472949404e-06,0.9999998807907104,-5.6810536079865415e-06,-0.042881935834884644,-0.0013560716761276126,-0.02502463012933731,9.515846613794565e-05,-0.007641321048140526,-3.657657725852914e-05,-0.04103660583496094,0.0013461787020787597,0.02794846147298813,-9.795108053367585e-05,0.001446323934942484,4.4021348003298044e-05,0.001739501953125,-1.190602415590547e-05,0.0249394029378891,0.00400942238047719,0.0040232473984360695,5.591868102783337e-06,7.99426925368607e-06,,,,,3.892845747199849,,1320,3.3916666666666666
14.399999999986903,retreat,14.400000751018524,2.6285022715991353,3.189479559659959,-0.5509853363037109,0.004790011189470533,3.990910299112731,0.0017271748902203399,0.03956468118525214,0.01669839397072792,2.7592132028075866e-05,0.013358715921640396,-0.00016666662361330964,64,0.024118399247527122,0.004489715211093426,0.00770681444555521,0.00136166054289788,-8.46580442157574e-05,-3.46738522860204,0.013351314701139927,0.00045499709085561335,-0.010018570348620415,1.4631505109719e-06,-2.7547972422325984e-05,5.423703441920225e-07,3.8333051634253934e-05,0.034819211810827255,-0.00023938437516335398,0.9993935823440552,-3.5898934584110975e-05,0.00024625539663247764,0.009163645096123219,0.012736447155475616,-0.019486932083964348,0.026686981320381165,-0.4816455543041229,0.5559046268463135,0.5061342716217041,-1.9511682987213135,-0.36748504638671875,2.3423285484313965,1.0245989561080933,-0.0022653474006801844,-0.012368198484182358,0.003783716354519129,-0.0004195187648292631,0.00956683699041605,-0.010987820103764534,-0.006007079035043716,0.6017052531242371,-1.5830410120543092e-05,0.10412625968456268,-0.00024353971821255982,0.9993937611579895,-3.6131765227764845e-05,-0.03481362387537956,-2.0542647689580917e-06,-4.769721272168681e-06,0.0323944054543972,5.590009550360264e-06,-2.3479365154344123e-06,0.9999999403953552,-4.077637640875764e-06,-0.02147611789405346,0.00014174572424963117,-0.0109751271083951,5.195495759835467e-05,-0.004489259794354439,-3.7280380638549104e-05,-0.020660366863012314,-0.0001459289196645841,0.012442869134247303,7.491519500035793e-05,0.001386657590046525,3.272250614827499e-05,0.0017399191856384277,-1.2028695891785901e-05,0.02493938058614731,0.004010172560811043,0.004024016670882702,5.317994691722561e-06,7.606373401358724e-06,,,,,3.892845747199849,,1320,3.4
14.408333333320229,retreat,14.408334084786475,2.5717712192983644,3.1357385218143476,-0.5507469177246094,0.006824206593591953,3.991400956100002,0.0012611831152753439,0.06852804166478502,0.010168930515646935,1.67993493960239e-05,0.008135144598782063,-0.0004945084697283164,59,0.01613277569413185,0.0020768053364008665,0.005968173034489155,0.00013218744425103068,-5.205258594287443e-05,-3.4136783022030888,0.008125762455165386,-0.0003934447595383972,-0.006101175211369991,-7.618627932970412e-07,-1.6781463273218833e-05,1.4222210609204922e-07,3.576089511625469e-05,0.034823741763830185,-0.00023975239309947938,0.9993933439254761,-6.938760634511709e-05,0.0002638425794430077,0.009221693500876427,0.013708775863051414,-0.021747630089521408,0.029005303978919983,-0.4816639721393585,0.5558016300201416,0.5061677098274231,-1.9511682987213135,-0.36740484833717346,2.3422369956970215,1.0245531797409058,-0.0023667870555073023,-0.012522244825959206,0.0038844619411975145,-0.0005572722875513136,0.009621559642255306,-0.011108160950243473,-0.006029545795172453,0.6017062664031982,-1.4372293662745506e-05,0.10417960584163666,-0.00024437159299850464,0.9993936419487,-3.743834895431064e-05,-0.03481524810194969,-2.7497299015522003e-06,-5.289108230499551e-06,0.03239406272768974,8.499157047481276e-06,1.5133171018533176e-06,0.9999998211860657,-4.674938281823415e-06,-0.01338848378509283,-0.0005302049103192985,-0.008985201828181744,0.000121918877994176,-0.0020730835385620594,-2.410652450635098e-05,-0.012730713933706284,0.0005265665822662413,0.009895353578031063,4.685100429924205e-05,0.00013887451495975256,2.0895757188554853e-05,0.0017401576042175293,-1.2042613889207132e-05,0.024939358234405518,0.004010065458714962,0.004023694433271885,5.364378012018278e-06,7.65835284255445e-06,,,,,3.892845747199849,,1320,3.408333333333333
14.416666666653555,retreat,14.416667418554425,2.515056845157144,3.08191552758217,-0.550687313079834,0.00825665847514756,3.9922349348065924,0.003089947767875856,0.055952909680744456,0.0003317114314995706,5.483373115566792e-07,0.00026536916266195476,0.0,58,0.07489433139562607,0.002613870892673731,0.07485273480415344,0.008732607588171959,-1.5216121340699829e-06,-3.3599132877774887,0.00026446659467183053,-2.188673533964902e-05,-0.00019902479834854603,-5.225402333053353e-08,-5.458113037093426e-07,-5.7771654127236616e-09,2.9624274247908033e-05,0.03483079746365547,-0.00023852709273342043,0.999393105506897,7.704622839810327e-05,-0.004561321809887886,0.008104681968688965,0.43637120723724365,-0.031266264617443085,-0.029963264241814613,-0.48168647289276123,0.5556986331939697,0.5062017440795898,-1.9511682987213135,-0.3673246502876282,2.3421454429626465,1.0245074033737183,-0.0023017923813313246,-0.012795871123671532,0.0034642075188457966,-0.0005947563331574202,0.0090170344337821,-0.011538393795490265,-0.005923026707023382,0.6017072200775146,-1.5223155060084537e-05,0.10423295199871063,-0.0002451570180710405,0.9993936419487,-4.0312814235221595e-05,-0.03481677174568176,-3.5762786865234375e-06,-7.515216566389427e-06,0.03239365294575691,1.4035762433195487e-05,1.0449686669744551e-05,0.9999998807907104,-6.998858225415461e-06,-0.004784196149557829,-0.07473312318325043,-0.0011103774886578321,0.0021078893914818764,-0.001517044147476554,-0.00029614404775202274,-0.00468802684918046,0.07473286986351013,0.0014770340640097857,-0.008646642789244652,0.0008262984338216484,0.0009006960899569094,0.0017404556274414062,-1.1970709238084964e-05,0.024939335882663727,0.004021128173917532,0.0040335338562726974,-0.03131617233157158,-0.000284779816865921,,,,,3.892845747199849,,1320,3.4166666666666665
14.42499999998688,retreat,14.425000752322376,2.458360026973338,3.0279435217380537,-0.5501508712768555,0.00875409932632465,3.992578287251878,0.0032326101973012555,0.03956468118525214,0.0,0.0,0.0,-0.00010112385240290678,56,0.06608004868030548,0.0029444703832268715,0.0660800188779831,0.012185259722173214,0.0,-3.3059651524398186,0.0,0.0,0.0,0.0,0.0,0.0,3.530320100253448e-05,0.03483397141098976,-0.00024305992701556534,0.999393105506897,-5.908653838559985e-05,0.0004552565224003047,0.009340625256299973,0.018450604751706123,-0.03186236694455147,0.04649664834141731,-0.481709361076355,0.5555956363677979,0.5062367916107178,-1.9511682987213135,-0.3672386705875397,2.3420538902282715,1.0244616270065308,-0.002663765102624893,-0.012843847274780273,0.00423823669552803,-0.0009588035172782838,0.010465073399245739,-0.010892484337091446,-0.0065335966646671295,0.6017079949378967,-1.5008212358225137e-05,0.10428634285926819,-0.00024825442233122885,0.9993935227394104,-4.511634324444458e-05,-0.03481873869895935,-3.727152943611145e-06,-7.586553692817688e-06,0.032393086701631546,1.5240651009662542e-05,9.622534889786039e-06,0.9999999403953552,-5.5347913985315245e-06,-0.0035329211968928576,0.06553351134061813,-0.007710360921919346,0.0025587882846593857,0.0014435442863032222,0.00019669566245283931,-0.0029947932343930006,-0.06553707271814346,0.007905226200819016,0.011982887983322144,-0.0019547308329492807,-0.0010344040347263217,0.0017406344413757324,-1.220710782945389e-05,0.02493932843208313,0.004025250673294067,0.004038733895868063,5.179367690288927e-06,7.4177514761686325e-06,,,,,3.892845747199849,,1320,3.425
14.433333333320206,retreat,14.433334086090326,2.4016816425448244,2.9741801321506514,-0.5499720573425293,0.008477763913106173,3.9928725658861253,0.0036519002151180757,0.0,0.0,0.0,0.0,0.0,57,0.00789721217006445,0.0034753454383462667,0.007897213101387024,0.0025395883712917566,0.0,-3.2522222216474668,0.0,0.0,0.0,0.0,0.0,0.0,4.016681123175658e-05,0.034836649894714355,-0.00024564177147112787,0.9993929862976074,0.000605692679528147,0.00031792704248800874,0.009323157370090485,0.011491513811051846,-0.07250882685184479,-0.0020751494448632,-0.48173224925994873,0.5554924011230469,0.5062713027000427,-1.9511682987213135,-0.36715763807296753,2.3419623374938965,1.0244158506393433,-0.0027379158418625593,-0.013023387640714645,0.004281547386199236,-0.0010496109025552869,0.00993519276380539,-0.011256000958383083,-0.0062148780561983585,0.6017091870307922,-1.5684643585700542e-05,0.10434021055698395,-0.0002495313237886876,0.9993935823440552,-4.858778993366286e-05,-0.03481993079185486,-4.653353244066238e-06,-7.895960152382031e-06,0.03239327296614647,1.673436963756103e-05,8.279375833808444e-06,1.0,-4.180103587714257e-06,-0.004221267066895962,0.005523230414837599,-0.003747104201465845,-0.003260202007368207,-0.0011761309579014778,-0.0002565624308772385,-0.003950873855501413,-0.005524775013327599,0.004029072821140289,-0.002438434399664402,0.0005663586780428886,0.0004275338433217257,0.0017407536506652832,-1.2344597053015605e-05,0.024939313530921936,0.004025248344987631,0.004038909450173378,5.1386009545240086e-06,7.346592610701919e-06,,,,,3.892845747199849,,1320,3.433333333333333
14.441666666653532,retreat,14.441667419858277,2.345022569669469,2.9199026525020613,-0.5491375923156738,0.007784749868733343,3.9930687396131566,0.00719776971891406,0.0,0.0,0.0,0.0,0.0,56,0.005353572778403759,0.0007633761269971728,0.005353573709726334,0.0008253403357230127,0.0,-3.1979583803552134,0.0,0.0,0.0,0.0,0.0,0.0,3.98231677536387e-05,0.03483837470412254,-0.000247106741880998,0.9993929862976074,0.0008644593763165176,0.0002920340048149228,0.00934161338955164,0.010053773410618305,-0.08988145738840103,-0.024416761472821236,-0.4817551374435425,0.5553779602050781,0.5063058137893677,-1.9511682987213135,-0.36707744002342224,2.3418707847595215,1.0243700742721558,-0.0028335328679531813,-0.013192151673138142,0.004360794089734554,-0.0011931066401302814,0.009804515168070793,-0.01126062124967575,-0.006129684392362833,0.6017124056816101,-1.732632881612517e-05,0.10439938306808472,-0.0002479729591868818,0.9993936419487,-5.149473508936353e-05,-0.03481654077768326,-6.911344826221466e-06,-8.936240192269906e-06,0.03239830955862999,2.1847268726560287e-05,1.1628723768808413e-05,1.0,-1.2725731721729971e-06,-0.00261802994646132,0.0011958226095885038,-0.00451405206695199,-0.000721485645044595,0.0002310192649019882,-9.39768724492751e-05,-0.0022976896725594997,-0.0011978520778939128,0.004684711806476116,-0.0005409713485278189,-0.0006092752446420491,0.00013160683738533407,0.001740872859954834,-1.2417206562531646e-05,0.024939313530921936,0.004025251604616642,0.004039070103317499,5.133103513799142e-06,7.339869625866413e-06,,,,,3.892845747199849,,1320,3.4416666666666664
14.449999999986858,retreat,14.450000753626227,2.2883836861451456,2.8603874146938337,-0.5463361740112305,0.006041919277777197,3.9931177815414753,0.00676466243021423,0.03956468118525214,0.0,0.0,0.0,0.0,57,0.004753283224999905,0.00018271560838911682,0.0047532846219837666,0.0003234710020478815,0.0,-3.1384465520310387,0.0,0.0,0.0,0.0,0.0,0.0,4.0943505155155435e-05,0.034838542342185974,-0.00024430660414509475,0.9993929266929626,0.001397264190018177,0.0002963190490845591,0.00932246446609497,0.009371072053909302,-0.1224365383386612,-0.04405463859438896,-0.4817781150341034,0.5552635192871094,0.5063403248786926,-1.9511702060699463,-0.36699700355529785,2.3417792320251465,1.0243242979049683,-0.0029382002539932728,-0.013354649767279625,0.004458881448954344,-0.00134984718170017,0.009813954122364521,-0.011294667609035969,-0.006136448122560978,0.6017149090766907,-1.884399534901604e-05,0.10445839911699295,-0.0002464402059558779,0.9993937611579895,-5.42624547961168e-05,-0.034813735634088516,-6.8303197622299194e-06,-8.804323442745954e-06,0.0323978029191494,2.4824359570629895e-05,1.322672233072808e-05,0.9999999403953552,-2.595077603473328e-06,-0.002971109701320529,-1.4898396329954267e-05,-0.003710254328325391,-4.604500645655207e-05,-0.00013187147851567715,-0.00011779119813581929,-0.002705726772546768,1.3328070053830743e-05,0.003908014856278896,-3.995575389126316e-05,-0.00029744047787971795,0.00012069045624230057,0.001740872859954834,-1.2279235306777991e-05,0.024939313530921936,0.004025258123874664,0.0040392205119132996,5.140169378137216e-06,7.350550731644034e-06,,,,,3.892845747199849,,1320,3.4499999999999997
14.458333333320184,retreat,14.458334087394178,2.2317658697697276,2.8010584414005293,-0.5438327789306641,0.004541781891020946,3.992578287251878,0.00853834626468597,0.0,0.0,0.0,0.0,0.0,54,0.005275871139019728,0.00023834293824620545,0.00527587067335844,0.0004597358638420701,0.0,-3.079080072102294,0.0,0.0,0.0,0.0,0.0,0.0,4.40609292127192e-05,0.034834008663892746,-0.00024290787405334413,0.999393105506897,0.0013651128392666578,0.00030161518952809274,0.009355844929814339,0.01006261259317398,-0.12264101952314377,-0.04177746921777725,-0.48180124163627625,0.5551490783691406,0.5063748359680176,-1.95119309425354,-0.3669164776802063,2.3416876792907715,1.0242785215377808,-0.0030385383870452642,-0.013509347103536129,0.0045537762343883514,-0.0015102907782420516,0.00985452439635992,-0.011286428198218346,-0.006158600095659494,0.6017075181007385,-1.8249094864586368e-05,0.10450945049524307,-0.0002452759363222867,0.9993935227394104,-5.480970867210999e-05,-0.0348212793469429,2.9529910534620285e-06,-6.788737664464861e-06,0.03238885477185249,1.2740870261040982e-05,1.0657227903720923e-05,1.0,-2.740740683293552e-06,-0.003945379983633757,-0.0004366464272607118,-0.0034753610379993916,0.00017363138613291085,-0.00013364972255658358,-9.379366383654997e-05,-0.003693870734423399,0.00043529417598620057,0.003741744440048933,0.00011673273547785357,-0.00043634563917294145,8.563308074371889e-05,0.0017406344413757324,-1.2214764865348116e-05,0.02493932843208313,0.004025266505777836,0.004039347171783447,5.135733772476669e-06,7.338036084547639e-06,,,,,3.892845747199849,,1320,3.4583333333333335
14.46666666665351,retreat,14.466667421162128,2.1751699983410795,2.749843150377275,-0.5507469177246094,0.003778488462558016,3.9920877747331045,0.008939470717450604,0.03956468118525214,0.0030125861521810293,4.964509116689442e-06,0.0024100688751786947,0.0,51,0.01458849385380745,0.0006829417543485761,0.01258571445941925,0.001413680030964315,-1.644036365178181e-05,-3.027830679725018,0.0024081345181912184,-9.674324246589094e-05,-0.0018075406551361084,-2.4197152015403844e-07,-4.958455974701792e-06,-3.8926920353787864e-08,5.2326002332847565e-05,0.03482974320650101,-0.0002351985458517447,0.9993931651115417,-0.00010763567115645856,0.006202607415616512,0.010517658665776253,-0.44566136598587036,-0.0327213890850544,0.06951728463172913,-0.4818289875984192,0.5550346374511719,0.5064108371734619,-1.9512159824371338,-0.36683589220046997,2.3415961265563965,1.0242327451705933,-0.003086178097873926,-0.013657299801707268,0.004540473222732544,-0.0016281807329505682,0.00973900593817234,-0.011145631782710552,-0.006113906856626272,0.601700484752655,-1.9475548469927162e-05,0.10456109791994095,-0.00024445366580039263,0.9993932843208313,-5.6835600844351575e-05,-0.0348283126950264,3.5581178963184357e-06,-7.300404831767082e-06,0.03238927945494652,1.437226046618889e-06,4.188013917882927e-06,0.9999999403953552,-9.404737284057774e-06,-0.006914892699569464,-0.009943345561623573,-0.008132544346153736,0.0006577982567250729,0.0001745050394674763,-5.7086705055553466e-05,-0.006330676376819611,0.009940006770193577,0.008599009364843369,-0.0007729755016043782,-0.0011733557330444455,0.00011050080502172932,0.0017404556274414062,-1.18439165817108e-05,0.024939343333244324,0.004013897851109505,0.004027322866022587,-0.0002883356064558029,-0.00041224720189347863,,,,,3.892845747199849,,1320,3.466666666666667
14.474999999986835,retreat,14.475000754930079,2.1185969496570785,2.6983223855495466,-0.5509853363037109,0.0026004699975601397,3.9861477971984707,0.015511921446886845,0.0,0.21618877351284027,0.0003609426785260439,0.1729511022567749,0.0,57,0.18501919507980347,0.009464814327657223,0.04279056191444397,0.012110643088817596,-0.0014232255052775145,-2.9758969548565988,0.17155444622039795,-0.03646593913435936,-0.12639975547790527,-1.4740862752660178e-07,-0.00034470640821382403,0.00010703781299525872,7.414464926114306e-05,0.03477773442864418,-0.00023240793962031603,0.9993950724601746,-7.692100189160556e-05,0.00030297122430056334,0.009798342362046242,0.03178037330508232,0.031025944277644157,0.11125760525465012,-0.4818532466888428,0.5549201965332031,0.5064457058906555,-1.9512388706207275,-0.3667569160461426,2.3415045738220215,1.0241869688034058,-0.002643830608576536,-0.013433891348540783,0.0038740430027246475,-0.0014831803273409605,0.009030592627823353,-0.008381632156670094,-0.005762994289398193,0.6016933917999268,-1.9449373212410137e-05,0.10461225360631943,-0.0002429942978778854,0.9993929862976074,-5.7119515986414626e-05,-0.03483552113175392,1.0837335139513016e-05,-6.191148713696748e-06,0.03238843008875847,-5.782455264125019e-05,-1.736936428642366e-05,1.0,-9.980285540223122e-06,-0.14154772460460663,-0.017970645800232887,-0.11778539419174194,0.0036576043348759413,-0.008726979605853558,0.00021087877394165844,-0.13300058245658875,0.01792673021554947,0.12736395001411438,0.0010419776663184166,-0.011719639413058758,-0.00029094694764353335,0.001737833023071289,-1.1742296919692308e-05,0.02493952214717865,0.0040101418271660805,0.004023520741611719,5.454053280118387e-06,7.784547051414847e-06,,,,,3.892845747199849,,1320,3.475
14.48333333332016,retreat,14.48333408869803,2.062047601515591,2.6477850973606123,-0.5521774291992188,0.002425465027044993,3.9826090676355563,0.0075163907240494154,0.0,0.3761092722415924,0.0006202070508152246,0.30088740587234497,-0.0004289657056233409,59,0.33922186493873596,0.03072146140038967,0.04287116974592209,0.009578399360179901,-0.00273328268667683,-2.9251136451430293,0.3006213903427124,-0.01264943927526474,-0.22566556930541992,-2.9999184334883466e-05,-0.000619475613348186,-2.6068159968417604e-06,0.0001111781457439065,0.03474702686071396,-0.00023725067148916423,0.9993960857391357,5.980482092127204e-05,0.00020202439918648452,0.009881362318992615,0.016964567825198174,0.060247328132390976,-0.0184542965143919,-0.48187312483787537,0.5548086166381836,0.5064757466316223,-1.9512393474578857,-0.366680383682251,2.3414361476898193,1.0241411924362183,-0.0019584675319492817,-0.012891572900116444,0.0030242304783314466,-0.0009896509582176805,0.008623814210295677,-0.005940149072557688,-0.005623413249850273,0.6017006635665894,-2.1083065803395584e-05,0.10467114299535751,-0.00024237499746959656,0.9993934631347656,-5.933412103331648e-05,-0.034822478890419006,2.1299347281455994e-06,-7.679776899749413e-06,0.032397348433732986,-7.55123546696268e-05,-5.1972499932162464e-05,1.0,-3.314044079161249e-06,-0.2729811370372772,-0.009196343831717968,-0.20116707682609558,0.0028235958889126778,-0.03059118241071701,0.00012272161256987602,-0.2583160698413849,0.00912582315504551,0.21968385577201843,0.0014799610944464803,-0.00884561613202095,-0.00023273276747204363,0.001736283302307129,-1.2048525604768656e-05,0.024939626455307007,0.004010148346424103,0.004023686982691288,5.376631634135265e-06,7.68579775467515e-06,,,,,3.892845747199849,,1320,3.4833333333333334
14.491666666653487,retreat,14.49166742246598,2.00552283171449,2.5895811617374433,-0.5512237548828125,0.00037476820580195636,3.9887015969662216,0.006783528533560457,0.03956468118525214,0.12978202104568481,0.00021497509442269802,0.10382562130689621,-0.0016742783373047132,57,0.15011577308177948,0.03514927625656128,0.03271399065852165,0.01491216104477644,-0.0007479029609385179,-2.867333277074429,0.10375786572694778,-0.0037980051711201668,-0.07786691188812256,-1.0735287105489988e-05,-0.0002146827755495906,-3.217507583030965e-06,7.927980914246291e-05,0.034800272434949875,-0.0002364241809118539,0.9993942379951477,6.896174454595894e-05,0.0001347867801086977,0.009506077505648136,0.015643782913684845,0.004335539415478706,0.02960091643035412,-0.48189032077789307,0.5547054409980774,0.5065032243728638,-1.9512393474578857,-0.3666001856327057,2.3413445949554443,1.0240954160690308,-0.0019651097245514393,-0.012798631563782692,0.003186403773725033,-0.0006004699389450252,0.009289543144404888,-0.00914724264293909,-0.006153682246804237,0.6017012596130371,-2.2560532670468092e-05,0.10472368448972702,-0.00024183756613638252,0.9993933439254761,-6.229553400771692e-05,-0.0348246693611145,2.234475687146187e-06,-7.137445209082216e-06,0.03239167109131813,-2.4422248316113837e-05,-1.7155096429632977e-05,0.9999999403953552,-4.816473847313318e-06,-0.13874317705631256,-0.0009274344192817807,-0.05730808898806572,-0.0005696096923202276,-0.03513852134346962,-0.0006569089600816369,-0.13441747426986694,0.0009144233190454543,0.06682705134153366,-0.0006545005016960204,0.015095196664333344,0.0007105603581294417,0.0017389655113220215,-1.1951996384595986e-05,0.02493944764137268,0.004010158125311136,0.004023843444883823,5.350925675884355e-06,7.649301551282406e-06,,,,,3.892845747199849,,1320,3.4916666666666667
14.499999999986812,retreat,14.50000075623393,1.9490235180516446,2.5371216237545027,-0.5514621734619141,-0.0008028846423258074,3.9893397918784723,0.006542970368172973,0.055952909680744456,0.11517781764268875,0.00019016377336811274,0.0921422466635704,-0.00036329493013909087,57,0.11677636206150055,0.017111219465732574,0.003802466904744506,0.002604582579806447,-0.000657787060845294,-2.8149181077825602,0.0920746922492981,-0.003542309394106269,-0.06910594552755356,-9.536617653793655e-06,-0.00018991257820744067,-2.1269893295539077e-06,8.033171616261825e-05,0.03480587154626846,-0.00023713715199846774,0.9993939995765686,5.6248376495204866e-05,0.00014477821241598576,0.009464794769883156,0.01582971215248108,0.002663544612005353,0.04271630197763443,-0.4819074869155884,0.5546024441719055,0.5065301656723022,-1.9512393474578857,-0.36651983857154846,2.3412530422210693,1.0240496397018433,-0.0019235759973526,-0.012747940607368946,0.0031904440838843584,-0.00048283912474289536,0.009620869532227516,-0.009616478346288204,-0.006332732271403074,0.6017018556594849,-2.4409826437477022e-05,0.1047760397195816,-0.00024117270368151367,0.9993932843208313,-6.582542118849233e-05,-0.0348268486559391,1.535983756184578e-06,-7.844122592359781e-06,0.032391633838415146,-2.0997154933866113e-05,-1.4631772501161322e-05,0.9999998807907104,-3.527593207763857e-06,-0.09962838143110275,-0.005090624094009399,-0.060704123228788376,0.0015894236275926232,-0.017035752534866333,0.0002251025289297104,-0.09516024589538574,0.005072517320513725,0.06749455630779266,0.0008361394866369665,0.0026432769373059273,-0.000283498055068776,0.0017392635345458984,-1.1989473932771944e-05,0.02493942528963089,0.004010167438536882,0.004023943096399307,5.331230568117462e-06,7.623719284310937e-06,,,,,3.892845747199849,,1320,3.5
14.508333333320138,retreat,14.508334090001881,1.892550538324926,2.484751492738725,-0.5510449409484863,-0.0021901660147705115,3.9898306416894433,0.007173125140980119,0.03956468118525214,0.1116676926612854,0.00018438295228406787,0.0893341526389122,-0.0008877651112015883,53,0.11099296808242798,0.014249229803681374,0.0033588618971407413,0.0010453872382640839,-0.0006307553580882086,-2.762582101684171,0.08924068510532379,0.004102748818695545,-0.06699956208467484,8.711836926522665e-06,-0.000184175674803555,-7.078065777932352e-07,8.117500692605972e-05,0.034809842705726624,-0.00023887757561169565,0.999393880367279,5.543945007957518e-05,0.00018697128689382225,0.009456508792936802,0.014768783003091812,0.001665606745518744,0.034519974142313004,-0.4819246530532837,0.5544994473457336,0.5065566301345825,-1.9512393474578857,-0.36643680930137634,2.3411614894866943,1.0240038633346558,-0.001890520565211773,-0.01270393468439579,0.003211025381460786,-0.00040890154195949435,0.009851133450865746,-0.00970319751650095,-0.006490377709269524,0.6017022132873535,-2.6509263989282772e-05,0.10482818633317947,-0.00024118460714817047,0.9993932247161865,-7.055053720250726e-05,-0.03482963144779205,1.7599668353796005e-06,-8.544993761461228e-06,0.03239141032099724,-1.980583692784421e-05,-1.0690301678550895e-05,0.9999999403953552,-1.9359886209713295e-06,-0.09290412068367004,0.000820250017568469,-0.06072552874684334,0.0006928365910425782,-0.014231344684958458,-0.00017138919793069363,-0.0884513184428215,-0.0008382821106351912,0.06704550236463547,0.0008208501385524869,0.0008101137354969978,0.00011412312596803531,0.0017394423484802246,-1.2077924111508764e-05,0.024939410388469696,0.004010180477052927,0.004024122375994921,5.3272196964826435e-06,7.614638889208436e-06,,,,,3.892845747199849,,1320,3.5083333333333333
14.516666666653464,retreat,14.516667423769832,1.8361047703322093,2.432522922754289,-0.5510449409484863,-0.004058692866237834,3.990321431218551,0.006482950993813574,0.0,0.1018834114074707,0.00016819585289340466,0.08150672912597656,-0.00036329493013909087,54,0.1023649126291275,0.013363420963287354,0.002208549762144685,0.0008416501805186272,-0.0005682175469701178,-2.7103876524058186,0.08141686022281647,0.003850812092423439,-0.061128512024879456,7.902688594185747e-06,-0.0001680065761320293,-1.087302052837913e-06,8.617364073870704e-05,0.03481436148285866,-0.00023803088697604835,0.9993938207626343,5.5608164984732866e-05,0.00021305677364580333,0.009449886158108711,0.014225384220480919,-0.0012244402896612883,0.02260664850473404,-0.481941819190979,0.5543964505195618,0.5065837502479553,-1.9512393474578857,-0.366351842880249,2.3410699367523193,1.0239580869674683,-0.0018724348628893495,-0.012684534303843975,0.0032434058375656605,-0.00034025320201180875,0.009941698051989079,-0.00988245103508234,-0.006546422839164734,0.6017025113105774,-2.7401554689276963e-05,0.10488055646419525,-0.00024215903249569237,0.9993930459022522,-7.534671749453992e-05,-0.03483232855796814,1.6472768038511276e-06,-7.494749297620729e-06,0.03239155933260918,-1.798532139218878e-05,-1.0958088751067407e-05,1.0,-3.7496079130505677e-06,-0.08570784330368042,0.0017314194701611996,-0.05594411492347717,-8.346587128471583e-05,-0.013362512923777103,-0.00013152787869330496,-0.08160519599914551,-0.0017473289044573903,0.06177471578121185,0.0001751138479448855,0.0009809434413909912,0.00011946643644478172,0.0017396807670593262,-1.2044334653182887e-05,0.024939395487308502,0.004010196775197983,0.00402421597391367,5.327547114575282e-06,7.619004463776946e-06,,,,,3.892845747199849,,1320,3.5166666666666666
14.52499999998679,retreat,14.525000757537782,1.7796870918713612,2.3800559341907515,-0.5508661270141602,-0.004787098077940755,3.9907630902721345,0.006467499133577803,0.03956468118525214,0.09897950291633606,0.0001634310610825196,0.07918360829353333,-0.0004945084697283164,53,0.09919030964374542,0.012419827282428741,0.00144587189424783,0.000385232298867777,-0.0005517334375326755,-2.6579513688783676,0.07910481840372086,0.0035360900219529867,-0.059387415647506714,7.765673217363656e-06,-0.00016324632451869547,-2.163262422527623e-07,8.964686276158318e-05,0.034818246960639954,-0.0002474709472153336,0.9993935823440552,6.460745498770848e-05,-0.0008211563108488917,0.009443020448088646,-0.07322634756565094,-0.00619080662727356,0.004852599464356899,-0.4819589853286743,0.5542934536933899,0.5066113471984863,-1.9512393474578857,-0.3662658929824829,2.3409783840179443,1.0239123106002808,-0.00186160986777395,-0.01267322339117527,0.0032840329222381115,-0.0002860676031559706,0.009991638362407684,-0.009971275925636292,-0.006571516394615173,0.6017029881477356,-2.8392252716002986e-05,0.1049329861998558,-0.00024343641416635364,0.9993930459022522,-8.045443973969668e-05,-0.03483504429459572,1.5231780707836151e-06,-7.662816642550752e-06,0.03239155188202858,-1.680599780229386e-05,-9.043322279467247e-06,0.9999999403953552,4.354673365014605e-06,-0.08243705332279205,0.003552411450073123,-0.055047519505023956,-0.00039942548028193414,-0.012412683106958866,-0.00013372059038374573,-0.07840477675199509,-0.0035676448605954647,0.060652125626802444,0.00012242462253198028,0.0005036182701587677,0.0001251217327080667,0.0017398595809936523,-1.2522110409918241e-05,0.02493938058614731,0.0040102009661495686,0.004023123532533646,5.243186024017632e-06,7.496040780097246e-06,,,,,3.892845747199849,,1320,3.525
14.533333333320115,retreat,14.533334091305733,1.7232983807402533,2.327462285757066,-0.5506277084350586,-0.006009236130921636,3.991253765326959,0.005955238066235324,0.0,0.09601747989654541,0.00015855359379202127,0.07681398093700409,-0.0005600512622550013,54,0.09677653014659882,0.012082478031516075,0.0033082792069762945,0.00045852430048398674,-0.0005446104350994574,-2.605391833153545,0.07673118263483047,0.0035776454024016857,-0.057609740644693375,7.392705356323859e-06,-0.00015837911632843316,-8.039169188123196e-07,9.361456613987684e-05,0.03482240438461304,-0.00024159452004823834,0.9993935227394104,0.00011958084360230714,-0.00014696360449306667,0.009745351038873196,-0.04694664478302002,-0.00588744692504406,0.014974191784858704,-0.48197615146636963,0.554190456867218,0.5066400170326233,-1.9512393474578857,-0.36618053913116455,2.3408868312835693,1.0238665342330933,-0.0018479741411283612,-0.0126748476177454,0.003304600715637207,-0.00023204143508337438,0.009958053007721901,-0.010084861889481544,-0.006556566338986158,0.6017034649848938,-2.870403477572836e-05,0.10498562455177307,-0.0002449072489980608,0.9993928670883179,-8.48916606628336e-05,-0.034837767481803894,1.4649704098701477e-06,-6.647172995144501e-06,0.03239160403609276,-1.5377574527519755e-05,-8.82910899235867e-06,1.0,-3.0035830604902003e-06,-0.08007855713367462,0.0011416980996727943,-0.05433063209056854,-0.0004228195466566831,-0.012073960155248642,-0.000164242519531399,-0.07610117644071579,-0.0011563932057470083,0.059774305671453476,-0.00024612690322101116,0.0005056317895650864,0.00018154160352423787,0.0017400383949279785,-1.2235394933668431e-05,0.024939365684986115,0.004010203760117292,0.00402328185737133,5.24539609614294e-06,7.5008138082921505e-06,,,,,3.892845747199849,,1320,3.533333333333333
14.541666666653441,retreat,14.541667425073683,1.6669395147367574,2.2745855152606977,-0.5505681037902832,-0.006376453711709473,3.991891552876529,0.005335727564670378,0.0,0.08669205754995346,0.00014317141904029995,0.06935364753007889,0.0,53,0.08796394616365433,0.011343734338879585,0.002516535809263587,0.0006170775159262121,-0.00047527390233881306,-2.5525594028897487,0.0692862793803215,0.003057013265788555,-0.05201518535614014,6.714576556987595e-06,-0.00014301388000603765,-2.8907692239954486e-08,9.714739280752838e-05,0.034828174859285355,-0.00023740385950077325,0.9993932843208313,0.00010807077342178673,0.00023744147620163858,0.009453924372792244,0.006425437051802874,-0.00406957883387804,0.040660709142684937,-0.48199331760406494,0.5540874600410461,0.5066705346107483,-1.9512393474578857,-0.366094708442688,2.3407952785491943,1.0238207578659058,-0.001860802061855793,-0.012697317637503147,0.0033576444257050753,-0.00019372557289898396,0.009962132200598717,-0.01026170700788498,-0.00655789952725172,0.601703941822052,-2.782685260172002e-05,0.10503848642110825,-0.0002470093604642898,0.9993928670883179,-8.884174167178571e-05,-0.03484009951353073,1.1995434761047363e-06,-5.257712473394349e-06,0.032391633838415146,-1.193545449496014e-05,-8.634102414362133e-06,1.0,-9.307394066127017e-06,-0.07345598936080933,0.0010236144298687577,-0.04838207736611366,-0.0003005254839081317,-0.011338964104652405,-0.00013378965377341956,-0.06990864127874374,-0.0010360208107158542,0.053379446268081665,-0.00014310292317532003,0.0007273349910974503,0.00014408347487915307,0.0017403364181518555,-1.2032164704578463e-05,0.024939343333244324,0.004010215867310762,0.004023403394967318,5.245507963991258e-06,7.498427294194698e-06,,,,,3.892845747199849,,1320,3.5416666666666665
14.549999999986767,retreat,14.550000758841634,1.6106113716587451,2.2215001285076155,-0.5505681037902832,-0.005133749255037401,3.992480189561432,0.004706337676907424,0.03956468118525214,0.07764793932437897,0.0001282500452362001,0.062118347734212875,0.0,52,0.08007854968309402,0.010338486172258854,0.0030684841331094503,0.0006097460282035172,-0.0004192663236608496,-2.499514939274836,0.06207018718123436,0.002455005655065179,-0.04658827558159828,6.272065547818784e-06,-0.00012809164763893932,1.1239351351832738e-06,0.00010059780470328405,0.03483317047357559,-0.00024068939092103392,0.9993930459022522,5.248815432423726e-05,0.000442408345406875,0.009411411359906197,0.029515061527490616,-0.0074559482745826244,0.05779237672686577,-0.48201048374176025,0.5539844632148743,0.5067046880722046,-1.9512393474578857,-0.36600878834724426,2.3407037258148193,1.0237749814987183,-0.0018906430341303349,-0.012738779187202454,0.003424858208745718,-0.00017521035624668002,0.009970379993319511,-0.010449555702507496,-0.006560379173606634,0.6017048358917236,-2.4511067749699578e-05,0.10509177297353745,-0.0002498173271305859,0.9993927478790283,-9.102382318815216e-05,-0.03484208881855011,4.5052729547023773e-07,-2.9976472433190793e-06,0.03239188715815544,-8.923096174839884e-06,-9.883326129056513e-06,0.9999999403953552,-8.784418241702951e-06,-0.06664217263460159,0.0009519188315607607,-0.04439018294215202,-0.00028958715847693384,-0.010333669371902943,-0.0001253289228770882,-0.0633891373872757,-0.000963401107583195,0.048923030495643616,-0.00014297857705969363,0.0007063308730721474,0.00013577373465523124,0.001740574836730957,-1.220237300003646e-05,0.02493932843208313,0.004010227043181658,0.004023525398224592,5.472657903737854e-06,7.824681233614683e-06,,,,,3.892845747199849,,1320,3.55
14.558333333320093,retreat,14.558334092609584,1.5543148293040865,2.1679006516933454,-0.5508065223693848,-0.0014585584722226486,3.993608167755109,0.003850765097013209,0.0,0.04642863944172859,7.67113160691224e-05,0.037142910063266754,0.0,50,0.053186822682619095,0.008393979631364346,0.006842179223895073,0.001812501111999154,-0.0002487232568455511,-2.4459938815608213,0.03712529316544533,0.001204275875352323,-0.027854638174176216,3.981129793828586e-06,-7.658806134713814e-05,1.745164468047733e-06,9.301119280280545e-05,0.03484296798706055,-0.00024554121773689985,0.9993927478790283,2.624055923661217e-05,0.0004656857345253229,0.009527699090540409,0.029694747179746628,-0.01346484012901783,0.022739240899682045,-0.48202764987945557,0.5538814663887024,0.5067390203475952,-1.9512393474578857,-0.36592286825180054,2.3406121730804443,1.0237292051315308,-0.001983598107472062,-0.012841624207794666,0.00356001453474164,-0.00019857659935951233,0.01001923531293869,-0.010941942222416401,-0.006580353248864412,0.6017056703567505,-2.13945095310919e-05,0.10514514893293381,-0.00025257363449782133,0.9993927478790283,-9.325714927399531e-05,-0.03484392166137695,-5.166511982679367e-07,-3.372690116520971e-06,0.0323917455971241,-9.520785511085705e-07,1.729913989834131e-09,1.0,-7.036585884634405e-06,-0.04517002031207085,0.0007427443633787334,-0.02807055413722992,-0.0004393135604914278,-0.008381953462958336,-9.360487456433475e-05,-0.04310550168156624,-0.0007494729361496866,0.031147915869951248,-0.0003244156250730157,0.0018565640784800053,0.00011728041135938838,0.0017411112785339355,-1.2431644790922292e-05,0.024939291179180145,0.004010235425084829,0.004023628309369087,5.503679858520627e-06,7.870490662753582e-06,,,,,3.892845747199849,,1320,3.558333333333333
14.566666666653418,retreat,14.566667426377535,1.4980507654706514,2.1141149103641523,-0.5512833595275879,0.0021880268832319416,3.994735827961752,0.002443379798933165,0.03956468118525214,0.015363716520369053,2.5384288164786994e-05,0.012290972284972668,0.0,53,0.025976577773690224,0.00478863762691617,0.010650909505784512,0.0017136514652520418,-8.959798924479401e-05,-2.3922865371171116,0.01228550635278225,0.00038804110954515636,-0.00921734981238842,1.3325525287655182e-06,-2.5341734726680443e-05,6.187953545122582e-07,9.481698361923918e-05,0.03485265374183655,-0.0002482712152414024,0.9993923902511597,2.3194035748019814e-05,0.00027583359042182565,0.010944405570626259,0.021086575463414192,-0.030666137114167213,0.030887583270668983,-0.48204484581947327,0.5537771582603455,0.5067728161811829,-1.9512393474578857,-0.36583706736564636,2.3405206203460693,1.0236834287643433,-0.0021274820901453495,-0.013000760227441788,0.003740502055734396,-0.0002922440180554986,0.010098080150783062,-0.01144252996891737,-0.0066164820455014706,0.6017065644264221,-1.8383168935542926e-05,0.10519938915967941,-0.00025497315800748765,0.9993926286697388,-9.551380935590714e-05,-0.034845322370529175,-1.7620623111724854e-06,-3.846969775622711e-06,0.032392289489507675,7.331764663831564e-06,4.610086534739821e-07,0.9999999403953552,-6.721773843310075e-06,-0.021177247166633606,0.00035332018160261214,-0.015039347112178802,-0.0002895617508329451,-0.004778811242431402,-0.00010082679364131764,-0.020078429952263832,-0.00035741794272325933,0.01647760346531868,-0.00023062294349074364,0.0017194377724081278,0.00011798143532359973,0.0017415881156921387,-1.2571250408655033e-05,0.024939261376857758,0.00401016790419817,0.004024183377623558,5.1463994168443605e-06,7.361231837421656e-06,,,,,3.892845747199849,,1320,3.5666666666666664
14.574999999986744,retreat,14.575000760145485,1.441820057956308,2.05938294529915,-0.5509257316589355,0.005261474143480882,3.995127983110639,0.00366683298125281,0.03956468118525214,0.00975203886628151,1.611815605429001e-05,0.00780163099989295,-0.0004289657056233409,57,0.014663666486740112,0.0018730477895587683,0.004912955686450005,0.00014488476153928787,-5.142857526152511e-05,-2.3375818353302167,0.007786897011101246,-0.0005138005944900215,-0.005848290398716927,-6.599399284823448e-07,-1.609159335203003e-05,6.481356535914529e-07,9.161014895653352e-05,0.034856196492910385,-0.00025055266451090574,0.9993922114372253,-1.3950928405392915e-05,0.0002869734598789364,0.00957680493593216,0.015023637562990189,-0.02267070859670639,0.02811100333929062,-0.48206257820129395,0.5536627173423767,0.5068062543869019,-1.9512393474578857,-0.36575114727020264,2.3404290676116943,1.0236376523971558,-0.002270540688186884,-0.01317864190787077,0.0038973207119852304,-0.00041392105049453676,0.010112960822880268,-0.011599783785641193,-0.006613527424633503,0.6017095446586609,-1.7349062545690686e-05,0.10525872558355331,-0.0002549544151406735,0.9993928074836731,-9.859877172857523e-05,-0.03484230116009712,-4.253583028912544e-06,-5.877656803932041e-06,0.0323970727622509,1.3908387700212188e-05,6.8309323069115635e-06,0.9999999403953552,-4.643867669074098e-06,-0.012368679977953434,-0.0007681059651076794,-0.007838933728635311,-2.3863738078944152e-06,-0.00187221250962466,-5.587963096331805e-05,-0.011792562901973724,0.0007662748103030026,0.00868166796863079,-0.00010921875946223736,8.529075421392918e-05,6.361494888551533e-05,0.0017417669296264648,-1.2679678548010997e-05,0.02493925392627716,0.004009962547570467,0.004023722372949123,5.394638719735667e-06,7.719092536717653e-06,,,,,3.892845747199849,,1320,3.5749999999999997
14.58333333332007,retreat,14.583334093913436,1.3856235845589335,1.9993610680103315,-0.5488991737365723,0.006582229161722353,3.995520099832397,0.004976221134711523,0.055952909680744456,0.0,0.0,0.0,-0.0006255940547816863,52,0.00801602378487587,0.0012161510530859232,0.00801602192223072,0.000405713013606146,0.0,-2.2775872186349586,0.0,0.0,0.0,0.0,0.0,0.0,8.985331078292802e-05,0.03485947474837303,-0.00026322659687139094,0.9993921518325806,-8.536037057638168e-05,-0.001441578846424818,0.009471437893807888,-0.10175210982561111,-0.027341028675436974,0.01792963780462742,-0.4820847809314728,0.553548276424408,0.5068402886390686,-1.9512393474578857,-0.3656651973724365,2.3403375148773193,1.0235918760299683,-0.002433844842016697,-0.013361762277781963,0.004088204819709063,-0.0005701009067706764,0.010216775350272655,-0.011793693527579308,-0.006667698733508587,0.6017125248908997,-1.8395818187855184e-05,0.10531803965568542,-0.0002552012156229466,0.9993928074836731,-0.00010362640023231506,-0.034839387983083725,-5.443813279271126e-06,-8.217910362873226e-06,0.03239642456173897,2.0099709217902273e-05,1.4036941138328984e-05,0.9999998807907104,7.5366051532910205e-06,-0.006091027054935694,0.0024306837003678083,-0.0046095335856080055,-0.00014048519369680434,-0.0012008214835077524,-0.0001315864792559296,-0.005755795631557703,-0.0024319139774888754,0.005021276883780956,0.00021935111726634204,0.000320733233820647,0.00011669757805066183,0.0017418861389160156,-1.3309942005435005e-05,0.024939239025115967,0.004025844857096672,0.004038516897708178,4.718989657703787e-06,6.753078196197748e-06,,,,,3.892845747199849,,1320,3.5833333333333335
14.591666666653396,retreat,14.591667427681386,1.329462223076396,1.9395999610424055,-0.5463361740112305,0.005025450263929088,3.995520099832397,0.005037065875512781,0.0,0.0,0.0,0.0,0.0,54,0.00588215421885252,0.0004888246185146272,0.005882153753191233,0.0002887665468733758,0.0,-2.2178261116670326,0.0,0.0,0.0,0.0,0.0,0.0,9.152773418463767e-05,0.03485937789082527,-0.0002543433802202344,0.9993922114372253,0.0011002174578607082,-0.00046186469262465835,0.0095729511231184,-0.08059486746788025,-0.0964769572019577,-0.021992530673742294,-0.48210763931274414,0.5534338355064392,0.5068746209144592,-1.9512393474578857,-0.3655792772769928,2.3402459621429443,1.0235460996627808,-0.002575336955487728,-0.013550614938139915,0.004224618896842003,-0.000738697883207351,0.010212826542556286,-0.011925814673304558,-0.006677435245364904,0.601715624332428,-1.976158091565594e-05,0.10537753999233246,-0.0002554883249104023,0.9993929862976074,-0.00010846846998902038,-0.034836236387491226,-6.2014441937208176e-06,-7.997306965989992e-06,0.03239620849490166,2.316374593647197e-05,1.688766133156605e-05,1.0,-1.7337767985736718e-06,-0.002868154551833868,-0.001838160678744316,-0.004795267712324858,5.1922863349318504e-05,-0.00044672537478618324,-0.00019154623441863805,-0.002526866737753153,0.0018362462287768722,0.004984262865036726,-0.00019980664364993572,3.228470450267196e-05,0.00020596386457327753,0.0017418861389160156,-1.2868968951806892e-05,0.024939239025115967,0.0040258546359837055,0.004038713406771421,4.881485438090749e-06,6.982183549553156e-06,,,,,3.892845747199849,,1320,3.591666666666667
14.599999999986721,retreat,14.600000761449337,1.2733368513065706,1.8796749413013472,-0.5433559417724609,0.0034780960049829446,3.9951769998021103,0.004789223567058798,0.055952909680744456,0.0,0.0,0.0,0.0,52,0.006280853413045406,0.0004341332532931119,0.006280854344367981,0.0005238887388259172,0.0,-2.1578772390534047,0.0,0.0,0.0,0.0,0.0,0.0,9.831301576923579e-05,0.03485669195652008,-0.0002485343429725617,0.9993922710418701,0.001337404944933951,0.00036989134969189763,0.009623927995562553,0.01465748529881239,-0.1113763302564621,-0.02236490696668625,-0.4821305274963379,0.5533193945884705,0.506909191608429,-1.9512393474578857,-0.3654933571815491,2.3401544094085693,1.0235002040863037,-0.0027084725443273783,-0.013729492202401161,0.004351908806711435,-0.0009175334125757217,0.010241370648145676,-0.011927716434001923,-0.006700431928038597,0.6017187833786011,-2.0751187548739836e-05,0.10543730109930038,-0.0002559203130658716,0.9993930459022522,-0.00011352123692631721,-0.03483302518725395,-6.599351763725281e-06,-7.4001400207635015e-06,0.03239605203270912,2.3683591280132532e-05,1.4933200873201713e-05,0.9999998807907104,-7.914941306808032e-06,-0.0038013833109289408,-0.002195205306634307,-0.004492179956287146,0.00040356055251322687,-5.483927816385403e-05,-0.0001503436651546508,-0.0034788588527590036,0.002193666761741042,0.004747051279991865,9.652829612605274e-05,-0.0004944609827362001,0.0001437012542737648,0.0017417669296264648,-1.2590508049470372e-05,0.024939246475696564,0.004025834146887064,0.0040388405323028564,5.062747732154094e-06,7.2368711698800325e-06,,,,,3.892845747199849,,1320,3.6
14.608333333320047,retreat,14.608334095217288,1.2172483470473203,1.8195711076259626,-0.5404353141784668,0.0028047215892001987,3.994882890646482,0.00499586712976452,0.03956468118525214,0.0,0.0,0.0,0.0,53,0.006018046289682388,0.00044116200297139585,0.006018045824021101,0.00047962763346731663,0.0,-2.0977529584228565,0.0,0.0,0.0,0.0,0.0,0.0,0.00010192309127887711,0.03485387936234474,-0.00025056820595636964,0.9993923902511597,0.0013692062348127365,0.0005215388955548406,0.00961483083665371,0.02375887893140316,-0.11840078979730606,-0.04673037678003311,-0.48215341567993164,0.5532049536705017,0.5069437623023987,-1.9512393474578857,-0.36540743708610535,2.3400628566741943,1.023453950881958,-0.0028392369858920574,-0.013900437392294407,0.004482302349060774,-0.0011004609987139702,0.010294727049767971,-0.01193501427769661,-0.006739815231412649,0.6017217040061951,-2.1997395379003137e-05,0.1054965928196907,-0.0002563061425462365,0.9993931651115417,-0.00011820535291917622,-0.03482995182275772,-6.855698302388191e-06,-7.93774233898148e-06,0.03239523991942406,2.394532202742994e-05,1.6064201190602034e-05,0.9999999403953552,-6.3047536968952045e-06,-0.0045590694062411785,-0.0011253505945205688,-0.003763688961043954,0.00032151280902326107,-0.00024313238100148737,-0.00017927652515936643,-0.00428570294752717,0.0011243869084864855,0.004072515293955803,0.00017089549510274082,-0.00041565304854884744,0.00016754087118897587,0.001741647720336914,-1.2698418686341029e-05,0.024939261376857758,0.004025834146887064,0.0040389723144471645,5.274514478514902e-06,7.540977094322443e-06,,,,,3.892845747199849,,1320,3.6083333333333334
14.616666666653373,retreat,14.616667428985238,1.161197588096524,1.7599888145923628,-0.5376935005187988,0.0018425871530780569,3.9944416863754744,0.00502524608236854,0.03956468118525214,0.0,0.0,0.0,0.0,61,0.005890204105526209,0.00040364955202676356,0.005890203639864922,0.0004246241878718138,0.0,-2.03813999212453,0.0,0.0,0.0,0.0,0.0,0.0,0.00010450923582538962,0.03485027328133583,-0.0002521075657568872,0.9993924498558044,0.0014043886912986636,0.000505961652379483,0.009676732122898102,0.02098785527050495,-0.12338139861822128,-0.05728906765580177,-0.48217642307281494,0.553090512752533,0.5069783329963684,-1.9512404203414917,-0.3653215169906616,2.3399713039398193,1.023407220840454,-0.0029635666869580746,-0.014065737836062908,0.004605752881616354,-0.001285886624827981,0.010337893851101398,-0.01194386649876833,-0.006766128353774548,0.6017241477966309,-2.3269112716661766e-05,0.10555575788021088,-0.00025655055651441216,0.9993932843208313,-0.000122719764476642,-0.03482748568058014,-6.747199222445488e-06,-8.221522875828668e-06,0.032394807785749435,2.2806645574746653e-05,1.804064777388703e-05,0.9999999403953552,-5.075958597444696e-06,-0.004730488173663616,-0.0007539847283624113,-0.0034276070073246956,0.00022249693574849516,-0.00030220451299101114,-0.00014866238052491099,-0.0044802092015743256,0.0007532734307460487,0.0037489738315343857,0.00012351440091151744,-0.00038131585461087525,0.00014017170178703964,0.0017414689064025879,-1.2779829376086127e-05,0.024939268827438354,0.004025857429951429,0.004039170686155558,5.2326458899187855e-06,7.484573870897293e-06,,,,,3.892845747199849,,1320,3.6166666666666667
14.624999999986699,retreat,14.625000762753189,1.1051854522520443,1.7005555331707014,-0.5354881286621094,0.0009029345164890401,3.9942455799702494,0.010306986951036379,0.03956468118525214,0.0,0.0,0.0,0.0,52,0.005753224715590477,0.00035188085166737437,0.00575322424992919,0.0004780118470080197,0.0,-1.9786930770496758,0.0,0.0,0.0,0.0,0.0,0.0,0.00010989014117512852,0.03484834358096123,-0.0002529502962715924,0.999392569065094,0.001320516923442483,0.00041520700324326754,0.009709581732749939,0.014431552961468697,-0.11996159702539444,-0.05126459524035454,-0.4822012484073639,0.5529760718345642,0.5070132613182068,-1.951263189315796,-0.3652355968952179,2.3398797512054443,1.0233603715896606,-0.0030812600161880255,-0.014225072227418423,0.004721282981336117,-0.0014727702364325523,0.010371043346822262,-0.01193417888134718,-0.00678625050932169,0.6017166972160339,-2.255419167340733e-05,0.10560702532529831,-0.000257479608990252,0.9993929862976074,-0.00012499695003498346,-0.03483513742685318,2.813059836626053e-06,-6.508398655569181e-06,0.03238598629832268,1.3216358638601378e-05,1.493439503974514e-05,0.9999999403953552,-5.053524546383414e-06,-0.004869151394814253,-0.000599502120167017,-0.0030052545480430126,0.00017880041559692472,-0.0002605846675578505,-0.00015474550309590995,-0.00464792363345623,0.0005990582867525518,0.003337292931973934,0.00010260860290145501,-0.0004428918764460832,0.00014769431436434388,0.0017413496971130371,-1.2831306776206475e-05,0.02493927627801895,0.004025653470307589,0.004039322026073933,5.151834102434805e-06,7.367663783952594e-06,,,,,3.892845747199849,,1320,3.625
14.633333333320024,retreat,14.63333409652114,1.0492128173117585,1.648960262537004,-0.5422234535217285,0.0018632126739248633,3.9933629821635472,0.009835469427343924,0.03956468118525214,0.0,0.0,0.0,0.0,54,0.00819920189678669,0.0003975920844823122,0.008199202828109264,0.0013679221738129854,0.0,-1.9270364466643652,0.0,0.0,0.0,0.0,0.0,0.0,0.0001228120381711051,0.034840893000364304,-0.00025439230375923216,0.9993928074836731,-0.0010691467905417085,0.00032301421742886305,0.009976809844374657,0.01587171107530594,0.017024176195263863,0.05264625698328018,-0.4822298288345337,0.5528613328933716,0.5070564150810242,-1.9512859582901,-0.36514967679977417,2.3397881984710693,1.023314118385315,-0.003175395308062434,-0.014368866570293903,0.00480586988851428,-0.0016287682810798287,0.01034472044557333,-0.01174435205757618,-0.006761771626770496,0.60170978307724,-1.9136063201585785e-05,0.10565965622663498,-0.0002602800086606294,0.9993927478790283,-0.0001259002456208691,-0.03484180569648743,3.4959521144628525e-06,-3.866807674057782e-06,0.03238699957728386,-9.136828111877549e-07,2.881063437598641e-06,0.9999999403953552,-5.992554633849068e-06,-0.006882934365421534,-0.00035652294172905385,-0.0044412859715521336,0.00012700093793682754,0.0003696019994094968,-7.310669025173411e-05,-0.006556830368936062,0.00035578079405240715,0.004910022020339966,8.001923561096191e-05,-0.0013639377430081367,6.694722105748951e-05,0.0017409920692443848,-1.2925836017529946e-05,0.024939298629760742,0.0040256609208881855,0.0040395078249275684,5.014326688979054e-06,7.165857823565602e-06,,,,,3.892845747199849,,1320,3.6333333333333333
14.64166666665335,retreat,14.64166743028909,0.9932805610735365,1.5959642827510847,-0.5499124526977539,0.005442054316517897,3.9942946074727326,0.004682216513174353,0.03956468118525214,0.0,0.0,0.0,0.0,65,0.012718111276626587,0.0007087701233103871,0.012718112207949162,0.0011968374019488692,0.0,-1.8741052351063139,0.0,0.0,0.0,0.0,0.0,0.0,0.00012721096572931856,0.03484896197915077,-0.0002569147327449173,0.9993924498558044,-0.001384490868076682,-0.0063139451667666435,0.0096498504281044,0.49737629294395447,0.03582995384931564,0.02636263519525528,-0.4822584092617035,0.5527356863021851,0.5071017742156982,-1.9513088464736938,-0.36506372690200806,2.3396966457366943,1.0232677459716797,-0.003300200682133436,-0.014499426819384098,0.004977146163582802,-0.001782584236934781,0.010450134053826332,-0.011678051203489304,-0.006783329416066408,0.6017051339149475,-1.5792695194249973e-05,0.10571835190057755,-0.0002607732021715492,0.9993927478790283,-0.00012612044520210475,-0.03484347462654114,9.690411388874054e-07,-4.0661288949195296e-06,0.03239291533827782,5.494338438438717e-06,-1.2253824479557807e-06,0.9999999403953552,-3.81913969249581e-06,-0.003643341362476349,0.01177812647074461,-0.003122844034805894,-0.0006967830122448504,0.00012263287499081343,-4.254034502082504e-05,-0.0034201887901872396,-0.011778928339481354,0.0033629650715738535,0.0010050662094727159,-0.0006492186221294105,-2.7871879865415394e-05,0.0017414093017578125,-1.3059590855846182e-05,0.02493927627801895,0.004025667440146208,0.004038365092128515,-0.0003001419245265424,-0.0004291888326406479,,,,,3.892845747199849,,1320,3.6416666666666666
14.649999999986676,retreat,14.65000076405704,0.9373895613352481,1.536955684423448,-0.5552768707275391,0.00858617750054691,3.994931910340294,0.004169377007201547,0.03956468118525214,0.0,0.0,0.0,0.0,76,0.010489276610314846,0.0003900655428878963,0.010489275678992271,0.0017103356076404452,0.0,-1.8151409431510779,0.0,0.0,0.0,0.0,0.0,0.0,0.0001248036278411746,0.03485438600182533,-0.00025643198750913143,0.9993922710418701,-0.0008515413501299918,0.0002874925557989627,0.010101333260536194,0.015778200700879097,0.0007871531997807324,0.04564529284834862,-0.4822870194911957,0.5526098012924194,0.507147490978241,-1.9513317346572876,-0.3649778366088867,2.3396050930023193,1.0232219696044922,-0.0033392603509128094,-0.014656979590654373,0.0049323225393891335,-0.0018790689064189792,0.010180790908634663,-0.011789854615926743,-0.0066585238091647625,0.601700484752655,-1.2035558029310778e-05,0.10577736794948578,-0.00026131607592105865,0.9993926882743835,-0.00012617702304851264,-0.03484484180808067,3.4458935260772705e-07,-3.4176518965978175e-06,0.032392967492341995,9.55205086938804e-06,1.1990488246738096e-06,0.9999999403953552,-4.930757768306648e-06,-0.0021698621567338705,-0.009406950324773788,-0.004101939965039492,-0.00034237868385389447,-0.0001635856315260753,-9.03753680177033e-05,-0.0018763600382953882,0.009405276738107204,0.004247934091836214,-0.001690973062068224,-0.00014952976198401302,0.000208563738851808,0.001741647720336914,-1.3031305570621043e-05,0.02493925392627716,0.004024376627057791,0.004038600251078606,5.386344128055498e-06,7.700873538851738e-06,,,,,3.892845747199849,,1320,3.65
14.658333333320002,retreat,14.65833409782499,0.8815406958947634,1.4776416122913374,-0.5601048469543457,0.012800924196199048,3.9952260158931803,0.004131859441258712,0.0,0.0,0.0,0.0,0.0,84,0.0035345242358744144,0.0008178239804692566,0.003534524003043771,0.0009189737611450255,0.0,-1.75584731772244,0.0,0.0,0.0,0.0,0.0,0.0,0.00011838480713777244,0.034856799989938736,-0.00026084226556122303,0.9993923306465149,-0.0007084871176630259,0.000650811824016273,0.009984901174902916,0.039494745433330536,-0.008305471390485764,0.008257243782281876,-0.48231562972068787,0.5524839162826538,0.5071932077407837,-1.9513546228408813,-0.364891916513443,2.3395135402679443,1.0231757164001465,-0.0034118869807571173,-0.014786316081881523,0.004982153419405222,-0.0020098432432860136,0.010274697095155716,-0.011674945242702961,-0.0067253075540065765,0.6016958355903625,-8.22661240817979e-06,0.10583613812923431,-0.0002619922161102295,0.9993926286697388,-0.0001262633450096473,-0.034846529364585876,2.3795291781425476e-07,-3.7797253753524274e-06,0.032392438501119614,1.0276568900735583e-05,7.828100024198648e-06,1.0,-1.4261407841331675e-06,-0.001511494512669742,-0.0007349170628003776,-0.003109363606199622,0.0005974051309749484,0.0005577826523222029,-2.866493014153093e-05,-0.0012910555815324187,0.0007336151320487261,0.0032074670307338238,0.0004918178310617805,-0.0007762677851133049,-6.024357844580663e-06,0.0017417669296264648,-1.3240513908385765e-05,0.024939246475696564,0.0040243808180093765,0.004038775339722633,5.9269841585773975e-06,8.475035429000854e-06,,,,,3.892845747199849,,1320,3.658333333333333
14.666666666653327,retreat,14.666667431592941,0.8257348425499487,1.4185883104801191,-0.5649328231811523,0.01578974843141623,3.995127983110639,0.0041396347114641685,0.03956468118525214,0.0,0.0,0.0,0.0,73,0.004679140634834766,0.0002579417487140745,0.004679140169173479,0.0006258283392526209,0.0,-1.6967872005111857,0.0,0.0,0.0,0.0,0.0,0.0,0.00012144079664722085,0.034856051206588745,-0.00025827143690548837,0.9993922710418701,-0.0005713460268452764,-0.00014597809058614075,0.01036166213452816,-0.03502274304628372,-0.013214568607509136,0.0639222040772438,-0.48234423995018005,0.5523580312728882,0.5072389245033264,-1.951377511024475,-0.3648059666156769,2.3394219875335693,1.0231293439865112,-0.003472250886261463,-0.014904703013598919,0.005020958371460438,-0.002124735387042165,0.010342812165617943,-0.011614258401095867,-0.0067770034074783325,0.6016913056373596,-4.5399465307127684e-06,0.10589507222175598,-0.00026244352920912206,0.999392569065094,-0.00012612219143193215,-0.03484780341386795,1.4901161193847656e-08,-3.052969987038523e-06,0.032392341643571854,8.255881766672246e-06,4.530681508185808e-06,0.9999999403953552,-4.334808636485832e-06,-0.0018742019310593605,0.0021880813874304295,-0.0036870071198791265,2.316850259376224e-05,0.00025348359486088157,-4.175204230705276e-05,-0.0016134297475218773,-0.002189609222114086,0.00380746740847826,0.00034119683550670743,-0.0005243385676294565,1.7744299839250743e-05,0.0017417669296264648,-1.3117371963744517e-05,0.02493925392627716,0.004024375695735216,0.004037707112729549,5.289037744660163e-06,7.561640813946724e-06,,,,,3.892845747199849,,1320,3.6666666666666665
14.674999999986653,retreat,14.675000765360892,0.7699728790986882,1.3594530522823347,-0.5697011947631836,0.02023455272137653,3.995520099832397,0.004325302597862901,0.03956468118525214,0.0,0.0,0.0,0.0,78,0.004444923251867294,0.000342087063472718,0.004444923717528582,0.0005463119596242905,0.0,-1.6376792029069616,0.0,0.0,0.0,0.0,0.0,0.0,0.00012595376756507903,0.034859541803598404,-0.0002714744186960161,0.9993922114372253,-0.0005965268355794251,-0.0011367292609065771,0.010255645960569382,-0.13039065897464752,-0.019481051713228226,0.03037451021373272,-0.48237285017967224,0.5522321462631226,0.5072846412658691,-1.9514003992080688,-0.36472004652023315,2.3393304347991943,1.0230830907821655,-0.0035186975728720427,-0.01501624658703804,0.005039990413933992,-0.002222726820036769,0.01037925947457552,-0.011563770473003387,-0.006811321247369051,0.6016864776611328,-6.920745363458991e-07,0.10595370829105377,-0.0002632642863318324,0.9993924498558044,-0.0001260636781807989,-0.03484960272908211,1.5576370060443878e-07,-3.5971825127489865e-06,0.032391827553510666,9.941172720573377e-06,3.95698094735053e-07,0.9999999403953552,8.198067916964646e-06,-0.0018029975472018123,0.003218779107555747,-0.0024791136384010315,-0.00024375632347073406,0.0002381619851803407,-2.9753764465567656e-05,-0.0016268009785562754,-0.0032196841202676296,0.002597017679363489,0.0002226287906523794,-0.0004986952408216894,1.4007498975843191e-05,0.0017418861389160156,-1.3785005648969673e-05,0.024939239025115967,0.004024380352348089,0.004037817008793354,5.262876129563665e-06,7.528637070208788e-06,,,,,3.892845747199849,,1320,3.675
14.683333333319979,retreat,14.683334099128842,0.7142556833388447,1.3005562126636518,-0.5747079849243164,0.022992902813712135,3.995520099832397,0.004120108314964455,0.0,0.0,0.0,0.0,0.0,83,0.0029302192851901054,0.0001792505499906838,0.0029302197508513927,0.0004172257613390684,0.0,-1.5787823632882787,0.0,0.0,0.0,0.0,0.0,0.0,0.00012040104775223881,0.03485957533121109,-0.00025715911760926247,0.9993921518325806,-0.0006490813684649765,0.0004186754522379488,0.010242256335914135,0.0274699404835701,-0.016862964257597923,0.028917156159877777,-0.48240146040916443,0.5521062612533569,0.5073303580284119,-1.9514232873916626,-0.36463412642478943,2.3392388820648193,1.0230365991592407,-0.003539013909175992,-0.015126209706068039,0.005004956852644682,-0.002299433806911111,0.01033939141780138,-0.011543878354132175,-0.006821353454142809,0.6016819477081299,2.7842907002195716e-06,0.10601281374692917,-0.00026391452411189675,0.9993925094604492,-0.000126020546304062,-0.03485100716352463,-2.139713615179062e-07,-2.83694316749461e-06,0.03239208087325096,8.572448678023648e-06,5.375569344323594e-06,1.0,-6.947852398297982e-06,-0.0016317885601893067,-0.00046000300790183246,-0.0023899474181234837,-2.3043448891257867e-05,0.00016734331438783556,-5.9966456319671124e-05,-0.001461217412725091,0.0004591023316606879,0.0024980504531413317,-8.521828567609191e-05,-0.0004030881100334227,6.584196671610698e-05,0.001741945743560791,-1.3059997399977874e-05,0.024939239025115967,0.004024423658847809,0.004037977196276188,5.6194598982983734e-06,8.036789949983358e-06,,,,,3.892845747199849,,1320,3.683333333333333
14.691666666653305,retreat,14.691667432896793,0.6585841330682918,1.2412346899509443,-0.5794167518615723,0.026566971428110264,3.9957651532747462,0.004759729563375004,0.0,0.0,0.0,0.0,0.0,83,0.0031447079963982105,0.00029094412457197905,0.003144708229228854,0.0005825985572300851,0.0,-1.5194778770836506,0.0,0.0,0.0,0.0,0.0,0.0,0.00011892124894075096,0.03486160188913345,-0.00025969749549403787,0.9993920922279358,-0.0005569920176640153,0.0002508629113435745,0.010237730108201504,0.015233908779919147,-0.020194221287965775,0.03608059510588646,-0.4824300706386566,0.5519803762435913,0.5073760747909546,-1.9514461755752563,-0.3645482063293457,2.3391473293304443,1.0229694843292236,-0.0035622587893158197,-0.015223439782857895,0.004987349733710289,-0.002380233258008957,0.010412330739200115,-0.011485151015222073,-0.006895463448017836,0.6016771197319031,6.693422619719058e-06,0.10607137531042099,-0.00026472791796550155,0.9993924498558044,-0.00011538205581018701,-0.03485267236828804,-3.958120942115784e-08,-2.473680069670081e-06,0.03239131346344948,8.93683682079427e-06,-3.716619175975211e-06,1.0,-4.903843091597082e-06,-0.0011085625737905502,0.0019816753920167685,-0.002175600966438651,0.00010779059812193736,0.00026681882445700467,-4.2864689021371305e-05,-0.0009548041271045804,-0.001982608577236533,0.002246508840471506,0.0003959847963415086,-0.0004270709468983114,1.5083645848790184e-05,0.0017420053482055664,-1.3184270756028127e-05,0.02493923157453537,0.004024462774395943,0.004038090817630291,5.4012421060178895e-06,7.721304427832365e-06,,,,,3.892845747199849,,1320,3.6916666666666664
14.69999999998663,retreat,14.700000766664743,0.6029591060848922,1.1824868619442,-0.5843043327331543,0.030404009521589614,3.9959121781383384,0.004608919425663771,0.0,0.0,0.0,0.0,0.0,87,0.003199454629793763,0.0004812841070815921,0.0031994543969631195,0.0006465332699008286,0.0,-1.4607402704786276,0.0,0.0,0.0,0.0,0.0,0.0,0.00011455728963483125,0.03486289083957672,-0.00026086336583830416,0.9993920922279358,-0.0006010481156408787,0.00020293545094318688,0.01025107130408287,0.014028409495949745,-0.01744246669113636,0.031764544546604156,-0.48245877027511597,0.5518544912338257,0.5074217915534973,-1.95146906375885,-0.364462286233902,2.3390557765960693,1.0229028463363647,-0.003571454668417573,-0.015313602983951569,0.004948766436427832,-0.002446955069899559,0.010459581390023232,-0.011431894265115261,-0.006885255686938763,0.6016724109649658,1.0292376828147098e-05,0.10613014549016953,-0.0002659070596564561,0.9993923306465149,-0.00010544391261646524,-0.03485413268208504,-1.2177042663097382e-07,-2.657816366991028e-06,0.032391343265771866,8.757821888139006e-06,-9.2835316536366e-06,1.0,-4.724309746961808e-06,-0.0011079127434641123,0.0022254090290516615,-0.002014098921790719,-3.3565527701284736e-05,0.0002467387530487031,0.00041185886948369443,-0.0009654172463342547,-0.0022262807469815016,0.002085222164168954,0.0002584313624538481,-0.0004066240508109331,-0.0004311326192691922,0.0017420649528503418,-1.3234928701422177e-05,0.024939224123954773,0.0040244655683636665,0.004038249142467976,5.362485353543889e-06,7.67296296544373e-06,,,,,3.892845747199849,,1320,3.6999999999999997
14.708333333319956,retreat,14.708334100432694,0.5473814801865196,1.1235527694225325,-0.5891919136047363,0.03396645115572028,3.9961572075765446,0.004339351107773837,0.0,0.0,0.0,0.0,0.0,90,0.0031495376024395227,0.0003224810934625566,0.0031495376024395227,0.0005073505453765392,0.0,-1.4018232127880892,0.0,0.0,0.0,0.0,0.0,0.0,0.00010313100210623816,0.03486499562859535,-0.0002624596527311951,0.9993919730186462,-0.0005907023441977799,0.00017755554290488362,0.010263807140290737,0.01422363705933094,-0.018345268443226814,0.03067285194993019,-0.48248744010925293,0.5517286062240601,0.5074673295021057,-1.9514919519424438,-0.3643763065338135,2.3389642238616943,1.0228352546691895,-0.0035703026223927736,-0.015396873466670513,0.004896266385912895,-0.0025037857703864574,0.01050884835422039,-0.011387188918888569,-0.006909370422363281,0.6016678810119629,1.3976492482470348e-05,0.1061893105506897,-0.00026660365983843803,0.9993923306465149,-9.444173338124529e-05,-0.034855399280786514,-3.7997961044311523e-07,-2.5156950869131833e-06,0.03239160403609276,9.602696991350967e-06,-8.83116626937408e-06,1.0,-3.839843429886969e-06,-0.0008536394452676177,0.0024595772847533226,-0.0017723903292790055,-5.8086086937692016e-05,0.00021582882618531585,0.0002324607048649341,-0.0007285956526175141,-0.0024603877682238817,0.001826260588131845,0.0002802384551614523,-0.00033907353645190597,-0.000252784724580124,0.0017421841621398926,-1.329478618572466e-05,0.024939216673374176,0.004024406895041466,0.0040384214371442795,5.381290975492448e-06,7.69452890381217e-06,,,,,3.892845747199849,,1320,3.7083333333333335
14.716666666653282,retreat,14.716667434200644,0.4918521331710579,1.0642386972904219,-0.5939006805419922,0.03739342719200067,3.9962552151519515,0.0044484486352303065,0.03956468118525214,0.0,0.0,0.0,0.0,91,0.003094925545156002,0.00040242087561637163,0.0030949257779866457,0.0005614553228951991,0.0,-1.342515954295024,0.0,0.0,0.0,0.0,0.0,0.0,9.290047455579042e-05,0.03486603498458862,-0.0002610007068142295,0.9993919134140015,-0.0005551368813030422,0.00014870298036839813,0.010269816033542156,0.014424886554479599,-0.02042449451982975,0.030160894617438316,-0.4825160503387451,0.5516027212142944,0.507512092590332,-1.9515148401260376,-0.3642902672290802,2.3388726711273193,1.022767424583435,-0.003559660166501999,-0.015472899191081524,0.004830986261367798,-0.002552562626078725,0.01056524459272623,-0.011341693811118603,-0.006925228517502546,0.6016632318496704,1.6814654372865334e-05,0.10624806582927704,-0.00026739982422441244,0.9993922710418701,-8.435008203377947e-05,-0.03485706076025963,-3.7066638469696045e-07,-3.07605296256952e-06,0.03239104524254799,8.980571692518424e-06,-8.769898158789147e-06,0.9999999403953552,-6.098186076997081e-06,-0.0006133776041679084,0.0026292356196790934,-0.001513093477115035,-4.9311180191580206e-05,0.0002179843286285177,0.00033465473097749054,-0.0005069595063105226,-0.002629961119964719,0.0015507616335526109,0.00030633225105702877,-0.00030646330560557544,-0.0003570334520190954,0.001742243766784668,-1.3204054994275793e-05,0.024939216673374176,0.004024432972073555,0.0040385788306593895,5.370002327254042e-06,7.681490387767553e-06,,,,,3.892845747199849,,1320,3.716666666666667
14.724999999986608,retreat,14.725000767968595,0.4363719428363595,1.0053642094135298,-0.598609447479248,0.040159979107556865,3.996402222015748,0.0070597238845948596,0.055952909680744456,0.0,0.0,0.0,0.0,92,0.003011197317391634,0.00035857735201716423,0.0030111982487142086,0.0005356344045139849,0.0,-1.2836516865623697,0.0,0.0,0.0,0.0,0.0,0.0,8.080272527877241e-05,0.03486695885658264,-0.0002630215312819928,0.9993919134140015,-0.00048379498184658587,0.00011782092042267323,0.010269210673868656,0.014530552551150322,-0.02458633854985237,0.02635294198989868,-0.4825446903705597,0.5514768362045288,0.5075470209121704,-1.9515377283096313,-0.36420369148254395,2.3387811183929443,1.022698998451233,-0.003540830686688423,-0.015541763044893742,0.004756230395287275,-0.0025937934406101704,0.010629548691213131,-0.01129214745014906,-0.006960673723369837,0.6016579270362854,1.4339340850710869e-05,0.10630538314580917,-0.0002662985061760992,0.9993920922279358,-7.792562973918393e-05,-0.034859925508499146,3.005843609571457e-07,-8.40466600493528e-06,0.03238944709300995,7.032036592136137e-06,-2.989285349030979e-06,0.9999998807907104,-3.175671054123086e-06,-0.0003130050317849964,0.0026916926726698875,-0.0013130605220794678,-2.206041244789958e-05,0.0002459959941916168,0.00025995582109317183,-0.00022122279915492982,-0.0026923560071736574,0.0013302607694640756,0.00034771638456732035,-0.0002911229676101357,-0.00028503499925136566,0.0017423033714294434,-1.3283946827868931e-05,0.02493920922279358,0.004024484660476446,0.004038771614432335,5.352527296054177e-06,7.65398726798594e-06,,,,,3.892845747199849,,1320,3.725
14.733333333319933,retreat,14.733334101736546,0.380941786980312,0.947927683591844,-0.6039738655090332,0.03688011202029884,3.996647221458708,0.007034888312773546,0.03956468118525214,0.0,0.0,0.0,0.0,84,0.002192365238443017,0.00042944663437083364,0.0021923650056123734,0.0006165637751109898,0.0,-1.2262321934763225,0.0,0.0,0.0,0.0,0.0,0.0,7.596708019264042e-05,0.03486928343772888,-0.0002604816108942032,0.9993917942047119,-0.000633717980235815,0.0003049649822060019,0.010342254303395748,0.028193846344947815,-0.01748262159526348,0.03119388408958912,-0.4825733006000519,0.5513509511947632,0.5075818300247192,-1.951560616493225,-0.3641120493412018,2.3386895656585693,1.0226303339004517,-0.003518796758726239,-0.015600210055708885,0.0046860105358064175,-0.002627795794978738,0.010715212672948837,-0.011215023696422577,-0.007026622537523508,0.6016524434089661,1.1915886716451496e-05,0.10636243969202042,-0.00026703320327214897,0.999392032623291,-7.336767885135487e-05,-0.03486328572034836,6.111804395914078e-07,-7.511214789701626e-06,0.032389067113399506,5.9993203649355564e-06,-2.8267904781387188e-06,0.9999999403953552,-6.460481472458923e-06,-0.00031739164842292666,0.001611744286492467,-0.0014518979005515575,0.00023322679044213146,0.0003360707778483629,0.00013071383000351489,-0.0002157121925847605,-0.0016124857356771827,0.0014696334255859256,0.00045574374962598085,-0.00038190954364836216,-0.00016307557234540582,0.0017424225807189941,-1.3148604921298102e-05,0.024939201772212982,0.004024430178105831,0.00403768103569746,5.657339443132514e-06,8.089584298431873e-06,,,,,3.892845747199849,,1320,3.7333333333333334
14.74166666665326,retreat,14.741667435504496,0.32556254340077473,0.8907295763492598,-0.6095170974731445,0.03444868707447313,3.996990195490413,0.0068418748924159445,0.055952909680744456,0.0,0.0,0.0,0.0,95,0.0028106991667300463,0.0003827794862445444,0.0028106989338994026,0.0006172958528622985,0.0,-1.1690579303039392,0.0,0.0,0.0,0.0,0.0,0.0,7.104902761057019e-05,0.034872300922870636,-0.00026141144917346537,0.9993916749954224,-0.0006465115584433079,-0.00025584918330423534,0.010414144024252892,-0.023313898593187332,-0.008769925683736801,0.06861432641744614,-0.48260191082954407,0.5512250661849976,0.507616400718689,-1.9515835046768188,-0.3640204071998596,2.3385980129241943,1.0225616693496704,-0.0034985810052603483,-0.01564815267920494,0.004632674623280764,-0.00265468074940145,0.010818343609571457,-0.01114422082901001,-0.007099682465195656,0.601647138595581,9.561634215060622e-06,0.10641982406377792,-0.0002676391741260886,0.9993919134140015,-6.89675216563046e-05,-0.034866418689489365,5.895271897315979e-07,-7.404614734696224e-06,0.03238926827907562,5.883495305170072e-06,-2.2964827621763106e-06,0.9999998807907104,-6.152987225505058e-06,8.76012200023979e-05,0.00244292919524014,-0.0013872466515749693,0.0001674475206527859,0.00032966345315799117,9.901247540256009e-05,0.0001836836599977687,-0.0024436877574771643,0.001376473344862461,0.0005121285212226212,-0.0003170162672176957,-0.00013520072388928384,0.001742541790008545,-1.3186505384510383e-05,0.024939194321632385,0.004024421330541372,0.004037870094180107,5.271474947221577e-06,7.538532372564077e-06,,,,,3.892845747199849,,1320,3.7416666666666667
14.749999999986585,retreat,14.750000769272447,0.2702350898956247,0.8332334458827986,-0.6149411201477051,0.03217378616682254,3.997186167460031,0.007728614036750514,0.06852804166478502,0.0,0.0,0.0,0.0,97,0.0011939603136852384,0.0003790229675360024,0.0011939601972699165,0.00041200811392627656,0.0,-1.1115754240988915,0.0,0.0,0.0,0.0,0.0,0.0,6.418133853003383e-05,0.03487413376569748,-0.0002635537530295551,0.9993916153907776,-0.0007119058864191175,0.00021285476395860314,0.010344031266868114,0.02249882183969021,-0.009797278791666031,0.015316614881157875,-0.48263052105903625,0.5510991215705872,0.5076509714126587,-1.9516063928604126,-0.36392876505851746,2.3385064601898193,1.0224930047988892,-0.003468387294560671,-0.01569046452641487,0.004566946532577276,-0.0026658191345632076,0.01087079755961895,-0.011094820685684681,-0.007140761706978083,0.6016415357589722,6.5842650656122714e-06,0.10647682100534439,-0.000267835013801232,0.9993917346000671,-6.466618651757017e-05,-0.034869998693466187,9.648501873016357e-07,-8.104423613986e-06,0.03238874673843384,4.137238192924997e-06,3.335015321681567e-07,0.9999998211860657,-4.298186922824243e-06,0.00021416725940071046,0.0006007453775964677,-0.001009345636703074,0.00020810274872928858,0.00029914596234448254,0.00010422734339954332,0.0002839064982254058,-0.0006013138336129487,0.000991645036265254,0.00028685707366093993,-0.0002681828336790204,-0.00012466622865758836,0.0017426609992980957,-1.3281583960633725e-05,0.02493918687105179,0.004024438560009003,0.004037979990243912,5.563241757045034e-06,7.956172339618206e-06,,,,,3.892845747199849,,1320,3.75
14.75833333331991,retreat,14.758334103040397,0.21496030426272839,0.7761396467685713,-0.6206631660461426,0.029297203582245857,3.997627069323253,0.00716639033271349,0.0,0.0,0.0,0.0,0.0,85,0.0015851970529183745,0.00046658419887535274,0.0015851972857490182,0.0005249703535810113,0.0,-1.0545122771229294,0.0,0.0,0.0,0.0,0.0,0.0,6.282075628405437e-05,0.034877896308898926,-0.00026456426712684333,0.9993915557861328,-0.0008102552965283394,0.00010446284431964159,0.01038241758942604,0.01712675206363201,-0.00512719014659524,0.04523007944226265,-0.48265913128852844,0.5509731769561768,0.5076855421066284,-1.9516292810440063,-0.3638371229171753,2.3384149074554443,1.022424340248108,-0.003439689753577113,-0.01572168804705143,0.004516685847193003,-0.002672174945473671,0.010954173281788826,-0.011029008775949478,-0.007193322759121656,0.6016361713409424,4.2413375922478735e-06,0.10653422027826309,-0.0002685795770958066,0.9993917346000671,-6.009304343024269e-05,-0.03487316519021988,8.349306881427765e-07,-7.532689778599888e-06,0.032389089465141296,4.732556135422783e-06,-2.86834597318375e-06,1.0,-3.917755293514347e-06,0.0004125674313399941,0.0009458206477575004,-0.0012033540988340974,0.0002852235920727253,0.00035453916643746197,0.00010320016735931858,0.0004953111056238413,-0.0009465133771300316,0.0011711659608408809,0.00041358769522048533,-0.0002949255285784602,-0.00013250681513454765,0.0017428398132324219,-1.3329718058230355e-05,0.024939171969890594,0.004024451598525047,0.004038120619952679,5.4155570978764445e-06,7.739028660580516e-06,,,,,3.892845747199849,,1320,3.7583333333333333
14.766666666653236,retreat,14.766667436808348,0.1597390642999592,0.7186360657215132,-0.6260871887207031,0.027028590920963325,3.997969959433106,0.007816642209945712,0.03956468118525214,0.0,0.0,0.0,0.0,83,0.0014216821873560548,0.00038750667590647936,0.0014216818381100893,0.0003858707204926759,0.0,-0.9970325342832133,0.0,0.0,0.0,0.0,0.0,0.0,5.9151068853680044e-05,0.03488091751933098,-0.0002652652619872242,0.9993914365768433,-0.0007771429372951388,6.478656723629683e-05,0.010379907675087452,0.01527279894798994,-0.005580685567110777,0.03989998623728752,-0.48268774151802063,0.5508471131324768,0.5077201128005981,-1.9516521692276,-0.36374548077583313,2.3383233547210693,1.0223556756973267,-0.00340666132979095,-0.01574581488966942,0.004467202816158533,-0.0026681299787014723,0.011018154211342335,-0.010985448956489563,-0.007227469701319933,0.6016305685043335,1.5776458894833922e-06,0.1065913662314415,-0.0002689931425265968,0.999391496181488,-5.593485911958851e-05,-0.03487669676542282,1.2174714356660843e-06,-7.910595741122961e-06,0.03238870948553085,4.22105722464039e-06,-3.3442004223616095e-06,0.9999999403953552,-3.6128035389992874e-06,0.0007378925802186131,0.0007000284385867417,-0.0009933048859238625,0.00020789424888789654,0.0003043944016098976,0.00011952175555052236,0.000805250252597034,-0.0007006346713751554,0.0009390751365572214,0.00029990318580530584,-0.00019776132830884308,-0.00014087138697504997,0.0017429590225219727,-1.3358353498915676e-05,0.024939164519309998,0.0040244427509605885,0.004038278013467789,5.370563485485036e-06,7.682800060138106e-06,,,,,3.892845747199849,,1320,3.7666666666666666
14.774999999986562,retreat,14.775000770576298,0.10457224780518715,0.6613932549953474,-0.6317496299743652,0.024437809770461172,3.9984107750084386,0.007572854883619584,0.0,0.0,0.0,0.0,0.0,68,0.0013435499276965857,0.00043265990098007023,0.0013435499276965857,0.0003775540681090206,0.0,-0.9398203696671554,0.0,0.0,0.0,0.0,0.0,0.0,5.639310256810859e-05,0.03488447144627571,-0.0002650886308401823,0.9993913173675537,-0.0008532250067219138,6.589286931557581e-05,0.010390439070761204,0.015707608312368393,-6.036618287907913e-05,0.04639638960361481,-0.4827163517475128,0.5507209300994873,0.5077546834945679,-1.9516750574111938,-0.36365383863449097,2.3382318019866943,1.0222870111465454,-0.003369217272847891,-0.015761597082018852,0.004418731201440096,-0.002654918935149908,0.01107263844460249,-0.0109342560172081,-0.007254992611706257,0.6016252636909485,-1.0187723091803491e-06,0.10664880275726318,-0.000269500509602949,0.999391496181488,-5.147340561961755e-05,-0.03487980365753174,1.0759104043245316e-06,-7.893326255725697e-06,0.03238894045352936,4.666169388656272e-06,-5.070499355497304e-06,1.0000001192092896,-4.2402762119309045e-06,0.0008390876464545727,0.0003508386726025492,-0.0009889239445328712,0.0002306655514985323,0.0003517900186125189,0.0001011522690532729,0.0009059482254087925,-0.00035144545836374164,0.0009278310462832451,0.00027357571525499225,-0.00023054322809912264,-0.0001206367596751079,0.0017431378364562988,-1.334472563030431e-05,0.024939149618148804,0.004024437628686428,0.00403848011046648,5.376452463679016e-06,7.690221536904573e-06,,,,,3.892845747199849,,1320,3.775
14.783333333319888,retreat,14.783334104344249,0.049460732576289246,0.6038896739482893,-0.6371736526489258,0.021923966414760798,3.998606677468364,0.007596942396048689,0.0,0.0,0.0,0.0,0.0,72,0.0014265773352235556,0.0004006271774414927,0.0014265773352235556,0.00030369547312147915,0.0,-0.8823304080254959,0.0,0.0,0.0,0.0,0.0,0.0,4.724611426354386e-05,0.03488630801439285,-0.0002655169228091836,0.9993912577629089,-0.0007898043259046972,6.41642909613438e-05,0.010387049987912178,0.016051894053816795,-0.002899757819250226,0.04443405568599701,-0.482744961977005,0.5505945086479187,0.5077892541885376,-1.9516979455947876,-0.3635621666908264,2.3381402492523193,1.0222183465957642,-0.0033292563166469336,-0.015770135447382927,0.004373723641037941,-0.0026338438037782907,0.01112398225814104,-0.010899470187723637,-0.007274167612195015,0.6016198992729187,-3.466735506663099e-06,0.10670635104179382,-0.0002698834578040987,0.9993913769721985,-4.682155849877745e-05,-0.03488295525312424,1.2242235243320465e-06,-7.813134288880974e-06,0.032388992607593536,3.3541887205501553e-06,-5.795122319796064e-07,1.0,-4.35041783930501e-06,0.001158843981102109,0.00011621507292147726,-0.0008238310110755265,0.00022272340720519423,0.00031077268067747355,0.00011965270095970482,0.001213451032526791,-0.00011674878624035046,0.0007409650715999305,0.0002305644447915256,-0.00014331802958622575,-0.00013612833572551608,0.0017432570457458496,-1.3350176232052036e-05,0.024939142167568207,0.004024464637041092,0.004038645885884762,5.366298864828423e-06,7.666763849556446e-06,,,,,3.892845747199849,,1320,3.783333333333333
14.791666666653214,retreat,14.7916674381122,-0.005594603588875202,0.546311587095262,-0.6425976753234863,0.019663146304083057,3.9990963917011846,0.007937628652143758,0.03956468118525214,0.0,0.0,0.0,0.0,88,0.0024496973492205143,0.0003851755755022168,0.0024496973492205143,0.00041612962377257645,0.0,-0.824786366757594,0.0,0.0,0.0,0.0,0.0,0.0,4.441272540134378e-05,0.03489037603139877,-0.0002771390718407929,0.9993910789489746,-0.0008507823222316802,-0.0011730610858649015,0.010513043031096458,-0.11300210654735565,-0.0030083460733294487,0.02575836516916752,-0.4827735722064972,0.5504682660102844,0.5078238844871521,-1.9517208337783813,-0.36347049474716187,2.3380486965179443,1.022149682044983,-0.0032904287800192833,-0.01576765812933445,0.004344398155808449,-0.0026095756329596043,0.011200000531971455,-0.010846026241779327,-0.0072966585867106915,0.6016145944595337,-6.270020094234496e-06,0.10676384717226028,-0.00027021209825761616,0.9993912577629089,-4.258810440660454e-05,-0.03488598391413689,1.2959353625774384e-06,-8.343915396835655e-06,0.03238891810178757,4.392167738842545e-06,-1.5837191540413187e-06,0.9999999403953552,6.984603260207223e-06,0.001127670519053936,0.0019234238425269723,-0.0010147987632080913,6.522142939502373e-05,0.0003535030991770327,0.00013835440040566027,0.0011954871006309986,-0.0019240493420511484,0.000932663562707603,0.00033256917959079146,-0.0001905460812849924,-0.0001620302500668913,0.0017434358596801758,-1.3925995517638512e-05,0.024939127266407013,0.004024422261863947,0.004037490114569664,5.275260718917707e-06,7.542723324149847e-06,,,,,3.892845747199849,,1320,3.7916666666666665
14.79999999998654,retreat,14.80000077188015,-0.060592882892429145,0.48872604966163774,-0.6479024887084961,0.01631827763048932,3.9992922606312113,0.008233384505729191,0.0,0.0,0.0,0.0,0.0,79,0.00482932711020112,0.00047155620995908976,0.0048293257132172585,0.00027403910644352436,0.0,-0.767214446386933,0.0,0.0,0.0,0.0,0.0,0.0,4.019078187411651e-05,0.03489241376519203,-0.00025736758834682405,0.9993910789489746,-0.0008270954713225365,0.0016222320264205337,0.010475858114659786,0.12354228645563126,0.0017460965318605304,0.0406930185854435,-0.482802152633667,0.5503420829772949,0.507858395576477,-1.951743721961975,-0.3633788526058197,2.3379571437835693,1.0220810174942017,-0.0032269770745187998,-0.015768790617585182,0.0042600915767252445,-0.0025603841058909893,0.011140101589262486,-0.01085657998919487,-0.007258932571858168,0.60160893201828,-8.98982398211956e-06,0.10682109743356705,-0.0002708063111640513,0.9993910789489746,-3.818096229224466e-05,-0.0348893441259861,1.8470454961061478e-06,-7.690545317018405e-06,0.03238854557275772,3.065297732973704e-06,-2.4782018499536207e-06,1.0,-1.3359832337300759e-05,0.0013807666255161166,-0.004600863438099623,-0.000497937377076596,0.00040703974082134664,0.00021991673565935344,9.121689799940214e-05,0.001412567449733615,0.004600510932505131,0.0004029135452583432,-0.00026333832647651434,-2.0386447431519628e-05,-7.303938764380291e-05,0.0017435550689697266,-1.2930660886922851e-05,0.024939119815826416,0.0040244171395897865,0.004038880113512278,7.410915713990107e-06,1.0597228538244963e-05,,,,,3.892845747199849,,1320,3.8
14.808333333319865,retreat,14.8083341056481,-0.11553322753649908,0.43141618371009965,-0.6534457206726074,0.013568313988798764,3.9994391560438762,0.007830657523300033,0.055952909680744456,0.0,0.0,0.0,0.0,82,0.002104526851326227,0.0006399433477781713,0.002104527084156871,0.0006489033112302423,0.0,-0.7099147927935485,0.0,0.0,0.0,0.0,0.0,0.0,3.7723850255133584e-05,0.03489341214299202,-0.0002642361505422741,0.9993909597396851,-0.0009024063474498689,0.0001695493992883712,0.010379484854638577,0.023491907864809036,0.005666505545377731,0.08111508190631866,-0.4828307330608368,0.550216019153595,0.5078930258750916,-1.9517666101455688,-0.36328694224357605,2.3378655910491943,1.0220123529434204,-0.0031872137915343046,-0.015750741586089134,0.004245313815772533,-0.0025276998057961464,0.01126833911985159,-0.010775135830044746,-0.007306248880922794,0.6016036868095398,-1.1318443284835666e-05,0.10687867552042007,-0.00027136586140841246,0.9993909597396851,-3.376257882337086e-05,-0.034892499446868896,1.773471012711525e-06,-7.2427828854415566e-06,0.032388836145401,9.109255074690736e-07,-4.208989139442565e-06,0.9999998807907104,-6.989637768128887e-06,0.0016366323688998818,0.0012474346440285444,-0.00044088001595810056,0.0004072322917636484,0.0004728410276584327,0.0001418121682945639,0.0016632875194773078,-0.0012477543205022812,0.00032498998916707933,0.0005760931526310742,-0.00023636387777514756,-0.00018254955648444593,0.001743614673614502,-1.3269576811580919e-05,0.024939119815826416,0.0040244064293801785,0.004037739709019661,5.493167009262834e-06,7.855473086237907e-06,,,,,3.892845747199849,,1320,3.808333333333333
14.816666666653191,retreat,14.816667439416051,-0.17041475972321862,0.3737635910511031,-0.6588101387023926,0.011374317182344384,3.999928768521281,0.00874701527209254,0.0,0.0,0.0,0.0,0.0,77,0.0017273452831432223,0.000289012590656057,0.0017273452831432223,0.00012885121395811439,0.0,-0.6522962386109332,0.0,0.0,0.0,0.0,0.0,0.0,3.3829732274170965e-05,0.03489800915122032,-0.00026554896612651646,0.9993908405303955,-0.0008555085514672101,8.358796912943944e-05,0.010336905717849731,0.017527922987937927,0.006724870298057795,0.08353100717067719,-0.4828593134880066,0.5500900745391846,0.5079273581504822,-1.9517894983291626,-0.3631950616836548,2.3377740383148193,1.0219436883926392,-0.00313157238997519,-0.015731198713183403,0.0042024170979857445,-0.0024743680842220783,0.011279871687293053,-0.010767422616481781,-0.007287963759154081,0.6015981435775757,-1.4102533896220848e-05,0.10693560540676117,-0.0002716077142395079,0.9993909001350403,-2.969450542877894e-05,-0.03489583730697632,2.1175947040319443e-06,-7.826813089195639e-06,0.0323881059885025,2.172041831727256e-06,-4.345382876635995e-06,1.0,-5.910168965783669e-06,0.0016682890709489584,-0.00032425441895611584,-0.00030885657179169357,8.803855598671362e-05,0.000246783863985911,0.00012196395982755348,0.0016857939772307873,0.00032401864882558584,0.0001919178175739944,3.258783181081526e-05,-5.7188153732568026e-06,-0.0001245309686055407,0.0017438530921936035,-1.3328390195965767e-05,0.024939104914665222,0.004024426452815533,0.004037886392325163,5.356040674087126e-06,7.662514690309763e-06,,,,,3.892845747199849,,1320,3.8166666666666664
14.824999999986517,retreat,14.825000773184001,-0.2252366016547107,0.3168337047100081,-0.6642341613769531,0.008878644621290732,4.000173552323689,0.008143235390889458,0.0,0.0,0.0,0.0,0.0,59,0.002097119577229023,0.000416415132349357,0.002097119577229023,0.00015872706717345864,0.0,-0.5953833699406004,0.0,0.0,0.0,0.0,0.0,0.0,2.9951430406072177e-05,0.034899838268756866,-0.00026717991568148136,0.9993908405303955,-0.0009717223001644015,0.00025511710555292666,0.010456203483045101,0.025205418467521667,0.012687494978308678,0.027296772226691246,-0.4828835427761078,0.5499641299247742,0.5079616904258728,-1.9518123865127563,-0.3631029427051544,2.3376824855804443,1.021875023841858,-0.003071024315431714,-0.015704704448580742,0.004156454466283321,-0.0024153112899512053,0.011292943730950356,-0.010738000273704529,-0.007271559908986092,0.6015925407409668,-1.3988297723699361e-05,0.1069929450750351,-0.00027244389639236033,0.9993907809257507,-2.3116450392990373e-05,-0.034899305552244186,2.5497283786535263e-06,-5.1774040912278e-06,0.03238850459456444,5.265893037176284e-07,-7.016014478722354e-06,1.0,-5.019646323489724e-06,0.0016830224776640534,-0.0010817243019118905,-0.0006286637508310378,0.0002208702062489465,0.0003346107550896704,0.00011248808004893363,0.0017228465294465423,0.0010813350090757012,0.0005103184375911951,5.6591976317577064e-05,-9.142083581537008e-05,-0.00011676412395900115,0.001743912696838379,-1.3403122466115747e-05,0.024939097464084625,0.004024410620331764,0.004038053099066019,5.602651981462259e-06,8.011993486434221e-06,,,,,3.892845747199849,,1320,3.8249999999999997
14.833333333319842,retreat,14.833334106951952,-0.2799978755331125,0.2594642341136946,-0.6699562072753906,0.009264528671337757,4.00061412548612,0.008486721526423935,0.055952909680744456,0.0,0.0,0.0,0.0,76,0.0019334068056195974,0.0004083121893927455,0.0019334068056195974,0.0002368493442190811,0.0,-0.5380445285191604,0.0,0.0,0.0,0.0,0.0,0.0,2.495795524737332e-05,0.03490374982357025,-0.000269801530521363,0.9993905425071716,-0.001069423509761691,0.00012150366819696501,0.010471041314303875,0.017978571355342865,0.02035972848534584,0.07130993902683258,-0.4829065501689911,0.5498382449150085,0.5079960227012634,-1.95183527469635,-0.3630104660987854,2.3375909328460693,1.0218063592910767,-0.0030066738836467266,-0.015672672539949417,0.004108074586838484,-0.002348692389205098,0.011305885389447212,-0.01071491651237011,-0.007237245328724384,0.6015868782997131,-1.305557816522196e-05,0.10704990476369858,-0.00027309919823892415,0.9993906617164612,-1.6124296962516382e-05,-0.034902844578027725,2.691056579351425e-06,-4.604138666763902e-06,0.03238809481263161,9.035789503286651e-07,-8.9461891548126e-06,0.9999998807907104,-2.9878754048695555e-06,0.0018615148728713393,-0.00042010241304524243,-0.00031038414454087615,0.00012662354856729507,0.0003184039087500423,0.00022204565175343305,0.0018786543514579535,0.00041990799945779145,0.0001799915626179427,5.0281254516448826e-05,-4.936972982250154e-05,-0.00022612394241150469,0.0017441511154174805,-1.3525411304726731e-05,0.02493908256292343,0.004024416208267212,0.004038203973323107,5.407134267443325e-06,7.734954124316573e-06,,,,,3.892845747199849,,1320,3.8333333333333335
14.841666666653168,retreat,14.841667440719903,-0.33469770356054696,0.2024896442890181,-0.675499439239502,0.010311143341823481,4.000956760014923,0.008590947800257709,0.03956468118525214,0.0,0.0,0.0,0.0,56,0.0021809369791299105,0.0003805746673606336,0.002180936746299267,0.00020183097512926906,0.0,-0.4810937590466503,0.0,0.0,0.0,0.0,0.0,0.0,1.6834901543916203e-05,0.03490685671567917,-0.0002706069790292531,0.9993904829025269,-0.001096653868444264,0.0001021720381686464,0.010468097403645515,0.016876496374607086,0.024009285494685173,0.07021569460630417,-0.4829295575618744,0.5497123599052429,0.508030354976654,-1.9518581628799438,-0.36291801929473877,2.3374993801116943,1.0217376947402954,-0.002936137607321143,-0.015636837109923363,0.00404956704005599,-0.00227355002425611,0.011305652558803558,-0.010701101273298264,-0.007201728411018848,0.601581335067749,-1.2428314221324399e-05,0.1071070060133934,-0.0002737875038292259,0.9993905425071716,-9.60916713665938e-06,-0.0349062904715538,2.923887223005295e-06,-4.993555194232613e-06,0.03238822892308235,5.653524226545414e-07,-7.327483217522968e-06,0.9999999403953552,-2.925477019743994e-06,0.0021486128680408,-0.0003224124957341701,-0.0001897329930216074,6.0767684772145e-05,0.00031725902226753533,0.00020122395653743297,0.0021566268987953663,0.00032230830402113497,3.9538004784844816e-05,1.1771044228225946e-07,-6.761227268725634e-06,-0.00020171765936538577,0.0017442703247070312,-1.3551484698837157e-05,0.024939075112342834,0.0040244231931865215,0.0040383473969995975,5.3710537031292915e-06,7.681577699258924e-06,,,,,3.892845747199849,,1320,3.841666666666667
14.849999999986494,retreat,14.850000774487853,-0.38933520793914767,0.1453883945941939,-0.6809234619140625,0.011011444257746916,4.00115253802208,0.008635868653072976,0.0,0.0,0.0,0.0,0.0,67,0.002322365762665868,0.00039062625728547573,0.0023223659954965115,0.00019294912635814399,0.0,-0.424006120062808,0.0,0.0,0.0,0.0,0.0,0.0,9.534160199109465e-06,0.03490829840302467,-0.00027044728631153703,0.9993904829025269,-0.0011361450888216496,0.00010746781481429935,0.010466246865689754,0.017681462690234184,0.027306439355015755,0.06704430282115936,-0.4829524755477905,0.5495864748954773,0.5080646872520447,-1.9518810510635376,-0.3628257215023041,2.3374078273773193,1.0216690301895142,-0.002861041110008955,-0.015596301294863224,0.003984655253589153,-0.0021921400912106037,0.011308236047625542,-0.01068507693707943,-0.0071722883731126785,0.6015759110450745,-1.1419844668125734e-05,0.10716430097818375,-0.0002746616373769939,0.9993904232978821,-2.509337491574115e-06,-0.034909553825855255,3.148801624774933e-06,-4.644702130462974e-06,0.03238840773701668,-1.2577373809108394e-06,-7.166517207224388e-06,1.0,-3.965551968576619e-06,0.00230476725846529,-0.0002635482815094292,-0.0001094238250516355,6.971323455218226e-05,0.00033391299075447023,0.00019034456636290997,0.002306791488081217,0.0002635207201819867,-5.151697769179009e-05,1.8282662495039403e-05,-8.623173926025629e-07,-0.0001920790527947247,0.0017443299293518066,-1.3530763681046665e-05,0.024939067661762238,0.0040244548581540585,0.004038523882627487,5.368663551053032e-06,7.678085239604115e-06,,,,,3.892845747199849,,1320,3.85
14.85833333331982,retreat,14.858334108255804,-0.44390951087104114,0.08809342980384965,-0.6864070892333984,0.012145781511208043,4.001544065347438,0.008934774086810648,0.055952909680744456,0.0,0.0,0.0,0.0,75,0.0025222892872989178,0.00039195179124362767,0.0025222892872989178,0.00022360545699484646,0.0,-0.36673837469018356,0.0,0.0,0.0,0.0,0.0,0.0,2.1649896098097088e-06,0.034912098199129105,-0.0002712637069635093,0.9993903040885925,-0.001112801139242947,0.00010369327355874702,0.010456670075654984,0.01790553703904152,0.027537891641259193,0.06579235941171646,-0.48297539353370667,0.5494605898857117,0.5080989599227905,-1.9519039392471313,-0.36273306608200073,2.3373162746429443,1.021600365638733,-0.0027814069762825966,-0.01555156521499157,0.003913140390068293,-0.002104917075484991,0.011312062852084637,-0.010674604214727879,-0.007141910959035158,0.6015703082084656,-1.064401658368297e-05,0.1072215810418129,-0.00027504077297635376,0.9993902444839478,4.347416506789159e-06,-0.034912995994091034,3.4901313483715057e-06,-4.9941336328629404e-06,0.03238838538527489,-9.008839469970553e-07,-6.637513706664322e-06,0.9999998807907104,-3.547961796357413e-06,0.002520419657230377,-9.202742512570694e-05,3.0959516152506694e-05,4.932186857331544e-05,0.00032278973958455026,0.00021679561177734286,0.0025121159851551056,9.211470751324669e-05,-0.0002067169116344303,2.0812523871427402e-05,4.142866237089038e-05,-0.00021874620870221406,0.0017445683479309082,-1.3558695172832813e-05,0.024939052760601044,0.0040244851261377335,0.004038736689835787,5.355983375920914e-06,7.658469257876277e-06,,,,,3.892845747199849,,1320,3.8583333333333334
14.866666666653146,retreat,14.866667442023754,-0.49841973455835387,0.030813366174699264,-0.6918907165527344,0.012120590326958336,4.001935554430213,0.009349330866825767,0.03956468118525214,0.0,0.0,0.0,0.0,70,0.0025883526541292667,0.00040522791096009314,0.0025883526541292667,0.00020899719675071537,0.0,-0.30948552780707406,0.0,0.0,0.0,0.0,0.0,0.0,-4.778124093718361e-06,0.03491522744297981,-0.0002679740427993238,0.999390184879303,-0.0011792395962402225,0.00014505466970149428,0.010369542054831982,0.01962732896208763,0.03699882701039314,0.08107778429985046,-0.4829982817173004,0.549334704875946,0.5081332325935364,-1.951926827430725,-0.36263948678970337,2.3372247219085693,1.0215317010879517,-0.0026969234459102154,-0.015502219088375568,0.0038348499219864607,-0.002011467469856143,0.011318289674818516,-0.010657284408807755,-0.007118788082152605,0.6015647053718567,-9.719013178255409e-06,0.10727860778570175,-0.0002762111253105104,0.999390184879303,1.0597475011309143e-05,-0.034916553646326065,3.82191501557827e-06,-3.982404450653121e-06,0.032388124614953995,-1.3265182587929303e-06,-6.100906375650084e-06,0.9999999403953552,-8.026537216210272e-06,0.0025728826876729727,-8.687598165124655e-05,0.0002688803360797465,7.491228461731225e-05,0.000345658918377012,0.00019778197747655213,0.0025478436145931482,8.712833368917927e-05,-0.0004477394977584481,4.840860128751956e-05,2.6127963792532682e-05,-0.00020162778673693538,0.001744687557220459,-1.3382189536059741e-05,0.024939045310020447,0.0040244366973638535,0.004037581384181976,5.406760919868248e-06,7.730734068900347e-06,,,,,3.892845747199849,,1320,3.8666666666666667
14.874999999986471,retreat,14.875000775791705,-0.5528650012032195,-0.02612397074699263,-0.6974339485168457,0.01417165549355559,4.002278076015595,0.009409828635398299,0.055952909680744456,0.0,0.0,0.0,0.0,67,0.0035700672306120396,0.0004118047363590449,0.0035700667649507523,0.0002928775502368808,0.0,-0.2525720033471728,0.0,0.0,0.0,0.0,0.0,0.0,-1.0024002222053241e-05,0.034918174147605896,-0.0002852982725016773,0.9993901252746582,-0.0012579134199768305,-0.001290652435272932,0.010573435574769974,-0.12670502066612244,0.03561197221279144,0.07798410207033157,-0.48302116990089417,0.5492088198661804,0.5081675052642822,-1.9519497156143188,-0.36254552006721497,2.3371331691741943,1.0214630365371704,-0.0026143216527998447,-0.015444431453943253,0.003768890630453825,-0.0019177391659468412,0.011362443678081036,-0.010629330761730671,-0.007116171531379223,0.6015591025352478,-8.605125913163647e-06,0.1073358878493309,-0.0002773329324554652,0.9993900060653687,1.7331698472844437e-05,-0.03492015227675438,4.138564690947533e-06,-4.861936758970842e-06,0.032388459891080856,-1.9827728010568535e-06,-7.025308605079772e-06,0.9999998807907104,8.214765330194496e-06,0.0025689168833196163,0.002468731254339218,-0.00022674175852444023,-0.00013063978985883296,0.00034427098580636084,0.00018437426479067653,0.0025785155594348907,-0.0024687168188393116,4.551271558739245e-05,0.0002125716709997505,2.694854629226029e-05,-0.0001996605278691277,0.0017448663711547852,-1.4238712537917309e-05,0.024939030408859253,0.004024452529847622,0.004037708975374699,5.254580173641443e-06,7.511756848543882e-06,,,,,3.892845747199849,,1320,3.875
14.883333333319797,retreat,14.883334109559655,-0.607244433007768,-0.08344873785972456,-0.7029175758361816,0.014326237760542426,4.002620568337607,0.009912634595821146,0.03956468118525214,0.0,0.0,0.0,0.0,79,0.0033140548039227724,0.0003377803950570524,0.0033140545710921288,0.0003166073583997786,0.0,-0.19527104665185285,0.0,0.0,0.0,0.0,0.0,0.0,-1.4598413144994993e-05,0.03492147848010063,-0.0002711931592784822,0.9993900060653687,-0.0012510853121057153,-4.2107680201297626e-05,0.010403716005384922,0.005804820917546749,0.045543476939201355,0.11394059658050537,-0.4830440282821655,0.5490829348564148,0.5082017779350281,-1.9519726037979126,-0.3624531328678131,2.3370416164398193,1.0213943719863892,-0.002512608654797077,-0.015390709042549133,0.003657461376860738,-0.0018044514581561089,0.011301936581730843,-0.010647029615938663,-0.007062145974487066,0.6015534400939941,-7.899587217252702e-06,0.10739286988973618,-0.0002781859948299825,0.9993898868560791,2.38431657635374e-05,-0.034923624247312546,4.518544301390648e-06,-4.2706087697297335e-06,0.0323881097137928,-2.1485152501554694e-06,-9.479587788518984e-06,0.9999999403953552,-6.6650882217800245e-06,0.002913903445005417,-0.0014313207939267159,0.0006659184582531452,2.5160593395412434e-06,0.0002764689561445266,0.0001940468355314806,0.002860270906239748,0.0014318848261609674,-0.000866899557877332,-0.00021729916625190526,0.00014456178178079426,-0.0001792294206097722,0.001744985580444336,-1.352589788439218e-05,0.024939022958278656,0.0040244413539767265,0.004037816543132067,5.27679094375344e-06,7.543247193098068e-06,,,,,3.892845747199849,,1320,3.8833333333333333
14.891666666653123,retreat,14.891667443327606,-0.6615571521741188,-0.1403711736202226,-0.7084012031555176,0.015318970326916315,4.002816265100133,0.010062020919576753,0.0,0.0,0.0,0.0,0.0,77,0.002929939655587077,0.00047625534352846444,0.002929939655587077,0.000255364750046283,0.0,-0.1383622159264776,0.0,0.0,0.0,0.0,0.0,0.0,-2.0591181964846328e-05,0.03492291271686554,-0.0002740912023000419,0.9993900060653687,-0.0013614015188068151,0.00021529772493522614,0.010475249961018562,0.024619434028863907,0.0498737208545208,0.05960656702518463,-0.4830665588378906,0.5489570498466492,0.5082359910011292,-1.9519954919815063,-0.3623586595058441,2.3369500637054443,1.021325707435608,-0.0024153043050318956,-0.015328207984566689,0.0035610722843557596,-0.0016963040689006448,0.011327668093144894,-0.010619995184242725,-0.007061006035655737,0.6015478372573853,-6.939917511772364e-06,0.10745009034872055,-0.00027938891435042024,0.9993898272514343,2.9928907679277472e-05,-0.034927256405353546,4.89410012960434e-06,-4.239329427946359e-06,0.03238840773701668,-4.346299192548031e-06,-9.516901627648622e-06,1.0000001192092896,-4.966575033904519e-06,0.0029018758796155453,-0.00034004231565631926,0.00021916735568083823,0.00022245262516662478,0.0003791644412558526,0.00018321657262276858,0.002879481529816985,0.00034039438469335437,-0.00042102744919247925,0.00016011677507776767,4.015333252027631e-05,-0.00019483706273604184,0.0017451047897338867,-1.366024480375927e-05,0.02493901550769806,0.004024471156299114,0.004038000479340553,5.53358859178843e-06,7.915485184639692e-06,,,,,3.892845747199849,,1320,3.8916666666666666
14.899999999986449,retreat,14.900000777095556,-0.7158022809044127,-0.19753202795982222,-0.7138848304748535,0.016509646229678765,4.003158711452022,0.011093841749243438,0.0,0.0,0.0,0.0,0.0,75,0.003042246215045452,0.00038350376416929066,0.003042246215045452,0.0002621229214128107,0.0,-0.08122516879275482,0.0,0.0,0.0,0.0,0.0,0.0,-2.913329990406055e-05,0.03492603451013565,-0.00027687070542015135,0.9993898868560791,-0.0014494702918455005,8.938949031289667e-05,0.010498089715838432,0.018424535170197487,0.0566239096224308,0.09105540066957474,-0.4830838441848755,0.5488311648368835,0.508269727230072,-1.9520180225372314,-0.36226269602775574,2.3368585109710693,1.0212570428848267,-0.0023152974899858236,-0.015261013060808182,0.003463918576017022,-0.0015824874863028526,0.011353658512234688,-0.010603681206703186,-0.0070608570240437984,0.6015421748161316,-2.408265572739765e-06,0.10750712454319,-0.00028097585891373456,0.9993896484375,3.8626298191957176e-05,-0.034931015223264694,5.306676030158997e-06,-8.152637747116387e-07,0.03238825872540474,-4.987253305444028e-06,-9.631944521970581e-06,1.0,-3.7693846479669446e-06,0.002970207715407014,0.00048374064499512315,0.0004462315991986543,9.819649130804464e-05,0.00032753852428868413,0.00017364067025482655,0.0029318316373974085,-0.00048320344649255276,-0.0006527935620397329,0.00015553849516436458,0.00010164646664634347,-0.0001848896936280653,0.0017452239990234375,-1.3784213479084428e-05,0.024939000606536865,0.004024472087621689,0.004038195125758648,5.362417141441256e-06,7.673923391848803e-06,,,,,3.892845747199849,,1320,3.9
14.908333333319774,retreat,14.908334110863507,-0.769978941400776,-0.25451406836509566,-0.7194876670837402,0.021059770006104372,4.003550042902704,0.012063231224601623,0.03956468118525214,0.0,0.0,0.0,0.0,77,0.003278397722169757,0.00043075153371319175,0.0032783974893391132,0.0003206948167644441,0.0,-0.024270334121122977,0.0,0.0,0.0,0.0,0.0,0.0,-3.591158383642323e-05,0.034929510205984116,-0.0002770379069261253,0.9993897676467896,-0.0015535412821918726,7.662150164833292e-05,0.01049833558499813,0.01919039711356163,0.06426491588354111,0.09159812331199646,-0.48310109972953796,0.5487052798271179,0.508293092250824,-1.9520400762557983,-0.36216679215431213,2.3367669582366943,1.021188735961914,-0.0022067008540034294,-0.015192237682640553,0.003348171478137374,-0.0014596779365092516,0.011349729262292385,-0.010598277673125267,-0.00703094620257616,0.6015362739562988,-4.86879434902221e-06,0.10756298154592514,-0.0002803528041113168,0.9993894696235657,4.1877327021211386e-05,-0.034935783594846725,5.835201591253281e-06,-7.874172297306359e-06,0.03238711506128311,-6.279342414927669e-06,-6.0744200709450524e-06,0.9999999403953552,-3.1052804843056947e-06,0.003069182625040412,0.0009893941460177302,0.0005908535677008331,-8.353339217137545e-05,0.00031103857327252626,0.0002860490931198001,0.0030204954091459513,-0.0009887473424896598,-0.0008042861591093242,3.927134093828499e-05,0.00013249187031760812,-0.0002893939090427011,0.0017454028129577637,-1.3780723747913726e-05,0.02493899315595627,0.004024375695735216,0.004038390703499317,5.386833436205052e-06,7.71039049141109e-06,,,,,3.892845747199849,,1320,3.908333333333333
14.9166666666531,retreat,14.916667444631457,-0.8240862558653319,-0.31031891703605513,-0.7253289222717285,0.018687627743929625,4.004088061300524,0.005940924893366173,0.0,0.0,0.0,0.0,0.0,77,0.0033888579346239567,0.0004309637297410518,0.0033888579346239567,0.00023175672686193138,0.0,0.03149711102171798,0.0,0.0,0.0,0.0,0.0,0.0,-3.99477212340571e-05,0.03493408113718033,-0.000277092243777588,0.9993896484375,-0.0016539779026061296,7.031656423350796e-05,0.010495150461792946,0.019262539222836494,0.07209588587284088,0.09378469735383987,-0.4831182658672333,0.5485793948173523,0.5083162188529968,-1.9520418643951416,-0.362069696187973,2.3366754055023193,1.0211200714111328,-0.0021022281143814325,-0.015117322094738483,0.0032442305237054825,-0.0013360055163502693,0.011379620060324669,-0.010572520084679127,-0.007062860298901796,0.601539671421051,-9.471932571614161e-06,0.10762635618448257,-0.00027971487725153565,0.9993897080421448,4.235048618284054e-05,-0.034930501133203506,-3.1942036002874374e-06,-1.014389272313565e-05,0.03239532560110092,3.5819832646666327e-06,-2.494581167411525e-06,1.0,-2.5373183234478347e-06,0.003322801785543561,0.00036491546779870987,0.0005569411441683769,0.00016377663996536285,0.0003984093200415373,1.3302471415954642e-05,0.003275832161307335,-0.000364259525667876,-0.000787779688835144,0.00021504017058759928,8.165536564774811e-05,-2.8307356842560694e-05,0.0017456412315368652,-1.3776379091723356e-05,0.024938978254795074,0.004024420399218798,0.004038575571030378,5.371988663682714e-06,7.67849269323051e-06,,,,,3.892845747199849,,1320,3.9166666666666665
14.924999999986426,retreat,14.925000778399408,-0.8781233465002138,-0.37357434630393843,-0.7228851318359375,0.014361427020048723,4.005212775700534,0.006481188393081538,0.0,0.0,0.0,0.0,0.0,79,0.012642324902117252,0.00029226948390714824,0.012642325833439827,0.001584766898304224,0.0,0.09467434920148662,0.0,0.0,0.0,0.0,0.0,0.0,-4.880551205133088e-05,0.03494391590356827,-0.0002791944134514779,0.9993892312049866,0.0006300770910456777,-0.006337541621178389,0.009882618673145771,0.49298301339149475,-0.05876479670405388,-0.06654919683933258,-0.4831354320049286,0.5484535098075867,0.5083394050598145,-1.9520422220230103,-0.3619723320007324,2.3365838527679443,1.0210514068603516,-0.0020477098878473043,-0.015033073723316193,0.003257787087932229,-0.001256673946045339,0.011592941358685493,-0.01067341212183237,-0.007160038687288761,0.6015437245368958,-1.3993783795740455e-05,0.10769004374742508,-0.0002792338200379163,0.9993898868560791,4.295670078136027e-05,-0.03492496907711029,-5.128560587763786e-06,-1.0371950338594615e-05,0.0323958620429039,1.895958666864317e-05,5.838439392391592e-06,1.0,-2.4100557993733673e-07,0.005688913632184267,0.010888271033763885,0.0029849959537386894,-0.0002762498043011874,-8.837976929498836e-05,3.600710624596104e-05,0.005467383190989494,-0.010886013507843018,-0.003380950540304184,0.0012910382356494665,0.0009104109485633671,-0.00012592940765898675,0.0017461180686950684,-1.3865921573597006e-05,0.02493894100189209,0.00402443390339613,0.004037497565150261,-0.0002948802721221,-0.0004217233508825302,,,,,3.892845747199849,,1320,3.925
14.933333333319752,retreat,14.933334112167358,-0.9320893355075519,-0.43706074357032637,-0.7184147834777832,0.009690906153991818,4.004674908159292,0.007034719601506367,0.03956468118525214,0.0,0.0,0.0,0.0,79,0.01177388895303011,0.00029436475597321987,0.011773888021707535,0.0015624044463038445,0.0,0.15819813945691652,0.0,0.0,0.0,0.0,0.0,0.0,-4.993283801013604e-05,0.03493903577327728,-0.00027717137709259987,0.9993893504142761,0.0012667321134358644,0.0005399440415203571,0.010025709867477417,0.045190174132585526,-0.09506393224000931,-0.04856080189347267,-0.4831525683403015,0.548327624797821,0.5083624720573425,-1.9520422220230103,-0.361875057220459,2.3364923000335693,1.0209827423095703,-0.001910928636789322,-0.014973499812185764,0.003063938347622752,-0.001142085180617869,0.011385996825993061,-0.010798518545925617,-0.0070693460293114185,0.6015480160713196,-1.895481545943767e-05,0.1077541708946228,-0.0002787270350381732,0.9993900656700134,4.294102473068051e-05,-0.03491899371147156,-5.2924733608961105e-06,-1.0694886441342533e-05,0.03239648789167404,2.005618989642244e-05,6.9292627813410945e-06,0.9999999403953552,-1.7971905208469252e-06,0.0028126270044595003,-0.011240470223128796,0.002089362358674407,0.0001933544408529997,-0.0002219564630649984,6.533818464049546e-08,0.0026591941714286804,0.011241920292377472,-0.002274278784170747,-0.0014270569663494825,0.0006281498936004937,0.00010021868365583941,0.0017458796501159668,-1.3762875823886134e-05,0.02493896335363388,0.004024462774395943,0.004038921557366848,6.091633622418158e-06,8.710339898243546e-06,,,,,3.892845747199849,,1320,3.933333333333333
14.941666666653077,retreat,14.941667445935309,-0.985983345089469,-0.5008824169635759,-0.7135868072509766,0.004287489900889341,4.003843516431115,0.006345981091726571,0.055952909680744456,0.0,0.0,0.0,0.0,79,0.0035560019314289093,0.0009953760309144855,0.0035560026299208403,0.0007848038803786039,0.0,0.22207761192782546,0.0,0.0,0.0,0.0,0.0,0.0,-4.8870275350054726e-05,0.034932032227516174,-0.00027521394076757133,0.9993895888328552,0.0014219637960195541,0.00026948933373205364,0.010167131200432777,0.020533639937639236,-0.10419513285160065,-0.04005223512649536,-0.48316970467567444,0.5482017397880554,0.5083856582641602,-1.9520422220230103,-0.361777663230896,2.3364007472991943,1.020914077758789,-0.0018281214870512486,-0.014887534081935883,0.0030053681693971157,-0.0010908719850704074,0.011560969986021519,-0.010752767324447632,-0.007168952841311693,0.6015520095825195,-2.3617536498932168e-05,0.1078181341290474,-0.0002781614603009075,0.9993902444839478,4.3265401473036036e-05,-0.03491323068737984,-4.824018105864525e-06,-9.991435945266858e-06,0.03239656984806061,1.881467323983088e-05,5.4943575378274545e-06,0.9999998807907104,-3.1412876069225604e-06,0.0015402409480884671,-0.0017908536829054356,0.0026581292040646076,0.0009939690353348851,-5.161223452887498e-05,1.1631924280663952e-05,0.0013508711708709598,0.0017924867570400238,-0.0027581320609897375,0.0007326543563976884,0.0002742240612860769,-6.273676990531385e-05,0.0017455220222473145,-1.3666940503753722e-05,0.02493898570537567,0.004024405498057604,0.004037742968648672,5.62400327908108e-06,8.044589776545763e-06,,,,,3.892845747199849,,1320,3.9416666666666664
14.949999999986403,retreat,14.95000077970326,-1.0398044974481024,-0.5645029246807085,-0.7091760635375977,-0.00020627157937269658,4.002914109899484,0.006571191988768987,0.0,0.0,0.0,0.0,0.0,77,0.0037554726004600525,0.0005935379303991795,0.0037554726004600525,0.0005413262988440692,0.0,0.2857627328666824,0.0,0.0,0.0,0.0,0.0,0.0,-4.673815783462487e-05,0.03492401912808418,-0.0002740048512350768,0.9993899464607239,0.0013534952886402607,-0.00023051374591886997,0.010199129581451416,-0.028091276064515114,-0.09409205615520477,0.0006232539308257401,-0.483186811208725,0.5480758547782898,0.508408784866333,-1.9520422220230103,-0.3616802990436554,2.3363091945648193,1.0208454132080078,-0.0017416751943528652,-0.014799706637859344,0.0029441986698657274,-0.0010438268072903156,0.011643716134130955,-0.01076037809252739,-0.00719755794852972,0.601556122303009,-2.8228088922332972e-05,0.10788197070360184,-0.0002778264170046896,0.9993905425071716,4.360456296126358e-05,-0.03490733355283737,-4.893634468317032e-06,-1.0130581358680502e-05,0.032396771013736725,1.669620723987464e-05,2.9910918328823755e-06,1.0,-3.926758381567197e-06,0.0002651374088600278,-0.0008749902481213212,0.0036424812860786915,0.0004277224070392549,-0.00040985370287671685,3.6888020986225456e-05,1.0288204066455364e-05,0.0008770300773903728,-0.003651614533737302,0.0002980133576784283,0.00044822791824117303,-5.7566812756704167e-05,0.0017451643943786621,-1.361026988888625e-05,0.02493901550769806,0.0040244003757834435,0.004037941340357065,5.278125627228292e-06,7.544935215264559e-06,,,,,3.892845747199849,,1320,3.9499999999999997
14.958333333319729,retreat,14.95833411347121,-1.0935519147855786,-0.627937167882918,-0.7047653198242188,-0.004491923391469754,4.002473789496675,0.004751520464196801,0.03956468118525214,0.0,0.0,0.0,0.0,70,0.005201178137212992,0.0006070949602872133,0.005201177671551704,0.00045342513476498425,0.0,0.34922758758564737,0.0,0.0,0.0,0.0,0.0,0.0,-4.614727367879823e-05,0.0349198654294014,-0.0002750740386545658,0.9993900060653687,0.0012819897383451462,0.00022735001402907073,0.010061129927635193,0.015114889480173588,-0.0971621498465538,-0.04012701287865639,-0.48319852352142334,0.5479499697685242,0.5084317922592163,-1.9520422220230103,-0.3615829348564148,2.3362176418304443,1.0207767486572266,-0.001649951795116067,-0.014712990261614323,0.0028701056726276875,-0.0010062274523079395,0.011660617776215076,-0.01077751163393259,-0.007186059840023518,0.6015604138374329,-2.9758786695310846e-05,0.1079457700252533,-0.0002771616855170578,0.999390721321106,4.651044946513139e-05,-0.034901462495326996,-5.1299575716257095e-06,-7.425078365486115e-06,0.03239712864160538,1.841769517341163e-05,-4.3562957330323115e-07,0.9999999403953552,-2.0719865005958127e-06,-0.0001242380531039089,-0.0024512505624443293,0.004585650283843279,0.00038384064100682735,-0.0004697898984886706,2.2980026187724434e-05,-0.0004440128104761243,0.0024537614081054926,-0.004564445000141859,2.8039125027135015e-05,0.0004518808564171195,-2.4735842089285143e-05,0.0017449259757995605,-1.3664737707586028e-05,0.024939030408859253,0.004024415742605925,0.004038074519485235,5.502926796907559e-06,7.866008672863245e-06,,,,,3.892845747199849,,1320,3.9583333333333335
14.966666666653055,retreat,14.96666744723916,-1.147224719304031,-0.6912820041179644,-0.7002353668212891,-0.005828770554217044,4.001739814668447,0.005313370365911396,0.0,0.0,0.0,0.0,0.0,71,0.005202814005315304,0.0005541771533899009,0.005202814470976591,0.0004279602144379169,0.0,0.41262345052470173,0.0,0.0,0.0,0.0,0.0,0.0,-5.025516657042317e-05,0.03491351008415222,-0.0002747891121543944,0.9993903040885925,0.0013155991910025477,0.00016420673637185246,0.010014775209128857,0.010676044039428234,-0.09800692647695541,-0.019777612760663033,-0.48321008682250977,0.5478240847587585,0.5084546804428101,-1.9520422220230103,-0.3614855706691742,2.3361260890960693,1.0207080841064453,-0.0015605264343321323,-0.014624707400798798,0.0027987651992589235,-0.0009878483833745122,0.011685457080602646,-0.010770592838525772,-0.007156797219067812,0.6015644073486328,-3.145186565234326e-05,0.10800965875387192,-0.0002763975935522467,0.9993909001350403,4.939800055581145e-05,-0.0348958782851696,-4.919013008475304e-06,-7.837024895707145e-06,0.03239762783050537,1.7641932572587393e-05,7.961210144458164e-07,1.0,-1.6378832015107037e-06,-0.00025676077348180115,-0.0016235223738476634,0.004936347249895334,0.0003159326151944697,-0.00043365824967622757,0.00013870633847545832,-0.0006005711620673537,0.001626201905310154,-0.004905513022094965,7.151919999159873e-05,0.0003966741496697068,-0.00014382132212631404,0.0017446279525756836,-1.3643350939673837e-05,0.024939045310020447,0.004024444613605738,0.004038265906274319,5.37858340976527e-06,7.68562313169241e-06,,,,,3.892845747199849,,1320,3.966666666666667
14.97499999998638,retreat,14.975000781007111,-1.2008220332055721,-0.7546864449977861,-0.6960034370422363,-0.00737931713956641,4.00115253802208,0.0053867183851252776,0.0,0.0,0.0,0.0,0.0,72,0.005720958113670349,0.00048515541129745543,0.005720959044992924,0.0003179956111125648,0.0,0.47606871952917196,0.0,0.0,0.0,0.0,0.0,0.0,-5.4207059292821214e-05,0.03490866348147392,-0.00027337390929460526,0.9993904829025269,0.0012374131474643946,0.0001836745796026662,0.009960130788385868,0.01113404892385006,-0.09515152126550674,-0.02508607693016529,-0.48322153091430664,0.5476982593536377,0.5084775686264038,-1.9520422220230103,-0.3613882064819336,2.3360345363616943,1.020639419555664,-0.0014685802161693573,-0.014535501599311829,0.002719871699810028,-0.0009824432199820876,0.011689732782542706,-0.010739900171756744,-0.007120005786418915,0.6015685200691223,-3.2664756872691214e-05,0.10807331651449203,-0.0002758408372756094,0.9993911385536194,5.257303564576432e-05,-0.03489004448056221,-5.1604583859443665e-06,-7.542508683400229e-06,0.032397881150245667,1.8631002603797242e-05,1.5411883396154735e-06,1.0,-2.5233489395759534e-06,-0.0006473131943494081,-0.001672615297138691,0.00543255964294076,0.00026424851967021823,-0.00039405652205459774,0.00010133086470887065,-0.0010247346945106983,0.0016755099641159177,-0.005373263265937567,1.5501369489356875e-05,0.00030062615405768156,-0.00010249311162624508,0.001744389533996582,-1.3565749213739764e-05,0.024939067661762238,0.004024459980428219,0.004038447979837656,5.375793989514932e-06,7.686292519792914e-06,,,,,3.892845747199849,,1320,3.975
14.983333333319706,retreat,14.983334114775062,-1.2543429786923497,-0.8178226649761187,-0.691831111907959,-0.008427230568486266,4.000809920232696,0.006033604677213589,0.0,0.0,0.0,0.0,0.0,76,0.006205286365002394,0.00047592181363143027,0.006205287761986256,0.0003226465196348727,0.0,0.5392287586902313,0.0,0.0,0.0,0.0,0.0,0.0,-6.052765093045309e-05,0.034905485808849335,-0.00027275251341052353,0.9993906021118164,0.0013003862695768476,0.0002000469685299322,0.009885282255709171,0.011006511747837067,-0.09965888410806656,-0.0270160473883152,-0.4832330048084259,0.547572910785675,0.5085004568099976,-1.9520422220230103,-0.361290842294693,2.3359429836273193,1.0205707550048828,-0.0013764083851128817,-0.014446436427533627,0.0026369874831289053,-0.0009904252365231514,0.011685664765536785,-0.010702959261834621,-0.007074086926877499,0.601572573184967,-3.395077510504052e-05,0.10813704133033752,-0.00027546219644136727,0.9993912577629089,5.5453128879889846e-05,-0.034884482622146606,-5.361158400774002e-06,-7.811348041286692e-06,0.03239844739437103,2.101604695781134e-05,4.97195151183405e-06,1.0,-2.8833417218265822e-06,-0.0006992016569711268,-0.0015876991674304008,0.005957844201475382,0.00022766643087379634,-0.00039991585072129965,0.00012139563477830961,-0.0011130652856081724,0.0015908656641840935,-0.0058937110006809235,-1.0148767614737153e-05,0.00029900058871135116,-0.00012081564636901021,0.0017442107200622559,-1.352367689833045e-05,0.024939075112342834,0.004024488385766745,0.004038637969642878,5.365413016988896e-06,7.675524102523923e-06,,,,,3.892845747199849,,1320,3.9833333333333334
14.991666666653032,retreat,14.991667448543012,-1.3077866779664795,-0.8809663355350481,-0.6875395774841309,-0.010195404684054665,4.000026683836884,0.001785009430932405,0.0,0.0,0.0,0.0,0.0,74,0.005739880260080099,0.00041242106817662716,0.005739882122725248,0.0002376135962549597,0.0,0.6024268807815376,0.0,0.0,0.0,0.0,0.0,0.0,-5.854637856828049e-05,0.034898705780506134,-0.0002721221826504916,0.9993907809257507,0.0013051755959168077,-0.0002081032725982368,0.010212315246462822,-0.04089176654815674,-0.10298530012369156,-0.023767821490764618,-0.4832444489002228,0.547458291053772,0.5085232853889465,-1.9520422220230103,-0.36119344830513,2.3358514308929443,1.0205020904541016,-0.001283739460632205,-0.014354579150676727,0.002552721183747053,-0.0010138521902263165,0.011687017977237701,-0.010636958293616772,-0.007031296379864216,0.6015744209289551,-3.415844912524335e-05,0.10819514840841293,-0.0002777237386908382,0.9993913173675537,5.8748490118887275e-05,-0.03488350659608841,-3.337860107421875e-06,-6.114467396400869e-06,0.03239325433969498,1.521086051070597e-05,-4.005489699920872e-07,1.0,-5.592754405370215e-06,-0.0010732666123658419,-0.0008659189334139228,0.005571759771555662,0.00016109563875943422,-0.00036448726314119995,0.00010624669084791094,-0.0014592281077057123,0.0008688423549756408,-0.005482883658260107,2.85188143607229e-05,0.0002095211821142584,-0.00010838714661076665,0.0017438530921936035,-1.3495659004547633e-05,0.024939097464084625,0.004024436231702566,0.00403748219832778,5.288173724693479e-06,7.563852705061436e-06,,,,,3.892845747199849,,1320,3.9916666666666667
14.999999999986358,retreat,15.000000782310963,-1.3611522532301024,-0.9385816752910601,-0.6854534149169922,-0.009902375495585147,3.9996350082154195,0.002023049546551192,0.03956468118525214,0.0,0.0,0.0,0.0,77,0.008094152435660362,0.0003495278942864388,0.008094153366982937,0.0003543526690918952,0.0,0.6600694503154161,0.0,0.0,0.0,0.0,0.0,0.0,-6.021197987138294e-05,0.034895431250333786,-0.00026634492678567767,0.9993909001350403,0.0008195281261578202,0.0017218333669006824,0.00987730547785759,0.1161377802491188,-0.07356387376785278,-0.0070032356306910515,-0.48325586318969727,0.5473438501358032,0.5085461139678955,-1.9520422220230103,-0.3610961139202118,2.3357598781585693,1.0204335451126099,-0.0011776284081861377,-0.014270396903157234,0.002430458553135395,-0.0010269231861457229,0.011582445353269577,-0.01054116990417242,-0.006933573633432388,0.6015762090682983,-3.420321081648581e-05,0.10825290530920029,-0.00027958748978562653,0.9993913769721985,6.193226727191359e-05,-0.03488282486796379,-3.0745286494493484e-06,-6.338697858154774e-06,0.03239338845014572,1.2613526450877544e-05,-2.18806189877796e-06,0.9999999403953552,-1.3173661500331946e-05,-0.0012610479025170207,-0.004376164171844721,0.006691356655210257,0.00030140281887724996,-0.00013268401380628347,0.000117136885819491,-0.001724978443235159,0.004379693418741226,-0.0065846829675138,-0.00033811130560934544,-4.945413093082607e-05,-9.381277777720243e-05,0.0017437338829040527,-1.3204079550632741e-05,0.02493911236524582,0.0040244366973638535,0.004038942977786064,7.32511944079306e-06,1.0481482604518533e-05,,,,,3.892845747199849,,1320,4.0
15.008333333319683,retreat,15.008334116078913,-1.414438826685334,-0.9958319365978228,-0.6837248802185059,-0.009703681826067623,3.999537083326529,0.002676814347069012,0.03956468118525214,0.0,0.0,0.0,0.0,68,0.006317834835499525,0.0002035186771536246,0.006317836698144674,0.0002707142848521471,0.0,0.717326519484661,0.0,0.0,0.0,0.0,0.0,0.0,-6.386584573192522e-05,0.03489437699317932,-0.00027663420769385993,0.9993909001350403,0.0007508056587539613,0.000383845588658005,0.009762795642018318,0.020054953172802925,-0.0696450024843216,-0.02036352828145027,-0.48326727747917175,0.5472294092178345,0.5085689425468445,-1.9520422220230103,-0.3609987199306488,2.3356683254241943,1.0203651189804077,-0.0010947216069325805,-0.014179854653775692,0.0023608619812875986,-0.0010605475399643183,0.011611106805503368,-0.01041661947965622,-0.006903725676238537,0.6015779972076416,-3.4841872547985986e-05,0.10831035673618317,-0.00028149859281256795,0.9993913769721985,6.455667607951909e-05,-0.03488223999738693,-3.15764918923378e-06,-7.058155460981652e-06,0.03239358961582184,1.2147917004767805e-05,-8.627866350252589e-07,0.9999999403953552,-4.8371125558333006e-06,-0.0007224219152703881,0.0006122126360423863,0.006246466189622879,0.0001550252054585144,-6.846774340374395e-05,0.00011269075912423432,-0.0011561134597286582,-0.0006088336813263595,-0.0061812447383999825,0.00023506616707891226,-3.577781899366528e-05,-0.000129422071040608,0.0017436742782592773,-1.3711859537579585e-05,0.024939119815826416,0.004024422727525234,0.004037862177938223,5.575439899985213e-06,7.973634637892246e-06,,,,,3.892845747199849,,1320,4.008333333333333
15.016666666653009,retreat,15.016667449846864,-1.4676455205343188,-1.0527469217777239,-0.6820559501647949,-0.010197534720646217,3.999537083326529,0.0013581528719441849,0.055952909680744456,0.0,0.0,0.0,0.0,78,0.006181979086250067,0.00014338883920572698,0.006181981414556503,0.00020091733313165605,0.0,0.7742415046645621,0.0,0.0,0.0,0.0,0.0,0.0,-6.623454828513786e-05,0.03489433974027634,-0.00027715100441128016,0.9993909001350403,0.0007252931827679276,0.0004008040705230087,0.009723823517560959,0.02150760218501091,-0.06998468935489655,-0.022438328713178635,-0.48327338695526123,0.5471149682998657,0.5085917711257935,-1.9520422220230103,-0.3609013557434082,2.3355767726898193,1.0203181505203247,-0.0010026240488514304,-0.014095114544034004,0.002265879651531577,-0.0010857502929866314,0.011541190557181835,-0.010324401780962944,-0.00682302750647068,0.6015797853469849,-3.180035128025338e-05,0.10836828500032425,-0.0002829754666890949,0.9993913769721985,5.969603080302477e-05,-0.03488154709339142,-3.251945599913597e-06,-3.4155818866565824e-06,0.032394591718912125,1.2801605407730676e-05,6.326492439256981e-06,0.9999998807907104,-6.0496031437651254e-06,-0.0006909024086780846,-0.0009777876548469067,0.006064936053007841,-3.970699981437065e-05,-0.00010679518163669854,8.705459913471714e-05,-0.0011121700517833233,0.0009810967603698373,-0.006001451518386602,-0.00018657281179912388,7.027207175269723e-06,-7.422246562782675e-05,0.0017436742782592773,-1.3733548257732764e-05,0.02493911236524582,0.004024419467896223,0.004037989769130945,5.5926643653947394e-06,8.002331014722586e-06,,,,,3.892845747199849,,1320,4.016666666666667
15.024999999986335,retreat,15.025000783614814,-1.5207714569791797,-1.110146194696425,-0.6803274154663086,-0.006888215466460679,3.9994391560438762,0.0015345199244620744,0.03956468118525214,0.0,0.0,0.0,0.0,76,0.006160506512969732,0.00025338842533528805,0.00616050697863102,0.00027110803057439625,0.0,0.8316475856129761,0.0,0.0,0.0,0.0,0.0,0.0,-5.9852522099390626e-05,0.03489338979125023,-0.00028000434394925833,0.9993909597396851,0.0007067605620250106,0.0002968946355395019,0.009646285325288773,0.01431987714022398,-0.07043282687664032,-0.006746476516127586,-0.4832792282104492,0.547000527381897,0.5086144804954529,-1.9520422220230103,-0.3608039915561676,2.3354852199554443,1.020271897315979,-0.000910788425244391,-0.014012807980179787,0.00216467073187232,-0.0011133990483358502,0.011474591679871082,-0.010221313685178757,-0.006801539100706577,0.6015815734863281,-2.8525588277261704e-05,0.10842588543891907,-0.0002845354611054063,0.9993914365768433,5.4295873269438744e-05,-0.03488082066178322,-3.3441465348005295e-06,-3.3367796277161688e-06,0.032394807785749435,1.2578329005918931e-05,5.39303437108174e-06,0.9999999403953552,-4.72162810183363e-06,-0.0006002616137266159,-0.0003479682491160929,0.006121310871094465,-7.767164061078802e-05,-4.932658703182824e-05,-0.00023609255731571466,-0.0010256048990413547,0.0003513492119964212,-0.006064365617930889,-0.00011114600056316704,-3.7519963370868936e-05,0.0002444143465254456,0.001743614673614502,-1.3887268323742319e-05,0.024939119815826416,0.004024439956992865,0.004038127139210701,5.438451808004174e-06,7.779162842780352e-06,,,,,3.892845747199849,,1320,4.025
15.03333333331966,retreat,15.033334117382765,-1.5738157582220325,-1.1672399938106524,-0.6785392761230469,-0.0034135837267967872,3.999341226367287,0.004238326255290303,0.0,0.0,0.0,0.0,0.0,80,0.006123109254986048,0.00019776717817876488,0.006123109720647335,0.0002022003463935107,0.0,0.888748192924161,0.0,0.0,0.0,0.0,0.0,0.0,-5.760302519774996e-05,0.03489274904131889,-0.0002819685614667833,0.9993910193443298,0.0007280664285644889,0.0002513514191377908,0.009573427960276604,0.01195770688354969,-0.07057485729455948,-0.0024323160760104656,-0.48328495025634766,0.5468860864639282,0.508629560470581,-1.9520422220230103,-0.3607068657875061,2.3353936672210693,1.0202256441116333,-0.0008185586775653064,-0.013933508656919003,0.0020555772352963686,-0.0011421628296375275,0.011407380923628807,-0.010118018835783005,-0.006773812230676413,0.601582944393158,-3.0268529371824116e-05,0.10848267376422882,-0.00028431141981855035,0.9993914365768433,4.578527659759857e-05,-0.03488096967339516,-2.9390212148427963e-06,-8.549712219974026e-06,0.03239447623491287,1.1793265912274364e-05,1.1727403943950776e-05,1.0,-2.7527535166882444e-06,-0.0005368200945667922,-6.080840466893278e-05,0.006099229212850332,-0.00010594319610390812,-3.974745413870551e-05,-0.0001621975243324414,-0.0009607535321265459,6.419514829758555e-05,-0.006046925205737352,-0.00010308597848052159,-3.7891146348556504e-05,0.00016977195627987385,0.0017435550689697266,-1.3989346371090505e-05,0.024939119815826416,0.004024440888315439,0.004038298036903143,5.376622539188247e-06,7.689057383686304e-06,,,,,3.892845747199849,,1320,4.033333333333333
15.041666666652986,retreat,15.041667451150715,-1.626777546465032,-1.223521679639815,-0.6772279739379883,-0.005023625817557331,3.9992922606312113,0.006170345841383096,0.055952909680744456,0.0,0.0,0.0,0.0,83,0.006015051621943712,0.00033882117713801563,0.00601505022495985,0.0003440777654759586,0.0,0.9450332829145196,0.0,0.0,0.0,0.0,0.0,0.0,-5.033208799432032e-05,0.03489210456609726,-0.0002808579010888934,0.9993910193443298,0.0006109614041633904,0.0002605841145850718,0.009515180252492428,0.012501981109380722,-0.06480889767408371,-0.0024035272654145956,-0.4832906723022461,0.5467716455459595,0.5086413621902466,-1.9520422220230103,-0.3606095612049103,2.3353021144866943,1.0201793909072876,-0.0007323967874981463,-0.013853263109922409,0.0019562302622944117,-0.00117455143481493,0.01136826816946268,-0.009990611113607883,-0.006787757854908705,0.6015841960906982,-3.381450369488448e-05,0.10853894799947739,-0.00028357302653603256,0.9993913769721985,3.56734381057322e-05,-0.034881457686424255,-2.8491485863924026e-06,-1.0510546417208388e-05,0.03239445388317108,1.0656196536729112e-05,1.4550518244504929e-05,0.9999998807907104,-3.22648998007935e-06,-0.0006667596171610057,-0.0005859769880771637,0.005949193611741066,0.00011103514407295734,3.087858931394294e-05,-0.0003186181129422039,-0.0010799479205161333,0.0005892732297070324,-0.0058878944255411625,4.86002754769288e-05,-0.00012736281496472657,0.0003159212355967611,0.0017435550689697266,-1.394653463648865e-05,0.024939119815826416,0.004024460446089506,0.004038488958030939,5.373987733037211e-06,7.686030585318804e-06,,,,,3.892845747199849,,1320,4.041666666666667
15.049999999986312,retreat,15.050000784918666,-1.67965594391028,-1.2793116271495806,-0.6761550903320312,-0.008403662832279224,3.999537083326529,0.006358644895954058,0.055952909680744456,0.0,0.0,0.0,0.0,75,0.005982900969684124,0.00040943583007901907,0.005982901901006699,0.00035975920036435127,0.0,1.0008062100364188,0.0,0.0,0.0,0.0,0.0,0.0,-4.0820479625836015e-05,0.03489438444375992,-0.00028001778991892934,0.9993909001350403,0.0006203574012033641,0.00027159028104506433,0.009449027478694916,0.012853508815169334,-0.0658029094338417,-0.001807595370337367,-0.4832964241504669,0.5466572046279907,0.5086530447006226,-1.9520423412322998,-0.36051467061042786,2.3352105617523193,1.020132064819336,-0.0006547687808051705,-0.013772479258477688,0.0018726285779848695,-0.0012094047851860523,0.011344829574227333,-0.00986645370721817,-0.006809811573475599,0.6015851497650146,-3.7286023143678904e-05,0.1085948497056961,-0.0002823173999786377,0.9993913173675537,2.73865425697295e-05,-0.03488226607441902,-2.6703346520662308e-06,-1.066448021447286e-05,0.03239455819129944,1.212872302858159e-05,1.3346708328754175e-05,0.9999998807907104,-2.7651963137032e-06,-0.00048403965774923563,-0.0010540708899497986,0.005869390442967415,0.00023312217672355473,3.3634227293077856e-05,-0.0003349037142470479,-0.0008921249536797404,0.0010573356412351131,-0.005820761900395155,0.00010406455839984119,-0.00010372765245847404,0.0003283866972196847,0.0017436742782592773,-1.3921139725425746e-05,0.024939119815826416,0.004024461843073368,0.004038644954562187,5.372112354962155e-06,7.678143447265029e-06,,,,,3.892845747199849,,1320,4.05
15.058333333319638,retreat,15.058334118686616,-1.732450072759928,-1.3346992433071123,-0.6752610206604004,-0.011649294719973113,3.9994881199844334,0.007755730621283874,0.0,0.0,0.0,0.0,0.0,78,0.005508897826075554,0.0002836081839632243,0.0055088987573981285,0.0003694852639455348,0.0,1.0561972301879017,0.0,0.0,0.0,0.0,0.0,0.0,-3.2353782444261014e-05,0.03489372506737709,-0.00029004414682276547,0.9993909597396851,0.0004923851229250431,-0.0009442949085496366,0.009514456614851952,-0.11462726444005966,-0.06348162889480591,-0.019179636612534523,-0.48330214619636536,0.546542763710022,0.5086647868156433,-1.9520423412322998,-0.36042168736457825,2.3351190090179443,1.0200847387313843,-0.0005885374266654253,-0.013687238097190857,0.0018159282626584172,-0.0012483313912525773,0.011351869441568851,-0.009720949456095695,-0.006826118566095829,0.6015865206718445,-4.1701678128447384e-05,0.1086510419845581,-0.00027962360763922334,0.9993913769721985,1.9140614313073456e-05,-0.034882206469774246,-3.0940864235162735e-06,-1.1989806807832792e-05,0.03239540383219719,1.1532277312653605e-05,1.3567344467446674e-05,1.0,9.954232154996134e-06,-0.0006773077766411006,0.0006272066966630518,0.005431005731225014,0.00011872373579535633,8.569330384489149e-05,-0.00024288873828481883,-0.0010543081443756819,-0.0006242175586521626,-0.00537091726437211,0.0002258269814774394,-0.00018364799325354397,0.0002275850420119241,0.001743614673614502,-1.4436928722716402e-05,0.024939119815826416,0.00402442179620266,0.0040374863892793655,5.272434009384597e-06,7.540336810052395e-06,,,,,3.892845747199849,,1320,4.058333333333334
15.066666666652964,retreat,15.066667452454567,-1.7851590552160843,-1.3904593884944902,-0.6740689277648926,-0.01679987326497212,3.9996350082154195,0.006737785952282138,0.0,0.0,0.0,0.0,0.0,80,0.008946726098656654,0.0006285545532591641,0.008946726098656654,0.0005113889928907156,0.0,1.1119471635188463,0.0,0.0,0.0,0.0,0.0,0.0,-2.736213900789153e-05,0.03489511460065842,-0.00026544672437012196,0.9993909597396851,0.0006372177740558982,0.0022621871903538704,0.009356887079775333,0.10963813215494156,-0.06678136438131332,-0.009005083702504635,-0.4833078384399414,0.5464283227920532,0.5086764097213745,-1.9520432949066162,-0.3603294789791107,2.3350274562835693,1.0200376510620117,-0.0005072339554317296,-0.013613512739539146,0.0017128128092736006,-0.0012700690422207117,0.011225547641515732,-0.009652824141085148,-0.006785064935684204,0.6015872955322266,-4.562476169667207e-05,0.1087067648768425,-0.0002771876170299947,0.9993913769721985,1.159941530204378e-05,-0.03488299995660782,-2.629123628139496e-06,-1.0902975191129372e-05,0.032395340502262115,1.2124620297981892e-05,1.5338484445237555e-05,1.0000001192092896,-1.2284829608688597e-05,-0.00033735978649929166,-0.006707089487463236,0.005911434534937143,0.0005506098968908191,-7.928904233267531e-05,-0.00029261386953294277,-0.0007487307884730399,0.00671034399420023,-0.0058698044158518314,-0.0003968533128499985,3.0387778679141775e-05,0.00032109615858644247,0.0017436742782592773,-1.3216511433711275e-05,0.02493911236524582,0.004024422727525234,0.004038885235786438,7.009186447248794e-06,1.0026298696175218e-05,,,,,3.892845747199849,,1320,4.066666666666666
15.07499999998629,retreat,15.075000786222517,-1.8377820134809006,-1.4457277953624712,-0.6733536720275879,-0.02061225677607581,3.999683969762259,0.006919751740497304,0.03956468118525214,0.0,0.0,0.0,0.0,78,0.005618011113256216,0.0006241777446120977,0.005618009250611067,0.0006937183206900954,0.0,1.167212166518293,0.0,0.0,0.0,0.0,0.0,0.0,-1.9321500076330267e-05,0.03489575535058975,-0.00027196010341867805,0.9993909597396851,0.0005599859869107604,0.00038984118145890534,0.009203050285577774,0.01750301942229271,-0.06329885870218277,0.0289413221180439,-0.48331353068351746,0.5463138818740845,0.5086881518363953,-1.9520444869995117,-0.360236793756485,2.3349359035491943,1.019988775253296,-0.0004621453699655831,-0.013524332083761692,0.0016990996664389968,-0.0013187204021960497,0.011311070062220097,-0.00946968887001276,-0.006833395455032587,0.6015881896018982,-4.9393402150599286e-05,0.10876244306564331,-0.0002748143160715699,0.9993912577629089,4.59715602119104e-06,-0.03488369286060333,-2.734595909714699e-06,-1.0996805940521881e-05,0.032395750284194946,1.2068794603692368e-05,1.4614479368901812e-05,0.9999999403953552,-3.36557172886387e-06,-0.00036367878783494234,0.0003905525372829288,0.00559260742738843,0.0005372102605178952,0.00023811229038983583,-0.0002104887826135382,-0.0007527417037636042,-0.00038749250234104693,-0.005553850904107094,0.0006069217924959958,-0.00029073524638079107,0.00016841637261677533,0.0017437338829040527,-1.3556011253967881e-05,0.02493911236524582,0.004024416673928499,0.004037681967020035,5.442731890070718e-06,7.786497008055449e-06,,,,,3.892845747199849,,1320,4.075
15.083333333319615,retreat,15.083334119990468,-1.8903180697564892,-1.5008993446826921,-0.6725192070007324,-0.023724664060864598,3.9996350082154195,0.007895439921412617,0.055952909680744456,0.0,0.0,0.0,0.0,75,0.004572129808366299,0.0002286148228449747,0.004572128877043724,0.00023169172345660627,0.0,1.2223871197070482,0.0,0.0,0.0,0.0,0.0,0.0,-8.165267900039908e-06,0.03489508107304573,-0.0002785641117952764,0.9993909001350403,0.0005610436201095581,-0.0005580448196269572,0.00960967130959034,-0.09603190422058105,-0.06668340414762497,0.014370796270668507,-0.4833192229270935,0.5461994409561157,0.5086998343467712,-1.9520456790924072,-0.36014464497566223,2.3348443508148193,1.0199415683746338,-0.00040913905831985176,-0.013437562622129917,0.0016682081623002887,-0.0013536937767639756,0.011275943368673325,-0.009362989105284214,-0.006808907724916935,0.6015887260437012,-5.325113670551218e-05,0.1088179498910904,-0.0002724944206420332,0.9993912577629089,-2.9031273243163014e-06,-0.034884512424468994,-2.360902726650238e-06,-1.1875188647536561e-05,0.03239606320858002,1.057496865541907e-05,1.1271809853496961e-05,0.9999998807907104,5.6771964409563225e-06,-0.0007211242918856442,-0.00034747199970297515,0.00450151227414608,5.1427679863991216e-05,-3.2582371204625815e-05,-0.00022035952133592218,-0.0010332355741411448,0.0003499150334391743,-0.004440084099769592,1.664234878262505e-05,-7.170594471972436e-05,0.00021968693181406707,0.0017436742782592773,-1.3905475498177111e-05,0.02493911236524582,0.004024415742605925,0.004037801176309586,5.270074325380847e-06,7.5382995419204235e-06,,,,,3.892845747199849,,1320,4.083333333333333
15.09166666665294,retreat,15.091667453758419,-1.9427663462449907,-1.5560261905193316,-0.6721019744873047,-0.027927257178816944,3.999683969762259,0.007797259968356229,0.06852804166478502,0.0,0.0,0.0,0.0,66,0.007033590227365494,0.00040275894571095705,0.007033592090010643,0.0003716023056767881,0.0,1.2775105616751534,0.0,0.0,0.0,0.0,0.0,0.0,-4.564012215269031e-06,0.03489579260349274,-0.00026885312399826944,0.9993908405303955,0.000438166520325467,0.0005467035807669163,0.00924003403633833,0.02423824742436409,-0.06001817807555199,-0.005621861666440964,-0.48332479596138,0.546085000038147,0.5087115168571472,-1.9520487785339355,-0.3600527346134186,2.3347527980804443,1.0198948383331299,-0.00035114234196953475,-0.013356681913137436,0.0016189689049497247,-0.001377209322527051,0.01117285992950201,-0.00926314014941454,-0.0067546432837843895,0.6015884280204773,-5.699458051822148e-05,0.10887310653924942,-0.0002696285955607891,0.9993911981582642,-1.009099833026994e-05,-0.034886207431554794,-1.535750925540924e-06,-1.1585339962039143e-05,0.03239604830741882,9.599044460628647e-06,1.4616167391068302e-05,0.9999998211860657,-1.284587824557093e-06,-0.0005054138018749654,-0.0038394497241824865,0.005871505010873079,0.0003114794672001153,5.788822454633191e-05,-0.0002486850426066667,-0.0009134537540376186,0.0038426194805651903,-0.005819905083626509,-0.00022519906633533537,-0.00013102868979331106,0.00026496255304664373,0.0017437338829040527,-1.3426502846414223e-05,0.02493911236524582,0.00402443204075098,0.004037992563098669,5.614159363176441e-06,8.034519851207733e-06,,,,,3.892845747199849,,1320,4.091666666666667
15.099999999986267,retreat,15.100000787526369,-1.9951259651485174,-1.6107432544231401,-0.6723999977111816,-0.03133222344331443,3.9997329307107243,0.01260097178601427,0.055952909680744456,0.0,0.0,0.0,0.0,70,0.005728063173592091,0.000521077832672745,0.005728061310946941,0.0003288742445874959,0.0,1.332224221752231,0.0,0.0,0.0,0.0,0.0,0.0,5.8155278566118795e-06,0.03489601984620094,-0.00026823687949217856,0.9993908405303955,0.00019898609025403857,0.0004691717040259391,0.009173511527478695,0.017268141731619835,-0.045416127890348434,0.009667868725955486,-0.48332521319389343,0.5459705591201782,0.5087231993675232,-1.9520715475082397,-0.3599608838558197,2.3346612453460693,1.0198485851287842,-0.0003050613449886441,-0.013269725255668163,0.0015980007592588663,-0.0014078137464821339,0.011146296747028828,-0.00912476982921362,-0.006735294125974178,0.6015791893005371,-5.517702084034681e-05,0.10892084240913391,-0.00026734842685982585,0.9993907809257507,-1.2549367966130376e-05,-0.03489728271961212,7.614027708768845e-06,-6.509009836008772e-06,0.03238845244050026,-1.2604493804246886e-06,6.761963504686719e-06,0.9999998807907104,6.509055197057023e-07,-0.000607415335252881,-0.002571119461208582,0.0050824303179979324,0.0004501186776906252,0.00014437914069276303,-0.00021924852626398206,-0.0009603332728147507,0.0025738426484167576,-0.005026308819651604,9.381878771819174e-05,-0.00023228235659189522,0.00021307561837602407,0.0017437338829040527,-1.3413820852292702e-05,0.02493911236524582,0.004024426452815533,0.0040381248109042645,5.460935426526703e-06,7.811991963535547e-06,,,,,3.892845747199849,,1320,4.1
15.108333333319592,retreat,15.10833412129432,-2.047396048669224,-1.6581363976001726,-0.6806850433349609,-0.029473205358954147,3.999145359831594,0.01144769339589402,0.055952909680744456,0.0,0.0,0.0,0.0,65,0.004467034712433815,0.0006819783593527973,0.004467034246772528,0.0009985951473936439,0.0,1.379658213609372,0.0,0.0,0.0,0.0,0.0,0.0,1.3244303772808053e-05,0.034891072660684586,-0.0002654657291714102,0.9993910193443298,-0.0021040637511759996,0.0004295979451853782,0.009349995292723179,0.020685771480202675,0.09037860482931137,0.11172432452440262,-0.483325332403183,0.5458561182022095,0.5087348818778992,-1.9520899057388306,-0.35986924171447754,2.3345704078674316,1.0198028087615967,-0.00024208593822550029,-0.01317477785050869,0.0015497367130592465,-0.0014014225453138351,0.011034735478460789,-0.008854416199028492,-0.006644438952207565,0.6015722155570984,-5.3930594731355086e-05,0.10897032916545868,-0.0002648074005264789,0.9993905425071716,-1.5765832358738407e-05,-0.034905970096588135,7.015187293291092e-06,-7.277718395926058e-06,0.03239063546061516,-1.4904305317031685e-05,2.548352313169744e-06,0.9999998807907104,5.688496571565338e-07,-0.00239289621822536,-0.0018729865550994873,0.0032741972245275974,0.00020261543977539986,0.0006494373665191233,-4.767173595610075e-05,-0.0026154101360589266,0.0018747539725154638,-0.003098277375102043,-6.449576176237315e-05,-0.0009951661340892315,5.173937825020403e-05,0.0017434954643249512,-1.3288310583448038e-05,0.024939127266407013,0.004024457186460495,0.0040382929146289825,5.372913619794417e-06,7.681926945224404e-06,,,,,3.892845747199849,,1320,4.108333333333333
15.116666666652918,retreat,15.11666745506227,-2.0995757190092057,-1.7073698341846453,-0.6885528564453125,-0.028268488676985726,4.000712024055234,0.008708090717846062,0.0,0.0,0.0,0.0,0.0,71,0.007077882997691631,0.00048272189451381564,0.007077882066369057,0.0005727295647375286,0.0,1.428782733755428,0.0,0.0,0.0,0.0,0.0,0.0,1.9959319615736604e-05,0.03490462899208069,-0.00026216954574920237,0.9993906617164612,-0.002030587289482355,-0.00428754324093461,0.009407924488186836,0.28747129440307617,0.08528119325637817,0.08750274777412415,-0.4833254814147949,0.5457420945167542,0.5087466239929199,-1.9521030187606812,-0.359777569770813,2.334479570388794,1.0197570323944092,-0.00021358529920689762,-0.01307656615972519,0.0015775089850649238,-0.0013928135158494115,0.011038084514439106,-0.008744587190449238,-0.006618941202759743,0.6015675067901611,-5.293045978760347e-05,0.1090213879942894,-0.00026238319696858525,0.9993903040885925,-1.9479048205539584e-05,-0.03491233289241791,4.403293132781982e-06,-7.629772881045938e-06,0.032392676919698715,-7.711299076618161e-06,-4.876803814113373e-07,1.0,-1.9522352090461936e-07,0.0010437784949317575,0.006125964689999819,0.0033881429117172956,-0.00035037141060456634,0.0003011701046489179,-0.00013984581164550036,0.0008044515270739794,-0.006124203093349934,-0.003455924103036523,0.0005430830642580986,-0.00015048144268803298,0.00010215318616246805,0.0017441511154174805,-1.313532266067341e-05,0.02493908256292343,0.004025785252451897,0.004038417711853981,0.0003190021961927414,0.0004562684043776244,,,,,3.892845747199849,,1320,4.116666666666666
15.124999999986244,retreat,15.12500078883022,-2.1516640983706274,-1.7581827938556658,-0.6939172744750977,-0.02743484037637245,4.001788750505012,0.005748825969931204,0.0,0.0,0.0,0.0,0.0,65,0.004230855964124203,0.0006359184044413269,0.004230857826769352,0.0005172661039978266,0.0,1.479520838190019,0.0,0.0,0.0,0.0,0.0,0.0,1.753617289068643e-05,0.03491431102156639,-0.000259670166997239,0.9993903636932373,-0.0014084172435104847,-0.004256834276020527,0.009311847388744354,0.2833366096019745,0.050483617931604385,0.0635085478425026,-0.4833255410194397,0.5456390380859375,0.5087581276893616,-1.952103614807129,-0.3596859574317932,2.334388017654419,1.0197112560272217,-0.00015923503087833524,-0.012992867268621922,0.0015323803527280688,-0.0013541800435632467,0.010864198207855225,-0.00869773980230093,-0.006511603947728872,0.6015663146972656,-5.2562048949766904e-05,0.10907145589590073,-0.00026225499459542334,0.9993901252746582,-2.475624751241412e-05,-0.03491763398051262,5.329493433237076e-07,-8.091530617093667e-06,0.0323922261595726,-3.331536390760448e-06,7.1248427957470994e-06,1.0,-2.8340341486909892e-06,0.002629996743053198,-0.00032927002757787704,0.003297702642157674,-0.00044932332821190357,0.00042924011358991265,-0.00013510632561519742,0.002393450355157256,0.0003309223975520581,-0.003473044838756323,-0.000486224889755249,-4.935974720865488e-05,0.0001694496750133112,0.0017446279525756836,-1.3006205335841514e-05,0.024939045310020447,0.004025799687951803,0.0040385425090789795,0.0003166031092405319,0.0004528392164502293,,,,,3.892845747199849,,1320,4.125
15.13333333331957,retreat,15.133334122598171,-2.203660308955591,-1.8080793321132647,-0.6957650184631348,-0.027597923690336756,4.003109792335237,0.00531176647200482,0.03956468118525214,0.0,0.0,0.0,0.0,58,0.008885477669537067,0.0005854378105141222,0.008885477669537067,0.00085322285303846,0.0,1.5293255362650027,0.0,0.0,0.0,0.0,0.0,0.0,2.144061181752477e-05,0.03492564335465431,-0.00025973847368732095,0.9993898272514343,-0.0003140248009003699,-0.00013087905244901776,0.00906020775437355,-0.05514988303184509,-0.009644638746976852,0.04866814240813255,-0.4833255410194397,0.5455360412597656,0.5087695717811584,-1.952104091644287,-0.3595944941043854,2.334296464920044,1.0196654796600342,-9.906740160658956e-05,-0.012921702116727829,0.0014530349289998412,-0.0013087318511679769,0.01068813819438219,-0.008673534728586674,-0.006438808515667915,0.6015650629997253,-5.220327147981152e-05,0.10912106931209564,-0.0002620276063680649,0.9993899464607239,-3.018468305526767e-05,-0.03492308780550957,2.7171336114406586e-07,-7.572234608232975e-06,0.0323919840157032,2.5636177269916516e-06,8.660913408675697e-06,0.9999999403953552,-2.5912252112902934e-06,0.0036953364033252,-0.0073631866835057735,0.003328617662191391,0.00023776192392688245,0.0004920564242638648,-0.0002099694829666987,0.0034545522648841143,0.007364780642092228,-0.003574604634195566,-0.000809244520496577,4.170648753643036e-05,0.0002671575057320297,0.0017452239990234375,-1.301644260820467e-05,0.024939008057117462,0.004025809001177549,0.004038691055029631,4.898989573121071e-06,7.00575765222311e-06,,,,,3.892845747199849,,1320,4.133333333333333
15.141666666652895,retreat,15.141667456366122,-2.2555634729662444,-1.8575213849544512,-0.6971359252929688,-0.027155889256391674,4.003598956648918,0.005258547389530577,0.03956468118525214,0.0,0.0,0.0,0.0,63,0.004592990968376398,0.0009195341845043004,0.004592989571392536,0.0004057294863741845,0.0,1.5787335819391137,0.0,0.0,0.0,0.0,0.0,0.0,2.8464308343245648e-05,0.03492999076843262,-0.000255919381743297,0.9993897676467896,-0.00019978650379925966,0.0006379708065651357,0.008929244242608547,0.026830971240997314,-0.014489362947642803,0.04121108725667,-0.4833255410194397,0.5454330444335938,0.5087810158729553,-1.9521045684814453,-0.35950303077697754,2.334205150604248,1.0196197032928467,-6.0692455008393154e-05,-0.012840419076383114,0.0014270985266193748,-0.0012733932817354798,0.010659334249794483,-0.008546153083443642,-0.006435741670429707,0.6015638113021851,-5.157574560143985e-05,0.10917100310325623,-0.0002619035658426583,0.9993897080421448,-3.5202632716391236e-05,-0.03492842614650726,5.327165126800537e-07,-7.3831615736708045e-06,0.0323924757540226,1.562703346280614e-06,6.524156106024748e-06,0.9999999403953552,-6.215657322172774e-06,0.0023653998505324125,-0.002988803666085005,0.0025627135764807463,0.0006142143392935395,0.0006639087223447859,-0.00016585855337325484,0.0021809793543070555,0.0029900269582867622,-0.0027200409676879644,0.0001935669861268252,-0.00032229284988716245,0.00015256332699209452,0.001745462417602539,-1.2837874237447977e-05,0.02493899315595627,0.004025815054774284,0.004038920160382986,5.211722964304499e-06,7.457478204742074e-06,,,,,3.892845747199849,,1320,4.141666666666667
15.149999999986221,retreat,15.150000790134072,-2.3073727126047032,-1.9072763621807085,-0.6985068321228027,-0.026307443476980552,4.004185875073321,0.005765705282101408,0.0,0.0,0.0,0.0,0.0,72,0.003039037808775902,0.00046178573393262923,0.003039037808775902,0.0002142969169653952,0.0,1.6284477560666102,0.0,0.0,0.0,0.0,0.0,0.0,3.0338525903061964e-05,0.034935057163238525,-0.00025613646721467376,0.9993895292282104,-0.0002478108508512378,0.000693378271535039,0.008904087357223034,0.029774220660328865,-0.011703811585903168,0.038440003991127014,-0.4833255410194397,0.5453300476074219,0.5087924599647522,-1.9521045684814453,-0.35941624641418457,2.3341145515441895,1.0195739269256592,-2.7851503546116874e-05,-0.01275973953306675,0.001412140903994441,-0.0012279279762879014,0.010618885047733784,-0.008477729745209217,-0.006423584651201963,0.6015630960464478,-5.189001967664808e-05,0.10922109335660934,-0.0002600274747237563,0.9993896484375,-3.90341883758083e-05,-0.03493291512131691,1.932494342327118e-07,-8.658458682475612e-06,0.032392874360084534,2.1461621599883074e-06,8.552768122171983e-06,1.0,-4.192474534647772e-06,0.0015925561310723424,-0.0013120180228725076,0.0022311711218208075,0.0002734223671723157,0.00033150840317830443,-0.00016908124962355942,0.0014330080011859536,0.0013130882289260626,-0.0023362445645034313,9.549467358738184e-05,-0.00010153545008506626,0.0001627712626941502,0.0017457008361816406,-1.2852000509155914e-05,0.024938970804214478,0.004025853238999844,0.004039098042994738,5.267176675260998e-06,7.529481081292033e-06,,,,,3.892845747199849,,1320,4.15
15.158333333319547,retreat,15.158334123902023,-2.359087150073101,-1.9571952521800982,-0.6992816925048828,-0.026173642254434526,4.004577106311917,0.006139144261396723,0.055952909680744456,0.0,0.0,0.0,0.0,65,0.0027010964695364237,0.0003042667231056839,0.002701096935197711,0.00012263256940059364,0.0,1.678339447333324,0.0,0.0,0.0,0.0,0.0,0.0,3.722719702636823e-05,0.03493832051753998,-0.0002576184633653611,0.9993894100189209,-0.00016445097571704537,0.0005658681620843709,0.008924447000026703,0.019185878336429596,-0.015070749446749687,0.029112646356225014,-0.4833255410194397,0.54522705078125,0.5088039040565491,-1.9521045684814453,-0.3593299984931946,2.334023952484131,1.0195281505584717,-7.534863470937125e-07,-0.012681671418249607,0.0014048967277631164,-0.0011791848810389638,0.010574598796665668,-0.008439048193395138,-0.006399845704436302,0.6015622615814209,-5.184004839975387e-05,0.10927103459835052,-0.00025811896193772554,0.9993894100189209,-4.248349432600662e-05,-0.034937258809804916,5.35743311047554e-07,-8.858052751747891e-06,0.03239288181066513,1.0630108135956107e-06,5.233908268564846e-06,0.9999998807907104,-6.824982961006754e-07,0.0016493946313858032,-0.0008414735202677548,0.0019665558356791735,0.00016737774421926588,0.00022747463663108647,-0.00011321755300741643,0.001508126500993967,0.0008423837134614587,-0.0020765040535479784,5.362900992622599e-05,1.0740433936007321e-05,0.00010976028715958819,0.0017458200454711914,-1.2938089639646932e-05,0.02493896335363388,0.004025609232485294,0.004039289895445108,5.1409319894446526e-06,7.352267857640982e-06,,,,,3.892845747199849,,1320,4.158333333333333
15.166666666652873,retreat,15.166667457669973,-2.410705907573565,-2.006980031728743,-0.7002949714660645,-0.02606537236715667,4.005163881631266,0.006322417448245687,0.03956468118525214,0.0,0.0,0.0,0.0,67,0.0023580577690154314,0.00029052578611299396,0.0023580575361847878,0.00011520952102728188,0.0,1.7280834337807491,0.0,0.0,0.0,0.0,0.0,0.0,4.035677557112649e-05,0.03494369611144066,-0.00025498069589957595,0.9993892312049866,-0.00018754732445813715,0.0005031439941376448,0.008998245932161808,0.014691959135234356,-0.01377652958035469,0.03352859243750572,-0.4833255410194397,0.5451240539550781,0.508815348148346,-1.9521045684814453,-0.3592439889907837,2.3339333534240723,1.0194823741912842,2.4172742996597663e-05,-0.012606040574610233,0.0013981712982058525,-0.0011269394308328629,0.010520321317017078,-0.008402295410633087,-0.006371286232024431,0.6015616655349731,-5.2010451327078044e-05,0.109321229159832,-0.00025599965010769665,0.9993892908096313,-4.5825305278413e-05,-0.034941527992486954,4.2491592466831207e-07,-9.266139386454597e-06,0.032393328845500946,2.1706493953388417e-06,5.42790257895831e-06,0.9999999403953552,-1.2071600394847337e-06,0.0015255911275744438,-0.0007948778220452368,0.001612816471606493,0.00013338962162379175,0.0002319954801350832,-0.00011309527326375246,0.0014093131758272648,0.0007955955225042999,-0.001715021557174623,2.6426059775985777e-05,-1.1662326869554818e-05,0.00011152975639561191,0.0017461180686950684,-1.2811757187591866e-05,0.02493894100189209,0.004024299327284098,0.004038242623209953,5.416997737484053e-06,7.746595656499267e-06,,,,,3.892845747199849,,1320,4.166666666666667
15.174999999986198,retreat,15.175000791437924,-2.4622281073082313,-2.0570404827594744,-0.7010698318481445,-0.02595803925942164,4.005750571137893,0.006687819677608786,0.0,0.0,0.0,0.0,0.0,69,0.004917191341519356,0.00032573047792539,0.004917191341519356,0.0004370337992440909,0.0,1.778103097705274,0.0,0.0,0.0,0.0,0.0,0.0,4.395802898216061e-05,0.0349484458565712,-0.00026445428375154734,0.9993891716003418,-0.00018297607311978936,-0.002385083120316267,0.00855799950659275,0.018839402124285698,-0.011672459542751312,0.026500267907977104,-0.4833255410194397,0.5450210571289062,0.5088267922401428,-1.9521045684814453,-0.3591580390930176,2.3338427543640137,1.0194365978240967,2.9755232390016317e-05,-0.01252759713679552,0.0014352313010022044,-0.0010807029902935028,0.010532716289162636,-0.008351536467671394,-0.006367591675370932,0.6015608906745911,-5.203123146202415e-05,0.10937122255563736,-0.00025411948445253074,0.999389111995697,-4.894765152130276e-05,-0.03494580090045929,6.968621164560318e-07,-9.508967195870355e-06,0.03239325433969498,2.639628746692324e-06,5.347402748157037e-06,1.0,1.0152301911148243e-05,0.001669301767833531,0.003941718023270369,0.0024197229649871588,-0.00014463555999100208,0.0002753791050054133,-9.668116399552673e-05,0.0014957539970055223,-0.003940613940358162,-0.002532400656491518,0.0004305377369746566,-3.43100109603256e-05,6.677293276879936e-05,0.00174635648727417,-1.3291451978147961e-05,0.024938926100730896,0.004025532864034176,0.00403835391625762,-1.9310100469738245e-06,-2.7683418011292815e-06,,,,,3.892845747199849,,1320,4.175
15.183333333319524,retreat,15.183334125205874,-2.5136528714792234,-2.1069221198558794,-0.701904296875,-0.02659300844243262,4.006043883723219,0.0065573808569752146,0.0,0.0,0.0,0.0,0.0,60,0.0037647567223757505,0.00015250357682816684,0.003764756489545107,0.0005806521512567997,0.0,1.8279643434958859,0.0,0.0,0.0,0.0,0.0,0.0,4.842538328375667e-05,0.03495132923126221,-0.00025677160010673106,0.9993889927864075,-0.00017432034655939788,-0.0004463344521354884,0.008824041113257408,-0.09799182415008545,-0.012334194965660572,0.029297515749931335,-0.4833255410194397,0.5449180603027344,0.5088382363319397,-1.9521045684814453,-0.35907211899757385,2.333752155303955,1.0193908214569092,6.18930789642036e-05,-0.01246238499879837,0.0013995844637975097,-0.0010136120254173875,0.010380448773503304,-0.00837540253996849,-0.006292388774454594,0.601560115814209,-5.215299461269751e-05,0.10942122340202332,-0.0002518527617212385,0.9993889927864075,-5.2270137530285865e-05,-0.034950140863657,9.273644536733627e-07,-9.134950232692063e-06,0.032393377274274826,1.1897413969563786e-06,4.017860646854388e-06,1.0,4.783631993632298e-06,0.0013892293209210038,-0.0033672337885946035,0.0009514052071608603,-6.520834722323343e-05,6.58731150906533e-05,-0.00012110303214285523,0.001319783623330295,0.003367594676092267,-0.0010444463696330786,-0.00054182019084692,0.00013480665802489966,0.00015942068421281874,0.0017464756965637207,-1.2915361367049627e-05,0.0249389186501503,0.004025549162179232,0.004038568586111069,4.9622512960922904e-06,7.101014489308e-06,,,,,3.892845747199849,,1320,4.183333333333334
15.19166666665285,retreat,15.191667458973825,-2.564979322288668,-2.156848460435866,-0.7028579711914062,-0.027161364414496347,4.006630444581441,0.005959709596936591,0.055952909680744456,0.0,0.0,0.0,0.0,59,0.0026065341662615538,0.00047286110930144787,0.0026065337006002665,0.00016139303625095636,0.0,1.8778499059572615,0.0,0.0,0.0,0.0,0.0,0.0,4.805010757991113e-05,0.03495647385716438,-0.0002476133231539279,0.9993887543678284,-0.00019747967598959804,7.905764505267143e-05,0.008986071683466434,-0.03778538480401039,-0.009239512495696545,0.04906121641397476,-0.4833255410194397,0.5448150634765625,0.5088496804237366,-1.9521045684814453,-0.3589861989021301,2.333662748336792,1.0193450450897217,7.735277904430404e-05,-0.01239441242069006,0.0013975435867905617,-0.0009595142910256982,0.01034287828952074,-0.008339949883520603,-0.006281341891735792,0.6015596985816956,-5.2090457757003605e-05,0.109471395611763,-0.0002502840361557901,0.9993888139724731,-5.5760487157385796e-05,-0.034953631460666656,6.351619958877563e-07,-8.597551641287282e-06,0.03239365294575691,2.844596565410029e-06,7.61165529183927e-06,0.9999998807907104,-2.938701982202474e-06,0.0016220557736232877,-0.0018361365655437112,0.000889695540536195,0.00037515710573643446,0.00026415809406898916,-0.00011434718908276409,0.0015561708714812994,0.0018364319112151861,-0.0009999340400099754,0.0001176252553705126,-2.98968079732731e-05,0.00010638700041454285,0.0017467737197875977,-1.245708335773088e-05,0.024938903748989105,0.004025590606033802,0.0040386877954006195,4.957655619364232e-06,7.0914102252572775e-06,,,,,3.892845747199849,,1320,4.191666666666666
15.199999999986176,retreat,15.200000792741776,-2.616206581938698,-2.206938713788985,-0.703275203704834,-0.027185093131265603,4.006825945817095,0.006331466011033626,0.03956468118525214,0.0,0.0,0.0,0.0,54,0.002814053324982524,0.0003860726428683847,0.002814054023474455,0.00015296087076421827,0.0,1.9279265679350739,0.0,0.0,0.0,0.0,0.0,0.0,5.056082954979502e-05,0.0349581316113472,-0.00024353973276447505,0.9993887543678284,-0.00015449260536115617,0.0006611239514313638,0.008839626796543598,0.024796707555651665,-0.009817127138376236,0.050799112766981125,-0.4833255410194397,0.5447120666503906,0.5088611245155334,-1.9521045684814453,-0.3589002788066864,2.33357310295105,1.0192992687225342,8.837482891976833e-05,-0.012329847551882267,0.0014000225346535444,-0.0009024000028148293,0.01029987446963787,-0.008330990560352802,-0.006268906407058239,0.601559042930603,-5.1999042625539005e-05,0.1095215305685997,-0.00024830896290950477,0.9993886947631836,-5.899738607695326e-05,-0.03495766595005989,1.137610524892807e-06,-8.602986781625077e-06,0.0323936827480793,4.6431338773800235e-07,8.26733867143048e-06,0.9999999403953552,-5.061642241344089e-06,0.001621872652322054,-0.001801317441277206,0.0014295738656073809,0.0003251021553296596,0.00016874448920134455,-0.00012200807395856827,0.001518264296464622,0.001801869715563953,-0.0015385182341560721,7.326380000449717e-05,6.548957026097924e-05,0.00011722013005055487,0.001746833324432373,-1.2257920388947241e-05,0.02493889629840851,0.004025626927614212,0.004038855899125338,5.204456101637334e-06,7.442926289513707e-06,,,,,3.892845747199849,,1320,4.2
15.208333333319501,retreat,15.208334126509726,-2.667333772631448,-2.2569842636585222,-0.7039308547973633,-0.02685615254449658,4.007119179815601,0.006338151706586359,0.0,0.0,0.0,0.0,0.0,58,0.001906275050714612,0.000346294924383983,0.0019062748178839684,0.0001690378412604332,0.0,1.9779517319890305,0.0,0.0,0.0,0.0,0.0,0.0,5.984101153444499e-05,0.03496083617210388,-0.00024428547476418316,0.9993886351585388,-0.00028520674095489085,0.0007482472574338317,0.00884813442826271,0.029616454616189003,-0.003941662609577179,0.03417526185512543,-0.4833255410194397,0.5446090698242188,0.5088725686073303,-1.9521045684814453,-0.3588143587112427,2.3334860801696777,1.0192534923553467,9.536340076010674e-05,-0.01226512249559164,0.001409850432537496,-0.000847006042022258,0.010270877741277218,-0.008308636955916882,-0.006260542199015617,0.601559042930603,-5.2068131481064484e-05,0.10957182943820953,-0.00024676445173099637,0.9993886351585388,-6.233187014004216e-05,-0.03496015816926956,6.628688424825668e-07,-9.093266271520406e-06,0.032393988221883774,6.81621656895004e-07,2.404837232461432e-06,1.0,-2.562901727287681e-06,0.0013233147328719497,-0.0009696680936031044,0.00097080715931952,0.00027298679924570024,0.00018579981406219304,-0.00010429194662719965,0.0012523798504844308,0.0009700088412500918,-0.0010604297276586294,0.00013987690908834338,5.30602119397372e-06,9.476333798374981e-05,0.0017469525337219238,-1.2311411410337314e-05,0.02493888884782791,0.00402562553063035,0.0040390086360275745,5.326261089066975e-06,7.615773938596249e-06,,,,,3.892845747199849,,1320,4.208333333333333
15.216666666652827,retreat,15.216667460277677,-2.7183600165690365,-2.307193726301192,-0.7041096687316895,-0.026774323487188667,4.007510125158301,0.006681598733848659,0.03956468118525214,0.0,0.0,0.0,0.0,57,0.001880709663964808,0.00021496006229426712,0.0018807098967954516,0.00020687749201897532,0.0,2.0281340158721863,0.0,0.0,0.0,0.0,0.0,0.0,5.996022082399577e-05,0.034964270889759064,-0.00024379350361414254,0.999388575553894,-0.00015623809304088354,0.0006254943436942995,0.008835669606924057,0.019708402454853058,-0.009055782109498978,0.034592706710100174,-0.4833255410194397,0.5445060729980469,0.5088840126991272,-1.9521045684814453,-0.35872843861579895,2.3333966732025146,1.0192077159881592,9.751682955538854e-05,-0.01220316719263792,0.0014261165633797646,-0.0007923112134449184,0.010239508002996445,-0.008317629806697369,-0.006251736544072628,0.6015585660934448,-5.184640394872986e-05,0.10962192714214325,-0.0002449638850521296,0.9993884563446045,-6.546755321323872e-05,-0.034963835030794144,1.1902302503585815e-06,-9.062961908057332e-06,0.03239384666085243,4.3232000734860776e-07,5.462706667458406e-06,0.9999999403953552,-1.3613000646728324e-06,0.0015224767848849297,-0.00045027665328234434,0.001008159015327692,0.00016193711780942976,7.945925608510152e-05,-0.00011692059342749417,0.0014483659761026502,0.0004506017721723765,-0.0011118740076199174,0.00010485288657946512,0.00014041506801731884,0.00010994444164680317,0.00174713134765625,-1.2287044228287414e-05,0.024938873946666718,0.004025632981210947,0.004039185121655464,5.139680979482364e-06,7.356313290074468e-06,,,,,3.892845747199849,,1320,4.216666666666667
15.224999999986153,retreat,15.225000794045627,-2.769284435953594,-2.3572318255901323,-0.704646110534668,-0.02651869726832956,4.0079498931614115,0.00688373256707564,0.0,0.0,0.0,0.0,0.0,54,0.0015826667658984661,0.00023224529286380857,0.001582666882313788,0.00012575190339703113,0.0,2.078141542235911,0.0,0.0,0.0,0.0,0.0,0.0,6.26041364739649e-05,0.03496779501438141,-0.00024266621039714664,0.9993883967399597,-0.0002509219921194017,0.0005587179330177605,0.008843299001455307,0.016255756840109825,-0.0024291868321597576,0.05405405908823013,-0.4833255410194397,0.544403076171875,0.5088954567909241,-1.9521045684814453,-0.3586425185203552,2.3333096504211426,1.0191619396209717,9.979029709938914e-05,-0.012142784893512726,0.0014394678873941302,-0.0007371763931587338,0.010195037350058556,-0.008307001553475857,-0.006233449559658766,0.6015586256980896,-5.2124309149803594e-05,0.10967227071523666,-0.0002433099434711039,0.9993884563446045,-6.90544256940484e-05,-0.03496648743748665,7.890630513429642e-07,-9.695246262708679e-06,0.03239419683814049,1.3122023574396735e-06,6.424951607186813e-06,1.0,-8.705466143510421e-07,0.0013030881527811289,-0.0004206878656987101,0.0007936100591905415,0.00013233044592197984,0.00016248298925347626,-0.0001001289565465413,0.001244501443579793,0.0004209199105389416,-0.0008825399563647807,7.839127647457644e-05,2.5709421606734395e-05,9.490718366578221e-05,0.0017473101615905762,-1.2235344911459833e-05,0.024938859045505524,0.004025678616017103,0.00403933972120285,5.026341568736825e-06,7.187569281086326e-06,,,,,3.892845747199849,,1320,4.225
15.233333333319479,retreat,15.233334127813578,-2.820106152987254,-2.407523244619368,-0.7047653198242188,-0.026742234695120715,4.008487321974249,0.007050853582768468,0.03956468118525214,0.0,0.0,0.0,0.0,59,0.0017804482486099005,0.00020887285063508898,0.0017804484814405441,0.00019749818602576852,0.0,2.1283955989264345,0.0,0.0,0.0,0.0,0.0,0.0,6.561450572917238e-05,0.034972600638866425,-0.00024106557248160243,0.9993882179260254,-0.00013113794557284564,0.0005536341341212392,0.008813259191811085,0.014209738932549953,-0.009271664544939995,0.03359812870621681,-0.4833255410194397,0.5443000793457031,0.508906900882721,-1.9521045684814453,-0.3585565984249115,2.3332207202911377,1.0191161632537842,9.784136636881158e-05,-0.012085085734724998,0.0014571442734450102,-0.0006836419925093651,0.010153730399906635,-0.008319711312651634,-0.006222655065357685,0.6015580296516418,-5.182956374483183e-05,0.10972247272729874,-0.00024156892322935164,0.9993882775306702,-7.223154534585774e-05,-0.034969937056303024,1.482199877500534e-06,-9.282626706408337e-06,0.03239407762885094,2.667380385901197e-06,6.595242666662671e-06,0.9999999403953552,-7.326611921598669e-07,0.0014659460866823792,-0.0004920829669572413,0.0008825261611491442,0.00013989716535434127,8.178337157005444e-05,-0.0001317881979048252,0.0014007540885359049,0.0004923267406411469,-0.0009825981687754393,7.788170478306711e-05,0.00012992028496228158,0.0001267307816306129,0.0017475485801696777,-1.2160640835645609e-05,0.02493884414434433,0.004025676287710667,0.0040395562537014484,5.01212889503222e-06,7.169932359829545e-06,,,,,3.892845747199849,,1320,4.233333333333333
15.241666666652804,retreat,15.241667461581528,-2.87082428987215,-2.4576656520366655,-0.7053613662719727,-0.02649879206728656,4.008682732798721,0.006662176929239649,0.03956468118525214,0.0,0.0,0.0,0.0,52,0.0014299687463790178,0.00023868196876719594,0.0014299687463790178,0.0001288033090531826,0.0,2.1785244212847132,0.0,0.0,0.0,0.0,0.0,0.0,7.118820940377191e-05,0.03497437760233879,-0.00023870701261330396,0.9993880987167358,-0.0002750731655396521,0.0005654332926496863,0.008814779110252857,0.016210321336984634,0.000315506593324244,0.04631257429718971,-0.4833255410194397,0.5441970825195312,0.5089184045791626,-1.9521045684814453,-0.3584706783294678,2.333134174346924,1.0190703868865967,9.609611151972786e-05,-0.012028111144900322,0.0014724851353093982,-0.000630302878562361,0.010108663700520992,-0.00830896757543087,-0.006205805577337742,0.601558268070221,-5.159043212188408e-05,0.10977277159690857,-0.00024006710737012327,0.9993882775306702,-7.55403598304838e-05,-0.034972187131643295,8.065253496170044e-07,-9.376493835588917e-06,0.032394301146268845,2.1972000467940234e-06,4.2995270632673055e-06,0.9999999403953552,-1.51389679103886e-06,0.0011676602298393846,-0.00047184250433929265,0.0006773069035261869,0.0001476628822274506,0.00015814145444892347,-0.00010077714978251606,0.0011175383115187287,0.0004720143333543092,-0.0007570476154796779,8.635687845526263e-05,1.0484771337360144e-05,9.498869621893391e-05,0.0017476677894592285,-1.2052534657414071e-05,0.024938836693763733,0.004025706090033054,0.004039660561829805,5.012751898902934e-06,7.1705435402691364e-06,,,,,3.892845747199849,,1320,4.241666666666666
15.24999999998613,retreat,15.250000795349479,-2.921437968810398,-2.5078676640987383,-0.7052421569824219,-0.026383690055808984,4.008975831205252,0.007169177024479723,0.03956468118525214,0.0,0.0,0.0,0.0,51,0.0022117136977612972,0.00013430023682303727,0.002211713930591941,0.0002632825344335288,0.0,2.228706057003909,0.0,0.0,0.0,0.0,0.0,0.0,7.447562529705465e-05,0.034976743161678314,-0.0002458082453813404,0.9993880391120911,-0.00014580917195416987,-0.0006459663854911923,0.00883733481168747,-0.10982164740562439,-0.009524310939013958,0.04533199965953827,-0.4833255410194397,0.5440940856933594,0.5089300274848938,-1.9521045684814453,-0.35838475823402405,2.333045244216919,1.0190246105194092,8.449186134384945e-05,-0.011971174739301205,0.0015077238203957677,-0.0005833808099851012,0.010100597515702248,-0.00831571500748396,-0.00620748195797205,0.6015579104423523,-5.139623681316152e-05,0.1098230853676796,-0.0002384183753747493,0.9993881583213806,-7.870404806453735e-05,-0.034975565969944,1.508975401520729e-06,-9.397041139891371e-06,0.03239438310265541,1.184429038403323e-06,4.483514203457162e-06,0.9999999403953552,7.240408649522578e-06,0.0013499698834493756,0.0016168603906407952,0.0006745526334270835,-2.8674836357822642e-05,7.158831431297585e-05,-0.00010995189950335771,0.001299228984862566,-0.0016167249996215105,-0.0007680380949750543,0.00021211958664935082,0.00012335270002949983,9.54310962697491e-05,0.0017477869987487793,-1.2413134754751809e-05,0.024938829243183136,0.004025729838758707,0.004038509447127581,4.916568286716938e-06,7.031834684312344e-06,,,,,3.892845747199849,,1320,4.25
15.258333333319456,retreat,15.25833412911743,-2.971946312004139,-2.558159083127974,-0.7054805755615234,-0.0258679901889991,4.0091712182581825,0.007984005605976563,0.0,0.0,0.0,0.0,0.0,54,0.0015757173532620072,0.00017901469254866242,0.0015757172368466854,0.00012249105202499777,0.0,2.2789838926348533,0.0,0.0,0.0,0.0,0.0,0.0,7.846614607842639e-05,0.03497879579663277,-0.0002481932460796088,0.9993880987167358,-0.0002315324090886861,-0.001141904853284359,0.008765975013375282,-0.09998969733715057,-0.001524154911749065,0.040156591683626175,-0.4833255410194397,0.5439910888671875,0.5089417099952698,-1.9521045684814453,-0.3582988679409027,2.332956314086914,1.0189788341522217,7.820656173862517e-05,-0.011917476542294025,0.0015278439968824387,-0.00053194141946733,0.010040235705673695,-0.008317614905536175,-0.006181100383400917,0.6015573143959045,-5.135244282428175e-05,0.10987325757741928,-0.00023645850887987763,0.9993879795074463,-8.176715346053243e-05,-0.034979138523340225,2.0884908735752106e-06,-9.989045793190598e-06,0.032394226640462875,-3.4607859333846136e-07,3.711629233293934e-06,1.0,1.1611718036874663e-05,0.0011347158579155803,0.0007808950031176209,0.0007651849300600588,-7.395429565804079e-05,0.00012187808897579089,-0.00010827165533555672,0.0010783002944663167,-0.0007806954090483487,-0.0008430111920461059,4.634871584130451e-05,4.198979877401143e-05,0.00010532194573897868,0.0017478466033935547,-1.2539301678771153e-05,0.02493882179260254,0.004025585949420929,0.004038707353174686,5.111163773108274e-06,7.310241926461458e-06,,,,,3.892845747199849,,1320,4.258333333333333
15.266666666652782,retreat,15.26666746288538,-3.0223484416554918,-2.6082865893840776,-0.7061362266540527,-0.02689842222025618,4.009513122727391,0.007008474767644657,0.055952909680744456,0.0,0.0,0.0,0.0,46,0.003322574310004711,0.0002992769004777074,0.0033225733786821365,0.000235026323935017,0.0,2.3290876295419296,0.0,0.0,0.0,0.0,0.0,0.0,8.116267417790368e-05,0.03498173877596855,-0.00023041565145831555,0.9993879199028015,-0.0003848314518108964,0.0006949536618776619,0.008802822791039944,0.026621665805578232,0.009916400536894798,0.0661693587899208,-0.4833255410194397,0.5438880920410156,0.5089533925056458,-1.9521045684814453,-0.3582175374031067,2.332869052886963,1.0189330577850342,8.121961582219228e-05,-0.011869646608829498,0.0015189442783594131,-0.0004746853664983064,0.009936930611729622,-0.008335467427968979,-0.006143209524452686,0.6015576124191284,-5.158023122930899e-05,0.1099235862493515,-0.00023351357958745211,0.9993878602981567,-8.348013216163963e-05,-0.03498131036758423,1.2919772416353226e-06,-9.37295044423081e-06,0.03239448741078377,4.254762870914419e-07,2.207282250310527e-06,0.9999998807907104,-3.1755760119267507e-06,0.0009737766813486814,-0.003130256664007902,0.0005410656449384987,0.00026359426556155086,7.184565038187429e-05,-0.00012215945753268898,0.0009341357508674264,0.003130364464595914,-0.000606384826824069,-0.00017959866090677679,6.880150613142177e-05,0.00013508534175343812,0.0017480254173278809,-1.1655691196210682e-05,0.024938814342021942,0.004025579895824194,0.004038837272673845,5.211799361859448e-06,7.458176696673036e-06,,,,,3.892845747199849,,1320,4.266666666666667
15.274999999986107,retreat,15.27500079665333,-3.0726434799665974,-2.6585780084133135,-0.706017017364502,-0.02698243406484835,4.00995267142196,0.007800349521858152,0.03956468118525214,0.0,0.0,0.0,0.0,51,0.0016825298080220819,0.0004269784549251199,0.0016825298080220819,0.0003072993131354451,0.0,2.379348490967263,0.0,0.0,0.0,0.0,0.0,0.0,7.684250158490613e-05,0.03498535230755806,-0.00022953757434152067,0.999387800693512,-0.0002542073489166796,0.0007669195183552802,0.008810803294181824,0.027805259451270103,0.00042187681538052857,0.03395836800336838,-0.4833255410194397,0.5437850952148438,0.5089650750160217,-1.9521045684814453,-0.35813573002815247,2.332780122756958,1.0188872814178467,6.696188938803971e-05,-0.011818968690931797,0.0015466847689822316,-0.00043317623203620315,0.009945318102836609,-0.008333113975822926,-0.006154429633170366,0.601557195186615,-5.1882569096051157e-05,0.10997379571199417,-0.00023046428395900875,0.999387800693512,-8.546080789528787e-05,-0.03498430922627449,2.0158477127552032e-06,-9.784387657418847e-06,0.032394375652074814,1.0460972816872527e-06,8.581625479564536e-06,0.9999999403953552,-1.22940775781899e-06,0.0013115170877426863,-0.0008509168983437121,0.0006219082279130816,0.00041246923501603305,9.891806985251606e-05,-4.8938127292785794e-05,0.0012649784330278635,0.0008510040352120996,-0.0007117078057490289,0.0002922782441601157,9.048190258909017e-05,2.8623791877180338e-05,0.001748204231262207,-1.1604272003751248e-05,0.02493879944086075,0.0040255943313241005,0.004039020277559757,5.308451363816857e-06,7.591588655486703e-06,,,,,3.892845747199849,,1320,4.275
15.283333333319433,retreat,15.28333413042128,-3.1228305491395716,-2.70869806408882,-0.7064342498779297,-0.02717937240959145,4.010099176964495,0.00743824421078898,0.0,0.0,0.0,0.0,0.0,51,0.0010353337274864316,0.00030046282336115837,0.0010353336110711098,0.000233736980590038,0.0,2.429458361521558,0.0,0.0,0.0,0.0,0.0,0.0,8.616830018581823e-05,0.03498683497309685,-0.0002282501372974366,0.999387800693512,-0.0003824510786216706,0.0006288017029874027,0.008899715729057789,0.01876789703965187,0.008665314875543118,0.05661722645163536,-0.4833255410194397,0.5436820983886719,0.5089767575263977,-1.9521045684814453,-0.3580545485019684,2.332693576812744,1.0188415050506592,5.3568521252600476e-05,-0.011768017895519733,0.0015731393359601498,-0.0003906882484443486,0.009930981323122978,-0.008318822830915451,-0.006153799593448639,0.6015574336051941,-5.1849936426151544e-05,0.1100241094827652,-0.0002273784630233422,0.9993877410888672,-8.674578566569835e-05,-0.034986283630132675,1.5033874660730362e-06,-9.75151124293916e-06,0.032394614070653915,5.519577257473429e-07,6.052190997252183e-07,1.0,8.475816457576002e-07,0.0009164433577097952,-0.0002881722175516188,0.00038601059350185096,0.00026302941842004657,0.00012466139742173254,-7.451829151250422e-05,0.0008872607722878456,0.0002882055996451527,-0.0004490229766815901,0.00022607328719459474,7.66343146096915e-06,5.886520375497639e-05,0.0017482638359069824,-1.1556257959455252e-05,0.02493879199028015,0.004024351015686989,0.004037983249872923,5.456113285617903e-06,7.804686902090907e-06,,,,,3.892845747199849,,1320,4.283333333333333
15.291666666652759,retreat,15.291667464189231,-3.1729087713765587,-2.758982032537459,-0.7063150405883789,-0.02734325607889332,4.0103433409945275,0.00788858324085595,0.0,0.0,0.0,0.0,0.0,51,0.0014321760972961783,0.0002114184753736481,0.0014321759808808565,0.00019185038399882615,0.0,2.4797253555977306,0.0,0.0,0.0,0.0,0.0,0.0,8.692218398209661e-05,0.03498914837837219,-0.00022391736274585128,0.9993876814842224,-0.0002723519573919475,0.0007231030613183975,0.008847875520586967,0.02312541753053665,0.0035799015313386917,0.021607857197523117,-0.4833255410194397,0.5435795187950134,0.5089884400367737,-1.9521045684814453,-0.35797372460365295,2.3326053619384766,1.0187957286834717,3.887956336257048e-05,-0.0117203863337636,0.0015981750329956412,-0.00034809994394890964,0.00990169309079647,-0.008335167542099953,-0.006140334531664848,0.6015572547912598,-5.200549276196398e-05,0.11007418483495712,-0.00022402986360248178,0.9993876814842224,-8.797179907560349e-05,-0.034989118576049805,1.969747245311737e-06,-9.957399015547708e-06,0.03239439055323601,3.223814459829555e-08,1.0459436907694908e-06,1.0,-1.502896225247241e-07,0.0011196451960131526,-0.0004903865046799183,0.0007463538204319775,0.00020449967996682972,3.1222567486111075e-05,-4.3621133954729885e-05,0.0010648011229932308,0.0004905459354631603,-0.0008226126083172858,0.0001364123309031129,0.00013048471009824425,3.4234322811244056e-05,0.0017483830451965332,-1.1341078788973391e-05,0.024938784539699554,0.0040243836119771,0.004038114566355944,5.572965164901689e-06,7.974595064297318e-06,,,,,3.892845747199849,,1320,4.291666666666667
15.299999999986085,retreat,15.300000797957182,-3.2228772688796674,-2.8089977800846087,-0.7064938545227051,-0.02752818363660481,4.010636318241487,0.008050458745856304,0.055952909680744456,0.0,0.0,0.0,0.0,48,0.0010669188341125846,0.0002566648763604462,0.0010669188341125846,0.00019311378127895296,0.0,2.529720735266451,0.0,0.0,0.0,0.0,0.0,0.0,8.664513734402135e-05,0.03499135002493858,-0.0002214665582869202,0.9993875622749329,-0.0003610622661653906,0.000655867625027895,0.008868805132806301,0.020482150837779045,0.008607840165495872,0.05318880453705788,-0.4833255410194397,0.5434777736663818,0.5090001225471497,-1.9521045684814453,-0.35789304971694946,2.3325185775756836,1.0187499523162842,2.3172859073383734e-05,-0.01167252380400896,0.0016244606813415885,-0.00030850633629597723,0.009878389537334442,-0.00832559634000063,-0.006131432019174099,0.6015570163726807,-5.203365071793087e-05,0.11012408137321472,-0.00022110991994850338,0.9993875026702881,-8.936237281886861e-05,-0.03499159216880798,2.180924639105797e-06,-9.986619261326268e-06,0.03239425644278526,-2.4296485889863106e-07,2.7274861622572644e-06,0.9999998807907104,2.6057284685521154e-07,0.000890629249624908,-0.0002687867672648281,0.0005223496118560433,0.00022461728076450527,0.00011349320993758738,-5.04303679917939e-05,0.0008519671391695738,0.00026887544663622975,-0.0005832441383972764,0.00018886782345362008,1.5117715520318598e-05,3.7327365134842694e-05,0.001748502254486084,-1.1218138752155937e-05,0.024938777089118958,0.00402437848970294,0.004038258921355009,5.473706551128998e-06,7.83032737672329e-06,,,,,3.892845747199849,,1320,4.3
15.30833333331941,retreat,15.308334131725132,-3.2727351638510527,-2.858857065439223,-0.7068514823913574,-0.0275718866760144,4.0110269213363825,0.010460265912115574,0.0,0.0,0.0,0.0,0.0,52,0.0010598795488476753,0.0002058992104139179,0.0010598795488476753,0.00017619489517528564,0.0,2.5795528657716544,0.0,0.0,0.0,0.0,0.0,0.0,8.508992323186249e-05,0.034994784742593765,-0.0002198406436946243,0.9993874430656433,-0.00040895861457102,0.00060117500834167,0.008863907307386398,0.0174476969987154,0.013620579615235329,0.06630204617977142,-0.4833255410194397,0.5433861613273621,0.5090118050575256,-1.9521045684814453,-0.3578127324581146,2.3324317932128906,1.0187041759490967,6.450784894695971e-06,-0.011626023799180984,0.0016510618152096868,-0.0002689950924832374,0.009850336238741875,-0.008326553739607334,-0.006120751146227121,0.6015549302101135,-5.1079292461508885e-05,0.11016799509525299,-0.00022036633163224906,0.9993873238563538,-9.046532068168744e-05,-0.034998729825019836,3.952300176024437e-06,-9.037168638315052e-06,0.03238821402192116,-3.94445305573754e-06,5.354477707442129e-06,1.0,-7.132784958230332e-07,0.0008633818360976875,-0.0001959252986125648,0.0005826919223181903,0.00018611688574310392,6.884678441565484e-05,-5.4909975006012246e-05,0.0008205431513488293,0.0001960428198799491,-0.0006415768875740469,0.00016128495917655528,5.582372978096828e-05,4.3766551243606955e-05,0.0017486810684204102,-1.1134185115224682e-05,0.02493876963853836,0.004024395253509283,0.004038420971482992,5.387748387875035e-06,7.704249583184719e-06,,,,,3.892845747199849,,1320,4.308333333333334
15.316666666652736,retreat,15.316667465493083,-3.3224815784928197,-2.9028080403804766,-0.7089376449584961,-0.02668023807927966,4.011466304430303,0.009243940439773723,0.03956468118525214,0.0,0.0,0.0,0.0,50,0.0008046416915021837,0.00032704503973945975,0.0008046416332945228,0.000219012115849182,0.0,2.62347329467821,0.0,0.0,0.0,0.0,0.0,0.0,8.667310612509027e-05,0.03499864786863327,-0.0002178623399231583,0.9993873238563538,-0.0008562259608879685,0.0006045398768037558,0.008900917135179043,0.018552657216787338,0.03975488990545273,0.07626695185899734,-0.4833255410194397,0.5432945489883423,0.5090234875679016,-1.9521045684814453,-0.35773250460624695,2.332350254058838,1.0186583995819092,-9.572297130944207e-06,-0.011582293547689915,0.001674172468483448,-0.0002214118285337463,0.00979358796030283,-0.008287990465760231,-0.006091929506510496,0.6015540361404419,-4.996418647351675e-05,0.11021284013986588,-0.00022028859530109912,0.9993871450424194,-9.157677413895726e-05,-0.035003066062927246,3.1068921089172363e-06,-8.815630280878395e-06,0.032389190047979355,-4.42169812231441e-06,4.8173619688896e-06,0.9999999403953552,-2.594609213701915e-06,0.0007873571594245732,-8.319463086081669e-05,-0.0001435114536434412,0.00011087607708759606,0.00030511588556692004,-3.961372567573562e-05,0.0007954848115332425,8.299855835502967e-05,8.810980943962932e-05,0.00010134823969565332,-0.00019140803487971425,3.252397436881438e-05,0.0017488598823547363,-1.1038115189876407e-05,0.024938754737377167,0.004024450667202473,0.004038577433675528,5.37708547199145e-06,7.690570782870054e-06,,,,,3.892845747199849,,1320,4.316666666666666
15.324999999986062,retreat,15.325000799261034,-3.372115635007116,-2.9477052390575396,-0.7101893424987793,-0.025490364350844175,4.012100884087653,0.010474170267116278,0.0,0.0,0.0,0.0,0.0,50,0.0016994386678561568,0.0001554942427901551,0.0016994386678561568,0.00012423931912053376,0.0,2.6683263772302803,0.0,0.0,0.0,0.0,0.0,0.0,8.638024883111939e-05,0.035004425793886185,-0.0002182844909839332,0.9993871450424194,-0.0006085181958042085,0.0005985403549857438,0.008874908089637756,0.017586983740329742,0.026166873052716255,0.06486941128969193,-0.4833255708217621,0.5432029366493225,0.5090351700782776,-1.9521045684814453,-0.3576522767543793,2.3322646617889404,1.0186126232147217,-3.283334808656946e-05,-0.011544854380190372,0.001706174691207707,-0.00017042335821315646,0.009741772897541523,-0.00831624399870634,-0.006068610120564699,0.6015520691871643,-4.89437734358944e-05,0.1102571189403534,-0.0002196995192207396,0.9993869066238403,-9.273868636228144e-05,-0.03500951826572418,4.195142537355423e-06,-9.021045116242021e-06,0.03238851949572563,-5.09476149090915e-06,6.3016614149091765e-06,1.0,-1.63701565725205e-06,0.0016849581152200699,0.0001282065932173282,-0.00018047438061330467,3.466788984951563e-05,0.00014300939801614732,-5.0248469051439315e-05,0.0016934308223426342,-0.00012857346155215055,6.206960824783891e-05,5.659399903379381e-05,0.00010036808089353144,4.6462617319775745e-05,0.0017491579055786133,-1.1058720701839775e-05,0.024938732385635376,0.004024461377412081,0.004038733430206776,5.366098775994033e-06,7.670634659007192e-06,,,,,3.892845747199849,,1320,4.325
15.333333333319388,retreat,15.333334133028984,-3.421636455596051,-2.992065995931624,-0.7121562957763672,-0.025320458007627167,4.0125889541069935,0.009164165021502413,0.03956468118525214,0.0,0.0,0.0,0.0,47,0.001568493666127324,0.00036811872269026935,0.001568493666127324,0.00017969467444345355,0.0,2.7126532033867092,0.0,0.0,0.0,0.0,0.0,0.0,9.216256876243278e-05,0.035008762031793594,-0.0002140181022696197,0.9993869066238403,-0.0008338532643392682,0.0006363387801684439,0.008810805156826973,0.019960125908255577,0.044394101947546005,0.08711263537406921,-0.4833255708217621,0.5431113839149475,0.5090469121932983,-1.9521045684814453,-0.3575720489025116,2.3321828842163086,1.0185668468475342,-5.636152855004184e-05,-0.011509141884744167,0.0017367410473525524,-0.00011418267240514979,0.009684020653367043,-0.008297552354633808,-0.006042988505214453,0.6015511751174927,-4.749166328110732e-05,0.11030182987451553,-0.00021954825206194073,0.9993867874145508,-9.346719889435917e-05,-0.03501392900943756,3.4356489777565002e-06,-7.746650226181373e-06,0.03238895162940025,-5.16817044626805e-06,1.1118718248326331e-06,0.9999999403953552,-5.571747351496015e-06,0.0014302039053291082,6.704220868414268e-05,-0.000640464189928025,7.740667933830991e-05,0.00035695871338248253,-4.582657857099548e-05,0.0014715063152834773,-6.757266237400472e-05,0.0005387722630985081,9.005065658129752e-05,-0.00015038484707474709,3.956576620112173e-05,0.0017493367195129395,-1.0855668733711354e-05,0.024938717484474182,0.0040244427509605885,0.004037599544972181,5.407134267443325e-06,7.734226528555155e-06,,,,,3.892845747199849,,1320,4.333333333333333
15.341666666652714,retreat,15.341667466796935,-3.471043162461779,-3.0368141829967485,-0.713348388671875,-0.022588013962376863,4.013223356538735,0.01093879109248519,0.055952909680744456,0.0,0.0,0.0,0.0,47,0.003936923108994961,0.00029294725391082466,0.003936923108994961,0.00029663677560165524,0.0,2.757357286708215,0.0,0.0,0.0,0.0,0.0,0.0,9.234837489202619e-05,0.03501415252685547,-0.00023298381711356342,0.9993867874145508,-0.0006616736645810306,-0.0012526942882686853,0.008785207755863667,-0.10935649275779724,0.028858259320259094,0.06612465530633926,-0.4833255708217621,0.5430198311805725,0.5090585947036743,-1.9521045684814453,-0.3574918508529663,2.332097053527832,1.0185210704803467,-9.477559069637209e-05,-0.0114736994728446,0.001799067365936935,-6.106685032136738e-05,0.009681979194283485,-0.008314404636621475,-0.006039564963430166,0.6015493273735046,-4.666856330004521e-05,0.11034634709358215,-0.0002188509242841974,0.9993864893913269,-9.480676817474887e-05,-0.03502039611339569,4.492234438657761e-06,-9.698367648525164e-06,0.03238866105675697,-6.252357707126066e-06,2.950587941086269e-06,0.9999998807907104,1.4038110748515464e-05,0.0017792844446375966,0.00340279215015471,-0.0008686289074830711,-0.00019886814698111266,0.00021400226978585124,-2.173891698475927e-05,0.0018350252648815513,-0.003403487615287304,0.0007404863135889173,0.00029350450495257974,4.29757492383942e-05,1.2488635547924787e-06,0.0017496347427368164,-1.1803724191850051e-05,0.02493870258331299,0.004024438560009003,0.0040377238765358925,5.101668648421764e-06,7.297232514247298e-06,,,,,3.892845747199849,,1320,4.341666666666667
15.34999999998604,retreat,15.350000800564885,-3.520334877806402,-3.0815027654170977,-0.7151961326599121,-0.023101027181837708,4.013808869931545,0.011020101737813093,0.055952909680744456,0.0,0.0,0.0,0.0,44,0.003053780645132065,0.00024337242939509451,0.0030537801794707775,0.0003056756395380944,0.0,2.8020051641880066,0.0,0.0,0.0,0.0,0.0,0.0,9.111398685490713e-05,0.0350193977355957,-0.00021364020358305424,0.9993865489959717,-0.0008598878630436957,0.0006056793499737978,0.00885043665766716,0.02205749787390232,0.04556597024202347,0.111074298620224,-0.4833255708217621,0.5429282784461975,0.5090702772140503,-1.9521045684814453,-0.357411652803421,2.3320114612579346,1.0184752941131592,-0.00011201287998119369,-0.01144914235919714,0.0018049647333100438,1.267686366190901e-05,0.009542474523186684,-0.008352270349860191,-0.005980367306619883,0.6015473008155823,-4.549190998659469e-05,0.11039039492607117,-0.00021833267237525433,0.9993862509727478,-9.579001198289916e-05,-0.03502696752548218,5.051726475358009e-06,-8.040384273044765e-06,0.032388005405664444,-7.576891675853403e-06,4.510469807428308e-06,0.9999998807907104,-4.850731329497648e-06,0.0014369015116244555,-0.0023087437730282545,-0.001389457960613072,3.824948726105504e-05,0.00022788676142226905,-7.63854623073712e-05,0.0015311302850022912,0.0023078739177435637,0.0012864411110058427,-0.00028921227203682065,-2.028804738074541e-05,9.686200064606965e-05,0.001749873161315918,-1.0834995919140056e-05,0.024938680231571198,0.004024450201541185,0.004037837963551283,5.388773843151284e-06,7.71181657910347e-06,,,,,3.892845747199849,,1320,4.35
15.358333333319365,retreat,15.358334134332836,-3.569510723832071,-3.125677257776259,-0.7174015045166016,-0.02173037501052022,4.014540641780839,0.011212108802283183,0.0,0.0,0.0,0.0,0.0,43,0.0024793727789074183,0.00042244934593327343,0.0024793727789074183,0.0002628657384775579,0.0,2.84612878374739,0.0,0.0,0.0,0.0,0.0,0.0,9.363870049128309e-05,0.03502547740936279,-0.00021461739379446954,0.9993864297866821,-0.0010152177419513464,0.0007312649395316839,0.00898799765855074,0.026984209194779396,0.054863620549440384,0.06546953320503235,-0.48332569003105164,0.5428367257118225,0.5090819597244263,-1.9521045684814453,-0.35733145475387573,2.331925868988037,1.0184295177459717,-0.00014657546125818044,-0.01142156682908535,0.001847812789492309,7.66740195103921e-05,0.00952483993023634,-0.00835221167653799,-0.005983641836792231,0.6015454530715942,-4.477484617382288e-05,0.11043474823236465,-0.00021777741494588554,0.9993861317634583,-9.699867223389447e-05,-0.03503340855240822,5.125068128108978e-06,-8.727078238734975e-06,0.032388221472501755,-7.937586815387476e-06,3.2479481433256296e-06,1.0,-3.275076323916437e-06,0.0016384052578359842,-0.00014406508125830442,-0.0018553066765889525,0.00026472914032638073,0.0003269978624302894,-3.813565490418114e-05,0.0017643291503190994,0.00014295226719696075,0.0017360866768285632,0.00024595519062131643,-9.036612755153328e-05,2.0937963199685328e-05,0.001750171184539795,-1.0888274118769914e-05,0.024938657879829407,0.004024441819638014,0.004038004670292139,5.57968587600044e-06,7.98242399469018e-06,,,,,3.892845747199849,,1320,4.358333333333333
15.36666666665269,retreat,15.366667468100786,-3.6185698227408984,-3.170194476842879,-0.7194280624389648,-0.02084146035485901,4.01512596339235,0.011793108569690958,0.0,0.0,0.0,0.0,0.0,43,0.0026057930663228035,0.0002933218202088028,0.00260579283349216,0.0001951272861333564,0.0,2.8906053112717487,0.0,0.0,0.0,0.0,0.0,0.0,9.642463555792347e-05,0.035030610859394073,-0.00021540749003179371,0.9993862509727478,-0.001046871766448021,0.0006086995708756149,0.009008895605802536,0.02096034586429596,0.057479288429021835,0.09707078337669373,-0.4833258092403412,0.5427451729774475,0.5090936422348022,-1.9521045684814453,-0.35725125670433044,2.331838369369507,1.0183837413787842,-0.0001849417749326676,-0.011396696791052818,0.0018970625242218375,0.000145474259625189,0.009498607367277145,-0.008378276601433754,-0.005983214825391769,0.6015431880950928,-4.36842383351177e-05,0.11047909408807755,-0.0002170694642700255,0.9993858337402344,-9.816850797506049e-05,-0.03504054993391037,5.813548341393471e-06,-8.568735211156309e-06,0.032388027757406235,-9.945337296812795e-06,1.6848036921146559e-06,1.0,-1.7207280507136602e-06,0.0018044012831524014,0.00047063216334208846,-0.0018201094353571534,0.00011864910629810765,0.00026213907403871417,-5.6949007557705045e-05,0.0019273476209491491,-0.0004717608680948615,0.0016890615224838257,0.0001901518553495407,-1.5252153389155865e-06,4.375613571028225e-05,0.0017504692077636719,-1.0932653822237626e-05,0.024938642978668213,0.0040244306437671185,0.004038235172629356,5.4143911256687716e-06,7.747468771412969e-06,,,,,3.892845747199849,,1320,4.366666666666666
15.374999999986017,retreat,15.375000801868737,-3.6675112967350287,-3.2147340476512896,-0.7218718528747559,-0.01972835889318958,4.015808730955946,0.012224737474753056,0.055952909680744456,0.0,0.0,0.0,0.0,43,0.002755251480266452,0.0003095227584708482,0.0027552517130970955,0.00015634711598977447,0.0,2.935097416134874,0.0,0.0,0.0,0.0,0.0,0.0,9.716969361761585e-05,0.035036731511354446,-0.00021491508232429624,0.9993859529495239,-0.0012131755938753486,0.000576698686927557,0.009034335613250732,0.019295506179332733,0.06855715811252594,0.09498544782400131,-0.48332592844963074,0.5426536202430725,0.5091055035591125,-1.9521045684814453,-0.35717105865478516,2.3317506313323975,1.0183379650115967,-0.00022301432909443974,-0.011373873800039291,0.0019440578762441874,0.00021928238857071847,0.009458027780056,-0.00840165838599205,-0.005974933505058289,0.6015409231185913,-4.2659692553570494e-05,0.1105232834815979,-0.00021644776279572397,0.9993855357170105,-9.912219684338197e-05,-0.03504791483283043,6.087822839617729e-06,-8.695533324498683e-06,0.032387685030698776,-1.11897516035242e-05,1.8998501900568954e-06,0.9999998807907104,-1.5987487813617918e-06,0.0017288479721173644,0.000485908065456897,-0.0020895907655358315,6.951080285944045e-05,0.0002971299982164055,-5.1830022130161524e-05,0.0018708785064518452,-0.00048714294098317623,0.001963139744475484,0.0001429651165381074,-4.741860902868211e-05,4.191505286144093e-05,0.0017507672309875488,-1.090938167180866e-05,0.024938620626926422,0.0040244548581540585,0.0040384624153375626,5.37118103238754e-06,7.683731382712722e-06,,,,,3.892845747199849,,1320,4.375
15.383333333319342,retreat,15.383334135636687,-3.7163342680165776,-3.2591693103313433,-0.7243752479553223,-0.01959049404831603,4.016637650080304,0.012266480553080328,0.0,0.0,0.0,0.0,0.0,38,0.0031466835644096136,0.00029821929638274014,0.0031466828659176826,0.0001483814266975969,0.0,2.9794750524784406,0.0,0.0,0.0,0.0,0.0,0.0,0.0001008673498290591,0.03504401817917824,-0.00021113395632710308,0.9993857741355896,-0.0012418775586411357,0.0004904367960989475,0.009095471352338791,0.010872461833059788,0.07388575375080109,0.11931731551885605,-0.4833260774612427,0.5425620675086975,0.5091179013252258,-1.9521045684814453,-0.35709086060523987,2.331663131713867,1.0182921886444092,-0.000263802008703351,-0.011353219859302044,0.0019944559317082167,0.00029545649886131287,0.00942111387848854,-0.008436528034508228,-0.005967922508716583,0.6015385985374451,-4.16363327531144e-05,0.11056756973266602,-0.00021567850490100682,0.9993852376937866,-0.00010018617467721924,-0.035055384039878845,6.38328492641449e-06,-7.857503078412265e-06,0.03238755092024803,-1.137542767537525e-05,-8.334133667631249e-07,1.0,-4.515647560765501e-06,0.001988204661756754,0.0006362790591083467,-0.0023545296862721443,4.959968646289781e-05,0.00029067619470879436,-4.4519416405819356e-05,0.0021481572184711695,-0.0006376783130690455,0.0022091628052294254,0.000144269346492365,-3.4936529118567705e-06,3.451376687735319e-05,0.0017511248588562012,-1.0726955224527046e-05,0.02493859827518463,0.004025748930871487,0.004038609564304352,4.932468073093332e-06,7.053837180137634e-06,,,,,3.892845747199849,,1320,4.383333333333333
15.391666666652668,retreat,15.391667469404638,-3.7650378587876823,-3.3036716282367693,-0.7268786430358887,-0.01850286207627505,4.017466398454964,0.011867946341226343,0.03956468118525214,0.0,0.0,0.0,0.0,37,0.00340646062977612,0.0003303545818198472,0.0034064603969454765,0.0001649504847591743,0.0,3.0239197559763924,0.0,0.0,0.0,0.0,0.0,0.0,0.00010121615196112543,0.03505118191242218,-0.00020992610370740294,0.999385416507721,-0.0012358188396319747,0.0003712258185259998,0.009147854521870613,-0.0020495683420449495,0.07470930367708206,0.11842913180589676,-0.48332685232162476,0.5424705147743225,0.5091354250907898,-1.9521045684814453,-0.3570106625556946,2.3315744400024414,1.0182464122772217,-0.00030625081853941083,-0.011334423907101154,0.00204649125225842,0.0003738303785212338,0.009385605342686176,-0.008472356013953686,-0.005964548792690039,0.6015362739562988,-3.7482473999261856e-05,0.1106124222278595,-0.0002160270669264719,0.9993850588798523,-9.878835408017039e-05,-0.03506265580654144,6.701797246932983e-06,-4.771729436470196e-06,0.03238791972398758,-1.1481660294521134e-05,-2.639740614540642e-06,0.9999999403953552,-6.0095098888268694e-06,0.0021492771338671446,0.000749623344745487,-0.0025342940352857113,4.685684325522743e-05,0.000322397070704028,-5.476054866448976e-05,0.0023214418906718493,-0.00075112673221156,0.0023771177511662245,0.00015858933329582214,-1.1950061889365315e-05,4.376391734695062e-05,0.0017514824867248535,-1.0667241440387443e-05,0.024938568472862244,0.004025585483759642,0.004038870334625244,4.958555109624285e-06,7.087335688993335e-06,,,,,3.892845747199849,,1320,4.391666666666667
15.399999999985994,retreat,15.400000803172588,-3.8136211912504763,-3.3487550914287554,-0.7293820381164551,-0.014179496247379575,4.018148768981134,0.011816800906672142,0.055952909680744456,0.0,0.0,0.0,0.0,43,0.003115259576588869,0.00029693980468437076,0.003115259110927582,7.402295159408823e-05,0.0,3.0689557809611587,0.0,0.0,0.0,0.0,0.0,0.0,9.749385208124295e-05,0.03505699336528778,-0.0002128844935214147,0.9993852972984314,-0.0014031752943992615,0.0007213223725557327,0.009074114263057709,0.029947280883789062,0.08377011865377426,0.09183919429779053,-0.4833313524723053,0.5423789620399475,0.5091573596000671,-1.9521045684814453,-0.35693103075027466,2.33148455619812,1.0182006359100342,-0.0003430959477555007,-0.011319601908326149,0.002082304796203971,0.00045959075214341283,0.009321304038167,-0.00851774774491787,-0.005933800712227821,0.6015340089797974,-3.2829237170517445e-05,0.11065810918807983,-0.00021711447334382683,0.9993847608566284,-9.729140583658591e-05,-0.03506980091333389,6.96931965649128e-06,-4.3745749280788004e-06,0.03238852322101593,-1.2822467397199944e-05,-3.473863046110637e-07,0.9999998807907104,-4.217791683913674e-06,0.0019218743545934558,0.0004954906762577593,-0.002401193603873253,-2.1167730665183626e-05,0.0002915077202487737,5.2425424655666575e-05,0.0020853581372648478,-0.0004968933062627912,0.0022603576071560383,4.6599205234088004e-05,-1.3843935448676348e-05,-5.582343874266371e-05,0.0017517805099487305,-1.080857418855885e-05,0.024938546121120453,0.004025595728307962,0.004039045888930559,5.2800969569943845e-06,7.5536081567406654e-06,,,,,3.892845747199849,,1320,4.4
15.40833333331932,retreat,15.408334136940539,-3.8620833876070684,-3.394665569067,-0.7318258285522461,-0.009452780432184227,4.0188797519002675,0.012039410648867488,0.0,0.0,0.0,0.0,0.0,35,0.0036891933996230364,0.00027516752015799284,0.0036891927011311054,0.00015390459157060832,0.0,3.114815440916314,0.0,0.0,0.0,0.0,0.0,0.0,9.87403909675777e-05,0.03506338223814964,-0.00021461979486048222,0.9993851184844971,-0.001439093379303813,0.0005818214849568903,0.009089872241020203,0.022692285478115082,0.08858978748321533,0.1102280393242836,-0.48333683609962463,0.5422874093055725,0.5091797113418579,-1.9521045684814453,-0.3568529784679413,2.3313944339752197,1.0181548595428467,-0.0003797874669544399,-0.011306325905025005,0.002116194926202297,0.0005438362713903189,0.009282204322516918,-0.00856848992407322,-0.005926626734435558,0.6015318632125854,-2.8925827791681513e-05,0.11070379614830017,-0.00021774639026261866,0.9993845820426941,-9.566610970068723e-05,-0.035076647996902466,7.100170478224754e-06,-5.160723958397284e-06,0.03238833695650101,-1.3279331142257433e-05,-3.175337724314886e-06,1.0,-3.013912419191911e-06,0.002069812035188079,0.0016271673375740647,-0.002584250643849373,-8.749176049605012e-05,0.0002601168234832585,2.003986810450442e-05,0.0022455647122114897,-0.001628673286177218,0.0024320785887539387,0.0001457959006074816,3.888807259500027e-05,-3.0296791010187007e-05,0.0017520785331726074,-1.0897500033024698e-05,0.024938523769378662,0.004025599453598261,0.004039206076413393,5.1064143917756155e-06,7.303751772269607e-06,,,,,3.892845747199849,,1320,4.408333333333333
