time_s,phase,physics_time_s,command_depth_mm,depth_mm,tip_x_mm,tip_y_mm,tilt_deg,grasp_slip_mm,grasp_slip_deg,force_norm_n,torque_norm_nm,normal_load_n,min_separation_mm,contact_count,wrist_force_n,wrist_torque_nm,wrist_contact_force_balance_n,wrist_contact_torque_balance_nm,contact_power_w,lowest_peg_z_above_mouth_mm,fx,fy,fz,taux,tauy,tauz,qw,qx,qy,qz,vx,vy,vz,omegax,omegay,omegaz,joint1_rad,joint2_rad,joint3_rad,joint4_rad,joint5_rad,joint6_rad,joint7_rad,joint_velocity1_rad_s,joint_velocity2_rad_s,joint_velocity3_rad_s,joint_velocity4_rad_s,joint_velocity5_rad_s,joint_velocity6_rad_s,joint_velocity7_rad_s,hand_pose_0,hand_pose_1,hand_pose_2,hand_pose_3,hand_pose_4,hand_pose_5,hand_pose_6,grasp_position_0,grasp_position_1,grasp_position_2,grasp_quat_0,grasp_quat_1,grasp_quat_2,grasp_quat_3,wrist_raw_child_0,wrist_raw_child_1,wrist_raw_child_2,wrist_raw_child_3,wrist_raw_child_4,wrist_raw_child_5,wrist_force_world_0,wrist_force_world_1,wrist_force_world_2,wrist_torque_about_peg_base_world_0,wrist_torque_about_peg_base_world_1,wrist_torque_about_peg_base_world_2,com_offset_world_0,com_offset_world_1,com_offset_world_2,finger_position_0,finger_position_1,finger_velocity_0,finger_velocity_1,command_tilt_deg,reference_step,recovery_time_s
10.999999999839929,stop,11.000000573694706,20.0,20.03592774271965,0.49996376037597656,0.03092701081186533,0.0,0.011211274795641657,0.03956468118525214,0.0,0.0,0.0,0.0,73,0.0009588449611328542,0.00011716326116584241,0.0009588449029251933,0.00016115786274895072,0.0,-20.03592774271965,0.0,0.0,0.0,0.0,0.0,0.0,-5.698928362107836e-05,8.131574759318028e-06,-2.3088776288204826e-05,0.9999999403953552,-0.0011729882098734379,-0.00010787944484036416,0.0035469720605760813,0.012760745361447334,0.08624041825532913,0.07897669076919556,-0.4803023934364319,0.5598966479301453,0.486240029335022,-2.0129854679107666,-0.41387149691581726,2.4766647815704346,1.0588678121566772,0.0004270945501048118,0.0005614825640805066,-0.0004686900065280497,0.0025438370648771524,0.0006575453444384038,-0.0016022385098040104,-0.0007940809591673315,0.6004942655563354,2.5331471988465637e-05,0.08735242486000061,-2.7930253054364584e-05,1.0,5.7319575716974214e-05,-6.995673629717203e-06,6.175740509206662e-06,-3.785627086472232e-06,0.0323883518576622,1.1361671568010934e-06,-3.3035894375643693e-07,0.9999999403953552,-4.841409463551827e-06,0.0006964572821743786,0.00026737156440503895,-0.0006023648311384022,8.467860607197508e-05,2.9378132239799015e-05,-7.545653352281079e-05,0.0006964963395148516,-0.00026732534752227366,0.000602340092882514,0.0001232935319421813,7.124523835955188e-05,7.546307460870594e-05,4.172325134277344e-07,-1.1544161679921672e-06,0.02499999850988388,0.004025323316454887,0.0040392279624938965,4.956362317898311e-06,7.019116310402751e-06,0.0,1320,0.0
11.008333333173141,stop,11.008333907462656,20.03592774271965,20.037060230970383,0.4982948303222656,0.031503794161835685,0.0,0.009410598067915998,0.055952909680744456,0.0,0.0,0.0,0.0,71,0.013057894073426723,0.004758760333061218,0.013057894073426723,0.003413380589336157,0.0,-20.037060230970383,0.0,0.0,0.0,0.0,0.0,0.0,-5.930537372478284e-05,1.0977047168125864e-05,-2.437294097035192e-05,0.9999999403953552,-0.0013922646176069975,-5.052865162724629e-05,0.003485184395685792,0.013029313646256924,0.0903075709939003,0.08198391646146774,-0.4803018867969513,0.5598966479301453,0.4862397611141205,-2.0129854679107666,-0.4138648509979248,2.4766647815704346,1.058854579925537,0.00032771669793874025,0.0005580527358688414,-0.00030291147413663566,0.0023983821738511324,0.00098599458578974,-0.0020227343775331974,-0.0013717955444008112,0.6004942059516907,2.633544136187993e-05,0.08735229820013046,-2.998710442625452e-05,0.9999999403953552,6.188327824929729e-05,-7.548722805950092e-06,4.602236458595144e-06,-3.225286491215229e-06,0.03238935023546219,3.4285908441233914e-06,-2.578051862656139e-06,0.9999998807907104,-5.613926532532787e-06,-0.011006808839738369,-0.004021820146590471,0.005760530475527048,0.0012813931098207831,-0.0038901721127331257,-0.0024228892289102077,-0.011007393710315228,0.004020803142338991,-0.0057601225562393665,0.0007001701160334051,0.0023000396322458982,0.002422962337732315,5.364418029785156e-07,-1.218613761011511e-06,0.02499999850988388,0.0040253205224871635,0.00403923774138093,4.9557465899852104e-06,7.020251359790564e-06,0.0,1320,0.008333333333333333
11.016666666506353,stop,11.016667241230607,20.03592774271965,20.03747746348381,0.49757957458496094,0.03300324169686064,0.0,0.008638397957838606,0.055952909680744456,0.0,0.0,0.0,0.0,76,0.006104892119765282,0.001336079090833664,0.00610489072278142,0.0010690363124012947,0.0,-20.03747746348381,0.0,0.0,0.0,0.0,0.0,0.0,-6.346771260723472e-05,1.4691092474095058e-05,-2.6502679247641936e-05,0.9999999403953552,-0.0010354556143283844,-1.0366782589699142e-05,0.0034364601597189903,0.013108880259096622,0.06704439967870712,0.06488046050071716,-0.48030179738998413,0.5598966479301453,0.4862397313117981,-2.0129854679107666,-0.4138561189174652,2.4766647815704346,1.058854579925537,0.00027530285296961665,0.0005479009705595672,-0.0002295728918397799,0.002242153510451317,0.0010302705923095345,-0.001950288424268365,-0.0011969824554398656,0.6004940867424011,2.6929254090646282e-05,0.08735235780477524,-3.2686672057025135e-05,0.9999999403953552,5.833552495460026e-05,-8.270290891232435e-06,4.053005795867648e-06,-3.956112777814269e-06,0.03238982707262039,6.421329089789651e-06,5.131925718160346e-06,0.9999998807907104,-6.183658570080297e-06,-0.0038586321752518415,-0.0033619750756770372,0.003328331047669053,0.0007494650199078023,-0.00041346167563460767,0.0010258941911160946,-0.0038590794429183006,0.0033617413137108088,-0.003328046528622508,0.00026380442432127893,-0.00014387533883564174,-0.0010259365662932396,7.152557373046875e-07,-1.3250864867586643e-06,0.02499999850988388,0.004025320056825876,0.004039307124912739,4.955740223522298e-06,7.020309567451477e-06,0.0,1320,0.016666666666666666
11.024999999839565,stop,11.025000574998558,20.03592774271965,20.03764510154724,0.4971623420715332,0.033997115679085255,0.0,0.008272202649095561,0.0,0.0,0.0,0.0,0.0,75,0.004653518553823233,0.0005538782570511103,0.004653518088161945,0.0006865017930977046,0.0,-20.03764510154724,0.0,0.0,0.0,0.0,0.0,0.0,-6.085176573833451e-05,1.4450049093284179e-05,-2.9265074772411026e-05,1.0,-0.0009060562588274479,1.4528935025737155e-05,0.0034035814460366964,0.013021411374211311,0.05772923305630684,0.058229945600032806,-0.48030179738998413,0.5598966479301453,0.48623982071876526,-2.0129854679107666,-0.41385015845298767,2.4766647815704346,1.058854579925537,0.00024019771080929786,0.0005358357448130846,-0.00018735401681624353,0.002101998310536146,0.000963568571023643,-0.001825779676437378,-0.0011869833106175065,0.6004940271377563,2.7265516109764576e-05,0.08735232055187225,-3.4356547985225916e-05,1.0,5.613527537207119e-05,-8.744646947889123e-06,3.7261547731759492e-06,-4.505598553805612e-06,0.032389964908361435,5.705853709514486e-06,4.716249804914696e-06,1.0,-5.091188995720586e-06,-0.0031048012897372246,-0.0021757492795586586,0.0026984361466020346,0.00028919478063471615,5.166424671187997e-05,-0.00046955118887126446,-0.0031050927937030792,0.0021755858324468136,-0.0026982321869581938,-2.5039480533450842e-05,-0.0005002319812774658,0.00046949516399763525,7.152557373046875e-07,-1.4632096281275153e-06,0.02500000223517418,0.0040253219194710255,0.004039328079670668,4.95625954499701e-06,7.022143108770251e-06,0.0,1320,0.025
11.033333333172777,stop,11.033333908766508,20.03592774271965,20.03788724541664,0.4966855049133301,0.03458608262008056,0.0,0.007925599675218109,0.055952909680744456,0.0,0.0,0.0,0.0,76,0.004130311775952578,0.00017531579942442477,0.004130310844630003,0.0005462672561407089,0.0,-20.03788724541664,0.0,0.0,0.0,0.0,0.0,0.0,-5.7422334066359326e-05,1.7047379515133798e-05,-3.093692794209346e-05,0.9999999403953552,-0.000831807847134769,3.2527583243791014e-05,0.003376374486833811,0.013181569054722786,0.05182448402047157,0.053909752517938614,-0.48030179738998413,0.5598966479301453,0.4862399101257324,-2.0129854679107666,-0.41384434700012207,2.4766647815704346,1.058854579925537,0.00021124853810761124,0.0005232600378803909,-0.0001557153300382197,0.001974260900169611,0.0008664351771585643,-0.0017053778283298016,-0.0010730215581133962,0.600493848323822,2.7611378754954785e-05,0.08735233545303345,-3.6096189433010295e-05,0.9999999403953552,5.3772742830915377e-05,-9.26194479689002e-06,3.461640062596416e-06,-4.63603555544978e-06,0.03239021450281143,7.785838533891365e-06,3.6492585877567763e-06,0.9999998807907104,-5.158877229405334e-06,-0.0028325768653303385,-0.0017837717896327376,0.002419533673673868,0.00011770581477321684,0.00011544801236595958,5.960473936283961e-05,-0.002832813421264291,0.0017836414044722915,-0.002419351367279887,-0.00013991346349939704,-0.0005246645887382329,-5.965929449303076e-05,8.344650268554688e-07,-1.5467958291992545e-06,0.02499999850988388,0.0040253228507936,0.004039321094751358,4.957370038027875e-06,7.0216774474829435e-06,0.0,1320,0.03333333333333333
11.04166666650599,stop,11.041667242534459,20.03592774271965,20.038043707609177,0.49626827239990234,0.035161916457582265,0.0,0.007628261300851591,0.03956468118525214,0.0,0.0,0.0,0.0,77,0.0037762585561722517,0.0001750773226376623,0.003776258323341608,0.0005396408960223198,0.0,-20.038043707609177,0.0,0.0,0.0,0.0,0.0,0.0,-5.6705244787735865e-05,1.6192501789191738e-05,-3.248184293624945e-05,0.9999999403953552,-0.0008002879912965,4.5698077883571386e-05,0.0033511945512145758,0.012934615835547447,0.04851938784122467,0.051660019904375076,-0.48030179738998413,0.5598966479301453,0.4862399995326996,-2.0129854679107666,-0.41383853554725647,2.4766647815704346,1.058854579925537,0.0001856002490967512,0.0005107556935399771,-0.00012940108717884868,0.0018567575607448816,0.0007630095351487398,-0.0015943951439112425,-0.0009871332440525293,0.6004937291145325,2.797101842588745e-05,0.08735231310129166,-3.7782192521262914e-05,1.0,5.1514580263756216e-05,-9.75824696070049e-06,3.1957606552168727e-06,-4.7430439735762775e-06,0.03239035606384277,6.434725491999416e-06,5.190373030927731e-06,0.9999999403953552,-5.300066277413862e-06,-0.002675507217645645,-0.0014781946083530784,0.0022173700854182243,5.0554652261780575e-05,0.00011275842553004622,-0.00012402351421769708,-0.0026757027953863144,0.0014780864585191011,-0.002217206172645092,-0.00016292292275466025,-0.0004992989706806839,0.00012397159298416227,8.344650268554688e-07,-1.62404467118904e-06,0.02499999850988388,0.004025323782116175,0.004039350431412458,4.955460099154152e-06,7.020833436399698e-06,0.0,1320,0.041666666666666664
11.049999999839201,stop,11.05000057630241,20.03592774271965,20.038241147994995,0.49591064453125,0.035769004171015695,0.0,0.007293672297237208,0.0,0.0,0.0,0.0,0.0,75,0.003441357519477606,0.0001276640105061233,0.003441357286646962,0.0004909808048978448,0.0,-20.038241147994995,0.0,0.0,0.0,0.0,0.0,0.0,-5.4148902563611045e-05,1.835340663092211e-05,-3.449066571192816e-05,1.0,-0.000737521331757307,5.670652535627596e-05,0.0033261121716350317,0.0131102679297328,0.043500520288944244,0.04794611409306526,-0.48030179738998413,0.5598966479301453,0.48624008893966675,-2.0129854679107666,-0.41383272409439087,2.4766647815704346,1.058854579925537,0.0001617204543435946,0.0004982255632057786,-0.00010601619578665122,0.0017472689505666494,0.0006632276345044374,-0.0014929494354873896,-0.0008960994891822338,0.6004936695098877,2.8413855034159496e-05,0.08735233545303345,-3.96241775888484e-05,1.0,4.917922706226818e-05,-1.0232618478767108e-05,2.9284547053975984e-06,-4.787993930222001e-06,0.03239057585597038,8.12123926152708e-06,4.969298515788978e-06,1.0,-5.133162630954757e-06,-0.0024335342459380627,-0.0013004556531086564,0.002056615659967065,2.8948055842192844e-05,0.00010916959581663832,-5.9515605244087055e-05,-0.00243370421230793,0.001300379284657538,-0.0020564626902341843,-0.00015886143955867738,-0.00046074821148067713,5.946685269009322e-05,8.940696716308594e-07,-1.724481990095228e-06,0.02500000223517418,0.004025327041745186,0.004039398860186338,4.953638381266501e-06,7.016904419288039e-06,0.0,1320,0.05
11.058333333172413,stop,11.05833391007036,20.03592774271965,20.038393884897232,0.49567222595214844,0.036692355934064835,0.0,0.007220896804938093,0.055952909680744456,0.0,0.0,0.0,0.0,73,0.00492995698004961,0.00036976614501327276,0.004929955583065748,0.0005577813717536628,0.0,-20.038393884897232,0.0,0.0,0.0,0.0,0.0,0.0,-4.989016451872885e-05,1.812574737414252e-05,-4.783215990755707e-05,0.9999999403953552,-0.0006826678290963173,-0.002780681475996971,0.0029689737129956484,0.01703720912337303,0.040074728429317474,0.04471530392765999,-0.48030179738998413,0.5598966479301453,0.4862402081489563,-2.0129854679107666,-0.4138268828392029,2.4766647815704346,1.058854579925537,0.00012346103903837502,0.0004922824446111917,-4.4445652747526765e-05,0.0016364769544452429,0.0006236798362806439,-0.0013703648000955582,-0.0008377908961847425,0.6004934906959534,2.889580537157599e-05,0.08735235035419464,-4.1398747271159664e-05,0.9999999403953552,4.69780461571645e-05,-1.0677455975383054e-05,2.8976799058000324e-06,-5.114436135045253e-06,0.03239073604345322,7.448108135577058e-06,2.9118789370841114e-06,0.9999998807907104,6.433729595300974e-06,-0.0021973412949591875,0.0036418901290744543,0.0024925495963543653,-0.00030868061003275216,0.0001915749890031293,-6.886445771669969e-05,-0.002197052352130413,-0.0036418891977518797,-0.0024928031489253044,0.00021749502047896385,-0.0005089992191642523,6.881699664518237e-05,8.940696716308594e-07,-2.391563612036407e-06,0.02499999850988388,0.0040253205224871635,0.00403819652274251,-1.866690581664443e-06,-2.6437846827320755e-06,0.0,1320,0.058333333333333334
11.066666666505625,stop,11.06666724383831,20.03592774271965,20.038501918315887,0.4951953887939453,0.03703613765537739,0.0,0.006804420536354883,0.055952909680744456,0.0,0.0,0.0,0.0,74,0.005815395154058933,0.00014702268526889384,0.005815394688397646,0.0007663742289878428,0.0,-20.038501918315887,0.0,0.0,0.0,0.0,0.0,0.0,-5.054764915257692e-05,1.766112654877361e-05,-3.8305417547235265e-05,0.9999999403953552,-0.0006948420777916908,6.131795817054808e-05,0.0032827758695930243,0.013302366249263287,0.038404300808906555,0.0438823327422142,-0.48030179738998413,0.5598966479301453,0.4862402677536011,-2.0129854679107666,-0.4138213098049164,2.4766647815704346,1.058854579925537,0.00012500556476879865,0.00047208674368448555,-7.862921484047547e-05,0.0015581928892061114,0.0004250860947649926,-0.0013424665667116642,-0.0007026229868642986,0.6004934310913086,2.9267823265399784e-05,0.08735235780477524,-4.3013533286284655e-05,1.0,4.4898864871356636e-05,-1.108043852582341e-05,2.506521695977426e-06,-4.981630809197668e-06,0.032390858978033066,6.581144134543138e-06,5.6484459491912276e-06,0.9999998807907104,-4.707883817900438e-06,-0.0024331228341907263,-0.005142159294337034,0.0012070335214957595,2.3234582840814255e-05,-0.00010686121095204726,-9.826752648223191e-05,-0.002433611312881112,0.005142044275999069,-0.0012065371265634894,-0.0007195809739641845,-0.0002447083534207195,9.823721484281123e-05,8.940696716308594e-07,-1.9152248569298536e-06,0.02500000223517418,0.004025324713438749,0.004039490595459938,4.94754385726992e-06,7.008551619946957e-06,0.0,1320,0.06666666666666667
11.074999999838838,stop,11.07500057760626,20.03592774271965,20.038654655218124,0.49489736557006836,0.037858408177271485,0.0,0.00670191866447567,0.03956468118525214,0.0,0.0,0.0,0.0,76,0.004543314687907696,0.0003249215369578451,0.004543314687907696,0.0006979190511628985,0.0,-20.038654655218124,0.0,0.0,0.0,0.0,0.0,0.0,-4.7446039388887584e-05,2.0404811948537827e-05,-5.1052273192908615e-05,1.0,-0.0006163425277918577,-0.0028397799469530582,0.0029232515953481197,0.0168293584138155,0.03397250548005104,0.040276411920785904,-0.48030179738998413,0.5598966479301453,0.4862403869628906,-2.0129854679107666,-0.41381606459617615,2.4766647815704346,1.058854579925537,8.583070302847773e-05,0.0004678255063481629,-1.4861660019960254e-05,0.001454818993806839,0.0004362042236607522,-0.001201955950818956,-0.0006818476249463856,0.6004932522773743,2.9594015359180048e-05,0.08735236525535583,-4.4564851123141125e-05,1.0,4.2818755900952965e-05,-1.1557849575183354e-05,2.4182552351703634e-06,-5.377214620239101e-06,0.0323910191655159,8.846893251757137e-06,4.626961072062841e-06,0.9999999403953552,6.487743576144567e-06,-0.0016627830918878317,0.0036350679583847523,0.0021594311110675335,-9.469794895267114e-05,0.0003070193633902818,-4.842947600991465e-05,-0.0016625217394903302,-0.0036350178997963667,-0.0021597163286060095,0.0004304909089114517,-0.0005472009652294219,4.8370493459515274e-05,1.0132789611816406e-06,-2.552566002123058e-06,0.02499999850988388,0.00402531772851944,0.004038174171000719,-2.036656951531768e-06,-2.88530281977728e-06,0.0,1320,0.075
11.08333333317205,stop,11.083333911374211,20.03592774271965,20.03876641392708,0.4945993423461914,0.03800195554504171,0.0,0.006347120233840542,0.03956468118525214,0.0,0.0,0.0,0.0,75,0.005642089992761612,0.00018369319150224328,0.00564208859577775,0.0006803057622164488,0.0,-20.03876641392708,0.0,0.0,0.0,0.0,0.0,0.0,-4.185651778243482e-05,1.8970722521771677e-05,-4.06890940212179e-05,1.0,-0.0005902735283598304,7.392741099465638e-05,0.0032476105261594057,0.013282707892358303,0.030247889459133148,0.03820158913731575,-0.48030179738998413,0.5598966479301453,0.4862404465675354,-2.0129854679107666,-0.4138159453868866,2.4766647815704346,1.058854579925537,8.862671529641375e-05,0.000448234990471974,-5.085529119241983e-05,0.001387550961226225,0.00026102972333319485,-0.0011846633860841393,-0.0005682653281837702,0.600493311882019,2.9718936275457963e-05,0.08735235035419464,-4.476207323023118e-05,0.9999999403953552,4.269645796739496e-05,-1.1550044291652739e-05,2.060123279079562e-06,-5.383085408539046e-06,0.032391101121902466,7.420810561598046e-06,-8.403195579376188e-07,0.9999999403953552,-4.072655883646803e-06,-0.0020864903926849365,-0.0051565878093242645,0.0009430487407371402,9.8152355349157e-05,-0.00011687949881888926,-0.00010221783304587007,-0.0020869525615125895,0.0051564923487603664,-0.0009425387252122164,-0.0006467557395808399,-0.00018460564024280757,0.00010219453542958945,9.5367431640625e-07,-2.0344159565865993e-06,0.02499999850988388,0.0040253219194710255,0.004039481282234192,4.949632057105191e-06,7.014168659225106e-06,0.0,1320,0.08333333333333333
11.091666666505262,stop,11.091667245142162,20.03592774271965,20.038900524377823,0.49442052841186523,0.03854313035844825,0.0,0.006073145414120518,0.03956468118525214,0.0,0.0,0.0,0.0,75,0.0044347005896270275,0.00029851129511371255,0.004434699658304453,0.0007138751680031419,0.0,-20.038900524377823,0.0,0.0,0.0,0.0,0.0,0.0,-4.418842581799254e-05,2.103681254084222e-05,-5.3078008932061493e-05,1.0,-0.0005058517563156784,-0.002855870872735977,0.002886547241359949,0.01719685085117817,0.025624055415391922,0.03421136736869812,-0.48030179738998413,0.5598966479301453,0.48624056577682495,-2.0129854679107666,-0.4138157367706299,2.4766647815704346,1.058854579925537,4.986607382306829e-05,0.00044493956374935806,1.3217490050010383e-05,0.0012940448941662908,0.00029734830604866147,-0.001052217441610992,-0.000555262784473598,0.6004933714866638,2.9882339731557295e-05,0.08735252916812897,-4.482592339627445e-05,0.9999999403953552,4.2868752643698826e-05,-1.1499651918711606e-05,1.8184819055022672e-06,-5.756712198490277e-06,0.03239141404628754,9.536867764836643e-06,1.3193430277169682e-06,0.9999999403953552,8.252480256487615e-06,-0.0013995289336889982,0.003738771891221404,0.0019311838550493121,-2.9010650905547664e-05,0.0002948734036181122,3.629117418313399e-05,-0.0013992527965456247,-0.0037387178745120764,-0.0019314864184707403,0.0005111541831865907,-0.0004970089648850262,-3.634889435488731e-05,1.0728836059570312e-06,-2.6538546080701053e-06,0.02499999850988388,0.004025316331535578,0.004038163926452398,-2.1051091607660055e-06,-2.983906597364694e-06,0.0,1320,0.09166666666666666
11.099999999838474,stop,11.100000578910112,20.03592774271965,20.03881111741066,0.49442052841186523,0.03845208993880078,0.0,0.006126228072389495,0.03956468118525214,0.0,0.0,0.0,0.0,75,0.0055233873426914215,0.00021898142585996538,0.00552338594570756,0.0006006152252666652,0.0,-20.03881111741066,0.0,0.0,0.0,0.0,0.0,0.0,-4.373256888356991e-05,1.9536919353413396e-05,-4.164867277722806e-05,1.0,-0.0004626362642738968,8.672202238813043e-05,0.003215386066585779,0.013487904332578182,0.020984064787626266,0.031215758994221687,-0.48030179738998413,0.5598966479301453,0.4862406253814697,-2.0129854679107666,-0.4138156771659851,2.4766647815704346,1.058854579925537,5.335851892596111e-05,0.00042601386667229235,-2.323471380805131e-05,0.0012359149986878037,0.00014315961743704975,-0.0010471694404259324,-0.000448015722213313,0.6004933714866638,2.9837257898179814e-05,0.08735246956348419,-4.4832519051851705e-05,0.9999999403953552,4.2702511564129964e-05,-1.1564945452846587e-05,1.8227019609184936e-06,-5.710339792130981e-06,0.0323912650346756,7.97215943748597e-06,1.0296629397998913e-06,0.9999999403953552,-3.1835195386520354e-06,-0.001876941998489201,-0.00513976626098156,0.0007534592295996845,0.00015431414067279547,-0.00015283476386684924,-2.795612090267241e-05,-0.0018773983465507627,0.005139671731740236,-0.0007529547438025475,-0.0005881729302927852,-0.00011836669000331312,2.7939178835367784e-05,9.5367431640625e-07,-2.0823899831157178e-06,0.02499999850988388,0.004025321453809738,0.0040394882671535015,4.9509189921082e-06,7.012655260041356e-06,0.0,1320,0.1
11.108333333171686,stop,11.108333912678063,20.03592774271965,20.038989931344986,0.49424171447753906,0.038787402445450425,0.0,0.005977185537631158,0.03956468118525214,0.0,0.0,0.0,0.0,75,0.004381009377539158,0.00028196253697387874,0.004381008446216583,0.0007289649220183492,0.0,-20.038989931344986,0.0,0.0,0.0,0.0,0.0,0.0,-4.4935317419003695e-05,2.109601700794883e-05,-5.3504390962189063e-05,1.0,-0.0004552056489046663,-0.0028373482637107372,0.0028600620571523905,0.017156338319182396,0.020911699160933495,0.03078817017376423,-0.48030179738998413,0.5598966479301453,0.4862407445907593,-2.0129854679107666,-0.41381555795669556,2.4766647815704346,1.058854579925537,1.6241705452557653e-05,0.0004237209213897586,3.9313505112659186e-05,0.0011518909595906734,0.00019309231720399112,-0.0009201172506436706,-0.0004522236995398998,0.6004933714866638,2.9837257898179814e-05,0.08735246956348419,-4.4832519051851705e-05,0.9999999403953552,4.2702511564129964e-05,-1.1564945452846587e-05,1.6439207684015855e-06,-6.04565047979122e-06,0.032391443848609924,9.530800525681116e-06,2.2324772999127163e-06,0.9999999403953552,8.672250260133296e-06,-0.0013064316008239985,0.0038171266205608845,0.001707636984065175,5.2613604566431604e-06,0.0002818167849909514,7.381893738056533e-06,-0.0013061451027169824,-0.0038170842453837395,-0.001707948511466384,0.0005567430052906275,-0.00047050154535099864,-7.438692136929603e-06,1.0728836059570312e-06,-2.6751731638796628e-06,0.02499999850988388,0.004025314934551716,0.004038164857774973,-2.0888110157102346e-06,-2.9557268135249615e-06,0.0,1320,0.10833333333333334
11.116666666504898,stop,11.116667246446013,20.03592774271965,20.039071887731552,0.4941225051879883,0.03849733911920339,0.0,0.0057669035413709935,0.03956468118525214,0.0,0.0,0.0,0.0,78,0.005365310236811638,0.00024407495220657438,0.005365308839827776,0.0005645087803713977,0.0,-20.039071887731552,0.0,0.0,0.0,0.0,0.0,0.0,-4.387458830024116e-05,2.023922024818603e-05,-4.174957939540036e-05,0.9999999403953552,-0.00043816218385472894,9.908158972393721e-05,0.003192251781001687,0.013672550208866596,0.0178623516112566,0.02898736298084259,-0.48030179738998413,0.5598966479301453,0.48624080419540405,-2.0129854679107666,-0.4138154983520508,2.4766647815704346,1.058854579925537,2.0825371393584646e-05,0.0004055563185829669,2.33354603551561e-06,0.001102715963497758,4.999130396754481e-05,-0.000924000283703208,-0.000355355761712417,0.6004933714866638,2.9837257898179814e-05,0.08735246956348419,-4.4832519051851705e-05,0.9999999403953552,4.2702511564129964e-05,-1.1564945452846587e-05,1.5246886277964222e-06,-5.755590791522991e-06,0.03239152580499649,8.674463970237412e-06,1.1716537073880318e-06,0.9999999403953552,-3.082578814428416e-06,-0.0017261778702959418,-0.005049715284258127,0.0005542932776734233,0.00017110466433223337,-0.0001716433762339875,-2.8884829589514993e-05,-0.0017266219947487116,0.005049616098403931,-0.000553800375200808,-0.000558379280846566,-7.777581049595028e-05,2.8873284463770688e-05,1.0132789611816406e-06,-2.087435859721154e-06,0.02499999850988388,0.004025319125503302,0.004039453342556953,4.953060852130875e-06,7.016293238848448e-06,0.0,1320,0.11666666666666667
11.12499999983811,stop,11.125000580213964,20.03592774271965,20.039179921150208,0.4940629005432129,0.03813618604908697,0.0,0.005521239017980406,0.03956468118525214,0.0,0.0,0.0,0.0,75,0.0012724772095680237,0.00029223356978036463,0.0012724770931527019,0.00044563476694747806,0.0,-20.039179921150208,0.0,0.0,0.0,0.0,0.0,0.0,-4.4023599912179634e-05,2.055819822999183e-05,-4.400890611577779e-05,1.0,-0.0004192730993963778,-0.0006438600248657167,0.003531578229740262,-0.07949434220790863,0.0150321489199996,0.02804144285619259,-0.48030179738998413,0.5598966479301453,0.4862409234046936,-2.0129854679107666,-0.41381537914276123,2.4766647815704346,1.058854579925537,-1.685209554125322e-06,0.00040019763400778174,3.100310277659446e-05,0.0010325158946216106,6.907724309712648e-05,-0.0008281874470412731,-0.0003514097770676017,0.6004933714866638,3.029688377864659e-05,0.08735249936580658,-4.5048072934150696e-05,0.9999999403953552,4.2936739191645756e-05,-1.1497989362396766e-05,1.460681914977613e-06,-4.920841092825867e-06,0.032391663640737534,9.060305274033453e-06,1.0864400792343076e-06,0.9999999403953552,-1.038787559082266e-06,-0.0012307469733059406,0.00024449542979709804,0.00021138162992428988,0.00023002762463875115,0.00018020684365183115,3.640186150732916e-06,-0.0012307307915762067,-0.00024458198458887637,-0.00021137531439308077,0.00026537978556007147,-0.00035798095632344484,-3.684247531055007e-06,1.0132789611816406e-06,-2.2003987396601588e-06,0.02500000223517418,0.004025311209261417,0.004038261715322733,4.878837899013888e-06,6.912567187100649e-06,0.0,1320,0.125
11.133333333171322,stop,11.133333913981915,20.03592774271965,20.039217174053192,0.4940032958984375,0.03934742562705651,0.0,0.0058201903812005185,0.0,0.0,0.0,0.0,0.0,75,0.004182038828730583,0.00019680411787703633,0.004182038828730583,0.00041325960773974657,0.0,-20.039217174053192,0.0,0.0,0.0,0.0,0.0,0.0,-4.308207644498907e-05,1.9392908143345267e-05,-5.279481774778105e-05,1.0,-0.00039071490755304694,-0.002852623350918293,0.0028209576848894358,0.017023898661136627,0.014855396002531052,0.026146914809942245,-0.48030179738998413,0.5598966479301453,0.48624101281166077,-2.0129854679107666,-0.41381528973579407,2.4766647815704346,1.058854579925537,-2.94613819278311e-05,0.00039410876343026757,7.475632446585223e-05,0.000971640576608479,6.494705303339288e-05,-0.0007628952153027058,-0.00032261767773889005,0.6004932522773743,3.0211080229491927e-05,0.08735249936580658,-4.506345794652589e-05,1.0,4.271118814358488e-05,-1.1555442142707761e-05,1.524117351436871e-06,-6.216881956788711e-06,0.03239171579480171,7.837153134460095e-06,3.706242637235846e-07,1.0,7.73168994783191e-06,-0.0011671215761452913,0.0033084754832088947,0.002276239451020956,-0.00016697416140232235,0.0001031598512781784,1.4475452189799398e-05,-0.0011668915394693613,-0.0033083700109273195,-0.002276510698720813,0.000311014213366434,-0.0002717409224715084,-1.4509450011246372e-05,9.5367431640625e-07,-2.6396992325317115e-06,0.02500000223517418,0.004025307949632406,0.004038231913000345,-2.15478939935565e-06,-3.0519513529725373e-06,0.0,1320,0.13333333333333333
11.141666666504534,stop,11.141667247749865,20.03592774271965,20.039284229278564,0.49370527267456055,0.039261230995180085,0.0,0.005506835805135779,0.03956468118525214,0.0,0.0,0.0,0.0,77,0.0016583946999162436,0.00016413928824476898,0.0016583946999162436,0.00019983405945822597,0.0,-20.039284229278564,0.0,0.0,0.0,0.0,0.0,0.0,-4.3045281927334145e-05,1.9839695596601814e-05,-5.328842598828487e-05,0.9999999403953552,-0.0004097578057553619,-0.0028439476154744625,0.002813787665218115,0.01727057620882988,0.015115314163267612,0.02625160478055477,-0.48030179738998413,0.5598966479301453,0.48624110221862793,-2.0129854679107666,-0.4138152003288269,2.4766647815704346,1.058854579925537,-3.891614323947579e-05,0.0003835948882624507,7.691678911214694e-05,0.0009249030845239758,-1.0894298611674458e-05,-0.0007431570556946099,-0.0002620382292661816,0.6004932522773743,3.0211080229491927e-05,0.08735249936580658,-4.506345794652589e-05,1.0,4.271118814358488e-05,-1.1555442142707761e-05,1.2260883295311942e-06,-6.1307064243010245e-06,0.032391782850027084,8.283922397822607e-06,3.3381522257514007e-07,0.9999999403953552,8.225318197219167e-06,-0.00139249162748456,1.2143816093157511e-05,0.0009006067994050682,-0.00014741613995283842,-6.700717494823039e-05,-2.6837031327886507e-05,-0.0013925114180892706,-1.218160196003737e-05,-0.0009005757747218013,-0.0001456442114431411,-0.0001341719616902992,2.681978185137268e-05,1.0132789611816406e-06,-2.6643792807590216e-06,0.02500000223517418,0.004025304690003395,0.004038228653371334,-2.124928869307041e-06,-3.01040563499555e-06,0.0,1320,0.14166666666666666
11.149999999837746,stop,11.150000581517816,20.03592774271965,20.03934010863304,0.49358606338500977,0.03926761564798653,0.0,0.005383976713346783,0.03956468118525214,0.0,0.0,0.0,0.0,76,0.0013502929359674454,5.4486885346705094e-05,0.0013502929359674454,0.00019117817282676697,0.0,-20.03934010863304,0.0,0.0,0.0,0.0,0.0,0.0,-4.3583557271631435e-05,2.0156872778898105e-05,-5.3064472012920305e-05,0.9999999403953552,-0.0003540285106282681,-0.0027308808639645576,0.002817269414663315,0.017166931182146072,0.011248106136918068,0.023579366505146027,-0.48030179738998413,0.5598966479301453,0.4862411916255951,-2.0129854679107666,-0.41381511092185974,2.4766647815704346,1.058854579925537,-4.984338011126965e-05,0.00037374155363067985,8.141090074786916e-05,0.0008769258274696767,-5.734946171287447e-05,-0.0007039568736217916,-0.00022034543508198112,0.6004932522773743,3.0211080229491927e-05,0.08735249936580658,-4.506345794652589e-05,1.0,4.271118814358488e-05,-1.1555442142707761e-05,1.1068808589698165e-06,-6.137095624580979e-06,0.03239183872938156,8.601123226981144e-06,8.720750770407903e-07,0.9999999403953552,8.001370588317513e-06,-0.0010299341520294547,-0.00041439366759732366,0.0007686380413360894,3.5837791074300185e-05,4.082902523805387e-05,-4.179005827609217e-06,-0.0010299873538315296,0.00041437498293817043,-0.0007685769232921302,-2.4005683371797204e-05,-0.00018961948808282614,4.155706847086549e-06,1.0132789611816406e-06,-2.6531779440119863e-06,0.02499999850988388,0.004025301430374384,0.004038264974951744,-1.8547580111771822e-06,-2.6265624910593033e-06,0.0,1320,0.15
11.158333333170958,stop,11.158333915285766,20.03592774271965,20.039433240890503,0.4934072494506836,0.038737991417292506,0.0,0.00483509620607947,0.03956468118525214,0.0,0.0,0.0,0.0,76,0.0036222704220563173,0.00026198194245807827,0.0036222697235643864,0.00027525745099410415,0.0,-20.039433240890503,0.0,0.0,0.0,0.0,0.0,0.0,-4.410601104609668e-05,2.1011035642004572e-05,-4.7139143134700134e-05,1.0,-0.0003315172507427633,-0.0008754319278523326,0.0033865461591631174,-0.10303711146116257,0.007219711784273386,0.022506438195705414,-0.48030179738998413,0.5598966479301453,0.48624128103256226,-2.0129854679107666,-0.4138150215148926,2.4766647815704346,1.058854579925537,-5.060547118773684e-05,0.000361777376383543,6.11944415140897e-05,0.0008350529242306948,-0.00012016243999823928,-0.0006775641231797636,-0.00017945039144251496,0.6004934310913086,3.0284734748420306e-05,0.08735258877277374,-4.518144123721868e-05,0.9999999403953552,4.281799556338228e-05,-1.15172952064313e-05,7.467353952961275e-07,-5.526184395421296e-06,0.03239200636744499,9.493712241237517e-06,1.2876091659563826e-06,0.9999999403953552,1.9580886601033853e-06,-0.0010971016017720103,-0.003429744392633438,-0.00039251151611097157,0.00026057870127260685,-1.65968212968437e-05,-2.1396894226199947e-05,-0.0010973862372338772,0.003429614007472992,0.0003928465594071895,-0.00023488188162446022,-0.00014191555965226144,2.138099262083415e-05,1.0728836059570312e-06,-2.3569118638988584e-06,0.02500000223517418,0.004025296773761511,0.004038278479129076,4.878973413724452e-06,6.912683602422476e-06,0.0,1320,0.15833333333333333
11.16666666650417,stop,11.166667249053717,20.03592774271965,20.03939226269722,0.4935264587402344,0.03871386434184387,0.0,0.004952484687237302,0.03956468118525214,0.0,0.0,0.0,0.0,73,0.0013365427730605006,0.00032978810486383736,0.0013365424238145351,0.0002758042246568948,0.0,-20.03939226269722,0.0,0.0,0.0,0.0,0.0,0.0,-4.453206929611042e-05,2.2033103959984146e-05,-4.428191459737718e-05,1.0,-0.00024747755378484726,-0.0006441624718718231,0.0034879089798778296,-0.08059124648571014,0.0019614018965512514,0.018520528450608253,-0.48030179738998413,0.5598966479301453,0.4862413704395294,-2.0129854679107666,-0.4138149321079254,2.4766647815704346,1.058854579925537,-6.447827036026865e-05,0.00035377094172872603,7.185382128227502e-05,0.0007870331755839288,-0.0001206833403557539,-0.0006208706763572991,-0.0001715079415589571,0.6004934310913086,3.0284734748420306e-05,0.08735258877277374,-4.518144123721868e-05,0.9999999403953552,4.281799556338228e-05,-1.15172952064313e-05,8.65941728989128e-07,-5.5020518630044535e-06,0.03239196538925171,1.051592880685348e-05,1.7135895404862822e-06,0.9999999403953552,-8.990963920041395e-07,-0.000762098643463105,-0.0010156857315450907,0.00041705468902364373,0.00031016182038001716,0.00011206686758669093,-9.278634820475418e-07,-0.0007621952099725604,0.0010156577918678522,-0.00041694522951729596,0.00016345422773156315,-0.00022214830096345395,8.989948128146352e-07,1.0728836059570312e-06,-2.2140447981655598e-06,0.02499999850988388,0.004025292582809925,0.004038307815790176,4.882369466940872e-06,6.915070116519928e-06,0.0,1320,0.16666666666666666
11.174999999837382,stop,11.175000582821667,20.03592774271965,20.03941461443901,0.4935264587402344,0.03855291288346052,0.0,0.004901649845123757,0.03956468118525214,0.0,0.0,0.0,0.0,75,0.001531498390249908,0.0002351882867515087,0.0015314980410039425,0.00019805885676760226,0.0,-20.03941461443901,0.0,0.0,0.0,0.0,0.0,0.0,-4.388158049550839e-05,2.0813084120163694e-05,-4.058078411617316e-05,1.0,-0.000268043513642624,-0.0003049020015168935,0.0034510400146245956,-0.040949802845716476,0.003439857391640544,0.01906614564359188,-0.48030179738998413,0.5598966479301453,0.4862414598464966,-2.0129854679107666,-0.41381484270095825,2.4766647815704346,1.058854579925537,-7.585851562907919e-05,0.00034519084147177637,7.851018017390743e-05,0.0007457738975062966,-0.0001394887367496267,-0.000580210646148771,-0.00015295676712412387,0.6004934310913086,3.040942465304397e-05,0.08735255897045135,-4.5282369683263823e-05,0.9999999403953552,4.272928708815016e-05,-1.1542956599441823e-05,8.675780804878741e-07,-5.209872142586391e-06,0.03239195793867111,9.27037854125956e-06,1.1518150131450966e-06,0.9999999403953552,-4.701209491031477e-06,-0.0009483593166805804,-0.0010097643826156855,0.0006530527607537806,0.00023127341410145164,4.137729047215544e-05,-1.0679862498363946e-05,-0.0009484606562182307,0.0010097420308738947,-0.0006529391976073384,8.54188110679388e-05,-0.00017837429186329246,1.0655953701643739e-05,1.0132789611816406e-06,-2.0289953681640327e-06,0.02499999850988388,0.004025288391858339,0.004038368351757526,4.886749593424611e-06,6.923743057996035e-06,0.0,1320,0.175
11.183333333170594,stop,11.183333916589618,20.03592774271965,20.039481669664383,0.493466854095459,0.03859369098790921,0.0,0.004829317731491756,0.03956468118525214,0.0,0.0,0.0,0.0,76,0.002033284865319729,0.00024030431814026088,0.0020332843996584415,0.00016619943198747933,0.0,-20.039481669664383,0.0,0.0,0.0,0.0,0.0,0.0,-4.496511974139139e-05,2.0754217985086143e-05,-3.7619513022946194e-05,1.0,-0.0002752808213699609,0.00020619589486159384,0.00303155230358243,0.016502676531672478,0.0040999469347298145,0.019959798082709312,-0.48030179738998413,0.5598966479301453,0.48624154925346375,-2.0129854679107666,-0.4138147532939911,2.4766647815704346,1.058854579925537,-8.686499495524913e-05,0.0003351582563482225,8.368349517695606e-05,0.0007091693114489317,-0.00016459643666166812,-0.0005484280991367996,-0.00013166724238544703,0.6004934310913086,3.040942465304397e-05,0.08735255897045135,-4.5282369683263823e-05,0.9999999403953552,4.272928708815016e-05,-1.1542956599441823e-05,8.079784379333432e-07,-5.2506502470350824e-06,0.032392024993896484,9.211678843712434e-06,2.235322199339862e-06,0.9999999403953552,-7.66249286243692e-06,-0.0008365742978639901,-0.001233678893186152,0.0013829052913933992,0.00023754066205583513,3.3826217986643314e-05,-1.3281008250487503e-05,-0.0008367116679437459,0.0012337322114035487,-0.0013827737420797348,5.934051296208054e-05,-0.00015467747289221734,1.32602817757288e-05,1.0132789611816406e-06,-1.8809296307154e-06,0.02499999850988388,0.004025282338261604,0.004038460087031126,5.049421815783717e-06,7.154507329687476e-06,0.0,1320,0.18333333333333332
11.191666666503806,stop,11.191667250357568,20.03592774271965,20.039526373147964,0.4933476448059082,0.038658396078972146,0.0,0.00460600494989194,0.03956468118525214,0.0,0.0,0.0,0.0,74,0.0011405765544623137,0.0001963241520570591,0.0011405764380469918,0.0001756558776833117,0.0,-20.039526373147964,0.0,0.0,0.0,0.0,0.0,0.0,-4.407620872370899e-05,2.1034096789662726e-05,-3.7634210457326844e-05,1.0,-0.0002757378970272839,0.0003171611751895398,0.0030649560503661633,0.024575158953666687,0.0029429232235997915,0.01942466013133526,-0.48030179738998413,0.5598966479301453,0.4862416386604309,-2.0129854679107666,-0.4138146638870239,2.4766647815704346,1.058854579925537,-9.877315460471436e-05,0.00032785232178866863,9.339726966572925e-05,0.0006717539508827031,-0.00017365769599564373,-0.0005160018336027861,-0.00011924328282475471,0.6004934906959534,3.064218981307931e-05,0.08735258877277374,-4.528626232058741e-05,0.9999999403953552,4.290367724024691e-05,-1.1447568795119878e-05,6.229745395103237e-07,-5.0823473429773e-06,0.032392099499702454,9.586911801306996e-06,1.1720100019374513e-06,0.9999999403953552,-7.651652595086489e-06,-0.000872520380653441,-0.0005840447847731411,0.00044554995838552713,0.00019597071513999254,9.416730790690053e-06,-7.069314051477704e-06,-0.0008725806837901473,0.0005840100347995758,-0.0004454769950825721,0.0001116118801292032,-0.00013545507681556046,7.049690339044901e-06,1.0728836059570312e-06,-1.8816645024344325e-06,0.02499999850988388,0.004025276750326157,0.004038475453853607,5.209702976571862e-06,7.378548616543412e-06,0.0,1320,0.19166666666666665
11.199999999837019,stop,11.200000584125519,20.03592774271965,20.039518922567368,0.4932880401611328,0.03891389860655181,0.0,0.004597585302690277,0.03956468118525214,0.0,0.0,0.0,0.0,73,0.0009625637903809547,0.00013380826567299664,0.0009625637321732938,0.00015502267342526466,0.0,-20.039518922567368,0.0,0.0,0.0,0.0,0.0,0.0,-4.858219108427875e-05,2.126422623405233e-05,-3.765893052332103e-05,1.0,-0.00025760283460840583,0.00032172061037272215,0.0030591755639761686,0.02505459263920784,0.0014359678607434034,0.018283089622855186,-0.48030179738998413,0.5598966479301453,0.48624172806739807,-2.0129854679107666,-0.41381457448005676,2.4766647815704346,1.058854579925537,-0.00010997295612469316,0.00032048358116298914,0.00010242882854072377,0.0006368911708705127,-0.00018700884538702667,-0.00048718895413912833,-0.00010278716217726469,0.6004934906959534,3.064218981307931e-05,0.08735258877277374,-4.528626232058741e-05,0.9999999403953552,4.290367724024691e-05,-1.1447568795119878e-05,5.633916089209379e-07,-5.337856237019878e-06,0.03239209204912186,9.817246791499201e-06,5.677976332663093e-06,0.9999999403953552,-7.626975730090635e-06,-0.0007788498769514263,-0.00029531086329370737,0.00048240378964692354,0.00013312429655343294,1.3357096577237826e-05,2.0401892015797785e-06,-0.0007788862567394972,0.00029528760933317244,-0.00048235911526717246,9.047612547874451e-05,-0.00012586447701323777,-2.0579827832989395e-06,1.0728836059570312e-06,-1.8828941392712295e-06,0.02499999850988388,0.0040252720937132835,0.0040384638123214245,5.2145660447422415e-06,7.390481187030673e-06,0.0,1320,0.2
11.20833333317023,stop,11.20833391789347,20.03592774271965,20.03955990076065,0.4932284355163574,0.03907474092557095,0.0,0.004656397777580423,0.03956468118525214,0.0,0.0,0.0,0.0,73,0.0008304317016154528,0.00012047423660987988,0.0008304317016154528,0.0001418773754267022,0.0,-20.03955990076065,0.0,0.0,0.0,0.0,0.0,0.0,-4.8948644689517096e-05,2.1308429495547898e-05,-3.8967256841715425e-05,0.9999999403953552,-0.00024434103397652507,0.00036808528238907456,0.0031593909952789545,0.02797747775912285,-0.00025721461861394346,0.01658971607685089,-0.4803018569946289,0.5598966479301453,0.48624181747436523,-2.0129854679107666,-0.4138144850730896,2.4766647815704346,1.058854579925537,-0.00011961864947807044,0.00031343972659669816,0.0001091206941055134,0.0006044520996510983,-0.00020427767594810575,-0.0004606291768141091,-8.587456250097603e-05,0.6004933714866638,3.067142824875191e-05,0.08735260367393494,-4.545887350104749e-05,1.0,4.276258187019266e-05,-1.1519950021465775e-05,6.276956696638081e-07,-5.458268788061105e-06,0.03239216282963753,9.789034265850205e-06,6.185544862091774e-06,0.9999999403953552,-6.491266958619235e-06,-0.000737910158932209,-0.0003075076674576849,0.00022482096392195672,0.00011940633703488857,1.3539844076149166e-05,-8.534700100426562e-06,-0.0007379416492767632,0.0003074650012422353,-0.00022477598395198584,7.499450293835253e-05,-0.00012013517698505893,8.517841706634499e-06,1.0728836059570312e-06,-1.9483122741803527e-06,0.02500000223517418,0.004025266971439123,0.004038549028337002,5.28381360709318e-06,7.4859417509287596e-06,0.0,1320,0.20833333333333334
11.216666666503443,stop,11.21666725166142,20.03592774271965,20.039578527212143,0.49310922622680664,0.039279955672100186,0.0,0.004553269263851689,0.055952909680744456,0.0,0.0,0.0,0.0,70,0.0008060692343860865,0.00011057327355956659,0.0008060694090090692,0.00015611006529070437,0.0,-20.039578527212143,0.0,0.0,0.0,0.0,0.0,0.0,-4.501073999563232e-05,2.1400846890173852e-05,-4.0921651816461235e-05,0.9999999403953552,-0.0002501920680515468,0.0003309466119389981,0.003132056212052703,0.02458510920405388,0.0002898183010984212,0.015190331265330315,-0.48030194640159607,0.5598966479301453,0.4862419068813324,-2.0129854679107666,-0.41381439566612244,2.4766647815704346,1.058854579925537,-0.00012926693307235837,0.00030662259086966515,0.00011654082481982186,0.0005742845823988318,-0.0002202923351433128,-0.00043214470497332513,-7.022012869128957e-05,0.6004934310913086,3.044985351152718e-05,0.08735276758670807,-4.549391087493859e-05,0.9999999403953552,4.2525618482613936e-05,-1.150324987975182e-05,4.4783683961213683e-07,-5.882784535060637e-06,0.03239233046770096,9.897902600641828e-06,2.484618562448304e-06,0.9999998807907104,-4.571866156766191e-06,-0.0006697967182844877,-0.00014283583732321858,0.00042510931962169707,0.000104274477052968,3.4406199119985104e-05,-1.3019045582041144e-05,-0.0006698186625726521,0.00014281761832535267,-0.00042508114711381495,8.365388202946633e-05,-0.00013116153422743082,1.3001194929529447e-05,1.0728836059570312e-06,-2.0460356608964503e-06,0.02499999850988388,0.00402526231482625,0.004038593266159296,5.231569957686588e-06,7.409922545775771e-06,0.0,1320,0.21666666666666667
11.224999999836655,stop,11.22500058542937,20.03592774271965,20.039455592632294,0.49310922622680664,0.03907104110112414,0.0,0.004481577434489736,0.03956468118525214,0.0,0.0,0.0,0.0,70,0.0007265215972438455,0.00010539651702856645,0.0007265217136591673,0.00012206962128402665,0.0,-20.039455592632294,0.0,0.0,0.0,0.0,0.0,0.0,-4.405340223456733e-05,2.1640238628606312e-05,-4.070425347890705e-05,1.0,-0.00020732323173433542,0.0003426771145313978,0.0031421538442373276,0.025485070422291756,-0.0027157727163285017,0.013446609489619732,-0.48030203580856323,0.5598966479301453,0.48624199628829956,-2.0129854679107666,-0.4138143062591553,2.4766647815704346,1.058854579925537,-0.00013852851407136768,0.0003000085416715592,0.00012367963790893555,0.0005458394880406559,-0.0002365603286307305,-0.0004114121838938445,-5.549833076656796e-05,0.6004934310913086,3.058136280742474e-05,0.08735281229019165,-4.552834798232652e-05,0.9999999403953552,4.264855306246318e-05,-1.150666594185168e-05,4.480290272113052e-07,-5.540136953641195e-06,0.03239225223660469,1.0133851901628077e-05,1.4043300780031132e-06,0.9999999403953552,-4.8236788643407635e-06,-0.0005973013467155397,-0.00021334216580726206,0.0003543302009347826,0.00010328056669095531,1.021635762299411e-05,-1.836235969676636e-05,-0.0005973277147859335,0.00021332358301151544,-0.00035429716808721423,7.247106987051666e-05,-9.650009451434016e-05,1.8348515368415974e-05,1.0728836059570312e-06,-2.0351653802208602e-06,0.02500000223517418,0.004025258589535952,0.00403860816732049,5.245789452601457e-06,7.431284757331014e-06,0.0,1320,0.225
11.233333333169867,stop,11.233333919197321,20.03592774271965,20.0394444167614,0.49310922622680664,0.039212896808749065,0.0,0.004522645667748293,0.03956468118525214,0.0,0.0,0.0,0.0,70,0.0007141276728361845,0.00010681600542739034,0.0007141276728361845,0.00013526684779208153,0.0,-20.0394444167614,0.0,0.0,0.0,0.0,0.0,0.0,-4.4225220335647464e-05,2.0504057829384692e-05,-4.09922722610645e-05,1.0,-0.000209363381145522,0.0003516215947456658,0.003140354063361883,0.025865914300084114,-0.002950554946437478,0.013183127157390118,-0.4803021252155304,0.5598966479301453,0.4862420856952667,-2.0129854679107666,-0.4138142168521881,2.4766647815704346,1.058854579925537,-0.00014707726950291544,0.0002936763339675963,0.0001297279231948778,0.0005191438249312341,-0.000252643134444952,-0.0003879963478539139,-3.82011457986664e-05,0.6004934310913086,3.058136280742474e-05,0.08735281229019165,-4.552834798232652e-05,0.9999999403953552,4.264855306246318e-05,-1.150666594185168e-05,4.4804085064242827e-07,-5.681993570760824e-06,0.032392241060733795,8.997654731501825e-06,1.5761967233629548e-06,0.9999999403953552,-4.53571510661277e-06,-0.0006059763836674392,-0.00018217753677163273,0.00033103208988904953,0.00010429784742882475,2.2965257812757045e-05,2.053027628790005e-06,-0.0006059995503164828,0.0001821560726966709,-0.0003310016472823918,7.799113518558443e-05,-0.0001104998736991547,-2.0684030914708273e-06,1.0132789611816406e-06,-2.0495681383181363e-06,0.02499999850988388,0.004025254864245653,0.004038575105369091,5.257263183011673e-06,7.4455165304243565e-06,0.0,1320,0.23333333333333334
11.241666666503079,stop,11.241667252965271,20.03592774271965,20.039474219083786,0.49299001693725586,0.03932525578420609,0.0,0.004438807536644163,0.03956468118525214,0.0,0.0,0.0,0.0,69,0.0006726525607518852,9.369565668748692e-05,0.0006726527353748679,0.00013193051563575864,0.0,-20.039474219083786,0.0,0.0,0.0,0.0,0.0,0.0,-4.419541801325977e-05,2.1913370801485144e-05,-4.1615563532104716e-05,1.0,-0.00019403714395593852,0.00027333080652169883,0.003092988394200802,0.020232319831848145,-0.0037215868942439556,0.012368547730147839,-0.48030221462249756,0.5598966479301453,0.4862421751022339,-2.0129854679107666,-0.4138142168521881,2.4766647815704346,1.058854579925537,-0.00015615210577379912,0.00028766991454176605,0.00013734733511228114,0.0004938665078952909,-0.00026500612148083746,-0.0003668634744826704,-2.559040513006039e-05,0.6004934310913086,3.058136280742474e-05,0.08735281229019165,-4.552834798232652e-05,0.9999999403953552,4.264855306246318e-05,-1.150666594185168e-05,3.288418497504608e-07,-5.794360731670167e-06,0.03239227086305618,1.0406946785224136e-05,1.5463399449799908e-06,0.9999999403953552,-3.912362899427535e-06,-0.0005415182677097619,-2.392500391579233e-05,0.0003983051865361631,9.084972407435998e-05,1.9958133634645492e-05,-1.1263968190178275e-05,-0.0005415295017883182,2.391509224253241e-05,-0.000398290780140087,8.740438352106139e-05,-9.818132821237668e-05,1.1249874660279602e-05,1.0728836059570312e-06,-2.080731064779684e-06,0.02499999850988388,0.004025251138955355,0.0040386575274169445,5.146772764419438e-06,7.289316272363067e-06,0.0,1320,0.24166666666666667
11.249999999836291,stop,11.250000586733222,20.03592774271965,20.03948912024498,0.49293041229248047,0.03938195004593581,0.0,0.004568237272906117,0.03956468118525214,0.0,0.0,0.0,0.0,68,0.0005772082949988544,8.742463251110166e-05,0.0005772083532065153,0.0001161998079624027,0.0,-20.03948912024498,0.0,0.0,0.0,0.0,0.0,0.0,-4.533157334662974e-05,2.1675286916433834e-05,-4.182441989541985e-05,1.0,-0.00017162134463433176,0.0002359445352340117,0.0030995365232229233,0.017577538266777992,-0.005395700689405203,0.011812025681138039,-0.4803023040294647,0.5598966479301453,0.48624226450920105,-2.0129854679107666,-0.4138142168521881,2.4766647815704346,1.058854579925537,-0.00016417886945419014,0.0002817798813339323,0.00014339620247483253,0.00047031466965563595,-0.0002788360870908946,-0.00034891272662207484,-1.1975056622759439e-05,0.6004933714866638,3.038934664800763e-05,0.08735266327857971,-4.5554526877822354e-05,0.9999999403953552,4.2472067434573546e-05,-1.1527618880791124e-05,3.302146751593682e-07,-6.0413876781240106e-06,0.03239213675260544,1.014794543152675e-05,2.8589952307811473e-06,0.9999999403953552,-3.7297145354386885e-06,-0.0005076163215562701,-5.695650907000527e-05,0.0002687954402063042,8.612222882220522e-05,1.2485009392548818e-05,-8.375693141715601e-06,-0.0005076273810118437,5.693790808436461e-05,-0.0002687786763999611,7.790321251377463e-05,-8.581110159866512e-05,8.362999324162956e-06,1.0728836059570312e-06,-2.091172063956037e-06,0.02499999850988388,0.0040252478793263435,0.004038715269416571,5.0934454520756844e-06,7.215625373646617e-06,0.0,1320,0.25
11.258333333169503,retreat,11.258333920501173,20.035754084636903,20.039645582437515,0.49293041229248047,0.039241167542058975,0.0,0.004192751021037111,0.03956468118525214,0.0,0.0,0.0,0.0,70,0.0005183193134143949,9.611524001229554e-05,0.0005183193134143949,0.00012875586980953813,0.0,-20.039645582437515,0.0,0.0,0.0,0.0,0.0,0.0,-4.409901885082945e-05,2.0561636119964533e-05,-4.149808955844492e-05,0.9999999403953552,-0.0001730361836962402,0.00017652208043728024,0.003118491033092141,0.013213898055255413,-0.0057063028216362,0.012909330427646637,-0.4803023934364319,0.5598966479301453,0.4862423539161682,-2.0129854679107666,-0.4138142168521881,2.4766647815704346,1.058854579925537,-0.0001721570733934641,0.0002761654322966933,0.0001500603830209002,0.0004483263473957777,-0.00029121668194420636,-0.00032946362625807524,-4.1752491597435437e-07,0.6004934906959534,3.0648290703538805e-05,0.08735290169715881,-4.570585224428214e-05,1.0,4.258237095200457e-05,-1.1444699339335784e-05,2.0560980829031905e-07,-5.631833118968643e-06,0.03239254653453827,9.117182344198227e-06,1.5161855344558717e-06,0.9999999403953552,-4.2073884287674446e-06,-0.0004842779890168458,-3.557328454917297e-05,0.00018128508236259222,9.188713738694787e-05,2.4037632101681083e-05,-1.4733799616806209e-05,-0.00048428517766296864,3.554861541488208e-05,-0.00018127074872609228,8.67574563017115e-05,-9.399214468430728e-05,1.4720487342856359e-05,1.0132789611816406e-06,-2.074859366985038e-06,0.02499999850988388,0.00402524508535862,0.0040388102643191814,5.0095177357434295e-06,7.099559297785163e-06,0.0,1320,0.2583333333333333
11.266666666502715,retreat,11.266667254269123,20.03523375416284,20.039429515600204,0.4928708076477051,0.03951791222789325,0.0,0.004294523932912853,0.0,0.0,0.0,0.0,0.0,69,0.0004989295266568661,8.29297277959995e-05,0.0004989295266568661,0.00010295120591763407,0.0,-20.039429515600204,0.0,0.0,0.0,0.0,0.0,0.0,-4.630289549822919e-05,2.1044766981503926e-05,-4.147923391428776e-05,1.0,-0.00015337351942434907,0.00016440798935946077,0.003109699347987771,0.012361343950033188,-0.007024860475212336,0.011817163787782192,-0.48030248284339905,0.5598966479301453,0.4862424433231354,-2.0129854679107666,-0.4138144254684448,2.4766647815704346,1.058854579925537,-0.00017951632617041469,0.0002699034521356225,0.0001553375623188913,0.0004280358552932739,-0.000304964545648545,-0.0003160116611979902,1.3476013009494636e-05,0.6004934906959534,3.0648290703538805e-05,0.08735290169715881,-4.570585224428214e-05,1.0,4.258237095200457e-05,-1.1444699339335784e-05,1.4602380815631477e-07,-5.908603270654567e-06,0.03239233046770096,9.60041506914422e-06,3.720038876053877e-06,1.0,-4.226247710903408e-06,-0.00044480859651230276,-5.4845178965479136e-05,0.00021924410248175263,8.26455870992504e-05,6.529184247483499e-06,-2.101492782458081e-06,-0.00044481828808784485,5.482733831740916e-05,-0.00021922891028225422,7.47298399801366e-05,-7.078157796058804e-05,2.0906750251015183e-06,1.0728836059570312e-06,-2.073913492495194e-06,0.02499999850988388,0.0040252432227134705,0.004038844723254442,4.99217912874883e-06,7.074006134644151e-06,0.0,1320,0.26666666666666666
11.274999999835927,retreat,11.275000588037074,20.03436771695871,20.0394369661808,0.4928112030029297,0.03957008811994456,0.0,0.0042164006117673125,0.03956468118525214,0.0,0.0,0.0,0.0,69,0.00042257396853528917,9.946063801180571e-05,0.00042257396853528917,0.00011856506171170622,0.0,-20.0394369661808,0.0,0.0,0.0,0.0,0.0,0.0,-4.521935625234619e-05,2.1385027139331214e-05,-4.177013397566043e-05,1.0,-0.00015214901941362768,0.00015741141396574676,0.0031018375884741545,0.011951051652431488,-0.007233528885990381,0.011496385559439659,-0.4803025722503662,0.5598966479301453,0.48624253273010254,-2.0129854679107666,-0.41381463408470154,2.4766647815704346,1.058854579925537,-0.0001873218861874193,0.00026336003793403506,0.0001614282955415547,0.0004092913877684623,-0.00031687907176092267,-0.0003006994375027716,2.417407631583046e-05,0.6004935503005981,3.064727570745163e-05,0.08735287189483643,-4.556779458653182e-05,1.0,4.275646642781794e-05,-1.1373731467756443e-05,2.2223900941753527e-08,-5.970750862616114e-06,0.03239230811595917,1.0011569429480005e-05,2.4623907393106492e-06,0.9999999403953552,-3.7972579320921795e-06,-0.00039652123814448714,-7.57937814341858e-05,0.0001248798071173951,9.55325085669756e-05,2.4929244318627752e-05,-1.202044131787261e-05,-0.0003965305513702333,7.577125506941229e-05,-0.00012486387277022004,8.459114178549498e-05,-8.220587187679484e-05,1.200865790451644e-05,1.0728836059570312e-06,-2.0884581317659467e-06,0.02499999850988388,0.004025244154036045,0.004038905259221792,4.981061465514358e-06,7.0604728534817696e-06,0.0,1320,0.275
11.28333333316914,retreat,11.283333921805024,20.03315693868577,20.03946304321289,0.4928708076477051,0.03959368041250855,0.0,0.004461378466658061,0.03956468118525214,0.0,0.0,0.0,0.0,70,0.0003065640339627862,0.00010030927660409361,0.00030656406306661665,0.0001078885470633395,0.0,-20.03946304321289,0.0,0.0,0.0,0.0,0.0,0.0,-4.9748145102057606e-05,2.0899877199553885e-05,-4.144395643379539e-05,0.9999999403953552,-0.00011454427294665948,0.00015484116738662124,0.0030992520041763783,0.012227078899741173,-0.009594008326530457,0.008973827585577965,-0.4803026616573334,0.5598966479301453,0.4862426221370697,-2.0129854679107666,-0.4138152301311493,2.4766647815704346,1.058854579925537,-0.00019613068434409797,0.00025604726397432387,0.00016915742889977992,0.0003920388699043542,-0.0003265597333665937,-0.00028937042225152254,3.499134618323296e-05,0.6004934906959534,3.0433602660195902e-05,0.08735272288322449,-4.543540853774175e-05,0.9999999403953552,4.2775325709953904e-05,-1.13801734187291e-05,1.418685542375897e-07,-6.216590008989442e-06,0.032392170280218124,9.520198545942549e-06,6.972345090616727e-06,0.9999999403953552,-3.991123776359018e-06,-0.0002917778620030731,-8.889445598470047e-05,3.074038977501914e-05,9.705618140287697e-05,2.5255523723899387e-05,2.0509646674327087e-06,-0.00029178615659475327,8.887229341780767e-05,-3.0725670512765646e-05,8.422011160291731e-05,-6.739929085597396e-05,-2.060832684946945e-06,1.0728836059570312e-06,-2.0721454347949475e-06,0.02500000223517418,0.004025245551019907,0.004038981627672911,4.976166565029416e-06,7.049558917060494e-06,0.0,1320,0.2833333333333333
11.291666666502351,retreat,11.291667255572975,20.031602385005286,20.039600878953934,0.4928112030029297,0.039429014577763155,0.0,0.004327826445660321,0.03956468118525214,0.0,0.0,0.0,0.0,69,0.00036980528966523707,0.00011619393626460806,0.0003698052605614066,0.00012498725845944136,0.0,-20.039600878953934,0.0,0.0,0.0,0.0,0.0,0.0,-4.920987339573912e-05,2.1991978428559378e-05,-4.1969869926106185e-05,1.0,-0.00014865856792312115,0.00015617965254932642,0.0031016531866043806,0.012147407047450542,-0.007787281181663275,0.010380502790212631,-0.48030275106430054,0.5598966479301453,0.48624271154403687,-2.0129854679107666,-0.4138183891773224,2.4766647815704346,1.058854579925537,-0.0002059551334241405,0.0002482566924300045,0.0001788436493370682,0.00037718925159424543,-0.0003356651868671179,-0.0002761260257102549,4.3930005631409585e-05,0.6004935503005981,3.0245017114793882e-05,0.08735274523496628,-4.44762954430189e-05,0.9999999403953552,4.412807174958289e-05,-1.1122922842332628e-05,6.022673915140331e-09,-6.302643669187091e-06,0.03239233046770096,1.0869395737245213e-05,5.081290964881191e-06,0.9999999403953552,-2.506003966118442e-06,-0.000323344545904547,-0.00012577156303450465,-0.00012800688273273408,0.00010945109534077346,3.838663542410359e-05,-6.924939043528866e-06,-0.0003233528113923967,0.00012573160347528756,0.0001280252035940066,9.128858073381707e-05,-8.509062172379345e-05,6.913300694577629e-06,1.0728836059570312e-06,-2.0984407456126064e-06,0.02499999850988388,0.0040252478793263435,0.004039007704705,4.975522642780561e-06,7.052818546071649e-06,0.0,1320,0.2916666666666667
11.299999999835563,retreat,11.300000589340925,20.029705021578508,20.03956362605095,0.49293041229248047,0.03918369839084335,0.0,0.004180810719844885,0.0,0.0,0.0,0.0,0.0,71,0.00032305653439834714,0.00013409274106379598,0.00032305653439834714,0.00011950984480790794,0.0,-20.03956362605095,0.0,0.0,0.0,0.0,0.0,0.0,-4.923967571812682e-05,2.1845029550604522e-05,-4.0513481508241966e-05,1.0,-0.00010202640987699851,0.00016061442147474736,0.0031014143023639917,0.01251943688839674,-0.0106340441852808,0.008142749778926373,-0.4803028404712677,0.5598966479301453,0.48624280095100403,-2.0129854679107666,-0.4138226807117462,2.4766647815704346,1.058854579925537,-0.00021819971152581275,0.00023932254407554865,0.00019235961372032762,0.0003636826586443931,-0.000339548074407503,-0.00027213915018364787,5.872064139111899e-05,0.6004937291145325,3.020880467374809e-05,0.08735281229019165,-4.334695404395461e-05,1.0,4.585830174619332e-05,-1.0678467333491426e-05,-8.236412440965069e-08,-6.166712410049513e-06,0.03239237517118454,1.1166837794007733e-05,3.3808601074269973e-06,1.0,-2.8329955057415646e-06,-0.00017994813970290124,-0.00016874093853402883,-0.00020859214419033378,0.00012225531099829823,1.908498234115541e-05,5.1674633141374215e-05,-0.00017995915550272912,0.000168706348631531,0.00020861061057075858,9.78801617748104e-05,-4.506745608523488e-05,-5.168173083802685e-05,1.0728836059570312e-06,-2.0256193238310516e-06,0.02499999850988388,0.004025250673294067,0.00403904914855957,4.978790457244031e-06,7.056049071252346e-06,0.0,1320,0.3
11.308333333168775,retreat,11.308333923108876,20.027465814066694,20.039474219083786,0.49299001693725586,0.03909250517608598,0.0,0.0043810991883219685,0.0,0.0,0.0,0.0,0.0,71,0.0004383422201499343,0.0001411749399267137,0.00043834224925376475,0.00012709319707937539,0.0,-20.039474219083786,0.0,0.0,0.0,0.0,0.0,0.0,-4.8843419790500775e-05,2.118498014169745e-05,-3.931612445740029e-05,1.0,-9.481813322054222e-05,0.00016117343329824507,0.003104486269876361,0.012267510406672955,-0.011135370470583439,0.007774248253554106,-0.48030292987823486,0.5598966479301453,0.4862428903579712,-2.0129854679107666,-0.4138272702693939,2.4766647815704346,1.058854579925537,-0.00023176963441073895,0.00022917482419870794,0.00020790549751836807,0.00035195722011849284,-0.0003414138045627624,-0.000269393902271986,7.223924330901355e-05,0.6004937291145325,2.997663978021592e-05,0.0873527005314827,-4.202529089525342e-05,1.0,4.756518319481984e-05,-1.035602963384008e-05,-4.3609418298729e-08,-6.393318471964449e-06,0.03239217400550842,1.0829126949829515e-05,1.2777525171259185e-06,1.0,-2.708669398998609e-06,-0.0001930492726387456,-0.00016632844926789403,-0.000356666132574901,0.00012970712850801647,1.9736316971830092e-05,5.21239016961772e-05,-0.00019305769819766283,0.0001662801078055054,0.00035668411874212325,0.0001056799665093422,-4.761038871947676e-05,-5.2131326810922474e-05,1.0728836059570312e-06,-1.9657527445815504e-06,0.02499999850988388,0.0040252539329230785,0.004039064981043339,4.976036052539712e-06,7.051567081362009e-06,0.0,1320,0.30833333333333335
11.316666666501987,retreat,11.316667256876826,20.024885728131107,20.03954127430916,0.49304962158203125,0.038779446185799316,0.0,0.004365444965515053,0.0,0.0,0.0,0.0,0.0,70,0.0005891910986974835,0.00015162304043769836,0.0005891911569051445,0.00013113647582940757,0.0,-20.03954127430916,0.0,0.0,0.0,0.0,0.0,0.0,-5.308817344484851e-05,2.0053965272381902e-05,-3.765554720303044e-05,1.0,-0.00011426817945903167,0.00016596930800005794,0.003109572920948267,0.012519191950559616,-0.010095491074025631,0.008524474687874317,-0.480303019285202,0.5598966479301453,0.48624300956726074,-2.0129854679107666,-0.41383177042007446,2.4766647815704346,1.058854579925537,-0.0002473646600265056,0.00021785848366562277,0.00022668267774861306,0.0003425311006139964,-0.00034100483753718436,-0.0002686543739400804,8.323258225573227e-05,0.6004937291145325,2.9712657124036923e-05,0.08735281229019165,-4.069723581778817e-05,1.0,4.947981142322533e-05,-9.979389687941875e-06,-8.372467164008413e-09,-6.430263056245167e-06,0.03239235281944275,1.0074870260723401e-05,3.607925918913679e-06,1.0,-3.041222043975722e-06,-0.0001629486941965297,-0.0002044295979430899,-0.0005280174664221704,0.000141646945849061,2.438350384181831e-05,4.828179589821957e-05,-0.00016295837122015655,0.0002043705026153475,0.0005280373734422028,0.00011211473611183465,-4.79086120321881e-05,-4.828897726838477e-05,1.0132789611816406e-06,-1.8827231542672962e-06,0.02499999850988388,0.004025256261229515,0.004039062652736902,4.978023298463086e-06,7.050286512821913e-06,0.0,1320,0.31666666666666665
11.3249999998352,retreat,11.325000590644777,20.021965729432996,20.03936991095543,0.49310922622680664,0.03848102278425358,0.0,0.004385286501928931,0.03956468118525214,0.0,0.0,0.0,0.0,74,0.0007250848575495183,0.00015901349252089858,0.0007250848575495183,0.00013257857062853873,0.0,-20.03936991095543,0.0,0.0,0.0,0.0,0.0,0.0,-5.121212234371342e-05,1.9113682355964556e-05,-3.6638128221966326e-05,1.0,-0.00012499549484346062,0.00016794133989606053,0.0031156535260379314,0.012651795521378517,-0.009501130320131779,0.008987522684037685,-0.4803031086921692,0.5598966479301453,0.48624318838119507,-2.0129854679107666,-0.4138356149196625,2.4766647815704346,1.058854579925537,-0.00026521668769419193,0.00020510097965598106,0.00024909822968766093,0.00033518808777444065,-0.00033792643807828426,-0.0002734496083576232,9.442309965379536e-05,0.600493848323822,2.93433949991595e-05,0.0873529240489006,-3.952913903049193e-05,0.9999999403953552,5.091776620247401e-05,-9.539652637613472e-06,-9.643321163821383e-08,-6.576787200174294e-06,0.03239228576421738,9.574195246386807e-06,2.939492276254896e-07,0.9999999403953552,-2.8905290037073428e-06,-0.00010145923442905769,-0.00022334525419864804,-0.0006823276053182781,0.0001466078101657331,1.697181141935289e-05,5.918950409977697e-05,-0.00010146896238438785,0.00022328097838908434,0.0006823472213000059,0.0001143402187153697,-3.1612697057425976e-05,-5.9194826462771744e-05,9.5367431640625e-07,-1.8318569345865399e-06,0.02499999850988388,0.004025259055197239,0.004039094317704439,4.975890078640077e-06,7.047987310215831e-06,0.0,1320,0.325
11.333333333168412,retreat,11.333333924412727,20.018706783633622,20.039183646440506,0.4932284355163574,0.03809951522271149,0.0,0.004443857960723108,0.0,0.0,0.0,0.0,0.0,73,0.0008671762770973146,0.0001473123993491754,0.0008671760442666709,0.00011278287274762988,0.0,-20.039183646440506,0.0,0.0,0.0,0.0,0.0,0.0,-5.648081059916876e-05,1.992628676816821e-05,-3.559761171345599e-05,1.0,-9.01203602552414e-05,0.00017269632371608168,0.0031188593711704016,0.013019529171288013,-0.011465493589639664,0.0077154613099992275,-0.48030319809913635,0.5598966479301453,0.4862433671951294,-2.0129854679107666,-0.4138384163379669,2.4766647815704346,1.058854579925537,-0.00028546000248752534,0.00019039754988625646,0.0002753239241428673,0.00032950835884548724,-0.0003342005074955523,-0.000285142392385751,0.00010134861076949164,0.6004939079284668,2.9164031730033457e-05,0.08735285699367523,-3.875485708704218e-05,0.9999999403953552,5.2029477956239134e-05,-9.34569561650278e-06,-4.9399659474147484e-08,-6.424820639949758e-06,0.03239203244447708,1.0580925845715683e-05,4.450893356988672e-06,1.0,-3.156738102916279e-06,1.947527016454842e-05,-0.00024762057000771165,-0.0008308426477015018,0.00014239804295357317,1.4153662959870417e-05,3.497731449897401e-05,1.946503653016407e-05,0.00024755808408372104,0.0008308612741529942,0.00010662122804205865,-1.1326479580020532e-05,-3.4980021155206487e-05,1.0132789611816406e-06,-1.779822923708707e-06,0.02499999850988388,0.004025263246148825,0.004039162769913673,4.977234311809298e-06,7.048714905977249e-06,0.0,1320,0.3333333333333333
11.341666666501624,retreat,11.341667258180678,20.015109856394243,20.03915011882782,0.4934072494506836,0.03790265691350214,0.0,0.004348803940956714,0.03956468118525214,0.0,0.0,0.0,0.0,74,0.0010826457291841507,0.00013970585132483393,0.0010826451471075416,0.00010571624443400651,0.0,-20.03915011882782,0.0,0.0,0.0,0.0,0.0,0.0,-5.662283001584001e-05,1.955134212039411e-05,-3.464821929810569e-05,0.9999999403953552,-9.728049190016463e-05,0.00017590192146599293,0.0031275490764528513,0.013118469156324863,-0.01095980778336525,0.008228913880884647,-0.4803033769130707,0.5598966479301453,0.4862436354160309,-2.0129854679107666,-0.41384023427963257,2.4766647815704346,1.058854579925537,-0.0003077192814089358,0.00017379537166561931,0.00030443258583545685,0.0003263296966906637,-0.00033321327646262944,-0.00029798204195685685,0.0001096382547984831,0.6004939675331116,2.9320701287360862e-05,0.08735301345586777,-3.828640910796821e-05,0.9999999403953552,5.292750574881211e-05,-9.127573321165983e-06,5.565902938542422e-08,-6.101620783738326e-06,0.03239215537905693,1.042409803631017e-05,3.6948947581549874e-06,0.9999999403953552,-3.6376718526298646e-06,4.4819658796768636e-05,-0.00023938440426718444,-0.0010548972059041262,0.00013285722525324672,3.0068509659031406e-05,3.1025276257423684e-05,4.4813579734181985e-05,0.00023930832685437053,0.001054914086125791,9.827050962485373e-05,-2.3580854758620262e-05,-3.102861228398979e-05,9.5367431640625e-07,-1.7323545762337744e-06,0.02500000223517418,0.004025268834084272,0.0040392158553004265,4.9760892579797655e-06,7.049355190247297e-06,0.0,1320,0.3416666666666667
11.349999999834836,retreat,11.350000591948628,20.011175913376114,20.038900524377823,0.493466854095459,0.038084421248640865,0.0,0.004279441327526001,0.03956468118525214,0.0,0.0,0.0,0.0,74,0.0012587421806529164,0.00011295669537503272,0.001258741831406951,8.63306995597668e-05,0.0,-20.038900524377823,0.0,0.0,0.0,0.0,0.0,0.0,-6.0739548644050956e-05,1.8045717297354713e-05,-3.475547055131756e-05,1.0,-0.00012198067270219326,0.00017735363508109003,0.0031401889864355326,0.013373074121773243,-0.009451611898839474,0.009326636791229248,-0.48030418157577515,0.5598966479301453,0.4862450659275055,-2.0129854679107666,-0.41384273767471313,2.4766647815704346,1.058854579925537,-0.000331757590174675,0.000154958208440803,0.0003357494715601206,0.00032573234057053924,-0.00033393982448615134,-0.00031749106710776687,0.00011742256174329668,0.6004941463470459,2.9415619792416692e-05,0.08735324442386627,-3.785126318689436e-05,0.9999999403953552,5.405015326687135e-05,-8.703017556399573e-06,-9.102780040848302e-08,-6.2166709540179e-06,0.03239213675260544,9.343120837002061e-06,6.689015208394267e-06,0.9999999403953552,-3.0953442546888255e-06,5.8784567954717204e-05,-0.0001832938869483769,-0.0012439371785148978,0.00010900223423959687,1.7993817891692743e-05,2.3536147637059912e-05,5.878640877199359e-05,0.00018320603703614324,0.0012439496349543333,8.251591498265043e-05,-9.491040145803709e-06,-2.3537913875770755e-05,8.940696716308594e-07,-1.7377169569954276e-06,0.02499999850988388,0.004025275819003582,0.004039239604026079,4.974225703335833e-06,7.046415703371167e-06,0.0,1320,0.35
11.358333333168048,retreat,11.358333925716579,20.00690592024049,20.038550347089767,0.49358606338500977,0.038140362448757514,0.0,0.003909586212103022,0.0,0.0,0.0,0.0,0.0,75,0.0014306389493867755,0.00010218004899797961,0.0014306388329714537,8.433226321358234e-05,0.0,-20.038550347089767,0.0,0.0,0.0,0.0,0.0,0.0,-6.0732556448783726e-05,1.9284954760223627e-05,-3.3645901567069814e-05,1.0,-8.070404874160886e-05,0.00017903267871588469,0.0031523369252681732,0.013142471201717854,-0.011717025190591812,0.007702215109020472,-0.4803099036216736,0.5598966479301453,0.48625078797340393,-2.0129854679107666,-0.41384562849998474,2.4766647815704346,1.058854579925537,-0.0003583083744160831,0.00013344010221771896,0.00037034956039860845,0.000326857203617692,-0.0003345904697198421,-0.0003466801135800779,0.0001268634805455804,0.6004945039749146,2.9435617761919275e-05,0.08735395967960358,-3.834087328868918e-05,1.0,5.471022814163007e-05,-7.891484528954607e-06,-3.820031224677223e-07,-6.220901013875846e-06,0.032392509281635284,1.1393951353966258e-05,6.021856734150788e-06,1.0,-4.694397830462549e-06,0.00020036258501932025,-0.000151444852235727,-0.0014084200374782085,9.603941725799814e-05,7.6273017839412205e-06,3.4044336644001305e-05,0.0002003682602662593,0.00015135877765715122,0.00140842841938138,7.414953142870218e-05,2.1327941794879735e-05,-3.4042572224279866e-05,9.5367431640625e-07,-1.682237780187279e-06,0.02499999850988388,0.004025280941277742,0.004039273131638765,4.971710040990729e-06,7.046997779980302e-06,0.0,1320,0.35833333333333334
11.36666666650126,retreat,11.36666725948453,20.002300842648637,20.037700980901718,0.4940032958984375,0.03816375829046592,0.0,0.00396326413465431,0.0,0.0,0.0,0.0,0.0,75,0.0015948674408718944,8.406560664298013e-05,0.0015948674408718944,7.736543921055272e-05,0.0,-20.037700980901718,0.0,0.0,0.0,0.0,0.0,0.0,-6.090437818784267e-05,1.861349846876692e-05,-3.350681436131708e-05,1.0,-1.6963344933174085e-06,0.00018064380856230855,0.0031658844090998173,0.013233247213065624,-0.016161086037755013,0.0045638857409358025,-0.480315625667572,0.5598966479301453,0.48625651001930237,-2.0129854679107666,-0.4138484001159668,2.4766647815704346,1.058854579925537,-0.0003862493031192571,0.00010913065489148721,0.00040714271017350256,0.0003290317836217582,-0.00033472556970082223,-0.00038302241591736674,0.00013270873751025647,0.6004948616027832,2.9263992473715916e-05,0.087354876101017,-3.876181290252134e-05,1.0,5.538647747016512e-05,-6.867721822345629e-06,-3.8869185914336413e-07,-6.388642759702634e-06,0.03239257633686066,1.1746279596991371e-05,5.51740367882303e-06,1.0,-5.25438372278586e-06,0.00028204263071529567,-0.00013394356938079,-0.0015640055062249303,8.302968490170315e-05,-1.2079277666998678e-06,1.3101092918077484e-05,0.00028204929549247026,0.00013385356578510255,0.0015640119090676308,6.366490561049432e-05,4.196025838609785e-05,-1.3096861948724836e-05,9.5367431640625e-07,-1.6752856026869267e-06,0.02499999850988388,0.004025286063551903,0.004039265215396881,4.971220732841175e-06,7.039227057248354e-06,0.0,1320,0.36666666666666664
11.374999999834472,retreat,11.37500059325248,19.997361646261805,20.03663182258606,0.4944801330566406,0.03807280882028863,0.0,0.003890329026035033,0.0,0.0,0.0,0.0,0.0,76,0.0017677930882200599,9.173582657240331e-05,0.0017677928553894162,7.623517012689263e-05,0.0,-20.03663182258606,0.0,0.0,0.0,0.0,0.0,0.0,-6.095699063735083e-05,1.7972879504668526e-05,-3.417372136027552e-05,0.9999999403953552,-9.972689440473914e-06,0.0001814015267882496,0.0031818686984479427,0.013153968378901482,-0.01556919701397419,0.005075995810329914,-0.48032134771347046,0.5598966479301453,0.48626232147216797,-2.0129854679107666,-0.41385042667388916,2.4766647815704346,1.058854579925537,-0.0004155056376475841,8.270906255347654e-05,0.0004463060759007931,0.0003326537262182683,-0.000333576463162899,-0.0004200880939606577,0.00013916865282226354,0.6004952788352966,2.9457409254973754e-05,0.08735571056604385,-3.960148023907095e-05,1.0,5.5883912864374e-05,-6.015302915329812e-06,-3.8434131965914275e-07,-6.049896001059096e-06,0.032392341643571854,1.1958079994656146e-05,5.072570729680592e-06,1.0,-5.427125415735645e-06,0.0001681752037256956,-0.00015874835662543774,-0.0017526004230603576,8.904335118131712e-05,-7.5272687354299705e-06,2.0738450984936208e-05,0.00016817856521811336,0.00015862836153246462,0.001752610900439322,6.609562842641026e-05,3.1830841180635616e-05,-2.073565156024415e-05,8.940696716308594e-07,-1.7086313164327294e-06,0.02500000223517418,0.004025291185826063,0.004039333201944828,4.967096174368635e-06,7.038877811282873e-06,0.0,1320,0.375
11.383333333167684,retreat,11.38333392702043,19.99208929674125,20.035629719495773,0.49489736557006836,0.03828826083918102,0.0,0.004059164893988054,0.03956468118525214,0.0,0.0,0.0,0.0,75,0.0019433574052527547,7.086376717779785e-05,0.0019433574052527547,7.144214032450691e-05,0.0,-20.035629719495773,0.0,0.0,0.0,0.0,0.0,0.0,-6.532794213853776e-05,1.7213431419804692e-05,-3.44085055985488e-05,1.0,-1.83804368134588e-05,0.0001818358723539859,0.003201813669875264,0.013208572752773762,-0.014972730539739132,0.005368516780436039,-0.4803270697593689,0.5598966479301453,0.48626813292503357,-2.0129854679107666,-0.4138525724411011,2.4766647815704346,1.058854579925537,-0.000446303776698187,5.327562030288391e-05,0.0004874665173701942,0.0003377382818143815,-0.00033375542261637747,-0.00046483875485137105,0.00014448791625909507,0.6004956960678101,2.9356469894992188e-05,0.08735648542642593,-4.023623841931112e-05,0.9999999403953552,5.619769945042208e-05,-5.173513272893615e-06,-4.388409422517725e-07,-6.325182766886428e-06,0.03239210695028305,1.2040613910357933e-05,9.129723366640974e-06,0.9999999403953552,-5.8271034504286945e-06,0.0001756202691467479,-0.00011092128261225298,-0.001932224608026445,6.551903788931668e-05,-2.528408913349267e-05,9.468073585594539e-06,0.00017562780703883618,0.00011078553507104516,0.0019322317093610764,4.947699198964983e-05,5.066015728516504e-05,-9.463346941629425e-06,8.344650268554688e-07,-1.7203674360644072e-06,0.02499999850988388,0.004025296773761511,0.00403932761400938,4.966618689650204e-06,7.036374881863594e-06,0.0,1320,0.3833333333333333
11.391666666500896,retreat,11.391667260788381,19.986484759748233,20.034683495759964,0.4953742027282715,0.03828170883934945,0.0,0.004053033080708701,0.03956468118525214,0.0,0.0,0.0,0.0,78,0.0021403294522315264,7.059790368657559e-05,0.00214032968506217,7.75399457779713e-05,0.0,-20.034683495759964,0.0,0.0,0.0,0.0,0.0,0.0,-6.038891297066584e-05,1.6219961253227666e-05,-3.5390454286243767e-05,0.9999999403953552,1.2509760381362867e-05,0.00018180454208049923,0.003220213111490011,0.013262126594781876,-0.016609590500593185,0.004287923686206341,-0.48033279180526733,0.5598966479301453,0.48627394437789917,-2.0129854679107666,-0.41385331749916077,2.4766647815704346,1.058854579925537,-0.0004794638080056757,2.080618287436664e-05,0.0005322345532476902,0.00034343538573011756,-0.00033139027073048055,-0.0005142770241945982,0.0001478376070735976,0.6004959940910339,2.9719634767388925e-05,0.08735724538564682,-4.150707172811963e-05,1.0,5.6149092415580526e-05,-4.402868853503605e-06,-3.10001098569046e-07,-5.8731366152642295e-06,0.032391928136348724,1.1817613085440826e-05,4.239302597852657e-06,0.9999999403953552,-6.115972155384952e-06,0.00028411331004463136,-0.00013414910063147545,-0.002117142779752612,6.771920743631199e-05,-1.9421382603468373e-05,4.580695986078354e-06,0.000284116918919608,0.00013400525494944304,0.002117151627317071,4.8320380301447585e-05,6.0470316384453326e-05,-4.574390004563611e-06,8.344650268554688e-07,-1.7694728740025312e-06,0.02499999850988388,0.004025304224342108,0.00403938814997673,4.963340870745014e-06,7.029098924249411e-06,0.0,1320,0.39166666666666666
11.399999999834108,retreat,11.400000594556332,19.98054900094401,20.03370374441147,0.4957914352416992,0.03872425077133812,0.0,0.004168759005551692,0.055952909680744456,0.0,0.0,0.0,0.0,76,0.0023750814143568277,5.267982487566769e-05,0.002375081181526184,6.01951869612094e-05,0.0,-20.03370374441147,0.0,0.0,0.0,0.0,0.0,0.0,-6.409539491869509e-05,1.554900336486753e-05,-3.6462002753978595e-05,0.9999999403953552,-3.1084280635695904e-05,0.00018110622477252036,0.003244369989261031,0.013178706169128418,-0.013931235298514366,0.006002621725201607,-0.48033851385116577,0.5598966479301453,0.48627975583076477,-2.0129854679107666,-0.41385430097579956,2.4766647815704346,1.058854579925537,-0.0005138925625942647,-1.4644805560237728e-05,0.0005783694796264172,0.00035123139969073236,-0.0003316381189506501,-0.0005647614598274231,0.0001502909726696089,0.6004964113235474,2.9626435207319446e-05,0.08735831826925278,-4.237861867295578e-05,0.9999999403953552,5.6093904277076945e-05,-3.564333383110352e-06,-3.6426786209631246e-07,-6.352408490784001e-06,0.03239201381802559,1.1985334822384175e-05,8.00095858721761e-06,0.9999998807907104,-5.915974725212436e-06,0.00023083404812496156,-8.108265319606289e-05,-0.002362446393817663,5.063654316472821e-05,-1.1793291378126014e-05,-8.48663148644846e-06,0.00023084184795152396,8.090833580354229e-05,0.0023624515160918236,3.890309017151594e-05,4.514312240644358e-05,8.491672815580387e-06,7.748603820800781e-07,-1.8230493878945708e-06,0.02500000223517418,0.004025311209261417,0.004039418417960405,4.959573743690271e-06,7.0258392952382565e-06,0.0,1320,0.4
11.40833333316732,retreat,11.408333928324282,19.974282985989838,20.0324185192585,0.49632787704467773,0.0387291147490032,0.0,0.0042989940993720666,0.03956468118525214,0.0,0.0,0.0,0.0,77,0.011594298295676708,0.0005866631399840117,0.011594297364354134,0.001086556469090283,0.0,-20.0324185192585,0.0,0.0,0.0,0.0,0.0,0.0,-5.9985668485751376e-05,1.4596399523725267e-05,-3.78051663574297e-05,0.9999999403953552,9.993368621508125e-07,-0.006444902159273624,0.002874233527109027,0.494174063205719,-0.013522050343453884,0.005233324598520994,-0.4803442358970642,0.5598966479301453,0.48628559708595276,-2.0129854679107666,-0.4138546288013458,2.4766647815704346,1.058854579925537,-0.0005872894544154406,-3.715279308380559e-05,0.0007236234378069639,0.0003389937919564545,-0.00021163158817216754,-0.0005653428379446268,0.00010941902291961014,0.6004968881607056,2.970543209812604e-05,0.08735917508602142,-4.373066985863261e-05,1.0,5.5792210332583636e-05,-2.757692300292547e-06,-3.5694088751370145e-07,-6.190721251186915e-06,0.03239159286022186,1.1839215403597336e-05,4.192926553514553e-06,0.9999999403953552,-5.924852757743793e-06,0.0004321502347011119,0.011429347097873688,-0.0019002666231244802,-0.0005680409958586097,0.00014268326049204916,3.383136208867654e-05,0.00043343607103452086,-0.01142946444451809,0.0018992647528648376,0.0010830690152943134,-8.01305504865013e-05,-3.384548472240567e-05,7.152557373046875e-07,-1.890213752631098e-06,0.02499999850988388,0.00402531772851944,0.004038168117403984,-0.0002995696268044412,-0.0004244111478328705,0.0,1320,0.4083333333333333
11.416666666500532,retreat,11.416667262092233,19.967687680546977,20.03135308623314,0.49680471420288086,0.038718138966942206,0.0,0.004582047949952539,0.0,0.0,0.0,0.0,0.0,73,0.010797897353768349,0.0004433336143847555,0.010797897353768349,0.0015623270301148295,0.0,-20.03135308623314,0.0,0.0,0.0,0.0,0.0,0.0,-5.996985055389814e-05,1.3124536053510383e-05,-3.956974614993669e-05,1.0,-1.9536595573299564e-05,0.00015839841216802597,0.003294895403087139,0.013084055855870247,-0.014545622281730175,0.005326092708855867,-0.48034995794296265,0.5598966479301453,0.48629137873649597,-2.0129854679107666,-0.4138602316379547,2.4766647815704346,1.058854579925537,-0.0005784555687569082,-9.953634435078129e-05,0.0006587915122509003,0.0003846304607577622,-0.00044099989463575184,-0.000759264687076211,0.0002298679610248655,0.6004972457885742,2.9552178602898493e-05,0.08735989779233932,-4.347353387856856e-05,1.0,5.750368654844351e-05,-1.6722623286113958e-06,-3.0800697459199e-07,-6.349678187689278e-06,0.032391250133514404,1.1452609214757103e-05,2.4656631012476282e-06,1.0,-3.90313152820454e-06,-7.616189395776019e-05,-0.010295880027115345,-0.0032532517798244953,-1.395421895722393e-05,-0.0004375508869998157,-6.999435572652146e-05,-7.733508391538635e-05,0.010295587591826916,0.0032541474793106318,-0.0015013894299045205,0.00042636864236555994,7.003895007073879e-05,6.556510925292969e-07,-1.9784492906183004e-06,0.02499999850988388,0.0040253205224871635,0.004039443098008633,4.954894393449649e-06,7.018010364845395e-06,0.0,1320,0.4166666666666667
11.424999999833744,retreat,11.425000595860183,19.96076405027668,20.03035470843315,0.497281551361084,0.0385939420084469,0.0,0.004556586191029055,0.0,0.0,0.0,0.0,0.0,74,0.0034397838171571493,0.0006309156306087971,0.0034397838171571493,0.00045095133827999234,0.0,-20.03035470843315,0.0,0.0,0.0,0.0,0.0,0.0,-6.389377085724846e-05,1.2860651622759178e-05,-3.804117295658216e-05,0.9999999403953552,-2.0194049284327775e-05,0.0001770962990121916,0.0033304381649941206,0.01319654006510973,-0.013863665983080864,0.0062067825347185135,-0.4803556799888611,0.5598966479301453,0.4862971901893616,-2.0129854679107666,-0.41386526823043823,2.4766647815704346,1.058854579925537,-0.0006286571733653545,-0.00014221033779904246,0.0007295970572158694,0.00038241525180637836,-0.00034942151978611946,-0.0007550442824140191,0.00018232612637802958,0.6004977226257324,2.9679908038815483e-05,0.087360680103302,-4.3344385630916804e-05,1.0,5.929193503106944e-05,-5.19906677709514e-07,-3.826613124147116e-07,-6.1061418819008395e-06,0.032391034066677094,1.2341241927060764e-05,4.601307409757283e-06,1.0,-5.302482350089122e-06,0.0008135648095048964,-0.0010306842159479856,-0.003179294755682349,0.0005660002934746444,0.0002642513136379421,8.870995952747762e-05,0.0008134459494613111,0.001030505052767694,0.0031793832313269377,0.0004171034670434892,-0.00014666617789771408,-8.871775207808241e-05,6.556510925292969e-07,-1.9020189938601106e-06,0.02499999850988388,0.0040253219194710255,0.004039372317492962,4.9584059524931945e-06,7.023394573479891e-06,0.0,1320,0.425
11.433333333166956,retreat,11.433333929628134,19.9535130608402,20.02928927540779,0.4979372024536133,0.038774418499087915,0.0,0.004836361767956987,0.03956468118525214,0.0,0.0,0.0,0.0,75,0.003275663359090686,0.00022448271920438856,0.003275663359090686,0.00019149360014125705,0.0,-20.02928927540779,0.0,0.0,0.0,0.0,0.0,0.0,-6.389377085724846e-05,1.1254919627390336e-05,-3.832184665952809e-05,0.9999999403953552,5.020443495595828e-06,0.0001828093227231875,0.0033630323596298695,0.01317722350358963,-0.015105575323104858,0.005316466558724642,-0.4803614020347595,0.5598966479301453,0.4863030016422272,-2.0129854679107666,-0.4138653874397278,2.4766647815704346,1.058854579925537,-0.0006780760595574975,-0.00019039580365642905,0.0007984449621289968,0.0003906631900463253,-0.000307479000184685,-0.00082357507199049,0.00016414580750279129,0.6004980206489563,2.980099816340953e-05,0.087361641228199,-4.474603701964952e-05,1.0,5.880193566554226e-05,1.1109622022331678e-07,-6.591680801193434e-08,-6.0746961025870405e-06,0.03239092975854874,1.1366623766662087e-05,5.091329057904659e-06,0.9999999403953552,-6.423514605558012e-06,0.00042101278086192906,-0.00042217140435241163,-0.0032209455966949463,0.00021570673561654985,-4.2551251681288704e-05,4.530439036898315e-05,0.0004209624894428998,0.00042193272383883595,0.003220983315259218,0.00015468732453882694,0.00010339352593291551,-4.5292512368177995e-05,5.364418029785156e-07,-1.9160543160978705e-06,0.02499999850988388,0.0040253228507936,0.0040393611416220665,4.958637873642147e-06,7.027643732726574e-06,0.0,1320,0.43333333333333335
11.441666666500169,retreat,11.441667263396084,19.94593567789881,20.02803012728691,0.4984140396118164,0.03902165553881787,0.0,0.005138630513101816,0.03956468118525214,0.0,0.0,0.0,0.0,74,0.0035297516733407974,0.00011440704838605598,0.003529753303155303,0.00011781624925788492,0.0,-20.02803012728691,0.0,0.0,0.0,0.0,0.0,0.0,-6.401298014679924e-05,1.009961124509573e-05,-4.036065729451366e-05,1.0,-4.429057298693806e-05,0.0001857139723142609,0.003401273163035512,0.013086294755339622,-0.011997725814580917,0.007585697807371616,-0.48036712408065796,0.5598966479301453,0.4863088130950928,-2.0129854679107666,-0.4138653874397278,2.4766647815704346,1.058854579925537,-0.0007278164266608655,-0.00024236211902461946,0.0008667531074024737,0.0004027695395052433,-0.00028799832216463983,-0.0008979499107226729,0.00014880902017466724,0.600498378276825,2.9936942155472934e-05,0.08736250549554825,-4.613652708940208e-05,0.9999999403953552,5.835459887748584e-05,8.728292755222355e-07,3.947697280182183e-09,-6.095934622862842e-06,0.0323905274271965,1.097303356800694e-05,5.657877863995964e-06,0.9999999403953552,-5.775225872639567e-06,0.00038669747300446033,-0.00022776727564632893,-0.0035011046566069126,0.000103736252640374,-3.059120354009792e-05,-3.7308738683350384e-05,0.00038666484761051834,0.00022748949413653463,0.003501127939671278,7.080112118273973e-05,8.645892376080155e-05,3.731921606231481e-05,4.76837158203125e-07,-2.0180013962090015e-06,0.02499999850988388,0.004025323316454887,0.004039329010993242,4.960577825841028e-06,7.0288369897753e-06,0.0,1320,0.44166666666666665
11.44999999983338,retreat,11.450000597164035,19.938032867113748,20.0268492102623,0.49877166748046875,0.03924859265680425,0.0,0.005322301603882806,0.03956468118525214,0.0,0.0,0.0,0.0,71,0.0037752895150333643,6.943166226847097e-05,0.0037752892822027206,0.00010925958486041054,0.0,-20.0268492102623,0.0,0.0,0.0,0.0,0.0,0.0,-6.360973202390596e-05,8.95349876373075e-06,-4.165083009866066e-05,0.9999999403953552,-7.532913150498644e-05,0.0001867432292783633,0.0034407349303364754,0.013192242942750454,-0.00993217434734106,0.009112382307648659,-0.4803728461265564,0.5598966479301453,0.48631471395492554,-2.0129854679107666,-0.4138653874397278,2.4766647815704346,1.058854579925537,-0.0007800650782883167,-0.00029830262064933777,0.0009381490526720881,0.00041692302329465747,-0.00027494688401930034,-0.0009817408863455057,0.0001427826500730589,0.6004986763000488,3.0188206437742338e-05,0.0873633548617363,-4.743894896819256e-05,1.0,5.8109544625040144e-05,1.6466578927065711e-06,1.34125315298661e-08,-5.987262738926802e-06,0.032390203326940536,1.060075101122493e-05,5.499699000210967e-06,0.9999999403953552,-5.787491772935027e-06,0.0004559124354273081,-0.0001592551270732656,-0.0037442746106535196,5.785601388197392e-05,-3.730137541424483e-05,-9.057853276317474e-06,0.0004558816726785153,0.00015895289834588766,0.003744291141629219,3.4815391700249165e-05,0.00010316623229300603,9.070482519746292e-06,4.76837158203125e-07,-2.082513674395159e-06,0.02500000223517418,0.004025323782116175,0.00403932249173522,4.9603968363953754e-06,7.028225809335709e-06,0.0,1320,0.45
11.458333333166593,retreat,11.458333930931985,19.929805594146284,20.025668293237686,0.4991888999938965,0.039583377656526864,0.0,0.005386300927057164,0.0,0.0,0.0,0.0,0.0,78,0.004045035224407911,5.28626587765757e-05,0.004045035224407911,0.00011167059710714966,0.0,-20.025668293237686,0.0,0.0,0.0,0.0,0.0,0.0,-6.381834828061983e-05,8.758832336752675e-06,-4.270245335646905e-05,1.0,-9.023271559271961e-05,0.00018646338139660656,0.003481298917904496,0.01297484990209341,-0.008748956955969334,0.009954000823199749,-0.480378657579422,0.5598966479301453,0.4863211214542389,-2.0129854679107666,-0.4138653576374054,2.4766647815704346,1.058854579925537,-0.0008354295277968049,-0.00035822554491460323,0.0010133604519069195,0.0004325393820181489,-0.00026361251366324723,-0.0010712897637858987,0.00013702611613553017,0.6004990935325623,3.0980867450125515e-05,0.08736420422792435,-4.9058111471822485e-05,1.0,5.805074761155993e-05,2.3885679638624424e-06,-3.470724152521143e-08,-5.4245329010882415e-06,0.03238987177610397,1.1148054909426719e-05,5.767067250417313e-06,1.0,-6.354996003210545e-06,0.0005466930451802909,-0.00012002265430055559,-0.004006124567240477,4.158327283221297e-05,-2.9002865630900487e-05,-1.4970840311434586e-05,0.000546660041436553,0.00011969308980042115,0.004006139002740383,2.4210357878473587e-05,0.00010797983850352466,1.498451911174925e-05,4.172325134277344e-07,-2.1350933820940554e-06,0.02499999850988388,0.004025323782116175,0.004039347171783447,4.959118086844683e-06,7.028051186352968e-06,0.0,1320,0.4583333333333333
11.466666666499805,retreat,11.466667264699936,19.921254824657673,20.02445012331009,0.4996657371520996,0.04049083872814663,0.0,0.00501094928040402,0.055952909680744456,0.0,0.0,0.0,0.0,79,0.004305818118155003,2.8409436708898284e-05,0.004305820446461439,0.00012396769307088107,0.0,-20.02445012331009,0.0,0.0,0.0,0.0,0.0,0.0,-5.9873451391467825e-05,8.260735739895608e-06,-4.4183914724271744e-05,0.9999999403953552,-5.5100463214330375e-05,0.00018406561866868287,0.003521557431668043,0.013043645769357681,-0.010391747578978539,0.008696243166923523,-0.4803844690322876,0.5598966479301453,0.486332505941391,-2.0129854679107666,-0.4138653576374054,2.4766647815704346,1.058854579925537,-0.0008935403893701732,-0.00042279501212760806,0.0010910595301538706,0.000449290411779657,-0.00025357326376251876,-0.0011687710648402572,0.00013388314982876182,0.6004998087882996,3.43578722095117e-05,0.08736588805913925,-5.17332082381472e-05,0.9999999403953552,5.97290309087839e-05,3.802753781201318e-06,-3.6502177636066335e-07,-2.781682269414887e-06,0.032390329986810684,1.2063952453900129e-05,1.438213388382792e-07,0.9999998807907104,-7.548579105787212e-06,0.0006774977664463222,-2.061431405309122e-05,-0.004252133425325155,1.1857822755700909e-05,-2.5769719286472537e-05,-1.5523118008786696e-06,0.0006774630164727569,2.0255327399354428e-05,0.004252143204212189,8.853238796291407e-06,0.0001236412354046479,1.5670644870624528e-06,4.172325134277344e-07,-2.209169906564057e-06,0.02500000223517418,0.0040253265760838985,0.004039406776428223,4.95544372824952e-06,7.022725185379386e-06,0.0,1320,0.4666666666666667
11.474999999833017,retreat,11.475000598467886,19.91238152430917,20.02239003777504,0.5004405975341797,0.043907777580898255,0.0,0.005444649559649406,0.06852804166478502,0.0,0.0,0.0,0.0,75,0.004493930377066135,0.00013669296458829194,0.004493932705372572,0.0001849851687438786,0.0,-20.02239003777504,0.0,0.0,0.0,0.0,0.0,0.0,-6.783167191315442e-05,7.654375622223597e-06,-4.5582997699966654e-05,0.9999999403953552,1.4645994269812945e-05,0.00017681567987892777,0.0035633475054055452,0.012896677479147911,-0.014084888622164726,0.005912153981626034,-0.4803902804851532,0.5598966479301453,0.48634403944015503,-2.0129854679107666,-0.41386568546295166,2.4766647815704346,1.058854579925537,-0.0009508010698482394,-0.0004932887968607247,0.0011623905738815665,0.00046823531738482416,-0.0002526779717300087,-0.0012821292039006948,0.00014346347597893327,0.6005004048347473,3.8115467759780586e-05,0.08736766129732132,-5.4212760005611926e-05,0.9999999403953552,6.199492054292932e-05,5.205075467529241e-06,-2.770801756923902e-07,-2.2804142645327374e-06,0.0323900431394577,1.28603032862884e-05,5.836090167576913e-06,0.9999998211860657,-8.628938303445466e-06,0.0006965882494114339,0.0004316211852710694,-0.004418583121150732,-9.945750935003161e-05,-6.917963764863089e-05,6.33035961072892e-05,0.0006965958164073527,-0.0004320140869822353,0.004418545868247747,-3.713549813255668e-05,0.00016981043154373765,-6.328414019662887e-05,3.5762786865234375e-07,-2.2791246010456234e-06,0.02499999850988388,0.004025330767035484,0.004039431922137737,4.954691576131154e-06,7.02144461683929e-06,0.0,1320,0.475
11.483333333166229,retreat,11.483333932235837,19.903186658762028,20.02022936940193,0.5012154579162598,0.04778157017426565,0.0,0.005573814632953145,0.0,2.8860895326943137e-06,1.8011856894872835e-08,0.0,0.0,74,0.013138877227902412,0.0007881667697802186,0.013139166869223118,0.0010359273292124271,-9.051048799335604e-09,-20.02022936940193,1.0063266131510318e-07,-1.1515783171489602e-06,-2.644475898705423e-06,1.286776196707251e-08,1.1727040671871691e-08,-4.6178101342775335e-09,-6.792107888031751e-05,5.889974090678152e-06,-4.882897701463662e-05,1.0,1.8879891285905614e-05,-0.006551370956003666,0.0032103077974170446,0.5003358721733093,-0.011853378266096115,0.00631993543356657,-0.4803962707519531,0.5598966479301453,0.48635560274124146,-2.0129854679107666,-0.41386598348617554,2.4766647815704346,1.058854579925537,-0.00104423554148525,-0.0005525365122593939,0.0013240580447018147,0.0004678991390392184,-0.00013357549323700368,-0.001335478969849646,0.00010683278378564864,0.600501298904419,4.172226908849552e-05,0.087369404733181,-5.6980177760124207e-05,1.0,6.395115633495152e-05,6.767674676666502e-06,-4.974706939719908e-07,-2.3682023311266676e-06,0.03238963335752487,1.2658390005526599e-05,3.969251793023432e-06,1.0,-8.150367648340762e-06,0.0007268267800100148,0.012486407533288002,-0.004023859743028879,-0.0007731818477623165,0.0001116509156418033,0.0001045503668137826,0.0007283693994395435,-0.012486772611737251,0.0040224469266831875,0.0010306050535291433,-6.511196261271834e-06,-0.0001045412354869768,2.980232238769531e-07,-2.441429387545213e-06,0.02499999850988388,0.00402533495798707,0.004038167651742697,-0.0003037292626686394,-0.00043030455708503723,0.0,1320,0.48333333333333334
11.491666666499441,retreat,11.491667266003788,19.893671193677513,20.018083602190018,0.502169132232666,0.05125311145093292,0.0,0.0055354639698634855,0.0,5.0165348511654884e-05,2.9789143241032434e-07,0.0,0.0,77,0.010720530524849892,0.0005527715547941625,0.010681469924747944,0.0016537542687729,-1.793137878181028e-07,-20.018083602190018,1.6015130768209929e-06,-1.819136923586484e-05,-4.672335126088001e-05,2.032524690775972e-07,2.0520242571819836e-07,-7.293630233107251e-08,-6.714439223287627e-05,4.283143880456919e-06,-5.2002906159032136e-05,0.9999999403953552,6.326160655589774e-05,0.00012856654939241707,0.0036567840725183487,0.012747984379529953,-0.016545318067073822,0.0038183480501174927,-0.4804075360298157,0.5598963499069214,0.4863671064376831,-2.0129854679107666,-0.4138713777065277,2.4766647815704346,1.058854579925537,-0.0010533687891438603,-0.0006545584765262902,0.0012671335134655237,0.0005246280343271792,-0.0003598815528675914,-0.0015913010574877262,0.00022262913989834487,0.6005021333694458,4.1847531974781305e-05,0.08737126737833023,-5.813446841784753e-05,1.0,6.52335729682818e-05,8.796982001513243e-06,-5.092709329801437e-07,-5.639732989948243e-06,0.03238935023546219,1.3080635653750505e-05,1.910117816805723e-06,1.0,-6.130687324912287e-06,0.0002845670096576214,-0.009273615665733814,-0.005371112376451492,-0.00022080124472267926,-0.0005067019374109805,-7.5065013334096875e-06,0.00028326272149570286,0.009273028001189232,0.005372195038944483,-0.0015605727676302195,0.0005476034129969776,7.5490897870622575e-06,2.384185791015625e-07,-2.600128937046975e-06,0.02499999850988388,0.004025333095341921,0.004039424005895853,4.952703420713078e-06,7.015245500952005e-06,0.0,1320,0.49166666666666664
11.499999999832653,retreat,11.500000599771738,19.883836094716873,20.016027241945267,0.5027055740356445,0.05151946970727295,0.0,0.0025566675958543783,0.0,0.0014904839918017387,3.0427777346631046e-06,0.0011924384161829948,0.0,73,0.006226118188351393,0.0006076404242776334,0.005137247033417225,0.0003915676788892597,-4.0186100704886485e-06,-20.016027241945267,-0.0011833643075078726,-0.00015498214634135365,-0.0008928447496145964,3.5463679637359746e-07,3.0151209102768917e-06,-2.043917248784055e-07,-7.765013288008049e-05,9.934991794580128e-06,-4.9596223107073456e-05,1.0,-0.0001153251068899408,0.0007611116161569953,0.0036908388137817383,0.08127524703741074,-0.013916264288127422,0.009243760257959366,-0.48041847348213196,0.5598859786987305,0.48637858033180237,-2.0129854679107666,-0.4138715863227844,2.4766647815704346,1.058854579925537,-0.001120634377002716,-0.000738436181563884,0.00134198775049299,0.0005289276596158743,-0.00025495945010334253,-0.0016551960725337267,0.0001428951945854351,0.600504994392395,4.098091085324995e-05,0.08737867325544357,-5.810860238852911e-05,1.0,6.478976865764707e-05,1.4849367289571092e-05,-3.225936325179646e-06,-6.774092071282212e-06,0.03239469975233078,2.4785658752080053e-05,1.285904181713704e-05,1.0,-8.510580300935544e-06,0.0015518543077632785,-0.0012186153326183558,-0.005905190482735634,0.0005655277636833489,0.00021930746152065694,3.618694609031081e-05,0.001551521010696888,0.001218130229972303,0.0059053776785731316,0.0003894401015713811,4.917586920782924e-06,-3.6160312447464094e-05,4.76837158203125e-07,-2.4797736841719598e-06,0.02499999850988388,0.004009433556348085,0.004023830406367779,6.060834493837319e-06,8.58877319842577e-06,0.0,1320,0.5
11.508333333165865,retreat,11.508333933539689,19.873682327541374,20.00890076160431,0.5030035972595215,0.050628656026674435,0.0,0.003682358055812074,0.055952909680744456,0.08014996349811554,0.0001636431843508035,0.06412560492753983,-0.00023220938771828514,72,0.05861040577292442,0.0011858644429594278,0.02329622581601143,0.005240826401859522,-0.0002304469235241413,-20.00890076160431,-0.06407970935106277,-0.0033720582723617554,-0.04802536964416504,-4.631749470718205e-05,0.00015669415006414056,8.984684427559841e-06,-7.06264327163808e-05,2.283126195834484e-05,-6.209881394170225e-05,0.9999999403953552,-0.00019723977311514318,-0.0011233164696022868,0.0035322988405823708,-0.024585051462054253,-0.04580375924706459,0.011224194429814816,-0.48042991757392883,0.5598745346069336,0.4863901436328888,-2.0129854679107666,-0.4138714671134949,2.4766621589660645,1.058854579925537,-0.0012548237573355436,-0.0008616430568508804,0.0014983286382630467,0.0003046918718609959,0.00010206027945969254,-0.0027764097321778536,-0.00012085261550964788,0.6005077958106995,4.008548057754524e-05,0.08738627284765244,-5.7896402722690254e-05,0.9999999403953552,6.389980262611061e-05,2.013139965129085e-05,-6.0715838117175736e-06,-6.7927376221632585e-06,0.03239516541361809,4.296278711990453e-05,6.724060312990332e-06,0.9999998807907104,4.20529295297456e-06,0.042845193296670914,0.0017880542436614633,-0.03995337337255478,-0.0003470765659585595,0.0011121364077553153,-0.0002212804974988103,0.04284381493926048,-0.0017872044118121266,0.03995487466454506,-8.969238842837512e-05,0.005077266599982977,0.00022214486671146005,1.1324882507324219e-06,-3.104858478764072e-06,0.02500000223517418,0.004009435418993235,0.004022484179586172,5.251603852229891e-06,7.443479262292385e-06,0.0,1320,0.5083333333333333
11.516666666499077,retreat,11.51666726730764,19.86321085781227,20.002027601003647,0.5035400390625,0.04895904567092657,0.0,0.003145991058772779,0.03956468118525214,0.13527195155620575,0.00027537113055586815,0.10821907222270966,-3.558107408707656e-05,75,0.11012161523103714,0.009239185601472855,0.025807784870266914,0.0033383346162736416,-0.0004140562959946692,-20.002027601003647,-0.10819186270236969,-0.005095206201076508,-0.08103740215301514,-7.345173071371391e-05,0.00026480830274522305,1.7625872715143487e-05,-7.969800208229572e-05,2.51858145929873e-05,-5.1921488193329424e-05,1.0,-0.0002487660967744887,0.00017452840984333307,0.003561411052942276,0.01865113154053688,-0.04953010752797127,-0.03598012030124664,-0.4804413616657257,0.5598630905151367,0.48640167713165283,-2.0129854679107666,-0.41387131810188293,2.476639986038208,1.058854579925537,-0.001353524741716683,-0.001020636293105781,0.0015311666065827012,-0.00013144851254764944,0.0003387153847143054,-0.0034347069449722767,-0.0002803129318635911,0.6005062460899353,3.782690691878088e-05,0.08739201724529266,-5.513397991308011e-05,0.9999999403953552,6.307491275947541e-05,1.591644831933081e-05,-3.7122260891919723e-06,-7.560513950011227e-06,0.032394036650657654,4.1103383409790695e-05,1.6620866517769173e-05,0.9999999403953552,-3.209636133760796e-06,0.08498010039329529,-0.005896491464227438,-0.0697881430387497,0.0007473906734958291,0.009208680130541325,-6.45801264909096e-05,0.08497713506221771,0.005899515002965927,0.06979145854711533,-0.00010536256013438106,0.0030676955357193947,6.557921005878597e-05,1.2516975402832031e-06,-2.595974365249276e-06,0.02499999850988388,0.004010676871985197,0.00402380246669054,5.151656296220608e-06,7.29793100617826e-06,0.0,1320,0.5166666666666666
11.52499999983229,retreat,11.52500060107559,19.852422651190814,19.996272027492523,0.5033016204833984,0.046802688302705064,0.0,0.005056750069343252,0.0,0.07011810690164566,0.00014729631948284805,0.0560995452105999,-0.0004945084697283164,74,0.07774689048528671,0.01482358854264021,0.00790573749691248,0.005701334215700626,-0.00020103377028135583,-19.996272027492523,-0.05620666220784187,-0.0012567066587507725,-0.04190203547477722,-5.6608361774124205e-05,0.0001351853716187179,1.4717858903168235e-05,-8.791745494818315e-05,1.2912764759676065e-05,-4.905855530523695e-05,1.0,-4.589352829498239e-05,-2.3576601961394772e-05,0.00367802195250988,-0.016941523179411888,-0.03335735201835632,0.0243536289781332,-0.4804528057575226,0.5598516464233398,0.48641321063041687,-2.0129854679107666,-0.4138711988925934,2.476639986038208,1.058854579925537,-0.0013802106259390712,-0.0011329279514029622,0.0014824008103460073,-0.000435478868894279,0.0002992272493429482,-0.0022029338870197535,-0.00021725591795984656,0.600509524345398,3.6901968996971846e-05,0.08739987760782242,-5.5063163017621264e-05,1.0,6.24124804744497e-05,2.2453874407801777e-05,-7.652708518435247e-06,-6.33391482551815e-06,0.03239614889025688,3.536841904860921e-05,2.550316094129812e-05,1.0,-6.001838301017415e-06,0.06245218962430954,-0.0035520908422768116,-0.046170175075531006,0.00188835256267339,0.01470186747610569,0.0001673188671702519,0.06244967132806778,0.003554802155122161,0.04617336764931679,0.0013756160624325275,-0.0056797415018081665,-0.00016745974426157773,6.556510925292969e-07,-2.4528708308935165e-06,0.02500000223517418,0.004009413067251444,0.004022551234811544,5.267820142762503e-06,7.45715806260705e-06,0.0,1320,0.525
11.533333333165501,retreat,11.53333393484354,19.841318673338268,19.989264756441116,0.5033612251281738,0.045552424126071855,0.0,0.004440030807018047,0.0,0.16619230806827545,0.0003371291095390916,0.13295826315879822,-0.00029775216603411536,75,0.1337585151195526,0.01004275307059288,0.033775921911001205,0.005412478465586901,-0.0004264652307028882,-19.989264756441116,-0.13282297551631927,-0.007367860991507769,-0.09961755573749542,-8.296501619042829e-05,0.0003263095277361572,1.7173533706227317e-05,-0.00010380410094512627,2.444341043883469e-05,-4.9547514208825305e-05,1.0,-0.00025518733309581876,0.004766314756125212,0.0034324866719543934,-0.35767439007759094,-0.04940337315201759,0.06913180649280548,-0.48046424984931946,0.559840202331543,0.4864247143268585,-2.0129854679107666,-0.41386866569519043,2.476623058319092,1.058854579925537,-0.0014692079275846481,-0.0013178009539842606,0.001474226824939251,-0.000892023032065481,0.000410264590755105,-0.00329918647184968,-0.00034667112049646676,0.6005088686943054,3.491085226414725e-05,0.0874059647321701,-5.3728173952549696e-05,0.9999999403953552,6.02643376623746e-05,2.0371055143186823e-05,-6.802404186601052e-06,-7.161237590480596e-06,0.032395221292972565,4.481705400394276e-05,4.353743133833632e-05,1.0,-4.177079517830862e-06,0.10302487015724182,-0.012107329443097115,-0.08444304764270782,0.00031738640973344445,0.010029889643192291,-0.0003968258388340473,0.10301996767520905,0.01211067009717226,0.08444852381944656,-0.0014329190598800778,0.004852933809161186,0.0003981093177571893,1.2516975402832031e-06,-2.477248926879838e-06,0.02499999850988388,0.004009571857750416,0.004023822955787182,-0.0002995934337377548,-0.0004244475858286023,0.0,1320,0.5333333333333333
11.541666666498713,retreat,11.54166726861149,19.82989988991589,19.983471930027008,0.503242015838623,0.043869713408639655,0.0,0.008039286512939725,0.03956468118525214,0.1252845972776413,0.0002599440049380064,0.10023456811904907,-0.00029775216603411536,78,0.12215162813663483,0.018722638487815857,0.005633628461509943,0.004712426103651524,-0.0003274238551966846,-19.983471930027008,-0.10034094750881195,-0.0031818272545933723,-0.07495199143886566,-8.974294905783609e-05,0.00024292005400639027,2.251525984320324e-05,-9.193777805194259e-05,1.3905728337704204e-05,-4.7122204705374315e-05,1.0,-0.0003545614890754223,0.00011553465446922928,0.0032861887011677027,0.0028270091861486435,-0.04170756787061691,-0.04807988554239273,-0.4804757833480835,0.5598287582397461,0.48643627762794495,-2.0129854679107666,-0.41386428475379944,2.476623058319092,1.058854579925537,-0.0015418421244248748,-0.0014432740863412619,0.0015005511231720448,-0.0013506850227713585,0.0005421508685685694,-0.0022804024629294872,-0.00036381164682097733,0.6005120873451233,3.411700527067296e-05,0.0874139741063118,-5.496598532772623e-05,0.9999999403953552,5.76523452764377e-05,2.6709714802564122e-05,-1.0551220839261077e-05,-6.1923083194415085e-06,0.03239743784070015,4.061777508468367e-05,3.428339914535172e-05,0.9999999403953552,-7.840523721824866e-06,0.09756942838430405,0.0014986451715230942,-0.07347775995731354,0.0018006383907049894,0.018634818494319916,0.00019603448163252324,0.0975656732916832,-0.0014954726211726665,0.07348281145095825,0.002017224207520485,-0.004539632238447666,-0.00019583740504458547,7.152557373046875e-07,-2.3560460249427706e-06,0.02500000223517418,0.00400939118117094,0.004022544249892235,5.270503606880084e-06,7.465161615982652e-06,0.0,1320,0.5416666666666666
11.549999999831925,retreat,11.550000602379441,19.818167266584933,19.977019727230072,0.5033612251281738,0.04285111208446324,0.0,0.005739259904657956,0.055952909680744456,0.19312579929828644,0.0003932368999812752,0.1545065939426422,-0.00010112385240290678,76,0.16315199434757233,0.01574374921619892,0.03058028034865856,0.0031370350625365973,-0.0004870217962889001,-19.977019727230072,-0.15441937744617462,-0.007722403854131699,-0.11572639644145966,-0.00010487624967936426,0.00037827726919203997,2.3292590412893333e-05,-7.059663039399311e-05,8.833116226014681e-06,-4.855021688854322e-05,0.9999999403953552,-0.0008643269538879395,0.00022887530212756246,0.003317969385534525,0.021990612149238586,-0.05315589904785156,-0.12149512767791748,-0.4804874062538147,0.5598173141479492,0.486447811126709,-2.0129854679107666,-0.4138595163822174,2.476597547531128,1.058854579925537,-0.001631103572435677,-0.0016257448587566614,0.0015020022401586175,-0.001889263978227973,0.0005961739807389677,-0.002890657400712371,-0.0004217417153995484,0.6005098223686218,3.1975196179701015e-05,0.08741934597492218,-5.3099534852663055e-05,0.9999999403953552,5.49407814105507e-05,2.0496439901762642e-05,-7.76431625126861e-06,-7.436228770529851e-06,0.032396357506513596,2.9330638426472433e-05,1.5654377421014942e-05,0.9999998807907104,-4.547389380604727e-06,0.12714523077011108,-0.0054023535922169685,-0.10209543257951736,8.713848365005106e-05,0.01573897898197174,-0.00037763576256111264,0.12714044749736786,0.005405482370406389,0.10210122168064117,-0.0006943888729438186,0.0026284530758857727,0.00037887360667809844,4.172325134277344e-07,-2.4274777388200164e-06,0.02500000223517418,0.004009288270026445,0.0040226164273917675,5.489782779477537e-06,7.778959115967155e-06,0.0,1320,0.55
11.558333333165137,retreat,11.558333936147392,19.806121769006655,19.971338659524918,0.5031824111938477,0.04103500032215379,0.0,0.009659733223088551,0.0,0.13374567031860352,0.0002791041333694011,0.10700508952140808,0.0,74,0.13608767092227936,0.021794961765408516,0.003463330678641796,0.005725300405174494,-0.0003202383959433064,-19.971338659524918,-0.10715944319963455,-0.002870442345738411,-0.07997823506593704,-0.00010129484144272283,0.00025875784922391176,2.6131308914045803e-05,-7.242706487886608e-05,-2.247418024126091e-06,-4.756102862302214e-05,1.0,-0.0006596189341507852,0.0002638248261064291,0.0031121945939958096,0.020838359370827675,-0.04540587216615677,-0.16130825877189636,-0.4804990589618683,0.5598058700561523,0.486459344625473,-2.0129854679107666,-0.4138561487197876,2.476597547531128,1.058854579925537,-0.0016578175127506256,-0.001767134410329163,0.0014288047095760703,-0.0023140583653002977,0.0004538542125374079,-0.0016347412019968033,-0.0002703861682675779,0.6005130410194397,3.095875581493601e-05,0.08742747455835342,-5.4103733418742195e-05,1.0,5.261605474515818e-05,2.6843052182812244e-05,-1.1573256415431388e-05,-6.571576705027837e-06,0.03239881247282028,2.4597055016783997e-05,1.980985325644724e-05,1.0,-6.5408794398535974e-06,0.10944093763828278,-0.005371790379285812,-0.08070738613605499,0.001771288923919201,0.02172224596142769,0.0001640692789806053,0.10943603515625,0.005374574102461338,0.08071383833885193,0.000995327951386571,-0.005912145599722862,-0.00016387431242037565,-1.1920928955078125e-07,-2.3780594347044826e-06,0.02499999850988388,0.004009485710412264,0.004022895358502865,5.408127435657661e-06,7.671042112633586e-06,0.0,1320,0.5583333333333333
11.56666666649835,retreat,11.566667269915342,19.793764362842317,19.964953511953354,0.503242015838623,0.039815931813791394,0.0,0.013347109415917657,0.055952909680744456,0.21011313796043396,0.00043113570427522063,0.1681002527475357,0.0,71,0.17994537949562073,0.017393289133906364,0.030701251700520515,0.0034848120994865894,-0.0004907852999167517,-19.964953511953354,-0.16811613738536835,-0.007077089045196772,-0.1258348524570465,-0.00012995614088140428,0.0004099382204003632,3.066025237785652e-05,-5.014440102968365e-05,-1.3739090718445368e-05,-4.980529411113821e-05,0.9999999403953552,-0.0007110844599083066,9.136465087067336e-05,0.0030213333666324615,0.011262369342148304,-0.04900069907307625,7.094911416061223e-05,-0.48051533102989197,0.5597943067550659,0.48647087812423706,-2.0130231380462646,-0.41385138034820557,2.4765877723693848,1.058854579925537,-0.0017638442805036902,-0.0019539552740752697,0.0014637227868661284,-0.0028587142005562782,0.0005478842067532241,-0.002318016951903701,-0.00035017976188100874,0.6004958748817444,3.1545612728223205e-05,0.08742042630910873,-5.5451229854952544e-05,0.9999999403953552,5.223324478720315e-05,9.850381502474193e-06,6.753635261702584e-06,-4.677958713728003e-06,0.03238537162542343,-3.888530500262277e-06,-2.088573182845721e-06,0.9999998807907104,-5.646160389005672e-06,0.14087434113025665,-0.004858823027461767,-0.11185326427221298,5.9802063333336264e-05,0.0173888448625803,-0.0003886174235958606,0.14087162911891937,0.004861133638769388,0.11185654252767563,-0.0006429259665310383,0.002962002530694008,0.00038955919444561005,-7.152557373046875e-07,-2.490298356860876e-06,0.02499999850988388,0.00400946568697691,0.004022958688437939,5.322282504494069e-06,7.536407792940736e-06,0.0,1320,0.5666666666666667
11.574999999831562,retreat,11.575000603683293,19.78109601375317,19.96922641992569,0.49179792404174805,0.04144494960200973,0.0,0.01933313615154475,0.03956468118525214,2.454066816426348e-05,1.0848897602500074e-07,0.0,0.0,70,0.051008209586143494,0.022380810230970383,0.05102136358618736,0.016215838491916656,7.473433694116238e-08,-19.96922641992569,3.235655299249629e-07,-3.7387205793493195e-06,2.4252043658634648e-05,5.411809667066336e-08,-9.281770729785421e-08,-1.5032052047558864e-08,-4.860500121139921e-05,-1.1689474376908038e-05,-5.299877739162184e-05,0.9999999403953552,-0.0020962113048881292,0.00019294551748316735,0.003463918808847666,0.013234192505478859,0.06338311731815338,0.06361903995275497,-0.4805276691913605,0.5597819685935974,0.4864824116230011,-2.0130648612976074,-0.4138513207435608,2.4765877723693848,1.058854579925537,-0.0016691077034920454,-0.0020110816694796085,0.0012734809424728155,-0.0028178589418530464,-0.00011082025594078004,0.001023986842483282,0.00019036667072214186,0.6004796028137207,3.515896241879091e-05,0.08741390705108643,-5.6453664001310244e-05,1.0,5.631873500533402e-05,-3.1786994441063143e-06,1.2425327440723777e-05,-2.628305992402602e-06,0.032383132725954056,-1.4868418475089129e-05,-7.712895239819773e-06,0.9999999403953552,-3.4556896935100667e-06,0.04236648231744766,-0.005306599196046591,-0.027906246483325958,0.0027041120920330286,0.02220873162150383,0.0006005762843415141,0.042366061359643936,0.005308220628648996,0.02790657803416252,0.0019392867106944323,-0.016088087111711502,-0.0006023593014106154,-5.960464477539062e-07,-2.6499656087253243e-06,0.02500000223517418,0.004025162663310766,0.004038875922560692,5.017525381845189e-06,7.097260095179081e-06,0.0,1320,0.575
11.583333333164774,retreat,11.583333937451243,19.768117687400476,19.974423199892044,0.4767775535583496,0.04481459836824797,0.0,0.011027344953618012,0.03956468118525214,0.0,0.0,0.0,0.0,78,0.01865188591182232,0.003043908393010497,0.01865188032388687,0.0016563857207074761,0.0,-19.974423199892044,0.0,0.0,0.0,0.0,0.0,0.0,-4.669914778787643e-05,-7.5999691944161896e-06,-5.354978929972276e-05,1.0,-0.0038650385104119778,0.00014695552818011492,0.0036880956031382084,0.012348274700343609,0.17402687668800354,0.1439667046070099,-0.4805423617362976,0.5597603917121887,0.48649394512176514,-2.0130648612976074,-0.4138562083244324,2.4765877723693848,1.058854579925537,-0.0017001379746943712,-0.0020767836831510067,0.0013516551116481423,-0.0025092337746173143,-0.0004295472172088921,0.001072535989806056,0.0003663695533759892,0.6004849672317505,3.0579678423237056e-05,0.08742678165435791,-5.2844425226794556e-05,0.9999999403953552,5.543637234950438e-05,7.993898179847747e-06,-8.682472071086522e-06,-1.081140544556547e-05,0.0324011966586113,3.9343279922832153e-07,-8.737260031921323e-06,0.9999999403953552,7.053125727907172e-07,0.009883859194815159,0.0018086888594552875,-0.01571403257548809,-0.001134130172431469,0.0028142142109572887,-0.0002435677743051201,0.009883807972073555,-0.0018092531245201826,0.015713993459939957,-0.0008728450047783554,-0.0013865294167771935,0.00024349839077331126,-3.5762786865234375e-07,-2.6775087462738156e-06,0.02499999850988388,0.0040251752361655235,0.004038906190544367,4.990776233171346e-06,7.069058483466506e-06,0.0,1320,0.5833333333333334
11.591666666497986,retreat,11.591667271219194,19.75483034944549,19.96062844991684,0.4801750183105469,0.039900165575090796,0.0,0.013439036592899356,0.0,0.0,0.0,0.0,0.0,74,0.018050944432616234,0.0006662073428742588,0.018050940707325935,0.0025481991469860077,0.0,-19.96062844991684,0.0,0.0,0.0,0.0,0.0,0.0,-6.920624582562596e-05,1.4595351785828825e-05,-4.839731627725996e-05,1.0,0.0016082273796200752,0.00013714435044676065,0.003624904667958617,0.011548464186489582,-0.13730506598949432,-0.0840502381324768,-0.48055949807167053,0.5597377419471741,0.4865056276321411,-2.0130648612976074,-0.4138607680797577,2.4765877723693848,1.058854579925537,-0.0018152522388845682,-0.0021647366229444742,0.0015663646627217531,-0.0022663972340524197,-0.00036854646168649197,0.00037874115514568985,0.00032505852868780494,0.6004908084869385,2.504531221347861e-05,0.0874408408999443,-4.8974288802128285e-05,1.0,5.401675298344344e-05,2.0017012502648868e-05,-1.1905354767804965e-05,-1.1682392141665332e-05,0.032401468604803085,3.4613134630490094e-05,1.5187803001026623e-05,1.0,-5.748056537413504e-07,0.014857025817036629,0.0003614838933572173,-0.010245715267956257,-0.0005672781844623387,-0.00034926089574582875,-6.669739832432242e-06,0.014856654219329357,-0.0003608822007663548,0.010246270336210728,-0.0005154433310963213,0.002495513530448079,7.0627643253828865e-06,7.152557373046875e-07,-2.4198161554522812e-06,0.02500000223517418,0.004025186412036419,0.0040389602072536945,4.991203240933828e-06,7.069495040923357e-06,0.0,1320,0.5916666666666667
11.599999999831198,retreat,11.600000604987144,19.74123496554947,19.945596903562546,0.4875063896179199,0.03428580748732202,0.0,0.01167684058600571,0.0,0.00018510047812014818,7.780082000863331e-07,0.0,0.0,77,0.014216507785022259,0.0004856676096096635,0.014070093631744385,0.000862079206854105,-8.397264252835157e-07,-19.945596903562546,-1.6848675841174554e-06,1.9373854229343124e-05,-0.00018407606694381684,-3.0252627425397804e-07,7.125426009224611e-07,7.783113886716819e-08,-7.005836232565343e-05,1.0704544592954335e-06,-4.4296684791333973e-05,1.0,0.002718953648582101,0.0001639909896766767,0.003704334143549204,0.01272248663008213,-0.1971634328365326,-0.1279805451631546,-0.48057666420936584,0.5597148537635803,0.48652204871177673,-2.0130648612976074,-0.4138612151145935,2.4765877723693848,1.058854579925537,-0.0019144248217344284,-0.0022332249209284782,0.001762626925483346,-0.002050669863820076,-0.00025124382227659225,5.618570139631629e-05,0.00024822313571348786,0.600496768951416,2.2017553419573233e-05,0.08745553344488144,-4.731403532787226e-05,1.0,5.226999564911239e-05,3.216447657905519e-05,-1.132192846853286e-05,-9.203273293678649e-06,0.032401129603385925,3.323593409731984e-05,1.778689147613477e-05,1.0,-3.0150401926221093e-06,0.008333461359143257,-0.0014848595019429922,-0.01142180897295475,0.00033534987596794963,0.0003510219685267657,1.4037721484783106e-05,0.0083325719460845,0.0014846490230411291,0.011422482319176197,0.00012063582835253328,0.0008528158068656921,-1.3855767065251712e-05,5.960464477539063e-08,-2.2148306015878916e-06,0.02499999850988388,0.004025198984891176,0.004039029125124216,5.001055342290783e-06,7.088849088177085e-06,0.0,1320,0.6
11.60833333316441,retreat,11.608333938755095,19.727332501373674,19.93006244301796,0.49430131912231445,0.031346855394076556,0.0,0.010790755368361715,0.0,0.0006282699760049582,2.5514464141451754e-06,0.0,0.0,72,0.011718039400875568,0.0009008802007883787,0.011104833334684372,0.0006850534700788558,-2.4746783360285463e-06,-19.93006244301796,-3.103019480477087e-06,3.620700226747431e-05,-0.0006272181053645909,-6.684082336505526e-07,2.458047674736008e-06,1.452946918334419e-07,-6.880299770273268e-05,-9.217095794156194e-06,-4.300088039599359e-05,1.0,-0.0004332103708293289,0.0001746078341966495,0.0039062423165887594,0.011462377384305,-0.01412544772028923,0.005806828383356333,-0.48059383034706116,0.5596919655799866,0.4865392744541168,-2.0130648612976074,-0.41386115550994873,2.4765877723693848,1.058854579925537,-0.0019981749355793,-0.0022875810973346233,0.0019427406368777156,-0.0018292880849912763,-0.00014406174886971712,-0.0002447758743073791,0.00017428056162316352,0.6005027294158936,1.9885659639840014e-05,0.087470144033432,-4.611373151419684e-05,1.0,5.0959330110345036e-05,4.4317897845758125e-05,-1.127505674958229e-05,-8.474009518977255e-06,0.03240020573139191,3.510177702992223e-05,1.7842188754002564e-05,1.0,-3.1102713364816736e-06,-0.0011453954502940178,-0.00150915642734617,-0.011563864536583424,0.0003266158455517143,-0.000839288579300046,-2.2404035917134024e-05,-0.0011465740390121937,0.0015079734148457646,0.011563902720808983,0.00010841756011359394,0.0006736901123076677,2.2483140128315426e-05,-4.76837158203125e-07,-2.1500763978110626e-06,0.02499999850988388,0.00402522087097168,0.0040391553193330765,4.978999641025439e-06,7.069786079227924e-06,0.0,1320,0.6083333333333333
11.616666666497622,retreat,11.616667272523046,19.71312392257936,19.91492286324501,0.5025863647460938,0.029388371331151575,0.0,0.009647358638176229,0.03956468118525214,0.0,0.0,0.0,0.0,68,0.008434642106294632,0.001424196525476873,0.008434642106294632,0.0019680489785969257,0.0,-19.91492286324501,0.0,0.0,0.0,0.0,0.0,0.0,-4.9628935812506825e-05,-4.351283860160038e-05,-4.890921263722703e-05,0.9999999403953552,0.0006414406234398484,-0.0009540332248434424,0.0034978920593857765,-0.03578692674636841,-0.07494968920946121,-0.048346564173698425,-0.48061105608940125,0.5596690773963928,0.4865565299987793,-2.0130648612976074,-0.41386106610298157,2.4765877723693848,1.058854579925537,-0.002113683382049203,-0.00235940283164382,0.0021706384140998125,-0.0016580289229750633,3.6380970414029434e-05,-0.000791176687926054,6.083130574552342e-05,0.6005087494850159,1.7712933185976e-05,0.08748484402894974,-4.4971595343668014e-05,1.0,4.966776032233611e-05,5.662098556058481e-05,-9.807276910578366e-06,-8.762091056269128e-06,0.03239976614713669,1.3107946870150045e-05,-3.963712558174848e-08,0.9999999403953552,3.9382671275234316e-06,0.003760122461244464,0.0005368907586671412,-0.007531030103564262,-1.8116263163392432e-05,-0.0014237818541005254,-2.9203325539128855e-05,0.0037593229208141565,-0.0005371946026571095,0.007531407289206982,5.9184065321460366e-05,0.001966938842087984,2.941461934824474e-05,-2.1457672119140625e-06,-2.4455694074276835e-06,0.02499999850988388,0.004024955444037914,0.004038320854306221,5.1242782319604885e-06,7.25605059415102e-06,0.0,1320,0.6166666666666667
11.624999999830834,retreat,11.625000606290996,19.69861019482778,19.901224970817566,0.5044341087341309,0.026603265723679215,0.0,0.008464018719678279,0.03956468118525214,0.1672591269016266,0.00034276582300662994,0.13381297886371613,0.0,73,0.12251526117324829,0.0019674880895763636,0.04712316021323204,0.01161517295986414,-0.00048137288831640035,-19.901224970817566,-0.13379132747650146,-0.00589449517428875,-0.10020353645086288,-9.65154031291604e-05,0.0003280522068962455,2.355736432946287e-05,-6.218954513315111e-05,-2.88102964987047e-05,-4.694657400250435e-05,1.0,-0.0004989722510799766,-0.0007845539948903024,0.0037608561106026173,-0.06352860480546951,-0.052638616412878036,0.08078939467668533,-0.48062863945961,0.5596461892127991,0.4865776300430298,-2.0130648612976074,-0.4138565957546234,2.476565361022949,1.058854579925537,-0.0023097700905054808,-0.002518467139452696,0.002433152636513114,-0.0019694319926202297,0.0005920510739088058,-0.0032699594739824533,-0.0003402195288799703,0.6005102396011353,1.6799624063423835e-05,0.0874980017542839,-4.293748861528002e-05,0.9999999403953552,4.805412027053535e-05,5.8186134992865846e-05,-9.551213224767707e-06,-7.0220939960563555e-06,0.032399218529462814,2.9376258680713363e-05,1.4133924196357839e-05,0.9999999403953552,4.011316832475131e-06,0.08992830663919449,-0.003884602338075638,-0.0831131637096405,-0.0007075100438669324,0.0017923422856256366,-0.0003974269493483007,0.08991826325654984,0.003886106424033642,0.08312392979860306,-0.001270425389520824,0.01119866594672203,0.0003989093529526144,-1.430511474609375e-06,-2.3474185582017526e-06,0.02500000223517418,0.004010581877082586,0.004023388028144836,5.006275387131609e-06,7.089256541803479e-06,0.0,1320,0.625
11.633333333164046,retreat,11.633333940058947,19.683792283780196,19.88889053463936,0.5043745040893555,0.02590804797364399,0.0,0.009816239071369637,0.0,0.1896994560956955,0.0003809038898907602,0.1517595797777176,0.0,70,0.16693879663944244,0.0182062815874815,0.023455172777175903,0.0012379349209368229,-0.0005041774857090786,-19.88889053463936,-0.15133944153785706,-0.011360518634319305,-0.11381209641695023,-4.6712211769772694e-05,0.0003779512771870941,7.65284858061932e-06,-5.5486678320448846e-05,-3.2403917430201545e-05,-3.735608697752468e-05,1.0,-0.0007306939223781228,0.00015342449478339404,0.0035900515504181385,0.013518205843865871,-0.04802983999252319,-0.008887827396392822,-0.48064714670181274,0.5596233010292053,0.4865996241569519,-2.0130648612976074,-0.4138508439064026,2.4765403270721436,1.058854579925537,-0.002398202894255519,-0.0026913348119705915,0.0024469920899719,-0.0024994241539388895,0.0008233725093305111,-0.0034384173341095448,-0.00045073346700519323,0.6005111336708069,1.594220520928502e-05,0.08751124143600464,-4.126425483264029e-05,1.0,4.601784530677833e-05,5.844536281074397e-05,-1.0521805961616337e-05,-7.292703230632469e-06,0.03240013122558594,2.604201108624693e-05,9.468001735513099e-06,1.0,-3.906414349330589e-06,0.13062405586242676,-0.013618836179375648,-0.10305555909872055,0.0023322138004004955,0.018055953085422516,0.00010976001067319885,0.13061074912548065,0.013622352853417397,0.10307195782661438,0.00036387122236192226,0.0008144043385982513,-0.00010855380969587713,-1.6093254089355469e-06,-1.8678947526495904e-06,0.02499999850988388,0.00400976138189435,0.004023887682706118,5.273857823340222e-06,7.473659934476018e-06,0.0,1320,0.6333333333333333
11.641666666497258,retreat,11.641667273826897,19.66867115509786,19.876299053430557,0.5047321319580078,0.02482249510649126,0.0,0.01094122308131773,0.0,0.17953580617904663,0.0003610685234889388,0.1436292678117752,0.0,72,0.16778960824012756,0.021979520097374916,0.012509358115494251,0.002468415070325136,-0.0004652155621442944,-19.876299053430557,-0.14358007907867432,-0.004431431647390127,-0.107695072889328,-4.29792380600702e-05,0.00035842193756252527,7.548455869255122e-06,-5.7429326261626557e-05,-3.939064481528476e-05,-3.451179145486094e-05,1.0,-0.0008555974345654249,0.0003321496187709272,0.00346936727873981,0.021267971023917198,-0.052824344485998154,-0.1444338709115982,-0.4806692600250244,0.5596004128456116,0.4866211414337158,-2.0131020545959473,-0.4138449728488922,2.4765255451202393,1.058854579925537,-0.0024656644091010094,-0.002846568124368787,0.0024457199033349752,-0.0030207408126443624,0.0009457648266106844,-0.002852661069482565,-0.0005040082614868879,0.600496232509613,1.729122595861554e-05,0.0875115767121315,-4.1667852201499045e-05,1.0,4.6411805669777095e-05,4.528597492026165e-05,5.590604814642575e-06,-4.831547812500503e-06,0.032387875020504,5.896119546378031e-06,1.1017606084351428e-05,1.0,-7.155287676141597e-06,0.13301748037338257,-0.007897807285189629,-0.10196727514266968,0.002052352298051119,0.021883312612771988,-8.80189472809434e-05,0.13300751149654388,0.007901657372713089,0.10197997093200684,0.0009111907565966249,-0.0026671141386032104,8.847774006426334e-05,-1.9669532775878906e-06,-1.7257025319850072e-06,0.02499999850988388,0.004009525291621685,0.004022964742034674,5.422996764536947e-06,7.675436791032553e-06,0.0,1320,0.6416666666666666
11.64999999983047,retreat,11.650000607594848,19.653247774442036,19.874030351638794,0.4940032958984375,0.027076503101852722,0.0,0.016747073459555395,0.0,2.6621220968081616e-05,1.4459084241025266e-07,0.0,-0.00023220938771828514,73,0.0465780571103096,0.019565444439649582,0.04656367003917694,0.01397481095045805,-1.0261438232461728e-07,-19.874030351638794,6.828660161772859e-07,-8.192670975404326e-06,-2.532001781219151e-05,8.89259723635405e-08,1.0915485404439096e-07,-3.292264949550372e-08,-4.233518848195672e-05,-4.578362495522015e-05,-3.92314323107712e-05,1.0,-0.001804759376682341,0.000297554797725752,0.0039449273608624935,0.013360986486077309,0.0451599583029747,0.05071135237812996,-0.48068833351135254,0.5595775246620178,0.486638605594635,-2.01314640045166,-0.4138409495353699,2.4765255451202393,1.058854579925537,-0.0023822574876248837,-0.002900124993175268,0.002300909487530589,-0.002949156565591693,0.0003626642865128815,1.0872853636101354e-05,-3.447469134698622e-05,0.6004812121391296,1.994249760173261e-05,0.08751069009304047,-4.299091233406216e-05,1.0,4.8258196329697967e-05,3.616899630287662e-05,1.0472906978975516e-05,-4.3483842091518454e-06,0.0323847196996212,-9.614699592930265e-06,-5.9224462347629014e-06,1.0,-3.7601619169436162e-06,0.03839773312211037,-0.004939250648021698,-0.025898512452840805,0.0022755686659365892,0.019428331404924393,0.0004102547245565802,0.03839538246393204,0.004940729588270187,0.025901712477207184,0.0015633224975317717,-0.013881102204322815,-0.0004112199821975082,-2.2649765014648438e-06,-1.96166911337059e-06,0.02500000223517418,0.004025171976536512,0.004038793034851551,5.005537786928471e-06,7.107504643499851e-06,0.0,1320,0.65
11.658333333163682,retreat,11.658333941362798,19.637523107473978,19.873639196157455,0.48023462295532227,0.029606644602608867,0.0,0.009041104931384325,0.03956468118525214,0.0,0.0,0.0,0.0,67,0.017726028338074684,0.0026567410677671432,0.017726022750139236,0.0014156183460727334,0.0,-19.873639196157455,0.0,0.0,0.0,0.0,0.0,0.0,-4.64975273644086e-05,-4.304285175749101e-05,-4.010627526440658e-05,0.9999999403953552,-0.003465783316642046,0.00026003262610174716,0.00415663979947567,0.0122235007584095,0.14900735020637512,0.12605182826519012,-0.48070985078811646,0.5595546364784241,0.4866589605808258,-2.013148546218872,-0.4138408601284027,2.4765255451202393,1.058854579925537,-0.0024059629067778587,-0.002958995755761862,0.0023866938427090645,-0.0026417868211865425,8.237836300395429e-05,9.672043233877048e-06,0.00012330578465480357,0.6004863381385803,1.713261372060515e-05,0.08752492815256119,-4.250112033332698e-05,1.0,4.614723729901016e-05,4.753758912556805e-05,-9.158949069387745e-06,-9.720782145450357e-06,0.032398566603660583,4.494865152082639e-06,3.502189827031543e-07,0.9999999403953552,-2.3946192868606886e-06,0.00934547372162342,0.0009944797493517399,-0.015029477886855602,-0.0010021858615800738,0.0024480584543198347,-0.0002467916929163039,0.009344136342406273,-0.000994894071482122,0.015030274167656898,-0.0008585821487940848,-0.0010981584200635552,0.00024669835693202913,-2.1457672119140625e-06,-2.0054139895364642e-06,0.02499999850988388,0.0040251812897622585,0.004038829356431961,4.993194124836009e-06,7.074733730405569e-06,0.0,1320,0.6583333333333333
11.666666666496894,retreat,11.666667275130749,19.621498119854945,19.85849216580391,0.48357248306274414,0.026709152734838426,0.0,0.011772642210416961,0.0,0.0,0.0,0.0,0.0,66,0.017458748072385788,0.0007229516631923616,0.01745874620974064,0.0025294788647443056,0.0,-19.85849216580391,0.0,0.0,0.0,0.0,0.0,0.0,-5.973842417006381e-05,-2.2050620827940293e-05,-3.8804966607131064e-05,1.0,0.0016880463808774948,0.00025022984482347965,0.00409829244017601,0.011396463960409164,-0.1439579725265503,-0.08855694532394409,-0.4807327389717102,0.5595317482948303,0.4866819381713867,-2.013148546218872,-0.4138406217098236,2.4765255451202393,1.058854579925537,-0.0025039014872163534,-0.0030417810194194317,0.002589928451925516,-0.002394912065938115,0.00013060466153547168,-0.0006752479239366949,9.143439820036292e-05,0.6004927158355713,1.5061266822158359e-05,0.08754074573516846,-4.2730644054245204e-05,1.0,4.4278993300395086e-05,6.060813757358119e-05,-1.3045917512499727e-05,-8.87998794496525e-06,0.03239923715591431,3.855835529975593e-05,1.5458017514902167e-05,1.0,-3.9230353650054894e-06,0.014285007491707802,1.881817661342211e-05,-0.010037235915660858,-0.0006050864467397332,-0.0003925636992789805,-4.9226582632400095e-05,0.014283792115747929,-1.8410986740491353e-05,0.010038962587714195,-0.000602680433075875,0.0024561332538723946,4.9489986849948764e-05,-1.0728836059570312e-06,-1.9403141777729616e-06,0.02499999850988388,0.004025191068649292,0.004038890358060598,4.991155947209336e-06,7.068971171975136e-06,0.0,1320,0.6666666666666666
11.674999999830106,retreat,11.6750006088987,19.605173777246186,19.841791689395905,0.4908442497253418,0.024668406695127487,0.0,0.010898500477196649,0.0,0.00021550431847572327,8.676055358591839e-07,0.0,0.0,66,0.013102630153298378,7.504749373765662e-05,0.012898617424070835,0.0005434774211607873,-1.0552207569958227e-06,-19.841791689395905,-4.112078215712245e-07,8.592062840762082e-06,-0.00021533257677219808,-1.4459426722623903e-07,8.547792731405934e-07,3.441290274963649e-08,-6.567158561665565e-05,-2.9787779567413963e-05,-4.424614962772466e-05,1.0,0.0004863912472501397,-0.0006437819683924317,0.004544936586171389,-0.09474357217550278,-0.07267238944768906,-0.038360487669706345,-0.4807552695274353,0.5595088601112366,0.48670491576194763,-2.013148546218872,-0.4138401448726654,2.4765255451202393,1.058854579925537,-0.0025768661871552467,-0.00309863337315619,0.002764602657407522,-0.0021621009800583124,0.00022383758914656937,-0.0009417497203685343,3.830711284535937e-05,0.6004990339279175,1.3548357856052462e-05,0.08755609393119812,-4.301445733290166e-05,1.0,4.273938975529745e-05,7.344832556555048e-05,-1.292414526687935e-05,-8.33379635878373e-06,0.032397884875535965,4.366148277767934e-05,2.293022771482356e-05,1.0,1.235245576935995e-06,0.004206615500152111,0.000249836768489331,-0.012406486086547375,2.2619800802203827e-05,6.849082274129614e-05,2.072384268103633e-05,0.004204814322292805,-0.0002505445445422083,0.012407083064317703,5.856701318407431e-05,0.0005390804726630449,-2.063704414467793e-05,-1.4901161193847656e-06,-2.212405888712965e-06,0.02500000223517418,0.004024753347039223,0.00403766892850399,5.037463779444806e-06,7.1392860263586044e-06,0.0,1320,0.675
11.683333333163318,retreat,11.68333394266665,19.58855104530897,19.825679808855057,0.5002617835998535,0.02367206798226107,0.0,0.009169814802589826,0.0,1.9685778170241974e-05,7.891941322668572e-08,0.0,0.0,65,0.009499271400272846,0.0010620856191962957,0.009481442160904408,0.0016325730830430984,-8.880866442240176e-08,-19.825679808855057,-2.8477046498665004e-08,6.03079286065622e-07,-1.9676517695188522e-05,-1.1076844330659696e-08,7.81009816819278e-08,2.4113577801188057e-09,-4.405340223456733e-05,-6.850096542621031e-05,-5.162409070180729e-05,1.0,0.0007982968236319721,-0.001492867013439536,0.004089856054633856,-0.10249322652816772,-0.08735719323158264,-0.04806366190314293,-0.4807780385017395,0.5594859719276428,0.4867280423641205,-2.013148546218872,-0.4138384163379669,2.4765255451202393,1.058854579925537,-0.002665820298716426,-0.003168921684846282,0.002960142446681857,-0.0019529988057911396,0.000346950109815225,-0.0014363722875714302,-4.078586061950773e-05,0.6005052924156189,1.1524583896971308e-05,0.08757148683071136,-4.361233368399553e-05,1.0,4.0228129364550114e-05,8.617779531050473e-05,-1.0589759767754003e-05,-9.322279765910935e-06,0.03239716589450836,1.7676677089184523e-05,3.823806309810607e-06,1.0,8.012793841771781e-06,0.004028569906949997,0.0005134734092280269,-0.008587381802499294,-0.00017323270731139928,-0.0010470495326444507,-4.12742119806353e-05,0.004027131013572216,-0.000513898441568017,0.008588031865656376,-9.927038627211004e-05,0.0016289465129375458,4.143127443967387e-05,-3.3974647521972656e-06,-2.581355147412978e-06,0.02499999850988388,0.0040261512622237206,0.004039044491946697,4.4787448132410645e-06,6.3483312260359526e-06,0.0,1320,0.6833333333333333
11.69166666649653,retreat,11.6916672764346,19.571630889704547,19.81077492237091,0.5050301551818848,0.021254934836179018,0.0,0.0040597128645458724,0.055952909680744456,0.09593605995178223,0.00019505641830619425,0.07674986869096756,0.0,73,0.07385855168104172,0.0005994864623062313,0.025192683562636375,0.007333948276937008,-0.00028959392511751503,-19.81077492237091,-0.07669632881879807,-0.0038289735093712807,-0.057504262775182724,-4.658907346311025e-05,0.00018904931494034827,1.1697239642671775e-05,-3.762758205994032e-05,-7.583108526887372e-05,-3.799389014602639e-05,0.9999999403953552,-0.00043157764594070613,0.0002517694956623018,0.004221578128635883,0.01442339364439249,-0.03647364303469658,-0.006694220472127199,-0.48080092668533325,0.5594630837440491,0.4867563247680664,-2.013148546218872,-0.4138326644897461,2.476494073867798,1.058854579925537,-0.0027920715510845184,-0.003295200876891613,0.0031500449404120445,-0.002024814486503601,0.0006660940125584602,-0.003072843886911869,-0.00028690765611827374,0.6005054116249084,1.1510861440910958e-05,0.08758526295423508,-4.254656232660636e-05,0.9999999403953552,3.8651291106361896e-05,8.430498564848676e-05,-5.819275429530535e-06,-6.987630513322074e-06,0.032396022230386734,8.474026799376588e-06,-1.0236998377877171e-06,0.9999998807907104,-4.552426162263146e-06,0.05219384282827377,-0.005609299521893263,-0.05195598676800728,-0.00020595412934198976,0.000479105074191466,-0.0002956775715574622,0.05218464881181717,0.005608912091702223,0.051965247839689255,-0.0010172717738896608,0.007060779258608818,0.0002965040330309421,-3.814697265625e-06,-1.8998362065758556e-06,0.02500000223517418,0.004009699448943138,0.004023734014481306,5.293901267577894e-06,7.499795174226165e-06,0.0,1320,0.6916666666666667
11.699999999829743,retreat,11.70000061020255,19.554414276094175,19.796760380268097,0.5047917366027832,0.02152444540115539,0.0,0.004869079930358566,0.03956468118525214,0.08157354593276978,0.00016373749531339854,0.06525887548923492,0.0,72,0.08146432787179947,0.010004381649196148,0.00397656112909317,0.0008767188992351294,-0.0002472482228768058,-19.796760380268097,-0.06501784920692444,-0.005609514657407999,-0.048943404108285904,-1.1698820344463456e-05,0.00016331873484887183,3.1179229154076893e-07,-4.2940057028317824e-05,-7.241885032271966e-05,-3.7848752981517464e-05,1.0,-0.00045605128980241716,0.0002780715294647962,0.004222775809466839,0.014333823695778847,-0.03716045618057251,-0.01380249485373497,-0.4808238446712494,0.5594398975372314,0.48678499460220337,-2.013148546218872,-0.4138268530368805,2.476466417312622,1.058854579925537,-0.002854618476703763,-0.0034104299265891314,0.003217808436602354,-0.0021742505487054586,0.0008213244145736098,-0.0029504767153412104,-0.00035675260005518794,0.6005062460899353,1.1723062925739214e-05,0.08759944140911102,-4.184707358945161e-05,0.9999999403953552,3.702858157339506e-05,8.443610568065196e-05,-6.900703738210723e-06,-7.090316103131045e-06,0.032396186143159866,1.2017653716611676e-05,5.911318112339359e-06,0.9999999403953552,-3.997377461928409e-06,0.06264466792345047,-0.007428426295518875,-0.05154513567686081,0.00165644905064255,0.00986543856561184,0.00013017316814512014,0.06263541430234909,0.007428751327097416,0.051556337624788284,0.0005830019945278764,-0.0008156383410096169,-0.00012964781490154564,-3.635883331298828e-06,-1.892592990770936e-06,0.02500000223517418,0.004010041244328022,0.0040242476388812065,5.217671059654094e-06,7.379509042948484e-06,0.0,1320,0.7
11.708333333162955,retreat,11.708333943970501,19.536902170139115,19.782574474811554,0.5048513412475586,0.021108180590090342,0.0,0.010440561709401663,0.055952909680744456,0.10392621904611588,0.00020862824749201536,0.08314099162817001,0.0,65,0.09654784947633743,0.009927449747920036,0.008872871287167072,0.0010694466764107347,-0.00031611481972504407,-19.782574474811554,-0.08307233452796936,-0.0034051472321152687,-0.06235424429178238,-1.3587535249826033e-05,0.00020818316261284053,9.459264447286841e-07,-4.629590330296196e-05,-7.315626862691715e-05,-3.5174824006389827e-05,0.9999999403953552,-0.00046499475138261914,0.0002350279683014378,0.004280639812350273,0.00013095058966428041,-0.038052644580602646,-0.05104034021496773,-0.48084700107574463,0.5594059824943542,0.4868136942386627,-2.013148546218872,-0.41382095217704773,2.4764351844787598,1.058854579925537,-0.0029309720266610384,-0.003536974312737584,0.0033044430892914534,-0.0023732862900942564,0.0009906322229653597,-0.003191733732819557,-0.0004714534734375775,0.6005085706710815,1.0419643331260886e-05,0.08761906623840332,-3.8276335544651374e-05,0.9999999403953552,3.5249631764600053e-05,8.740985504118726e-05,-9.359267096442636e-06,-8.208563485823106e-06,0.03240162506699562,1.4254114830691833e-05,1.1046004146919586e-05,0.9999998807907104,-3.100047024418018e-06,0.07431622594594955,-0.004457375500351191,-0.06147127225995064,0.0007778176805004478,0.009895472787320614,-0.00016989211144391447,0.07430516183376312,0.0044579110108315945,0.06148463860154152,0.00013325491454452276,0.0008406052365899086,0.00017063146515283734,-3.635883331298828e-06,-1.7589100025361404e-06,0.02500000223517418,0.004010767210274935,0.004023914225399494,4.964469553669915e-06,7.034424925222993e-06,0.0,1320,0.7083333333333334
11.716666666496167,retreat,11.716667277738452,19.51909553750062,19.76354941725731,0.5050301551818848,0.020522964405245148,0.0,0.0059478275034052785,0.03956468118525214,0.1667240560054779,0.00033569405786693096,0.13338002562522888,0.0,68,0.14256079494953156,0.012858112342655659,0.024954257532954216,0.003493164200335741,-0.0004517822089837864,-19.76354941725731,-0.1332990676164627,-0.004831370431929827,-0.10002461820840836,-3.257106072851457e-05,0.0003340854309499264,4.069284841534682e-06,-3.665625990834087e-05,-6.787253369111568e-05,-4.4874675950268283e-05,0.9999999403953552,-0.000725332647562027,-0.001750305062159896,0.0038996003568172455,0.004748511128127575,-0.04531754180788994,0.008163053542375565,-0.4808701276779175,0.5593716502189636,0.48684239387512207,-2.0131587982177734,-0.41381075978279114,2.4763991832733154,1.058854579925537,-0.003039758885279298,-0.003688859287649393,0.003419506596401334,-0.0027674969751387835,0.0013022933853790164,-0.0038969391025602818,-0.0006577792228199542,0.6005052924156189,1.0289587407896761e-05,0.08763459324836731,-3.562518031685613e-05,1.0,3.3068445191020146e-05,8.301957132061943e-05,-5.617177976091625e-06,-7.925192221591715e-06,0.03239814192056656,1.5146861187531613e-05,3.5865091376763303e-06,0.9999999403953552,9.250292350770906e-06,0.11081328243017197,-0.0017273086123168468,-0.08967167884111404,0.0003101083275396377,0.012853406369686127,-0.00015754110063426197,0.11079827696084976,0.001728247501887381,0.0896902084350586,5.9619895182549953e-05,0.003155181184411049,0.00015866370813455433,-3.3974647521972656e-06,-2.2438580344896764e-06,0.02499999850988388,0.004009983502328396,0.004022973123937845,4.947720299242064e-06,7.016846211627126e-06,0.0,1320,0.7166666666666667
11.724999999829379,retreat,11.725000611506402,19.500995343839943,19.747351855039597,0.504910945892334,0.0206398508453276,0.0,0.011246968824707437,0.055952909680744456,0.04077780246734619,8.192421228159219e-05,0.03262224420905113,0.0,64,0.06890596449375153,0.01726263016462326,0.02818354032933712,0.00907836016267538,-0.00011282378181931563,-19.747351855039597,-0.03251194208860397,-0.002680373378098011,-0.024466682225465775,-7.384856417047558e-06,8.158804121194407e-05,6.567029799953161e-07,-2.2622851247433573e-05,-8.966879249783233e-05,-4.3913780245929956e-05,0.9999999403953552,-0.0005385583499446511,-0.0016357849817723036,0.004254418425261974,0.006035003811120987,-0.033734556287527084,-0.0023102513514459133,-0.4808933138847351,0.559337317943573,0.4868710935115814,-2.013201951980591,-0.41380468010902405,2.4763991832733154,1.058854579925537,-0.002990473760291934,-0.0037747016176581383,0.0033119770232588053,-0.002835271880030632,0.000984025071375072,-0.002019805135205388,-0.00038871384458616376,0.6004934906959534,1.5750729289720766e-05,0.0876414030790329,-3.738736631930806e-05,0.9999999403953552,3.647930498118512e-05,8.022542169783264e-05,6.2475578488374595e-06,-2.466614660079358e-06,0.03238873928785324,-9.444125680602156e-06,-1.3856611076334957e-05,0.9999998807907104,6.524946911667939e-06,0.05575541406869888,-0.006218397058546543,-0.04000872001051903,0.0020371361169964075,0.017139950767159462,0.00026567059103399515,0.05574854090809822,0.006219471339136362,0.04001811891794205,0.0011394349858164787,-0.00908517837524414,-0.00026606855681166053,-4.470348358154297e-06,-2.1957894205115736e-06,0.02499999850988388,0.00401086313650012,0.004023930057883263,5.124769813846797e-06,7.259572157636285e-06,0.0,1320,0.725
11.73333333316259,retreat,11.733333945274353,19.48260255481835,19.73884329199791,0.4945993423461914,0.025890865799738094,0.0,0.01313647680944996,0.03956468118525214,7.4418512667762116e-06,3.430957562500225e-08,0.0,0.0,65,0.0216746237128973,0.005810663569718599,0.02166907861828804,0.0037604609970003366,-3.291463024357455e-08,-19.73884329199791,6.235077165683833e-08,-1.3566236702899914e-06,-7.316886694752611e-06,1.5647183104761098e-08,3.004567616926579e-08,-5.437818195730415e-09,-3.369666956132278e-05,-8.06322495918721e-05,-3.440466753090732e-05,1.0,-0.0019855517894029617,0.000342352781444788,0.0045801689848303795,0.013808260671794415,0.06229175627231598,0.06204305589199066,-0.4809165894985199,0.5593029856681824,0.486899733543396,-2.0132036209106445,-0.41379886865615845,2.4763991832733154,1.058854579925537,-0.0029595547821372747,-0.0038407491520047188,0.0032844601664692163,-0.002612689509987831,0.0006704178522340953,-0.0014019329100847244,-0.00018168067617807537,0.6005018949508667,1.6654472346999682e-05,0.08766315132379532,-3.7970512494212016e-05,0.9999999403953552,3.5200333513785154e-05,9.766127914190292e-05,-1.3600042620964814e-05,-6.776485861337278e-06,0.032401978969573975,1.7029104128596373e-05,-1.503971930105763e-06,0.9999999403953552,-3.5653890790854348e-06,0.014307014644145966,-0.003504761029034853,-0.01590016670525074,0.0001369855453958735,0.005809030029922724,1.475721273891395e-05,0.01430366188287735,0.0035045607946813107,0.015903227031230927,-0.0003691992023959756,-0.0037422948516905308,-1.4968854884500615e-05,-4.0531158447265625e-06,-1.7203692550538108e-06,0.02499999850988388,0.004025206435471773,0.00403931038454175,4.988787623005919e-06,7.0695532485842705e-06,0.0,1320,0.7333333333333333
11.741666666495803,retreat,11.741667279042304,19.463918136097096,19.7170652449131,0.5047321319580078,0.02644900632731151,0.0,0.012364907888695598,0.03956468118525214,0.0,0.0,0.0,0.0,69,0.01153380237519741,0.0007526383851654828,0.011533801443874836,0.0016719148261472583,0.0,-19.7170652449131,0.0,0.0,0.0,0.0,0.0,0.0,-1.7152540749520995e-05,-0.00011566646571736783,-3.348097743582912e-05,1.0,-0.00038217968540266156,0.00035043194657191634,0.004448935389518738,0.014710143208503723,-0.021832186728715897,0.0014307890087366104,-0.4809400737285614,0.5592686533927917,0.48692843317985535,-2.013204574584961,-0.41379299759864807,2.476396083831787,1.058854579925537,-0.0030120813753455877,-0.003915976732969284,0.0034132529981434345,-0.0023935430217534304,0.0007216426893137395,-0.0018943420145660639,-0.00023424769460689276,0.6005098223686218,1.6706115275155753e-05,0.08768489211797714,-3.814600859186612e-05,0.9999999403953552,3.322008342365734e-05,0.00011394086322980002,-1.2449642781575676e-05,-7.271459253388457e-06,0.03240194171667099,-1.7260417735087685e-06,-1.6066942407633178e-05,0.9999999403953552,-4.666921995521989e-06,0.0072265323251485825,0.0004889316624030471,-0.00897589884698391,-0.00047409432590939105,-0.0005752207362093031,-0.00010402010957477614,0.007224519271403551,-0.0004891364369541407,0.008977508172392845,-0.0004036534810438752,0.0016191129107028246,0.00010409814422018826,-5.781650543212891e-06,-1.6741487343097106e-06,0.02499999850988388,0.004010752774775028,0.0040245093405246735,5.06008336742525e-06,7.166876457631588e-06,0.0,1320,0.7416666666666667
11.749999999829015,retreat,11.750000612810254,19.444943053337436,19.69679966568947,0.504612922668457,0.025884099159156904,0.0,0.006025419679644983,0.03956468118525214,0.2807510793209076,0.0005648384685628116,0.22460094094276428,0.0,68,0.20224696397781372,0.004183236509561539,0.08047540485858917,0.0189824178814888,-0.0008955256198532879,-19.69679966568947,-0.2243873029947281,-0.009823678992688656,-0.16844883561134338,-3.2943120459094644e-05,0.000563876994419843,4.390926733321976e-08,-4.746884951600805e-05,-7.496921170968562e-05,-3.1241641408996657e-05,1.0,-0.0009408345213159919,0.00022368589998222888,0.004216941073536873,0.012287457473576069,-0.06327323615550995,-0.03894079104065895,-0.4809682071208954,0.5592343211174011,0.4869571328163147,-2.0132288932800293,-0.4137820601463318,2.476351499557495,1.058854579925537,-0.003244296880438924,-0.004136236850172281,0.003686646930873394,-0.0029861279763281345,0.0016127430135384202,-0.005847689229995012,-0.0009009495843201876,0.6004980802536011,1.4925521099939942e-05,0.08769501000642776,-3.491813185974024e-05,0.9999999403953552,3.0082717785262503e-05,9.894439426716417e-05,1.4712713891640306e-07,-8.69625000632368e-06,0.03239179402589798,2.397590287728235e-05,1.7385658793500625e-05,0.9999999403953552,-3.674049821711378e-06,0.15256750583648682,-0.0034930414985865355,-0.1327207088470459,-0.0016797063872218132,0.0037652277387678623,-0.000707893748767674,0.15254102647304535,0.003492950927466154,0.13275113701820374,-0.0021867151372134686,0.0182749405503273,0.0007100636139512062,-3.7550926208496094e-06,-1.5622608771082014e-06,0.02499999850988388,0.0040095592848956585,0.0040233442559838295,5.316149326972663e-06,7.533555617555976e-06,0.0,1320,0.75
11.758333333162227,retreat,11.758333946578205,19.425678272200628,19.685038924217224,0.4979372024536133,0.024673336156411096,0.0,0.012869218153355177,0.0,3.262012978666462e-05,1.307689103668963e-07,0.0,0.0,69,0.060501519590616226,0.027356378734111786,0.060485560446977615,0.019752539694309235,-1.56312599475239e-07,-19.685038924217224,-3.535012993438613e-08,7.518198117395514e-07,-3.261144593125209e-05,-1.4534748515870888e-08,1.299237482044191e-07,3.011166205268978e-09,-3.595315865823068e-05,-8.82958629517816e-05,-3.142614150419831e-05,1.0,-0.0009834313532337546,1.17514246085193e-05,0.00476894760504365,-0.03189193829894066,-0.0055795516818761826,0.010274536907672882,-0.48099637031555176,0.5591999888420105,0.48698586225509644,-2.013274669647217,-0.4137706458568573,2.476351499557495,1.058854579925537,-0.0031026906799525023,-0.004181435331702232,0.0034311064518988132,-0.003043924458324909,0.0011761460918933153,-0.0016667339950799942,-0.0004759064468089491,0.6004851460456848,1.835772673075553e-05,0.08770107477903366,-3.85302264476195e-05,0.9999999403953552,2.9301589165697806e-05,9.445686737308279e-05,6.697115168208256e-06,-3.819347512035165e-06,0.03238609805703163,6.1614796322828624e-06,6.652004231000319e-06,1.0,-7.10327685737866e-06,0.052033208310604095,-0.008274211548268795,-0.029740821570158005,0.004803837742656469,0.026916416361927986,0.0008950376068241894,0.052027102559804916,0.008274966850876808,0.029751282185316086,0.003609761130064726,-0.019399363547563553,-0.0008957070531323552,-4.410743713378906e-06,-1.5714649634901434e-06,0.02500000223517418,0.004024263471364975,0.004037375561892986,5.172223609406501e-06,7.335038390010595e-06,0.0,1320,0.7583333333333333
11.76666666649544,retreat,11.766667280346155,19.406124758347925,19.677741080522537,0.4871487617492676,0.028049837055732496,0.0,0.0056748413044260815,0.03956468118525214,0.0,0.0,0.0,0.0,70,0.017178116366267204,0.003120221896097064,0.017178112640976906,0.0017575110541656613,0.0,-19.677741080522537,0.0,0.0,0.0,0.0,0.0,0.0,-2.8100155759602785e-05,-9.534929267829284e-05,-3.37481324095279e-05,0.9999999403953552,-0.002539259847253561,0.0005300852935761213,0.0047752284444868565,0.024438032880425453,0.09321849793195724,0.08344748616218567,-0.48102298378944397,0.5591656565666199,0.4870145618915558,-2.0133044719696045,-0.4137647747993469,2.476351499557495,1.058854579925537,-0.0030823303386569023,-0.004241361748427153,0.003445451380684972,-0.0027539669536054134,0.0009097571601159871,-0.0015559621388092637,-0.00038999432581476867,0.6004799604415894,2.0474413759075105e-05,0.0877125933766365,-3.984006616519764e-05,0.9999999403953552,2.976262658194173e-05,9.818873513722792e-05,8.518049980921205e-07,-4.994315531803295e-06,0.03239031881093979,2.8395536446623737e-06,-1.661977535150072e-06,0.9999999403953552,-6.0920110627193935e-06,0.010100185871124268,0.0006384995067492127,-0.013880426064133644,-0.0008188259089365602,0.002958510536700487,-0.0005590396467596292,0.010097498074173927,-0.0006390042253769934,0.013882354833185673,-0.0007266772445291281,-0.0014994986122474074,0.0005588283529505134,-4.76837158203125e-06,-1.6875401342986152e-06,0.02499999850988388,0.004025554284453392,0.004038686864078045,5.151183358975686e-06,7.2985130827873945e-06,0.0,1320,0.7666666666666666
11.774999999828651,retreat,11.775000614114106,19.386283477440593,19.665246456861496,0.48166513442993164,0.029851100407540798,0.0,0.014035182175575756,0.03956468118525214,0.0,0.0,0.0,0.0,70,0.01516963355243206,0.0006848298362456262,0.015169631689786911,0.00135035568382591,0.0,-19.665246456861496,0.0,0.0,0.0,0.0,0.0,0.0,-3.4750406484818086e-05,-8.740311022847891e-05,-3.125635703327134e-05,1.0,-0.000978951808065176,0.00031712540658190846,0.004884932655841112,0.010548925958573818,0.008274195715785027,0.024632377550005913,-0.48105141520500183,0.5591313242912292,0.48704326152801514,-2.0133044719696045,-0.4137588441371918,2.476351499557495,1.058854579925537,-0.003114305203780532,-0.004307849798351526,0.0035525455605238676,-0.0024739515502005816,0.0009246424306184053,-0.001990427728742361,-0.00038810426485724747,0.60048907995224,1.7782389477360994e-05,0.0877351313829422,-4.022604480269365e-05,0.9999999403953552,2.5475770598859526e-05,0.00011650100350379944,-1.4939780157874338e-05,-9.462599336984567e-06,0.03240036219358444,2.9098502636770718e-05,9.274506737710908e-06,0.9999999403953552,-8.967866961029358e-06,0.010030610486865044,0.0014659353764727712,-0.011285196989774704,-0.000648467568680644,0.00017781410133466125,0.0001298609422519803,0.010028055869042873,-0.0014663317706435919,0.011287412606179714,-0.00043682323303073645,0.001271141692996025,-0.00012978739687241614,-4.351139068603516e-06,-1.5629702829755843e-06,0.02499999850988388,0.004025561269372702,0.0040387664921581745,4.853202881349716e-06,6.875896360725164e-06,0.0,1320,0.775
11.783333333161863,retreat,11.783333947882056,19.36615539513988,19.64193359017372,0.49036741256713867,0.02760091047093738,0.0,0.013592378309112974,0.03956468118525214,0.0,0.0,0.0,0.0,74,0.01138682384043932,0.0008393460884690285,0.01138682384043932,0.0016071959398686886,0.0,-19.64193359017372,0.0,0.0,0.0,0.0,0.0,0.0,-4.855238876189105e-05,-8.471778710372746e-05,-2.922839303209912e-05,0.9999999403953552,-0.0007044376689009368,0.001455918070860207,0.00498329009860754,0.09898000955581665,-0.007327633909881115,0.013242198154330254,-0.4810795187950134,0.5590969920158386,0.4870724081993103,-2.0133044719696045,-0.41374871134757996,2.476346015930176,1.058854579925537,-0.0031492887064814568,-0.004374199081212282,0.003660609945654869,-0.0022237570956349373,0.0010316484840586782,-0.002470932435244322,-0.0005067294696345925,0.6004969477653503,1.5588388123433106e-05,0.08775722235441208,-4.1534716729074717e-05,1.0,1.982453977689147e-05,0.00013184285489842296,-1.5099281881703064e-05,-9.321572179032955e-06,0.03239915519952774,4.71265047963243e-05,2.872750883398112e-05,0.9999999403953552,-1.2301592505536973e-05,0.005312525667250156,-0.0017763450741767883,-0.009913698770105839,5.040947871748358e-05,-0.0008142903679981828,-0.0001972104364540428,0.005309841129928827,0.0017757322639226913,0.00991524662822485,-0.00020642654271796346,0.0015816176310181618,0.0001973637263290584,-4.231929779052734e-06,-1.4616252883570269e-06,0.02499999850988388,0.00402465183287859,0.004038857761770487,6.819584086770192e-06,9.674549801275134e-06,0.0,1320,0.7833333333333333
11.791666666495075,retreat,11.791667281650007,19.345741477107055,19.619224220514297,0.5017518997192383,0.025659388484200463,0.019782341029446364,0.005101767783344258,0.0,0.0,0.0,0.0,0.0,65,0.009244325570762157,0.0010264504235237837,0.009244322776794434,0.001375495339743793,0.0,-19.62060287155688,0.0,0.0,0.0,0.0,0.0,0.0,-1.8833958165487275e-05,-0.00013034758740104735,-3.644320895546116e-05,1.0,-0.0015017244732007384,0.0004055173194501549,0.00493305828422308,0.01758178137242794,0.04266050457954407,0.047713469713926315,-0.48110753297805786,0.559062659740448,0.48710623383522034,-2.0133044719696045,-0.4137372076511383,2.4763026237487793,1.058854579925537,-0.003198703983798623,-0.004432829562574625,0.0038037635385990143,-0.0020150351338088512,0.0012425249442458153,-0.0028709126636385918,-0.0006738992524333298,0.6004970669746399,1.3988730643177405e-05,0.08777651190757751,-3.9066155295586213e-05,0.9999999403953552,1.5356828953372315e-05,0.0001291229564230889,-3.656979060906451e-06,-9.139485882769804e-06,0.03239572048187256,-1.2244464642208186e-06,3.477509380900301e-06,1.0,-2.6225222882203525e-06,0.0023001194931566715,0.0010786032071337104,-0.008888398297131062,9.794836660148576e-05,-0.0010131023591384292,-0.00013277895050123334,0.002297857077792287,-0.0010792266111820936,0.008888904936611652,0.00025361368898302317,0.0013453577412292361,0.00013296661200001836,-6.496906280517578e-06,-1.822283593355678e-06,0.02499999850988388,0.0040268972516059875,0.004040592350065708,4.607250048138667e-06,6.517395377159119e-06,0.0,1320,0.7916666666666666
11.799999999828287,retreat,11.800000615417957,19.32504268900336,19.599051773548126,0.5017518997192383,0.023888111172709614,0.019782341029446364,0.0042857845983235165,0.055952909680744456,0.0,0.0,0.0,0.0,73,0.010313311591744423,0.0004642065323423594,0.010313314385712147,0.001204228145070374,0.0,-19.60043042459071,0.0,0.0,0.0,0.0,0.0,0.0,-1.720515138003975e-05,-0.00012040550063829869,-3.46720298693981e-05,0.9999999403953552,-0.0006928920047357678,0.0004097812925465405,0.005094363819807768,0.01712947152554989,-0.0023224856704473495,0.01192275807261467,-0.4811355173587799,0.5590283274650574,0.48714062571525574,-2.0133044719696045,-0.41372567415237427,2.476256847381592,1.058854579925537,-0.0032378179021179676,-0.004500092938542366,0.003918435890227556,-0.0018346839351579547,0.0013994218315929174,-0.0032306592911481857,-0.0008057081722654402,0.6004965901374817,1.2979824532521889e-05,0.08779575675725937,-3.663079405669123e-05,0.9999999403953552,1.1422250281611923e-05,0.00012568978127092123,-2.9575658118119463e-06,-8.534962944395375e-06,0.03239479288458824,5.284513008518843e-06,5.782961579825496e-06,0.9999998807907104,-1.957968379429076e-06,0.005429218057543039,-0.0006292088655754924,-0.008745974861085415,0.00016877085727173835,-0.0004092465387657285,-0.00013971899170428514,0.005427005235105753,0.0006286924472078681,0.008747389540076256,7.773460674798116e-05,0.0011935484362766147,0.00013987426063977182,-6.020069122314453e-06,-1.7337042663712054e-06,0.02500000223517418,0.004025488626211882,0.004038944840431213,5.011994289816357e-06,7.101218216121197e-06,0.0,1320,0.8
11.8083333331615,retreat,11.808333949185908,19.304059996490064,19.579046964645386,0.5010366439819336,0.02306826354470104,0.0,0.004840632755076513,0.055952909680744456,0.0,0.0,0.0,0.0,73,0.01009745616465807,0.0003067013749387115,0.010097452439367771,0.0007108934223651886,0.0,-19.579046964645386,0.0,0.0,0.0,0.0,0.0,0.0,-1.9170607629348524e-05,-0.00011161318252561614,-3.2939668017206714e-05,0.9999999403953552,-0.0002824257535394281,0.00035776649019680917,0.005193203222006559,0.012798099778592587,-0.023274661973118782,-0.00017609357018955052,-0.48116371035575867,0.5589939951896667,0.48717501759529114,-2.0133044719696045,-0.41371414065361023,2.4762110710144043,1.058854579925537,-0.003268210217356682,-0.004565494135022163,0.004017253872007132,-0.0016720992280170321,0.001542861806228757,-0.0034732173662632704,-0.0009222591179423034,0.6004965305328369,1.1653788533294573e-05,0.08781543374061584,-3.399414345039986e-05,0.9999999403953552,7.439061391778523e-06,0.00012233776214998215,-3.396028660063166e-06,-9.212018994730897e-06,0.03239446505904198,1.0724984349508304e-05,1.1731322047126014e-05,0.9999998807907104,-1.052965330927691e-06,0.0052810111083090305,-0.0007326240884140134,-0.00857512652873993,0.0002753102744463831,8.10162746347487e-05,-0.00010819586896104738,0.005278902128338814,0.0007321194279938936,0.008576464839279652,0.000169355800608173,0.000681873585563153,0.00010833477426785976,-5.602836608886719e-06,-1.6470894479425624e-06,0.02500000223517418,0.004025206435471773,0.004039127379655838,5.004193553759251e-06,7.081427611410618e-06,0.0,1320,0.8083333333333333
11.816666666494712,retreat,11.816667282953858,19.28279436522842,19.55868825316429,0.501096248626709,0.021471420041052625,0.0,0.004679720859712688,0.055952909680744456,0.0,0.0,0.0,0.0,69,0.00953785888850689,0.00023635267280042171,0.009537855163216591,0.0005852017784491181,0.0,-19.55868825316429,0.0,0.0,0.0,0.0,0.0,0.0,-1.657747088756878e-05,-0.00010832522821146995,-2.9902284950367175e-05,0.9999999403953552,-0.0006194114102981985,-0.00011413562606321648,0.005591536872088909,-0.04296495392918587,-0.0008403228712268174,0.01472428534179926,-0.4811919331550598,0.5589596629142761,0.48720940947532654,-2.0133044719696045,-0.41370105743408203,2.476165294647217,1.058854579925537,-0.003292657667770982,-0.004626518115401268,0.004109879489988089,-0.001520133693702519,0.0016866832738742232,-0.0036807695869356394,-0.0010384725173935294,0.6004959940910339,1.0479780030436814e-05,0.08783438056707382,-3.19276841764804e-05,0.9999999403953552,2.7228104499954497e-06,0.00011822580563602969,-2.5333388293802273e-06,-8.923159839469008e-06,0.03239305317401886,9.901029443426523e-06,1.3854582903150003e-05,0.9999998807907104,-2.0237387161614606e-06,0.0035368967801332474,-4.6677359932800755e-05,-0.00885770469903946,0.0001999538071686402,-2.7616955776466057e-05,-0.00012295677151996642,0.003534802235662937,4.613102646544576e-05,0.00885854009538889,0.00019309956405777484,0.0005385423428378999,0.00012306841381359845,-5.424022674560547e-06,-1.4952038327464834e-06,0.02499999850988388,0.004024359863251448,0.004037964623421431,5.117693945067003e-06,7.25159770809114e-06,0.0,1320,0.8166666666666667
11.824999999827924,retreat,11.825000616721809,19.261246760879683,19.539078325033188,0.5005598068237305,0.020219571524648927,0.0,0.004647510195354698,0.055952909680744456,0.0,0.0,0.0,0.0,68,0.008861647918820381,0.00030285678803920746,0.008861650712788105,0.0008076918893493712,0.0,-19.539078325033188,0.0,0.0,0.0,0.0,0.0,0.0,-1.2124101886001881e-05,-0.00010314772953279316,-2.7454947485239245e-05,0.9999999403953552,0.00024344059056602418,0.0005044352146796882,0.005386685021221638,0.02216179110109806,-0.049237485975027084,-0.022142890840768814,-0.481220543384552,0.5589252710342407,0.4872438311576843,-2.0133044719696045,-0.4136839509010315,2.4761195182800293,1.058854579925537,-0.003314557019621134,-0.004697201307862997,0.004189038183540106,-0.0013797120191156864,0.001797588774934411,-0.0039437999948859215,-0.0011407315032556653,0.6004956364631653,9.33637420530431e-06,0.08785407990217209,-3.0811021133558825e-05,0.9999999403953552,-3.367777253515669e-06,0.00011448484292486683,-2.469931132509373e-06,-8.887070180207957e-06,0.03239314258098602,1.133757996285567e-05,1.5491905287490226e-05,0.9999998807907104,-3.3543310564709827e-06,0.005203292705118656,-0.0017163229640573263,-0.006964824162423611,0.00025159024517051876,-3.91804933315143e-05,-0.0001639801193960011,0.00520170945674181,0.0017158595146611333,0.006966124754399061,3.548891982063651e-06,0.0007908421684987843,0.0001640802511246875,-5.185604095458984e-06,-1.3728094927500933e-06,0.02499999850988388,0.00402440782636404,0.004038035869598389,5.4130214266479015e-06,7.667869795113802e-06,0.0,1320,0.825
11.833333333161136,retreat,11.83333395048976,19.239418149105113,19.518741965293884,0.5004405975341797,0.019202705516363494,0.0,0.005532350314751966,0.055952909680744456,5.434410195448436e-05,2.1733718824634707e-07,0.0,0.0,69,0.008563202805817127,0.0003894036926794797,0.00851554423570633,0.0004926447873003781,-3.0729160638287567e-07,-19.518741965293884,-3.445738983032243e-08,7.497214937757235e-07,-5.433892147266306e-05,-1.8571501669839563e-08,2.1652148518569447e-07,2.9997946349169524e-09,-3.1717445381218567e-06,-0.00010099324572365731,-2.7356320060789585e-05,0.9999999403953552,0.0003358535177540034,0.00047378972521983087,0.005450707394629717,0.019094426184892654,-0.052284903824329376,-0.023740913718938828,-0.4812491536140442,0.5588908791542053,0.4872782528400421,-2.0133044719696045,-0.413666695356369,2.476073741912842,1.058854103088379,-0.0033325294498354197,-0.004762085620313883,0.004266238771378994,-0.0012531798565760255,0.0019266923191025853,-0.004117004107683897,-0.0012573343701660633,0.6004951596260071,7.945322067826055e-06,0.087873175740242,-2.9803222787450068e-05,0.9999999403953552,-9.90529042610433e-06,0.00011044023267459124,-1.8501314116292633e-06,-9.326647159468848e-06,0.032391902059316635,9.447347110835835e-06,1.3077032235742081e-05,0.9999998807907104,-2.445553718644078e-06,0.003984313923865557,-0.0009035423281602561,-0.007525775581598282,0.00029802421340718865,0.00015603950305376202,-0.00019613381300587207,0.003982669208198786,0.0009030148503370583,0.007526709698140621,0.0001673906372161582,0.0004195170185994357,0.00019623465777840465,-5.066394805908203e-06,-1.3678327377419919e-06,0.02500000223517418,0.004024397116154432,0.004038088954985142,5.354993845685385e-06,7.58600072003901e-06,0.0,1320,0.8333333333333334
11.841666666494348,retreat,11.84166728425771,19.217309495565967,19.499042630195618,0.5000829696655273,0.017824675524025224,0.0,0.0074345616667415015,0.0,6.93333349772729e-05,2.774533811589208e-07,0.0,0.0,65,0.008018272928893566,0.00030212817364372313,0.007955072447657585,0.0005024048732593656,-3.970669490982459e-07,-19.499042630195618,-5.577633999109821e-08,1.2191441101094824e-06,-6.932259566383436e-05,-2.6862398527782716e-08,2.7610684583123657e-07,4.878438097932758e-09,4.751300082261878e-07,-9.744027920532972e-05,-2.5891542463796213e-05,1.0,0.00021067274792585522,0.0004114349721930921,0.005561280529946089,0.013685513287782669,-0.04323730245232582,-0.014247369021177292,-0.4812777638435364,0.5588453412055969,0.4873127341270447,-2.0133044719696045,-0.41364943981170654,2.4760279655456543,1.0588502883911133,-0.0033472380600869656,-0.004826791118830442,0.004338785540312529,-0.0011324280640110373,0.0020424951799213886,-0.00429675355553627,-0.001365236472338438,0.600497305393219,5.534858701139456e-06,0.08789881318807602,-2.633561052789446e-05,1.0,-1.4444496628129855e-05,0.00011154510139022022,-4.42655618826393e-06,-1.0583357834548224e-05,0.03239785507321358,1.4105177797318902e-05,1.3969046449346934e-05,1.0,-4.42715247572778e-07,0.003164887661114335,-0.0007746468763798475,-0.0073263980448246,0.00021618473692797124,1.3425282304524444e-05,-0.00021063083840999752,0.0031632755417376757,0.000774169631768018,0.007327144965529442,0.00010416067379992455,0.0004437556490302086,0.0002107143955072388,-4.887580871582031e-06,-1.294574758503586e-06,0.02500000223517418,0.00402443390339613,0.00403811689466238,5.242816769168712e-06,7.424619980156422e-06,0.0,1320,0.8416666666666667
11.84999999982756,retreat,11.85000061802566,19.1949217659235,19.472887367010117,0.5020499229431152,0.015238713785947766,0.0,0.006351376669044839,0.055952909680744456,3.035304143850226e-05,1.2160188589405152e-07,0.0,0.0,61,0.006412436719983816,0.00048005353892222047,0.0063837324269115925,0.0006101421895436943,-1.683309086564222e-07,-19.472887367010117,-3.603831189025186e-08,7.913457693575765e-07,-3.0342702302732505e-05,-1.484306988430717e-08,1.2065109444847621e-07,3.164962070201227e-09,3.64333550351148e-06,-9.509910159977153e-05,-2.2977734261075966e-05,0.9999999403953552,-0.00024239026242867112,0.0005134572274982929,0.005504149943590164,0.019444182515144348,-0.015137710608541965,0.0036731550935655832,-0.48130637407302856,0.5588005781173706,0.4873479902744293,-2.0133044719696045,-0.4136320948600769,2.475982189178467,1.0588289499282837,-0.0033594793640077114,-0.004888697527348995,0.004408278036862612,-0.0010248733451589942,0.0021730554290115833,-0.004499767906963825,-0.0014655448030680418,0.6004992723464966,3.6177591482555727e-06,0.08792360126972198,-2.3313721612794325e-05,0.9999999403953552,-1.0135436241398565e-05,0.0001121416426030919,-4.464792255021166e-06,-1.0110369657923002e-05,0.03239647299051285,1.704269197944086e-05,6.4917417148535606e-06,0.9999998807907104,-3.3543176414241316e-07,0.0015446397010236979,-0.0012402127031236887,-0.006098795682191849,0.00028942045173607767,-0.0003664259857032448,-0.00011144149902975187,0.0015432970831170678,0.001239897683262825,0.00609920360147953,0.00011017525685019791,0.0005895418580621481,0.00011151487706229091,-4.76837158203125e-06,-1.148869159806054e-06,0.02499999850988388,0.004025974310934544,0.004039483610540628,4.929021088173613e-06,6.9757807068526745e-06,0.0,1320,0.85
11.858333333160772,retreat,11.858333951793611,19.17225592583897,19.44763734936714,0.5044937133789062,0.013397088878264185,0.0,0.005071871328254929,0.055952909680744456,0.0,0.0,0.0,0.0,63,0.006142021622508764,0.0005140359862707555,0.006142021622508764,0.0007855285657569766,0.0,-19.44763734936714,0.0,0.0,0.0,0.0,0.0,0.0,1.9808463491699513e-07,-9.989321551984176e-05,-1.9809474906651303e-05,0.9999998807907104,0.00025244124117307365,0.0004214470973238349,0.0055518988519907,0.013196434825658798,-0.042762503027915955,-0.015462041832506657,-0.48133498430252075,0.5587548613548279,0.4873870611190796,-2.0133044719696045,-0.41361385583877563,2.4759364128112793,1.0588068962097168,-0.0033732575830072165,-0.004951776470988989,0.004479357041418552,-0.0009408122859895229,0.002318489830940962,-0.004719584248960018,-0.001516914926469326,0.6005014181137085,4.010011252830736e-06,0.08794966340065002,-2.1043220840510912e-05,0.9999999403953552,-3.9785245462553576e-06,0.0001134797785198316,-4.253503448126139e-06,-8.023583177418914e-06,0.03239728510379791,1.3586624845629558e-05,3.7802926726726582e-06,0.9999998807907104,-1.2333777021922288e-06,0.0025930842384696007,-0.0010666584130376577,-0.005464666988700628,0.0002745705423876643,-0.0003649250138550997,0.00023595293168909848,0.0025918525643646717,0.0010664077708497643,0.005465300288051367,0.00012048777716699988,0.000739529263228178,-0.00023586915631312877,-5.0067901611328125e-06,-9.904724720399827e-07,0.02499999850988388,0.004026109352707863,0.00403993297368288,4.740099029731937e-06,6.715272320434451e-06,0.0,1320,0.8583333333333333
11.866666666493984,retreat,11.866667285561562,19.14931294097364,19.4218210875988,0.5057454109191895,0.013546980881073978,0.0,0.0047939674914232455,0.0,0.03439032658934593,6.93043039063923e-05,0.027512265369296074,0.0,71,0.028127603232860565,0.0003240859368816018,0.008243757300078869,0.002584782661870122,-0.00013499269516614731,-19.4218210875988,-0.02742505818605423,-0.0021890781354159117,-0.020634161308407784,-4.933454874844756e-06,6.912344542797655e-05,8.347917059836618e-07,-3.7170109408179997e-06,-9.666161349741742e-05,-2.5339815692859702e-05,1.0,-8.339989290107042e-05,-0.0006432859227061272,0.0055809710174798965,-0.07408695667982101,-0.037047211080789566,0.015812933444976807,-0.48136359453201294,0.5587090849876404,0.48742687702178955,-2.0133044719696045,-0.41359102725982666,2.475890636444092,1.058784008026123,-0.0033990805968642235,-0.005028779152780771,0.004552733618766069,-0.0009643330704420805,0.002544010989367962,-0.005304436199367046,-0.0016309322090819478,0.6005036234855652,5.336526101018535e-06,0.08797570317983627,-2.0304716599639505e-05,1.0,1.2083527280992712e-06,0.00011467395961517468,-5.2845189202344045e-06,-6.8948129410273395e-06,0.032397523522377014,1.801239704946056e-05,2.5077067675738363e-06,1.0,5.035410140408203e-06,0.01939547248184681,-0.0003618396585807204,-0.020367788150906563,-4.549569348455407e-05,0.00029172454378567636,0.0001336361892754212,0.019390800967812538,0.000361059297574684,0.02037225104868412,-9.788601164473221e-05,0.002510207938030362,-0.00013342105376068503,-4.827976226806641e-06,-1.2670088835875504e-06,0.02499999850988388,0.004010623786598444,0.004023388493806124,4.996049028704874e-06,7.075810572132468e-06,0.0,1320,0.8666666666666667
11.874999999827196,retreat,11.875000619329512,19.126093776988757,19.39622089266777,0.5056262016296387,0.01476427678426262,0.0,0.006861188921902794,0.0,0.10274749994277954,0.00020735709404107183,0.08219856023788452,0.0,66,0.08039933443069458,0.004388878587633371,0.023053433746099472,0.004689808469265699,-0.0003946882934542373,-19.39622089266777,-0.08185552805662155,-0.0075607337057590485,-0.06164054572582245,-6.928676157258451e-06,0.0002072344213956967,-1.6890980987227522e-06,-1.2646558388951235e-05,-8.616057311883196e-05,-1.4960896805860102e-05,1.0,-0.000316936697345227,0.00037865512422285974,0.005436773411929607,0.01329754013568163,-0.0355098657310009,0.0007496704929508269,-0.4813922047615051,0.5586633086204529,0.4874666631221771,-2.0133044719696045,-0.41356807947158813,2.4758448600769043,1.0587611198425293,-0.003421257482841611,-0.005151097197085619,0.004553443752229214,-0.0012047780910506845,0.0027879849076271057,-0.00628037890419364,-0.0017777140019461513,0.600506067276001,6.5975063989753835e-06,0.0880022719502449,-1.987617179111112e-05,1.0,5.999884251650656e-06,0.00011621943122008815,-7.947810445330106e-06,-6.878904969198629e-06,0.032398492097854614,3.005902181030251e-05,6.6466554926591925e-06,1.0,-4.914320470561506e-06,0.060966067016124725,-0.007287463638931513,-0.05190456286072731,0.00042045721784234047,0.00436863349750638,2.2606096536037512e-05,0.06095391511917114,0.007286131381988525,0.05191902443766594,-0.0006327640148811042,0.004438681062310934,-2.2099047782830894e-05,-4.291534423828125e-06,-7.480994099751115e-07,0.02499999850988388,0.004009885247796774,0.004024005029350519,5.243806299404241e-06,7.429684046655893e-06,0.0,1320,0.875
11.883333333160408,retreat,11.883333953097463,19.102599399545586,19.37073990702629,0.5053281784057617,0.015804598660906777,0.0,0.008958391845226288,0.0,0.1732892543077469,0.0003495112177915871,0.1386316865682602,0.0,60,0.14130349457263947,0.012403213419020176,0.03225154057145119,0.003963152412325144,-0.0006610417913179845,-19.37073990702629,-0.1380847990512848,-0.012356908991932869,-0.103966623544693,-1.8093323888024315e-05,0.0003490403760224581,-1.233900320585235e-06,-2.2091569917392917e-05,-7.883287617005408e-05,-1.4132157048152294e-05,1.0,-0.0005143513553775847,0.0003671199083328247,0.005264095030725002,0.014001264236867428,-0.04621255397796631,-0.017428534105420113,-0.4814208149909973,0.5586175322532654,0.48750603199005127,-2.0133044719696045,-0.4135438799858093,2.475799083709717,1.0587382316589355,-0.003442196175456047,-0.005305035971105099,0.004496462643146515,-0.0017149284249171615,0.0031202093232423067,-0.0070079718716442585,-0.001972552388906479,0.6005082726478577,7.65392542234622e-06,0.0880281925201416,-1.9598062863224186e-05,1.0,1.029548639053246e-05,0.00011721811461029574,-1.0515956091694534e-05,-6.8808985815849155e-06,0.03239893168210983,3.838553311652504e-05,1.1795965292549226e-05,1.0,-5.464126388687873e-06,0.11032453924417496,-0.01038896944373846,-0.08767692744731903,0.0013787326170131564,0.012326274067163467,4.205331424600445e-05,0.11030376702547073,0.010387805290520191,0.08770320564508438,-0.0001228292239829898,0.003611380234360695,-4.107237691641785e-05,-3.933906555175781e-06,-7.066946636768989e-07,0.02499999850988388,0.004010174423456192,0.004024133551865816,5.1986371545353904e-06,7.357477443292737e-06,0.0,1320,0.8833333333333333
11.89166666649362,retreat,11.891667286865413,19.07883077430538,19.346309453248978,0.5049705505371094,0.016986758055281825,0.0,0.012307263205002528,0.03956468118525214,0.22971726953983307,0.0004635015793610364,0.18377429246902466,0.0,59,0.19392229616641998,0.020676052197813988,0.03620225936174393,0.002182389609515667,-0.0008644539047963917,-19.346309453248978,-0.18350952863693237,-0.01001134142279625,-0.13781891763210297,5.182660061109345e-07,0.0004634293436538428,-8.166573934431653e-06,-2.53351972787641e-05,-7.917505718069151e-05,-1.436681759514613e-05,0.9999999403953552,-0.0007591912872157991,-0.0031680765096098185,0.0051506501622498035,0.1990257203578949,-0.05464693531394005,-0.019502535462379456,-0.4814494252204895,0.5585717558860779,0.48754051327705383,-2.0133044719696045,-0.41351646184921265,2.4757533073425293,1.0587153434753418,-0.003471703501418233,-0.005470593925565481,0.004433696623891592,-0.0024521921295672655,0.003515878925099969,-0.0072300005704164505,-0.0021752736065536737,0.6005101203918457,5.857022188138217e-06,0.08805367350578308,-1.9064877051278017e-05,1.0,1.1251954674662556e-05,0.00011731158883776516,-1.2727549801638816e-05,-9.89453292277176e-06,0.032399982213974,3.813684088527225e-05,1.40830670716241e-05,0.9999999403953552,-4.695980351243634e-06,0.15361365675926208,-0.004085912834852934,-0.1182878166437149,0.0013994332402944565,0.020628556609153748,5.800104554509744e-05,0.15358580648899078,0.004084859509021044,0.11832401901483536,0.0008079452672973275,0.0015626680105924606,-5.618010618491098e-05,-3.933906555175781e-06,-7.184407877502963e-07,0.02499999850988388,0.0040108636021614075,0.004023779649287462,0.00032942183315753937,0.0004667322209570557,0.0,1320,0.8916666666666666
11.899999999826832,retreat,11.900000620633364,19.0547888669294,19.322393089532852,0.5053877830505371,0.015023761079646647,0.0,0.012060607332387008,0.03956468118525214,0.24820630252361298,0.0005017771618440747,0.19856689870357513,0.0,51,0.21904124319553375,0.02678249403834343,0.02993520349264145,0.0009627287508919835,-0.0009101738687604666,-19.322393089532852,-0.19851800799369812,-0.005577560514211655,-0.14888203144073486,-6.401319114957005e-05,0.000497513625305146,1.276036800845759e-05,-2.3690574380452745e-05,-8.69016075739637e-05,-1.897034962894395e-05,1.0,-0.0008754689479246736,-0.00017455921624787152,0.005094196647405624,-0.06096747890114784,-0.06222347542643547,0.06864584982395172,-0.4814780056476593,0.5585259795188904,0.4875749349594116,-2.0133445262908936,-0.4134882688522339,2.475707530975342,1.058692455291748,-0.003437845967710018,-0.005653158761560917,0.00422651506960392,-0.00323869870044291,0.0036052782088518143,-0.0068312049843370914,-0.0022000630851835012,0.6004928350448608,8.947035894379951e-06,0.08806443214416504,-2.001361826842185e-05,0.9999999403953552,1.6984224203042686e-05,9.805220179259777e-05,6.225566721695941e-06,-4.7800490392546635e-06,0.03238680958747864,1.1150755199196283e-05,6.706225576635916e-06,0.9999999403953552,-1.04242292309209e-06,0.17493392527103424,-0.011252779513597488,-0.13134139776229858,0.0016858334420248866,0.02672933042049408,-5.2963649068260565e-05,0.17490778863430023,0.011253460310399532,0.13137608766555786,5.969335325062275e-05,-0.0014579370617866516,5.368338679545559e-05,-4.351139068603516e-06,-9.486202543484978e-07,0.02499999850988388,0.004009738564491272,0.004022873472422361,5.190540377952857e-06,7.3574192356318235e-06,0.0,1320,0.9
11.908333333160044,retreat,11.908333954401314,19.030474643078897,19.30987238883972,0.4933476448059082,0.01897872243716847,0.0,0.015039782738313079,0.0,2.9308492230484262e-05,1.217235734429778e-07,0.0,0.0,55,0.05695527419447899,0.02688436210155487,0.05694121867418289,0.01964573562145233,-1.4917428980965042e-07,-19.30987238883972,1.196769119360397e-07,-2.6647603590390645e-06,-2.9186854590079747e-05,2.6889969362287047e-08,1.1823445333902782e-07,-1.06851603121072e-08,-1.3304042113304604e-05,-9.638188203098252e-05,-1.847055864345748e-05,1.0,-0.002039165236055851,0.00046294505591504276,0.005241070408374071,0.01265640463680029,0.05526833236217499,0.056096401065588,-0.48150634765625,0.5584802031517029,0.4876089096069336,-2.013390302658081,-0.413465291261673,2.4756879806518555,1.058669924736023,-0.0032009317073971033,-0.005686303600668907,0.003829277353361249,-0.003265214152634144,0.0028263276908546686,-0.00268298271112144,-0.0015522761968895793,0.6004786491394043,1.3426833902485669e-05,0.08807563036680222,-2.2542719307239167e-05,1.0,2.510074591555167e-05,8.926268492359668e-05,8.940955922298599e-06,-4.091180016985163e-06,0.03238550201058388,-7.119357633200707e-06,-1.1796185390267055e-05,1.0,-4.073392119607888e-06,0.049685582518577576,-0.006743026897311211,-0.02701440081000328,0.003278573974967003,0.026672324165701866,0.000779089517891407,0.04968041926622391,0.006744302809238434,0.027023574337363243,0.002305507194250822,-0.019494526088237762,-0.0007794139673933387,-4.827976226806641e-06,-9.235918696504086e-07,0.02500000223517418,0.004026068840175867,0.004039859399199486,4.73335467177094e-06,6.715039489790797e-06,0.0,1320,0.9083333333333333
11.916666666493256,retreat,11.916667288169265,19.005889068415136,19.29764226078987,0.48041343688964844,0.02337454498047009,0.0,0.015122018339752685,0.0,0.0,0.0,0.0,0.0,53,0.016588572412729263,0.003436794737353921,0.016588570550084114,0.0018680889625102282,0.0,-19.29764226078987,0.0,0.0,0.0,0.0,0.0,0.0,-1.630042606848292e-05,-9.352417691843584e-05,-2.0880972442682832e-05,1.0,-0.0030949192587286234,0.00027303528622724116,0.005429978482425213,-0.0006274497718550265,0.12517161667346954,0.10949277877807617,-0.48153460025787354,0.5584344267845154,0.4876408874988556,-2.013435125350952,-0.41344285011291504,2.475677490234375,1.0586609840393066,-0.0031223008409142494,-0.005727399606257677,0.00376882404088974,-0.0029853947926312685,0.0024967174977064133,-0.0025321536231786013,-0.0013544843532145023,0.6004663705825806,1.7856107660918497e-05,0.08808723092079163,-2.6062696633744054e-05,0.9999999403953552,2.5847153665381484e-05,8.464548591291532e-05,8.584471288486384e-06,-3.829776687780395e-06,0.032384857535362244,-8.87880287336884e-06,-9.54606912273448e-06,1.0,-5.182757377042435e-06,0.010822905227541924,0.0027634205762296915,-0.012264132499694824,-0.0013892145361751318,0.003139288630336523,-0.0001628170139156282,0.010820971801877022,-0.002763499738648534,0.012265817262232304,-0.0009900153381749988,-0.0015758097870275378,0.00016263236466329545,-4.649162292480469e-06,-1.0441253834869713e-06,0.02499999850988388,0.004025863483548164,0.004039851017296314,4.685686690208968e-06,6.635324098169804e-06,0.0,1320,0.9166666666666666
11.924999999826468,retreat,11.925000621937215,18.98103310859937,19.28514763712883,0.4684925079345703,0.027134670744999312,0.0,0.00640849839328439,0.055952909680744456,0.0,0.0,0.0,0.0,50,0.014783468097448349,0.0013011815026402473,0.014783467166125774,0.0007203574059531093,0.0,-19.28514763712883,0.0,0.0,0.0,0.0,0.0,0.0,-2.2629845261690207e-05,-8.575972606195137e-05,-2.5307113901362754e-05,1.0,-0.0030038482509553432,-0.0003707261348608881,0.005874844267964363,-0.08074731379747391,0.12429690361022949,0.10805857181549072,-0.48156118392944336,0.5583886504173279,0.48767349123954773,-2.013439178466797,-0.41342148184776306,2.4756462574005127,1.058658480644226,-0.003083357121795416,-0.005766930524259806,0.0037817948032170534,-0.0026894561015069485,0.0024330520536750555,-0.0027815380599349737,-0.0013246318558230996,0.6004694700241089,1.703335510683246e-05,0.088112473487854,-2.5482437195023522e-05,0.9999999403953552,1.955697007360868e-05,9.030823275679722e-05,-6.804854365327628e-06,-8.450324457953684e-06,0.03239760547876358,4.548599463305436e-06,3.0727624107385054e-06,0.9999998807907104,-1.7495732151928678e-07,0.00897828210145235,0.0031137142796069384,-0.011324582621455193,-0.0010001095943152905,0.0008323288639076054,-9.090285857382696e-06,0.00897635892033577,-0.0031139394268393517,0.01132604293525219,-0.0005503912107087672,0.0004646526067517698,9.069307452591602e-06,-4.291534423828125e-06,-1.2654527381528169e-06,0.02499999850988388,0.00402587465941906,0.004038604907691479,4.733121386379935e-06,6.703281542286277e-06,0.0,1320,0.9249999999999999
11.93333333315968,retreat,11.933333955705166,18.955907729292854,19.25916001200676,0.47028064727783203,0.026286559659638442,0.0,0.005519773367268499,0.03956468118525214,0.0,0.0,0.0,0.0,61,0.01509157195687294,0.0005482177366502583,0.01509157195687294,0.0019712592475116253,0.0,-19.25916001200676,0.0,0.0,0.0,0.0,0.0,0.0,-3.123856004094705e-05,-6.929539813427255e-05,-2.6575535230222158e-05,0.9999999403953552,0.0011538382386788726,-0.0005711623234674335,0.005428103730082512,-0.09981738030910492,-0.10958961397409439,-0.06598107516765594,-0.4815860390663147,0.5583428740501404,0.4877077043056488,-2.013439178466797,-0.4133985638618469,2.475600481033325,1.0586357116699219,-0.0030837776139378548,-0.005823046434670687,0.0038496542256325483,-0.0024457324761897326,0.0025536343455314636,-0.0032918548677116632,-0.0014672153629362583,0.6004712581634521,1.697918378340546e-05,0.08813759684562683,-2.352103365410585e-05,1.0,2.409473199804779e-05,9.060606680577621e-05,-6.823947842349298e-06,-7.78355297370581e-06,0.03239675611257553,2.1310752345016226e-05,7.14304405846633e-06,0.9999999403953552,3.055663228224148e-06,0.013204262591898441,0.0015021247090771794,-0.007151685655117035,-0.0004622425767593086,-2.6225750843877904e-05,-0.00029357572202570736,0.013203038834035397,-0.0015018248232081532,0.007154007442295551,-0.00024543609470129013,0.0019337414996698499,0.0002937147510237992,-3.4570693969726562e-06,-1.328884536633268e-06,0.02499999850988388,0.004025888629257679,0.004038648679852486,4.720805009128526e-06,6.6914944909513e-06,0.0,1320,0.9333333333333333
11.941666666492893,retreat,11.941667289473116,18.930513896156846,19.233261793851852,0.4731416702270508,0.025929673938662745,0.0,0.004138030362810241,0.055952909680744456,0.0,0.0,0.0,0.0,55,0.011771250516176224,0.0006620368221774697,0.011771250516176224,0.0006355955847539008,0.0,-19.233261793851852,0.0,0.0,0.0,0.0,0.0,0.0,-3.197845580871217e-05,-7.423357601510361e-05,-2.1879917767364532e-05,0.9999999403953552,0.0014251882676035166,-0.00036678463220596313,0.005569856148213148,-0.07784183323383331,-0.12003032863140106,-0.07368703931570053,-0.4816093444824219,0.5582970976829529,0.48774200677871704,-2.013439178466797,-0.413375586271286,2.4755547046661377,1.0586129426956177,-0.0030608081724494696,-0.005863944999873638,0.0038793308194726706,-0.0022150964941829443,0.0026785496156662703,-0.0034944452345371246,-0.0015189519617706537,0.6004732847213745,1.7933067283593118e-05,0.0881630927324295,-2.176060115743894e-05,0.9999999403953552,2.9259144866955467e-05,9.133732237387449e-05,-6.036774266249267e-06,-6.586855306522921e-06,0.0323963388800621,1.7103802747442387e-05,2.7189141746930545e-06,0.9999998807907104,1.2006503880002128e-07,0.0074767908081412315,-9.421967843081802e-05,-0.009091262705624104,0.00015629363770131022,0.0005540252313949168,0.00032698787981644273,0.0074751246720552444,9.426153701497242e-05,0.009092631749808788,0.0001426510134479031,0.0005260949837975204,-0.0003268891596235335,-3.6954879760742188e-06,-1.0941148502752185e-06,0.02499999850988388,0.004025883506983519,0.0040386999025940895,4.725308826891705e-06,6.695074262097478e-06,0.0,1320,0.9416666666666667
11.949999999826105,retreat,11.950000623241067,18.904852574852605,19.207095354795456,0.47582387924194336,0.026628207706380635,0.0,0.0029135940167179797,0.055952909680744456,1.962393980647903e-05,7.8652270474322e-08,0.0,0.0,56,0.009532460011541843,0.0002764497767202556,0.009515741840004921,0.0009539412567391992,-1.205652795377432e-07,-19.207095354795456,5.415846882073083e-09,-1.1416389611440536e-07,-1.962360693141818e-05,-1.8253047961991342e-09,7.86297462695984e-08,-4.588405766448034e-10,-3.705251219798811e-05,-7.715051469858736e-05,-1.8605420336825773e-05,0.9999999403953552,0.0012964393245056272,-0.00020149233750998974,0.005722894333302975,-0.05729350447654724,-0.10933945327997208,-0.06581367552280426,-0.4816324710845947,0.5582513213157654,0.48777642846107483,-2.013439178466797,-0.4133526086807251,2.47550892829895,1.058590054512024,-0.003041100688278675,-0.005905195605009794,0.003912417218089104,-0.001997855259105563,0.002831988036632538,-0.0037793093360960484,-0.0016233226051554084,0.6004751324653625,1.9300296116853133e-05,0.08818848431110382,-1.9678944227052853e-05,0.9999999403953552,3.486274363240227e-05,9.187044634018093e-05,-5.236669494479429e-06,-6.053045581211336e-06,0.03239556401968002,1.4720013496116735e-05,2.189573706345982e-06,0.9999998807907104,-1.0728068673415692e-06,0.004982333164662123,0.00012412456271704286,-0.008125807158648968,0.00012209461419843137,-0.00021586370712611824,0.0001221484853886068,0.004980848636478186,-0.00012409707414917648,0.008126720786094666,0.00013993449101690203,0.0009356162045150995,-0.00012205649545649067,-3.874301910400391e-06,-9.304130799137056e-07,0.02499999850988388,0.004025893751531839,0.004038730636239052,4.724513928522356e-06,6.692192982882261e-06,0.0,1320,0.95
11.958333333159317,retreat,11.958333957009017,18.87892473104139,19.18109282851219,0.478208065032959,0.0276505270448979,0.0,0.002382372940701316,0.03956468118525214,1.643024370423518e-05,6.583602640830577e-08,0.0,0.0,62,0.00861711148172617,0.0004406875232234597,0.008602792397141457,0.0009933204855769873,-1.0285947427135511e-07,-19.18109282851219,1.2395507731355337e-08,-1.4686062854707416e-07,-1.642958159209229e-05,-3.928015246401628e-09,6.571607968908211e-08,-5.913345368924183e-10,-3.971224941778928e-05,-7.810450188117102e-05,-1.3453326573653612e-05,1.0,0.0011430290760472417,7.007160456851125e-05,0.005882470868527889,-0.023238636553287506,-0.09816543012857437,-0.05625036731362343,-0.481655478477478,0.5582055449485779,0.4878108501434326,-2.013439178466797,-0.41332945227622986,2.4754631519317627,1.0585671663284302,-0.0030204004142433405,-0.0059486390091478825,0.003938369918614626,-0.0018002252327278256,0.00299458927474916,-0.004060293082147837,-0.0017210638616234064,0.6004771590232849,2.0473033146117814e-05,0.08821391314268112,-1.8040916984318756e-05,0.9999999403953552,4.030247873743065e-05,9.242679516319185e-05,-4.91491755383322e-06,-6.008775926602539e-06,0.03239499032497406,1.4322471542982385e-05,-5.90062143146497e-07,0.9999999403953552,-4.587066996464273e-06,0.004218619782477617,-1.909398088173475e-05,-0.00751382065936923,0.0001759948645485565,-0.00034620726364664733,0.0002082590654026717,0.004217229317873716,1.9162886019330472e-05,0.0075145987793803215,0.00017315275908913463,0.0009556389413774014,-0.0002081670827465132,-3.933906555175781e-06,-6.728205335093662e-07,0.02499999850988388,0.004025924019515514,0.004038790240883827,4.721656296169385e-06,6.693066097795963e-06,0.0,1320,0.9583333333333334
11.966666666492529,retreat,11.966667290776968,18.852731330384454,19.155075401067734,0.4805326461791992,0.028643227778957225,0.0,0.0012810932048523682,0.0,1.525560310255969e-05,6.110957428973052e-08,0.0,0.0,56,0.007786755915731192,0.00043237023055553436,0.007773525081574917,0.0009418173576705158,-9.587582727732524e-08,-19.155075401067734,1.1390287824042389e-08,-1.3495090911419538e-07,-1.5255001926561818e-05,-3.7237510852605737e-09,6.099359950439975e-08,-5.430518812410412e-10,-4.675875243265182e-05,-7.81118287704885e-05,-1.0444039617141243e-05,1.0,0.0010602402035146952,0.0002785927790682763,0.005916730500757694,0.0025020602624863386,-0.09214971959590912,-0.049728862941265106,-0.48167848587036133,0.5581597685813904,0.4878452718257904,-2.013439178466797,-0.4133009612560272,2.475417375564575,1.0585442781448364,-0.0030000396072864532,-0.005994786042720079,0.003960005007684231,-0.001622995943762362,0.0031630645971745253,-0.004321834072470665,-0.0018281121738255024,0.6004789471626282,2.2249199901125394e-05,0.08823933452367783,-1.788455483620055e-05,1.0,4.377846926217899e-05,9.242761007044464e-05,-4.378441190056037e-06,-5.2354298532009125e-06,0.0323944091796875,1.4316171473183203e-05,2.9807115424773656e-06,1.0,-7.4396084528416395e-06,0.0038659744895994663,0.00010269352787872776,-0.006758495699614286,0.00019922471255995333,-0.0003419782442506403,0.00017408163694199175,0.0038647339679300785,-0.00010259680857416242,0.006759206298738718,0.00021397831733338535,0.0009004733292385936,-0.00017399010539520532,-3.933906555175781e-06,-5.223846528679132e-07,0.02499999850988388,0.00402594031766057,0.004038885235786438,4.715549948741682e-06,6.684596883133054e-06,0.0,1320,0.9666666666666667
11.97499999982574,retreat,11.975000624544919,18.826273338543057,19.129125028848648,0.4825592041015625,0.030393743145396,0.0,0.0014816268958384171,0.03956468118525214,1.8320599338039756e-05,7.345784780454778e-08,0.0,0.0,65,0.007067346945405006,0.0003578754258342087,0.007051333785057068,0.000829285301733762,-1.1366289243142091e-07,-19.129125028848648,1.4428712447056569e-08,-3.00230169614224e-07,-1.8318132788408548e-05,4.711517842537205e-10,7.344645780449355e-08,-1.2045359154555513e-09,-4.5480584958568215e-05,-7.879519398557022e-05,-1.0269978702126537e-05,1.0,0.0009103537304326892,0.0004918075283057988,0.005861265584826469,0.021519601345062256,-0.08282504975795746,-0.04142848774790764,-0.48170149326324463,0.5581139922142029,0.4878796935081482,-2.013439178466797,-0.41327226161956787,2.4753715991973877,1.0585213899612427,-0.002976731862872839,-0.006043719593435526,0.003971487749367952,-0.0014620547881349921,0.0033192220143973827,-0.004559185355901718,-0.001939096488058567,0.6004807353019714,2.344507083762437e-05,0.0882645919919014,-1.7500851754448377e-05,0.9999999403953552,4.6718363591935486e-05,9.240613144356757e-05,-4.13841462432174e-06,-5.814942596771289e-06,0.03239370882511139,1.3611256690637674e-05,-1.237369133377797e-06,0.9999999403953552,-7.23035509508918e-06,0.0034069172106683254,0.00027374012279324234,-0.0061859008856117725,0.00015437132969964296,-0.00030838995007798076,9.560305625200272e-05,0.003405799390748143,-0.00027363825938664377,0.00618651881814003,0.00019382400205358863,0.0008005648851394653,-9.55205105128698e-05,-3.933906555175781e-06,-5.136789695825428e-07,0.02499999850988388,0.004025941248983145,0.004038944840431213,4.969086148776114e-06,7.034483132883906e-06,0.0,1320,0.975
11.983333333158953,retreat,11.983333958312869,18.799551721178457,19.10335347056389,0.4845857620239258,0.03160073538310826,0.0,0.0009776764500202262,0.0,1.8077409549732693e-05,7.238777044449307e-08,0.0,0.0,62,0.006799705326557159,0.0003323714481666684,0.006783825345337391,0.0007839943282306194,-1.1246775555306954e-07,-19.10335347056389,1.688483841633115e-08,-1.9852231503136863e-07,-1.8076312699122354e-05,-4.0428238534673255e-09,7.227038167911815e-08,-7.98164534465684e-10,-5.374565444071777e-05,-7.838290912332013e-05,-1.0556438610365149e-05,1.0,0.0008494164212606847,0.0005512407515197992,0.005895765032619238,0.026249704882502556,-0.07777075469493866,-0.038684047758579254,-0.48172450065612793,0.5580681562423706,0.487914115190506,-2.013439178466797,-0.4132435619831085,2.4753258228302,1.058498501777649,-0.002953489078208804,-0.006094716023653746,0.003979549277573824,-0.0013187252916395664,0.0034764576703310013,-0.004778771195560694,-0.002049798844382167,0.6004825234413147,2.5147845008177683e-05,0.08829015493392944,-1.742746462696232e-05,1.0,4.9964954087045044e-05,9.26426873775199e-05,-3.915292381861946e-06,-5.323908681020839e-06,0.03239350765943527,1.4260185707826167e-05,3.7810827961948235e-06,1.0,-6.869972821732517e-06,0.003177932696416974,0.0005725407972931862,-0.0059840562753379345,0.00013534104800783098,-0.0002876515791285783,9.700590453576297e-05,0.0031768810003995895,-0.0005724318907596171,0.005984624847769737,0.00021796436340082437,0.0007467515533789992,-9.692482854006812e-05,-3.933906555175781e-06,-5.280307959765196e-07,0.02499999850988388,0.004025949165225029,0.004039036575704813,5.0641865527722985e-06,7.176800863817334e-06,0.0,1320,0.9833333333333333
11.991666666492165,retreat,11.99166729208082,18.772567443951907,19.077298790216446,0.48673152923583984,0.03322316115372814,0.0,0.0011214744972676272,0.055952909680744456,2.349728674744256e-05,1.0586241927512674e-07,0.0,0.0,60,0.006449127569794655,0.0003015007241629064,0.006428441498428583,0.0007270531496033072,-1.4798726333253853e-07,-19.077298790216446,2.5080407084487888e-08,-2.9415315339065273e-07,-2.3495433197240345e-05,2.5068476183776056e-09,1.0582414233795134e-07,-1.34837341292382e-09,-5.391048398450948e-05,-7.984684634720907e-05,-1.0203140845987946e-05,0.9999999403953552,0.0008274450665339828,0.0005403077811934054,0.0059535447508096695,0.026375986635684967,-0.07492905110120773,-0.03671134263277054,-0.48174750804901123,0.5580219626426697,0.48794853687286377,-2.013439178466797,-0.41321486234664917,2.4752800464630127,1.0584756135940552,-0.0029289114754647017,-0.006148322951048613,0.003980959299951792,-0.0011903600534424186,0.003626506542786956,-0.004982436541467905,-0.0021533670369535685,0.6004844307899475,2.6886584237217903e-05,0.0883156806230545,-1.7277263395953923e-05,0.9999999403953552,5.354448512662202e-05,9.281609527533874e-05,-3.6879791878163815e-06,-5.217324087425368e-06,0.032392971217632294,1.2969634553883225e-05,3.664141274839494e-07,0.9999998807907104,-7.073396773193963e-06,0.002911653369665146,0.0008338154875673354,-0.005693704821169376,8.70537114678882e-05,-0.00026768201496452093,0.000108030901174061,0.0029106857255101204,-0.0008337005856446922,0.00569421611726284,0.00020742666674777865,0.0006883159512653947,-0.00010795650450745597,-3.993511199951172e-06,-5.103720468468964e-07,0.02499999850988388,0.004025964066386223,0.004039067775011063,5.057132511865348e-06,7.164402632042766e-06,0.0,1320,0.9916666666666667
11.999999999825377,retreat,12.00000062584877,18.745321472524665,19.051333516836166,0.4887580871582031,0.034995886380784214,0.0,0.005842718110216083,0.0,3.5828757972922176e-05,1.61441334967094e-07,0.0,0.0,60,0.0061339447274804115,0.0002846700372174382,0.006101963575929403,0.0006635993486270308,-2.283383144785489e-07,-19.051333516836166,4.264193620429069e-08,-4.988900172975264e-07,-3.5825258237309754e-05,4.3455465892350276e-09,1.6136669955812977e-07,-2.2819803824347673e-09,-5.748193871113472e-05,-7.818645826773718e-05,-1.116918519983301e-05,1.0,0.0007771669188514352,0.0005436015198938549,0.00604885071516037,0.027209356427192688,-0.07017819583415985,-0.0361429899930954,-0.48177051544189453,0.5579649806022644,0.48798295855522156,-2.013439178466797,-0.4131850600242615,2.475234270095825,1.0584527254104614,-0.0029028516728430986,-0.006204525474458933,0.003975254017859697,-0.0010754646500572562,0.0037694505881518126,-0.005169108510017395,-0.0022510855924338102,0.6004886031150818,2.7127671273774467e-05,0.08834708482027054,-1.4725284927408211e-05,0.9999999403953552,5.641026655212045e-05,9.761973342392594e-05,-6.14580130786635e-06,-6.914396180945914e-06,0.03239841014146805,1.9433500710874796e-05,1.0717296845541568e-06,1.0,-3.5549023778003175e-06,0.002561841392889619,0.0009331710170954466,-0.005494673270732164,6.718834629282355e-05,-0.00025116189499385655,0.00011593298404477537,0.0025608737487345934,-0.0009330436587333679,0.0054951440542936325,0.00020191754447296262,0.0006212618900462985,-0.00011586326581891626,-3.933906555175781e-06,-5.586844054050744e-07,0.02499999850988388,0.00402595242485404,0.004039137624204159,5.084579242975451e-06,7.20410025678575e-06,0.0,1320,1.0
12.008333333158589,retreat,12.00833395961672,18.717814772557993,19.019579142332077,0.49299001693725586,0.03502691106405109,0.0,0.00537791174792801,0.03956468118525214,4.242047361913137e-05,1.903327557783996e-07,0.0,0.0,60,0.005229095928370953,0.0004960842779837549,0.005193464923650026,0.0009018251439556479,-2.783510204551476e-07,-19.019579142332077,-5.0371551374439605e-09,5.878720088503542e-08,-4.242043360136449e-05,-2.100038365426826e-09,1.903209891906954e-07,2.6233887284732305e-10,-6.341510015772656e-05,-7.947423728182912e-05,-8.743398211663589e-06,1.0,0.001406890107318759,0.0005299568292684853,0.0060875266790390015,0.02674979530274868,-0.10547733306884766,-0.06285515427589417,-0.48179349303245544,0.5579080581665039,0.48801738023757935,-2.013439178466797,-0.4131506383419037,2.4751884937286377,1.0584298372268677,-0.0028813129756599665,-0.006262542214244604,0.003973458427935839,-0.0009856648975983262,0.003941467497497797,-0.005391559097915888,-0.002372232498601079,0.6004929542541504,2.8035681680194102e-05,0.08837836980819702,-1.3729026250075549e-05,0.9999999403953552,5.736443563364446e-05,0.00010228485189145431,-6.5672820710460655e-06,-6.102017323428299e-06,0.03239794075489044,2.2810976588516496e-05,6.050855517969467e-06,0.9999999403953552,-4.983704002370359e-06,0.0027066387701779604,0.0008308111573569477,-0.004396283067762852,0.00012710748706012964,-0.00047197341336868703,8.476091898046434e-05,0.00270583457313478,-0.000830621225759387,0.004396812524646521,0.000247025367571041,0.0008630004012957215,-8.467559382552281e-05,-3.993511199951172e-06,-4.374232958070934e-07,0.02499999850988388,0.0040259575471282005,0.004039137624204159,5.072444764664397e-06,7.188267773017287e-06,0.0,1320,1.0083333333333333
12.016666666491801,retreat,12.016667293384671,18.69004830971314,18.987973779439926,0.4973411560058594,0.036357076169224456,0.0,0.005710069217457203,0.03956468118525214,0.00024940833100117743,9.965768867914448e-07,0.0,0.0,62,0.004599865060299635,0.0004650419868994504,0.004360639955848455,0.0005882063996978104,-1.616333157983263e-06,-18.987973779439926,1.6741542196996306e-07,-1.953868149939808e-06,-0.0002494006184861064,-6.491573145694929e-08,9.944294561137212e-07,-7.837648752229143e-09,-7.122431270545349e-05,-8.040537795750424e-05,-1.0516054317122325e-05,0.9999999403953552,0.000849928823299706,0.0003083427145611495,0.006184514611959457,0.011659309267997742,-0.07306123524904251,-0.03795808553695679,-0.48181650042533875,0.5578510165214539,0.48805177211761475,-2.013439178466797,-0.4131162464618683,2.47514271736145,1.058406949043274,-0.0028513038996607065,-0.006315892096608877,0.0039572156965732574,-0.00091000139946118,0.004101822152733803,-0.005533434916287661,-0.002494349144399166,0.6004970669746399,2.8526033929665573e-05,0.0884099006652832,-1.2678424354817253e-05,1.0,5.825441621709615e-05,0.00010693548392737284,-6.630076768487925e-06,-7.009903129073791e-06,0.03239787369966507,2.6530389732215554e-05,1.2969797353434842e-05,0.9999999403953552,-2.1594405552605167e-06,0.00039034895598888397,0.0011696749133989215,-0.004431506153196096,0.00013943505473434925,-0.00044293946120887995,2.5030616598087363e-05,0.0003895375120919198,-0.001169741153717041,0.004431558307260275,0.0003083326737396419,0.0004993399488739669,-2.4956956622190773e-05,-3.993511199951172e-06,-5.260881152935326e-07,0.02499999850988388,0.004025171976536512,0.004039114806801081,4.996445568394847e-06,7.073715096339583e-06,0.0,1320,1.0166666666666666
12.024999999825013,retreat,12.025000627152622,18.662023049651374,18.956197053194046,0.502467155456543,0.036420871765585616,0.0,0.004888341663900064,0.0,0.0001543439575470984,6.161729402265337e-07,0.0,0.0,67,0.0034602659288793802,0.000650513859000057,0.003309398191049695,0.0006716653588227928,-9.846948820779744e-07,-18.956197053194046,-3.436799289602277e-08,4.000315243501973e-07,-0.00015434343367815018,-5.8516825163223984e-08,6.133859073997883e-07,1.603065791222491e-09,-6.532794213853776e-05,-9.442390728509054e-05,-8.261586117441766e-06,1.0,0.0004925488028675318,0.0004054059972986579,0.006166562438011169,0.019232550635933876,-0.05219843238592148,-0.022940637543797493,-0.48183947801589966,0.5577937960624695,0.48808616399765015,-2.013439178466797,-0.4130818247795105,2.4750969409942627,1.0583840608596802,-0.0028195511549711227,-0.0063715591095387936,0.003933438565582037,-0.0008495332440361381,0.0042522139847278595,-0.005699756555259228,-0.0026081386022269726,0.600501298904419,2.9277714929776266e-05,0.08844133466482162,-1.1609235116338823e-05,1.0,5.923152275499888e-05,0.00011164370516780764,-6.041066171746934e-06,-6.391222996171564e-06,0.03239753097295761,1.722006891213823e-05,6.096596735005733e-06,1.0,-3.3459389214840485e-06,-5.083406358608045e-05,0.0007209042669273913,-0.003383955219760537,0.00012349305325187743,-0.0006379267433658242,3.1099541956791654e-05,-5.1504197472240776e-05,-0.0007209889590740204,0.0033839272800832987,0.00022755165991839021,0.000630590133368969,-3.1038758606882766e-05,-4.708766937255859e-06,-4.1338716982863843e-07,0.02499999850988388,0.004025930073112249,0.004039404448121786,4.917944806948071e-06,6.986723747104406e-06,0.0,1320,1.025
12.033333333158225,retreat,12.033333960920572,18.633739958033942,18.925612419843674,0.5040168762207031,0.03699012449942529,0.0,0.007108134468580829,0.0,0.09109079837799072,0.0001839856122387573,0.07287266105413437,0.0,60,0.06412826478481293,0.0008608754724264145,0.027941370382905006,0.006256258115172386,-0.00038416761526605114,-18.925612419843674,-0.07258494198322296,-0.006473595276474953,-0.05465393513441086,-1.3403898265096359e-05,0.00018349607125855982,-4.839351390728552e-07,-7.245686720125377e-05,-8.206632628571242e-05,-5.667562163580442e-06,1.0,-0.00022359425202012062,0.00024855061201378703,0.006032523699104786,0.013064941391348839,-0.033424749970436096,0.006344026420265436,-0.4818623661994934,0.5577365756034851,0.48812055587768555,-2.013439178466797,-0.4130423665046692,2.475051164627075,1.0583611726760864,-0.002837743144482374,-0.006478925701230764,0.003934209700673819,-0.0010532202431932092,0.004621038679033518,-0.006998743396252394,-0.002892903285101056,0.6005053520202637,3.0457817047135904e-05,0.08847280591726303,-1.1903134691237938e-05,1.0,5.8453730162000284e-05,0.00011599552090046927,-8.826726116240025e-06,-5.761614829680184e-06,0.032398417592048645,3.3929729397641495e-05,1.4003461728862021e-05,1.0,-6.231968654901721e-06,0.047518420964479446,-0.0024481869768351316,-0.042993489652872086,-0.00017805157403927296,0.0008187599596567452,-0.0001975761551875621,0.047508157789707184,0.0024527180939912796,0.04300457611680031,-0.0005327400867827237,0.0060457512736320496,0.00019789193174801767,-4.112720489501953e-06,-2.836750354617834e-07,0.02499999850988388,0.004010234959423542,0.004024304449558258,5.170524673303589e-06,7.318361895158887e-06,0.0,1320,1.0333333333333332
12.041666666491437,retreat,12.041667294688523,18.605200000522107,18.895485997200012,0.5040764808654785,0.03769691102206707,0.0,0.011218065992579795,0.055952909680744456,0.18759290874004364,0.00037891982356086373,0.15007434785366058,-0.00010112385240290678,63,0.14662586152553558,0.010925731621682644,0.04139344394207001,0.006000240799039602,-0.0008326529641635716,-18.895485997200012,-0.1494733989238739,-0.013428367674350739,-0.11255435645580292,-2.7879876142833382e-05,0.00037789010093547404,-1.414816551914555e-06,-8.574338426114991e-05,-6.510538514703512e-05,-1.2202830475871451e-05,0.9999999403953552,-0.00043462286703288555,-0.0005690123653039336,0.006046297028660774,-0.07282300293445587,-0.061027638614177704,0.05084691941738129,-0.48188525438308716,0.5576793551445007,0.4881543517112732,-2.013439178466797,-0.4130021929740906,2.4750053882598877,1.0583382844924927,-0.002858692780137062,-0.006636620499193668,0.003857681527733803,-0.0016210677567869425,0.005075653083622456,-0.008123607374727726,-0.0032211928628385067,0.6005094051361084,3.103924973402172e-05,0.08850415796041489,-1.2359210813883692e-05,0.9999999403953552,5.6820339523255825e-05,0.00011988777259830385,-1.307274305872852e-05,-5.857836640643654e-06,0.03239963576197624,5.4782747611170635e-05,2.892237898777239e-05,0.9999998807907104,-1.4980989249124832e-07,0.11420242488384247,-0.007860404439270496,-0.09162511676549911,0.0009636164759285748,0.010881565511226654,-0.00018598044698592275,0.11417955905199051,0.007871116511523724,0.09165269881486893,-0.0001732009695842862,0.005616112612187862,0.00018684941460378468,-3.2782554626464844e-06,-6.104201020207256e-07,0.02500000223517418,0.004010227043181658,0.004023218527436256,5.079982656752691e-06,7.1977556217461824e-06,0.0,1320,1.0416666666666667
12.04999999982465,retreat,12.050000628456473,18.576404142777125,18.866179138422012,0.5042552947998047,0.03749350435100496,0.0,0.01246322335646255,0.03956468118525214,0.2786257863044739,0.0005625927005894482,0.22290070354938507,-0.00023220938771828514,59,0.22763606905937195,0.022384600713849068,0.05105805769562721,0.0043157474137842655,-0.0012051063240505755,-18.866179138422012,-0.22207997739315033,-0.019110359251499176,-0.16717538237571716,-4.850035475101322e-05,0.0005604962934739888,1.469523340347223e-06,-8.983029692899436e-05,-6.063245382392779e-05,-3.4063502880599117e-06,1.0,-0.0008679054444655776,0.0003055207198485732,0.005578084848821163,0.02419109269976616,-0.07305360585451126,-0.1277986317873001,-0.4819081425666809,0.5576221346855164,0.48818305134773254,-2.013439178466797,-0.41295868158340454,2.4749460220336914,1.058315396308899,-0.0028527851682156324,-0.006844749674201012,0.0036501530557870865,-0.0025099890772253275,0.005449684336781502,-0.008800219744443893,-0.0034981206990778446,0.60051029920578,2.8149250283604488e-05,0.08853378146886826,-1.0836555702553596e-05,0.9999999403953552,5.194843470235355e-05,0.00011675621499307454,-1.358492772851605e-05,-8.643060937174596e-06,0.03239995241165161,5.612456880044192e-05,3.7882113247178495e-05,0.9999999403953552,-7.422867383866105e-06,0.18004901707172394,-0.01627556048333645,-0.13833163678646088,0.0023267962969839573,0.022262075915932655,-0.00023734787828288972,0.18001501262187958,0.016291266307234764,0.13837404549121857,-2.6189954951405525e-05,0.003747887909412384,0.00023920020612422377,-3.039836883544922e-06,-1.705884642433375e-07,0.02499999850988388,0.004010179545730352,0.004023278597742319,5.311063432600349e-06,7.524678949266672e-06,0.0,1320,1.05
12.058333333157861,retreat,12.058333962224424,18.547353350460252,18.838224560022354,0.5042552947998047,0.03481167368590832,0.0,0.012255773981451057,0.0,0.25023153424263,0.0005074290675111115,0.20018713176250458,-0.00016666662361330964,64,0.22757181525230408,0.03197159990668297,0.023039642721414566,0.004973566625267267,-0.0008117294346448034,-18.838224560022354,-0.19979502260684967,-0.013157293200492859,-0.15008217096328735,-9.132591367233545e-05,0.0004988228320144117,1.7876833226182498e-05,-6.663591921096668e-05,-7.429671677527949e-05,-3.833940354525112e-06,1.0,-0.0011012942995876074,0.0003362962161190808,0.005135063081979752,0.024548014625906944,-0.04443427175283432,-0.12347130477428436,-0.48193103075027466,0.557564914226532,0.4882117509841919,-2.0134847164154053,-0.4129135012626648,2.474900245666504,1.0582925081253052,-0.002783434931188822,-0.007018743082880974,0.0033562248572707176,-0.0033872066996991634,0.005577349569648504,-0.007509396877139807,-0.003574349684640765,0.6004922389984131,3.105594441876747e-05,0.08854774385690689,-1.2778808923030738e-05,1.0,5.1734390581259504e-05,9.766389121068642e-05,5.714604412787594e-06,-2.927102741523413e-06,0.032385967671871185,2.33678292715922e-05,1.4902100701874588e-05,1.0,-8.942203749029431e-06,0.18361909687519073,-0.014095116406679153,-0.13369473814964294,0.003630939172580838,0.03176465630531311,-7.788137736497447e-05,0.18359151482582092,0.01411069743335247,0.133730947971344,0.0015949367079883814,-0.005238678306341171,7.851605187170208e-05,-3.6954879760742188e-06,-1.9194339984096587e-07,0.02499999850988388,0.004010162316262722,0.004023286979645491,5.32087233295897e-06,7.542985258623958e-06,0.0,1320,1.0583333333333333
12.066666666491074,retreat,12.066667295992374,18.518048589232745,18.82258579134941,0.4925727844238281,0.03895835834555328,0.0,0.02002656037802808,0.03956468118525214,2.4900637072278187e-06,1.0223017987698313e-08,0.0,0.0,65,0.05801571160554886,0.027520928531885147,0.05801454186439514,0.020145688205957413,-1.4021308947231859e-08,-18.82258579134941,1.684671602220078e-08,-1.9709844423232425e-07,-2.4821938495733775e-06,1.3929549735891555e-09,1.0096633751288664e-08,-7.923119937913725e-10,-5.254989810055122e-05,-9.335730283055454e-05,-1.0982941603288054e-05,1.0,-0.001999631291255355,0.0002847046125680208,0.005782352760434151,0.013230987824499607,0.05289680138230324,0.05573985353112221,-0.48195362091064453,0.5575076937675476,0.4882347583770752,-2.0135304927825928,-0.41287335753440857,2.474856376647949,1.0582696199417114,-0.0025386970955878496,-0.0070429109036922455,0.002938121324405074,-0.0034401910379529,0.0048433816991746426,-0.0032271218951791525,-0.003011201974004507,0.6004740595817566,3.126103547401726e-05,0.08856096118688583,-1.2432605217327364e-05,0.9999999403953552,5.189234434510581e-05,7.90081758168526e-05,1.3420672985375859e-05,-6.890438271511812e-06,0.03238353878259659,-1.4349033335747663e-05,6.578383704436419e-07,0.9999999403953552,-1.4503597185466788e-06,0.05080174282193184,-0.005309890490025282,-0.02751019410789013,0.0034093542490154505,0.02730441838502884,0.0004964473191648722,0.05079684406518936,0.005314481444656849,0.027518369257450104,0.0026442771777510643,-0.019965235143899918,-0.0004962474340572953,-4.649162292480469e-06,-5.493930075317621e-07,0.02499999850988388,0.004025090951472521,0.00403883820399642,5.036851234763162e-06,7.136637577787042e-06,0.0,1320,1.0666666666666667
12.074999999824286,retreat,12.075000629760325,18.488490824755864,18.80834773182869,0.47600269317626953,0.038742258766433224,0.0,0.02046930239885114,0.03956468118525214,0.0,0.0,0.0,0.0,62,0.016455279663205147,0.003966792952269316,0.016455279663205147,0.0024287886917591095,0.0,-18.80834773182869,0.0,0.0,0.0,0.0,0.0,0.0,-4.193893255433068e-05,-9.05456836335361e-05,-1.908575177367311e-05,1.0,-0.004256896208971739,-0.0009828584734350443,0.00595577247440815,-0.1127653494477272,0.19234628975391388,0.1570924073457718,-0.4819762408733368,0.5574504733085632,0.4882577657699585,-2.013575553894043,-0.4128345251083374,2.4748191833496094,1.0582467317581177,-0.002453774446621537,-0.0070671807043254375,0.0028700469993054867,-0.003164753085002303,0.004531363490968943,-0.0029083136469125748,-0.0028688430320471525,0.6004578471183777,3.127098534605466e-05,0.08857527375221252,-1.2266304111108184e-05,0.9999999403953552,5.217746365815401e-05,6.437465344788507e-05,1.4010785889695399e-05,-6.6751372287399136e-06,0.03238361328840256,-2.617151039885357e-05,-1.0238659342576284e-05,0.9999999403953552,6.817424491600832e-06,0.00982180330902338,0.004506275989115238,-0.012409750372171402,-0.001343882060609758,0.003708403557538986,-0.0004209194448776543,0.009820675477385521,-0.004505555145442486,0.01241090428084135,-0.0006928278598934412,-0.0022895075380802155,0.0004209027683828026,-4.5299530029296875e-06,-9.544783097226173e-07,0.02499999850988388,0.004026335198432207,0.004038855899125338,4.601850378094241e-06,6.516464054584503e-06,0.0,1320,1.075
12.083333333157498,retreat,12.083333963528275,18.45868102269086,18.793118745088577,0.4596114158630371,0.03855887916870415,0.0,0.02174242581531871,0.03956468118525214,0.0,0.0,0.0,0.0,67,0.014119782485067844,0.0012369435280561447,0.014119782485067844,0.0007208971073850989,0.0,-18.793118745088577,0.0,0.0,0.0,0.0,0.0,0.0,-4.339591760071926e-05,-7.348330109380186e-05,-9.57200063567143e-06,1.0,-0.0043616206385195255,0.00019404993508942425,0.00610356405377388,0.01216893084347248,0.20477300882339478,0.166458398103714,-0.48199746012687683,0.5573932528495789,0.488280713558197,-2.0136187076568604,-0.4127984941005707,2.474776268005371,1.058223843574524,-0.002403869526460767,-0.007098708301782608,0.002857357729226351,-0.0028546538669615984,0.0044133663177490234,-0.003124737413600087,-0.002803189679980278,0.6004414558410645,3.1255942303687334e-05,0.08858974277973175,-1.0559370821283665e-05,0.9999999403953552,5.3798688895767555e-05,4.822161281481385e-05,1.5057058590173256e-05,-6.617261533392593e-06,0.03238285332918167,-2.526174284867011e-05,-1.0402447514934465e-05,0.9999999403953552,-9.8922964753001e-07,0.009303515776991844,-0.0001638920948607847,-0.010620075277984142,-0.0006379793048836291,0.0010593680199235678,2.740514355537016e-05,0.00930247362703085,0.00016466884699184448,0.01062097679823637,-0.0006617524195462465,0.0002846496645361185,-2.740386116784066e-05,-3.6954879760742188e-06,-4.787580110132694e-07,0.02499999850988388,0.004025074187666178,0.004038890358060598,5.010268523619743e-06,7.101043593138456e-06,0.0,1320,1.0833333333333333
12.09166666649071,retreat,12.091667297296226,18.428620148699,18.777692317962646,0.4432797431945801,0.038065358239691705,0.0,0.006920761734363623,0.0,0.0,0.0,0.0,0.0,68,0.01553025096654892,0.0013591785682365298,0.01553025096654892,0.00015852171054575592,0.0,-18.777692317962646,0.0,0.0,0.0,0.0,0.0,0.0,-4.233518848195672e-05,-5.8372606872580945e-05,-1.3112173292029183e-05,1.0,-0.004543991759419441,-0.000784773554187268,0.006388860289007425,-0.10321160405874252,0.2213565707206726,0.1786927431821823,-0.48201751708984375,0.5573360323905945,0.4883037507534027,-2.0136191844940186,-0.41276034712791443,2.4747328758239746,1.0582009553909302,-0.0023808302357792854,-0.007116410415619612,0.00290611176751554,-0.002546304138377309,0.0044900598004460335,-0.0032617696560919285,-0.002872332464903593,0.600445032119751,2.7328725991537794e-05,0.08861958980560303,-8.229245395341422e-06,1.0,5.0299469876335934e-05,5.194196637603454e-05,-5.093038453196641e-06,-1.0203765668848064e-05,0.032397281378507614,-6.430954726965865e-06,-7.964482392708305e-06,1.0,4.882187113253167e-06,0.010047952644526958,0.002100946381688118,-0.011653898283839226,-0.00018464178720023483,0.0013465762604027987,2.4798171125439694e-06,0.010046953335404396,-0.0021001270506531,0.011654906906187534,0.00011874904157593846,0.00010498648043721914,-2.373973075009417e-06,-2.9206275939941406e-06,-6.557311280630529e-07,0.02500000223517418,0.0040263221599161625,0.00403887964785099,4.608547897078097e-06,6.530724931508303e-06,0.0,1320,1.0916666666666666
12.099999999823922,retreat,12.100000631064177,18.398309168441532,18.747089058160782,0.44471025466918945,0.034241365938214585,0.0,0.007624738827871624,0.0,0.0,0.0,0.0,0.0,68,0.017401115968823433,0.00018354345229454339,0.017401115968823433,0.0023143766447901726,0.0,-18.747089058160782,0.0,0.0,0.0,0.0,0.0,0.0,-6.441622826969251e-05,-3.158812614856288e-05,-4.343989076005528e-06,1.0,0.0007744411705061793,0.0001847583189373836,0.00614872295409441,0.011498725041747093,-0.07962557673454285,-0.04194752499461174,-0.4820367991924286,0.5572788119316101,0.48832693696022034,-2.0136191844940186,-0.4127202332019806,2.474687099456787,1.0581780672073364,-0.0023935451172292233,-0.0071610379964113235,0.002995420480147004,-0.002281984779983759,0.0046406518667936325,-0.0038411568384617567,-0.0030195617582648993,0.600448489189148,2.330065763089806e-05,0.08864936232566833,-6.131476766313426e-06,1.0,4.599826570483856e-05,5.4684664064552635e-05,-7.297282536455896e-06,-1.0543941243668087e-05,0.03239645063877106,2.309672890987713e-05,1.841790981416125e-05,1.0,-1.7854140423878562e-06,0.01563166454434395,-0.0013460008194670081,-0.007525833323597908,1.3028590728936251e-05,-4.213425563648343e-05,-0.0001781660976121202,0.01563071832060814,0.0013473465805873275,0.007527558598667383,-0.00018173515854869038,0.0023003267124295235,0.00017834911704994738,-1.5497207641601562e-06,-2.173001121263951e-07,0.02499999850988388,0.004025077447295189,0.004038934595882893,5.0167191147920676e-06,7.106515113264322e-06,0.0,1320,1.1
12.108333333157134,retreat,12.108333964832127,18.367749047579718,18.716496974229813,0.4494786262512207,0.0293340071948478,0.0,0.0051655847528309096,0.0,0.0,0.0,0.0,0.0,67,0.013784825801849365,0.0009966291254386306,0.01378482487052679,0.0006610415293835104,0.0,-18.716496974229813,0.0,0.0,0.0,0.0,0.0,0.0,-5.479239916894585e-05,-3.922032192349434e-05,1.1691405234159902e-05,0.9999999403953552,0.001615252229385078,0.001738930121064186,0.006457635201513767,0.07453573495149612,-0.12128660082817078,-0.07255648821592331,-0.48205599188804626,0.5572215914726257,0.488351434469223,-2.0136191844940186,-0.41268008947372437,2.4746413230895996,1.0581551790237427,-0.0023845969699323177,-0.00718841515481472,0.003051919862627983,-0.0020338583271950483,0.004784508142620325,-0.004060196690261364,-0.0031468691304326057,0.6004520058631897,2.057494202745147e-05,0.08867913484573364,-4.395955784275429e-06,1.0,4.253721999702975e-05,5.7576635299483314e-05,-6.233124622667674e-06,-8.474617061438039e-06,0.032395631074905396,1.83570446097292e-05,1.2256030458956957e-05,1.0,-1.608587808732409e-05,0.00912877731025219,-0.003707909258082509,-0.009640448726713657,0.0007177988882176578,0.0006875103572383523,-7.323926547542214e-05,0.009127351455390453,0.0037086012307554483,0.009641531854867935,0.00018198590259999037,0.0006312482873909175,7.33661072445102e-05,-1.9669532775878906e-06,5.844631232321262e-07,0.02499999850988388,0.0040250481106340885,0.004038968123495579,5.975336534902453e-06,8.463452104479074e-06,0.0,1320,1.1083333333333334
12.116666666490346,retreat,12.116667298600078,18.33694075177481,18.686042726039886,0.45377016067504883,0.02667003354872577,0.0,0.0036720123262057314,0.03956468118525214,0.0,0.0,0.0,0.0,61,0.010338825173676014,0.000567345879971981,0.010338825173676014,0.0009842863073572516,0.0,-18.686042726039886,0.0,0.0,0.0,0.0,0.0,0.0,-5.2968964155297726e-05,-4.332207754487172e-05,1.0822043805092108e-05,0.9999999403953552,0.0014898845693096519,0.0024284045211970806,0.00659146998077631,-0.05895592272281647,-0.11105629801750183,-0.06486526131629944,-0.48207569122314453,0.5571643710136414,0.48837998509407043,-2.0136191844940186,-0.4126397669315338,2.474595546722412,1.058132290840149,-0.002387011656537652,-0.007212724536657333,0.003133114194497466,-0.001800748286768794,0.004967523273080587,-0.004347509704530239,-0.0032972050830721855,0.6004555225372314,1.9712069843080826e-05,0.08870970457792282,-3.5232058053225046e-06,1.0,4.0270133467856795e-05,6.105843203840777e-05,-5.684050393028883e-06,-6.729988399456488e-06,0.03239574655890465,1.773697294993326e-05,1.2699648323177826e-05,0.9999999403953552,-1.4343760994961485e-05,0.00549138942733407,-0.0024651531130075455,-0.008405888453125954,0.0005322242504917085,-0.000170128361787647,-9.836151002673432e-05,0.0054901642724871635,0.0024655363522469997,0.008406576700508595,0.0001759454025886953,0.0009634168818593025,9.844083251664415e-05,-2.1457672119140625e-06,5.409874574979767e-07,0.02500000223517418,0.004025042988359928,0.004038957413285971,-1.902822987176478e-06,-2.6951638574246317e-06,0.0,1320,1.1166666666666667
12.124999999823558,retreat,12.125000632368028,18.30588524668807,18.65481361746788,0.45794248580932617,0.026044979676953517,0.0,0.0032776024454506114,0.055952909680744456,0.0,0.0,0.0,0.0,63,0.008491597138345242,0.0005571611109189689,0.008491596207022667,0.001160812913440168,0.0,-18.65481361746788,0.0,0.0,0.0,0.0,0.0,0.0,-4.441286000655964e-05,-4.7501827793894336e-05,1.2224614692968316e-05,0.9999999403953552,0.001351111801341176,0.0015021850122138858,0.006557396613061428,0.09666340053081512,-0.10113321989774704,-0.055980995297431946,-0.4820960760116577,0.557107150554657,0.4884086847305298,-2.0136191844940186,-0.41259604692459106,2.4745497703552246,1.0581094026565552,-0.00239793979562819,-0.007237172685563564,0.0032322732731699944,-0.001589994179084897,0.005149329546838999,-0.004663289990276098,-0.003423972986638546,0.6004593372344971,1.924035677802749e-05,0.08874057233333588,-4.003400135843549e-06,0.9999999403953552,3.6632776755141094e-05,6.434594979509711e-05,-5.5394411901943386e-06,-6.545491487486288e-06,0.0323953703045845,1.6844749552547e-05,7.781052772770636e-06,0.9999998807907104,-1.6226895240833983e-05,0.0042999726720154285,0.0005190988886170089,-0.007303971331566572,0.0002684390055947006,-0.0004872836288996041,-3.0391605832846835e-05,0.0042990706861019135,-0.0005188420764170587,0.007304518483579159,0.00034329836489632726,0.0011084694415330887,3.04699206026271e-05,-2.384185791015625e-06,6.111258699093014e-07,0.02499999850988388,0.004024996887892485,0.0040390403009951115,6.618129191338085e-06,9.371957276016474e-06,0.0,1320,1.125
12.13333333315677,retreat,12.133333966135979,18.27458349798076,18.62342059612274,0.4621744155883789,0.026100318791577592,0.0,0.003355299668328371,0.03956468118525214,0.0,0.0,0.0,0.0,59,0.008431068621575832,0.0005699178436771035,0.008431068621575832,0.0011080688564106822,0.0,-18.62342059612274,0.0,0.0,0.0,0.0,0.0,0.0,-4.4928325223736465e-05,-5.001417230232619e-05,-5.668123321811436e-06,0.9999999403953552,0.0013553011231124401,-0.0007069958373904228,0.006612550932914019,-0.10010883212089539,-0.10124871134757996,-0.05673739314079285,-0.48211702704429626,0.5570499300956726,0.4884374141693115,-2.0136191844940186,-0.412550151348114,2.474503993988037,1.0580865144729614,-0.002413166454061866,-0.007262973580509424,0.0033385520800948143,-0.0014054212952032685,0.0053284913301467896,-0.00496583292260766,-0.003554302966222167,0.6004629731178284,1.8510949303163216e-05,0.0887712836265564,-5.007163963455241e-06,1.0,3.162387656630017e-05,6.747621955582872e-05,-5.146134753886145e-06,-7.265145541168749e-06,0.03239470347762108,1.7462089090258814e-05,1.3304324056662153e-05,0.9999999403953552,6.624109119002242e-07,0.003839452052488923,0.0029898975044488907,-0.006884913891553879,-0.00019814727420452982,-0.0005228826776146889,-0.00011017131328117102,0.0038387118838727474,-0.002989723812788725,0.006885401904582977,0.00023365735250990838,0.0010775300906971097,0.00011022618127753958,-2.5033950805664062e-06,-2.8351860237307847e-07,0.02500000223517418,0.00402624998241663,0.004039006773382425,4.622857886715792e-06,6.550515536218882e-06,0.0,1320,1.1333333333333333
12.141666666489982,retreat,12.14166729990393,18.243036471314127,18.59213188290596,0.46628713607788086,0.025026061848620884,0.0,0.003261099891460617,0.055952909680744456,0.0,0.0,0.0,0.0,55,0.007118740119040012,0.000606912886723876,0.0071187405847013,0.0010977453785017133,0.0,-18.59213188290596,0.0,0.0,0.0,0.0,0.0,0.0,-4.087820343556814e-05,-5.404534749686718e-05,2.3624259029020322e-06,0.9999999403953552,0.0012852116487920284,0.00032586531597189605,0.006492499262094498,0.017192484810948372,-0.09507495164871216,-0.05027284100651741,-0.4821377992630005,0.5569927096366882,0.4884661138057709,-2.0136191844940186,-0.41250428557395935,2.4744582176208496,1.0580636262893677,-0.002405361505225301,-0.0073023331351578236,0.0033838781528174877,-0.0012250134022906423,0.00537865748628974,-0.0052881683222949505,-0.0036158536095172167,0.6004665493965149,1.7190446669701487e-05,0.0888018012046814,-5.7018210100068245e-06,1.0,2.695490729820449e-05,7.030559936538339e-05,-4.792955678567523e-06,-7.466343049600255e-06,0.0323939323425293,1.626054654479958e-05,1.3923779079050291e-05,0.9999998807907104,-8.062826964305714e-06,0.0032650192733854055,-0.0019495382439345121,-0.006017924286425114,2.9025810363236815e-05,-0.0005843735416419804,-0.00016127082926686853,0.003264067927375436,0.0019496456952765584,0.00601840578019619,-0.0002527385950088501,0.0010560096707195044,0.00016128110291901976,-2.682209014892578e-06,1.1801057553384453e-07,0.02499999850988388,0.004025897942483425,0.004039023071527481,4.8902711569098756e-06,6.926798960193992e-06,0.0,1320,1.1416666666666666
12.149999999823194,retreat,12.15000063367188,18.211245132349433,18.561122566461563,0.47022104263305664,0.024067452613962814,0.0,0.0032301918508892413,0.055952909680744456,0.0,0.0,0.0,0.0,54,0.006848023738712072,0.0004846101510338485,0.006848021876066923,0.0008431331953033805,0.0,-18.561122566461563,0.0,0.0,0.0,0.0,0.0,0.0,-3.355465014465153e-05,-5.598414645646699e-05,-7.52779271806503e-07,1.0,0.0011785924434661865,0.00045422292896546423,0.006560101173818111,0.02576892077922821,-0.08708522468805313,-0.049491479992866516,-0.48215949535369873,0.5569354891777039,0.4884948134422302,-2.0136191844940186,-0.4124584197998047,2.474412441253662,1.058040738105774,-0.002408422529697418,-0.0073397778905928135,0.0034485962241888046,-0.0010764568578451872,0.005500168073922396,-0.005537890829145908,-0.003715920029208064,0.6004701852798462,1.6157171558006667e-05,0.08883233368396759,-6.957809546292992e-06,0.9999999403953552,2.1703272068407387e-05,7.327292405534536e-05,-4.687187811214244e-06,-7.459604603354819e-06,0.0323934406042099,1.7288992239627987e-05,1.18517136797891e-05,0.9999998807907104,-6.203788871061988e-06,0.002917679725214839,-0.001114549464546144,-0.006094288546591997,0.0002258479071315378,-0.00040950573747977614,-0.0001270620705327019,0.0029167381580919027,0.0011145909084007144,0.006094729527831078,6.473505345638841e-05,0.0008309789118357003,0.0001271100773010403,-2.8014183044433594e-06,-3.773311618715525e-08,0.02499999850988388,0.004025892820209265,0.004039080813527107,5.073161446489394e-06,7.191498298197985e-06,0.0,1320,1.15
12.158333333156406,retreat,12.15833396743983,18.179210446747934,18.53010579943657,0.4742145538330078,0.023261836759047583,0.0,0.004046401045343373,0.03956468118525214,0.0,0.0,0.0,0.0,56,0.00627540610730648,0.0005010896129533648,0.006275405175983906,0.0008312303107231855,0.0,-18.53010579943657,0.0,0.0,0.0,0.0,0.0,0.0,-3.070028469664976e-05,-5.825147673022002e-05,-2.3775380668666912e-06,1.0,0.0011753055732697248,0.00044502702075988054,0.006619857624173164,0.024205002933740616,-0.08554968982934952,-0.048679083585739136,-0.4821818172931671,0.5568782687187195,0.4885235130786896,-2.0136191844940186,-0.41241255402565,2.4743666648864746,1.0580178499221802,-0.0024134444538503885,-0.0073807514272630215,0.003513121511787176,-0.0009466726914979517,0.005613937973976135,-0.005781266838312149,-0.00381370703689754,0.6004737019538879,1.441327367501799e-05,0.08886301517486572,-7.799913873896003e-06,0.9999999403953552,1.6308571503032e-05,7.619672396685928e-05,-4.3997761167702265e-06,-8.343296030943748e-06,0.03239310532808304,1.794545096345246e-05,1.4391987861017697e-05,0.9999999403953552,-5.420986326498678e-06,0.0025662279222160578,-0.000866187154315412,-0.005660823546350002,0.00016695343947503716,-0.0004431488341651857,-0.00016381830209866166,0.0025653368793427944,0.0008661823230795562,0.0056612263433635235,4.172178159933537e-05,0.000813850259874016,0.0001638625399209559,-2.9206275939941406e-06,-1.189655449707061e-07,0.02499999850988388,0.00402587978169322,0.00403914600610733,5.05000843986636e-06,7.155322236940265e-06,0.0,1320,1.1583333333333332
12.166666666489618,retreat,12.16666730120778,18.146933380170886,18.49897727370262,0.4781484603881836,0.021738022041972727,0.0,0.004471402462513652,0.0,0.0,0.0,0.0,0.0,58,0.005835396703332663,0.0004679330450017005,0.005835396703332663,0.000729039718862623,0.0,-18.49897727370262,0.0,0.0,0.0,0.0,0.0,0.0,-2.2629845261690207e-05,-6.176097667776048e-05,-4.002660261903657e-06,1.0,0.00111254898365587,0.00042154622497037053,0.006669408176094294,0.021506858989596367,-0.08087583631277084,-0.045109350234270096,-0.48220446705818176,0.5568210482597351,0.4885522127151489,-2.0136191844940186,-0.41236650943756104,2.474320888519287,1.0579949617385864,-0.0024194633588194847,-0.007424409035593271,0.0035765122156590223,-0.0008341835346072912,0.00571999978274107,-0.006000462453812361,-0.003901337506249547,0.6004774570465088,1.2468011846067384e-05,0.08889374136924744,-8.799106581136584e-06,1.0,1.0383652806922328e-05,7.933098095236346e-05,-4.424050075613195e-06,-8.69999439601088e-06,0.032392717897892,1.7570171621628106e-05,1.2246421647432726e-05,1.0,-4.795296717929887e-06,0.0021168156526982784,-0.0009635465103201568,-0.005351870786398649,0.0001751107192831114,-0.00040618691127747297,-0.00015267533308360726,0.0021159464959055185,0.0009634963935241103,0.0053522237576544285,3.582763019949198e-05,0.0007119642104953527,0.00015271625306922942,-3.0994415283203125e-06,-2.002034307224676e-07,0.02499999850988388,0.004025896079838276,0.004039189778268337,4.998590156901628e-06,7.078866474330425e-06,0.0,1320,1.1666666666666667
12.17499999982283,retreat,12.175000634975731,18.11441489827955,18.467815220355988,0.48214197158813477,0.020017540009575896,0.0,0.004725079179479508,0.055952909680744456,0.0,0.0,0.0,0.0,61,0.005449411924928427,0.0004835639556404203,0.005449410527944565,0.0007042817305773497,0.0,-18.467815220355988,0.0,0.0,0.0,0.0,0.0,0.0,-2.0171733922325075e-05,-6.399509584298357e-05,-5.145333489053883e-06,0.9999999403953552,0.0011316693853586912,0.0004111034795641899,0.006711618974804878,0.020298795774579048,-0.0812213197350502,-0.04502665624022484,-0.48222729563713074,0.556763768196106,0.4885809123516083,-2.0136191844940186,-0.41231974959373474,2.4742751121520996,1.0579718351364136,-0.0024276908952742815,-0.007471352815628052,0.0036406998988240957,-0.0007382904877886176,0.005819156765937805,-0.00621072156354785,-0.003986508119851351,0.6004809737205505,1.0533400200074539e-05,0.0889243334531784,-1.0055900929728523e-05,0.9999999403953552,4.46065951109631e-06,8.216117566917092e-05,-4.1305784179712646e-06,-8.832686035020743e-06,0.03239213302731514,1.81662635441171e-05,1.5711293599451892e-05,0.9999998807907104,-4.909197286906419e-06,0.0018340704264119267,-0.0010891931597143412,-0.0050145722925662994,0.0001669964549364522,-0.0004147750441916287,-0.00018414107034914196,0.0018332366598770022,0.0010891084093600512,0.005014894064515829,9.567607776261866e-06,0.0006797058740630746,0.00018417701357975602,-3.2186508178710938e-06,-2.5733061193022877e-07,0.02500000223517418,0.004025901667773724,0.004039282910525799,4.9628715714788996e-06,7.032678695395589e-06,0.0,1320,1.175
12.183333333156042,retreat,12.183333968743682,18.08165596673518,18.436824530363083,0.48601627349853516,0.01819591852836311,0.0,0.004348180482338648,0.03956468118525214,2.0038660295540467e-05,8.956956776273728e-08,0.0,0.0,56,0.0052142152562737465,0.0004515009932219982,0.005195789039134979,0.0006060003652237356,-1.4175308882258264e-07,-18.436824530363083,-1.3944013943500977e-08,3.0201374556781957e-07,-2.003637928282842e-05,2.2783899211731296e-09,8.953006158662902e-08,1.3728143066771281e-09,-1.1757650099752937e-05,-6.759820826118812e-05,-5.797200628876453e-06,0.9999999403953552,0.0010725617175921798,0.0005167703493498266,0.0067444369196891785,0.027578040957450867,-0.07753690332174301,-0.04135919734835625,-0.4822501242160797,0.5567062497138977,0.48860999941825867,-2.0136191844940186,-0.41226834058761597,2.474229335784912,1.0579477548599243,-0.002436394337564707,-0.007521337363868952,0.003702673129737377,-0.0006564718787558377,0.0059059676714241505,-0.006399836856871843,-0.004058477468788624,0.6004846096038818,8.98536109161796e-06,0.08895520120859146,-1.270249777007848e-05,1.0,-2.782018782454543e-06,8.485333091812208e-05,-4.066680048708804e-06,-8.387631169171073e-06,0.032392024993896484,1.7255282728001475e-05,1.4540034499077592e-05,0.9999999403953552,-6.9041093411215115e-06,0.0014292513951659203,-0.0013955205213278532,-0.004816409666091204,0.00018523908511269838,-0.0003746443544514477,-0.0001708251511445269,0.0014284418430179358,0.0013953902525827289,0.004816687200218439,-1.6428210074082017e-05,0.0005810944712720811,0.00017085479339584708,-3.3974647521972656e-06,-2.8989961720071733e-07,0.02499999850988388,0.004025902599096298,0.00403926707804203,5.089807018521242e-06,7.211201591417193e-06,0.0,1320,1.1833333333333333
12.191666666489255,retreat,12.191667302511632,18.048657551199035,18.405573070049286,0.48983097076416016,0.01697464904282242,0.0,0.0067096311795467045,0.0,3.992074925918132e-05,1.7849970390670933e-07,0.0,0.0,59,0.004950572736561298,0.0004633964563254267,0.004912979435175657,0.0005919234827160835,-2.851184559560238e-07,-18.405573070049286,-1.9703211506794105e-08,4.3067154820164433e-07,-3.991842095274478e-05,6.275358899188177e-09,1.7837854215940752e-07,1.964440388135813e-09,-4.576117589749629e-06,-6.995177682256326e-05,-8.846650416671764e-06,1.0,0.0010487198596820235,0.0004762719327118248,0.00681760348379612,0.02295449934899807,-0.07521407306194305,-0.04148590564727783,-0.4822729825973511,0.5566378831863403,0.4886404573917389,-2.0136191844940186,-0.41221675276756287,2.4741835594177246,1.057906985282898,-0.0024469990748912096,-0.007574183866381645,0.003765768138691783,-0.0005888045998290181,0.00598410377278924,-0.006579641718417406,-0.004131541587412357,0.6004905700683594,7.068783816066571e-06,0.08899194002151489,-1.3164493793738075e-05,1.0,-1.3548104789151694e-06,9.262114326702431e-05,-6.716671123285778e-06,-9.052862878888845e-06,0.03239751234650612,2.266943920403719e-05,5.931028226768831e-06,1.0,-4.317327693570405e-06,0.0011356353061273694,-0.0011621408630162477,-0.004676316399127245,0.00012984727800358087,-0.00037778576370328665,-0.00023484864505007863,0.0011347722029313445,0.0011620147852227092,0.00467655761167407,-3.812984505202621e-05,0.0005418117507360876,0.00023487393627874553,-3.516674041748047e-06,-4.4234911911189556e-07,0.02500000223517418,0.004025924485176802,0.004039284307509661,5.011915163777303e-06,7.1020040195435286e-06,0.0,1320,1.1916666666666667
12.199999999822467,retreat,12.200000636279583,18.01542061733237,18.36853250861168,0.4958510398864746,0.015269612049451098,0.0,0.006222701813385356,0.055952909680744456,8.070257899817079e-05,3.229023946005327e-07,0.0,0.0,54,0.004063107073307037,0.0006460716831497848,0.0039914995431900024,0.0008136233664117754,-5.870314687683731e-07,-18.36853250861168,-9.939022049820778e-08,1.2141450724811875e-06,-8.069338218774647e-05,-4.303398171146e-08,3.199848492840829e-07,4.870625680553076e-09,-6.452166871895315e-06,-7.328549691010267e-05,-9.59763019636739e-06,0.9999999403953552,0.0017130861524492502,0.000431862601544708,0.006817012093961239,0.01866646483540535,-0.11379039287567139,-0.0683169886469841,-0.48229584097862244,0.5565694570541382,0.48867473006248474,-2.0136191844940186,-0.41216516494750977,2.474137783050537,1.0578631162643433,-0.002462474862113595,-0.007630026433616877,0.0038332550320774317,-0.0005448854062706232,0.006079046055674553,-0.006801954470574856,-0.004149043466895819,0.6004968881607056,7.490980351576582e-06,0.08902943134307861,-1.4410808034881484e-05,0.9999999403953552,3.515668595355237e-06,0.00010076897160615772,-7.5426455623528454e-06,-6.844897143309936e-06,0.03239794820547104,2.748352926573716e-05,2.9365821774263168e-06,0.9999998807907104,-4.812785391550278e-06,0.0012827756581827998,-0.0012937604915350676,-0.003631736384704709,0.0001367046352243051,-0.0006095731514506042,0.00016474539006594568,0.0012820346746593714,0.0012936644488945603,0.003632031148299575,-5.0200746045447886e-05,0.0007948714774101973,-0.00016471408889628947,-3.635883331298828e-06,-4.799048838322051e-07,0.02499999850988388,0.004025931935757399,0.00403936393558979,4.92466961077298e-06,6.980670150369406e-06,0.0,1320,1.2
12.208333333155679,retreat,12.208333970047534,17.981946130796448,18.33082139492035,0.5028247833251953,0.01609839455340989,0.0,0.0059120202422491275,0.03956468118525214,0.00034507628879509866,1.3774262015431304e-06,0.0,0.0,64,0.006213308311998844,0.0008035817299969494,0.005979147274047136,0.0002461059484630823,-2.3769872470325026e-06,-18.33082139492035,5.963556048982355e-08,-7.322695978473348e-07,-0.00034507550299167633,-1.168152152786206e-07,1.3724607015319634e-06,-2.933643550306897e-09,-1.3132220374245662e-05,-8.503007848048583e-05,-1.1296549928374588e-05,1.0,-0.0007176176295615733,0.0003643967502284795,0.006980026140809059,0.0139811672270298,0.024736518040299416,0.03366061672568321,-0.4823181629180908,0.5565009117126465,0.4887087941169739,-2.0136191844940186,-0.41211357712745667,2.4740920066833496,1.057820200920105,-0.0024581002071499825,-0.007676221430301666,0.003868860425427556,-0.000501641072332859,0.006138530559837818,-0.006893789861351252,-0.004138898570090532,0.6005030870437622,8.307311873068102e-06,0.08906693756580353,-1.570594758959487e-05,1.0,8.25029746920336e-06,0.00010891695274040103,-7.295628165593371e-06,-6.773469976906199e-06,0.03239775821566582,2.3886988856247626e-05,4.882031589659164e-06,0.9999999403953552,-4.408670065458864e-06,-0.004343156702816486,-0.0010910187847912312,-0.004307188559323549,0.00014529931650031358,-0.0007636381196789443,0.00020368742116261274,-0.004344112705439329,0.0010908122640103102,0.00430627865716815,-1.2305914424359798e-05,0.00013616273645311594,-0.0002037073572864756,-4.231929779052734e-06,-5.648835212923586e-07,0.02500000223517418,0.004025195259600878,0.00403908034786582,5.0246871978743e-06,7.109425496309996e-06,0.0,1320,1.2083333333333333
12.21666666648889,retreat,12.216667303815484,17.948235057252518,18.29443648457527,0.5052089691162109,0.016759489881224,0.0,0.005662577677867375,0.03956468118525214,0.1219777837395668,0.00024693840532563627,0.09758225828409195,0.0,51,0.08517582714557648,0.0011096085654571652,0.037471625953912735,0.008790368214249611,-0.0005912179985898547,-18.29443648457527,-0.09746617823839188,-0.004773151129484177,-0.07318565994501114,-6.618274255743017e-06,0.00024684067466296256,-2.109630941049545e-06,-3.2120475225383416e-05,-6.938791193533689e-05,-9.654409950599074e-06,0.9999999403953552,-0.0001600565592525527,0.00029862768133170903,0.006731664761900902,0.012893199920654297,-0.04139561578631401,0.005610012449324131,-0.4823406934738159,0.5564322471618652,0.4887431859970093,-2.0136191844940186,-0.4120611250400543,2.4740257263183594,1.057775616645813,-0.002548379357904196,-0.00780368922278285,0.003982346039265394,-0.0008288564858958125,0.006557203829288483,-0.008715666830539703,-0.004405820742249489,0.600504994392395,8.002449249033816e-06,0.08910267800092697,-1.469207836635178e-05,0.9999999403953552,1.3291144568938762e-05,0.0001072424856829457,-6.71005454933038e-06,-7.805162567819934e-06,0.03239709883928299,3.785491207963787e-05,1.882930882857181e-05,0.9999999403953552,-5.035145932197338e-06,0.0644221305847168,-0.0025970556307584047,-0.055659372359514236,-0.000715286994818598,0.0008332473807968199,-0.00015904194151517004,0.06441012024879456,0.002597131999209523,0.05567324534058571,-0.0010911724530160427,0.008473287336528301,0.00015957702999003232,-3.4570693969726562e-06,-4.828325472772121e-07,0.02499999850988388,0.004009913187474012,0.004024020396173,5.234107447904535e-06,7.415976142510772e-06,0.0,1320,1.2166666666666666
12.224999999822103,retreat,12.225000637583435,17.91428836236184,18.25975403189659,0.5049705505371094,0.016873069398570806,0.0,0.007439753971993923,0.0,0.15737947821617126,0.0003184931119903922,0.1259036511182785,0.0,56,0.1309603899717331,0.01395014300942421,0.026525843888521194,0.001532976166345179,-0.0007075199682731181,-18.25975403189659,-0.12578095495700836,-0.005558027885854244,-0.09442752599716187,-1.6484817024320364e-05,0.000318066100589931,-2.483694458987884e-07,-3.224667671020143e-05,-6.233575550140813e-05,-2.025454887188971e-05,1.0000001192092896,-0.00034905996290035546,-0.0017084134742617607,0.006369417533278465,0.004423503763973713,-0.045852866023778915,0.00774849858134985,-0.4823634922504425,0.556363582611084,0.4887775778770447,-2.0136191844940186,-0.4120049774646759,2.4739580154418945,1.057729959487915,-0.002584325848147273,-0.00793399102985859,0.003965657204389572,-0.0013842142652720213,0.00686294212937355,-0.008862599730491638,-0.004516732878983021,0.6005066633224487,7.653739885427058e-06,0.08913815021514893,-1.4376583749253768e-05,1.0,1.7277747247135267e-05,0.00010465998639119789,-8.450155291939154e-06,-8.287963282782584e-06,0.03239790350198746,4.2324361857026815e-05,1.496770346420817e-05,1.0000001192092896,5.880259323021164e-06,0.10370068997144699,-0.0032490950543433428,-0.0799138993024826,0.0010665612062439322,0.013906600885093212,0.0002745775564108044,0.10368384420871735,0.0032503807451575994,0.0799357071518898,0.0005965257296338677,0.0010742740705609322,-0.00027353482437320054,-3.0994415283203125e-06,-1.0128278518095613e-06,0.02499999850988388,0.0040099406614899635,0.004023007582873106,4.9627597036305815e-06,7.030786946415901e-06,0.0,1320,1.225
12.233333333155315,retreat,12.233333971351385,17.88010701178567,18.225373327732086,0.5053877830505371,0.016388838048442267,0.0,0.010286630640621297,0.055952909680744456,0.17169281840324402,0.00034736510133370757,0.13735425472259521,0.0,52,0.15015485882759094,0.018337875604629517,0.02213718183338642,0.0007031667046248913,-0.0007747641211608425,-18.225373327732086,-0.13722380995750427,-0.005988424643874168,-0.1030154675245285,-1.6531357687199488e-05,0.0003469715011306107,1.1370701713531162e-07,-3.5714740079129115e-05,-6.697672506561503e-05,-9.581128324498422e-06,0.9999999403953552,-0.0005012617912143469,0.0003259855438955128,0.006438943557441235,0.013904194347560406,-0.04657887667417526,-0.020291686058044434,-0.48238617181777954,0.5562949180603027,0.4888108968734741,-2.0136191844940186,-0.41194820404052734,2.4738962650299072,1.0576844215393066,-0.002561842557042837,-0.008080214262008667,0.0038148898165673018,-0.0019704878795892,0.006882975809276104,-0.008588524535298347,-0.004485009238123894,0.6005096435546875,6.862660029582912e-06,0.08917423337697983,-1.4856684174446855e-05,0.9999999403953552,2.025401954597328e-05,0.00010478139301994815,-1.1021314094250556e-05,-8.563784831494559e-06,0.03239959105849266,3.780500992434099e-05,1.546071689517703e-05,0.9999998807907104,-5.2731720643350855e-06,0.11937463283538818,-0.009950917214155197,-0.09053816646337509,0.0013566684210672975,0.01828758977353573,3.4149310522479936e-05,0.11935525387525558,0.00995306670665741,0.09056351333856583,-8.1673264503479e-05,-0.0010424666106700897,-3.306601502117701e-05,-3.337860107421875e-06,-4.79176378576085e-07,0.02500000223517418,0.004009368363767862,0.00402360362932086,5.364325261325575e-06,7.601280231028795e-06,0.0,1320,1.2333333333333334
12.241666666488527,retreat,12.241667305119336,17.845691971185275,18.190914392471313,0.5052685737609863,0.015309973605326377,0.0,0.010164233572140802,0.055952909680744456,0.24743948876857758,0.0005008599255234003,0.1979517936706543,0.0,52,0.20634950697422028,0.02143949456512928,0.041172366589307785,0.002733859233558178,-0.0010877437889575958,-18.190914392471313,-0.1978074610233307,-0.007662094663828611,-0.1484580636024475,-3.631927029346116e-05,0.0004995240597054362,4.155810984229902e-06,-3.306199505459517e-05,-6.363623833749443e-05,-1.0017209206125699e-05,0.9999999403953552,-0.0007144835544750094,0.00038564103306271136,0.006176103372126818,0.01797623187303543,-0.056049805134534836,0.017037736251950264,-0.48240888118743896,0.5562262535095215,0.4888398051261902,-2.0136234760284424,-0.4118908643722534,2.473830223083496,1.0576387643814087,-0.0025919030886143446,-0.008257479406893253,0.0037234732881188393,-0.0027657810132950544,0.007111532147973776,-0.008980934508144855,-0.004590729251503944,0.6005090475082397,3.923505573766306e-06,0.08920765668153763,-1.3883778592571616e-05,0.9999999403953552,2.2165932023199275e-05,9.989544923882931e-05,-1.022754622681532e-05,-1.0487146028026473e-05,0.03239855542778969,3.6259458283893764e-05,1.0895948435063474e-05,0.9999998807907104,-3.864676273224177e-06,0.16367103159427643,-0.0074476562440395355,-0.12544499337673187,0.0008919615647755563,0.02142072282731533,-9.461963054491207e-05,0.1636456400156021,0.007451427634805441,0.1254778653383255,-0.00018543127225711942,0.002223469316959381,9.64370192377828e-05,-3.159046173095703e-06,-5.009660526411608e-07,0.02500000223517418,0.004010611213743687,0.004024145659059286,5.154515747562982e-06,7.304392056539655e-06,0.0,1320,1.2416666666666667
12.249999999821739,retreat,12.250000638887286,17.811044206221897,18.158522993326187,0.5051493644714355,0.01274471651413478,0.0,0.01248467651748797,0.06852804166478502,0.18966302275657654,0.00038445863174274564,0.1517314910888672,0.0,52,0.18198950588703156,0.028079556301236153,0.008538776077330112,0.0064528887160122395,-0.0008343360241269693,-18.158522993326187,-0.15168708562850952,-0.004405738785862923,-0.11377030611038208,-4.4685351895168424e-05,0.0003817402757704258,9.274391231883783e-06,-3.0155018976074643e-05,-7.737549458397552e-05,-1.4516182091028895e-05,0.9999999403953552,-0.0007180857355706394,-0.00022798668942414224,0.0063119749538600445,-0.06606218218803406,-0.056729841977357864,0.04562544822692871,-0.48243147134780884,0.5561575889587402,0.48886850476264954,-2.01366925239563,-0.4118335545063019,2.4737844467163086,1.0575945377349854,-0.002538077300414443,-0.008391302078962326,0.0035216675605624914,-0.003433337202295661,0.0069984314031898975,-0.007449164986610413,-0.004415199160575867,0.6004932522773743,7.1372387537849136e-06,0.0892278328537941,-1.7197195120388642e-05,0.9999999403953552,2.8345735699986108e-05,8.499849354848266e-05,6.4156329244724475e-06,-4.4930479816684965e-06,0.03238634020090103,7.623103101650486e-06,1.8093757034876035e-06,0.9999998211860657,-2.6806383175426163e-06,0.14715078473091125,-0.00663692457601428,-0.1068774089217186,0.0020363100338727236,0.028004450723528862,0.0002561811124905944,0.14713223278522491,0.006641589105129242,0.10690262913703918,0.001077503664419055,-0.006746673956513405,-0.00025561166694387794,-3.874301910400391e-06,-7.259259291458875e-07,0.02499999850988388,0.004009847529232502,0.00402299128472805,5.16205545864068e-06,7.321155862882733e-06,0.0,1320,1.25
12.258333333154951,retreat,12.258333972655237,17.776164682556804,18.136707693338394,0.49382448196411133,0.01654746120038908,0.0,0.017941774785867892,0.055952909680744456,3.0154506021062844e-05,1.371858502352552e-07,0.0,0.0,54,0.04571621119976044,0.021221958100795746,0.04570098593831062,0.01551843248307705,-1.8753222974510209e-07,-18.136707693338394,5.7573743106331676e-08,-1.2940590750076808e-06,-3.012667002622038e-05,1.5247323403855262e-08,1.3620696392990794e-07,-5.927918600434623e-09,-2.7644297006190754e-05,-8.463477570330724e-05,-1.5615427400916815e-05,0.9999999403953552,-0.0022076964378356934,0.0002871902543120086,0.006508856080472469,-0.0027125892229378223,0.06965477019548416,0.06503455340862274,-0.4824492037296295,0.556088924407959,0.48889705538749695,-2.0137150287628174,-0.4117819666862488,2.473738670349121,1.0575716495513916,-0.002348988549783826,-0.008421706967055798,0.003212559735402465,-0.003408605931326747,0.0062076314352452755,-0.004220596980303526,-0.0037868355866521597,0.600477397441864,1.2564266398840118e-05,0.0892481878399849,-1.834721479099244e-05,0.9999999403953552,2.8397322239470668e-05,7.056965841911733e-05,1.1880291822308209e-05,-2.7940436666540336e-06,0.032384879887104034,-1.4065052710066084e-05,-7.525708269895404e-07,0.9999998807907104,-2.7322428195475368e-06,0.039248060435056686,-0.004650283604860306,-0.022976869717240334,0.0018341426039114594,0.02113622985780239,0.0005168882198631763,0.039244551211595535,0.004651669412851334,0.022982580587267876,0.0011632689274847507,-0.01546625979244709,-0.0005172369419597089,-4.231929779052734e-06,-7.808885129634291e-07,0.02499999850988388,0.0040248362347483635,0.004038424231112003,4.993772563466337e-06,7.081602234393358e-06,0.0,1320,1.2583333333333333
12.266666666488163,retreat,12.266667306423187,17.741054365851248,18.1153766810894,0.47898292541503906,0.021722933524870314,0.0,0.019967577827628702,0.0,0.0,0.0,0.0,0.0,51,0.014766053296625614,0.0031169713474810123,0.014766055159270763,0.0018865263555198908,0.0,-18.1153766810894,0.0,0.0,0.0,0.0,0.0,0.0,-2.2629845261690207e-05,-7.781189924571663e-05,-1.5749816157040186e-05,1.0,-0.00381141877733171,0.00041340364259667695,0.006694377399981022,0.01420456264168024,0.1698201596736908,0.14110468327999115,-0.48246651887893677,0.5560202598571777,0.4889254570007324,-2.0137600898742676,-0.4117322564125061,2.4736928939819336,1.0575487613677979,-0.002289713127538562,-0.008455405943095684,0.003174358047544956,-0.0031407317146658897,0.005852760747075081,-0.004086927976459265,-0.0036050521302968264,0.6004619598388672,1.8142225599149242e-05,0.08926814794540405,-1.9015848010894842e-05,1.0,2.9235527108539827e-05,5.641004099743441e-05,1.3393590052146465e-05,-2.34821754929726e-06,0.032383523881435394,-2.140188735211268e-05,-6.605090220546117e-06,1.0,-3.2670343443896854e-06,0.008860662579536438,0.0018472092924639583,-0.011666740290820599,-0.0013146083801984787,0.002798550296574831,-0.000394248403608799,0.008859454654157162,-0.0018471349030733109,0.01166767068207264,-0.0010477537289261818,-0.0015185074880719185,0.00039411798934452236,-3.874301910400391e-06,-7.875787559896708e-07,0.02499999850988388,0.004024828784167767,0.004038505256175995,5.128537395648891e-06,7.264112355187535e-06,0.0,1320,1.2666666666666666
12.274999999821375,retreat,12.275000640191138,17.705714221766492,18.094515055418015,0.4636049270629883,0.027070656869909726,0.0,0.019637860532384366,0.03956468118525214,0.0,0.0,0.0,0.0,51,0.013692529872059822,0.0013603338738903403,0.013692529872059822,0.000563932815566659,0.0,-18.094515055418015,0.0,0.0,0.0,0.0,0.0,0.0,-2.1635711163980886e-05,-6.571313861059025e-05,-1.5862795407883823e-05,1.0,-0.004177658353000879,0.00038719078293070197,0.006820189766585827,0.014199796132743359,0.19679859280586243,0.1611587405204773,-0.482483834028244,0.5559515953063965,0.48895394802093506,-2.0138027667999268,-0.4116855263710022,2.473647117614746,1.057525873184204,-0.0022660817485302687,-0.008488631807267666,0.0031977607868611813,-0.0028538028709590435,0.005745423026382923,-0.0042663877829909325,-0.003532594069838524,0.6004475951194763,2.2993655875325203e-05,0.08928926289081573,-1.8778428056975827e-05,0.9999999403953552,3.124131035292521e-05,4.3669930164469406e-05,1.3205471987021156e-05,-2.85985333903227e-06,0.032383762300014496,-2.2043292119633406e-05,-9.605059858586174e-06,0.9999999403953552,-2.9167360935389297e-06,0.008438322693109512,0.0016422119224444032,-0.010657542385160923,-0.0007859508041292429,0.0011082356795668602,6.784682045690715e-05,0.00843749474734068,-0.0016420850297436118,0.010658218525350094,-0.0005487569142132998,0.00011082924902439117,-6.784477591281757e-05,-3.2782554626464844e-06,-7.932103471830487e-07,0.02499999850988388,0.00402481434866786,0.0040384698659181595,5.137409516464686e-06,7.2752300184220076e-06,0.0,1320,1.275
12.283333333154587,retreat,12.283333973959088,17.670145215963785,18.072468787431717,0.44912099838256836,0.03173609729856253,0.0,0.006883951755298767,0.0,0.0,0.0,0.0,0.0,58,0.014546243473887444,0.0011029151501134038,0.014546241611242294,0.0003948632220271975,0.0,-18.072468787431717,0.0,0.0,0.0,0.0,0.0,0.0,-2.7135825803270563e-05,-5.0600559916347265e-05,-1.5340228856075555e-05,1.0,-0.004044078756123781,0.00036984574398957193,0.0069296592846512794,0.014284750446677208,0.19507557153701782,0.15927770733833313,-0.4825011193752289,0.5558829307556152,0.4889824688434601,-2.013803243637085,-0.4116387963294983,2.4736013412475586,1.0575029850006104,-0.0022533661685884,-0.008520872332155704,0.0032367955427616835,-0.0025572425220161676,0.005744527094066143,-0.0044768620282411575,-0.003555460600182414,0.6004534363746643,2.307295289938338e-05,0.08932595700025558,-1.7174521417473443e-05,0.9999999403953552,2.790323742374312e-05,5.150158904143609e-05,-7.628222192579415e-06,-7.550618647655938e-06,0.03239841014146805,9.010682333610021e-07,-7.673268100916175e-07,1.0,-1.8343087049288442e-06,0.009539676830172539,0.0014110757037997246,-0.010890208184719086,-0.0003918865113519132,0.0010309417266398668,-2.455854655636358e-06,0.00953863374888897,-0.0014109170297160745,0.010891139507293701,-0.00018813114729709923,0.0003471560776233673,2.509602154532331e-06,-2.5033950805664062e-06,-7.67078745411709e-07,0.02499999850988388,0.004024817608296871,0.004038501065224409,5.138715096109081e-06,7.27904262021184e-06,0.0,1320,1.2833333333333332
12.2916666664878,retreat,12.291667307727039,17.634348314104386,18.03506314754486,0.45305490493774414,0.03160557025694288,0.0,0.008090381925285328,0.0,0.0,0.0,0.0,0.0,62,0.016819266602396965,0.000340494851116091,0.016819266602396965,0.0023388084955513477,0.0,-18.03506314754486,0.0,0.0,0.0,0.0,0.0,0.0,-4.464428639039397e-05,-2.759451490419451e-05,-1.3128471437084954e-05,0.9999999403953552,0.0014551628846675158,0.0003523600462358445,0.006837956141680479,0.013494066894054413,-0.11751444637775421,-0.06892604380846024,-0.48251840472221375,0.555814266204834,0.48901116847991943,-2.013803243637085,-0.41158735752105713,2.473555564880371,1.0574800968170166,-0.002285411348566413,-0.00857453141361475,0.003337249858304858,-0.0023221068549901247,0.005909256637096405,-0.005058665294200182,-0.0037140354979783297,0.6004593968391418,2.3398642952088267e-05,0.08936268836259842,-1.7253165424335748e-05,1.0,2.261177360196598e-05,5.8974041166948155e-05,-1.0138999641640112e-05,-7.089372957125306e-06,0.03239775076508522,3.137999738100916e-05,2.2032214474165812e-05,1.0,-4.122685368201928e-06,0.015030710026621819,0.0010940764332190156,-0.007467829156666994,-0.0002512978680897504,-0.00015970315143931657,-0.00016516968025825918,0.015029878355562687,-0.001093654427677393,0.00746956467628479,-9.341584518551826e-05,0.00233108620159328,0.00016533464076928794,-1.3709068298339844e-06,-6.564841896761209e-07,0.02500000223517418,0.004024810157716274,0.004038521088659763,5.142179361428134e-06,7.283524610102177e-06,0.0,1320,1.2916666666666667
12.299999999821011,retreat,12.30000064149499,17.59832448184956,17.99757555127144,0.4603266716003418,0.031911564292386174,0.0,0.007063543307594955,0.055952909680744456,0.0,0.0,0.0,0.0,61,0.01192327868193388,0.0005189808434806764,0.011923277750611305,0.0007617892697453499,0.0,-17.99757555127144,0.0,0.0,0.0,0.0,0.0,0.0,-3.637222107499838e-05,-3.824721716227941e-05,-1.2989425158593804e-05,0.9999999403953552,0.002408670959994197,0.0003568338288459927,0.006898702122271061,0.014356636442244053,-0.16817761957645416,-0.10579828917980194,-0.4825357496738434,0.5557456016540527,0.4890398681163788,-2.013803243637085,-0.41153576970100403,2.4735097885131836,1.0574572086334229,-0.002293406752869487,-0.008613919839262962,0.0033980663865804672,-0.002102107973769307,0.006047170143574476,-0.005297659896314144,-0.0038492532912641764,0.6004654169082642,2.3829732526792213e-05,0.08939938247203827,-1.718639032333158e-05,0.9999999403953552,1.740482730383519e-05,6.681525701424107e-05,-9.395354936714284e-06,-6.968505658733193e-06,0.032396942377090454,2.8568438210641034e-05,1.896718458738178e-05,0.9999998807907104,-4.195203018753091e-06,0.008212689310312271,0.00040663828258402646,-0.008634288795292377,0.00018039532005786896,0.00047251241630874574,-0.00011632152018137276,0.008211549371480942,-0.0004066491674166173,0.008635371923446655,0.00023904094996396452,0.0007138809887692332,0.00011643138714134693,-1.9073486328125e-06,-6.495392881333828e-07,0.02499999850988388,0.004024784080684185,0.004038513172417879,5.158035946806194e-06,7.304828613996506e-06,0.0,1320,1.3
12.308333333154224,retreat,12.30833397526294,17.562074684860555,17.96024441719055,0.46747922897338867,0.03228512287023477,0.0,0.0060949869293835945,0.03956468118525214,9.966801007976755e-05,3.9954369412953383e-07,0.0,0.0,61,0.008860751986503601,0.0005034179193899035,0.008773867972195148,0.0011123660951852798,-7.602266194339791e-07,-17.96024441719055,-1.3960673506119292e-08,1.6213519415941846e-07,-9.966787183657289e-05,-3.692396788324004e-08,3.97833332499431e-07,6.530682661320952e-10,-3.0789691663812846e-05,-4.829729368793778e-05,-1.2384036381263286e-05,1.0,0.0023364638909697533,0.0003463683242443949,0.0069763436913490295,0.014037849381566048,-0.16164806485176086,-0.10058934986591339,-0.482553094625473,0.5556769371032715,0.48906856775283813,-2.013803243637085,-0.4114841818809509,2.473464012145996,1.0574336051940918,-0.0023035560734570026,-0.008653921075165272,0.0034605348482728004,-0.0018959989538416266,0.006195106543600559,-0.005618537776172161,-0.003997809253633022,0.6004712581634521,2.4034286980167963e-05,0.08943584561347961,-1.7202783055836335e-05,1.0,1.2319594134169165e-05,7.418797758873552e-05,-8.561703907616902e-06,-7.136382919270545e-06,0.032396089285612106,2.5891062250593677e-05,1.8470007489668205e-05,0.9999999403953552,-4.817058652406558e-06,0.0042811245657503605,0.0006079379818402231,-0.007734035607427359,8.285379590233788e-05,-0.00046763266436755657,-0.00016698661784175783,0.004279992077499628,-0.0006080985767766833,0.0077346498146653175,0.00017057408695109189,0.0010860464535653591,0.00016707461327314377,-2.4437904357910156e-06,-6.192749424371868e-07,0.02500000223517418,0.004024760331958532,0.004038542974740267,5.156667612027377e-06,7.3080300353467464e-06,0.0,1320,1.3083333333333333
12.316666666487436,retreat,12.31666730903089,17.52559988879863,17.923211306333542,0.47397613525390625,0.03252118403906934,0.0,0.005835756837768713,0.03956468118525214,0.00015698766219429672,6.288765916906414e-07,0.0,0.0,61,0.007652520667761564,0.0007465129601769149,0.007508622948080301,0.0011797831393778324,-1.2004935570075759e-06,-17.923211306333542,-3.348803190306171e-08,3.9179374766717956e-07,-0.00015698716742917895,-5.974127503804993e-08,6.260305553951184e-07,1.5770644790080723e-09,-2.645553286129143e-05,-5.6213215430034325e-05,-1.3112594388076104e-05,1.0,0.002151401014998555,0.0003314380592200905,0.007045546546578407,0.013421461917459965,-0.14932876825332642,-0.09132735431194305,-0.48257046937942505,0.5556082725524902,0.4890972673892975,-2.013803243637085,-0.4114324748516083,2.4734182357788086,1.0573952198028564,-0.002316610189154744,-0.008697547018527985,0.00352266151458025,-0.0017151033971458673,0.006349924020469189,-0.0059483954682946205,-0.0041454560123384,0.6004772186279297,2.453051092743408e-05,0.08947260677814484,-1.724917092360556e-05,0.9999999403953552,1.481515027990099e-05,8.170694491127506e-05,-8.512356544088107e-06,-6.873242455185391e-06,0.032395802438259125,2.5493995053693652e-05,1.1640273442026228e-05,0.9999999403953552,-4.13524412579136e-06,0.0029823046643286943,0.0005665812059305608,-0.007024664897471666,9.246561967302114e-05,-0.0007263237494044006,-0.0001455523888580501,0.002981173573061824,-0.0005667353980243206,0.007025136146694422,0.00017421148368157446,0.0011571083450689912,0.00014563649892807007,-2.8014183044433594e-06,-6.557056622114033e-07,0.02499999850988388,0.0040247393772006035,0.004038592800498009,5.152443009137642e-06,7.300172001123428e-06,0.0,1320,1.3166666666666667
12.324999999820648,retreat,12.325000642798841,17.48890105932505,17.885921150445938,0.4805326461791992,0.03299361560493708,0.0,0.005648871592711657,0.03956468118525214,0.00018541724421083927,7.421162422360794e-07,0.0,0.0,48,0.006905327085405588,0.000784157426096499,0.0067336843349039555,0.0011509493924677372,-1.426809610904911e-06,-17.885921150445938,-1.0320512444650376e-08,1.204483339733997e-07,-0.00018541720055509359,-6.669007746040734e-08,7.391134886347572e-07,4.84035811432193e-10,-2.590327312645968e-05,-6.329335155896842e-05,-1.3136252164258622e-05,0.9999999403953552,0.0021245370153337717,0.00031973840668797493,0.007105369586497545,0.012818068265914917,-0.1466398686170578,-0.08963251113891602,-0.4825878441333771,0.555539608001709,0.48912596702575684,-2.013803243637085,-0.41137969493865967,2.473372459411621,1.0573495626449585,-0.00233169156126678,-0.008745793253183365,0.003581578843295574,-0.0015613536816090345,0.006503188516944647,-0.00626399926841259,-0.004238259047269821,0.6004831790924072,2.4961538656498305e-05,0.08950955420732498,-1.7532929632579908e-05,0.9999999403953552,2.0505316570051946e-05,8.9345543528907e-05,-8.411080671066884e-06,-6.896325430716388e-06,0.032395459711551666,2.6052377506857738e-05,5.397900622483576e-06,0.9999999403953552,-4.3956624722341076e-06,0.0025338586419820786,0.0004927308182232082,-0.006404710467904806,0.00010362394823459908,-0.0007573495386168361,0.00017489022866357118,0.002532734302803874,-0.0004928514244966209,0.006405145861208439,0.00017474802734795958,0.0011233666446059942,-0.00017480629321653396,-3.159046173095703e-06,-6.568952812813222e-07,0.02499999850988388,0.004024738911539316,0.004038627725094557,5.141967449162621e-06,7.281661964952946e-06,0.0,1320,1.325
12.33333333315386,retreat,12.333333976566792,17.451979162101058,17.848511785268784,0.4871487617492676,0.03345278310007416,0.0,0.0050348276090517174,0.0,0.0002465935831423849,9.861448688752716e-07,0.0,0.0,54,0.0062995427288115025,0.0007593266200274229,0.0060668871738016605,0.0010478536132723093,-1.9095908356803193e-06,-17.848511785268784,-1.605155475203901e-08,1.8733391016212408e-07,-0.0002465934958308935,-8.889830382941e-08,9.821294497669442e-07,7.522893974432066e-10,-2.7083213353762403e-05,-7.164669659687206e-05,-1.3907125321566127e-05,1.0,0.002101442078128457,0.0003112299891654402,0.007162788882851601,0.012817100621759892,-0.14456792175769806,-0.08861803263425827,-0.4826052784919739,0.5554709434509277,0.4891546666622162,-2.013803243637085,-0.4113224148750305,2.4733266830444336,1.057303786277771,-0.002347152214497328,-0.008797991089522839,0.003635211382061243,-0.0014328419929370284,0.006650735158473253,-0.006549408193677664,-0.004319407045841217,0.6004890203475952,2.5642633772804402e-05,0.08954612910747528,-1.9349707145011052e-05,1.0,2.446496728225611e-05,9.649131243349984e-05,-8.09899574960582e-06,-6.556739208463114e-06,0.032394640147686005,2.484480501152575e-05,2.618297457956942e-06,1.0,-5.441723260446452e-06,0.0020025831181555986,0.0004459153860807419,-0.005956094246357679,0.00011646133498288691,-0.0007202334236353636,0.00021042217849753797,0.002001455519348383,-0.0004460477503016591,0.005956459790468216,0.0001808329252526164,0.0010095062898471951,-0.00021033859229646623,-3.5762786865234375e-06,-6.954542186576873e-07,0.02499999850988388,0.004024742636829615,0.004038676153868437,5.132870683155488e-06,7.273367373272777e-06,0.0,1320,1.3333333333333333
12.341666666487072,retreat,12.341667310334742,17.414835162787924,17.81148985028267,0.493466854095459,0.03420989742153324,0.0,0.0049822333494375926,0.0,0.0003638783236965537,1.4540514712280128e-06,0.0,0.0,61,0.005854436196386814,0.0007013659342192113,0.00550405727699399,0.0009166399249807,-2.8309672615023374e-06,-17.81148985028267,5.345026821146348e-08,-6.253422952795518e-07,-0.00036387777072377503,-1.2169115848337242e-07,1.4489480690826895e-06,-2.5094282207760443e-09,-3.614778688643128e-05,-7.79580877861008e-05,-1.5407516912091523e-05,1.0,0.0020270911045372486,0.00030428473837673664,0.007218581158667803,0.01301615685224533,-0.13983792066574097,-0.08560606837272644,-0.48262280225753784,0.5554022192955017,0.4891834557056427,-2.013803243637085,-0.411265105009079,2.473280906677246,1.0572580099105835,-0.002362294355407357,-0.008854334242641926,0.003682426642626524,-0.0013260566629469395,0.006782701704651117,-0.006808106787502766,-0.004402992315590382,0.6004948616027832,2.62827416008804e-05,0.0895829126238823,-2.1234469386399724e-05,0.9999999403953552,2.823846989485901e-05,0.00010363548062741756,-8.084915862127673e-06,-6.551664228027221e-06,0.03239438682794571,2.56777220783988e-05,7.909378837211989e-06,1.0,-5.825407697557239e-06,0.0014399273786693811,0.000513788138050586,-0.005651287734508514,7.596653449581936e-05,-0.0006869322387501597,0.00011944602010771632,0.0014387851115316153,-0.0005139466375112534,0.005651562009006739,0.00015012829680927098,0.0008949196198955178,-0.00011937157978536561,-3.874301910400391e-06,-7.705166353844106e-07,0.02499999850988388,0.004024732392281294,0.00403871014714241,5.1337265176698565e-06,7.27333826944232e-06,0.0,1320,1.3416666666666666
12.349999999820284,retreat,12.350000644102693,17.377470027046897,17.77431145310402,0.49996376037597656,0.03484342232695781,0.0,0.005643842996505555,0.0,0.00046094172284938395,1.8403735566607793e-06,0.0,0.0,58,0.007187735754996538,0.0008918249513953924,0.006804096046835184,0.000398051313823089,-3.3244440764690353e-06,-17.77431145310402,2.4025046840847608e-08,-2.810223520555155e-07,-0.0004609416355378926,-1.5989466817245557e-07,1.8334141032028128e-06,-1.1262402122014237e-09,-3.954042767873034e-05,-8.712883573025465e-05,-1.757707832439337e-05,1.0,-0.0009001619182527065,0.00029323738999664783,0.007322092540562153,0.011806140653789043,0.028740882873535156,0.0369957834482193,-0.4826411008834839,0.5553311109542847,0.48921290040016174,-2.013803243637085,-0.41120776534080505,2.4732351303100586,1.057212233543396,-0.002365254331380129,-0.008904592134058475,0.0037101178895682096,-0.00122122373431921,0.006883741822093725,-0.006955986842513084,-0.004459521733224392,0.6005012392997742,2.6445999537827447e-05,0.08962079137563705,-2.23237911995966e-05,1.0,3.178699626005255e-05,0.0001117117571993731,-8.489037099934649e-06,-6.951370778551791e-06,0.032395102083683014,2.4583245249232277e-05,7.753421414236072e-06,1.0,-4.745069418277126e-06,-0.0038422548677772284,0.0004981476813554764,-0.006054128985852003,0.00010889658005908132,-0.0008709936519153416,0.00015768100274726748,-0.0038435757160186768,-0.0004986621788702905,0.006053247954696417,0.0001808350789360702,0.0003158851759508252,-0.00015765742864459753,-4.351139068603516e-06,-8.790266292635351e-07,0.02499999850988388,0.004025449510663748,0.00403922563418746,4.917268597637303e-06,6.973074050620198e-06,0.0,1320,1.35
12.358333333153496,retreat,12.358333977870643,17.339884720539242,17.73720383644104,0.5041956901550293,0.03476856727502309,0.0,0.008968443580670282,0.03956468118525214,0.08699989318847656,0.00017611321527510881,0.06959991902112961,0.0,63,0.06305219233036041,0.0008690836257301271,0.02758149616420269,0.006720603909343481,-0.00042751348519232124,-17.73720383644104,-0.06935764104127884,-0.0058036064729094505,-0.05219978094100952,-1.6952904843492433e-05,0.00017529189062770456,1.1030576843040762e-06,-4.4928325223736465e-05,-8.410892769461498e-05,-1.5685080143157393e-05,0.9999999403953552,-0.00022447916853707284,-0.004754594527184963,0.006811140105128288,0.3636131286621094,-0.029436545446515083,0.006162901874631643,-0.4826635718345642,0.5552518367767334,0.4892466068267822,-2.013803243637085,-0.41114842891693115,2.4731717109680176,1.0571664571762085,-0.0024701908696442842,-0.009010684676468372,0.0038688781205564737,-0.0014078485546633601,0.007323822472244501,-0.008376093581318855,-0.0047462377697229385,0.6005058288574219,2.5063074645004235e-05,0.08966251462697983,-2.12449231185019e-05,0.9999999403953552,3.433274832786992e-05,0.00011551313946256414,-9.093892003875226e-06,-8.329197953571565e-06,0.032399702817201614,3.140462649753317e-05,1.0595557796477806e-05,0.9999999403953552,-5.557542408496374e-06,0.047077905386686325,0.006391755770891905,-0.0414535328745842,-0.0008242084877565503,0.0002569525095168501,-9.981029870687053e-05,0.0470687672495842,-0.006390285212546587,0.04146413877606392,9.839533595368266e-05,0.006544051226228476,0.00010044494410976768,-4.231929779052734e-06,-7.844428182579577e-07,0.02500000223517418,0.004010245203971863,0.004023052752017975,-0.0003160845080856234,-0.0004478674381971359,0.0,1320,1.3583333333333334
12.366666666486708,retreat,12.366667311638594,17.30208020892621,17.69692227244377,0.5042552947998047,0.032885440305108204,0.0,0.00981398352450924,0.0,0.21588830649852753,0.0004382199258543551,0.17271094024181366,0.0,63,0.1675928384065628,0.010860702022910118,0.04953572526574135,0.008425375446677208,-0.0010867212258744985,-17.69692227244377,-0.17221017181873322,-0.013226388953626156,-0.12952405214309692,-5.504335422301665e-05,0.0004346809582784772,7.706118594796862e-06,-5.439614687929861e-05,-6.861623114673421e-05,-1.354251344309887e-05,0.9999999403953552,-0.0004956217599101365,0.00017846417904365808,0.006930085830390453,0.013412955217063427,-0.05630654841661453,-0.0012807546881958842,-0.48268598318099976,0.5551717281341553,0.48927876353263855,-2.013803243637085,-0.41108575463294983,2.473090171813965,1.057120680809021,-0.002525164745748043,-0.009206785820424557,0.0037913364358246326,-0.002009051386266947,0.007663434371352196,-0.010038626380264759,-0.0050019919872283936,0.6005066633224487,2.2019949028617702e-05,0.08970262110233307,-1.7784686860977672e-05,1.0,3.534891584422439e-05,0.00011038758384529501,-9.536473044136073e-06,-9.713481631479226e-06,0.03239954262971878,4.177183654974215e-05,1.9046952729695477e-05,1.0,-4.238592737237923e-06,0.12909367680549622,-0.017210327088832855,-0.10547979921102524,0.0008963570580817759,0.010822534561157227,-0.00015539999003522098,0.12906916439533234,0.017215702682733536,0.10550891607999802,-0.0015916409902274609,0.007826574146747589,0.0001567452127346769,-3.4570693969726562e-06,-6.773116183467209e-07,0.02499999850988388,0.004009606782346964,0.004023684188723564,5.315367161529139e-06,7.529277354478836e-06,0.0,1320,1.3666666666666667
12.37499999981992,retreat,12.375000645406544,17.264057457869058,17.657970637083054,0.5044937133789062,0.029961571271996945,0.0,0.01316438920184737,0.03956468118525214,0.19170141220092773,0.0003895228437613696,0.15336185693740845,0.0,61,0.1751180738210678,0.024433419108390808,0.016903825104236603,0.003874851856380701,-0.000880436273291707,-17.657970637083054,-0.15300096571445465,-0.010753251612186432,-0.11499784886837006,-5.893443449167535e-05,0.00038488180143758655,1.0989573638653383e-05,-4.667634129873477e-05,-7.612290210090578e-05,-1.2896128282591235e-05,1.0,-0.0006814489024691284,0.00022311035718303174,0.006741740275174379,0.012949656695127487,-0.048092033714056015,-0.025739924982190132,-0.48270854353904724,0.5550916194915771,0.48930755257606506,-2.013803482055664,-0.4110226631164551,2.4730184078216553,1.0570749044418335,-0.002519678557291627,-0.009358398616313934,0.003633607644587755,-0.002693705027922988,0.00788321252912283,-0.00907133799046278,-0.005102943163365126,0.6005092859268188,1.7307766029261984e-05,0.08974307030439377,-1.4992997421359178e-05,0.9999999403953552,3.473739343462512e-05,0.00010951452713925391,-1.1864294719998725e-05,-1.1682802323775832e-05,0.03240102529525757,3.339188333484344e-05,1.1938671377720311e-05,0.9999999403953552,-2.09440781873127e-06,0.14030352234840393,-0.012737094424664974,-0.1040145680308342,0.0034911900293082,0.024181894958019257,0.00019872937991749495,0.1402798593044281,0.012743718922138214,0.10404564440250397,0.0016501363134011626,-0.003913063555955887,-0.0001966953423107043,-3.814697265625e-06,-6.44984538666904e-07,0.02499999850988388,0.004010258708149195,0.004024047404527664,5.163307832845021e-06,7.3191768024116755e-06,0.0,1320,1.375
12.383333333153132,retreat,12.383333979174495,17.225817433029047,17.618639022111893,0.5048513412475586,0.025208897568518296,0.0,0.01266765502805356,0.03956468118525214,0.2163928896188736,0.00044118190999142826,0.1731163114309311,-0.00010112385240290678,60,0.19088487327098846,0.023220522329211235,0.025559067726135254,0.0008913486963137984,-0.0009883953898679465,-17.618639022111893,-0.17283625900745392,-0.010611472651362419,-0.12977252900600433,-8.208212238969281e-05,0.0004330697120167315,1.8831573470379226e-05,-4.795451241079718e-05,-6.88228101353161e-05,-9.241158295481e-06,1.0,-0.00081737304572016,0.00022849501692689955,0.006626415997743607,0.013597646728157997,-0.055211231112480164,-0.004971782676875591,-0.4827311038970947,0.555011510848999,0.4893362522125244,-2.0138490200042725,-0.41095709800720215,2.4729557037353516,1.057029128074646,-0.0025296437088400126,-0.00952066108584404,0.0035061517264693975,-0.0033813195768743753,0.008017362095415592,-0.008748314343392849,-0.005189732648432255,0.6004922986030579,1.8822622223524377e-05,0.08976783603429794,-1.5564781278953888e-05,0.9999999403953552,3.8525002310052514e-05,9.097884321818128e-05,6.684065738227218e-06,-5.377355591917876e-06,0.03238645941019058,2.2156422346597537e-05,9.429741112398915e-06,0.9999999403953552,-6.321913588180905e-06,0.15204598009586334,-0.01072856318205595,-0.11490845680236816,0.0020991985220462084,0.023124564439058304,-0.00020141109416726977,0.15202423930168152,0.010736699216067791,0.11493641883134842,0.0005488123279064894,-0.0011595692485570908,0.00020221996237523854,-3.4570693969726562e-06,-4.622233973350376e-07,0.02499999850988388,0.004010219592601061,0.004024168010801077,5.182462700759061e-06,7.34132481738925e-06,0.0,1320,1.3833333333333333
12.391666666486344,retreat,12.391667312942445,17.187361100067427,17.59236454963684,0.4932880401611328,0.027420572223491035,0.0,0.015269648429239169,0.055952909680744456,2.98001104965806e-05,1.1965293822413514e-07,0.0,0.0,60,0.05020996555685997,0.023540064692497253,0.050195127725601196,0.017246130853891373,-2.0183012772179154e-07,-17.59236454963684,3.5193910008501916e-08,-7.486543722734496e-07,-2.9790684493491426e-05,2.839794843723098e-09,1.1958155710090068e-07,-3.0019422503357873e-09,-3.588655818020925e-05,-8.877123036654666e-05,-1.2879806490673218e-05,0.9999999403953552,-0.002043924294412136,0.0003240901860408485,0.006998881697654724,0.013382268138229847,0.06212169677019119,0.0610506609082222,-0.48274919390678406,0.5549314022064209,0.4893648028373718,-2.01389479637146,-0.4108943045139313,2.472909927368164,1.0569833517074585,-0.0023611802607774734,-0.009548531845211983,0.003214878961443901,-0.003405603114515543,0.007380950730293989,-0.005115461070090532,-0.004650732968002558,0.60047847032547,2.341824074392207e-05,0.08979400247335434,-1.750935371092055e-05,0.9999999403953552,4.5382264943327755e-05,8.036315557546914e-05,9.636527465772815e-06,-2.867090643121628e-06,0.03238635137677193,-8.408032044826541e-06,-9.495195627096109e-06,0.9999998807907104,-4.630693183571566e-06,0.043204400688409805,-0.0058048442006111145,-0.024914337322115898,0.0030589988455176353,0.0233303252607584,0.0006878133281134069,0.043199870735406876,0.005807891488075256,0.0249214768409729,0.002222036710008979,-0.01708866097033024,-0.0006879865541122854,-4.410743713378906e-06,-6.441496225306764e-07,0.02500000223517418,0.00402502017095685,0.0040390449576079845,5.046217665949371e-06,7.145426934584975e-06,0.0,1320,1.3916666666666666
12.399999999819556,retreat,12.400000646710396,17.148689424645468,17.56521463394165,0.48047304153442383,0.03107855809503235,0.0,0.01694718775979709,0.03956468118525214,0.0,0.0,0.0,0.0,63,0.015069261193275452,0.002908682683482766,0.015069265849888325,0.001727238530293107,0.0,-17.56521463394165,0.0,0.0,0.0,0.0,0.0,0.0,-3.927919897250831e-05,-8.27224284876138e-05,-2.923261490650475e-06,0.9999999403953552,-0.003263861872255802,0.0015384724829345942,0.007334809750318527,0.09695358574390411,0.14157073199748993,0.12085174024105072,-0.4827665090560913,0.5548512935638428,0.48939329385757446,-2.0139405727386475,-0.4108368754386902,2.4728641510009766,1.056937575340271,-0.0023143026046454906,-0.009588362649083138,0.003178998129442334,-0.0031455010175704956,0.007043456193059683,-0.005004211328923702,-0.004453340545296669,0.6004651188850403,2.8333613954600878e-05,0.08982016146183014,-1.796208744053729e-05,0.9999999403953552,5.471923213917762e-05,7.035253656795248e-05,1.0821448086062446e-05,-1.5800915207364596e-06,0.03238536790013313,-1.2369352589303162e-05,-1.5438754417118616e-05,0.9999999403953552,-1.5040586731629446e-05,0.009215724654495716,-7.962631207192317e-05,-0.011922528967261314,-0.0009866849286481738,0.002731179818511009,-0.0001659659028518945,0.009214038029313087,8.020655513973907e-05,0.0119238356128335,-0.000998076400719583,-0.0013998965732753277,0.00016578895156271756,-4.112720489501953e-06,-1.4632678357884288e-07,0.02500000223517418,0.004024970345199108,0.004039050079882145,6.6074835558538325e-06,9.360897820442915e-06,0.0,1320,1.4
12.408333333152768,retreat,12.408333980478346,17.109803372424413,17.538221180438995,0.4674196243286133,0.03655793989310041,0.0,0.017288499293499626,0.03956468118525214,0.0,0.0,0.0,0.0,66,0.014183657243847847,0.0014424837427213788,0.014183658175170422,0.00041644906741566956,0.0,-17.538221180438995,0.0,0.0,0.0,0.0,0.0,0.0,-4.912046642857604e-05,-7.521448424085975e-05,-2.2821970560471527e-05,0.9999999403953552,-0.003545149229466915,-0.0009600378689356148,0.007343935780227184,-0.11301489174365997,0.1613178551197052,0.135188490152359,-0.48278385400772095,0.5547711849212646,0.4894218146800995,-2.0139849185943604,-0.41077950596809387,2.472818374633789,1.0568920373916626,-0.0023226174525916576,-0.0096170324832201,0.0032568247988820076,-0.002881936728954315,0.007036510389298201,-0.005162760149687529,-0.004391317721456289,0.6004523038864136,3.265854684286751e-05,0.08984676748514175,-1.8365490177529864e-05,1.0,6.362505519064143e-05,6.123023194959387e-05,1.1174119208590128e-05,-2.7081864573119674e-06,0.03238498792052269,-1.3984813449496869e-05,-1.4504594219033606e-05,0.9999999403953552,4.454696409084136e-06,0.008086559362709522,0.005460516549646854,-0.010294000618159771,-0.0009075761190615594,0.0010539254872128367,0.00038249947829172015,0.00808599404990673,-0.005459865555167198,0.01029479131102562,-0.00011876743519678712,0.00011434033513069153,-0.00038242698065005243,-3.7550926208496094e-06,-1.1412848834879696e-06,0.02500000223517418,0.004024719353765249,0.004037801176309586,5.031060481996974e-06,7.135735359042883e-06,0.0,1320,1.4083333333333332
12.41666666648598,retreat,12.416667314246297,17.07070390906553,17.510657757520676,0.45484304428100586,0.03992128404206596,0.0,0.009587090062268544,0.0,0.0,0.0,0.0,0.0,69,0.013739161193370819,0.0008542108698748052,0.013739161193370819,0.0007088609854690731,0.0,-17.510657757520676,0.0,0.0,0.0,0.0,0.0,0.0,-5.6877066526794806e-05,-6.532140832860023e-05,-1.1529400580911897e-05,0.9999999403953552,-0.0035392383579164743,-6.552029662998393e-05,0.0076254792511463165,-0.024261802434921265,0.16713836789131165,0.13897427916526794,-0.4828011393547058,0.5546910762786865,0.4894503653049469,-2.0139849185943604,-0.41072219610214233,2.4727725982666016,1.0568467378616333,-0.0023129091132432222,-0.009653996676206589,0.003285107435658574,-0.0025888453237712383,0.006979387253522873,-0.00542787229642272,-0.00434806477278471,0.6004605293273926,3.213304444216192e-05,0.08988950401544571,-1.7225538613274693e-05,1.0,6.746577128069475e-05,7.313211972359568e-05,-1.0400450264569372e-05,-6.673103598586749e-06,0.032400161027908325,7.810908755345736e-06,-1.0588422810542397e-05,1.0,-5.69639132663724e-06,0.008434749208390713,0.00036134797846898437,-0.010839233174920082,-0.00047478644410148263,0.0006832550279796124,0.00019343369058333337,0.008433212526142597,-0.0003605833335313946,0.010840454138815403,-0.0004226983292028308,0.0005351606523618102,-0.00019342453742865473,-3.2782554626464844e-06,-5.766560207121074e-07,0.02499999850988388,0.004024728201329708,0.00403781421482563,5.049860646977322e-06,7.155176717787981e-06,0.0,1320,1.4166666666666667
12.424999999819192,retreat,12.425000648014247,17.031392000230067,17.467302829027176,0.4611015319824219,0.0393912305298727,0.0,0.011159968380525243,0.03956468118525214,0.0,0.0,0.0,0.0,67,0.016212545335292816,0.00045547218178398907,0.016212547197937965,0.0024697775952517986,0.0,-17.467302829027176,0.0,0.0,0.0,0.0,0.0,0.0,-8.158104174071923e-05,-4.5490865886677057e-05,-1.3003916137677152e-05,1.0,0.0021794403437525034,-0.0003661508089862764,0.007675217464566231,-0.06025237217545509,-0.15967823565006256,-0.0991906151175499,-0.4828189015388489,0.5546109676361084,0.48947906494140625,-2.0139851570129395,-0.41066423058509827,2.472726821899414,1.0568009614944458,-0.0023607846815139055,-0.009708643890917301,0.003402020549401641,-0.002375419018790126,0.007165092043578625,-0.0060309553518891335,-0.004478526301681995,0.600468635559082,3.171919161104597e-05,0.08993206918239594,-1.6421272448496893e-05,0.9999999403953552,7.126939453883097e-05,8.512634667567909e-05,-1.3025246516917832e-05,-6.609421689063311e-06,0.032399363815784454,3.963589551858604e-05,1.0311277947039343e-05,0.9999999403953552,-3.4136535305151483e-06,0.014465033076703548,0.0014801229117438197,-0.007170680444687605,-0.00023751928529236466,-0.0003784004074987024,8.86151465238072e-05,0.01446402259171009,-0.0014782974030822515,0.007173098158091307,-2.406942076049745e-05,0.002468075370416045,-8.84618129930459e-05,-2.2649765014648438e-06,-6.50379661237821e-07,0.02499999850988388,0.004024758469313383,0.004037812352180481,5.037413757236209e-06,7.142254617065191e-06,0.0,1320,1.425
12.433333333152405,retreat,12.433333981782198,16.99186861157929,17.424018681049347,0.47081708908081055,0.03867594205075875,0.0,0.010318200111214537,0.0,3.684715193230659e-05,1.4762321143280133e-07,0.0,0.0,63,0.010235795751214027,0.00045400395174510777,0.010210283100605011,0.0008471182663924992,-2.9994581751680016e-07,-17.424018681049347,-2.648108221592338e-08,3.0303340281534474e-07,-3.684589682961814e-05,-1.5957230203866857e-08,1.467531660637178e-07,1.2196693655042168e-09,-8.457742660539225e-05,-6.070968083804473e-05,-7.517113317589974e-06,1.0,0.003161788685247302,0.00022438348969444633,0.007287140935659409,0.011148936115205288,-0.21126675605773926,-0.13733045756816864,-0.48283737897872925,0.5545308589935303,0.4895077645778656,-2.0139851570129395,-0.4106024205684662,2.4726810455322266,1.0567551851272583,-0.0023790961131453514,-0.009752211160957813,0.003466000547632575,-0.0021753141190856695,0.00729359220713377,-0.006287114229053259,-0.004557512700557709,0.6004767417907715,3.075528729823418e-05,0.08997498452663422,-1.7059426681953482e-05,0.9999999403953552,7.282342266989872e-05,9.705544653115794e-05,-1.2188785149191972e-05,-6.816552740929183e-06,0.03239899501204491,3.634666063589975e-05,1.175431225419743e-05,1.0,-9.538524864183273e-06,0.007345282472670078,-0.0006830757483839989,-0.007095896638929844,0.00030942537705413997,0.00026541875558905303,0.00019982093363068998,0.007343805395066738,0.0006839033449068666,0.007097345776855946,0.0002106159518007189,0.0007957047782838345,-0.00019969446293544024,-3.039836883544922e-06,-3.7611243897117674e-07,0.02500000223517418,0.0040247514843940735,0.004037904553115368,5.102142495161388e-06,7.229158654808998e-06,0.0,1320,1.4333333333333333
12.441666666485617,retreat,12.441667315550148,16.95213470877445,17.380529642105103,0.4800558090209961,0.03774910146603361,0.0,0.010010598089138512,0.03956468118525214,0.0003038081631530076,1.2160655842308188e-06,0.0,0.0,60,0.007825578562915325,0.000740092946216464,0.007547116372734308,0.0011846848065033555,-2.5053981289602234e-06,-17.380529642105103,-2.721474459121964e-07,3.1218105505104177e-06,-0.00030379201052710414,-1.3945597743258986e-07,1.2079776752216276e-06,1.2551984340802846e-08,-8.24331582407467e-05,-7.420744805131108e-05,-8.271497790701687e-06,0.9999999403953552,0.003067770740017295,0.0001363277988275513,0.007421934045851231,0.0015919331926852465,-0.2043660432100296,-0.133493572473526,-0.48285719752311707,0.5544507503509521,0.48953646421432495,-2.0139851570129395,-0.4105393886566162,2.472635269165039,1.0567094087600708,-0.00240225438028574,-0.009791366755962372,0.003542022081092,-0.0019983702804893255,0.007459876127541065,-0.006612545810639858,-0.004682809114456177,0.6004849672317505,2.8786516850232147e-05,0.09001768380403519,-1.7703214325592853e-05,1.0,7.307656778721139e-05,0.00010861749615287408,-1.1924379577976651e-05,-7.816709512553643e-06,0.03239821270108223,3.4410899388603866e-05,9.357015187561046e-06,0.9999999403953552,-9.428181328985374e-06,0.003064983757212758,0.0003857573901768774,-0.0071900454349815845,0.0001897022157208994,-0.000714687688741833,3.117958840448409e-05,0.003063478274270892,-0.00038556408253498375,0.007190697826445103,0.00024521368322893977,0.0011574345408007503,-3.1065992516232654e-05,-3.6954879760742188e-06,-4.138819349464029e-07,0.02500000223517418,0.004024774767458439,0.004037924110889435,5.040050837123999e-06,7.142400136217475e-06,0.0,1320,1.4416666666666667
12.449999999818829,retreat,12.450000649318099,16.912191257476806,17.337379604578018,0.4890561103820801,0.035983557609142736,0.0,0.010089642273669597,0.03956468118525214,0.0004915350582450628,1.9663982584461337e-06,0.0,0.0,58,0.007175116799771786,0.001003745710477233,0.006701627280563116,0.0012756400974467397,-4.236519885125745e-06,-17.337379604578018,-6.572253141712281e-07,7.575606559839798e-06,-0.0004914762685075402,-2.532618452733004e-07,1.9497833818604704e-06,3.041859031327476e-08,-8.705834625288844e-05,-8.484013233100995e-05,-1.1686319339787588e-05,1.0,0.0030024168081581593,-0.00021580091561190784,0.007804730907082558,-0.041537947952747345,-0.2010660022497177,-0.13070641458034515,-0.48287853598594666,0.554370641708374,0.48956528306007385,-2.0139851570129395,-0.4104762375354767,2.4725894927978516,1.0566636323928833,-0.0024292627349495888,-0.009832167997956276,0.0036226599477231503,-0.0018532795365899801,0.007630601990967989,-0.006949609611183405,-0.00480467127636075,0.6004931330680847,2.6303139748051763e-05,0.09006059169769287,-1.851215165515896e-05,0.9999999403953552,7.288010965567082e-05,0.00012037273700116202,-1.1851456292788498e-05,-8.482062185066752e-06,0.03239796310663223,3.5533372283680364e-05,1.4178414858179167e-05,0.9999999403953552,-6.821538590884302e-06,0.001793088624253869,0.000644640764221549,-0.006917483173310757,0.0001284486206714064,-0.0009950024541467428,3.1247724109562114e-05,0.001791517250239849,-0.0006446353509090841,0.006917888764292002,0.00022134522441774607,0.0012539993040263653,-3.114040373475291e-05,-4.231929779052734e-06,-5.846850399393588e-07,0.02499999850988388,0.004024816211313009,0.0040379180572927,5.019990567234345e-06,7.116264896467328e-06,0.0,1320,1.45
12.45833333315204,retreat,12.45833398308605,16.872039223347617,17.29409173130989,0.49889087677001953,0.03373291474417783,0.0,0.009198851330438629,0.0,0.0006898483261466026,2.757172296696808e-06,0.0,0.0,51,0.00919901579618454,0.0013515646569430828,0.008747699670493603,0.00039279626798816025,-5.050763149938575e-06,-17.29409173130989,-1.073640419235744e-06,1.2435852113412693e-05,-0.0006897354032844305,-3.756449018510466e-07,2.7310079531162046e-06,4.985297508142139e-08,-8.030287426663563e-05,-0.00010854208085220307,-1.4499561075353995e-05,1.0,-0.001698149717412889,0.00034400977892801166,0.0076136477291584015,0.01904866471886635,0.0697164386510849,0.06515425443649292,-0.4829009175300598,0.5542905330657959,0.48959460854530334,-2.0139851570129395,-0.4104129374027252,2.472543478012085,1.0566178560256958,-0.002432865323498845,-0.009863444603979588,0.0036660160403698683,-0.001703087706118822,0.007730633020401001,-0.007119723595678806,-0.004878690000623465,0.6005012392997742,2.383611717959866e-05,0.09010344743728638,-1.9570406948332675e-05,1.0,7.238691614475101e-05,0.0001320922892773524,-1.0882170499826316e-05,-8.629688636574429e-06,0.03239753842353821,2.3550737751065753e-05,7.916150025266688e-06,1.0,-5.068097834737273e-06,-0.006646070629358292,-0.0011794555466622114,-0.006249841768294573,0.00035094047780148685,-0.001304719364270568,3.571245542843826e-05,-0.0066478922963142395,0.0011782486690208316,0.006248132325708866,0.00018045189790427685,0.000344530853908509,-3.569582986528985e-05,-5.424022674560547e-06,-7.254129741340876e-07,0.02499999850988388,0.0040260422974824905,0.00403908547013998,4.930285285809077e-06,6.976042641326785e-06,0.0,1320,1.4583333333333333
12.466666666485253,retreat,12.466667316854,16.831679572048138,17.252230644226074,0.5045533180236816,0.03153456418658607,0.0,0.004838124823436374,0.055952909680744456,0.10147292912006378,0.00020606117323040962,0.08117860555648804,0.0,53,0.07335029542446136,0.0004821058246307075,0.028788764029741287,0.00844230130314827,-0.0004999782249797136,-17.252230644226074,-0.08096889406442642,-0.005914099980145693,-0.06087541952729225,-2.8735903470078483e-05,0.00020398834021762013,4.920446826872649e-06,-8.046770381042734e-05,-0.00011002231622114778,-1.426039762009168e-05,0.9999999403953552,-0.0003295134811196476,0.00018211733549833298,0.007399457041174173,0.013306180015206337,-0.03267330303788185,0.005611679516732693,-0.4829234480857849,0.5542104244232178,0.4896284341812134,-2.0139851570129395,-0.4103442430496216,2.4724581241607666,1.0565720796585083,-0.002538841450586915,-0.009976137429475784,0.0038088776636868715,-0.001894574030302465,0.008172566071152687,-0.008901489898562431,-0.005209458991885185,0.6005013585090637,2.1747700884588994e-05,0.0901436135172844,-1.805079955374822e-05,0.9999999403953552,7.127006392693147e-05,0.00012488248466979712,-4.871383680438157e-06,-8.617435923952144e-06,0.03239583596587181,1.4860594092169777e-05,9.197852705256082e-06,0.9999998807907104,-3.788209596677916e-06,0.05538781359791756,-0.003061337396502495,-0.047990452498197556,-0.00032808311516419053,-0.00019350943330209702,-0.0002955361269414425,0.055375389754772186,0.0030675006564706564,0.048004429787397385,-0.0007720006979070604,0.008194859139621258,0.00029613153310492635,-5.4836273193359375e-06,-7.134622137527913e-07,0.02500000223517418,0.004009706433862448,0.004023786634206772,5.284535291139036e-06,7.502443622797728e-06,0.0,1320,1.4666666666666666
12.474999999818465,retreat,12.47500065062195,16.791113269239624,17.211993783712387,0.5044937133789062,0.02901592233683914,0.0,0.009276742275687866,0.03956468118525214,0.06919706612825394,0.0001301663287449628,0.05535776540637016,-0.00016666662361330964,53,0.07039453089237213,0.010963570326566696,0.002261839108541608,0.0027885145973414183,-0.00033974830876104534,-17.211993783712387,-0.055215463042259216,-0.0040197838097810745,-0.04151299223303795,-1.8137983715860173e-05,0.0001288548664888367,3.2724083212087862e-06,-8.12900107121095e-05,-0.00010337818821426481,-9.601375495549291e-06,0.9999998807907104,-0.0002557791012804955,0.00012660138600040227,0.007439357228577137,-0.005212807096540928,-0.029872752726078033,-0.018079496920108795,-0.4829462468624115,0.5541303157806396,0.4896582365036011,-2.0139851570129395,-0.4102754592895508,2.472400188446045,1.0565263032913208,-0.0025402589235454798,-0.0100571783259511,0.0037715332582592964,-0.0021121990866959095,0.008285382762551308,-0.008291205391287804,-0.005243379157036543,0.6005069017410278,1.8890139472205192e-05,0.09018553793430328,-1.927064840856474e-05,1.0,6.864923489047214e-05,0.00013047500397078693,-1.0837016816367395e-05,-8.878047992766369e-06,0.03239753097295761,2.7097696147393435e-05,1.2641526154766325e-05,0.9999999403953552,-9.665771358413622e-06,0.055901721119880676,-0.005992692429572344,-0.042361240833997726,0.001887170015834272,0.010797795839607716,0.00021465745521709323,0.05588984116911888,0.0059987339191138744,0.04237606003880501,0.0010214680805802345,-0.0027220696210861206,-0.0002139343851013109,-5.185604095458984e-06,-4.804896889254451e-07,0.02499999850988388,0.004009447991847992,0.004022784065455198,5.254068128124345e-06,7.4490089900791645e-06,0.0,1320,1.475
12.483333333151677,retreat,12.483333984389901,16.75034128058334,17.171499878168106,0.5049705505371094,0.025796789486776106,0.0,0.008450175300822593,0.0,0.2230909913778305,0.00042017156374640763,0.17847363650798798,-0.00010112385240290678,54,0.1715734899044037,0.010387103073298931,0.052148494869470596,0.009298630990087986,-0.0011693572741933167,-17.171499878168106,-0.17807111144065857,-0.012288137339055538,-0.13382552564144135,-6.577145541086793e-05,0.0004147794097661972,1.3277127436595038e-05,-9.524799679638818e-05,-8.194407564587891e-05,-9.909920663631056e-06,1.0,-0.0005246337968856096,4.1714170947670937e-05,0.007314917631447315,-0.01121806725859642,-0.05907196179032326,-0.0014536764938384295,-0.48296910524368286,0.5540501475334167,0.48969170451164246,-2.0139853954315186,-0.4102041721343994,2.472317934036255,1.0564805269241333,-0.0026459945365786552,-0.010228424333035946,0.003827148349955678,-0.002709474414587021,0.008727194741368294,-0.010149506852030754,-0.005594015121459961,0.6005072593688965,1.639119363971986e-05,0.09022577852010727,-1.856309791037347e-05,0.9999999403953552,6.637218029936776e-05,0.00012431800132617354,-1.0318936801922973e-05,-8.203641300497111e-06,0.03239727020263672,4.237504253978841e-05,2.8876078431494534e-05,1.0,-8.646778951515444e-06,0.13268133997917175,-0.008476773276925087,-0.10844939202070236,0.00018314535554964095,0.010369008406996727,-0.000584835943300277,0.13265325129032135,0.008490354754030704,0.10848266631364822,-0.0010436822194606066,0.008797951973974705,0.0005860796081833541,-4.112720489501953e-06,-4.958856152370572e-07,0.02499999850988388,0.004009866155683994,0.004022901877760887,5.165235052118078e-06,7.321301382035017e-06,0.0,1320,1.4833333333333334
12.491666666484889,retreat,12.491667318157852,16.709364571740533,17.13235452771187,0.5046725273132324,0.024099364964058623,0.0,0.013230522199592087,0.03956468118525214,0.19105668365955353,0.0003878490242641419,0.1528458446264267,-0.0004289657056233409,55,0.17671218514442444,0.024809768423438072,0.014486645348370075,0.003967029973864555,-0.0009255982586182654,-17.13235452771187,-0.1524357795715332,-0.011286109685897827,-0.1146237850189209,-5.1299375627422705e-05,0.0003843468730337918,8.52842549647903e-06,-8.44652095111087e-05,-8.821674418868497e-05,-1.9972536392742768e-05,1.0,-0.0007270327769219875,-0.00056976277846843,0.007231529802083969,-0.07206730544567108,-0.0568346232175827,0.05506713688373566,-0.4829919636249542,0.5539600253105164,0.4897204041481018,-2.014030933380127,-0.4101315140724182,2.472245454788208,1.0564347505569458,-0.00263728154823184,-0.010368983261287212,0.0036817057989537716,-0.0033507556654512882,0.008799600414931774,-0.009164391085505486,-0.005569863598793745,0.6004902720451355,1.6642319678794593e-05,0.09025471657514572,-1.779755075403955e-05,0.9999999403953552,6.724632839905098e-05,0.00010488952102605253,7.631121661688667e-06,-6.302740075625479e-06,0.03238706290721893,1.6672947822371498e-05,1.72183608810883e-05,0.9999999403953552,2.1779076178063406e-06,0.14156928658485413,-0.01204958837479353,-0.10507208108901978,0.0028993007726967335,0.024638626724481583,0.00023820111528038979,0.1415456235408783,0.012064882554113865,0.10510218143463135,0.00115859170909971,-0.0041868314146995544,-0.000237306667258963,-4.410743713378906e-06,-9.989998943638057e-07,0.02499999850988388,0.004009908996522427,0.004022900480777025,5.154152859176975e-06,7.304246537387371e-06,0.0,1320,1.4916666666666667
12.499999999818101,retreat,12.500000651925802,16.668184108372465,17.10193008184433,0.4928708076477051,0.024959188522188924,0.0,0.012540677744254936,0.0,1.8544697013567202e-05,7.432474546931189e-08,0.0,-0.00029775216603411536,55,0.045832809060811996,0.021262863650918007,0.04582349583506584,0.015539336949586868,-1.337880481955267e-07,-17.10193008184433,2.2774919727908127e-08,-2.7324165330355754e-07,-1.8542668840382248e-05,-3.6966567584784116e-09,7.42246299978433e-08,-1.0983942644315903e-09,-6.37815537629649e-05,-0.00010694030061131343,-1.5919347788440064e-05,0.9999999403953552,-0.0021097189746797085,0.0002937247045338154,0.007466211449354887,0.013548815622925758,0.0677838996052742,0.06619006395339966,-0.4830145239830017,0.5538691282272339,0.48974910378456116,-2.0140767097473145,-0.4100627601146698,2.4721996784210205,1.0563889741897583,-0.002486283192411065,-0.010393192991614342,0.0034268538001924753,-0.003349571255967021,0.008191033266484737,-0.005903857760131359,-0.005104597192257643,0.6004787683486938,1.7705046047922224e-05,0.09028676152229309,-1.8733193428488448e-05,1.0,6.96081988280639e-05,9.870533540379256e-05,7.733352504146751e-06,-6.039134859747719e-06,0.03238869085907936,-8.234886081481818e-06,-5.826214874105062e-06,1.0,-2.8149931949883467e-06,0.039054423570632935,-0.006962548475712538,-0.022954769432544708,0.002870468655601144,0.02106572687625885,0.00032399187330156565,0.039048921316862106,0.006967121735215187,0.02296273037791252,0.0018667340045794845,-0.015423476696014404,-0.000324019230902195,-5.364418029785156e-06,-7.963080861372873e-07,0.02500000223517418,0.004024702124297619,0.004038400948047638,5.152397079655202e-06,7.286726031452417e-06,0.0,1320,1.5
12.508333333151313,retreat,12.508333985693753,16.6268008561404,17.068972438573837,0.4818439483642578,0.025941992134903558,0.0,0.013670486623595934,0.03956468118525214,0.0,0.0,0.0,0.0,51,0.014069347642362118,0.0025122887454926968,0.014069346711039543,0.0012884256429970264,0.0,-17.068972438573837,0.0,0.0,0.0,0.0,0.0,0.0,-6.689015572192147e-05,-9.800928819458932e-05,-1.6116817278089002e-05,0.9999999403953552,-0.0027113177347928286,0.00026554305804893374,0.007595251780003309,0.012622974812984467,0.10955969244241714,0.0960095077753067,-0.4830372631549835,0.5537776350975037,0.4897778034210205,-2.014122486114502,-0.40999507904052734,2.472153902053833,1.0563431978225708,-0.002465202473104,-0.010423005558550358,0.003448209259659052,-0.0031093640718609095,0.007942727766931057,-0.005848430562764406,-0.0049593485891819,0.6004673838615417,1.895407331176102e-05,0.09031859040260315,-1.9574859834392555e-05,0.9999999403953552,7.241714774863794e-05,9.256875637220219e-05,8.488696039421484e-06,-5.71829059481388e-06,0.03238755464553833,-5.440389486466302e-06,-5.526562290469883e-06,0.9999999403953552,-3.4589552342367824e-06,0.009160124696791172,0.0007742191082797945,-0.010650785639882088,-0.0008606638293713331,0.0023511992767453194,-0.00020667514763772488,0.009158264845609665,-0.0007733094971626997,0.010652449913322926,-0.0007487715920433402,-0.0010279671987518668,0.00020655523985624313,-4.887580871582031e-06,-8.061688276939094e-07,0.02499999850988388,0.004024720285087824,0.004038547165691853,5.130007593834307e-06,7.26897269487381e-06,0.0,1320,1.5083333333333333
12.516666666484525,retreat,12.516667319461703,16.585215780705582,17.03631654381752,0.47093629837036133,0.02712915011215955,0.0,0.01329457063548034,0.0,0.0,0.0,0.0,0.0,58,0.012178425677120686,0.0009115081047639251,0.012178424745798111,0.0005332370055839419,0.0,-17.03631654381752,0.0,0.0,0.0,0.0,0.0,0.0,-7.046161044854671e-05,-9.449562639929354e-05,-1.6308067642967217e-05,1.0,-0.002896420191973448,0.0002745430974755436,0.007706396281719208,0.01380182895809412,0.12507496774196625,0.1086486205458641,-0.48306000232696533,0.5536860823631287,0.48980650305747986,-2.0141665935516357,-0.40992969274520874,2.4721081256866455,1.0562974214553833,-0.0024683258961886168,-0.010448495857417583,0.0035157969687134027,-0.0028522161301225424,0.007874570786952972,-0.006051786243915558,-0.004892094060778618,0.6004570722579956,1.9559925931389444e-05,0.09035162627696991,-1.9839553715428337e-05,1.0,7.59504982852377e-05,8.804727258393541e-05,8.18559419712983e-06,-6.282422873482574e-06,0.03238794207572937,-6.448196472774725e-06,-5.488468559633475e-06,1.0,-3.532450136845e-06,0.0074088615365326405,0.00021945893240626901,-0.009663056582212448,-0.0004590143798850477,0.0007773616816848516,0.00012594307190738618,0.007407193072140217,-0.00021871704666409642,0.009664352051913738,-0.00042739458149299026,0.00029293354600667953,-0.00012595838052220643,-4.708766937255859e-06,-8.157367119565606e-07,0.02499999850988388,0.004024714697152376,0.004038540180772543,5.157270607014652e-06,7.30800093151629e-06,0.0,1320,1.5166666666666666
12.524999999817737,retreat,12.525000653229654,16.543429847729275,17.00247973203659,0.4609227180480957,0.027786622013081796,0.0,0.014973760698921978,0.055952909680744456,0.0,0.0,0.0,0.0,52,0.01226947270333767,0.0005940725095570087,0.012269468978047371,0.0005832747556269169,0.0,-17.00247973203659,0.0,0.0,0.0,0.0,0.0,0.0,-7.587231084471568e-05,-8.824319229461253e-05,-1.6792344467830844e-05,0.9999999403953552,-0.002753403503447771,0.0002608506183605641,0.007792163640260696,0.013123623095452785,0.12172599881887436,0.10641806572675705,-0.4830828011035919,0.5535945296287537,0.4898352026939392,-2.014166831970215,-0.40986368060112,2.472062349319458,1.0562516450881958,-0.00247938372194767,-0.010470570996403694,0.0035987761802971363,-0.002591375494375825,0.007891516201198101,-0.006293172016739845,-0.004896214697510004,0.6004675626754761,1.5238667401717976e-05,0.0904003158211708,-1.8899807400885038e-05,0.9999999403953552,7.390318933175877e-05,0.0001044023665599525,-1.3380207747104578e-05,-1.1324616934871301e-05,0.03240278735756874,1.6159372535184957e-05,1.969040340554784e-06,0.9999998807907104,-2.106063675455516e-06,0.007772630080580711,-0.00012715386401396245,-0.009492629207670689,-0.00015088013606145978,0.000569697527680546,7.48471575207077e-05,0.00777062913402915,0.00012794372742064297,0.009494252502918243,-0.00016942416550591588,0.0005530950147658587,-7.477188773918897e-05,-4.410743713378906e-06,-8.399510988965631e-07,0.02500000223517418,0.004024740308523178,0.004038638435304165,5.131602847541217e-06,7.2722905315458775e-06,0.0,1320,1.525
12.53333333315095,retreat,12.533333986997604,16.50144402287274,16.953235119581223,0.46962499618530273,0.02341202343814075,0.0,0.01621806950424798,0.0,0.0,0.0,0.0,0.0,64,0.014376585371792316,0.0006910008960403502,0.014376586303114891,0.00259700627066195,0.0,-16.953235119581223,0.0,0.0,0.0,0.0,0.0,0.0,-9.361919364891946e-05,-7.177046063588932e-05,-1.4712531992699951e-05,1.0,0.002959523117169738,0.0002628112561069429,0.007672000210732222,0.012208486907184124,-0.2046230286359787,-0.13289426267147064,-0.4831056594848633,0.5535029768943787,0.4898652732372284,-2.0141677856445312,-0.4097949266433716,2.4720165729522705,1.0562058687210083,-0.0025357266422361135,-0.010513140819966793,0.003746524453163147,-0.0024022301658988,0.008060954511165619,-0.006915585603564978,-0.005022667348384857,0.6004776954650879,1.1630985682131723e-05,0.09044923633337021,-1.9046268789679743e-05,1.0,7.103125972207636e-05,0.000120579767099116,-1.5859204722801223e-05,-1.0548442332947161e-05,0.03240247070789337,4.8810044972924516e-05,2.2587522835237905e-05,1.0,-4.3275440475554205e-06,0.013211013749241829,-0.0007075449684634805,-0.0056262509897351265,-4.6972032578196377e-05,-0.0006822689319960773,-9.891921217786148e-05,0.013209556229412556,0.0007092072628438473,0.00562946405261755,-0.00014964479487389326,0.002590795513242483,9.913244139170274e-05,-3.5762786865234375e-06,-7.359631126746535e-07,0.02499999850988388,0.004024758469313383,0.004038628656417131,5.125372808834072e-06,7.261231075972319e-06,0.0,1320,1.5333333333333332
12.541666666484161,retreat,12.541667320765555,16.459259271797222,16.90375953912735,0.48154592514038086,0.01999962842091918,0.0,0.014932482372387312,0.0,0.00030274924938566983,1.2123133501518168e-06,0.0,0.0,58,0.00913223810493946,0.00039074860978871584,0.008908506482839584,0.0008653565309941769,-2.646528457717068e-06,-16.90375953912735,-2.8781317951143137e-07,6.121208116383059e-06,-0.00030268722912296653,-1.158252587174502e-07,1.2065181635989575e-06,2.4538422849218477e-08,-8.763341611484066e-05,-9.245597902918234e-05,-1.5064661056385376e-05,1.0,0.003871205262839794,0.0002951603091787547,0.007711819373071194,0.01362206693738699,-0.25454625487327576,-0.1689658910036087,-0.48312851786613464,0.5534114241600037,0.4898989200592041,-2.0141680240631104,-0.40972602367401123,2.4719700813293457,1.0561600923538208,-0.002563588786870241,-0.0105384336784482,0.0038507161661982536,-0.002236347645521164,0.008191058412194252,-0.007167018949985504,-0.005105036310851574,0.6004880666732788,1.04030805232469e-05,0.09049838036298752,-1.992694342334289e-05,1.0,6.994455179665238e-05,0.000136788105010055,-1.5360108591266908e-05,-8.30672615848016e-06,0.03240213915705681,4.4332820834824815e-05,1.768865877238568e-05,1.0,-4.856761734117754e-06,0.005819573532789946,-0.0016370259691029787,-0.006844740826636553,0.00039062841096892953,-9.678647984401323e-06,4.893097411695635e-07,0.005817472003400326,0.0016375671839341521,0.006846397649496794,0.00015394642832688987,0.0008503673016093671,-3.398772605578415e-07,-4.649162292480469e-06,-7.536382327089086e-07,0.02500000223517418,0.004024732392281294,0.004038630053400993,5.149244316271506e-06,7.2968832682818174e-06,0.0,1320,1.5416666666666667
12.549999999817373,retreat,12.550000654533505,16.416876560163995,16.854194551706314,0.4925727844238281,0.018892238585976884,0.0,0.015423702279804274,0.03956468118525214,0.0008384784450754523,3.3498565699119354e-06,0.0,0.0,59,0.009000241756439209,0.0013220898108556867,0.008360698819160461,0.0005191896925680339,-6.621772641324242e-06,-16.854194551706314,-3.016057235072367e-07,6.531115104735363e-06,-0.0008384529501199722,-2.1465305621859443e-07,3.342870058986591e-06,2.6138302189337992e-08,-9.155734005616978e-05,-0.00010400858445791528,-1.5615398297086358e-05,0.9999999403953552,-0.0004059297498315573,0.0002809241123031825,0.00786522962152958,0.010604823008179665,-0.008573112078011036,0.007937120273709297,-0.48315098881721497,0.5533198714256287,0.48993319272994995,-2.0141680240631104,-0.4096571207046509,2.4719231128692627,1.0561143159866333,-0.0025693054776638746,-0.010548455640673637,0.003925269469618797,-0.0020637502893805504,0.00828148890286684,-0.007370632607489824,-0.00515602994710207,0.600498616695404,9.783410860109143e-06,0.09054822474718094,-2.0942079572705552e-05,0.9999999403953552,6.938782462384552e-05,0.00015329231973737478,-1.5952980902511626e-05,-7.753202226012945e-06,0.032402411103248596,4.928456473862752e-05,2.216929533460643e-05,0.9999999403953552,-5.319872343534371e-06,-0.00544013362377882,-0.0012846122262999415,-0.007054010406136513,0.00026174538652412593,-0.001295647001825273,2.664159364940133e-05,-0.005442474037408829,0.001283562509343028,0.007052399683743715,7.603572157677263e-05,0.0005095917731523514,-2.6618597985361703e-05,-5.185604095458984e-06,-7.812468538759276e-07,0.02499999850988388,0.004025420639663935,0.004039281513541937,4.913211796520045e-06,6.963935447856784e-06,0.0,1320,1.55
12.558333333150586,retreat,12.558333988301456,16.374296853634302,16.805072873830795,0.5051493644714355,0.018300264855497517,0.019782341029446364,0.008274727406387683,0.03956468118525214,0.04092789068818092,8.314042497659102e-05,0.03274233266711235,0.0,63,0.029934776946902275,0.0014770249836146832,0.012078239582479,0.004610993433743715,-0.00020922320254612714,-16.806451524873378,-0.03271528333425522,-0.0013404616620391607,-0.024556173011660576,-5.297092684486415e-06,8.297048771055415e-05,4.119903564969718e-07,-6.649389979429543e-05,-0.00015113138942979276,-1.602970587555319e-05,1.0,-0.00022942980285733938,0.00027670859708450735,0.0077253845520317554,0.012569764629006386,-0.029033580794930458,-0.00895986519753933,-0.48317378759384155,0.5532283186912537,0.48996758460998535,-2.0141680240631104,-0.40958672761917114,2.471835136413574,1.0560685396194458,-0.0026287403889000416,-0.010602563619613647,0.0040522082708776,-0.0020588161423802376,0.008535799570381641,-0.008387320674955845,-0.005326882470399141,0.6005004644393921,6.64662320559728e-06,0.0905941054224968,-1.7160589777631685e-05,0.9999999403953552,6.780198600608855e-05,0.00014968622417654842,-4.989148692402523e-06,-1.0541679330344778e-05,0.032399170100688934,-1.4451087508859928e-06,-1.307912498305086e-06,0.9999999403953552,-1.131190742853505e-06,0.021128708496689796,-0.0013691738713532686,-0.021161140874028206,-0.00023980885453056544,-0.0014528506435453892,-0.00011540984269231558,0.02112218737602234,0.001371311955153942,0.021167505532503128,-0.00043848215136677027,0.004505149554461241,0.00011566277680685744,-7.569789886474609e-06,-8.019869710551575e-07,0.02499999850988388,0.004010151606053114,0.004024145659059286,5.172599230718333e-06,7.325492333620787e-06,0.0,1320,1.5583333333333333
12.566666666483798,retreat,12.566667322069407,16.331521117869407,16.75913631916046,0.5054473876953125,0.01438959952793084,0.019782341029446364,0.008431569767708424,0.03956468118525214,0.06718993932008743,0.00015697968774475157,0.053752005100250244,0.0,55,0.05746791511774063,0.004677849356085062,0.010255834087729454,0.0019259498221799731,-0.00034173964013461955,-16.760514970203044,-0.05363205447793007,-0.0036637079901993275,-0.040307171642780304,-2.153920468117576e-05,0.00015542254550382495,4.745586011267733e-06,-7.188179733930156e-05,-0.00013367729843594134,-9.801867236092221e-06,0.9999999403953552,-0.00022878649178892374,0.00015122750482987612,0.007738830521702766,-0.01368012186139822,-0.028739197179675102,-0.013781275600194931,-0.4831966459751129,0.5531367659568787,0.4900020360946655,-2.0141680240631104,-0.40951234102249146,2.471750497817993,1.0560227632522583,-0.002662378130480647,-0.010665841400623322,0.004105376545339823,-0.002199566690251231,0.008745317347347736,-0.00877359975129366,-0.005451534409075975,0.6005029082298279,3.883122644765535e-06,0.09064041823148727,-1.4685037058370654e-05,0.9999999403953552,6.482712342403829e-05,0.0001474991295253858,-6.993510396569036e-06,-9.555185897625051e-06,0.03239954635500908,1.3822254004480783e-05,7.055192327243276e-06,0.9999999403953552,-4.881225777353393e-06,0.04414967820048332,-0.0045149363577365875,-0.03651003539562225,0.0007860147743485868,0.004611211363226175,-3.443413515924476e-05,0.04413831979036331,0.004519585985690355,0.03652317821979523,0.00013315142132341862,0.0017668800428509712,3.497861689538695e-05,-6.67572021484375e-06,-4.905741661787033e-07,0.02500000223517418,0.004010566044598818,0.004023495130240917,5.0176404329249635e-06,7.1089016273617744e-06,0.0,1320,1.5666666666666667
12.57499999981701,retreat,12.575000655837357,16.288550318530568,16.713587194681168,0.5053877830505371,0.01223918025061721,0.019782341029446364,0.010244241821055766,0.03956468118525214,0.12924271821975708,0.00026281498139724135,0.10339444875717163,0.0,59,0.10519136488437653,0.008559217676520348,0.024363886564970016,0.003572635818272829,-0.0006773959466954693,-16.71496584572375,-0.10333528369665146,-0.0036426931619644165,-0.07753856480121613,-2.2388052457245067e-05,0.0002618328435346484,3.7485478969756514e-06,-7.128391735022888e-05,-0.0001225641171913594,-1.6702113498467952e-05,1.0,-0.0004326272173784673,-0.00048691174015402794,0.0077234492637217045,-0.07494863122701645,-0.04694385454058647,0.0182126984000206,-0.4832195043563843,0.5530452132225037,0.4900364577770233,-2.0141680240631104,-0.4094378650188446,2.471663475036621,1.0559769868850708,-0.0027192712295800447,-0.010755783878266811,0.004164536017924547,-0.00254757609218359,0.009050547145307064,-0.009451746009290218,-0.005650411359965801,0.6005049347877502,8.340578006027499e-07,0.09068644046783447,-1.2073453035554849e-05,0.9999999403953552,6.147380190668628e-05,0.00014409613504540175,-8.859245099301916e-06,-1.0623275557009038e-05,0.032400019466876984,2.153186869691126e-05,9.809189577936195e-06,0.9999999403953552,4.6313916755025275e-06,0.0819859504699707,-0.0035114630591124296,-0.06581182777881622,0.0005083339638076723,0.008541008457541466,-0.00023017429339233786,0.08196654915809631,0.0035199522972106934,0.06583552807569504,-1.4243414625525475e-07,0.0033030007034540176,0.0002311559655936435,-6.139278411865234e-06,-8.355427780770697e-07,0.02499999850988388,0.004009956493973732,0.0040230415761470795,5.1400993470451795e-06,7.287715561687946e-06,0.0,1320,1.575
12.583333333150222,retreat,12.583333989605308,16.245385421279035,16.66853353381157,0.5055069923400879,0.008810077815724071,0.0,0.01352404069621116,0.0,0.16423216462135315,0.00033410711330361664,0.13138604164123535,0.0,59,0.14036981761455536,0.015210742130875587,0.024220379069447517,0.001279266900382936,-0.0008123252919176593,-16.66853353381157,-0.1313345581293106,-0.0040784189477562904,-0.0985231101512909,-3.2262454624287784e-05,0.0003324693243484944,7.130993253667839e-06,-7.39962633815594e-05,-0.0001184188004117459,-4.501279363466892e-06,1.0,-0.0006200640928000212,0.00035388837568461895,0.007403332274407148,0.010734421201050282,-0.04455092176795006,-0.050842318683862686,-0.483242392539978,0.5529536604881287,0.4900708794593811,-2.014206647872925,-0.409363329410553,2.4715800285339355,1.0559312105178833,-0.0027449086774140596,-0.010864472948014736,0.004133414477109909,-0.0030359183438122272,0.009220225736498833,-0.0096035310998559,-0.005736395716667175,0.6004893183708191,2.9343427740968764e-06,0.09071869403123856,-1.1081406228186097e-05,1.0,6.334482168313116e-05,0.00012372217315714806,8.199124749808107e-06,-5.1563965826062486e-06,0.03238723427057266,5.303904345055344e-06,1.0652184755599592e-05,1.0,-6.57847249385668e-06,0.11148914694786072,-0.007140462752431631,-0.08498745411634445,0.001134042744524777,0.015167918987572193,-0.00012183917715447024,0.11146720498800278,0.007152703125029802,0.0850151926279068,0.00010195677168667316,0.0009383130818605423,0.00012240117939654738,-5.900859832763672e-06,-2.2550193534698337e-07,0.02499999850988388,0.004009337164461613,0.004022745415568352,5.352695552574005e-06,7.590046152472496e-06,0.0,1320,1.5833333333333333
12.591666666483434,retreat,12.591667323373258,16.202027391776074,16.63498356938362,0.49364566802978516,0.011309844921925105,0.019782341029446364,0.013195360224926844,0.0,1.6189627785934135e-05,6.493572612953358e-08,0.0,0.0,60,0.037573013454675674,0.017831722274422646,0.037564706057310104,0.01317103672772646,-1.2195804099945917e-07,-16.636362220426204,1.5030623856659986e-08,-3.444024230248033e-07,-1.618595706531778e-05,5.587541540563734e-10,6.491863757673855e-08,-1.3808884036237146e-09,-5.8707497373688966e-05,-0.0001253225636901334,-6.1400592130667064e-06,1.0,-0.002256999723613262,0.00039939809357747436,0.007835665717720985,0.010545967146754265,0.08088980615139008,0.07441765069961548,-0.48326510190963745,0.5528621077537537,0.49010518193244934,-2.014251947402954,-0.4092891812324524,2.471534252166748,1.0558854341506958,-0.002604249631986022,-0.01086919754743576,0.003915693610906601,-0.003036139765754342,0.008715150877833366,-0.006830496713519096,-0.005305514670908451,0.60047847032547,7.888809705036692e-06,0.090752013027668,-1.5062581042002421e-05,1.0,6.609981210203841e-05,0.00011839551734738052,7.5306215876480564e-06,-2.443869107082719e-06,0.03238699585199356,-6.926576588739408e-06,-7.391151029878529e-06,1.0,-8.923855602915864e-06,0.031880248337984085,-0.005165706854313612,-0.019201474264264107,0.0023465873673558235,0.017669904977083206,0.0004881384375039488,0.031875018030405045,0.005169342737644911,0.019209178164601326,0.001602155389264226,-0.013064178638160229,-0.0004881137574557215,-6.258487701416016e-06,-3.073710104217753e-07,0.02499999850988388,0.004024561028927565,0.004037638660520315,5.13733994012e-06,7.278635166585445e-06,0.0,1320,1.5916666666666666
12.599999999816646,retreat,12.600000657141209,16.158477195682934,16.600945591926575,0.483095645904541,0.016314726963173598,0.0,0.012740994861815125,0.03956468118525214,0.0,0.0,0.0,0.0,56,0.011489437893033028,0.0021797397639602423,0.011489437893033028,0.0011775856837630272,0.0,-16.600945591926575,0.0,0.0,0.0,0.0,0.0,0.0,-6.392357317963615e-05,-0.00011708137026289478,-9.405914170201868e-06,0.9999999403953552,-0.0026093570049852133,0.0005220540333539248,0.007840419188141823,0.02190542034804821,0.10624895989894867,0.09620291739702225,-0.4832879602909088,0.5527705550193787,0.4901394546031952,-2.0142948627471924,-0.40922030806541443,2.4714884757995605,1.0558396577835083,-0.002565371571108699,-0.010888434015214443,0.003906574100255966,-0.0028243723791092634,0.008454076945781708,-0.006804719567298889,-0.00515366904437542,0.6004687547683716,1.2059956134180538e-05,0.09078583866357803,-1.7428910723538138e-05,0.9999999403953552,7.027418178040534e-05,0.00011444924894021824,6.9519528551609255e-06,-3.1243394005286973e-06,0.03238677605986595,-2.6316704406781355e-06,-6.34964817436412e-06,0.9999999403953552,-8.023903319553938e-06,0.007979366928339005,0.0008544886950403452,-0.00822233036160469,-0.000971590809058398,0.0019383389735594392,-0.00022387290664482862,0.007977604866027832,-0.0008536539971828461,0.008224127814173698,-0.0008481197291985154,-0.0007857271702960134,0.00022368224745150656,-5.841255187988281e-06,-4.7067078412510455e-07,0.02500000223517418,0.0040245382115244865,0.004037719219923019,5.3685303100792225e-06,7.6051801443099976e-06,0.0,1320,1.6
12.608333333149858,retreat,12.60833399090916,16.11473579866088,16.566482931375504,0.4736781120300293,0.02058827885775827,0.0,0.01405455986969173,0.03956468118525214,0.0,0.0,0.0,0.0,55,0.010595393367111683,0.0009354590438306332,0.010595392435789108,0.0005889430758543313,0.0,-16.566482931375504,0.0,0.0,0.0,0.0,0.0,0.0,-6.849614874226972e-05,-0.00011192834790563211,-1.249413617188111e-05,1.0,-0.0024301973171532154,0.0005387182463891804,0.008023573085665703,0.024441061541438103,0.09972616285085678,0.09171756356954575,-0.4833108186721802,0.5526790022850037,0.4901737868785858,-2.0142948627471924,-0.409151554107666,2.471442699432373,1.0557938814163208,-0.0025477835442870855,-0.010906141251325607,0.003934729844331741,-0.002600807696580887,0.008369172923266888,-0.00698448158800602,-0.00506581412628293,0.6004794836044312,1.1362257282598875e-05,0.09083569049835205,-1.8688613636186346e-05,1.0,6.925703928573057e-05,0.000131409804453142,-1.429638359695673e-05,-8.016308129299432e-06,0.032402172684669495,1.9481874915072694e-05,-7.604386951243214e-07,0.9999999403953552,-6.193231911311159e-06,0.006992642767727375,0.0007236187229864299,-0.007927274331450462,-0.0005740496562793851,0.0007125522824935615,0.000194473221199587,0.006990659516304731,-0.0007229463080875576,0.00792908389121294,-0.00046955986181274056,0.0002975260140374303,-0.00019453978165984154,-5.602836608886719e-06,-6.250902515603229e-07,0.02499999850988388,0.00402451865375042,0.004037762526422739,5.42499401490204e-06,7.684953743591905e-06,0.0,1320,1.6083333333333334
12.61666666648307,retreat,12.61666732467711,16.070804166371165,16.516217589378357,0.4826188087463379,0.019900373445125297,0.0,0.01534709008410573,0.03956468118525214,0.0,0.0,0.0,0.0,55,0.012875504791736603,0.0007176314247772098,0.012875504791736603,0.002403876045718789,0.0,-16.516217589378357,0.0,0.0,0.0,0.0,0.0,0.0,-9.042118472279981e-05,-9.56976437009871e-05,-1.2181580132164527e-05,0.9999999403953552,0.0031975058373063803,0.0005484923021867871,0.00794610008597374,0.024671588093042374,-0.22225502133369446,-0.1452985405921936,-0.48333367705345154,0.5525874495506287,0.4902082085609436,-2.014295816421509,-0.4090823233127594,2.47139573097229,1.0557481050491333,-0.002577422186732292,-0.010945893824100494,0.004028295166790485,-0.0024460938293486834,0.008474870584905148,-0.007550066336989403,-0.005153591278940439,0.6004897356033325,1.0514017048990354e-05,0.09088478237390518,-1.9711751519935206e-05,1.0,6.842912262072787e-05,0.00014742989151272923,-1.6645506548229605e-05,-8.110621820378583e-06,0.03240099921822548,5.173318277229555e-05,2.19921439565951e-05,0.9999999403953552,-7.523392469011014e-06,0.01220735814422369,0.00028052888228558004,-0.004084156360477209,-0.00034728163154795766,-0.0006180614582262933,-0.00011131227802252397,0.012206192128360271,-0.0002790193830151111,0.0040877447463572025,-0.0003071449464187026,0.0023815687745809555,0.00011140998685732484,-4.76837158203125e-06,-6.095124263083562e-07,0.02500000223517418,0.00402449443936348,0.004037810955196619,5.46191358807846e-06,7.73757346905768e-06,0.0,1320,1.6166666666666667
12.624999999816282,retreat,12.62500065844506,16.026683264475047,16.466712206602097,0.4951953887939453,0.01926414370245766,0.019782341029446364,0.013892909009882715,0.03956468118525214,0.0006221894291229546,2.4849039164109854e-06,0.0,0.0,59,0.010543563403189182,0.00030006899032741785,0.010175878182053566,0.0010404986096546054,-4.602293557809389e-06,-16.46809085764468,-3.979611449267395e-07,4.811988219444174e-06,-0.0006221706862561405,-2.652965349625447e-07,2.4706259864615276e-06,1.928175663579168e-08,-8.095336670521647e-05,-0.00012414218508638442,-4.803512638318352e-06,1.0,-0.002108182292431593,-0.003441157750785351,0.0076174503192305565,0.4889964461326599,0.08945540338754654,0.07822243124246597,-0.4833560883998871,0.5524958968162537,0.490242600440979,-2.014296531677246,-0.4090120792388916,2.4713478088378906,1.0557023286819458,-0.0025763518642634153,-0.010938906110823154,0.004106840584427118,-0.0022836034186184406,0.008588002994656563,-0.007517678197473288,-0.005194130353629589,0.60049968957901,1.0064500202133786e-05,0.09093422442674637,-2.110124842147343e-05,0.9999999403953552,6.75114497425966e-05,0.00016292637155856937,-1.5027131667011417e-05,-7.833556992409285e-06,0.03240092843770981,3.878555799019523e-05,1.344376323686447e-05,0.9999999403953552,-1.6292939108097926e-05,-0.005335470195859671,0.006471735425293446,-0.006388750392943621,-3.271959940320812e-05,-0.0002670272660907358,0.00013291828508954495,-0.00533667765557766,-0.0064727249555289745,0.006386736873537302,0.0009023256716318429,-0.0005037668161094189,-0.0001327844220213592,-6.198883056640625e-06,-2.4067776394076645e-07,0.02499999850988388,0.004024839494377375,0.004038392566144466,-0.00030375533970072865,-0.0004304535686969757,0.0,1320,1.625
12.633333333149494,retreat,12.63333399221301,15.982374058633779,16.41829088330269,0.5052089691162109,0.018969909433508292,0.019782341029446364,0.007767776878608856,0.055952909680744456,0.07428448647260666,0.00015091290697455406,0.05942770093679428,0.0,59,0.05478926748037338,0.0013965037651360035,0.02018139138817787,0.007353571709245443,-0.00037605453326250426,-16.41966953434527,-0.059378910809755325,-0.0024263837840408087,-0.04456951841711998,-1.0087032023875508e-05,0.00015057357086334378,7.456167168129468e-07,-6.879600550746545e-05,-0.0001554922346258536,-2.6711602913565002e-05,0.9999998807907104,-0.0003527757653500885,-0.0010961464140564203,0.007696990389376879,-0.05334283784031868,-0.03692490607500076,-0.0010304197203367949,-0.4833788275718689,0.5524043440818787,0.4902770221233368,-2.014296531677246,-0.40893760323524475,2.4712562561035156,1.0556565523147583,-0.0026307781226933002,-0.011021551676094532,0.0041841245256364346,-0.002359251258894801,0.008843583054840565,-0.009075460024178028,-0.00540905212983489,0.6005005240440369,7.219271537906025e-06,0.09097982943058014,-1.797701588657219e-05,1.0,6.451863009715453e-05,0.00015724427066743374,-5.478629191202344e-06,-1.0585846212052274e-05,0.03239811956882477,1.7515251329314196e-06,4.275984792911913e-06,0.9999998807907104,8.73537010193104e-06,0.04144534841179848,-0.0044761463068425655,-0.03555434197187424,-0.0008723139180801809,-0.001048509730026126,-0.0002998644486069679,0.04143358767032623,0.004480214789509773,0.03556753322482109,-0.0015203574439510703,0.007035680580884218,0.00030010275077074766,-7.748603820800781e-06,-1.3361150195123628e-06,0.02499999850988388,0.00401095487177372,0.0040236180648207664,4.92020626552403e-06,6.986985681578517e-06,0.0,1320,1.6333333333333333
12.641666666482706,retreat,12.641667325980961,15.937877514508624,16.37261137366295,0.5055069923400879,0.01575971873535309,0.019782341029446364,0.008072443051787559,0.0,0.06557093560695648,0.00013348727952688932,0.05245685204863548,0.0,49,0.06374037265777588,0.008387045934796333,0.0039968341588974,0.0010333112441003323,-0.00035080325324088335,-16.37399002470553,-0.05233548954129219,-0.0036279079504311085,-0.039336785674095154,-1.8588529201224446e-05,0.0001321267627645284,3.9802389437681995e-06,-6.480549200205132e-05,-0.00014513431233353913,-1.4136246136331465e-05,0.9999999403953552,-0.0002479356189724058,-6.35602482361719e-05,0.008024873211979866,-0.050616830587387085,-0.037396036088466644,0.002536521991714835,-0.4834015965461731,0.5523127913475037,0.4903114438056946,-2.014296531677246,-0.4088631272315979,2.471168279647827,1.0556107759475708,-0.002620863961055875,-0.011081183329224586,0.00414639338850975,-0.0025200420059263706,0.008967139758169651,-0.008840193040668964,-0.005478668957948685,0.6005023121833801,4.505511242314242e-06,0.09102578461170197,-1.527749191154726e-05,1.0,6.158562609925866e-05,0.00015352990885730833,-6.728268999722786e-06,-1.026449172059074e-05,0.032398395240306854,8.395696568186395e-06,3.219933432774269e-06,1.0,-1.1402426025597379e-06,0.050072573125362396,-0.0068728141486644745,-0.03883730620145798,0.001559421536512673,0.008240604773163795,5.6393106206087396e-05,0.05005979910492897,0.006877794861793518,0.03885289281606674,0.0005662527401000261,-0.001006839331239462,-5.5690088629489765e-05,-7.271766662597656e-06,-7.072821972542442e-07,0.02499999850988388,0.004009906202554703,0.004023069515824318,5.159763077244861e-06,7.299240678548813e-06,0.0,1320,1.6416666666666666
12.649999999815918,retreat,12.650000659748912,15.893194597760836,16.32721871137619,0.5053877830505371,0.012831513231503777,0.019782341029446364,0.00802438171376707,0.03956468118525214,0.11346695572137833,0.00023082683037500829,0.09077392518520355,0.0,54,0.09533996134996414,0.008688433095812798,0.018303649500012398,0.0023963991552591324,-0.0006204510282259434,-16.328597362418773,-0.09073489904403687,-0.0029116221703588963,-0.0680694580078125,-2.2074347725720145e-05,0.00022972481383476406,4.500961040321272e-06,-6.563479109900072e-05,-0.00013554934412240982,-1.9321536456118338e-05,0.9999999403953552,-0.00034349499037489295,-0.0009382164571434259,0.007897168397903442,-0.16213956475257874,-0.0530003197491169,0.052227217704057693,-0.48342442512512207,0.5522212386131287,0.49034589529037476,-2.0143191814422607,-0.4087885022163391,2.471080780029297,1.0555649995803833,-0.002658965066075325,-0.011159428395330906,0.004181374330073595,-0.0028100761119276285,0.009237511083483696,-0.009270550683140755,-0.005669496953487396,0.600493311882019,4.4435664676711895e-06,0.09106345474720001,-1.3315147953107953e-05,0.9999999403953552,6.128285167505965e-05,0.0001389190147165209,3.101357833656948e-06,-7.524438842665404e-06,0.032390665262937546,3.369358182681026e-06,4.351050847617444e-06,0.9999999403953552,6.0071984080423135e-06,0.07484730333089828,-0.002239656401798129,-0.059013333171606064,0.000539490079972893,0.008667956106364727,-0.00025368155911564827,0.07483062893152237,0.0022472571581602097,0.05903417244553566,0.00021516814013011754,0.002144814468920231,0.00025435464340262115,-6.794929504394531e-06,-9.665218385634944e-07,0.024999994784593582,0.004010630305856466,0.00402257964015007,5.003785190638155e-06,7.090566214174032e-06,0.0,1320,1.65
12.65833333314913,retreat,12.658333993516862,15.848326274051676,16.288412362337112,0.4984140396118164,0.013611544090963434,0.019782341029446364,0.011608789463934954,0.0,2.610185219964478e-05,1.044472384137407e-07,0.0,0.0,51,0.027105608955025673,0.012030698359012604,0.027092432603240013,0.00866785366088152,-2.0552178781052532e-07,-16.289791013379695,9.400255684965941e-09,-2.12284717804323e-07,-2.6100986360688694e-05,-2.4294493083942825e-09,1.0441551978601638e-07,-8.501712667197125e-10,-6.404278246918693e-05,-0.00013154596672393382,-1.0311028745491058e-05,1.0,-0.0011910621542483568,0.00042716189636848867,0.007957227528095245,0.013847777619957924,0.023066671565175056,0.03305557742714882,-0.48344701528549194,0.5521296858787537,0.49038028717041016,-2.0143609046936035,-0.40871405601501465,2.4710350036621094,1.0555192232131958,-0.0025561957154423,-0.011175859719514847,0.00402430584654212,-0.002776041394099593,0.008908629417419434,-0.007462864741683006,-0.005395866930484772,0.600484311580658,9.186577699438203e-06,0.09109807759523392,-1.7364462109981105e-05,1.0,6.34989482932724e-05,0.0001353443949483335,5.360130671760999e-06,-3.298980573163135e-06,0.03238649666309357,3.7988809253874933e-06,5.447353714771452e-07,1.0,-7.053125955280848e-06,0.022708268836140633,-0.005723320413380861,-0.013648889027535915,0.001892926637083292,0.01187625527381897,0.0003302817640360445,0.02270384691655636,0.005725730676203966,0.01365523412823677,0.0010672861244529486,-0.008595656603574753,-0.0003302473051007837,-6.556510925292969e-06,-5.159727152204141e-07,0.02499999850988388,0.004025386646389961,0.004039285704493523,4.95338645123411e-06,7.012160494923592e-06,0.0,1320,1.6583333333333332
12.666666666482342,retreat,12.666667327284813,15.803273509042395,16.253163665533066,0.4902482032775879,0.018497174096410163,0.019782341029446364,0.013481988389685284,0.0,0.0,0.0,0.0,0.0,60,0.009288406930863857,0.0015143046621233225,0.009288407862186432,0.0007476055179722607,0.0,-16.254542316575648,0.0,0.0,0.0,0.0,0.0,0.0,-6.121821934357285e-05,-0.0001319051516475156,-1.3819008927384857e-05,1.0,-0.0019958498887717724,0.00040676636854186654,0.008059692569077015,0.01302057784050703,0.07417592406272888,0.07008326053619385,-0.4834699034690857,0.5520381331443787,0.49041470885276794,-2.0143609046936035,-0.40863972902297974,2.470989227294922,1.0554734468460083,-0.002525300020352006,-0.011195474304258823,0.0040215179324150085,-0.002598415594547987,0.008776712231338024,-0.007438336964696646,-0.00532585708424449,0.6004947423934937,8.331550816365052e-06,0.0911475419998169,-1.9936245735152625e-05,1.0,6.0359074268490076e-05,0.00015155074652284384,-1.4289901628217194e-05,-8.874859304341953e-06,0.0324007049202919,1.9645989596028812e-05,8.596719567321998e-07,1.0,-6.115922133176355e-06,0.005581861361861229,0.0006722763064317405,-0.007393604144454002,-0.0004947991110384464,0.0014248338993638754,-0.00013468880206346512,0.005579701159149408,-0.0006718973745591938,0.007395269349217415,-0.00039770599687471986,-0.0006185719394125044,0.00013458354806061834,-6.616115570068359e-06,-6.913542165420949e-07,0.02499999850988388,0.004025378730148077,0.004039356019347906,4.945341061102226e-06,7.009570254012942e-06,0.0,1320,1.6666666666666667
12.674999999815554,retreat,12.675000661052763,15.758037268394254,16.20347946882248,0.49954652786254883,0.017305703295278363,0.019782341029446364,0.013229961950855795,0.0,0.0,0.0,0.0,0.0,53,0.006466586608439684,0.0009954948909580708,0.006466587074100971,0.0016870893305167556,0.0,-16.20485811986506,0.0,0.0,0.0,0.0,0.0,0.0,-7.203080895124003e-05,-0.00012623894144780934,-1.4018854017194826e-05,1.0,-2.7035450330004096e-05,0.0006017580162733793,0.00805954821407795,0.0266011580824852,-0.038885775953531265,-0.011418077163398266,-0.4834922254085541,0.5519465804100037,0.4904491603374481,-2.01436185836792,-0.4085651636123657,2.4709370136260986,1.0554276704788208,-0.0025352684315294027,-0.011228810995817184,0.004081179853528738,-0.002456576330587268,0.008822535164654255,-0.007863524369895458,-0.005369139835238457,0.6005037426948547,8.29864620754961e-06,0.09119655191898346,-2.2163840185385197e-05,1.0,5.7751996791921556e-05,0.00016465538647025824,-1.4841047232039273e-05,-7.571937203465495e-06,0.03240003064274788,3.8417234463850036e-05,1.4279316019383259e-05,1.0,-8.140420504787471e-06,0.005005907732993364,3.078053123317659e-05,-0.004093492869287729,-0.00035954208578914404,-0.0009233703021891415,-9.55336436163634e-05,0.00500456290319562,-3.0383875127881765e-05,0.004095139913260937,-0.0003553478163667023,0.0016464728396385908,9.552708797855303e-05,-6.318092346191406e-06,-7.013968570390716e-07,0.02500000223517418,0.004025802947580814,0.004039210733026266,5.108939603815088e-06,7.24312849342823e-06,0.0,1320,1.675
12.683333333148767,retreat,12.683333994820714,15.712618517768512,16.15625023841858,0.5053281784057617,0.01739819344948046,0.019782341029446364,0.008240671377279796,0.0,0.1930924504995346,0.0003922542091459036,0.15447396039962769,0.0,56,0.13689878582954407,0.0027813203632831573,0.05724867805838585,0.012986945919692516,-0.0009852540970314294,-16.15762888946116,-0.15432018041610718,-0.006893098820000887,-0.11585535109043121,-1.899315793707501e-05,0.00039179378654807806,-5.056797931501933e-07,-6.666572153335437e-05,-0.00013449470861814916,-1.6481277270941064e-05,1.0,-0.0006442064186558127,0.00032703307806514204,0.007683504372835159,0.013043105602264404,-0.0446394607424736,-0.0034829373471438885,-0.4835148751735687,0.5518550276756287,0.4904835522174835,-2.014385938644409,-0.40848711133003235,2.470845937728882,1.0553818941116333,-0.0026669728104025126,-0.011361348442733288,0.004235880449414253,-0.002878190018236637,0.009429740719497204,-0.010541311465203762,-0.00582167087122798,0.6004931926727295,8.2611932157306e-06,0.09123329073190689,-2.0988731193938293e-05,1.0,5.596400660579093e-05,0.00014740601181983948,2.611467607493978e-06,-7.776543498039246e-06,0.03238954022526741,1.2911774319945835e-05,1.0702105100790504e-05,1.0,-4.505146989686182e-06,0.10392753034830093,-0.0024365053977817297,-0.08907529711723328,-0.0010831011459231377,0.0025103583466261625,-0.0005106232711113989,0.10390099138021469,0.002444396959617734,0.08910603821277618,-0.001437322935089469,0.012503118254244328,0.0005115262465551496,-6.735324859619141e-06,-8.245115168392658e-07,0.02500000223517418,0.00400988943874836,0.004023942165076733,5.250960384728387e-06,7.430819096043706e-06,0.0,1320,1.6833333333333333
12.691666666481979,retreat,12.691667328588665,15.667018222826421,16.11826717853546,0.498354434967041,0.017725340512697585,0.019782341029446364,0.014186360203893855,0.03956468118525214,1.779259582690429e-05,7.118491396340687e-08,0.0,-3.558107763979024e-05,53,0.040592260658741,0.01908952370285988,0.04058384522795677,0.013924971222877502,-1.420414726949204e-07,-16.119645829578044,3.133365344965e-09,-6.880389236130213e-08,-1.779246304067783e-05,-2.4854880376068422e-09,7.114097400062747e-08,-2.75554384865373e-10,-5.8647892728913575e-05,-0.00013888557441532612,-1.714344216452446e-05,0.9999999403953552,-0.0011097978567704558,0.0005808718269690871,0.008033808320760727,0.02325746789574623,0.014722310937941074,0.02414463832974434,-0.4835374653339386,0.5517634749412537,0.4905180037021637,-2.0144312381744385,-0.4084126055240631,2.4708001613616943,1.0553361177444458,-0.0025343920569866896,-0.011374530382454395,0.0040117125026881695,-0.002927057445049286,0.00908726453781128,-0.007575237192213535,-0.0054975226521492004,0.6004822254180908,1.3706750905839726e-05,0.09126627445220947,-2.513276740501169e-05,1.0,5.900211908738129e-05,0.00014179751451592892,6.96914048603503e-06,-2.3893990146461874e-06,0.03238454833626747,2.9123837066435954e-06,-3.531540357926133e-07,0.9999999403953552,-7.989214282133617e-06,0.03522394970059395,-0.006269101053476334,-0.019175594672560692,0.003305419348180294,0.018790503963828087,0.0006333257188089192,0.0352177694439888,0.0062722936272621155,0.019185896962881088,0.0024015638045966625,-0.013701759278774261,-0.0006332933553494513,-6.973743438720703e-06,-8.57578925206326e-07,0.02500000223517418,0.004024704918265343,0.004038127139210701,5.359961505746469e-06,7.588096195831895e-06,0.0,1320,1.6916666666666667
12.69999999981519,retreat,12.700000662356615,15.621237349229244,16.084523499011993,0.48846006393432617,0.02324180240975693,0.019782341029446364,0.0029074390113237314,0.03956468118525214,0.0,0.0,0.0,0.0,53,0.011159241199493408,0.0023180535063147545,0.011159241199493408,0.0013525671092793345,0.0,-16.085902150054576,0.0,0.0,0.0,0.0,0.0,0.0,-5.770636926172301e-05,-0.00013925356324762106,-2.1920153812970966e-05,0.9999999403953552,-0.0024288210552185774,0.0005430250312201679,0.008161394856870174,0.02202148362994194,0.09711702913045883,0.08591990917921066,-0.483560174703598,0.5516719222068787,0.4905523359775543,-2.014448642730713,-0.4083382487297058,2.470754384994507,1.0552903413772583,-0.0024911421351134777,-0.011397583410143852,0.003983425907790661,-0.0027275620959699154,0.008880434557795525,-0.007441842462867498,-0.00540095753967762,0.6004846096038818,1.5210710444080178e-05,0.09130987524986267,-2.8204000045661815e-05,1.0,5.8211553550790995e-05,0.00014986102178227156,-5.8341847761766985e-06,-6.2039034673944116e-06,0.032394398003816605,1.0607798685668968e-05,-5.045236548539833e-07,0.9999999403953552,-6.283300535869785e-06,0.006654536817222834,0.0014563678996637464,-0.008838823065161705,-0.0007163429399952292,0.0021902346052229404,-0.0002511926577426493,0.006652056705206633,-0.0014560921117663383,0.008840736001729965,-0.0005059351678937674,-0.0012290093582123518,0.00025100441416725516,-6.973743438720703e-06,-1.0964085959130898e-06,0.024999994784593582,0.004024742171168327,0.0040381895378232,5.3216081141727045e-06,7.542024832218885e-06,0.0,1320,1.7
12.708333333148403,retreat,12.708333996124566,15.575276862638233,16.040434688329697,0.48977136611938477,0.024759558073128574,0.019782341029446364,0.014298942005552817,0.055952909680744456,0.0,0.0,0.0,0.0,49,0.010932531207799911,0.0006519091548398137,0.01093253307044506,0.0016163738910108805,0.0,-16.04181333937228,0.0,0.0,0.0,0.0,0.0,0.0,-7.048441329970956e-05,-0.0001276069669984281,-2.397388561803382e-05,0.9999999403953552,0.0009066409547813237,0.0005004995036870241,0.008108245208859444,0.019778398796916008,-0.09232871234416962,-0.05254042148590088,-0.4835830330848694,0.5515803694725037,0.4905867576599121,-2.014448642730713,-0.40826377272605896,2.470707893371582,1.0552445650100708,-0.0025005813222378492,-0.0114390654489398,0.004036516882479191,-0.0025558099150657654,0.00889256875962019,-0.007861497811973095,-0.005414827261120081,0.6004951000213623,1.4867568097542971e-05,0.09135948866605759,-3.128318348899484e-05,0.9999999403953552,5.503611464519054e-05,0.00016604477423243225,-1.6063509974628687e-05,-7.866017767810263e-06,0.03239991515874863,3.843869853881188e-05,1.5448315025423653e-05,0.9999998807907104,-7.3046212492045015e-06,0.009441165253520012,0.0013271028874441981,-0.005350087303668261,-0.0006223283126018941,-0.0001940511428983882,-6.096106517361477e-06,0.00943953450769186,-0.0013263992732390761,0.005353142041712999,-0.0004308160569053143,0.001557891140691936,6.103449777583592e-06,-6.377696990966797e-06,-1.1991432984359562e-06,0.02499999850988388,0.004024789668619633,0.0040382812730968,5.279453944240231e-06,7.482682121917605e-06,0.0,1320,1.7083333333333333
12.716666666481615,retreat,12.716667329892516,15.529137728714648,15.990582853555681,0.5005002021789551,0.024210412448155694,0.019782341029446364,0.00888118756847689,0.055952909680744456,8.016754873096943e-05,3.1992163940230967e-07,0.0,0.0,47,0.005889717489480972,0.00045609549852088094,0.005813939496874809,0.0007226077141240239,-6.666316014758422e-07,-15.991961504598262,-1.931614690420247e-08,4.1081216295424383e-07,-8.016649371711537e-05,-1.7829496101740006e-08,3.194202236045385e-07,1.6419953174917623e-09,-7.242007268359885e-05,-0.0001371924445265904,-2.4431798010482453e-05,0.9999999403953552,0.000279669591691345,0.0005565600586123765,0.008094703778624535,0.02420816570520401,-0.055265821516513824,-0.021501295268535614,-0.4836053252220154,0.5514888167381287,0.4906211793422699,-2.0144495964050293,-0.40818914771080017,2.4706380367279053,1.0551987886428833,-0.002500683767721057,-0.01146964356303215,0.004075994715094566,-0.0024028753396123648,0.00895565003156662,-0.008094335906207561,-0.0054786354303359985,0.600500226020813,1.3823326298734173e-05,0.09140670299530029,-3.092881161137484e-05,0.9999999403953552,5.264916762826033e-05,0.00017059531819541007,-1.0754637514764909e-05,-8.383614840568043e-06,0.032397277653217316,3.3403826819267124e-05,1.9770970538957044e-05,0.9999998807907104,-6.491875410574721e-06,0.0018951075617223978,0.0002881889813579619,-0.005569047294557095,-7.038105832180008e-05,-0.00044365550274960697,-7.898984040366486e-05,0.0018932378152385354,-0.00028833403484895825,0.00556967593729496,-2.8896076400997117e-05,0.0007173704216256738,7.903714868007228e-05,-6.854534149169922e-06,-1.2220862117828801e-06,0.02499999850988388,0.004025769419968128,0.004038989543914795,5.092672836326528e-06,7.195310899987817e-06,0.0,1320,1.7166666666666666
12.724999999814827,retreat,12.725000663660467,15.482820913119745,15.944262593984606,0.5047917366027832,0.023488255465053953,0.019782341029446364,0.00732368334865896,0.0,0.11586541682481766,0.00023535246145911515,0.09269237518310547,0.0,55,0.0839928686618805,0.0013717542169615626,0.033024001866579056,0.008147810585796833,-0.0006085975983296521,-15.945641245027186,-0.0926084816455841,-0.003961948212236166,-0.06951810419559479,-1.3851581570634153e-05,0.00023494403285440058,4.6204058889998123e-07,-5.642120595439337e-05,-0.0001509764842921868,-2.5169731088681147e-05,0.9999999403953552,-0.0004504437674768269,0.00033144181361421943,0.007948525249958038,0.013049048371613026,-0.037228986620903015,0.001404450973495841,-0.48362788558006287,0.5513971447944641,0.4906555712223053,-2.0144495964050293,-0.4081103205680847,2.4705469608306885,1.0551530122756958,-0.0025858087465167046,-0.011564827524125576,0.0041915131732821465,-0.002597108483314514,0.009380730800330639,-0.00980784185230732,-0.005804363638162613,0.6005012392997742,1.1396849004086107e-05,0.09145236015319824,-2.9214246751507744e-05,1.0,4.801354953087866e-05,0.00016493603470735252,-7.10939184500603e-06,-1.0198689778917469e-05,0.032396622002124786,1.3959988791611977e-05,8.407911082031205e-06,1.0,-4.042448381369468e-06,0.06266583502292633,-0.0010469895787537098,-0.05591689795255661,-0.0006007154006510973,0.0011834993492811918,-0.00034666963620111346,0.06264728307723999,0.0010497383773326874,0.055937595665454865,-0.0007534118485637009,0.007869192399084568,0.0003475273842923343,-7.569789886474609e-06,-1.258911652257666e-06,0.02499999850988388,0.004009891301393509,0.004023994319140911,5.244537533144467e-06,7.428432581946254e-06,0.0,1320,1.7249999999999999
12.733333333148039,retreat,12.733333997428417,15.436327381514783,15.899037569761278,0.5048513412475586,0.02118446172971744,0.019782341029446364,0.017017251593642868,0.055952909680744456,0.11520738899707794,0.00023415572650264949,0.09216608107089996,0.0,63,0.10435254871845245,0.012590189464390278,0.011028368957340717,0.0007567156571894884,-0.000596904763369821,-15.900416220803859,-0.09210647642612457,-0.0034290526527911425,-0.06911860406398773,-1.850437001849059e-05,0.0002334087621420622,2.616269739519339e-06,-5.2797142416238785e-05,-0.000147803541040048,-2.4073877284536138e-05,0.9999999403953552,-0.0005208073416724801,0.00035633303923532367,0.00783400796353817,0.01358459796756506,-0.039716146886348724,-0.006142510566860437,-0.48365065455436707,0.5513052940368652,0.4906899929046631,-2.0144855976104736,-0.4080301523208618,2.47045636177063,1.0551072359085083,-0.0025995755568146706,-0.011655287817120552,0.004159834701567888,-0.0029143057763576508,0.009579970501363277,-0.009651985950767994,-0.005926242098212242,0.6004853248596191,1.274449641641695e-05,0.09148523956537247,-2.8763266527676024e-05,0.9999999403953552,4.711523070000112e-05,0.00014219929289538413,1.034098841046216e-05,-6.575600309588481e-06,0.032384276390075684,-5.603868885373231e-06,5.68275618206826e-06,0.9999998807907104,-4.688849003287032e-06,0.08283309638500214,-0.004701061639934778,-0.0632932186126709,0.001386137562803924,0.01251363568007946,-2.029479765042197e-05,0.08281464874744415,0.00470522278919816,0.06331703066825867,0.000706674181856215,-0.0005472321063280106,2.0960174879292026e-05,-7.3909759521484375e-06,-1.2040836736559868e-06,0.02499999850988388,0.004010320175439119,0.004024371970444918,5.152150151843671e-06,7.294962415471673e-06,0.0,1320,1.7333333333333334
12.741666666481251,retreat,12.741667331196368,15.389658099561016,15.864865481853487,0.4916191101074219,0.022898795577930287,0.019782341029446364,0.010259712325932924,0.03956468118525214,1.624571996217128e-05,6.514819261838056e-08,0.0,0.0,62,0.029127338901162148,0.01305984053760767,0.0291178859770298,0.009634293615818024,-1.2797179316237361e-07,-15.866244132896067,1.1951417633326855e-08,-2.5763085886865156e-07,-1.624367359909229e-05,-3.9394465467523787e-10,6.513880634884117e-08,-1.0334736399997269e-09,-4.196873487671837e-05,-0.00014586016186513007,-2.6565268854028545e-05,1.0,-0.0025866145733743906,0.00040456722490489483,0.008270535618066788,0.013139242306351662,0.10301022976636887,0.09083836525678635,-0.4836731553077698,0.5512052178382874,0.49072444438934326,-2.014528274536133,-0.4079539179801941,2.4704103469848633,1.0550614595413208,-0.0024943507742136717,-0.01167185977101326,0.003999229986220598,-0.0028501413762569427,0.009245744906365871,-0.0076566459611058235,-0.0056785279884934425,0.6004772782325745,1.7097549061872996e-05,0.09152371436357498,-3.131436096737161e-05,0.9999999403953552,4.906635149382055e-05,0.00014137764810584486,5.20714729645988e-06,-3.771829142351635e-06,0.03238857910037041,-4.482482836465351e-06,-7.096807166817598e-06,0.9999999403953552,-4.750319021695759e-06,0.023529648780822754,-0.002965955762192607,-0.016910370439291,0.0017204700270667672,0.01294462475925684,0.00019003338820766658,0.02352457493543625,0.00296720489859581,0.01691720262169838,0.001292936154641211,-0.009545313194394112,-0.00019019228057004511,-7.271766662597656e-06,-1.3285698514664546e-06,0.024999994784593582,0.004024572670459747,0.004038524813950062,5.167275958228856e-06,7.332157110795379e-06,0.0,1320,1.7416666666666667
12.749999999814463,retreat,12.750000664964318,15.342814032919705,15.825701504945757,0.48339366912841797,0.027231673811911605,0.019782341029446364,0.017937929442268796,0.0,0.0,0.0,0.0,0.0,56,0.011655502952635288,0.0014245625352486968,0.011655501089990139,0.0005506091401912272,0.0,-15.827080155988337,0.0,0.0,0.0,0.0,0.0,0.0,-4.918007107335143e-05,-0.0001350929233012721,-2.7606674848357216e-05,1.0,-0.0019849161617457867,0.00037575868191197515,0.008344406262040138,0.013185625895857811,0.07331034541130066,0.06994889676570892,-0.4836958944797516,0.5511024594306946,0.49075886607170105,-2.014529228210449,-0.4078793525695801,2.4703640937805176,1.0550156831741333,-0.002474925946444273,-0.011705069802701473,0.004007330629974604,-0.0026418506167829037,0.009118237532675266,-0.007781853433698416,-0.005620011128485203,0.600489616394043,1.5212082871585153e-05,0.09157901257276535,-3.144818765576929e-05,1.0,4.5682867494178936e-05,0.000162038704729639,-1.6699514162610285e-05,-9.982497431337833e-06,0.032404713332653046,2.6946067009703256e-05,3.4969930311490316e-06,1.0,-3.839731562038651e-06,0.008230411447584629,0.0017054020427167416,-0.00807481911033392,-0.0007809216622263193,0.0011841526720672846,-0.0001316130073973909,0.00822794996201992,-0.0017051574541255832,0.008077375590801239,-0.0005346562247723341,4.7497451305389404e-06,0.00013149352162145078,-6.735324859619141e-06,-1.380665707984008e-06,0.02499999850988388,0.004024299792945385,0.004038576502352953,5.240344762569293e-06,7.425231160596013e-06,0.0,1320,1.75
12.758333333147675,retreat,12.758333998732269,15.295796147252105,15.770149976015093,0.4971623420715332,0.02532727739890106,0.019782341029446364,0.011722042472683825,0.055952909680744456,0.0,0.0,0.0,0.0,57,0.0069111064076423645,0.001151570468209684,0.006911105941981077,0.001310952240601182,0.0,-15.771528627057673,0.0,0.0,0.0,0.0,0.0,0.0,-4.6153883886290714e-05,-0.00015954702394083142,-3.610251224017702e-05,0.9999999403953552,-0.0023082417901605368,-0.0007165416027419269,0.008694915100932121,-0.11286520957946777,0.09193871915340424,0.07962210476398468,-0.4837181568145752,0.5510010719299316,0.4907933175563812,-2.014530897140503,-0.407803475856781,2.47029447555542,1.0549699068069458,-0.0024865379091352224,-0.011730927042663097,0.0040765306912362576,-0.00246835476718843,0.0092112235724926,-0.008144489489495754,-0.005698965396732092,0.6004965305328369,1.3163815310690552e-05,0.09163122624158859,-2.943768777186051e-05,0.9999999403953552,4.282145164324902e-05,0.0001703748421277851,-1.038414666254539e-05,-1.0256231689709239e-05,0.03240136057138443,1.0827615369635168e-05,3.330970230308594e-06,0.9999998807907104,6.665863111265935e-06,0.0017100477125495672,0.002500340575352311,-0.006211878266185522,-0.0004458434123080224,-0.0010589214507490396,-7.76110464357771e-05,0.0017081451369449496,-0.0025005596689879894,0.006212312262505293,-8.481534314341843e-05,0.001305899117141962,7.765050395391881e-05,-7.987022399902344e-06,-1.8054943211609498e-06,0.02499999850988388,0.004024487920105457,0.004037779755890369,5.096367658552481e-06,7.217226084321737e-06,0.0,1320,1.7583333333333333
12.766666666480887,retreat,12.76666733250022,15.248605408219472,15.717682987451555,0.5016922950744629,0.023574617443955503,0.019782341029446364,0.011768326658057049,0.0,0.0,0.0,0.0,0.0,59,0.06853669881820679,0.0021807835437357426,0.06853669881820679,0.00770982913672924,0.0,-15.719061638494136,0.0,0.0,0.0,0.0,0.0,0.0,-6.195811874931678e-05,-0.00013682145799975842,-3.3610172977205366e-05,1.0,-0.0009853905066847801,0.005813878029584885,0.0086457384750247,-0.5137558579444885,0.018198587000370026,0.019763227552175522,-0.48374053835868835,0.5508986711502075,0.49082767963409424,-2.014531135559082,-0.40772363543510437,2.4702043533325195,1.0549241304397583,-0.0026902081444859505,-0.011669726110994816,0.004658627323806286,-0.0024414125364273787,0.009828552603721619,-0.00823125522583723,-0.005906662903726101,0.6004998683929443,9.551658877171576e-06,0.09168276190757751,-2.5428005756111816e-05,1.0,3.810874113696627e-05,0.0001699311687843874,-9.162940841633826e-06,-1.237548167409841e-05,0.03240044414997101,3.311001637484878e-05,2.3847138436394744e-05,1.0,8.187475941667799e-06,0.003946647513657808,0.06823047250509262,-0.0051289149560034275,-0.0021758079528808594,-7.842331251595169e-05,0.00012460918514989316,0.003950105048716068,-0.06823043525218964,0.0051267873495817184,0.007681475020945072,0.0006491458625532687,-0.00012254194007255137,-6.854534149169922e-06,-1.680931745795533e-06,0.02499999850988388,0.004019573330879211,0.004035086836665869,0.029619639739394188,0.0001258794218301773,0.0,1320,1.7666666666666666
12.7749999998141,retreat,12.77500066626817,15.201242781483064,15.666799247264864,0.5050301551818848,0.017946029402082786,0.019782341029446364,0.011613084097916726,0.03956468118525214,0.09207366406917572,0.00019063592480961233,0.0736653059720993,0.0,54,0.09596003592014313,0.0012236770708113909,0.06522247940301895,0.013551969081163406,-0.0004935979377478361,-15.668177898307444,-0.07332471758127213,-0.008999069221317768,-0.054955095052719116,2.513490653655026e-05,0.00018760806415230036,-2.2660675313090906e-05,-3.842708611045964e-05,-0.00015463268209714442,-1.7962845959118567e-05,0.9999999403953552,-0.000412327004596591,0.0002126504696207121,0.00812816433608532,0.01413867436349392,-0.03595883771777153,-0.011933580972254276,-0.4837631285190582,0.5507956743240356,0.4908621311187744,-2.014531135559082,-0.40764909982681274,2.4701128005981445,1.0548783540725708,-0.0024905691388994455,-0.011879254132509232,0.004069318994879723,-0.0024002110585570335,0.009040621109306812,-0.010214483365416527,-0.005663213785737753,0.600503146648407,5.139355380379129e-06,0.091734379529953,-1.9594626792240888e-05,0.9999999403953552,3.4942895581480116e-05,0.00016925903037190437,-9.060183401743416e-06,-1.1537144018802792e-05,0.03240116313099861,1.4626472875534091e-05,3.4841850720113143e-06,0.9999999403953552,-1.6306844372593332e-06,0.051323436200618744,-0.0691005289554596,-0.042418766766786575,-0.0008962978608906269,-0.0004850065161008388,-0.0006773510249331594,0.05130424350500107,0.06910242885351181,0.04243883490562439,-0.0108806686475873,0.007898641750216484,0.0006751973414793611,-7.748603820800781e-06,-8.984388841781765e-07,0.024999994784593582,0.004009864758700132,0.0040240902453660965,5.261359547148459e-06,7.463269867002964e-06,0.0,1320,1.775
12.783333333147311,retreat,12.78333400003612,15.153709232704141,15.61611667275429,0.5054473876953125,0.013890040463593323,0.019782341029446364,0.008321635505126324,0.0,0.16918039321899414,0.0003448645875323564,0.13534481823444366,0.0,69,0.13897240161895752,0.01313526276499033,0.03114309161901474,0.0041897413320839405,-0.0008876502834027633,-15.61749532379687,-0.13529399037361145,-0.004196094814687967,-0.10148857533931732,-3.358388494234532e-05,0.00034314527874812484,7.417820597765967e-06,-4.5787430281052366e-05,-0.00014020288654137403,-1.4048622688278556e-05,1.0,-0.0006212273729033768,0.0002975932147819549,0.00794210098683834,0.013007374480366707,-0.04362806677818298,-0.0063872383907437325,-0.4837858974933624,0.5506926774978638,0.4908965528011322,-2.014561414718628,-0.4075688123703003,2.4700212478637695,1.0548325777053833,-0.002601472195237875,-0.011974592693150043,0.004185541532933712,-0.00293787126429379,0.009950957261025906,-0.010699956677854061,-0.006276457570493221,0.6004920601844788,5.01054910273524e-06,0.09177488088607788,-1.6458012396469712e-05,1.0,3.350537735968828e-05,0.00015358849486801773,3.4618342397152446e-06,-7.812744115653913e-06,0.032391004264354706,1.338589299848536e-05,1.2282198440516368e-05,1.0,-2.407058900644188e-06,0.10918189585208893,-0.009669985622167587,-0.08543495833873749,0.0037087504751980305,0.012600556015968323,-7.934181485325098e-05,0.10915499925613403,0.009674489498138428,0.0854688212275505,0.002310900017619133,0.003172527067363262,8.097537647699937e-05,-7.033348083496094e-06,-7.027520041447133e-07,0.02499999850988388,0.004010329023003578,0.004024363122880459,5.146400326339062e-06,7.303257007151842e-06,0.0,1320,1.7833333333333332
12.791666666480523,retreat,12.791667333804071,15.106005727543952,15.574460476636888,0.49763917922973633,0.014048448974790517,0.019782341029446364,0.010102146006829571,0.0,1.708134550426621e-05,6.835227139845301e-08,0.0,0.0,64,0.03769567608833313,0.01763986051082611,0.03768742457032204,0.012872254475951195,-1.4101069711891512e-07,-15.575839127679469,2.367758877852566e-09,-5.2721198073868436e-08,-1.708126364974305e-05,-2.5259252467435545e-09,6.830525478562777e-08,-2.1118787274509998e-10,-3.605837991926819e-05,-0.00014546311285812408,-1.0721240869315807e-05,0.9999999403953552,-0.0013066012179479003,0.0006032736273482442,0.008350290358066559,0.02744770608842373,0.025900589302182198,0.034768246114254,-0.4838085174560547,0.5505896806716919,0.4909310042858124,-2.0146071910858154,-0.4074885845184326,2.4699742794036865,1.0547868013381958,-0.002489463659003377,-0.011978956870734692,0.004006886854767799,-0.0029761854093521833,0.009721648879349232,-0.00795448012650013,-0.006065391935408115,0.6004829406738281,9.254753422283102e-06,0.09181391447782516,-1.946025440702215e-05,1.0,3.3880467526614666e-05,0.00015194409934338182,4.88018304167781e-06,-3.5324596865393687e-06,0.03238838165998459,6.481300715677207e-06,2.179111334044137e-06,1.0,-8.738461474422365e-06,0.03225340321660042,-0.007060810457915068,-0.01818864420056343,0.0035434626042842865,0.01727578602731228,0.00039469634066335857,0.032247394323349,0.0070622884668409824,0.01819872111082077,0.0025243726558983326,-0.01261620782315731,-0.0003943407500628382,-7.271766662597656e-06,-5.363244781619869e-07,0.02499999850988388,0.004024568013846874,0.0040382519364356995,5.444465386972297e-06,7.713388185948133e-06,0.0,1320,1.7916666666666667
12.799999999813735,retreat,12.800000667572021,15.058133231663765,15.534741431474687,0.4894733428955078,0.01855801929195877,0.019782341029446364,0.008419313417107332,0.03956468118525214,0.0,0.0,0.0,0.0,56,0.010476453229784966,0.0018790083704516292,0.010476453229784966,0.0009213710436597466,0.0,-15.536120082517268,0.0,0.0,0.0,0.0,0.0,0.0,-3.483282125671394e-05,-0.0001462567161070183,-1.601137591933366e-05,0.9999999403953552,-0.0019271294586360455,0.00039785189437679946,0.008426439017057419,0.012099399231374264,0.06772638857364655,0.0656302198767662,-0.4838312268257141,0.55048668384552,0.49096542596817017,-2.0146493911743164,-0.40740838646888733,2.469928503036499,1.0547410249710083,-0.0024598173331469297,-0.011995209380984306,0.004008507821708918,-0.0027881257701665163,0.009581918828189373,-0.007892387919127941,-0.0060111721977591515,0.600476086139679,1.3157754437997937e-05,0.09185457229614258,-2.254078208352439e-05,1.0,3.403814116609283e-05,0.00015280602383427322,3.512796865834389e-06,-3.93952814192744e-06,0.0323893204331398,6.549546014866792e-06,7.955296155159886e-07,0.9999999403953552,-6.529066013172269e-06,0.006855646148324013,0.0008994651143439114,-0.007870650850236416,-0.0004930544528178871,0.0017929301830008626,-0.00027013180078938603,0.006853301543742418,-0.0008993533556349576,0.007872705347836018,-0.00036317636840976775,-0.0008025706047192216,0.00027001480339094996,-7.331371307373047e-06,-8.008228178368881e-07,0.02499999850988388,0.004024621099233627,0.004038377199321985,5.156810402695555e-06,7.304974133148789e-06,0.0,1320,1.8
12.808333333146948,retreat,12.808334001339972,15.010092710724832,15.493509918451311,0.48291683197021484,0.022845099010737613,0.019782341029446364,0.016208674423978664,0.03956468118525214,0.0,0.0,0.0,0.0,59,0.010331438854336739,0.0009013944072648883,0.010331437923014164,0.000488466233946383,0.0,-15.494888569493892,0.0,0.0,0.0,0.0,0.0,0.0,-3.59987752744928e-05,-0.00014449143782258034,-3.073535117437132e-05,0.9999999403953552,-0.0015246388502418995,-0.0024642590433359146,0.008063007146120071,0.016485806554555893,0.049478355795145035,0.050654247403144836,-0.48385393619537354,0.5503836870193481,0.49099987745285034,-2.0146493911743164,-0.40732815861701965,2.469876289367676,1.0546952486038208,-0.0024638099130243063,-0.012009083293378353,0.0040787640027701855,-0.0025943187065422535,0.009601352736353874,-0.008084917441010475,-0.006008143536746502,0.6004875898361206,1.1474234270281158e-05,0.09190958738327026,-2.362458690186031e-05,1.0,2.8747319447575137e-05,0.0001708139170659706,-1.571835127833765e-05,-9.840430720942095e-06,0.03240309655666351,2.6322422854718752e-05,7.249615009641275e-06,0.9999999403953552,7.11276197762345e-06,0.0062297615222632885,0.005678229965269566,-0.005973809398710728,-0.0007981258677318692,0.0004151941975578666,5.586324550677091e-05,0.006228046957403421,-0.005678153596818447,0.005975669249892235,2.2163614630699158e-05,0.00048475523362867534,-5.586049155681394e-05,-7.212162017822266e-06,-1.5370278561022133e-06,0.02499999850988388,0.0040258606895804405,0.00403848709538579,-2.013461198657751e-06,-2.853201294783503e-06,0.0,1320,1.8083333333333333
12.81666666648016,retreat,12.816667335107923,14.961885130388408,15.438181906938555,0.49370527267456055,0.020835605027968995,0.019782341029446364,0.009812328244152013,0.055952909680744456,0.0,0.0,0.0,0.0,61,0.006945338100194931,0.0013352448586374521,0.006945336237549782,0.0016584667610004544,0.0,-15.439560557981135,0.0,0.0,0.0,0.0,0.0,0.0,-4.618368620867841e-05,-0.00014321393973659724,-1.8962344256578945e-05,0.9999999403953552,-0.0018704549875110388,0.0003714683698490262,0.008509575389325619,0.01231677457690239,0.06815038621425629,0.06429851800203323,-0.48387616872787476,0.5502806901931763,0.49103423953056335,-2.014650344848633,-0.4072478711605072,2.4697866439819336,1.0546494722366333,-0.002445582067593932,-0.012036314234137535,0.004082563333213329,-0.002407978055998683,0.009575570933520794,-0.008504222147166729,-0.006044765934348106,0.6004907488822937,8.26733867143048e-06,0.09196105599403381,-1.9893943317583762e-05,0.9999999403953552,2.3916967620607466e-05,0.0001701243600109592,-8.042995432333555e-06,-1.1279287718934938e-05,0.03239922225475311,2.691089321160689e-05,2.2266329324338585e-05,0.9999998807907104,-9.271714702663303e-07,0.0012322930851951241,-0.003922975156456232,-0.005597270559519529,-0.0001315548288403079,-0.001307751052081585,-0.00023528578458353877,0.0012302009854465723,0.003922810312360525,0.005597843788564205,-0.0006985219661146402,0.0014856925699859858,0.00023515260545536876,-7.152557373046875e-06,-9.484483598498628e-07,0.02499999850988388,0.004025108180940151,0.004039059393107891,5.026172402722295e-06,7.121969247236848e-06,0.0,1320,1.8166666666666667
12.824999999813372,retreat,12.825000668875873,14.913511456315755,15.386251360177996,0.49751996994018555,0.017415233742212877,0.019782341029446364,0.009646448233979754,0.03956468118525214,0.0,0.0,0.0,0.0,55,0.006854798644781113,0.0005339225172065198,0.006854797713458538,0.0010167693253606558,0.0,-15.387630011220576,0.0,0.0,0.0,0.0,0.0,0.0,-3.6566852941177785e-05,-0.00014794776507187635,-1.657811299082823e-05,0.9999999403953552,-0.0003573087160475552,0.00044183098361827433,0.008450465276837349,0.015548830851912498,-0.01670725643634796,0.0029262045864015818,-0.48389866948127747,0.5501776933670044,0.49106866121292114,-2.014650344848633,-0.4071674644947052,2.4696953296661377,1.0546036958694458,-0.0024615181609988213,-0.012058906257152557,0.004152343608438969,-0.0022902842611074448,0.009744374081492424,-0.00874130055308342,-0.006180788390338421,0.6004939079284668,4.769555744132958e-06,0.09201279282569885,-1.603250711923465e-05,0.9999999403953552,1.8910423023044132e-05,0.00016934212180785835,-7.33670276531484e-06,-1.1606869520619512e-05,0.03239902853965759,2.1394651412265375e-05,1.76559915416874e-05,0.9999999403953552,5.490039711730788e-07,0.005309718195348978,-0.0011622788151726127,-0.004176633432507515,0.0004840665787924081,-0.0001921230141306296,-0.00011765017552534118,0.005308259278535843,0.0011623454047366977,0.004178467206656933,0.00031602749368175864,0.0009591954294592142,0.00011785815877374262,-7.3909759521484375e-06,-8.291754056699574e-07,0.02499999850988388,0.004025974776595831,0.004039493389427662,4.856353370996658e-06,6.878050044178963e-06,0.0,1320,1.825
12.833333333146584,retreat,12.833334002643824,14.864972654168126,15.334194153547289,0.502169132232666,0.013773203136224765,0.019782341029446364,0.009218406376021449,0.03956468118525214,0.0,0.0,0.0,0.0,56,0.005092824809253216,0.0005161027074791491,0.005092823412269354,0.0004960900405421853,0.0,-15.33557280458987,0.0,0.0,0.0,0.0,0.0,0.0,-2.4132448743330315e-05,-0.00016146074631251395,-1.2030178368149791e-05,0.9999999403953552,-0.0006745149730704725,0.00036781062954105437,0.008505666628479958,0.010326622985303402,0.002853103680536151,0.018335353583097458,-0.4839209318161011,0.5500746965408325,0.4911031424999237,-2.014650344848633,-0.4070860743522644,2.4696037769317627,1.0545579195022583,-0.002465754048898816,-0.012073631398379803,0.00420635798946023,-0.0021830557379871607,0.009873163886368275,-0.00885214563459158,-0.006288876291364431,0.6004970669746399,1.1420029295550194e-06,0.09206464141607285,-1.2362819688860327e-05,0.9999999403953552,1.331638759438647e-05,0.00016819399024825543,-5.772252734459471e-06,-1.1830124094558414e-05,0.03239881992340088,6.733373083989136e-06,1.0816025678650476e-05,0.9999999403953552,-3.307331155610882e-07,0.002233073115348816,-0.0011761998757719994,-0.004423437640070915,0.0004960426595062017,-2.3888482246547937e-05,-0.00014047436707187444,0.0022315536625683308,0.001176149700768292,0.004424216225743294,0.0003260084777139127,0.0003464797046035528,0.00014062579430174083,-8.046627044677734e-06,-6.017035047989339e-07,0.02499999850988388,0.00402511702850461,0.004038700368255377,4.9652389861876145e-06,7.0410314947366714e-06,0.0,1320,1.8333333333333333
12.841666666479796,retreat,12.841667336411774,14.81626968960678,15.282159298658373,0.504910945892334,0.010152165486942977,0.019782341029446364,0.00879898107086774,0.0,0.0,0.0,0.0,0.0,64,0.004241872578859329,0.0005138259148225188,0.004241873510181904,0.0005980735295452178,0.0,-15.283537949700953,0.0,0.0,0.0,0.0,0.0,0.0,-2.020852843998e-05,-0.00015570988762192428,-1.1868480214616284e-05,1.0,-0.0010203932179138064,-9.001676517073065e-05,0.008740904740989208,-0.0488433800637722,0.023702267557382584,0.029545772820711136,-0.48394322395324707,0.5499716997146606,0.49113768339157104,-2.014650344848633,-0.40700092911720276,2.4695122241973877,1.0545121431350708,-0.0024717000778764486,-0.012086594477295876,0.0042663440108299255,-0.0020914010237902403,0.009997106157243252,-0.008996210061013699,-0.006391017232090235,0.6005003452301025,-1.8280308040630189e-06,0.09211637079715729,-9.70205928751966e-06,1.0,6.708030923618935e-06,0.0001669017074164003,-6.225025117601035e-06,-1.1351542525517289e-05,0.0323985293507576,1.1191954399691895e-05,1.3500026398105547e-05,1.0,2.1687546905013733e-06,0.001137054176069796,-0.0005926406010985374,-0.004043435212224722,0.00033193815033882856,-0.0003538171877153218,-0.00016925572708714753,0.0011356965405866504,0.0005925773875787854,0.004043826833367348,0.00024621025659143925,0.0005180618609301746,0.0001693645608611405,-7.808208465576172e-06,-5.935817171121016e-07,0.02499999850988388,0.004025956150144339,0.004039342049509287,4.668291694542859e-06,6.651971489191055e-06,0.0,1320,1.8416666666666666
12.849999999813008,retreat,12.850000670179725,14.767403528292974,15.23118242621422,0.5057454109191895,0.007174364782258635,0.019782341029446364,0.010492001820239238,0.03956468118525214,0.08584847301244736,0.00017490849131718278,0.06867889314889908,0.0,61,0.06291467696428299,0.0011751159327104688,0.023247728124260902,0.006121428683400154,-0.0004715594695881009,-15.2325610772568,-0.06864504516124725,-0.002276995684951544,-0.05150372162461281,-1.4531186934618745e-05,0.00017427642887923867,3.090605105171562e-06,-1.535191222501453e-05,-0.00014596454275306314,-5.470006726682186e-06,0.9999999403953552,-0.0003474865516182035,0.0004057144687976688,0.008364553563296795,0.013386793434619904,-0.033177632838487625,0.0016176768112927675,-0.48396578431129456,0.5498687028884888,0.49117231369018555,-2.014650344848633,-0.4069150388240814,2.4694206714630127,1.0544663667678833,-0.002535389270633459,-0.012154151685535908,0.004367305431514978,-0.0022568951826542616,0.010319984517991543,-0.010266304947435856,-0.006648926995694637,0.6005033254623413,-5.5490822887804825e-06,0.09216780215501785,-7.221231953735696e-06,1.0,-7.891642326285364e-07,0.0001652682403801009,-8.265275937446859e-06,-1.2255522051418666e-05,0.03239898383617401,1.930380312842317e-05,1.6141226296895184e-05,0.9999999403953552,-1.7485724583821138e-06,0.04838332161307335,-0.002738853683695197,-0.04012242704629898,-0.00016329951176885515,0.0010843402706086636,-0.00042241779738105834,0.04837006330490112,0.002738198032602668,0.04013845697045326,-0.0005596038536168635,0.005905259400606155,0.0004229337500873953,-7.271766662597656e-06,-2.7361238608136773e-07,0.02499999850988388,0.004009902477264404,0.0040240236558020115,5.246603905106895e-06,7.43247801437974e-06,0.0,1320,1.8499999999999999
12.85833333314622,retreat,12.858334003947675,14.718375135887964,15.180727094411852,0.5063414573669434,0.002818927896441892,0.019782341029446364,0.011476396139187273,0.055952909680744456,0.14646640419960022,0.0002986662439070642,0.11717360466718674,0.0,59,0.11891162395477295,0.010381591506302357,0.027752935886383057,0.00348394806496799,-0.0007925951795186847,-15.182105745454432,-0.11714448034763336,-0.003204932203516364,-0.08785958588123322,-3.050847226404585e-05,0.0002969922497868538,8.146333129843697e-06,-1.4694429410155863e-05,-0.00013847295485902578,-8.903341495170025e-07,0.9999999403953552,-0.0004768140206579119,0.00021452244254760444,0.00825447216629982,-0.022698020562529564,-0.038724422454833984,-0.013195893727242947,-0.48398852348327637,0.5497657060623169,0.4912070631980896,-2.014650821685791,-0.4068286418914795,2.4693291187286377,1.054417610168457,-0.002587340073660016,-0.012242602184414864,0.004403239581733942,-0.0026855163741856813,0.010660814121365547,-0.010879375040531158,-0.006875595543533564,0.6005063056945801,-8.331762728630565e-06,0.09221959859132767,-5.126832547830418e-06,0.9999999403953552,-6.4978621594491415e-06,0.0001637436362216249,-1.0551230843702797e-05,-1.08183976408327e-05,0.032400310039520264,2.5270765036111698e-05,2.1192856365814805e-05,0.9999998807907104,-4.233201707393164e-06,0.09359734505414963,-0.004296463448554277,-0.0732191950082779,0.000799337460193783,0.010347612202167511,-0.0002557631814852357,0.09357341378927231,0.0042944964952766895,0.07324989140033722,0.00017778686014935374,0.0031737349927425385,0.0002569120260886848,-6.9141387939453125e-06,-4.46184458269272e-08,0.02499999850988388,0.004010675009340048,0.004023735877126455,4.9937571020564064e-06,7.06501305103302e-06,0.0,1320,1.8583333333333334
12.866666666479432,retreat,12.866667337715626,14.66918547805301,15.1304729282856,0.5063414573669434,0.0004857849944528425,0.019782341029446364,0.015806881492608227,0.0,0.21436581015586853,0.0004366668581496924,0.17149294912815094,0.0,56,0.17759652435779572,0.017705392092466354,0.03686146065592766,0.0031081377528607845,-0.0011849913571495563,-15.131851579328181,-0.17140616476535797,-0.005680608097463846,-0.1286093145608902,-3.4992244763998315e-05,0.00043519592145457864,7.615000868099742e-06,-1.0852923878701404e-05,-0.00013151679013390094,-5.600283657258842e-06,1.0,-0.0007147042197175324,-0.00016463472275063396,0.00821583904325962,-0.06599049270153046,-0.05585797503590584,0.030849510803818703,-0.4840112626552582,0.549662709236145,0.49124157428741455,-2.014695882797241,-0.40673843026161194,2.4692375659942627,1.0543566942214966,-0.0026323883794248104,-0.01236487552523613,0.0043775467202067375,-0.003345296485349536,0.010946685448288918,-0.011357465758919716,-0.0070522683672606945,0.6004877090454102,-6.298921107372735e-06,0.0922548696398735,-5.324457106326008e-06,0.9999999403953552,-2.572795438027242e-06,0.00013985743862576783,9.597557436791249e-06,-6.4399091570521705e-06,0.03238533437252045,8.340718522958923e-06,1.3425630640995223e-05,1.0,2.776880023702688e-07,0.14079105854034424,-0.005968050565570593,-0.10808692872524261,0.0009007217013277113,0.01768016442656517,-0.00028528342954814434,0.1407608538866043,0.005966175347566605,0.10812637954950333,3.7836492992937565e-05,0.0026590246707201004,0.00028617208590731025,-6.556510925292969e-06,-2.8008554409097997e-07,0.02499999850988388,0.004009847063571215,0.004023001994937658,5.170784334040945e-06,7.327122148126364e-06,0.0,1320,1.8666666666666667
12.874999999812644,retreat,12.875000671483576,14.619835520449367,15.09383097290993,0.49251317977905273,0.003212780256944825,0.019782341029446364,0.010534839020692743,0.055952909680744456,2.0012224922538735e-05,8.027294740031721e-08,0.0,0.0,59,0.04665551707148552,0.02297649160027504,0.04664606973528862,0.017037561163306236,-1.6159139848426207e-07,-15.09520962395251,1.8053050609978527e-08,-4.302023626223672e-07,-2.0007591956527904e-05,2.301736579113367e-10,8.025406827982806e-08,-1.7254807582745002e-09,6.609917363675777e-06,-0.00014147863839752972,-2.689808297873242e-06,0.9999999403953552,-0.002535168780013919,0.0005288188112899661,0.008415681309998035,0.013297079131007195,0.0918671265244484,0.08383539319038391,-0.4840337336063385,0.5495597124099731,0.49127599596977234,-2.0147416591644287,-0.4066525101661682,2.469191074371338,1.054310917854309,-0.002441969234496355,-0.01235991157591343,0.0040617999620735645,-0.0033829722087830305,0.010257233865559101,-0.007746410556137562,-0.006459253374487162,0.6004787087440491,-1.5839692650843062e-06,0.09229373931884766,-9.999022040574346e-06,0.9999999403953552,-4.117983735341113e-06,0.00013799688895232975,4.889473530056421e-06,-4.149138021602994e-06,0.03238756209611893,-3.4817987852875376e-06,-2.4908993054850725e-06,0.9999998807907104,-7.3095479820040055e-06,0.04056912660598755,-0.007136407308280468,-0.021907875314354897,0.002995879389345646,0.02276793122291565,0.0007517997291870415,0.04056313633918762,0.007135632913559675,0.02191920578479767,0.001964941620826721,-0.016907261684536934,-0.0007514618919230998,-7.092952728271484e-06,-1.3444355317915324e-07,0.02499999850988388,0.004024859052151442,0.004038583021610975,5.086430974188261e-06,7.210328476503491e-06,0.0,1320,1.875
12.883333333145856,retreat,12.883334005251527,14.570326228738292,15.054238587617876,0.4836916923522949,0.008046736184041947,0.019782341029446364,0.01119663556892192,0.055952909680744456,0.0,0.0,0.0,0.0,62,0.013177130371332169,0.0026531079784035683,0.013177131302654743,0.001403661910444498,0.0,-15.055617238660457,0.0,0.0,0.0,0.0,0.0,0.0,6.834350642748177e-06,-0.00013248389586806297,-7.96657241153298e-06,1.0,-0.0020234729163348675,0.0005039700772613287,0.008491331711411476,0.012826288118958473,0.06936488300561905,0.06814455986022949,-0.4840547740459442,0.5494567155838013,0.4913104176521301,-2.014787435531616,-0.4065699875354767,2.4691452980041504,1.0542651414871216,-0.0023971758782863617,-0.012373167090117931,0.004043060354888439,-0.00316466367803514,0.009944910183548927,-0.0077136605978012085,-0.006321367807686329,0.600469708442688,4.098895260540303e-06,0.09233271330595016,-1.4038518202141859e-05,0.9999999403953552,-3.7693741887778742e-06,0.00013676128583028913,5.148503078089561e-06,-3.038582235603826e-06,0.03238694369792938,4.277319021639414e-06,-3.064204975089524e-06,0.9999998807907104,-6.0723809838236775e-06,0.01017421018332243,0.0015191775746643543,-0.008234945125877857,-0.001220253761857748,0.0022934116423130035,-0.0005387256969697773,0.01017194613814354,-0.0015194853767752647,0.008237685076892376,-0.0010009750258177519,-0.0008236313005909324,0.0005384675459936261,-6.616115570068359e-06,-3.982831913162954e-07,0.02499999850988388,0.004024823196232319,0.0040386272594332695,5.107254764880054e-06,7.233582437038422e-06,0.0,1320,1.8833333333333333
12.891666666479068,retreat,12.891667339019477,14.520658568581041,15.014608949422838,0.47534704208374023,0.013734379535890184,0.019782341029446364,0.01175911347672809,0.0,0.0,0.0,0.0,0.0,57,0.010596051812171936,0.0011249753879383206,0.010596051812171936,0.0006186058162711561,0.0,-15.015987600465419,0.0,0.0,0.0,0.0,0.0,0.0,1.6112819594127359e-06,-0.00013215912622399628,-1.0734992429206613e-05,1.0,-0.002070345915853977,0.0004768290091305971,0.00857838336378336,0.012464611791074276,0.07653836905956268,0.0725347027182579,-0.4840729832649231,0.5493537187576294,0.4913448393344879,-2.0148322582244873,-0.4064897298812866,2.469099521636963,1.054219365119934,-0.0023721333127468824,-0.012383067049086094,0.004058663733303547,-0.0029259391594678164,0.009817268699407578,-0.007878554053604603,-0.006216718349605799,0.6004612445831299,1.1009688932972495e-05,0.09237203747034073,-1.729420546325855e-05,1.0,-1.18251659841917e-06,0.00013614073395729065,5.308011168381199e-06,-1.604510543984361e-06,0.0323866531252861,3.9815968193579465e-06,-4.279271479390445e-07,1.0,-6.559278972417815e-06,0.00708620622754097,0.0012223946396261454,-0.007782527711242437,-0.0007494429009966552,0.0008290365221910179,0.00012885400792583823,0.0070840842090547085,-0.0012226805556565523,0.007784415036439896,-0.000572835560888052,0.00019466725643724203,-0.00012898538261651993,-6.616115570068359e-06,-5.367392077459954e-07,0.02499999850988388,0.004024837631732225,0.0040386696346104145,5.09504388901405e-06,7.221853593364358e-06,0.0,1320,1.8916666666666666
12.89999999981228,retreat,12.900000672787428,14.470833505638875,14.974599331617357,0.4674196243286133,0.020711300749098882,0.019782341029446364,0.012956888895132579,0.03956468118525214,0.0,0.0,0.0,0.0,61,0.010470862500369549,0.0006903110188432038,0.010470861569046974,0.0006172731518745422,0.0,-14.975977982659938,0.0,0.0,0.0,0.0,0.0,0.0,-1.602542965883913e-06,-0.0001303977333009243,-1.3966957340016961e-05,0.9999999403953552,-0.0020321570336818695,0.00045246927766129375,0.008657080121338367,0.0124013377353549,0.078490249812603,0.0736108124256134,-0.484090656042099,0.5492507219314575,0.4913792610168457,-2.0148332118988037,-0.40640950202941895,2.469043493270874,1.0541735887527466,-0.002354010473936796,-0.012394650839269161,0.004080318380147219,-0.0026782569475471973,0.009777791798114777,-0.008103523403406143,-0.006202318239957094,0.600471556186676,1.2311941645748448e-05,0.09242648631334305,-1.7952092093764804e-05,0.9999999403953552,-3.6081723919778597e-06,0.0001517624332336709,-1.3947310435469262e-05,-7.235957127704751e-06,0.03240106999874115,2.1364785425248556e-05,5.210927156440448e-06,0.9999999403953552,-3.984418071922846e-06,0.006841887719929218,0.0014569858321920037,-0.007791323587298393,-0.0005192948156036437,0.00045432616025209427,2.1210964405327104e-05,0.006839511916041374,-0.0014573144726455212,0.007793346419930458,-0.0003088471421506256,0.0005340297357179224,-2.1256404579617083e-05,-6.496906280517578e-06,-6.9835914473515e-07,0.02499999850988388,0.004024809692054987,0.004038754850625992,5.1034267016802914e-06,7.231225026771426e-06,0.0,1320,1.9
12.908333333145492,retreat,12.908334006555378,14.42085200557305,14.919725805521013,0.4763007164001465,0.021887275579501875,0.0,0.008380436156585347,0.0,0.0,0.0,0.0,0.0,54,0.012713884934782982,0.0007582367979921401,0.012713884934782982,0.002386221196502447,0.0,-14.919725805521013,0.0,0.0,0.0,0.0,0.0,0.0,-2.148669955204241e-05,-0.00011816182086477056,-1.3021769518672954e-05,1.0,0.0030865769367665052,0.00044204798177815974,0.008540123701095581,0.012762729078531265,-0.21399596333503723,-0.14075490832328796,-0.4841092526912689,0.5491477251052856,0.4914136826992035,-2.01483416557312,-0.4063284993171692,2.4689571857452393,1.054127812385559,-0.002378633478656411,-0.012428728863596916,0.004156980197876692,-0.002497070236131549,0.009901485405862331,-0.008668811060488224,-0.006319799460470676,0.6004753112792969,1.1421303497627378e-05,0.09247813373804092,-1.4821327567915432e-05,1.0,-7.051614375086501e-06,0.0001527267013443634,-8.882898328010924e-06,-9.505559319222812e-06,0.032397858798503876,3.45652770192828e-05,2.8538064725580625e-05,1.0,-1.7954438362721703e-06,0.011874460615217686,0.0011712199775502086,-0.004389568231999874,-0.00035218519042246044,-0.0006607213290408254,-0.00011973273649346083,0.011873102746903896,-0.0011715175351127982,0.004393159877508879,-0.00018302520038560033,0.0023761712945997715,0.0001198497848236002,-5.900859832763672e-06,-6.512145773740485e-07,0.02499999850988388,0.004024824593216181,0.004038792569190264,5.109596713737119e-06,7.24170240573585e-06,0.0,1320,1.9083333333333332
12.916666666478704,retreat,12.916667340323329,14.370715034044817,14.867534488439562,0.4819631576538086,0.020860721633653156,0.019782341029446364,0.0066936581788468175,0.03956468118525214,0.0004950521979480982,1.9815133782685734e-06,0.0,0.0,50,0.00796913169324398,0.0006515566492453218,0.007534479256719351,0.00034681725082919,-4.579701396778546e-06,-14.868913139482142,-1.403278133693675e-07,3.0119854272925295e-06,-0.0004950430011376739,-1.1240297226322582e-07,1.978286036319332e-06,1.2077647326691476e-08,-5.600052645604592e-06,-0.0001347399374935776,-9.750749086379074e-06,1.0,0.0020788204856216908,0.00045000319369137287,0.008638073690235615,0.013716510497033596,-0.15257716178894043,-0.09504862129688263,-0.48412683606147766,0.5490447282791138,0.4914481043815613,-2.01483416557312,-0.40624457597732544,2.4688661098480225,1.0540820360183716,-0.002368633635342121,-0.012439296580851078,0.004181621130555868,-0.002324284054338932,0.009996186010539532,-0.008725758641958237,-0.006410026922821999,0.6004785299301147,1.093446189770475e-05,0.09253011643886566,-1.1961109521507751e-05,0.9999999403953552,-1.1174625797139015e-05,0.00015153634012676775,-6.361985015246319e-06,-9.151201993518043e-06,0.03239763528108597,1.6796580894151703e-05,1.677480759099126e-05,0.9999999403953552,-2.2080089365772437e-06,0.0037127272225916386,1.532367787149269e-05,-0.007051416672766209,0.0003413292288314551,0.0005530461203306913,-4.648017056751996e-05,0.003710589837282896,-1.5575285942759365e-05,0.007052541244775057,0.000343464023899287,-1.6727077309042215e-05,4.6617740736110136e-05,-6.735324859619141e-06,-4.875746526522562e-07,0.02499999850988388,0.004024821799248457,0.004038854967802763,5.119024535815697e-06,7.254886440932751e-06,0.0,1320,1.9166666666666667
12.924999999811916,retreat,12.92500067409128,14.320423556715443,14.8151271045208,0.48553943634033203,0.02022743137786165,0.019782341029446364,0.005702262114937184,0.03956468118525214,0.00018433826335240155,7.377947781606053e-07,0.0,0.0,59,0.00579237611964345,0.0005198978469707072,0.0056212241761386395,0.0008130769128911197,-1.6923584524874968e-06,-14.81650575556338,-6.532459906338772e-08,7.877045504756097e-07,-0.00018433657533023506,-7.31418978716647e-08,7.341535024352197e-07,3.1651712362190665e-09,8.187726621144975e-07,-0.00013423559721559286,-7.758500032650772e-06,1.0,0.0014821587828919291,0.00044729202636517584,0.008710041642189026,0.013849062845110893,-0.11678667366504669,-0.06889262050390244,-0.484144389629364,0.5489417314529419,0.49148252606391907,-2.01483416557312,-0.4061586558818817,2.4687745571136475,1.054036259651184,-0.0023679749574512243,-0.012453772127628326,0.004219947848469019,-0.0021639324259012938,0.010112352669239044,-0.008948086760938168,-0.00653057498857379,0.6004815101623535,1.0885109986702446e-05,0.09258180111646652,-9.689520993561018e-06,0.9999999403953552,-1.5762369002914056e-05,0.0001501795049989596,-5.6778771977405995e-06,-8.714472642168403e-06,0.032396912574768066,1.5944044207572006e-05,1.4943732821848243e-05,0.9999999403953552,-1.929029622260714e-06,0.00210887985303998,0.0002669217938091606,-0.005388227757066488,0.0001706502225715667,-0.00046328475582413375,-0.00016290949133690447,0.0021072528325021267,-0.00026709260419011116,0.005388854071497917,0.00020914016931783408,0.0007679099217057228,0.0001630040060263127,-6.735324859619141e-06,-3.879194991895929e-07,0.02499999850988388,0.004024808295071125,0.004038860555738211,5.120145942782983e-06,7.252034265547991e-06,0.0,1320,1.925
12.933333333145129,retreat,12.93333400785923,14.26997853924618,14.763054996728899,0.48857927322387695,0.020056531866430305,0.019782341029446364,0.005982640232105041,0.03956468118525214,9.910833614412695e-05,3.965179757869919e-07,0.0,0.0,56,0.0052437856793403625,0.0004808726371265948,0.005155298858880997,0.0008012373000383377,-9.100194553468555e-07,-14.76443364777148,-1.543184779961848e-08,1.8703246951190522e-07,-9.910816152114421e-05,-3.72434243445241e-08,3.947642994717171e-07,7.511294919382294e-10,3.64333550351148e-06,-0.00013232574565336108,-5.69834082853049e-06,0.9999999403953552,0.0012934711994603276,0.000445486482931301,0.00875985249876976,0.013636333867907524,-0.10464838892221451,-0.05983111262321472,-0.48416197299957275,0.54883873462677,0.49151694774627686,-2.01483416557312,-0.406072735786438,2.4686830043792725,1.0539904832839966,-0.002369222231209278,-0.012471627444028854,0.004256268497556448,-0.002026576781645417,0.010229445993900299,-0.009159720502793789,-0.0066458601504564285,0.6004845499992371,1.024599805532489e-05,0.09263351559638977,-7.315737548196921e-06,1.0,-2.0686955394921824e-05,0.0001486274995841086,-5.577322554017883e-06,-9.336493349110242e-06,0.03239656984806061,1.6301830328302458e-05,1.7043730622390285e-05,0.9999999403953552,-1.6151965382960043e-06,0.0023350324481725693,0.0002121330180671066,-0.0046904063783586025,0.00018889628699980676,-0.00042079752893187106,-0.00013596369535662234,0.002333629410713911,-0.00021229821140877903,0.00469109695404768,0.00021948978246655315,0.0007580965757369995,0.0001360606256639585,-6.616115570068359e-06,-2.8489375836215913e-07,0.02499999850988388,0.004024830646812916,0.004038926679641008,5.109108315082267e-06,7.243477739393711e-06,0.0,1320,1.9333333333333333
12.94166666647834,retreat,12.94166734162718,14.219380947298287,14.710986614227297,0.49167871475219727,0.019345630789757706,0.019782341029446364,0.005416185103968019,0.03956468118525214,9.34147319640033e-05,3.7362914895311405e-07,0.0,0.0,54,0.004843614529818296,0.00041451133438386023,0.004762072116136551,0.0007071877480484545,-8.606515677911375e-07,-14.712365265269877,-3.599300413270612e-08,4.351216489340004e-07,-9.341371332993731e-05,-3.7378260486775616e-08,3.7175067291173036e-07,1.7468568813683305e-09,1.237125979969278e-05,-0.00013116667105350643,-3.90826653529075e-06,0.9999999403953552,0.0012802653945982456,0.00044470286229625344,0.008799566887319088,0.013714869506657124,-0.10269556939601898,-0.058626946061849594,-0.4841795563697815,0.5487357378005981,0.49155136942863464,-2.01483416557312,-0.40598681569099426,2.4685914516448975,1.0539437532424927,-0.0023709821980446577,-0.012491635978221893,0.004289662931114435,-0.001910605002194643,0.010343991219997406,-0.009339937940239906,-0.006760591175407171,0.6004875898361206,1.0110862604051363e-05,0.09268521517515182,-4.910799816570943e-06,1.0,-2.5024111891980283e-05,0.00014717747399117798,-5.4237157200986985e-06,-8.91655326995533e-06,0.03239620104432106,1.6010819308576174e-05,1.2652910299948417e-05,0.9999999403953552,-1.0010680853156373e-06,0.002345343818888068,7.683849253226072e-05,-0.0042372229509055614,0.00022856700525153428,-0.00030675597372464836,-0.00015961687313392758,0.0023440925870090723,-7.699742855038494e-05,0.004237912129610777,0.0002396151830907911,0.0006455444963648915,0.00015971425455063581,-6.556510925292969e-06,-1.953321770997718e-07,0.02500000223517418,0.004024834837764502,0.004039006307721138,5.105115633341484e-06,7.2369875852018595e-06,0.0,1320,1.9416666666666667
12.949999999811553,retreat,12.950000675395131,14.168631746533016,14.658985286951067,0.4947781562805176,0.019053410142078064,0.019782341029446364,0.0055894920478749555,0.03956468118525214,0.00011882864055223763,4.7506097189398133e-07,0.0,0.0,51,0.004374922253191471,0.0003583170473575592,0.004269675817340612,0.0006036172853782773,-1.0982404425874392e-06,-14.660363937993647,-2.3903030665906044e-08,2.897023705372703e-07,-0.00011882828403031453,-4.5225750255895036e-08,4.7290188831539126e-07,1.1624089468753596e-09,1.593572051206138e-05,-0.00013017923629377037,-1.260912313227891e-06,0.9999999403953552,0.001256265677511692,0.0004455797025002539,0.008837848901748657,0.013727966696023941,-0.1002907007932663,-0.057152219116687775,-0.4841971695423126,0.5486327409744263,0.49158579111099243,-2.01483416557312,-0.40590083599090576,2.4684998989105225,1.0538915395736694,-0.002371913054957986,-0.0125134801492095,0.004317746497690678,-0.0018117661820724607,0.010448558256030083,-0.009494563564658165,-0.0068615516647696495,0.6004906296730042,9.516117643215694e-06,0.09273681789636612,-2.58776344708167e-06,0.9999999403953552,-2.680035868252162e-05,0.00014576883404515684,-5.272777343634516e-06,-9.369594408781268e-06,0.03239578753709793,1.5589599570375867e-05,1.0864789146580733e-05,0.9999999403953552,-1.3256886859380757e-06,0.0020074080675840378,6.779629620723426e-05,-0.0038866004906594753,0.0002197279827669263,-0.00025344648747704923,-0.0001259983837371692,0.0020062713883817196,-6.792398198740557e-05,0.003887187223881483,0.00022947827528696507,0.0005434170016087592,0.0001260866119991988,-6.496906280517578e-06,-6.294249033089727e-08,0.02499999850988388,0.004024847876280546,0.0040390281938016415,5.100864655105397e-06,7.226772140711546e-06,0.0,1320,1.95
12.958333333144765,retreat,12.958334009163082,14.11773190261163,14.607088267803194,0.4977583885192871,0.01834233262343332,0.019782341029446364,0.0052710211093653925,0.0,0.00019652818446047604,7.854736168155796e-07,0.0,0.0,44,0.003957327455282211,0.00032750991522334516,0.0037789021153002977,0.0005214796401560307,-1.82078468213831e-06,-14.608466918845775,-6.962683585243212e-08,8.462069445158704e-07,-0.00019652635091915727,-7.8064047670523e-08,7.815773983566032e-07,3.394053926797369e-09,1.58165112225106e-05,-0.0001278481649933383,6.999402444307634e-07,1.0,0.0012120491592213511,0.0004473314911592752,0.00887458585202694,0.013528801500797272,-0.09691038727760315,-0.05469985678792,-0.4842148423194885,0.5485297441482544,0.49162036180496216,-2.01483416557312,-0.40581458806991577,2.4684083461761475,1.0538229942321777,-0.002373221330344677,-0.012536782771348953,0.004343448672443628,-0.0017287101363763213,0.01054656133055687,-0.009629737585783005,-0.006940442603081465,0.6004937291145325,9.338767995359376e-06,0.09278876334428787,-5.105193849885836e-07,1.0,-2.023464548983611e-05,0.00014424081018660218,-5.292855803418206e-06,-8.970461749413516e-06,0.032395850867033005,1.6392614270444028e-05,4.418291155161569e-06,1.0,-1.210157847708615e-06,0.0016231121262535453,-1.2319670531724114e-05,-0.0036091271322220564,0.00022720925335306674,-0.00023420127399731427,-2.8079524781787768e-05,0.0016220714896917343,1.2250344298081473e-05,0.0036095951218158007,0.00022540794452652335,0.0004686588072218001,2.8159645808045752e-05,-6.377696990966797e-06,3.50974005414173e-08,0.02500000223517418,0.004024841357022524,0.00403901981189847,5.104649972054176e-06,7.230468327179551e-06,0.0,1320,1.9583333333333333
12.966666666477977,retreat,12.966667342931032,14.066682381195385,14.554889500141146,0.5006790161132812,0.017780570487957448,0.019782341029446364,0.004809758593182778,0.03956468118525214,0.00023330481781158596,9.320975209448079e-07,0.0,0.0,55,0.003446945222094655,0.00048142962623387575,0.003214291064068675,0.0004566140996757895,-2.1127133855713964e-06,-14.556268151183726,-6.032952626355836e-08,7.3493788477208e-07,-0.0002333036536583677,-9.046709692484001e-08,9.276922128265142e-07,2.9464732875794653e-09,7.148190888983663e-06,-0.0001240157725987956,2.302813300048001e-06,1.0,0.0002758346381597221,0.00046787236351519823,0.008884459733963013,0.013214267790317535,-0.0421939454972744,-0.014829306863248348,-0.4842328727245331,0.5484267473220825,0.491655170917511,-2.01483416557312,-0.4057270884513855,2.4683167934417725,1.053755760192871,-0.002370321424677968,-0.0125588309019804,0.00436058547347784,-0.0016542713856324553,0.010629917494952679,-0.009721474722027779,-0.00695434957742691,0.6004967093467712,9.159251021628734e-06,0.09284033626317978,1.4496345102088526e-06,0.9999999403953552,-1.4829824976914097e-05,0.00014270309475250542,-5.252542450762121e-06,-8.715222065802664e-06,0.03239521011710167,1.8687305782805197e-05,7.681782335566822e-06,0.9999999403953552,-8.52356095037976e-07,-0.00022085881209932268,-9.910376684274524e-05,-0.0034384343307465315,0.00023103985586203635,-0.00028672016924247146,0.0003101396723650396,-0.00022183716646395624,9.912031964631751e-05,0.0034383712336421013,0.00021678880148101598,0.0002547879994381219,-0.0003100799804087728,-6.198883056640625e-06,1.1518568499013782e-07,0.02500000223517418,0.004026048816740513,0.004039624240249395,4.785174496646505e-06,6.789894541725516e-06,0.0,1320,1.9666666666666666
12.974999999811189,retreat,12.975000676698983,14.015484147945537,14.503107964992525,0.5040168762207031,0.017645319530856796,0.019782341029446364,0.0044253984015085734,0.055952909680744456,3.296848080935888e-05,1.3163150924810907e-07,0.0,0.0,56,0.0027181103359907866,0.0004391827969811857,0.002686799969524145,0.0005516413948498666,-2.9811049673256207e-07,-14.504486616035106,-2.138210941637908e-09,4.716916635061352e-08,-3.2968448067549616e-05,-6.187237389099209e-09,1.3148587640898768e-07,1.8854230676712547e-10,7.469024239981081e-06,-0.00012811791384592652,3.041021500393981e-06,0.9999999403953552,0.0003285505226813257,0.00043891347013413906,0.008862284012138844,0.012493888847529888,-0.04469762369990349,-0.017659474164247513,-0.48425114154815674,0.5483237504959106,0.49169033765792847,-2.01483416557312,-0.405635803937912,2.4682252407073975,1.053688406944275,-0.002373866504058242,-0.012586788274347782,0.004383915103971958,-0.001597702968865633,0.010719000361859798,-0.009859739802777767,-0.006997221149504185,0.6004996299743652,9.289165973314084e-06,0.09289204329252243,2.0854881768173072e-06,0.9999999403953552,-1.0943462257273495e-05,0.00014081444533076137,-4.712850113719469e-06,-8.491267180943396e-06,0.0323951356112957,1.2696512385446113e-05,3.474600134723005e-06,0.9999998807907104,-9.55179189077171e-07,0.0008451411267742515,6.074339762562886e-05,-0.0025826673954725266,0.00016483903164044023,-0.0003826584725175053,0.0001388600649079308,0.0008444124250672758,-6.0751095588784665e-05,0.0025829055812209845,0.00017364260565955192,0.0005047362647019327,-0.00013880639744456857,-6.377696990966797e-06,1.5209843695629388e-07,0.02500000223517418,0.004026486072689295,0.004040295723825693,4.6144732550601475e-06,6.553193088620901e-06,0.0,1320,1.9749999999999999
12.983333333144401,retreat,12.983334010466933,13.964138168523341,14.451911300420763,0.5055069923400879,0.017518163076601923,0.0,0.006151984507596353,0.03956468118525214,0.04568455368280411,9.302261605625972e-05,0.036547642201185226,0.0,63,0.03335128352046013,0.000498120323754847,0.013038795441389084,0.0031190102454274893,-0.00026422672453918494,-14.451911300420763,-0.03642773628234863,-0.00295811309479177,-0.027410730719566345,-8.678307494847104e-06,9.261237573809922e-05,9.178056075143104e-07,2.2389626792573836e-06,-0.00011935493239434436,7.050229669403052e-06,1.0,-0.0001606837467988953,0.0004123608523514122,0.008827216923236847,0.012185776606202126,-0.025797812268137932,-0.006391085218638182,-0.4842720329761505,0.5482207536697388,0.4917255640029907,-2.01483416557312,-0.4055441915988922,2.4681336879730225,1.0536197423934937,-0.002400132594630122,-0.012641594745218754,0.004413926973938942,-0.0016759325517341495,0.010897965170443058,-0.010526121594011784,-0.00711336312815547,0.600502610206604,7.976710548973642e-06,0.09294386953115463,2.4152475361916004e-06,0.9999999403953552,-7.670080776733812e-06,0.0001389886747347191,-6.084811502660159e-06,-9.697912901174277e-06,0.03239576518535614,1.963370777957607e-05,5.431805675470969e-06,0.9999999403953552,-4.6343834583240096e-06,0.024339769035577774,-0.0015144333010539412,-0.022750606760382652,4.097820692550158e-06,0.0004978148499503732,1.6955113096628338e-05,0.024333467707037926,0.0015141696203500032,0.022757356986403465,-0.00021485706383828074,0.00301833706907928,-1.6784122635726817e-05,-5.9604644775390625e-06,3.525256033753976e-07,0.02499999850988388,0.004009697586297989,0.004023682791739702,5.269121174933389e-06,7.474067388102412e-06,0.0,1320,1.9833333333333334
12.991666666477613,retreat,12.991667344234884,13.912645408590057,14.40076678991318,0.5056262016296387,0.015660749340895563,0.0,0.008393160896957852,0.03956468118525214,0.112103670835495,0.0002283147186972201,0.08968298882246017,-3.558107763979024e-05,52,0.08732195198535919,0.005846241023391485,0.025110945105552673,0.004160529933869839,-0.0006763979909010231,-14.40076678991318,-0.08961644023656845,-0.0034995623864233494,-0.0672597885131836,-1.4811636901868042e-05,0.00022782654559705406,1.8149232801079052e-06,-1.2527349099400453e-05,-0.00010395262506790459,9.221039363183081e-06,0.9999999403953552,-0.00025846384232863784,0.0001846772211138159,0.008938288316130638,-0.025010840967297554,-0.040626704692840576,0.003275947878137231,-0.4842943251132965,0.5481177568435669,0.4917605221271515,-2.01483416557312,-0.40545251965522766,2.4680421352386475,1.0535510778427124,-0.0024526845663785934,-0.012729744426906109,0.004443935118615627,-0.00199883827008307,0.011208769865334034,-0.011331840418279171,-0.007302280981093645,0.6005055904388428,5.451415290735895e-06,0.09299580007791519,2.873470066333539e-06,0.9999999403953552,-5.658765985572245e-06,0.0001371009711874649,-8.823712050798349e-06,-1.0395464414614253e-05,0.032396551221609116,3.314824789413251e-05,1.818708005885128e-05,0.9999999403953552,-6.345258498186013e-06,0.06764385104179382,-0.0022745681926608086,-0.0551748052239418,0.00027637832681648433,0.0058397031389176846,3.998647116532084e-06,0.06762874871492386,0.0022741202265024185,0.05519333481788635,-5.2751071052625775e-05,0.003932154271751642,-3.3125916161225177e-06,-5.185604095458984e-06,4.609864845406264e-07,0.02500000223517418,0.004009447526186705,0.004022759385406971,5.257690645521507e-06,7.451075362041593e-06,0.0,1320,1.9916666666666667
12.999999999810825,retreat,13.000000678002834,13.861006833806943,14.350263029336931,0.5056262016296387,0.013052958820480853,0.0,0.010458233191457111,0.0,0.19315199553966522,0.0003934347478207201,0.15452180802822113,0.0,48,0.15524935722351074,0.01386189367622137,0.03801805526018143,0.004253146704286337,-0.0011322711070533842,-14.350263029336931,-0.1544305980205536,-0.005505871959030628,-0.11588168889284134,-2.9912984246038832e-05,0.0003922593896277249,5.354759650799679e-06,-1.3894927178625949e-05,-9.736854553921148e-05,9.551913535688072e-06,0.9999999403953552,-0.00048089586198329926,0.0001974828337552026,0.008658334612846375,-0.0231038648635149,-0.04842401668429375,-8.662883919896558e-05,-0.4843168556690216,0.548014760017395,0.49179524183273315,-2.01483416557312,-0.4053572416305542,2.4679505825042725,1.0534824132919312,-0.0025134028401225805,-0.012860354967415333,0.004428749904036522,-0.0026045620907098055,0.011546188034117222,-0.012077334336936474,-0.007503387983888388,0.6005083918571472,3.041398485947866e-06,0.09304733574390411,2.290189058840042e-06,1.0,-4.869750227953773e-06,0.00013491782010532916,-1.1483938578749076e-05,-1.0159884368476924e-05,0.03239759802818298,3.754919089260511e-05,1.87657442438649e-05,1.0,-7.259374342538649e-06,0.12255443632602692,-0.00488295778632164,-0.09517840296030045,0.0006921701715327799,0.013844377361238003,-7.879119948484004e-05,0.1225287988781929,0.004882200621068478,0.0952114462852478,-1.4214776456356049e-05,0.003859800286591053,8.007064025150612e-05,-4.887580871582031e-06,4.775283741764724e-07,0.02499999850988388,0.004010095726698637,0.004023259971290827,5.119562501931796e-06,7.259979611262679e-06,0.0,1320,2.0
13.008333333144037,retreat,13.008334011770785,13.809223409835255,14.300526678562166,0.5055665969848633,0.011658869880193379,0.0,0.01598969174665399,0.055952909680744456,0.24675031006336212,0.0005023616249673069,0.1974005103111267,0.0,51,0.2075786590576172,0.022998979315161705,0.03922262415289879,0.001557059120386839,-0.0013160090893507004,-14.300526678562166,-0.19725927710533142,-0.0075574228540062904,-0.14804516732692719,-3.3348311262670904e-05,0.0005012332694604993,4.509131940722e-06,-1.278158561035525e-05,-9.410715574631467e-05,-3.0193823477020487e-06,0.9999999403953552,-0.0008266445947811007,-0.001612169318832457,0.008066637441515923,0.004553675185889006,-0.05446593835949898,-0.018046189099550247,-0.4843393564224243,0.5479114651679993,0.49182969331741333,-2.014878988265991,-0.40526068210601807,2.4678590297698975,1.05341374874115,-0.002559725660830736,-0.01301267184317112,0.004353673662990332,-0.0034164574462920427,0.011802171356976032,-0.012171768583357334,-0.0076217046007514,0.6004899144172668,5.7628822105471045e-06,0.09308292716741562,1.8681647873108886e-07,0.9999999403953552,6.407699402188882e-07,0.00011085105506936088,8.496550435665995e-06,-5.908069852011977e-06,0.03238343819975853,1.674390114203561e-05,1.2140470062149689e-05,0.9999998807907104,3.2075547551357886e-06,0.1658354103565216,-0.00454779714345932,-0.12476712465286255,0.0011486159637570381,0.022970249876379967,-3.6807738069910556e-05,0.16580773890018463,0.004548056051135063,0.12480385601520538,0.0004909199196845293,0.0009864717721939087,3.7857356801396236e-05,-4.708766937255859e-06,-1.5102887118700892e-07,0.02500000223517418,0.004009293857961893,0.004022460430860519,5.117735781823285e-06,7.250637281686068e-06,0.0,1320,2.0083333333333333
13.01666666647725,retreat,13.016667345538735,13.757296102336252,14.26348611712456,0.4926919937133789,0.014610502148570959,0.0,0.010807931175804697,0.03956468118525214,1.79500893864315e-05,7.199806617563809e-08,0.0,0.0,53,0.05415023863315582,0.026378238573670387,0.05414172634482384,0.019502433016896248,-1.5068639047655097e-07,-14.26348611712456,1.8002289436935826e-08,-4.065432506195066e-07,-1.7945474610314704e-05,2.683884225973543e-10,7.197910179002065e-08,-1.6304486649687533e-09,1.1098032928202883e-06,-0.0001095204206649214,1.7179469296024763e-06,0.9999999403953552,-0.0023374094162136316,0.0005052314954809844,0.008690829388797283,0.01357619371265173,0.08070750534534454,0.07619533687829971,-0.48435717821121216,0.5478029251098633,0.49186402559280396,-2.0149247646331787,-0.4051690399646759,2.467806339263916,1.0533472299575806,-0.002341830637305975,-0.013027014210820198,0.003951024729758501,-0.0034850998781621456,0.010945286601781845,-0.008039791136980057,-0.006931517738848925,0.6004806756973267,1.2489660548453685e-05,0.09312435239553452,-4.172376065980643e-06,1.0,9.296373718825635e-06,0.00010804742487380281,5.041330041422043e-06,-1.8504144918551901e-06,0.03238783776760101,-1.4729904478372191e-06,-1.040552797348937e-05,0.9999999403953552,-5.891461569262901e-06,0.046936050057411194,-0.008792709559202194,-0.02553318813443184,0.0032056232448667288,0.026171397417783737,0.0007703161682002246,0.04693036898970604,0.008793369866907597,0.02554340474307537,0.0019359184661880136,-0.019390899688005447,-0.0007700170390307903,-5.4836273193359375e-06,8.590359357185662e-08,0.02499999850988388,0.004024819936603308,0.004038366489112377,5.110926394991111e-06,7.258786354213953e-06,0.0,1320,2.0166666666666666
13.024999999810461,retreat,13.025000679306686,13.705225876971188,14.221256226301195,0.4839897155761719,0.021146928702364676,0.0,0.008188398169295397,0.03956468118525214,0.0,0.0,0.0,0.0,53,0.014475620351731777,0.003113541519269347,0.014475619420409203,0.001583940931595862,0.0,-14.221256226301195,0.0,0.0,0.0,0.0,0.0,0.0,-1.2295923625060823e-05,-0.0001034561064443551,-1.5492480542889098e-06,0.9999999403953552,-0.002012183889746666,0.0005276200245134532,0.00876240897923708,0.017700716853141785,0.06990975886583328,0.06583910435438156,-0.484374463558197,0.5476889610290527,0.4918982982635498,-2.014970541000366,-0.4050823450088501,2.4677603244781494,1.0533009767532349,-0.0023001180961728096,-0.0130544975399971,0.003911860287189484,-0.0032661142759025097,0.01059683971107006,-0.007934738881886005,-0.006720089819282293,0.6004738807678223,1.9529115888872184e-05,0.09316881000995636,-6.6292163865000475e-06,1.0,1.050835180649301e-05,0.00011124433513032272,2.9263965188874863e-06,-1.18823390948819e-06,0.03239006549119949,7.788285074639134e-06,1.7880898894873098e-06,0.9999999403953552,-5.079687980469316e-06,0.010838044807314873,0.002594636520370841,-0.009238410741090775,-0.0013628934975713491,0.0027960380539298058,-0.00013723158917855471,0.010836043395102024,-0.0025945312809199095,0.009240786544978619,-0.0009880850557237864,-0.0012303590774536133,0.00013701572606805712,-5.185604095458984e-06,-7.75253283791244e-08,0.02499999850988388,0.004024801310151815,0.004038368351757526,5.2183791012794245e-06,7.3940318543463945e-06,0.0,1320,2.025
13.033333333143673,retreat,13.033334013074636,13.65301369940132,14.176142960786821,0.47779083251953125,0.028050679247826338,0.0,0.010807293620018754,0.0,0.0,0.0,0.0,0.0,56,0.011240929365158081,0.001080190995708108,0.011240927502512932,0.0007078485796228051,0.0,-14.176142960786821,0.0,0.0,0.0,0.0,0.0,0.0,-1.573235022078734e-05,-0.00010414631105959415,-4.126640305912588e-06,1.0000001192092896,-0.0014027142897248268,0.0004885680973529816,0.008825624361634254,0.01732722856104374,0.03916432708501816,0.04340273514389992,-0.4843917489051819,0.5475747585296631,0.49193257093429565,-2.0150163173675537,-0.404996395111084,2.4677035808563232,1.0532552003860474,-0.002288906369358301,-0.013080581091344357,0.003924190066754818,-0.003033560700714588,0.01048947498202324,-0.008163618855178356,-0.006662589032202959,0.6004648804664612,2.5392926545464434e-05,0.09321297705173492,-7.784196895954665e-06,0.9999999403953552,1.1120758244942408e-05,0.00010919792839558795,5.860612873220816e-06,-2.1532964638026897e-06,0.03238910436630249,5.051718289905693e-06,4.61195077150478e-06,1.0000001192092896,-3.6569981602951884e-06,0.007695888169109821,0.0024749762378633022,-0.007810651790350676,-0.0008765634847804904,0.0006309141172096133,1.991373392229434e-05,0.007694237399846315,-0.002474925946444273,0.007812292315065861,-0.0005190513911657035,0.0004808697267435491,-1.9988479834864847e-05,-5.185604095458984e-06,-2.0641346054617316e-07,0.02499999850988388,0.004024780821055174,0.004038381390273571,5.2177661018504295e-06,7.402413757517934e-06,0.0,1320,2.033333333333333
13.041666666476885,retreat,13.041667346842587,13.600660535287908,14.131286740303041,0.4697442054748535,0.033780484955059364,0.0,0.015864550732658245,0.03956468118525214,0.0,0.0,0.0,0.0,50,0.01040866132825613,0.0007046114769764245,0.010408658534288406,0.00028136398759670556,0.0,-14.131286740303041,0.0,0.0,0.0,0.0,0.0,0.0,-1.1308783541608136e-05,-0.00010700829443521798,-4.93680681756814e-06,1.0,-0.0021095257252454758,0.0004041933862026781,0.008966261520981789,0.013683945871889591,0.08364000916481018,0.07829245179891586,-0.48440906405448914,0.5474605560302734,0.4919669032096863,-2.01505708694458,-0.4049104154109955,2.4676196575164795,1.0532093048095703,-0.00227713817730546,-0.013098884373903275,0.0039353822357952595,-0.0027913234662264585,0.010475129820406437,-0.008330483920872211,-0.006688856985419989,0.6004524827003479,2.9220347641967237e-05,0.0932564064860344,-4.731574335892219e-06,0.9999999403953552,1.1734573490684852e-05,9.660278738010675e-05,1.1027968866983429e-05,-4.2533138184808195e-06,0.03238767758011818,-1.040550705511123e-05,-4.2577011072353343e-07,0.9999999403953552,2.0507779652234603e-07,0.00571711640805006,0.00227738032117486,-0.008394543081521988,-0.00042308110278099775,0.0005626166821457446,-3.0694925953866914e-05,0.005715548060834408,-0.0022773246746510267,0.008395622484385967,-9.41416947171092e-05,0.0002633605618029833,3.072861727559939e-05,-5.364418029785156e-06,-2.469023456797004e-07,0.02500000223517418,0.004024782683700323,0.0040384316816926,5.142760983289918e-06,7.28652230463922e-06,0.0,1320,2.0416666666666665
13.049999999810098,retreat,13.050000680610538,13.548167350292207,14.087130874395372,0.4578828811645508,0.03723217741935514,0.0,0.009824472726904787,0.0,0.0,0.0,0.0,0.0,54,0.010504464618861675,0.0006879231077618897,0.01050446555018425,0.00019358079589437693,0.0,-14.087130874395372,0.0,0.0,0.0,0.0,0.0,0.0,-5.831478574691573e-06,-0.0001016456590150483,-8.760392802287242e-07,1.0,-0.00335846864618361,0.0003878339775837958,0.009093960747122765,0.014536241069436073,0.15998145937919617,0.13326944410800934,-0.484426349401474,0.5473462343215942,0.4920012354850769,-2.015057325363159,-0.40482428669929504,2.467534065246582,1.053162693977356,-0.002263585338369012,-0.013111145235598087,0.00394461490213871,-0.002536822808906436,0.010513576678931713,-0.008453788235783577,-0.006758515257388353,0.6004589200019836,2.8281343475100584e-05,0.09331438690423965,-7.417121992148168e-07,1.0,7.450816156051587e-06,0.0001027282269205898,-7.670246304769535e-06,-8.902832632884383e-06,0.032401517033576965,1.0825600611497066e-06,-1.619362137716962e-06,1.0,1.341697100087913e-07,0.005401026923209429,0.001968217547982931,-0.008791973814368248,-0.00012330262688919902,0.0006762329139746726,-2.7271205908618867e-05,0.0053992499597370625,-0.0019681500270962715,0.008793081156909466,0.0001609652827028185,0.00010400178143754601,2.7337378924130462e-05,-5.066394805908203e-06,-4.383036866784096e-08,0.02499999850988388,0.00402477802708745,0.004038513172417879,5.15201145390165e-06,7.298862328752875e-06,0.0,1320,2.05
13.05833333314331,retreat,13.058334014378488,13.495535110075474,14.028666168451311,0.4622340202331543,0.03591697532101534,0.0,0.009571444934408646,0.0,0.0,0.0,0.0,0.0,58,0.01321316882967949,0.0005604504840448499,0.013213169761002064,0.002281628316268325,0.0,-14.028666168451311,0.0,0.0,0.0,0.0,0.0,0.0,-2.097123615385499e-05,-7.883405487518758e-05,3.387898686924018e-06,0.9999999403953552,0.0015681046061217785,0.0003713464247994125,0.008994466625154018,0.013845634646713734,-0.12106308341026306,-0.07159785181283951,-0.4844437539577484,0.5472322106361389,0.4920356571674347,-2.015057325363159,-0.4047331213951111,2.467442512512207,1.0530941486358643,-0.0022960451897233725,-0.013145587407052517,0.0040180012583732605,-0.002347412286326289,0.010702635161578655,-0.008985058404505253,-0.0069526182487607,0.6004639863967896,2.719295116548892e-05,0.09337196499109268,2.576578708612942e-06,1.0,1.1995081877103075e-05,0.00010567592107690871,-8.57625673233997e-06,-8.891113793652039e-06,0.03240063041448593,2.6841840735869482e-05,8.976318895292934e-06,1.0,-8.100499826468877e-07,0.012134447693824768,0.0016648052260279655,-0.004956958349794149,-8.065415022429079e-05,-0.0005132497171871364,-0.00021017702238168567,0.012133440002799034,-0.0016644885763525963,0.004959531594067812,0.00015972007531672716,0.0022662952542304993,0.0002102926664520055,-3.933906555175781e-06,1.6931153368204832e-07,0.02499999850988388,0.00402475381270051,0.004038514569401741,5.163287823961582e-06,7.316702976822853e-06,0.0,1320,2.058333333333333
13.066666666476522,retreat,13.066667348146439,13.442764780298969,13.970536738634111,0.4684329032897949,0.03458847277215682,0.0,0.008930029252951499,0.055952909680744456,0.0,0.0,0.0,0.0,50,0.008735747076570988,0.0006832547951489687,0.008735744282603264,0.0007146632997319102,0.0,-13.970536738634111,0.0,0.0,0.0,0.0,0.0,0.0,-2.182334901590366e-05,-8.649942901683971e-05,6.824486717960099e-06,0.9999999403953552,0.002057053381577134,0.0003672400489449501,0.009041769430041313,0.01404285803437233,-0.14571911096572876,-0.08939606696367264,-0.4844611883163452,0.5471179485321045,0.4920700788497925,-2.015057325363159,-0.4046414792537689,2.467350959777832,1.053025484085083,-0.002300306921824813,-0.013162556104362011,0.00404798099771142,-0.0021759679075330496,0.010851615108549595,-0.009120567701756954,-0.0070359488017857075,0.6004695296287537,2.6197423721896484e-05,0.09342961013317108,5.832127953908639e-06,0.9999999403953552,1.659277404542081e-05,0.00010897096217377111,-8.133948540489655e-06,-8.769123269303236e-06,0.03240013122558594,2.2471518605016172e-05,5.230810529610608e-06,0.9999998807907104,-9.914131169352913e-07,0.00610717199742794,0.0007112788734957576,-0.006205626763403416,0.0003884845646098256,0.00046743196435272694,0.00031212856993079185,0.006105843000113964,-0.0007110035512596369,0.006206962279975414,0.0004912436124868691,0.0004148406151216477,-0.00031197851058095694,-4.351139068603516e-06,3.4112963476218283e-07,0.02499999850988388,0.0040247561410069466,0.004038531798869371,5.163873538549524e-06,7.3146948125213385e-06,0.0,1320,2.0666666666666664
13.074999999809734,retreat,13.07500068191439,13.389857326623943,13.912489265203478,0.4744529724121094,0.033327596611343324,0.0,0.008310913472087122,0.03956468118525214,5.992855949443765e-05,2.400885250608553e-07,0.0,0.0,55,0.005969800520688295,0.0005024564452469349,0.005919228307902813,0.0009474579710513353,-5.796895976573069e-07,-13.912489265203478,-3.5572405465700285e-08,4.1211967527488014e-07,-5.992712976876646e-05,-2.4483940208597232e-08,2.388310917922354e-07,1.6585071094255e-09,-2.4139440938597545e-05,-8.949143375502899e-05,1.0031590136350133e-05,1.0,0.002034751931205392,0.0003757468657568097,0.00909590907394886,0.015219415538012981,-0.14300206303596497,-0.08803128451108932,-0.484478622674942,0.5470035672187805,0.49210450053215027,-2.015057325363159,-0.40454983711242676,2.467259407043457,1.0529568195343018,-0.002306543756276369,-0.013178850524127483,0.004081396386027336,-0.0020201969891786575,0.011003721505403519,-0.009351068176329136,-0.007149752229452133,0.6004745960235596,2.4972538085421547e-05,0.09348716586828232,9.087908438232262e-06,1.0,2.1016727259848267e-05,0.00011176020780112594,-7.360830295510823e-06,-8.944107321440242e-06,0.032399654388427734,2.2268766770139337e-05,3.123019268969074e-06,0.9999999403953552,-9.428591170035361e-07,0.0031038105953484774,0.0007869362598285079,-0.005038413684815168,0.00026396059547550976,-0.00041358289308845997,0.0001083349488908425,0.0031027174554765224,-0.0007867140229791403,0.005039120092988014,0.00037759263068437576,0.0008619690197519958,-0.00010824424680322409,-4.470348358154297e-06,5.01469912705943e-07,0.02499999850988388,0.004024740774184465,0.004038501530885696,5.183285793464165e-06,7.350172381848097e-06,0.0,1320,2.075
13.083333333142946,retreat,13.08333401568234,13.33681371471166,13.854579627513887,0.4799365997314453,0.031899704481475055,0.0,0.008233546395786107,0.055952909680744456,9.59555254667066e-05,3.8420117220994143e-07,0.0,0.0,56,0.004745949991047382,0.0006424497114494443,0.004659056663513184,0.0009224703535437584,-9.275199559510838e-07,-13.854579627513887,-5.961638294138538e-08,6.957691311981762e-07,-9.595298615749925e-05,-3.954733784894415e-08,3.8215011954889633e-07,2.79778977763101e-09,-3.1641808163840324e-05,-9.384231816511601e-05,1.2787943887815345e-05,1.0,0.0018137349979951978,0.0003649747814051807,0.00914488174021244,0.014609698206186295,-0.12925659120082855,-0.07776190340518951,-0.4844960570335388,0.5468891263008118,0.49213892221450806,-2.015057325363159,-0.40445804595947266,2.467167854309082,1.0528881549835205,-0.002312623430043459,-0.013194635510444641,0.004112741909921169,-0.0018886158941313624,0.011153727769851685,-0.009565940126776695,-0.00724802678450942,0.6004799008369446,2.3823866285965778e-05,0.09354501962661743,1.2236169823154341e-05,0.9999999403953552,2.531872632971499e-05,0.00011497781815705821,-7.390436167042935e-06,-8.868915756465867e-06,0.032399583607912064,2.1135441784281284e-05,6.323412890196778e-06,0.9999998807907104,-5.505138460648595e-07,0.0019139801152050495,0.0006060468149371445,-0.004300398752093315,0.00028925720835104585,-0.0005477445665746927,0.000170434097526595,0.001913021900691092,-0.0006058444269001484,0.004300852306187153,0.00037677239743061364,0.0008242414332926273,-0.00017035506607498974,-4.708766937255859e-06,6.392474460881203e-07,0.02500000223517418,0.004024742636829615,0.004038526210933924,5.174938451091293e-06,7.3338160291314125e-06,0.0,1320,2.0833333333333335
13.091666666476158,retreat,13.09166734945029,13.283634910223377,13.796446472406389,0.48542022705078125,0.03055078923352994,0.0,0.0076257556429482065,0.055952909680744456,0.00010261851275572553,4.1060513922275277e-07,0.0,0.0,56,0.00386737659573555,0.0006771530606783926,0.003774841781705618,0.0009104930213652551,-9.953800059747664e-07,-13.796446472406389,-6.146377984350693e-08,7.208724355223239e-07,-0.00010261596617056057,-4.214462734353219e-08,4.0842627413439914e-07,2.89628543370668e-09,-3.5549910535337403e-05,-9.656951442593709e-05,1.5864026863710023e-05,1.0,0.001836004201322794,0.0003655404143501073,0.009175618179142475,0.014917985536158085,-0.13004475831985474,-0.07903923094272614,-0.4845134913921356,0.546774685382843,0.49217334389686584,-2.015057325363159,-0.4043656587600708,2.467076301574707,1.0528194904327393,-0.0023194935638457537,-0.013211964629590511,0.004142184276133776,-0.0017828517593443394,0.011298151686787605,-0.009772861376404762,-0.007342642638832331,0.6004849076271057,2.287593270011712e-05,0.09360263496637344,1.5368372260127217e-05,0.9999999403953552,2.9607168471557088e-05,0.00011773228470701724,-7.0919090831012e-06,-8.670889656059444e-06,0.03239906579256058,2.1162697521504015e-05,5.943130872765323e-06,0.9999998807907104,-4.943316866956593e-07,0.0016007355879992247,0.0004430317203514278,-0.0034925590734928846,0.0002888972230721265,-0.000595272344071418,0.00014396346523426473,0.0015999394236132503,-0.00044282962335273623,0.0034929492976516485,0.00035285670310258865,0.0008265223004855216,-0.00014389508578460664,-4.827976226806641e-06,7.930284482426941e-07,0.02499999850988388,0.004024748224765062,0.004038568586111069,5.1755623644567095e-06,7.336464477702975e-06,0.0,1320,2.091666666666667
13.09999999980937,retreat,13.10000068321824,13.230321878820346,13.738592714071276,0.4907846450805664,0.029461241865647025,0.0,0.007728399396000896,0.0,0.00025498669128865004,1.0194351034442661e-06,0.0,0.0,58,0.0032641177531331778,0.0006126314401626587,0.003024426521733403,0.0007627308368682861,-2.4725367495648243e-06,-13.738592714071276,-6.500118843177916e-08,1.3408342738330248e-06,-0.00025498316972516477,-5.407616754382616e-08,1.0179857099501533e-06,5.369568345514608e-09,-3.7261128454701975e-05,-0.00010028196993516758,1.83755128091434e-05,1.0,0.0017525262665003538,0.00034215758205391467,0.009197230450809002,0.013580065220594406,-0.12447035312652588,-0.0737684816122055,-0.4845309257507324,0.5466602444648743,0.49220776557922363,-2.015057325363159,-0.40426838397979736,2.466984748840332,1.052750825881958,-0.0023239534348249435,-0.013229425065219402,0.0041650994680821896,-0.0016998336650431156,0.011430347338318825,-0.009937720373272896,-0.007423516362905502,0.6004902124404907,2.2052734493627213e-05,0.09366067498922348,1.6761914594098926e-05,1.0,3.1941748602548614e-05,0.00012054287799401209,-7.214447578007821e-06,-8.494866960973013e-06,0.032399266958236694,2.026086804107763e-05,5.3199137255433016e-06,1.0,-1.612311052667792e-06,0.001021343981847167,0.0003458110732026398,-0.003080866066738963,0.00029730182723142207,-0.0005123919690959156,0.00015615187294315547,0.0010206232545897365,-0.00034564256202429533,0.0030811240430921316,0.00034723052522167563,0.000659940589684993,-0.00015608409012202173,-5.0067901611328125e-06,9.185896487906575e-07,0.02499999850988388,0.004024740774184465,0.004038617014884949,5.14381372340722e-06,7.289898348972201e-06,0.0,1320,2.1
13.108333333142582,retreat,13.108334016986191,13.17687558616383,13.680373877286913,0.49614906311035156,0.02850899545592256,0.0,0.007081657713570166,0.0,0.0002968583721667528,1.1862072142321267e-06,0.0,0.0,51,0.002591448137536645,0.0005847808788530529,0.0023067949805408716,0.0006865122704766691,-2.886658606371384e-06,-13.680373877286913,-1.3498984685611504e-07,1.5953662568790605e-06,-0.0002968540647998452,-1.1828157653326343e-07,1.1802778772107558e-06,6.399431207171347e-09,-4.285065006115474e-05,-0.00010152594040846452,2.0053777916473337e-05,1.0,0.0017737832386046648,0.0003412032965570688,0.00921829603612423,0.013531966134905815,-0.12567029893398285,-0.0747748613357544,-0.4845483601093292,0.5465458035469055,0.4922421872615814,-2.015057325363159,-0.40417101979255676,2.466893196105957,1.0526821613311768,-0.002326760208234191,-0.013248366303741932,0.0041822995990514755,-0.0016378802247345448,0.011544710956513882,-0.010089357383549213,-0.0075033484026789665,0.6004952788352966,2.1632695279549807e-05,0.09371837973594666,1.8425898815621622e-05,1.0,3.455782280070707e-05,0.00012314740160945803,-7.0850578595127445e-06,-8.070466719800606e-06,0.03239875286817551,2.1621361156576313e-05,8.293431164929643e-06,1.0,-1.6261113842119812e-06,0.00063531898194924,0.0002962338912766427,-0.0024948385544121265,0.00024672268773429096,-0.0005262323538772762,6.46228072582744e-05,0.000634724972769618,-0.00029609797638840973,0.002495005028322339,0.0002894725766964257,0.0006180164637044072,-6.457124254666269e-05,-5.066394805908203e-06,1.0024705261457711e-06,0.02499999850988388,0.00402475381270051,0.004038602579385042,5.138677806826308e-06,7.2868133429437876e-06,0.0,1320,2.1083333333333334
13.116666666475794,retreat,13.116667350754142,13.12329699791508,13.622572273015978,0.5023479461669922,0.02775143730104901,0.0,0.006702102837152779,0.0,0.00042376117198728025,1.6918100982366013e-06,0.0,0.0,48,0.0044671292416751385,0.0006922899046912789,0.004228854086250067,0.00033229129621759057,-3.914372039393044e-06,-13.622572273015978,-1.7713604449909326e-07,2.1039359126007184e-06,-0.0004237559041939676,-1.6747068798395048e-07,1.68347969520255e-06,8.430568243511516e-09,-3.894953988492489e-05,-0.00011537909449543804,2.1915337129030377e-05,1.0,-0.0005015483475290239,0.0004289183998480439,0.009254135191440582,0.01961383782327175,0.004871230572462082,0.016718877479434013,-0.484566330909729,0.5464313626289368,0.4922766089439392,-2.015057325363159,-0.40407365560531616,2.466801643371582,1.0526134967803955,-0.002316655358299613,-0.013260386884212494,0.004179332405328751,-0.0015800625551491976,0.011626089923083782,-0.01013951189815998,-0.007551952265202999,0.6005004048347473,2.0716128346975893e-05,0.09377600997686386,1.9865708964061923e-05,1.0,3.646900222520344e-05,0.00012573233107104897,-6.179584488563705e-06,-8.322704161400907e-06,0.03239858150482178,1.0353250218031462e-05,2.4809924070723355e-06,1.0000001192092896,-2.048938995358185e-06,-0.0035888883285224438,7.903555524535477e-05,-0.0026587361935526133,0.0002814801409840584,-0.0006214965833351016,0.00011737240856746212,-0.0035895509645342827,-7.919171184767038e-05,0.002657837001606822,0.0002928982430603355,0.00010301172733306885,-0.0001173332057078369,-5.781650543212891e-06,1.095542756957002e-06,0.02499999850988388,0.004025420639663935,0.004038866143673658,5.0780008677975275e-06,7.197144441306591e-06,0.0,1320,2.1166666666666667
13.124999999809006,retreat,13.125000684522092,13.069587079735356,13.565780222415926,0.5046725273132324,0.026870973670156673,0.0,0.009074057743418962,0.0,0.06969562917947769,0.00014219735749065876,0.05575650930404663,0.0,52,0.04840768873691559,0.0003627644618973136,0.02164800465106964,0.005234340205788612,-0.0004132746580580715,-13.565780222415926,-0.05570155754685402,-0.0024800661485642195,-0.041817061603069305,-7.271980848599924e-06,0.00014201123849488795,-1.1785579090428655e-07,-4.587683724821545e-05,-0.00010096927871927619,2.395944102318026e-05,1.0,-0.0002013460180023685,0.0002978698175866157,0.009072575718164444,0.01298074796795845,-0.0283190980553627,0.005512355361133814,-0.4845840632915497,0.546316921710968,0.4923110008239746,-2.015057325363159,-0.40397632122039795,2.466710090637207,1.0525448322296143,-0.002370071830227971,-0.013321797363460064,0.004237260203808546,-0.001746096066199243,0.01192424912005663,-0.011216238141059875,-0.007767122704535723,0.6005055904388428,1.9612831238191575e-05,0.09383375942707062,2.1379522877396084e-05,1.0,3.8591362681472674e-05,0.00012832460924983025,-9.208772098645568e-06,-8.643905857752543e-06,0.03239953890442848,2.7355283236829564e-05,7.286377694981638e-06,1.0,-2.577922259661136e-06,0.03682605177164078,-0.00046386427129618824,-0.031415462493896484,-0.00023880598018877208,0.0002387378190178424,-0.0001325670600635931,0.03681795299053192,0.00046804992598481476,0.031424883753061295,-0.0003065184864681214,0.0050812349654734135,0.000132593690068461,-5.066394805908203e-06,1.1977408576058224e-06,0.02500000223517418,0.004009787924587727,0.004023885820060968,5.2667310228571296e-06,7.472699508070946e-06,0.0,1320,2.125
13.133333333142218,retreat,13.133334018290043,13.015746797285917,13.509781658649446,0.504612922668457,0.025362753149238415,0.0,0.014253781046136282,0.055952909680744456,0.22026276588439941,0.0004494507156778127,0.17621028423309326,0.0,50,0.16426078975200653,0.009657206013798714,0.0563386045396328,0.009325362741947174,-0.0013554700708482414,-13.509781658649446,-0.17604875564575195,-0.0075819785706698895,-0.13215535879135132,-2.511433012841735e-05,0.00044874788727611303,7.520093276980333e-07,-6.340810796245933e-05,-7.951580482767895e-05,2.632156974868849e-05,0.9999999403953552,-0.000524826580658555,0.00025884955539368093,0.00880750734359026,0.012750075198709965,-0.057559117674827576,-0.037300955504179,-0.48460546135902405,0.5462024807929993,0.4923454225063324,-2.015057325363159,-0.40387365221977234,2.466618537902832,1.052476167678833,-0.0024741489905864,-0.01346126664429903,0.00427756505087018,-0.002410409040749073,0.012475484982132912,-0.013017377816140652,-0.008133020251989365,0.6005106568336487,1.696837534836959e-05,0.09389151632785797,2.11381175176939e-05,1.0,3.6845816794084385e-05,0.00013058258628007025,-1.448149123461917e-05,-9.764939022716135e-06,0.032401297241449356,5.1066406740574166e-05,2.6564042855170555e-05,0.9999998807907104,-5.178103947400814e-06,0.1281438171863556,-0.0046371291391551495,-0.10266093909740448,0.00012472327216528356,0.009654583409428596,-0.00018733227625489235,0.1281166523694992,0.004650911316275597,0.10269418358802795,-0.0005469175521284342,0.008857137523591518,0.00018813315546140075,-3.993511199951172e-06,1.3158260117052123e-06,0.02500000223517418,0.004010203760117292,0.0040240827947855,5.181914275453892e-06,7.3417904786765575e-06,0.0,1320,2.1333333333333333
13.14166666647543,retreat,13.141667352057993,12.961777116228017,13.454777747392656,0.5048513412475586,0.02282904642925132,0.0,0.010031460078607779,0.06852804166478502,0.3393522799015045,0.0006927768117748201,0.27148231863975525,0.0,48,0.2733187973499298,0.026245107874274254,0.06617797911167145,0.005866201128810644,-0.001943470153491944,-13.454777747392656,-0.27074018120765686,-0.02020462229847908,-0.20359642803668976,-8.258979505626485e-05,0.0006876792758703232,1.469180642743595e-05,-6.169689004309475e-05,-7.505772373406217e-05,1.6555559341213666e-05,0.9999999403953552,-0.0009684362448751926,-0.001769342110492289,0.008402622304856777,0.0035833800211548805,-0.07082613557577133,-0.029014617204666138,-0.4846276640892029,0.5460880398750305,0.4923798441886902,-2.0151007175445557,-0.40376827120780945,2.466519832611084,1.0524075031280518,-0.00254414277151227,-0.013662454672157764,0.004154589492827654,-0.0035276340786367655,0.012920965440571308,-0.013945243321359158,-0.008421302773058414,0.6004935503005981,1.8826975065167062e-05,0.09393294900655746,2.0136239982093684e-05,0.9999999403953552,3.8997055526124313e-05,0.00010800184827530757,4.329377588874195e-06,-5.305792910803575e-06,0.032387711107730865,3.294352427474223e-05,2.270011646032799e-05,0.9999998211860657,3.584411842894042e-06,0.21696172654628754,-0.012946444563567638,-0.1657201498746872,0.001966788899153471,0.026170140132308006,-0.00024730569566600025,0.21692492067813873,0.012970040552318096,0.16576650738716125,9.52261034399271e-05,0.005172614008188248,0.00024821225088089705,-3.7550926208496094e-06,8.275455911643803e-07,0.02499999850988388,0.004010860808193684,0.004023873247206211,5.132207661517896e-06,7.263588486239314e-06,0.0,1320,2.1416666666666666
13.149999999808642,retreat,13.150000685825944,12.907679002222917,13.412007689476015,0.49489736557006836,0.02547748590586707,0.0,0.016469901311211288,0.0,2.996761213580612e-05,1.2005961025352008e-07,0.0,0.0,43,0.07036548852920532,0.03547494113445282,0.07035287469625473,0.02625924162566662,-2.594976864500609e-07,-13.412007689476015,2.3527110926124806e-08,-5.048779030403239e-07,-2.9963350243633613e-05,-1.1601961613649792e-09,1.2003694394024933e-07,-2.0236194941958274e-09,-4.475650348467752e-05,-0.0001011555505101569,2.1262956579448655e-05,0.9999999403953552,-0.0016823019832372665,0.00036609076778404415,0.008798600174486637,0.014082729816436768,0.038846686482429504,0.04450341314077377,-0.48464521765708923,0.5459735989570618,0.4924085736274719,-2.015146493911743,-0.40366989374160767,2.4664366245269775,1.0523388385772705,-0.0022739279083907604,-0.013661537319421768,0.003634085413068533,-0.0037332777865231037,0.011992727406322956,-0.008296249434351921,-0.007662665098905563,0.6004784107208252,2.0503324776655063e-05,0.09397361427545547,1.9988505300716497e-05,1.0,4.3908414227189496e-05,9.1633788542822e-05,1.0575745363894384e-05,-6.267652679525781e-06,0.03238562121987343,-9.521736501483247e-06,8.480242854602693e-07,1.0,-1.2747995015160996e-06,0.06274694949388504,-0.012080793268978596,-0.029464833438396454,0.005245063453912735,0.03507187217473984,0.0009615118615329266,0.06274048984050751,0.01208748109638691,0.029475850984454155,0.0035021882504224777,-0.026007074862718582,-0.0009595652809366584,-5.066394805908203e-06,1.0629210009938106e-06,0.02500000223517418,0.004025259055197239,0.004039255902171135,4.9891268645296805e-06,7.06492573954165e-06,0.0,1320,2.15
13.158333333141854,retreat,13.158334019593894,12.85345342093187,13.370496779680254,0.4811882972717285,0.026844212698051706,0.0,0.010051967365143355,0.0,0.0,0.0,0.0,0.0,42,0.014440019614994526,0.004448816180229187,0.014440017752349377,0.002983666956424713,0.0,-13.370496779680254,0.0,0.0,0.0,0.0,0.0,0.0,-3.891973756253719e-05,-9.712161408970132e-05,2.1913412638241425e-05,1.0,-0.0034686417784541845,0.00032559572719037533,0.008967519737780094,0.013831822201609612,0.15159550309181213,0.12715213000774384,-0.4846624433994293,0.545859158039093,0.4924372732639313,-2.0151922702789307,-0.4035726487636566,2.466387987136841,1.0522701740264893,-0.0022063578944653273,-0.01366310566663742,0.0035570093896239996,-0.003517473815008998,0.011567272245883942,-0.007840844802558422,-0.00744254095479846,0.6004705429077148,2.4214665245381184e-05,0.09401767700910568,1.626044286240358e-05,1.0,4.9606933316681534e-05,9.217866318067536e-05,4.698547400039388e-06,-3.682077021949226e-06,0.032388173043727875,-4.942487521475414e-06,-1.0686768291634507e-05,1.0,-5.6541980484325904e-06,0.010013147257268429,0.0020862373057752848,-0.010193069465458393,-0.001111563527956605,0.004287163261324167,-0.00042026283335871994,0.01001147460192442,-0.0020849115680903196,0.01019497960805893,-0.0008100207196548581,-0.0028406905476003885,0.0004202523559797555,-4.827976226806641e-06,1.0954809113172814e-06,0.02499999850988388,0.004025267902761698,0.004039266612380743,4.977101525582839e-06,7.051392458379269e-06,0.0,1320,2.158333333333333
13.166666666475066,retreat,13.166667353361845,12.799101338016134,13.3258193731308,0.4730224609375,0.03041694435523823,0.0,0.011862929568451364,0.0,0.0,0.0,0.0,0.0,45,0.011605553328990936,0.0011506748851388693,0.011605553328990936,0.0010151246096938848,0.0,-13.3258193731308,0.0,0.0,0.0,0.0,0.0,0.0,-4.790189996128902e-05,-8.716347656445578e-05,1.950373552972451e-05,1.0,-0.001973105361685157,0.0002913250064011663,0.008995691314339638,0.012940414249897003,0.06983308494091034,0.06733424961566925,-0.4846796989440918,0.5457447171211243,0.4924659729003906,-2.015238046646118,-0.4034755527973175,2.466332197189331,1.052201509475708,-0.0021992602851241827,-0.01367479283362627,0.0035834128502756357,-0.003282374469563365,0.011433995328843594,-0.008114690892398357,-0.0073166098445653915,0.6004611849784851,2.7710246286005713e-05,0.09406115859746933,1.3308211237017531e-05,1.0,5.5333293857984245e-05,8.941446139942855e-05,6.069943083275575e-06,-3.5677312553161755e-06,0.03238697722554207,2.2514266220241552e-06,-7.430810001096688e-06,1.0000001192092896,-6.196066351549234e-06,0.00907563604414463,0.001993263140320778,-0.006953315809369087,-0.0009474103571847081,0.0005910543841309845,0.00027770668384619057,0.009074613451957703,-0.0019920736085623503,0.006954992190003395,-0.0006595224840566516,0.000719955307431519,-0.00027779932133853436,-4.351139068603516e-06,9.74978320300579e-07,0.02500000223517418,0.004025275353342295,0.004039254039525986,4.97499877383234e-06,7.0493260864168406e-06,0.0,1320,2.1666666666666665
13.174999999808279,retreat,13.175000687129796,12.74462371913697,13.281633704900743,0.4646182060241699,0.03399271736270748,0.0,0.01813855669752229,0.0,0.0,0.0,0.0,0.0,57,0.0108222346752882,0.000943126855418086,0.010822233743965626,0.00027116219280287623,0.0,-13.281633704900743,0.0,0.0,0.0,0.0,0.0,0.0,-5.373866224545054e-05,-8.769788837525994e-05,1.6342448361683637e-05,0.9999999403953552,-0.00219967239536345,0.0002715276787057519,0.009084721095860004,0.013290160335600376,0.08773321658372879,0.0806320533156395,-0.4846969246864319,0.5456302762031555,0.49249467253685,-2.0152835845947266,-0.40337881445884705,2.4662563800811768,1.0521328449249268,-0.002191617153584957,-0.013678192161023617,0.0036106626503169537,-0.003036706242710352,0.011386487632989883,-0.008257929235696793,-0.007284873630851507,0.6004478335380554,2.9861323127988726e-05,0.0941026359796524,1.2818750292353798e-05,1.0,6.110667891334742e-05,7.696855027461424e-05,1.182392497867113e-05,-4.9598961595620494e-06,0.03238426893949509,-1.0729036148404703e-05,-7.367875696218107e-06,1.0,-3.5249211123300483e-06,0.007107009645551443,0.0013361729215830564,-0.008051447570323944,-0.0003699611406773329,0.0008593189413659275,0.00011911342153325677,0.007105933502316475,-0.0013350979425013065,0.008052575401961803,-0.00017698598094284534,0.0001673963270150125,-0.00011909395834663883,-4.410743713378906e-06,8.168863132596016e-07,0.02499999850988388,0.0040252842009067535,0.004039347637444735,4.969754627381917e-06,7.04603735357523e-06,0.0,1320,2.175
13.18333333314149,retreat,13.183334020897746,12.69002152995563,13.239411264657976,0.4519820213317871,0.03605890378821641,0.0,0.014670860764454119,0.0,0.0,0.0,0.0,0.0,55,0.010759384371340275,0.0009069200605154037,0.010759381577372551,0.00016808330838102847,0.0,-13.239411264657976,0.0,0.0,0.0,0.0,0.0,0.0,-5.565150786424056e-05,-8.40030043036677e-05,1.587972292327322e-05,0.9999999403953552,-0.0035674069076776505,0.0002571802178863436,0.009222134947776794,0.013349001295864582,0.17154666781425476,0.14172962307929993,-0.484714150428772,0.5455158352851868,0.4925233721733093,-2.015317916870117,-0.40328243374824524,2.4661753177642822,1.0520641803741455,-0.002183449687436223,-0.01367483101785183,0.0036410263273864985,-0.002768311183899641,0.011377030983567238,-0.008358241990208626,-0.007278743200004101,0.6004382967948914,3.0410998078878038e-05,0.09414784610271454,1.3780791960016359e-05,1.0,6.575479346793145e-05,6.720915553160012e-05,9.356429472973105e-06,-6.539033620356349e-06,0.03238725662231445,-1.679357410466764e-05,-1.0103367458214052e-05,1.0,-2.1007138002460124e-06,0.005832318216562271,0.001090043573640287,-0.008975534699857235,-0.00012854879605583847,0.0008832889143377542,0.00016056140884757042,0.0058312551118433475,-0.0010890286648645997,0.00897634495049715,2.8885158826597035e-05,-4.067918052896857e-05,-0.00016050809063017368,-4.172325134277344e-06,7.937524060253054e-07,0.02499999850988388,0.004025289788842201,0.004039333667606115,4.968452230968978e-06,7.04327248968184e-06,0.0,1320,2.183333333333333
13.191666666474703,retreat,13.191667354665697,12.635295736133374,13.193497061729433,0.4419088363647461,0.036455698136705905,0.0,0.008170078217517585,0.03956468118525214,0.0,0.0,0.0,0.0,60,0.011862409301102161,0.0005006416467949748,0.011862408369779587,0.0007463657530024648,0.0,-13.193497061729433,0.0,0.0,0.0,0.0,0.0,0.0,-6.315387145150453e-05,-6.836772809037939e-05,1.6869626051629893e-05,0.9999999403953552,-0.0029300309251993895,0.00024386026780121028,0.009289484471082687,0.013040713965892792,0.13951203227043152,0.11848477274179459,-0.48473137617111206,0.545401394367218,0.4925525188446045,-2.015317916870117,-0.40318530797958374,2.46608567237854,1.0519955158233643,-0.0021931335795670748,-0.013676827773451805,0.003699765307828784,-0.0025021396577358246,0.01143120788037777,-0.00861115101724863,-0.00732652610167861,0.6004436016082764,2.685227445908822e-05,0.09420488774776459,1.6099731510621496e-05,1.0,6.626741378568113e-05,7.018447649898008e-05,-6.215315352164907e-06,-1.0647157978382893e-05,0.03239838406443596,1.8168424276154838e-06,-3.113432512691361e-06,0.9999999403953552,-7.699970865360228e-07,0.008471662178635597,0.0009691573795862496,-0.00824672169983387,-7.079636270646006e-05,0.00048663310008123517,9.390497143613175e-05,0.008470633067190647,-0.0009677690686658025,0.008247940801084042,6.904485053382814e-05,0.0007372174877673388,-9.383484575664625e-05,-3.3974647521972656e-06,8.432652975898236e-07,0.02500000223517418,0.004025295842438936,0.0040393308736383915,4.963736500940286e-06,7.032591383904219e-06,0.0,1320,2.1916666666666664
13.199999999807915,retreat,13.200000688433647,12.580447303331455,13.135900348424913,0.4458427429199219,0.03278054646216333,0.0,0.007110139904398238,0.055952909680744456,0.0,0.0,0.0,0.0,59,0.013694224879145622,0.00010656291124178097,0.013694224879145622,0.0018263290403410792,0.0,-13.135900348424913,0.0,0.0,0.0,0.0,0.0,0.0,-7.761333836242557e-05,-4.990310117136687e-05,1.9172866814187728e-05,0.9999999403953552,0.0012781571131199598,0.0002445041900500655,0.00921955332159996,0.013106053695082664,-0.09919530153274536,-0.05614210292696953,-0.48474863171577454,0.5452869534492493,0.49258601665496826,-2.015317916870117,-0.40308794379234314,2.465994119644165,1.051926851272583,-0.0022331515792757273,-0.013692152686417103,0.0038020354695618153,-0.0022890435066074133,0.011582068167626858,-0.009057983756065369,-0.00744863273575902,0.600448489189148,2.5716864911373705e-05,0.09426259994506836,1.7781696442398243e-05,1.0,6.825786840636283e-05,7.271571666933596e-05,-7.333321264013648e-06,-8.216562491725199e-06,0.03239849954843521,2.2812539100414142e-05,9.355984730063938e-06,0.9999998807907104,-1.3889365391150932e-06,0.012347036972641945,0.00027629276155494153,-0.005916597321629524,9.937816503224894e-05,-3.7261117540765554e-05,-9.552128176437691e-06,0.012346213683485985,-0.00027439676341600716,0.005918402690440416,0.00013899542682338506,0.0018210067646577954,9.606999810785055e-06,-2.5033950805664062e-06,9.584509825799614e-07,0.02499999850988388,0.004025303293019533,0.004039386752992868,4.967597305949312e-06,7.038383046165109e-06,0.0,1320,2.2
13.208333333141127,retreat,13.208334022201598,12.525477197211139,13.077614456415178,0.45174360275268555,0.03156818638672121,0.0,0.006119180397945456,0.0,0.0,0.0,0.0,0.0,58,0.009373857639729977,0.0005286292871460319,0.009373858571052551,0.0006623435765504837,0.0,-13.077614456415178,0.0,0.0,0.0,0.0,0.0,0.0,-7.584950799355283e-05,-5.554248491534963e-05,2.0889929146505892e-05,1.0,0.0018101483583450317,0.000253951147897169,0.00927117932587862,0.013775511644780636,-0.12621445953845978,-0.07596354931592941,-0.484765887260437,0.5451725125312805,0.4926203489303589,-2.015317916870117,-0.40299057960510254,2.46590256690979,1.0518581867218018,-0.002251525642350316,-0.013695566914975643,0.003870295360684395,-0.00208934280090034,0.011691773310303688,-0.009243180975317955,-0.007517772261053324,0.6004535555839539,2.511715138098225e-05,0.09432033449411392,1.9201495888410136e-05,1.0,7.055036985548213e-05,7.527373236371204e-05,-6.664570264547365e-06,-7.695809472352266e-06,0.03239794820547104,1.9731263819267042e-05,5.299657914292766e-06,1.0,-1.6866439409568557e-06,0.006598970852792263,-0.00019197470101062208,-0.006654768716543913,0.0003342821728438139,0.0003837790573015809,0.00014289136743173003,0.006597941741347313,0.00019316139514558017,0.006655754987150431,0.0003064376942347735,0.0005695602158084512,-0.00014281504263635725,-2.8014183044433594e-06,1.0442854545544833e-06,0.02499999850988388,0.004025310277938843,0.004039418883621693,4.972411261405796e-06,7.045222446322441e-06,0.0,1320,2.2083333333333335
13.216666666474339,retreat,13.216667355969548,12.470386383433677,13.019403070211412,0.45734643936157227,0.03088773155468516,0.0,0.005568113920162432,0.0,0.0,0.0,0.0,0.0,55,0.013118971139192581,0.0004762158787343651,0.013118970207870007,0.0014572050422430038,0.0,-13.019403070211412,0.0,0.0,0.0,0.0,0.0,0.0,-7.750811346340925e-05,-5.994624370941892e-05,2.2337613700074144e-05,1.0,0.0017308166716247797,-0.006356332916766405,0.008938264101743698,0.4935357868671417,-0.11756975203752518,-0.07072281837463379,-0.4847831726074219,0.5450580716133118,0.49265480041503906,-2.015317916870117,-0.40289318561553955,2.465811014175415,1.0517895221710205,-0.002306607086211443,-0.013683736324310303,0.004032709635794163,-0.0019244450377300382,0.011915713548660278,-0.009442237205803394,-0.007634366396814585,0.6004586815834045,2.4612691049696878e-05,0.09437800943851471,2.0726543880300596e-05,1.0,7.311387889785692e-05,7.799041486578062e-05,-6.363661668729037e-06,-7.6185742727830075e-06,0.03239741176366806,1.804419662221335e-05,4.3947375161224045e-06,1.0,-1.6094068087113556e-06,0.0037778825499117374,0.011519690975546837,-0.00501315388828516,-0.00041733458056114614,-0.00020001729717478156,0.00011227859795326367,0.00377878500148654,-0.011518930085003376,0.005014221183955669,0.0012467673514038324,0.0007459477055817842,-0.00011215975973755121,-2.9802322387695312e-06,1.1166484910063446e-06,0.02499999850988388,0.004025316797196865,0.004038171377032995,-0.00029885300318710506,-0.00042356736958026886,0.0,1320,2.216666666666667
13.224999999807551,retreat,13.225000689737499,12.415175827660327,12.961340695619585,0.4627108573913574,0.030088065614108928,0.0,0.005103498097014381,0.0,0.0,0.0,0.0,0.0,51,0.011757591739296913,0.0009562044870108366,0.011757591739296913,0.001867459388449788,0.0,-12.961340695619585,0.0,0.0,0.0,0.0,0.0,0.0,-8.246995275840163e-05,-6.073608892620541e-05,2.4505730834789574e-05,1.0,0.0016471382696181536,0.00023170930217020214,0.009379148483276367,0.013440810143947601,-0.11382049322128296,-0.06730454415082932,-0.48480039834976196,0.544943630695343,0.49268919229507446,-2.015317916870117,-0.40279585123062134,2.46571946144104,1.0517208576202393,-0.0022775602992624044,-0.01371131930500269,0.003978538792580366,-0.001728929695673287,0.011786775663495064,-0.009830988012254238,-0.0075802309438586235,0.6004636883735657,2.4222150386776775e-05,0.09443578869104385,2.219481575593818e-05,0.9999999403953552,7.566878048237413e-05,8.05425297585316e-05,-6.171370841911994e-06,-7.3045493991230614e-06,0.03239712119102478,1.9806469936156645e-05,6.801786639698548e-06,1.0,-2.3088698526407825e-06,0.0023651705123484135,-0.01018673088401556,-0.005373772233724594,0.00012112218246329576,-0.0009468136704526842,5.6571585446363315e-05,0.002362763276323676,0.010187326930463314,0.005373700987547636,-0.0013507608091458678,0.0012882653390988708,-5.676629371009767e-05,-3.039836883544922e-06,1.2250366125954315e-06,0.02499999850988388,0.004025321453809738,0.004039489198476076,4.965772859577555e-06,7.038790499791503e-06,0.0,1320,2.225
13.233333333140763,retreat,13.23333402350545,12.359846495552343,12.90320008993149,0.46813488006591797,0.03003988604177721,0.0,0.004999752036383143,0.055952909680744456,0.0,0.0,0.0,0.0,43,0.0061289467848837376,0.00042063623550347984,0.006128947250545025,0.0010968983406201005,0.0,-12.90320008993149,0.0,0.0,0.0,0.0,0.0,0.0,-8.046770381042734e-05,-6.492574902949855e-05,1.337539197265869e-05,0.9999999403953552,0.0015926104970276356,-0.002670189831405878,0.009084717370569706,0.017520703375339508,-0.10823426395654678,-0.06363044679164886,-0.4848176836967468,0.5448291897773743,0.49272364377975464,-2.015317916870117,-0.4026980400085449,2.465627908706665,1.051652193069458,-0.002320511732250452,-0.013712247833609581,0.004091836977750063,-0.0016146173002198339,0.012028207071125507,-0.009967196732759476,-0.0077227214351296425,0.6004687547683716,2.376560769334901e-05,0.09449343383312225,2.3334687284659594e-05,0.9999999403953552,7.770009688101709e-05,8.299639011966065e-05,-5.9725607570726424e-06,-7.78671801526798e-06,0.032396625727415085,1.8069798898068257e-05,2.767200157904881e-06,0.9999998807907104,9.96092421701178e-06,0.002702553989365697,0.003962644841521978,-0.0038154474459588528,0.0003629831480793655,-0.00016721438441891223,0.00013121517258696258,0.002702536527067423,-0.003962046932429075,0.0038160807453095913,0.0009353624191135168,0.0005577623378485441,-0.00013108858547639102,-3.2186508178710938e-06,6.68507709633559e-07,0.02500000223517418,0.004025314934551716,0.0040381718426942825,-2.0309234969317913e-06,-2.8785652830265462e-06,0.0,1320,2.2333333333333334
13.241666666473975,retreat,13.2416673572734,12.30439935277099,12.845253199338915,0.47343969345092773,0.02922799831139855,0.0,0.004578223979478935,0.0,0.0,0.0,0.0,0.0,49,0.008124848827719688,0.0006346660666167736,0.008124848827719688,0.001076795975677669,0.0,-12.845253199338915,0.0,0.0,0.0,0.0,0.0,0.0,-8.504027937306091e-05,-6.696315540466458e-05,2.6540748876868747e-05,1.0,0.0015657905023545027,-0.006491899024695158,0.009062320925295353,0.5029430389404297,-0.10502868890762329,-0.062072236090898514,-0.4848349988460541,0.5447147488594055,0.4927580654621124,-2.015317916870117,-0.40259769558906555,2.46553635597229,1.0515835285186768,-0.0023564868606626987,-0.013716485351324081,0.0041942298412323,-0.0015088445506989956,0.012155522592365742,-0.010174309834837914,-0.007783191278576851,0.6004737019538879,2.3356591555057094e-05,0.094551220536232,2.4052218577708118e-05,1.0,7.920074131106958e-05,8.536160021321848e-05,-5.768195023847511e-06,-7.430297500832239e-06,0.03239647299051285,1.839850483520422e-05,5.840185167471645e-06,1.0000001192092896,-2.4865685190889053e-06,0.0015724216355010867,0.007106646429747343,-0.0036105713807046413,-0.00029300485039129853,-0.000556263723410666,8.671690738992766e-05,0.0015729309525340796,-0.007106224074959755,0.0036111813969910145,0.0007335382979363203,0.0007835186552256346,-8.665867062518373e-05,-3.337860107421875e-06,1.3267526810523123e-06,0.02499999850988388,0.004025323316454887,0.004038241226226091,-0.00030456355307251215,-0.00043166615068912506,0.0,1320,2.2416666666666667
13.249999999807187,retreat,13.25000069104135,12.24883536497752,12.787239253520967,0.47850608825683594,0.028344104066491127,0.0,0.0040051563701126724,0.0,3.337351154186763e-05,1.3857753344836965e-07,0.0,0.0,48,0.010368761606514454,0.0007930113351903856,0.01036069542169571,0.001428814954124391,-3.5187367330991037e-07,-12.787239253520967,-5.376326726036496e-07,6.336835213005543e-06,-3.276197094237432e-05,-4.762364014254672e-08,1.2762293977175432e-07,2.545791843999723e-08,-8.903080015443265e-05,-6.834666419308633e-05,2.2454822101281025e-05,1.0,0.0015060770092532039,-0.0007406774675473571,0.009735284373164177,-0.10056468844413757,-0.10455069690942764,-0.05955334007740021,-0.48485231399536133,0.5446003079414368,0.4927924871444702,-2.015317916870117,-0.40249648690223694,2.465444803237915,1.0515148639678955,-0.0023334429133683443,-0.013748027384281158,0.004141554702073336,-0.0013918887125328183,0.012069703079760075,-0.010445117019116879,-0.007755534257739782,0.6004787087440491,2.3160624550655484e-05,0.09460890293121338,2.4159002350643277e-05,1.0,7.979963265825063e-05,8.766480459598824e-05,-5.8578643802320585e-06,-6.749277417839039e-06,0.032396141439676285,1.9317780243000016e-05,9.231486728822347e-06,1.0,1.706529133116419e-06,0.0009952107211574912,-0.009353896602988243,-0.004361810628324747,0.0002411027962807566,-0.0007551644230261445,2.1520283553400077e-05,0.0009929530788213015,0.00935426540672779,0.004361532628536224,-0.0011103968136012554,0.0008987360051833093,-2.16970711335307e-05,-3.3974647521972656e-06,1.1224365152884275e-06,0.02500000223517418,0.004025316331535578,0.004038321785628796,4.879107109445613e-06,6.914866389706731e-06,0.0,1320,2.25
13.2583333331404,retreat,13.258334024809301,12.193155497833189,12.729281187057497,0.4837512969970703,0.027970378141617402,0.0,0.0036288636238168692,0.03956468118525214,3.394651139387861e-05,1.3583886016022007e-07,0.0,0.0,44,0.0037918249145150185,0.0007119036745280027,0.00376285333186388,0.0006158922333270311,-3.5033573642095917e-07,-12.729281187057497,-4.311146994950832e-09,8.970559406407119e-08,-3.394639497855678e-05,-6.41707265103264e-09,1.356867187496391e-07,3.594831654574193e-10,-8.899400563677773e-05,-7.126083073671907e-05,2.718850373639725e-05,0.9999999403953552,0.0015172940911725163,-0.00035012789885513484,0.009908200241625309,-0.06037823483347893,-0.10431376844644547,-0.05967411771416664,-0.48486971855163574,0.544485867023468,0.492826908826828,-2.015317916870117,-0.4023934006690979,2.46535325050354,1.0514461994171143,-0.002354989992454648,-0.013764908537268639,0.004189911298453808,-0.0013300521532073617,0.01221087109297514,-0.01055180188268423,-0.00785424280911684,0.6004834175109863,2.281082925037481e-05,0.09466663002967834,2.402150130365044e-05,0.9999999403953552,7.985293632373214e-05,8.970777707872912e-05,-5.453753601614153e-06,-6.716350981150754e-06,0.03239590302109718,1.8446975445840508e-05,9.14178690436529e-06,0.9999999403953552,-3.164711642966722e-06,0.0012576555600389838,-0.0015068443026393652,-0.003244327148422599,0.00067190668778494,-0.00023275762214325368,3.423672023927793e-05,0.001256832736544311,0.0015072006499394774,0.003244479652494192,0.0004541357629932463,0.00041450030403211713,-3.415844912524335e-05,-3.5762786865234375e-06,1.359108864562586e-06,0.02500000223517418,0.004025309346616268,0.004038332961499691,4.8869551392272115e-06,6.923772161826491e-06,0.0,1320,2.2583333333333333
13.266666666473611,retreat,13.266667358577251,12.137360716999257,12.671334296464922,0.48869848251342773,0.027614349164650775,0.0,0.0036127291878074175,0.0,8.290241385111585e-05,3.3157562029373366e-07,0.0,0.0,42,0.002539321780204773,0.0005436305655166507,0.002461426192894578,0.0005357149639166892,-8.502696680068311e-07,-12.671334296464922,-2.4075355042896263e-08,2.845325184352987e-07,-8.29019263619557e-05,-3.1546541379157134e-08,3.300695254893071e-07,1.142535177578452e-09,-8.44056048663333e-05,-7.389021629933268e-05,2.874220626836177e-05,1.0,0.0014351564459502697,-0.00017165478493552655,0.009870829060673714,-0.039500437676906586,-0.0990142822265625,-0.05632892996072769,-0.4848872423171997,0.5443714261054993,0.4928613305091858,-2.015317916870117,-0.40229031443595886,2.465261697769165,1.051377534866333,-0.002373945200815797,-0.013785184361040592,0.004231900908052921,-0.0012779810931533575,0.012303403578698635,-0.010680143721401691,-0.00791833084076643,0.6004884839057922,2.2547015760210343e-05,0.09472440183162689,2.3798662368790247e-05,1.0,8.022174006327987e-05,9.198493353324011e-05,-5.720483841287205e-06,-6.609723641304299e-06,0.03239573538303375,1.8095011910190806e-05,4.184742010693299e-06,1.0,-4.941711267747451e-06,0.00043452621321193874,-0.0007295329123735428,-0.00239314092323184,0.00035720865707844496,-0.0004096228221897036,1.205377066071378e-05,0.0004339689330663532,0.0007297163247130811,0.002393185393884778,0.00025172607274726033,0.0004724234458990395,-1.202290332003031e-05,-3.6954879760742188e-06,1.4367979019880295e-06,0.02499999850988388,0.004025302827358246,0.004038376733660698,4.889087904302869e-06,6.92592584528029e-06,0.0,1320,2.2666666666666666
13.274999999806823,retreat,13.275000692345202,12.08145198813698,12.613368779420854,0.49376487731933594,0.027293899620417506,0.0,0.003914845819963375,0.0,0.0001185018481919542,4.7365000455101836e-07,0.0,0.0,44,0.0017217951826751232,0.0005102308932691813,0.0016216130461543798,0.0004947264678776264,-1.1829762449622194e-06,-12.613368779420854,-2.966907963752874e-08,3.514418835948163e-07,-0.00011850132432300597,-4.473579906516534e-08,4.7153054083537427e-07,1.4101223522189343e-09,-9.013714588945732e-05,-7.359393930528313e-05,3.0348386644618586e-05,0.9999999403953552,0.0015089084627106786,0.00016843316552694887,0.009573177434504032,0.0014658804284408689,-0.10243136435747147,-0.0592837817966938,-0.4849058985710144,0.5442569851875305,0.4928957521915436,-2.015317916870117,-0.4021872282028198,2.46517014503479,1.0513088703155518,-0.0023919236846268177,-0.0138102937489748,0.004267263226211071,-0.0012402725405991077,0.012367786839604378,-0.010810758918523788,-0.007959426380693913,0.600493311882019,2.15548188862158e-05,0.09478221833705902,2.3452732420992106e-05,1.0,7.962322706589475e-05,9.409966878592968e-05,-5.61895558348624e-06,-7.2590210038470104e-06,0.032395586371421814,2.050603143288754e-05,1.0515060239413287e-05,1.0,-6.89303305989597e-06,0.0002659530146047473,-0.0008475445793010294,-0.0014749629190191627,0.00026848819106817245,-0.0004330727970227599,2.641283026605379e-05,0.0002655404678080231,0.0008476561633870006,0.0014749731635674834,0.00014596548862755299,0.00047150778118520975,-2.6400743081467226e-05,-3.6954879760742188e-06,1.5170880942605436e-06,0.02499999850988388,0.0040252963081002235,0.004038407001644373,4.897776307188906e-06,6.94204936735332e-06,0.0,1320,2.275
13.283333333140035,retreat,13.283334026113153,12.025430276907613,12.555425614118578,0.49871206283569336,0.026365578378317878,0.0,0.004831127171200933,0.055952909680744456,0.00026995473308488727,1.0782888466565055e-06,0.0,0.0,44,0.0020277032162994146,0.0004542014794424176,0.0017672934336587787,0.00039177070721052587,-2.697244575244895e-06,-12.555425614118578,-6.155004683705556e-08,1.2974622904948774e-06,-0.00026995158987119794,-5.581087236805615e-08,1.0768310403364012e-06,5.1898494390911765e-09,-8.879937377059832e-05,-7.719308632658795e-05,3.028357787115965e-05,1.0,0.0014575758250430226,0.00017411954468116164,0.00959167443215847,0.0016697346000000834,-0.09982828050851822,-0.05745133012533188,-0.4849269986152649,0.5441425442695618,0.49293017387390137,-2.015317916870117,-0.4020841419696808,2.465078592300415,1.0512402057647705,-0.0024102141615003347,-0.013834970071911812,0.0043031503446400166,-0.0012202077778056264,0.012432720512151718,-0.010909685865044594,-0.008003851398825645,0.6004981994628906,1.933019666466862e-05,0.09483984112739563,2.299616244272329e-05,0.9999999403953552,7.794031262164935e-05,9.624724771128967e-05,-5.698254881281173e-06,-8.525716111762449e-06,0.03239525854587555,1.9054488802794367e-05,1.0860194379347377e-05,0.9999998807907104,-7.284876119229011e-06,-0.00028318242402747273,-0.00040058407466858625,-0.001967465505003929,0.00022889371030032635,-0.00039194762939587235,-1.6843921912368387e-05,-0.0002836235798895359,0.00040063023334369063,0.001967391697689891,0.0001709481148282066,0.00035105334245599806,1.686054383753799e-05,-3.874301910400391e-06,1.5138357412070036e-06,0.02499999850988388,0.0040252902545034885,0.004038404673337936,4.897190592600964e-06,6.940012099221349e-06,0.0,1320,2.283333333333333
13.291666666473247,retreat,13.291667359881103,11.969296548972418,12.497735768556597,0.5043148994445801,0.024900486096157692,0.0,0.006277764896367444,0.0,0.00034652138128876686,1.3831103160555358e-06,0.0,0.0,45,0.0036634374409914017,0.0005507176974788308,0.0034801557194441557,0.00016700955166015774,-3.3606817648745846e-06,-12.497735768556597,-1.22085623388557e-07,2.5854956220427994e-06,-0.0003465117188170552,-7.88961216358075e-08,1.380819639962283e-06,1.0333035760368148e-08,-7.998903311090544e-05,-8.633553079562262e-05,2.5522276700939983e-05,1.0,3.985626244684681e-05,0.00026879392680712044,0.009622272104024887,0.0131251635029912,-0.01946365274488926,0.00036074864328838885,-0.4849492907524109,0.544028103351593,0.4929647147655487,-2.015317916870117,-0.40198102593421936,2.46498703956604,1.0511715412139893,-0.0024229877162724733,-0.013856802135705948,0.00433176476508379,-0.00120519008487463,0.012475386261940002,-0.010953905992209911,-0.008034163154661655,0.600503146648407,1.6042209608713165e-05,0.09489748626947403,2.276899977005087e-05,0.9999999403953552,7.561321399407461e-05,9.83612408163026e-05,-5.1793231250485405e-06,-1.0333787940908223e-05,0.03239521384239197,1.202581734105479e-05,4.376358447188977e-06,1.0,-2.7519395189301576e-06,-0.002931264229118824,-0.0007382311741821468,-0.002069656504318118,0.00025554862804710865,-0.00048614206025376916,-4.062954758410342e-05,-0.002931782975792885,0.0007378821028396487,0.002069046488031745,0.000148860301123932,6.268697325140238e-05,4.062955122208223e-05,-4.291534423828125e-06,1.2757682270603254e-06,0.02499999850988388,0.0040259407833218575,0.00403974112123251,4.7895018724375404e-06,6.787304300814867e-06,0.0,1320,2.2916666666666665
13.29999999980646,retreat,13.300000693649054,11.913051769992649,12.441111356019976,0.5051493644714355,0.021542929971474223,0.0,0.008009241355466656,0.03956468118525214,0.1014736220240593,0.0002071373601211235,0.08117900788784027,0.0,43,0.0696963295340538,0.0011014178162440658,0.03231941908597946,0.0068721831776201725,-0.0006515222121379338,-12.441111356019976,-0.08112815022468567,-0.0029888893477618694,-0.0608784556388855,-1.4839638424746227e-05,0.0002065895387204364,2.5370668481627945e-06,-9.005473111756146e-05,-6.080560706323013e-05,2.7656866222969256e-05,1.0,-0.00013190752360969782,0.00024050608044490218,0.009442353621125221,0.012759881094098091,-0.0382675901055336,4.714926762972027e-05,-0.484971821308136,0.5439136624336243,0.4930000305175781,-2.015317916870117,-0.4018744230270386,2.464895486831665,1.051102876663208,-0.002516991924494505,-0.013940725475549698,0.004439105279743671,-0.0014922084519639611,0.01281476579606533,-0.012362601235508919,-0.008283433504402637,0.6005080342292786,1.375196734443307e-05,0.09495563060045242,2.1076792108942755e-05,0.9999999403953552,7.226788875414059e-05,0.00010035969171440229,-9.362451237393543e-06,-9.157482054433785e-06,0.03239673376083374,3.955418651457876e-05,1.77883430296788e-05,0.9999999403953552,-6.575434326805407e-06,0.05267886444926262,-0.0017075315117835999,-0.04560263827443123,-0.0003745409194380045,0.0009819942060858011,-0.0003294351336080581,0.0526694618165493,0.0017170667415484786,0.0456131249666214,-0.0006226657424122095,0.00662789773195982,0.00032952908077277243,-3.039836883544922e-06,1.3825701898895204e-06,0.02499999850988388,0.0040105050429701805,0.004024515859782696,5.108834557177033e-06,7.240683771669865e-06,0.0,1320,2.3
13.308333333139672,retreat,13.308334027417004,11.856696905629564,12.384591251611711,0.5057454109191895,0.01921780130942352,0.0,0.011961199561483227,0.0,0.20364460349082947,0.0004158588999416679,0.16291579604148865,-3.558107763979024e-05,46,0.15780849754810333,0.012320182286202908,0.04604630544781685,0.006008508149534464,-0.0013444014184642583,-12.384591251611711,-0.1624573916196823,-0.01226859726011753,-0.12218104302883148,-4.647946479963139e-05,0.0004131710738874972,8.243498086812906e-06,-0.00010257854592055082,-4.435992013895884e-05,2.6802757929544896e-05,1.0,-0.0004328085924498737,0.00021782798285130411,0.009313622489571571,0.013563421554863453,-0.060118891298770905,-0.03513472154736519,-0.48499464988708496,0.5437992215156555,0.49303486943244934,-2.015317916870117,-0.4017656445503235,2.46480393409729,1.0510342121124268,-0.002598186256363988,-0.014083324000239372,0.0044319345615804195,-0.0021559735760092735,0.01314518041908741,-0.013478870503604412,-0.008502209559082985,0.6005128026008606,1.1028781045752112e-05,0.09501337260007858,1.910927312565036e-05,1.0,6.783461140003055e-05,0.00010202470002695918,-1.3642938029079232e-05,-9.428627890883945e-06,0.03239796310663223,5.766463073086925e-05,3.4745815355563536e-05,1.0,-7.686029675824102e-06,0.12354716658592224,-0.010029902681708336,-0.09766791015863419,0.0010111358715221286,0.012276469729840755,-0.0002297377068316564,0.12352587282657623,0.010050392709672451,0.09769270569086075,-0.0004395965952426195,0.0055708736181259155,0.00023073708871379495,-2.205371856689453e-06,1.339911250397563e-06,0.02499999850988388,0.0040092370472848415,0.004023242741823196,5.4010579333407804e-06,7.654045475646853e-06,0.0,1320,2.308333333333333
13.316666666472884,retreat,13.316667361184955,11.800232921544419,12.329188734292986,0.5061626434326172,0.01657679968047887,0.0,0.007056278718664544,0.055952909680744456,0.2971411943435669,0.0006066773203201592,0.23771321773529053,-0.00042896564877992205,46,0.24222636222839355,0.02442237176001072,0.0549759604036808,0.004052687902003527,-0.0019250205950811505,-12.329188734292986,-0.23708432912826538,-0.017401322722434998,-0.1782725751399994,-7.051753345876932e-05,0.0006023994646966457,1.4125863344816025e-05,-0.00010236992966383696,-3.781576015171595e-05,2.4683600713615306e-05,0.9999999403953552,-0.0007925465470179915,0.00021087117784190923,0.009006760083138943,0.015217887237668037,-0.07582226395606995,-0.05763682723045349,-0.48501747846603394,0.5436847805976868,0.49306929111480713,-2.0153493881225586,-0.401655912399292,2.4647040367126465,1.0509655475616455,-0.002667620312422514,-0.014274224638938904,0.004328664857894182,-0.003161355387419462,0.013449308462440968,-0.014074286445975304,-0.008700975216925144,0.6005009412765503,1.1352011824783403e-05,0.09505870193243027,1.6914755178731866e-05,0.9999999403953552,6.66719424771145e-05,8.429206354776397e-05,-2.141050572390668e-07,-6.320116881397553e-06,0.032387882471084595,4.6476216084556654e-05,3.5699416912393644e-05,0.9999998807907104,-7.762738277961034e-06,0.19213522970676422,-0.01564643159508705,-0.14667260646820068,0.002212252002209425,0.024320021271705627,-0.0003078629379160702,0.1921084076166153,0.015677006915211678,0.14670440554618835,-4.945020191371441e-05,0.003435607999563217,0.0003089556412305683,-1.9073486328125e-06,1.2339860404608771e-06,0.02499999850988388,0.004009272437542677,0.004023305140435696,5.407713615568355e-06,7.668713806197047e-06,0.0,1320,2.3166666666666664
13.324999999806096,retreat,13.325000694952905,11.743660783398468,12.282719463109972,0.5012154579162598,0.018366859876550734,0.0,0.02018827581196092,0.0,7.492407166864723e-05,2.995792556248489e-07,0.0,-0.0006255940547816863,46,0.06146056577563286,0.0311668012291193,0.061429474502801895,0.023094087839126587,-6.697730754456899e-07,-12.282719463109972,2.3920982528125023e-08,-5.27699853591912e-07,-7.4922209023498e-05,-9.86257120416667e-09,2.994094074892928e-07,-2.1119919146883603e-09,-7.474315498257056e-05,-7.110628939699382e-05,4.741481461678632e-06,1.0,-0.000827296229545027,-0.0011323039652779698,0.008950178511440754,-0.06929881125688553,-0.004527286160737276,0.01235968992114067,-0.4850400686264038,0.5435701012611389,0.4931037425994873,-2.015395164489746,-0.4015520513057709,2.4646124839782715,1.0508968830108643,-0.0024822717532515526,-0.014280031435191631,0.0039766463451087475,-0.0033796417992562056,0.012703238055109978,-0.009111117571592331,-0.008059484884142876,0.6004840135574341,1.3655401744472329e-05,0.09509974718093872,1.5112577784748282e-05,1.0,6.938829756109044e-05,6.430918438127264e-05,1.306148260482587e-05,-5.688122200808721e-06,0.03238246589899063,-6.797903552069329e-06,5.354089807951823e-06,1.0000001192092896,1.0370970812800806e-05,0.05553203076124191,-0.006575721316039562,-0.025502048432826996,0.004318565595895052,0.030856572091579437,0.0007690632482990623,0.055527836084365845,0.006584201939404011,0.025509005412459373,0.0033718019258230925,-0.022834014147520065,-0.0007677095709368587,-3.5762786865234375e-06,2.3680877347942442e-07,0.02499999850988388,0.004025157541036606,0.004038069397211075,4.773823093273677e-06,6.772548658773303e-06,0.0,1320,2.325
13.333333333139308,retreat,13.333334028720856,11.686981456852976,12.240780144929888,0.4864931106567383,0.020258818040019833,0.0,0.022108626581029966,0.06852804166478502,0.0,0.0,0.0,0.0,41,0.012724100612103939,0.004083945881575346,0.012724105268716812,0.0032428388949483633,0.0,-12.240780144929888,0.0,0.0,0.0,0.0,0.0,0.0,-5.990325371385552e-05,-7.497231854358688e-05,1.6779278666945174e-05,0.9999999403953552,-0.0039055219385772943,0.00030193719430826604,0.009413041174411774,0.014576028101146221,0.18280139565467834,0.149773970246315,-0.4850620627403259,0.5434556603431702,0.4931379556655884,-2.0154402256011963,-0.40144917368888855,2.4645237922668457,1.050828218460083,-0.0024215399753302336,-0.014293389394879341,0.003903584089130163,-0.0031813746318221092,0.012177595868706703,-0.008661464788019657,-0.00775906490162015,0.6004683971405029,1.5844532754272223e-05,0.09514129906892776,1.3458215107675642e-05,0.9999999403953552,7.270319474628195e-05,4.629655086318962e-05,1.5122161130420864e-05,-5.283476639306173e-06,0.032382071018218994,-2.8675351131823845e-05,-1.280017568205949e-05,0.9999998211860657,-3.3237392926821485e-06,0.00653456524014473,-0.0010095697361975908,-0.01087119895964861,-0.001086800592020154,0.00391502445563674,-0.00041238751146011055,0.006533411797136068,0.0010108130518347025,0.010871781036257744,-0.0012322997208684683,-0.002971092239022255,0.00041237284312956035,-3.7550926208496094e-06,8.387396519538015e-07,0.02499999850988388,0.004025183618068695,0.004039410967379808,4.993644324713387e-06,7.079477654770017e-06,0.0,1320,2.3333333333333335
13.34166666647252,retreat,13.341667362488806,11.630195907569199,12.198505550622942,0.4703402519226074,0.02169318759115413,0.0,0.02315386700502131,0.055952909680744456,0.0,0.0,0.0,0.0,43,0.011094477958977222,0.0013735744869336486,0.011094479821622372,0.0006237334455363452,0.0,-12.198505550622942,0.0,0.0,0.0,0.0,0.0,0.0,-6.37815537629649e-05,-5.5835691455285996e-05,1.6980713553493842e-05,0.9999999403953552,-0.004478793125599623,-0.00013983373355586082,0.00983949564397335,-0.04011441767215729,0.2202601283788681,0.17751331627368927,-0.48508429527282715,0.5433412194252014,0.493172287940979,-2.015484571456909,-0.40134862065315247,2.464434862136841,1.0507595539093018,-0.0024264513049274683,-0.014303788542747498,0.0039574140682816505,-0.0029631888028234243,0.012017342261970043,-0.00874388962984085,-0.007615773938596249,0.6004526615142822,1.8226404790766537e-05,0.09518279135227203,1.2352061276033055e-05,0.9999999403953552,7.693038787692785e-05,2.8102398573537357e-05,1.588318991707638e-05,-4.264149993105093e-06,0.03238128870725632,-2.7732767193811014e-05,-1.3149044207239058e-05,0.9999998807907104,-4.63115702586947e-06,0.006289388053119183,0.0012432034127414227,-0.009054582566022873,-0.0007279824349097908,0.0011523209977895021,0.00017001407104544342,0.006289070472121239,-0.0012420124839991331,0.009054970927536488,-0.0005483903223648667,-0.00024375005159527063,-0.00016999238869175315,-2.8014183044433594e-06,8.488568710163236e-07,0.02499999850988388,0.004025191999971867,0.004038231447339058,4.922741936752573e-06,6.976042641326785e-06,0.0,1320,2.341666666666667
13.349999999805732,retreat,13.350000696256757,11.573305101208387,12.156275659799578,0.4544258117675781,0.024666744138812646,0.0,0.01091172089218162,0.0,0.0,0.0,0.0,0.0,48,0.011738954111933708,0.001366354525089264,0.011738952249288559,0.00027209968538954854,0.0,-12.156275659799578,0.0,0.0,0.0,0.0,0.0,0.0,-6.215275061549619e-05,-3.951272083213553e-05,6.086882422096096e-06,0.9999999403953552,-0.00460271118208766,-0.0009886369807645679,0.009670987725257874,-0.1173933669924736,0.232465460896492,0.1872098445892334,-0.48510652780532837,0.5432266592979431,0.49320662021636963,-2.0155065059661865,-0.4012502431869507,2.4643447399139404,1.0506908893585205,-0.002443470759317279,-0.01431312970817089,0.004034092184156179,-0.0027265152893960476,0.011945007368922234,-0.008837161585688591,-0.00755437184125185,0.6004478335380554,1.6944990420597605e-05,0.09523268789052963,1.2901341506221797e-05,0.9999999403953552,7.900220953160897e-05,2.094539195240941e-05,5.260602847556584e-06,-8.556535249226727e-06,0.03238895535469055,-1.856764720287174e-05,-1.6849835446919315e-05,1.0,6.81263736623805e-06,0.007902711629867554,0.0016661830013617873,-0.008519038558006287,-0.00046162534272298217,0.0012840967392548919,7.015757728368044e-05,0.007902618497610092,-0.0016647139564156532,0.008519411087036133,-0.00022097611508797854,-0.00014246278442442417,-7.008672400843352e-05,-1.9669532775878906e-06,3.0422052077483386e-07,0.02499999850988388,0.004025203175842762,0.004038195591419935,4.906160029349849e-06,6.9529341999441385e-06,0.0,1320,2.35
13.358333333138944,retreat,13.358334030024707,11.516310003431805,12.105693668127062,0.4481077194213867,0.023337006496149115,0.0,0.007321300017792964,0.03956468118525214,0.0,0.0,0.0,0.0,46,0.013513918966054916,0.0006409406196326017,0.013513919897377491,0.0010427199304103851,0.0,-12.105693668127062,0.0,0.0,0.0,0.0,0.0,0.0,-7.722407463006675e-05,-1.596802394487895e-05,6.7436603785608895e-06,1.0,-0.0018442848231643438,-0.0009820747654885054,0.009665858931839466,-0.11614712327718735,0.07815549522638321,0.0741443783044815,-0.4851294159889221,0.5431122183799744,0.4932410418987274,-2.0155065059661865,-0.4011527895927429,2.4642531871795654,1.0506222248077393,-0.0024805779103189707,-0.01433385070413351,0.0041369302198290825,-0.0025044421199709177,0.011952047236263752,-0.009156820364296436,-0.007555857300758362,0.6004526019096375,1.3321675396582577e-05,0.09529048204421997,1.403751866746461e-05,0.9999999403953552,7.847634697100148e-05,2.3454707843484357e-05,-5.988390512357e-06,-1.0925673450401518e-05,0.032396167516708374,7.4861341090581845e-06,-1.2523446457635146e-06,0.9999999403953552,7.294416718650609e-06,0.011168030090630054,-1.5419705960084684e-05,-0.007609262131154537,-0.00023022542882245034,0.0005973710212856531,3.0805778806097806e-05,0.011167670600116253,1.7386217223247513e-05,0.007609786000102758,-0.0002326942194486037,0.0010159597732126713,-3.0723109375685453e-05,-7.748603820800781e-07,3.3712058211676776e-07,0.02499999850988388,0.004025213420391083,0.004038206301629543,4.903589797322638e-06,6.94935442879796e-06,0.0,1320,2.3583333333333334
13.366666666472156,retreat,13.366667363792658,11.459211579900705,12.047288566827776,0.45222043991088867,0.01949370744114276,0.0,0.007352090051426785,0.055952909680744456,0.0,0.0,0.0,0.0,52,0.012851569801568985,0.0004133806796744466,0.012851569801568985,0.0011598201235756278,0.0,-12.047288566827776,0.0,0.0,0.0,0.0,0.0,0.0,-8.782105578575283e-05,-5.037928531237412e-06,1.1847980204038322e-05,0.9999999403953552,0.0012874695239588618,-0.0006977557786740363,0.00982853677123785,-0.10203077644109726,-0.0987686812877655,-0.05485137924551964,-0.48515230417251587,0.5429977774620056,0.4932754635810852,-2.0155065059661865,-0.4010542035102844,2.4641616344451904,1.050553560256958,-0.0025275161024183035,-0.014356333762407303,0.004253651015460491,-0.00231659272685647,0.012026605196297169,-0.00948329921811819,-0.00760685233399272,0.600457489490509,9.670009603723884e-06,0.09534803777933121,1.5207529941108078e-05,0.9999999403953552,7.799810555297881e-05,2.5931012714863755e-05,-6.923686669324525e-06,-1.0809949344547931e-05,0.032395318150520325,2.0892674001515843e-05,9.823177606449462e-06,0.9999998807907104,3.3614364838285837e-06,0.01066387165337801,-0.0013230381300672889,-0.007049415726214647,0.0001598803064553067,0.0003811464412137866,-7.019589247647673e-06,0.010663299821317196,0.0013249156763777137,0.007049927022308111,-3.1511488487012684e-05,0.0011593701783567667,7.107156761776423e-06,-2.384185791015625e-07,5.923775461269543e-07,0.02499999850988388,0.004025221802294254,0.004038246814161539,4.904421075480059e-06,6.952730473130941e-06,0.0,1320,2.3666666666666667
13.374999999805368,retreat,13.375000697560608,11.402010796276349,11.989114433526995,0.45806169509887695,0.015638055629096925,0.0,0.006313905032584444,0.055952909680744456,0.0,0.0,0.0,0.0,53,0.009323056787252426,0.00048788668937049806,0.009323053061962128,0.0005664399941451848,0.0,-11.989114433526995,0.0,0.0,0.0,0.0,0.0,0.0,-8.585560135543346e-05,-1.1564274245756678e-05,1.7753069187165238e-05,0.9999999403953552,0.0017316029407083988,-0.00027175681316293776,0.010013643652200699,-0.05786237120628357,-0.12096062302589417,-0.07120555639266968,-0.4851751923561096,0.5428833365440369,0.4933101534843445,-2.0155065059661865,-0.4009515047073364,2.4640700817108154,1.0504848957061768,-0.0025652102194726467,-0.014371217228472233,0.004358748439699411,-0.0021399161778390408,0.012096750549972057,-0.0096840038895607,-0.00764616159722209,0.6004623770713806,6.563542228832375e-06,0.09540613740682602,1.4795003153267317e-05,1.0,7.58202004362829e-05,2.8188831493025646e-05,-6.116454187576892e-06,-1.0033878425019793e-05,0.03239525109529495,1.6624633644823916e-05,1.003574379865313e-05,0.9999998807907104,-2.9565226213890128e-06,0.005607396364212036,-0.0021475907415151596,-0.007131924387067556,0.00041504279943183064,0.00025433310656808317,3.2978132367134094e-05,0.005606668535619974,0.002148651285097003,0.007132172584533691,0.00010463455691933632,0.0005557177355512977,-3.2919277145992965e-05,-5.960464477539062e-07,8.876031643012539e-07,0.02499999850988388,0.004025227855890989,0.004038315266370773,4.90863840241218e-06,6.9584057200700045e-06,0.0,1320,2.375
13.38333333313858,retreat,13.383334031328559,11.344708618219988,11.930493265390398,0.46330690383911133,0.01252464426215738,0.0,0.0048161491577047855,0.0,0.0,0.0,0.0,0.0,45,0.006885298527777195,0.00048586781485937536,0.006885301321744919,0.0007889070548117161,0.0,-11.930493265390398,0.0,0.0,0.0,0.0,0.0,0.0,-8.634825644548982e-05,-1.340982362307841e-05,2.0593843146343715e-05,1.0,0.001611731480807066,3.0155173590173945e-05,0.009927188977599144,-0.023351024836301804,-0.1113990768790245,-0.06498083472251892,-0.48519808053970337,0.5427687168121338,0.49334776401519775,-2.0155065059661865,-0.4008484184741974,2.4639785289764404,1.0504162311553955,-0.002607107860967517,-0.014387116767466068,0.004471779800951481,-0.0019784022588282824,0.01217228826135397,-0.009934157133102417,-0.007700307760387659,0.6004673838615417,4.927162081003189e-06,0.09546415507793427,1.3876175216864794e-05,0.9999999403953552,7.467849354725331e-05,3.073861080338247e-05,-6.043446319381474e-06,-8.497262570017483e-06,0.032394640147686005,1.7329126421827823e-05,1.1670204912661575e-05,1.0,-6.716010830132291e-06,0.00313575123436749,-0.0020500875543802977,-0.005776810459792614,0.0003487862995825708,-0.0003311503096483648,-6.895742990309373e-05,0.003135089762508869,0.0020507173612713814,0.005776949226856232,5.2448478527367115e-05,0.0007841336773708463,6.897791172377765e-05,-6.556510925292969e-07,1.0296344044036232e-06,0.02499999850988388,0.004025231581181288,0.00403835391625762,4.911872565571684e-06,6.963673513382673e-06,0.0,1320,2.3833333333333333
13.391666666471792,retreat,13.39166736509651,11.287306011392882,11.87202110886574,0.4686713218688965,0.01111426990973996,0.0,0.004849776360060787,0.055952909680744456,0.0,0.0,0.0,0.0,45,0.005892445798963308,0.0005993571830913424,0.005892446264624596,0.0008652785327285528,0.0,-11.87202110886574,0.0,0.0,0.0,0.0,0.0,0.0,-8.183527825167403e-05,-1.6060190318967216e-05,1.9888091628672555e-05,0.9999999403953552,0.0015864145243540406,0.0005168370553292334,0.009713346138596535,0.025197232142090797,-0.10926567763090134,-0.0624551922082901,-0.4852209687232971,0.5426512360572815,0.493387907743454,-2.0155065059661865,-0.40074533224105835,2.4638869762420654,1.0503475666046143,-0.0026488788425922394,-0.01440793089568615,0.004579862114042044,-0.0018372924532741308,0.012234801426529884,-0.01019999198615551,-0.007731215562671423,0.6004730463027954,4.7202274799929e-06,0.09552435576915741,1.2879178939328995e-05,0.9999999403953552,7.437753811245784e-05,3.476885103737004e-05,-6.602895155083388e-06,-7.229332823044388e-06,0.03239636868238449,1.8709086361923255e-05,7.458227628376335e-06,0.9999998807907104,-7.007260137470439e-06,0.0024199862964451313,-0.0023213475942611694,-0.004845196381211281,0.00030622523627243936,-0.0005151900113560259,5.8662431001721416e-06,0.0024193041026592255,0.002321832347661257,0.004845305345952511,-2.9296992579475045e-05,0.0008647625800222158,-5.857773885509232e-06,-7.748603820800781e-07,9.943387340172194e-07,0.02499999850988388,0.004025231581181288,0.00403845589607954,5.232463081483729e-06,7.4109120760113e-06,0.0,1320,2.3916666666666666
13.399999999805004,retreat,13.40000069886446,11.229803941456291,11.811425536870958,0.47457218170166016,0.011207094757992309,0.0,0.008166861334757414,0.03956468118525214,0.0,0.0,0.0,0.0,46,0.0054294937290251255,0.0006314978818409145,0.005429492332041264,0.0008682931656949222,0.0,-11.811425536870958,0.0,0.0,0.0,0.0,0.0,0.0,-8.251557301264256e-05,-1.783491279638838e-05,1.7774509615264833e-05,0.9999999403953552,0.0017274869605898857,0.0005849358276464045,0.009871077723801136,0.028627587482333183,-0.1172281801700592,-0.06933850049972534,-0.48524385690689087,0.5425273776054382,0.4934280514717102,-2.0155065059661865,-0.4006422460079193,2.4637954235076904,1.050278902053833,-0.002690061228349805,-0.0144304558634758,0.004683665931224823,-0.0017236788989976048,0.012304590083658695,-0.010454765520989895,-0.00776148634031415,0.600480318069458,4.224052645440679e-06,0.09558798372745514,1.315564713877393e-05,1.0,7.451097917510197e-05,4.1967919969465584e-05,-8.440412784693763e-06,-7.836568329366855e-06,0.032399408519268036,2.4133240003720857e-05,8.005113159015309e-06,0.9999999403953552,-4.616738351614913e-06,0.0018965385388582945,-0.0015053197275847197,-0.004859686829149723,0.0002130073116859421,-0.0005939836846664548,2.451151522109285e-05,0.0018959064036607742,0.001505729858763516,0.004859804641455412,-4.6321365516632795e-06,0.0008679348975419998,-2.4507184207323007e-05,-8.940696716308594e-07,8.88651811692398e-07,0.02499999850988388,0.004025232046842575,0.004038505721837282,5.315402631822508e-06,7.532216841354966e-06,0.0,1320,2.4
13.408333333138216,retreat,13.40833403263241,11.172203374071469,11.747507005929949,0.482022762298584,0.010914000085904263,0.0,0.009007350854517426,0.055952909680744456,5.1695773436222225e-05,2.069126878723182e-07,0.0,0.0,47,0.004112860653549433,0.0007317867130041122,0.004067644476890564,0.0009302351390942931,-5.403835565687132e-07,-11.747507005929949,-1.3187303693484864e-08,1.6196187857531186e-07,-5.169551877770573e-05,-1.9939037088079203e-08,2.059487087535672e-07,6.508305006036608e-10,-8.432319009443745e-05,-2.2341220756061375e-05,1.716713268251624e-05,1.0,0.0021921503357589245,0.0005666640936397016,0.009872302412986755,0.026198670268058777,-0.1435476839542389,-0.08955571055412292,-0.4852667450904846,0.5424018502235413,0.49346819519996643,-2.0155065059661865,-0.4005391597747803,2.4637038707733154,1.0502102375030518,-0.002729916013777256,-0.01445622555911541,0.004779938608407974,-0.0016391306417062879,0.012378205545246601,-0.010710785165429115,-0.007790735922753811,0.6004876494407654,3.2059269869932905e-06,0.09565231204032898,1.4177170669427142e-05,0.9999999403953552,7.466146053047851e-05,4.953015741193667e-05,-8.811152838461567e-06,-8.627821443951689e-06,0.03239981085062027,2.7189014872419648e-05,9.66226161835948e-06,0.9999998807907104,-2.9874584015487926e-06,0.0015216708416119218,-0.0012610099511221051,-0.0036069373600184917,0.0001755321427481249,-0.0007094842148944736,3.650174039648846e-05,0.0015211253194138408,0.0012613395228981972,0.0036070523783564568,-6.8132649175822735e-06,0.0009292875765822828,-3.650458893389441e-05,-1.1324882507324219e-06,8.582628652220592e-07,0.02499999850988388,0.004025231581181288,0.00403858395293355,5.270469046081416e-06,7.473834557458758e-06,0.0,1320,2.408333333333333
13.416666666471428,retreat,13.416667366400361,11.11450527489967,11.682940274477007,0.48977136611938477,0.010001452210417483,0.0,0.009305753337685019,0.0,0.00029286948847584426,1.170870746136643e-06,0.0,0.0,46,0.0033798031508922577,0.0007209907053038478,0.0031132674776017666,0.0007374203414656222,-3.0656797918027223e-06,-11.682940274477007,-5.5454911773722415e-08,1.2585576314450009e-06,-0.0002928667818196118,-6.120407647358661e-08,1.1692591215251014e-06,5.039193951006382e-09,-8.365872054127976e-05,-3.0039085686439648e-05,1.7912341718329117e-05,0.9999999403953552,0.0023033872712403536,0.0005473089404404163,0.009866153821349144,0.02367926575243473,-0.1499442458152771,-0.09461600333452225,-0.48528963327407837,0.5422763228416443,0.49350833892822266,-2.0155065059661865,-0.4004359543323517,2.4636123180389404,1.0501415729522705,-0.002763657830655575,-0.014481567777693272,0.004862211644649506,-0.00158088153693825,0.012448189780116081,-0.010915187187492847,-0.007816766388714314,0.6004951596260071,1.8770198266793159e-06,0.09571675211191177,1.4901966096658725e-05,1.0,7.404401549138129e-05,5.724970833398402e-05,-9.072889042727184e-06,-9.091139872907661e-06,0.03239969164133072,2.721069540712051e-05,9.615288036002312e-06,1.0,-3.007813120348146e-06,0.0003306733851786703,-0.0012895704712718725,-0.003106562653556466,0.0002156375558115542,-0.0006870697252452374,3.5541754186851904e-05,0.0003301267570350319,0.001289712032303214,0.003106561955064535,2.9199421987868845e-05,0.0007348175277002156,-3.554566137609072e-05,-1.4901161193847656e-06,8.954912118497305e-07,0.02499999850988388,0.0040252311155200005,0.004038611426949501,5.222704203333706e-06,7.401744369417429e-06,0.0,1320,2.4166666666666665
13.42499999980464,retreat,13.425000700168312,11.056710609602161,11.61831393837929,0.4970431327819824,0.008489855645166244,0.0,0.009273473551729694,0.055952909680744456,0.00036502821603789926,1.6406399936386151e-06,0.0,0.0,45,0.004818757064640522,0.0009378773393109441,0.0046348306350409985,0.0005934032378718257,-3.7927103733181866e-06,-11.61831393837929,-7.200610241397953e-08,1.633847432458424e-06,-0.0003650245489552617,-8.443242904832005e-08,1.638449475649395e-06,7.364852727675952e-09,-8.942005661083385e-05,-3.071494211326353e-05,3.0500912544084713e-05,0.9999999403953552,0.001612005289644003,0.0019530097488313913,0.009887387044727802,0.12106127291917801,-0.11029111593961716,-0.06377585232257843,-0.4853125214576721,0.5421509742736816,0.49354851245880127,-2.0155065059661865,-0.4003327190876007,2.4635207653045654,1.0500729084014893,-0.0027825271245092154,-0.014508790336549282,0.004910608753561974,-0.0015377243980765343,0.012476957403123379,-0.011089338921010494,-0.007826409302651882,0.6005025506019592,7.983763907759567e-07,0.09578099101781845,1.59984174388228e-05,1.0,7.406528311548755e-05,6.490475789178163e-05,-9.688148566056043e-06,-8.729279215913266e-06,0.03239930421113968,3.4190641599707305e-05,1.5356259609689005e-05,0.9999998807907104,-1.4498966265819035e-05,-0.001758337370119989,-0.0036695110611617565,-0.0025813481770455837,0.00042449732427485287,-0.0008362922817468643,-5.585071448876988e-06,-0.0017592159565538168,0.0036693334113806486,0.0025810026563704014,-0.00010574757470749319,0.0005822244565933943,5.572710506385192e-06,-1.5497207641601562e-06,1.5249079297063872e-06,0.02499999850988388,0.004025052767246962,0.004039417952299118,7.0489295467268676e-06,9.98948235064745e-06,0.0,1320,2.425
13.433333333137853,retreat,13.433334033936262,10.99882034384019,11.554186791181566,0.5052089691162109,0.008646979949844535,0.0,0.009927983228408266,0.0,0.0003999658511020243,1.6193197325264919e-06,0.0,0.0,45,0.004849512595683336,0.000875046185683459,0.004708347842097282,0.0005583573365584016,-3.891439263270513e-06,-11.554186791181566,2.3514198801422026e-06,-5.3879757615504786e-05,-0.00039631317486055195,2.0570985270751407e-07,1.5917242990326486e-06,-2.1515947423722537e-07,-8.518229878973216e-05,-4.7032590373419225e-05,8.055855687416624e-06,1.0,0.0003480932500679046,-0.0005757434410043061,0.00998980924487114,-0.08294114470481873,-0.04123614728450775,-0.020524771884083748,-0.48533549904823303,0.5420254468917847,0.49358895421028137,-2.0155065059661865,-0.40022873878479004,2.4634292125701904,1.050004243850708,-0.0028210950549691916,-0.014523876830935478,0.005009846296161413,-0.001530966954305768,0.012618822045624256,-0.011185744777321815,-0.007885700091719627,0.6005098819732666,-8.118365713016829e-08,0.09584565460681915,1.637713830859866e-05,1.0,7.37731606932357e-05,7.265910244314e-05,-9.356082955491729e-06,-9.790429430722725e-06,0.03239984065294266,2.5625720809330232e-05,1.1408942555135582e-05,1.0,8.324011105287354e-06,-0.0034737433306872845,0.0025452314876019955,-0.002229949226602912,4.49207000201568e-05,-0.0008721612393856049,5.497947859112173e-05,-0.0034736916422843933,-0.0025456701405346394,0.002229527337476611,0.0004125638515688479,0.0003703446127474308,-5.498949394677766e-05,-2.3245811462402344e-06,4.0259237721329555e-07,0.02499999850988388,0.004022281151264906,0.004036037717014551,5.711153789889067e-06,8.096278179436922e-06,0.0,1320,2.433333333333333
13.441666666471065,retreat,13.441667367704213,10.940835443275017,11.491624265909197,0.5055665969848633,0.007116072993085254,0.0,0.012377314305922482,0.0,0.23650890588760376,0.0005567343905568123,0.18920715153217316,0.0,43,0.16138245165348053,0.00343531696125865,0.07616759091615677,0.015629805624485016,-0.001582821278134361,-11.491624265909197,-0.1893451064825058,-0.0009669521823525429,-0.14171788096427917,-6.823755393270403e-05,0.0005515419179573655,3.314076820970513e-05,-0.00010459661280037835,-1.3845106877852231e-05,1.0192830814048648e-05,0.9999999403953552,-0.000402760342694819,-0.0016695762751623988,0.00938457902520895,0.002879897365346551,-0.06249197572469711,-0.005472312215715647,-0.48535865545272827,0.5418996810913086,0.49363309144973755,-2.0155065059661865,-0.4001200199127197,2.463322639465332,1.0499355792999268,-0.003023595781996846,-0.014674268662929535,0.005251135211437941,-0.0021987103391438723,0.013365939259529114,-0.01435629278421402,-0.008397548459470272,0.6005141735076904,8.562327593608643e-07,0.09590926021337509,1.687904295977205e-05,1.0,7.321454177144915e-05,7.301966979866847e-05,-1.3313875570020173e-05,-7.355235538852867e-06,0.03240088373422623,5.917354428675026e-05,3.1382583983941004e-05,1.0,6.692836450383766e-06,0.12321232259273529,0.0032784277573227882,-0.10417424142360687,-0.0019042461644858122,0.0028044087812304497,-0.000557261984795332,0.12319758534431458,-0.0032568692695349455,0.1041923388838768,-0.001433648867532611,0.014994723722338676,0.0005574089009314775,-7.152557373046875e-07,5.095689630252309e-07,0.02499999850988388,0.0040102750062942505,0.004023144952952862,4.905617970507592e-06,6.947375368326902e-06,0.0,1320,2.4416666666666664
13.449999999804277,retreat,13.450000701472163,10.882756873567898,11.430715769529344,0.5058646202087402,0.008053390047280118,0.0,0.008358239028893877,0.0,0.3084588050842285,0.0006307144649326801,0.2467670738697052,0.0,50,0.2528587579727173,0.02652350813150406,0.055644672363996506,0.0032445688266307116,-0.0019501862407196313,-11.430715769529344,-0.24651409685611725,-0.01118553802371025,-0.1850743591785431,-2.5190398446284235e-05,0.0006302089313976467,-1.7050974747689907e-06,-9.829699411056936e-05,-1.8214464944321662e-05,1.0631952136463951e-05,1.0,-0.0008033380145207047,-0.0016400351887568831,0.009207005612552166,0.0028681678231805563,-0.06797149777412415,-0.019129743799567223,-0.4853818416595459,0.541773796081543,0.4936733543872833,-2.0155446529388428,-0.40000802278518677,2.4632108211517334,1.0498669147491455,-0.0030846938025206327,-0.0148662393912673,0.005133341997861862,-0.0032771313562989235,0.01367362029850483,-0.014747753739356995,-0.008512857370078564,0.6004993915557861,3.6286919566919096e-06,0.09595822542905807,1.6697857063263655e-05,1.0,7.420359906973317e-05,5.2165076340315863e-05,3.1185002171696397e-06,-5.505637091118842e-06,0.03238894045352936,3.394976010895334e-05,2.4093647880363278e-05,1.0,6.069680694054114e-06,0.20131854712963104,-0.010748906061053276,-0.15261998772621155,0.0016436108853667974,0.026472175493836403,0.00013758665591012686,0.20130102336406708,0.010783879086375237,0.15264064073562622,8.961139246821404e-05,0.0026107709854841232,-0.00013658960233442485,-8.940696716308594e-07,5.315077942213975e-07,0.02499999850988388,0.0040107774548232555,0.004023636691272259,5.146323019289412e-06,7.300201104953885e-06,0.0,1320,2.45
13.458333333137489,retreat,13.458334035240114,10.824585600380093,11.380424350500109,0.49817562103271484,0.011559234735614154,0.0,0.016029949620133266,0.0,3.595292582758702e-05,1.4390479918802157e-07,0.0,-0.00016666662361330964,47,0.063844233751297,0.032415926456451416,0.06382916122674942,0.024054542183876038,-3.4067587040276237e-07,-11.380424350500109,2.6816938003548785e-08,-6.144666713225888e-07,-3.594766531023197e-05,-2.4440778290113485e-09,1.4386299085344945e-07,-2.4610082860476723e-09,-7.590211316710338e-05,-4.6475990529870614e-05,1.8129114323528484e-05,0.9999999403953552,-0.0013195915380492806,0.0004952520248480141,0.009556330740451813,0.014298011548817158,0.02464396506547928,0.034588735550642014,-0.48540475964546204,0.5416479110717773,0.49371349811553955,-2.0155904293060303,-0.39990052580833435,2.4631192684173584,1.0497982501983643,-0.002838484011590481,-0.014878829009830952,0.004655680153518915,-0.003492416348308325,0.012724191881716251,-0.009582764469087124,-0.007770218420773745,0.6004851460456848,8.117383003991563e-06,0.09600601345300674,1.525502375443466e-05,1.0,7.811871910234913e-05,3.733373887371272e-05,1.0635818398441188e-05,-4.428112333698664e-06,0.03238643705844879,-9.142001545114908e-06,-2.2166398139233934e-06,1.0,-2.8748881959472783e-06,0.056955866515636444,-0.011094520799815655,-0.02662755735218525,0.0043480233289301395,0.03211571276187897,0.0006840592250227928,0.05695214495062828,0.01110423170030117,0.026631468906998634,0.0027490025386214256,-0.023887326940894127,-0.0006829907651990652,-2.3245811462402344e-06,9.062796380021609e-07,0.02499999850988388,0.004025177098810673,0.004039171617478132,5.013622285332531e-06,7.1074755396693945e-06,0.0,1320,2.4583333333333335
13.4666666664707,retreat,13.466667369008064,10.766322589372859,11.331854015588762,0.48536062240600586,0.015792804333614185,0.0,0.018379814719082788,0.055952909680744456,0.0,0.0,0.0,0.0,50,0.012180562131106853,0.004141232464462519,0.01218055933713913,0.0029805356170982122,0.0,-11.331854015588762,0.0,0.0,0.0,0.0,0.0,0.0,-6.98567382642068e-05,-4.377267396193929e-05,1.759983024385292e-05,0.9999999403953552,-0.0033696002792567015,0.0004531403537839651,0.009720337577164173,0.013431972824037075,0.15131285786628723,0.1270403265953064,-0.4854276478290558,0.5415220260620117,0.49375349283218384,-2.0156362056732178,-0.39979758858680725,2.4630281925201416,1.049729585647583,-0.002773304469883442,-0.014889062382280827,0.004575895145535469,-0.003318999893963337,0.01227765902876854,-0.009132057428359985,-0.007517599035054445,0.600471019744873,1.2571791558002587e-05,0.09605377912521362,1.4858336726319976e-05,0.9999999403953552,8.362028165720403e-05,2.330240749870427e-05,1.2856011380790733e-05,-4.181129042990506e-06,0.03238562494516373,-2.0469831724767573e-05,-1.3763788956566714e-05,0.9999998807907104,-2.7435298761702143e-06,0.007825881242752075,0.0020355219021439552,-0.009109243750572205,-0.0012201565550640225,0.003941881936043501,-0.00035013159504160285,0.00782579742372036,-0.0020339416805654764,0.009109665639698505,-0.0009256962221115828,-0.0028114086017012596,0.0003502307226881385,-2.205371856689453e-06,8.798378985375166e-07,0.02499999850988388,0.004025195259600878,0.0040392023511230946,5.000186320103239e-06,7.085996912792325e-06,0.0,1320,2.466666666666667
13.474999999803913,retreat,13.475000702776015,10.707968806207452,11.283484846353533,0.4711151123046875,0.020049816157552414,0.0,0.01895459536171984,0.0,0.0,0.0,0.0,0.0,45,0.009346101433038712,0.0013695236993953586,0.009346100501716137,0.0006659997743554413,0.0,-11.283484846353533,0.0,0.0,0.0,0.0,0.0,0.0,-7.687343895668164e-05,-3.063586336793378e-05,1.7317306628683582e-05,0.9999999403953552,-0.003960533998906612,0.0004204138240311295,0.009812461212277412,0.013378358446061611,0.18983399868011475,0.15517723560333252,-0.48545053601264954,0.5413961410522461,0.49379339814186096,-2.015681266784668,-0.3996950685977936,2.462937593460083,1.0496609210968018,-0.002749565290287137,-0.014898007735610008,0.004572397563606501,-0.0031118125189095736,0.012104452587664127,-0.00920158438384533,-0.0073686633259058,0.6004571914672852,1.6608719306532294e-05,0.0961017832159996,1.4648863725597039e-05,1.0,8.899379463400692e-05,9.670096005720552e-06,1.332184638158651e-05,-4.387485205370467e-06,0.032385267317295074,-2.096535354212392e-05,-1.2120629435230512e-05,1.0,-2.6704324227466714e-06,0.005754290148615837,0.0017178656999021769,-0.007161473389714956,-0.0008221768657676876,0.0010685784509405494,0.000240334338741377,0.005754457321017981,-0.0017166315810754895,0.007161634508520365,-0.0005740048945881426,-0.00023734918795526028,-0.00024029039195738733,-1.5497207641601562e-06,8.657480066176504e-07,0.02499999850988388,0.00402521388605237,0.0040392749942839146,4.988606633560266e-06,7.0744717959314585e-06,0.0,1320,2.475
13.483333333137125,retreat,13.483334036543965,10.649525216545127,11.23485490679741,0.4571080207824707,0.023936589059303515,0.0,0.019156394046149217,0.0,0.0,0.0,0.0,0.0,49,0.01020510122179985,0.0010766946943476796,0.010205100290477276,0.00020119777764193714,0.0,-11.23485490679741,0.0,0.0,0.0,0.0,0.0,0.0,-8.066932787187397e-05,-1.8214213923783973e-05,1.7351618225802667e-05,1.0,-0.0040513803251087666,0.0003998996107839048,0.009892027825117111,0.013122806325554848,0.1997646987438202,0.162675142288208,-0.4854734241962433,0.5412702560424805,0.4938333332538605,-2.015725612640381,-0.3995935320854187,2.4628467559814453,1.0495922565460205,-0.0027346378192305565,-0.014903697185218334,0.004584222566336393,-0.0028931640554219484,0.012045580893754959,-0.00929874274879694,-0.007332493085414171,0.600443959236145,2.0736089936690405e-05,0.09615013003349304,1.515982330602128e-05,0.9999999403953552,9.537336154608056e-05,-3.478657390587614e-06,1.3398643204709515e-05,-4.179865754849743e-06,0.032384976744651794,-2.169243998650927e-05,-1.470438019168796e-05,1.0,-2.1938169538771035e-06,0.006924679968506098,0.0013418254675343633,-0.007375120185315609,-0.00037576397880911827,0.0010053447913378477,8.575997344451025e-05,0.006924987304955721,-0.0013402809854596853,0.007375112269073725,-0.00018195973825640976,-4.971865564584732e-06,-8.571163198212162e-05,-8.940696716308594e-07,8.675069693708792e-07,0.02499999850988388,0.004025230649858713,0.00403931736946106,4.981609890819527e-06,7.064401870593429e-06,0.0,1320,2.4833333333333334
13.491666666470337,retreat,13.491667370311916,10.590992786047146,11.185844987630846,0.4436969757080078,0.027877944376086816,0.0,0.0065509848354849964,0.0,0.0,0.0,0.0,0.0,48,0.010944978334009647,0.0010521374642848969,0.010944978334009647,0.00020333896100055426,0.0,-11.185844987630846,0.0,0.0,0.0,0.0,0.0,0.0,-8.754400914767757e-05,-4.139193606533809e-06,1.8067838027491234e-05,1.0,-0.0039916145615279675,0.0003815864329226315,0.00997145939618349,0.013322369195520878,0.20132195949554443,0.16378070414066315,-0.48549631237983704,0.5411443710327148,0.49387332797050476,-2.015730619430542,-0.3994922339916229,2.4627556800842285,1.0495235919952393,-0.0027208812534809113,-0.014906581491231918,0.004598187282681465,-0.002658953657373786,0.012037542648613453,-0.00940801203250885,-0.00732334703207016,0.6004489660263062,2.0443781977519393e-05,0.09621275216341019,1.619394970475696e-05,1.0,9.659803617978469e-05,2.1853265934623778e-06,-5.385274107538862e-06,-8.484512363793328e-06,0.03239859640598297,-1.9535411865945207e-06,-9.054057954926975e-06,1.0000001192092896,-1.8740943232842255e-06,0.007644064724445343,0.0013670272892341018,-0.0077131097204983234,-0.00020086931181140244,0.0010163751430809498,0.00018337495566811413,0.00764429522678256,-0.0013653006171807647,0.007713187485933304,-3.4570693969726562e-06,8.791149593889713e-05,-0.00018332034233026206,-1.7881393432617188e-07,9.033738024299964e-07,0.02499999850988388,0.004025245551019907,0.004039337392896414,4.975597221346106e-06,7.052381988614798e-06,0.0,1320,2.4916666666666667
13.49999999980355,retreat,13.500000704079866,10.532372480374761,11.122775822877886,0.4468560218811035,0.027434498406364582,0.0,0.010868808203667868,0.0,0.0,0.0,0.0,0.0,51,0.01845383271574974,0.0007825117208994925,0.01845383830368519,0.0020812342409044504,0.0,-11.122775822877886,0.0,0.0,0.0,0.0,0.0,0.0,-0.00010634462523739785,1.785920358088333e-05,1.9347437046235427e-05,1.0,0.0009945055935531855,-0.006275522522628307,0.00946721713989973,0.49526312947273254,-0.0805509090423584,-0.04359367862343788,-0.4855192005634308,0.5410184860229492,0.4939135015010834,-2.015730619430542,-0.3993891179561615,2.4626641273498535,1.049454927444458,-0.0027806281577795744,-0.014911789447069168,0.0047593023627996445,-0.00249564740806818,0.012280002236366272,-0.00981139112263918,-0.007475460879504681,0.6004565954208374,1.8890181308961473e-05,0.09627770632505417,1.728859388094861e-05,0.9999999403953552,9.606817184248939e-05,1.0269347512803506e-05,-1.0379271770943888e-05,-9.666562618804164e-06,0.032400473952293396,2.8128564736107364e-05,1.0276955435983837e-05,1.0,-2.056040784736979e-06,0.012771126814186573,0.01275092177093029,-0.003854383248835802,-0.0007805783534422517,5.486155714606866e-05,3.4965139548148727e-06,0.01277349703013897,-0.01274834107607603,0.003855088260024786,0.0010611857287585735,0.0017903654370456934,-3.5459825085126795e-06,8.940696716308594e-07,9.674677130533382e-07,0.02499999850988388,0.004025260917842388,0.004038117825984955,-0.00030047856853343546,-0.0004259217530488968,0.0,1320,2.5
13.508333333136761,retreat,13.508334037847817,10.473665265189233,11.057389527559282,0.4552602767944336,0.025582314265193418,0.0,0.009459631655772682,0.0,0.0,0.0,0.0,0.0,52,0.013221281580626965,0.00018780669779516757,0.01322128251194954,0.0016361871967092156,0.0,-11.057389527559282,0.0,0.0,0.0,0.0,0.0,0.0,-0.0001093568280339241,1.1786178220063448e-05,2.1578711312031373e-05,0.9999999403953552,0.0025777816772460938,0.00035006884718313813,0.009859870187938213,0.01354400534182787,-0.17106054723262787,-0.10894467681646347,-0.48554208874702454,0.5408926010131836,0.4939536154270172,-2.015730619430542,-0.39928609132766724,2.4625725746154785,1.0493862628936768,-0.002736961003392935,-0.014941282570362091,0.004678082186728716,-0.002301416825503111,0.012159899808466434,-0.010132689028978348,-0.007446985226124525,0.6004639267921448,1.797293771232944e-05,0.0963420420885086,1.8236785763292573e-05,1.0,9.62356134550646e-05,1.8068223653244786e-05,-9.81189532467397e-06,-8.792875632934738e-06,0.03239943087100983,2.9854480089852586e-05,1.3121828487783205e-05,1.0,-3.338825990795158e-06,0.006888267584145069,-0.009867210872471333,-0.005476514343172312,0.0001768655638443306,-6.212323933141306e-05,-1.1429470760049298e-05,0.006886170711368322,0.009868737310171127,0.005476403050124645,-0.0012489068321883678,0.001056980574503541,1.1503129826451186e-05,5.960464477539062e-07,1.0789990483317524e-06,0.02499999850988388,0.00402527442201972,0.00403947476297617,4.980365702067502e-06,7.058144547045231e-06,0.0,1320,2.5083333333333333
13.516666666469973,retreat,13.516667371615767,10.414872106151815,10.992718487977983,0.4635453224182129,0.02464083991071675,0.0,0.009425374628335703,0.03956468118525214,7.622152043040842e-05,3.057168100895069e-07,0.0,0.0,45,0.0057029700838029385,0.0005356933106668293,0.0056422618217766285,0.0009190652053803205,-8.087676910406572e-07,-10.992718487977983,-4.3556614315320985e-08,5.134928642291925e-07,-7.621978147653863e-05,-3.049315466796543e-08,3.041852210117213e-07,2.0692765279051173e-09,-0.0001069355130312033,9.964981018129038e-07,1.3147052413842175e-05,0.9999999403953552,0.0025216827634721994,-0.0008517553214915097,0.009958574548363686,-0.11182495951652527,-0.1668427735567093,-0.1047966405749321,-0.4855649769306183,0.540766716003418,0.4939937889575958,-2.015730619430542,-0.3991829752922058,2.4624810218811035,1.0493175983428955,-0.0027513362001627684,-0.014940807595849037,0.0047391485422849655,-0.0021729774307459593,0.012385295704007149,-0.010261515155434608,-0.007607469335198402,0.6004713773727417,1.686873110884335e-05,0.09640682488679886,1.910863647935912e-05,1.0,9.620722266845405e-05,2.5972150979214348e-05,-9.489564945397433e-06,-9.01199564395938e-06,0.03239954262971878,2.6967869416694157e-05,1.0728649613156449e-05,0.9999999403953552,5.96445443079574e-06,0.003099752590060234,0.0015054228715598583,-0.00454412866383791,0.000525994342751801,-9.032244997797534e-05,4.625091241905466e-05,0.0030998061411082745,-0.0015046524349600077,0.00454434659332037,0.0007433414575643837,0.0005382435629144311,-4.621918560587801e-05,5.960464477539063e-08,6.573573045898229e-07,0.02499999850988388,0.004025273025035858,0.004038198851048946,4.892970537184738e-06,6.933958502486348e-06,0.0,1320,2.5166666666666666
13.524999999803185,retreat,13.525000705383718,10.355993968923771,10.927689820528032,0.47153234481811523,0.02370545371377375,0.0,0.009196374776365701,0.03956468118525214,0.0001197621168103069,4.830048396797793e-07,0.0,0.0,44,0.003240873571485281,0.0008324956870637834,0.0031356082763522863,0.0010438585886731744,-1.283341518387715e-06,-10.927689820528032,-8.770925319367961e-07,1.0417666999273933e-05,-0.0001193049392895773,-9.512054077731591e-08,4.716904413726297e-07,4.1879296475144656e-08,-0.000105627543234732,-7.08534298610175e-06,1.1026121683244128e-05,1.0,0.002471289364621043,-0.0013703163713216782,0.009769873693585396,-0.10019057244062424,-0.16292990744113922,-0.1027151420712471,-0.48558786511421204,0.5406408309936523,0.49403393268585205,-2.015730619430542,-0.39907974004745483,2.4623894691467285,1.0492489337921143,-0.002757672220468521,-0.01494754571467638,0.004780293442308903,-0.002054703887552023,0.012518045492470264,-0.010509167797863483,-0.007707130163908005,0.6004788279533386,1.5876466932240874e-05,0.0964713990688324,2.0052109903190285e-05,1.0,9.605410014046356e-05,3.383722287253477e-05,-9.462728485232219e-06,-9.129935278906487e-06,0.03239908814430237,2.6750831239041872e-05,9.573674105922692e-06,0.9999999403953552,9.028888598550111e-06,0.001242343569174409,0.0011501966509968042,-0.0027634925208985806,0.00012130280811106786,-0.0008235619752667844,8.964995686255861e-06,0.0012423775624483824,-0.0011498471722006798,0.0027636229060590267,0.00028725448646582663,0.0010030721314251423,-8.985343811218627e-06,-3.5762786865234375e-07,5.512683856068179e-07,0.02499999850988388,0.0040252734906971455,0.004038240760564804,4.734591129818e-06,6.710732122883201e-06,0.0,1320,2.525
13.533333333136397,retreat,13.533334039151669,10.297031819166353,10.86292937397957,0.4794597625732422,0.02205303098889999,0.0,0.008586417607148178,0.03956468118525214,0.0001596329384483397,6.390758926499984e-07,0.0,0.0,46,0.0038010997232049704,0.0009211978176608682,0.0036546229384839535,0.0009588764514774084,-1.7504442979543455e-06,-10.86292937397957,-1.0791559645895177e-07,1.2849807262682589e-06,-0.00015962772886268795,-6.48720401841274e-08,6.357538495649351e-07,5.164340954877389e-09,-0.00010539611685089767,-1.4347659089253284e-05,2.0710713215521537e-05,0.9999999403953552,0.0024601826444268227,-0.0004189498140476644,0.010319391265511513,-0.08092023432254791,-0.1636277288198471,-0.10241863876581192,-0.4856107532978058,0.5405149459838867,0.4940740764141083,-2.015730619430542,-0.3989763557910919,2.4622979164123535,1.049180269241333,-0.002751763444393873,-0.014958661049604416,0.004790100734680891,-0.0019615977071225643,0.01260773092508316,-0.010743646882474422,-0.007779997773468494,0.6004860997200012,1.5068339962454047e-05,0.09653594344854355,2.084862171614077e-05,1.0,9.6194984507747e-05,4.159000309300609e-05,-9.309579581895377e-06,-8.3371669461485e-06,0.03239887207746506,2.7242140276939608e-05,9.201689863402862e-06,0.9999999403953552,1.4091283162542823e-07,0.0005098809488117695,-0.0013637313386425376,-0.003511213231831789,0.00026520545361563563,-0.0008821142255328596,1.2079603948222939e-05,0.0005093265790492296,0.0013639758108183742,0.0035111987963318825,6.797522655688226e-05,0.0009557564626447856,-1.2096826139895711e-05,-7.152557373046875e-07,1.0354597179684788e-06,0.02499999850988388,0.0040252734906971455,0.00403828639537096,4.8957908802549355e-06,6.9401576183736324e-06,0.0,1320,2.533333333333333
13.54166666646961,retreat,13.541667372919619,10.237986622540816,10.798198729753496,0.4870891571044922,0.020994806618546136,0.0,0.008452422662230674,0.06852804166478502,0.0003206979890819639,1.2858538411819609e-06,0.0,0.0,43,0.002107027219608426,0.0008020233944989741,0.0018168144160881639,0.000776285829488188,-3.5269974745233412e-06,-10.798198729753496,-1.4019155969435815e-06,1.6777041309978813e-05,-0.0003202557854820043,-1.9898897107850644e-07,1.2685785577559727e-06,6.732045676471898e-08,-0.0001049630664056167,-2.1491212464752607e-05,2.569745083746966e-05,0.9999999403953552,0.0024044979363679886,-6.50575093459338e-05,0.010299205780029297,-0.04000084847211838,-0.15993350744247437,-0.10057429224252701,-0.48563364148139954,0.5403890609741211,0.4941142201423645,-2.015730619430542,-0.3988710045814514,2.4622063636779785,1.0491116046905518,-0.0027510232757776976,-0.014970807358622551,0.004807843826711178,-0.00189846137072891,0.012722048908472061,-0.010915903374552727,-0.007862290367484093,0.6004934310913086,1.4357549844135065e-05,0.0966004803776741,2.098049117194023e-05,0.9999999403953552,9.528281952952966e-05,4.921084109810181e-05,-9.50543017097516e-06,-7.998243745532818e-06,0.03239867091178894,2.771987419691868e-05,9.681064511823934e-06,0.9999998211860657,-4.71383555122884e-06,0.00011068918684031814,-0.0007233211072161794,-0.0019758841954171658,0.0003652282466646284,-0.0007136292406357825,2.414823029539548e-05,0.00011035686475224793,0.0007234254735521972,0.0019758655689656734,0.00026057776995003223,0.0007296506082639098,-2.4145449060597457e-05,-1.0728836059570312e-06,1.2847594916820526e-06,0.02499999850988388,0.004025271628051996,0.004038351587951183,4.900005478702951e-06,6.94917980581522e-06,0.0,1320,2.5416666666666665
13.549999999802822,retreat,13.55000070668757,10.178859344708423,10.733557492494585,0.4947781562805176,0.020194001990603283,0.0,0.008389642061956692,0.055952909680744456,0.0004488143604248762,1.7934007701114751e-06,0.0,0.0,48,0.0012643997324630618,0.0007967322017066181,0.0009190073469653726,0.0007215700461529195,-4.8222948976217594e-06,-10.733557492494585,-3.6157535987513256e-07,7.795886631356552e-06,-0.0004487464902922511,-1.1845768455032157e-07,1.7892126606966485e-06,3.117839497690511e-08,-0.0001013986038742587,-2.8699627364403568e-05,2.8061826014891267e-05,0.9999999403953552,0.002434387104585767,0.00018438251572661102,0.010091178119182587,-0.009936632588505745,-0.16149792075157166,-0.10220160335302353,-0.4856565296649933,0.5402631759643555,0.4941543638706207,-2.015730619430542,-0.39876219630241394,2.4621148109436035,1.0490429401397705,-0.002749967621639371,-0.014985724352300167,0.00482192263007164,-0.0018584750359877944,0.01282360777258873,-0.011074022389948368,-0.007939759641885757,0.6005006432533264,1.3574227523349691e-05,0.09666506201028824,2.0328119717305526e-05,0.9999999403953552,9.287699504056945e-05,5.6500597565900534e-05,-9.500985470367596e-06,-7.938403541629668e-06,0.032398611307144165,2.7801512260339223e-05,8.522602001903579e-06,0.9999998807907104,-7.730645847914275e-06,-0.00036200680187903345,-0.0005590351647697389,-0.0010747731430456042,0.0003012588422279805,-0.0007371185347437859,-2.6106641598744318e-05,-0.00036223206552676857,0.000559011590667069,0.001074709463864565,0.00022035656729713082,0.0006848514312878251,2.6106117729796097e-05,-1.430511474609375e-06,1.402946509188041e-06,0.02499999850988388,0.004025268834084272,0.004038396291434765,4.9043583203456365e-06,6.954389391466975e-06,0.0,1320,2.55
13.558333333136034,retreat,13.55833404045552,10.11965095133043,10.66902056336403,0.5033612251281738,0.02006526483455673,0.0,0.007959803951962385,0.03956468118525214,0.0005963924340903759,2.3801560473657446e-06,0.0,0.0,44,0.004195210058242083,0.0008846701821312308,0.004039707127958536,0.0003498269652482122,-6.131865887937238e-06,-10.66902056336403,-2.205001123911643e-07,2.6660427465685643e-06,-0.0005963864387013018,-2.3012385952370096e-07,2.368981313338736e-06,1.0677365658295912e-08,-9.461332956561819e-05,-4.9177659093402326e-05,2.3141064957599156e-05,0.9999999403953552,0.0006449621287174523,0.0003811116039287299,0.010039358399808407,0.013237852603197098,-0.06016239896416664,-0.028485046699643135,-0.48567941784858704,0.5401372909545898,0.49419447779655457,-2.015730619430542,-0.39865341782569885,2.4620232582092285,1.0489742755889893,-0.002738428534939885,-0.014995703473687172,0.004819700960069895,-0.0018293537432327867,0.012897233478724957,-0.011147426441311836,-0.008003042079508305,0.600507915019989,1.3091585969959851e-05,0.0967295840382576,1.936273110914044e-05,1.0,9.092217806028202e-05,6.390910857589915e-05,-8.669701855978929e-06,-8.229530067183077e-06,0.03239860385656357,1.4731719602423254e-05,3.691683787110378e-06,0.9999999403953552,-3.776759513129946e-06,-0.003927924204617739,-0.0005267732194624841,-0.001376120955683291,0.00029180102865211666,-0.0008324787486344576,-6.687726272502914e-05,-0.003928195685148239,0.000526112096849829,0.0013755981344729662,0.00021563027985394,0.0002650428214110434,6.686679989797994e-05,-2.4437904357910156e-06,1.1568208719836548e-06,0.02499999850988388,0.004025761038064957,0.004039442166686058,4.859387900069123e-06,6.889866199344397e-06,0.0,1320,2.558333333333333
13.566666666469246,retreat,13.56666737422347,10.06036240806809,10.606204718351366,0.5052685737609863,0.019242499547544867,0.0,0.013382167708186898,0.03956468118525214,0.1615348607301712,0.00033047617762349546,0.12922795116901398,0.0,46,0.1085205003619194,0.0017222387250512838,0.05501807853579521,0.01075898576527834,-0.0010954041499644518,-10.606204718351366,-0.12861628830432892,-0.012740975245833397,-0.09689698368310928,-2.0401301298988983e-05,0.00032979671959765255,-5.693581442756113e-06,-0.00010996170021826401,-2.338881495234091e-05,2.5561555958120152e-05,1.0,-0.0003412085061427206,-0.004618523642420769,0.009475537575781345,0.35821789503097534,-0.04473353177309036,0.003937397617846727,-0.4857023060321808,0.5400114059448242,0.4942346215248108,-2.015730619430542,-0.3985446095466614,2.4619317054748535,1.048905611038208,-0.0028513504657894373,-0.015097257681190968,0.004941257182508707,-0.002271415200084448,0.013425332494080067,-0.01333231758326292,-0.008384261280298233,0.6005153059959412,1.2263979442650452e-05,0.09679416567087173,1.8742497559287585e-05,1.0,8.849889127304778e-05,7.131027086870745e-05,-1.4633195860369597e-05,-8.195229384000413e-06,0.03240036964416504,4.7921657824190333e-05,2.1464205929078162e-05,0.9999999403953552,-6.81328856444452e-06,0.08243288099765778,0.0014339260524138808,-0.07056531310081482,-0.0007215422810986638,0.001501049380749464,-0.0004385589563753456,0.08242306858301163,-0.0014166902983561158,0.07057710736989975,-0.0005168640054762363,0.010407036170363426,0.000438749702880159,-1.1920928955078125e-06,1.277949195355177e-06,0.02499999850988388,0.004010234959423542,0.004023069050163031,-0.0003103563212789595,-0.00043994374573230743,0.0,1320,2.5666666666666664
13.574999999802458,retreat,13.575000707991421,10.00099468058266,10.544789582490923,0.5066394805908203,0.019290433556307107,0.0,0.011320724297547713,0.03956468118525214,0.32197898626327515,0.000649442954454571,0.2575935125350952,-0.00016666662361330964,54,0.2467091679573059,0.019852139055728912,0.07648985087871552,0.009178970009088516,-0.0020003304234705865,-10.544789582490923,-0.2594583034515381,0.03487011045217514,-0.18744581937789917,-0.00024554162519052625,0.0005731749697588384,0.00018153764540329576,-0.00012066207273164764,-2.1088693756610155e-05,2.0871366359642707e-05,1.0,-0.0014996386598795652,0.0003799090045504272,0.009566521272063255,0.008812137879431248,-0.08837655931711197,0.04929118975996971,-0.48572537302970886,0.5398855209350586,0.4942759871482849,-2.0157697200775146,-0.3984273672103882,2.461812734603882,1.0488369464874268,-0.003056208835914731,-0.015256610698997974,0.0051453690975904465,-0.003376451786607504,0.01442113146185875,-0.014911412261426449,-0.008982266299426556,0.6004981398582458,1.6026317098294385e-05,0.09684232622385025,1.7569083865964785e-05,0.9999999403953552,8.809733117232099e-05,4.614391946233809e-05,5.535202944884077e-06,-4.40090116171632e-06,0.032387107610702515,2.5054943762370385e-05,3.2565319997956976e-05,0.9999999403953552,-3.2985647067107493e-06,0.19640640914440155,0.01613442972302437,-0.14842377603054047,-0.001619158429093659,0.019785426557064056,-0.00015049779904074967,0.19639554619789124,-0.016094600781798363,0.14844240248203278,0.0007094097090885043,0.008588025346398354,0.00015121437900234014,-1.0728836059570312e-06,1.043441443471238e-06,0.02499999850988388,0.004009133670479059,0.004023001529276371,5.402642273111269e-06,7.654976798221469e-06,0.0,1320,2.575
13.58333333313567,retreat,13.583334041759372,9.941548734535404,10.49509420990944,0.4964470863342285,0.023253938707057387,0.0,0.01670089659455698,0.03956468118525214,4.95522835990414e-05,1.9844532062052167e-07,0.0,-0.0013465645452015451,49,0.06322995573282242,0.03243422508239746,0.0632101520895958,0.024066640064120293,-4.6889941707206617e-07,-10.49509420990944,4.2166483638084173e-08,-9.17263037081284e-07,-4.954377800459042e-05,-3.2218849810305983e-09,1.9838512343994807e-07,-3.675683091231008e-09,-8.643067121738568e-05,-4.1142411646433175e-05,2.1854813894606195e-05,1.0,-0.0017144656740128994,0.000495371175929904,0.009629233740270138,0.011444870382547379,0.0464894138276577,0.05002869293093681,-0.4857482612133026,0.539759635925293,0.49431613087654114,-2.015815496444702,-0.398318350315094,2.461721181869507,1.0487682819366455,-0.002770115854218602,-0.015268031507730484,0.00459810858592391,-0.003580462420359254,0.013258244842290878,-0.009757444262504578,-0.008046424016356468,0.6004838943481445,2.0804742234759033e-05,0.09688989073038101,1.5514357073698193e-05,1.0,9.153747669188306e-05,3.127243689959869e-05,1.0551605555519927e-05,-3.451943939580815e-06,0.03238498419523239,-9.869311725196894e-06,-5.106759999762289e-06,0.9999999403953552,-6.3415182012249716e-06,0.05780327320098877,-0.004265997558832169,-0.025270750746130943,0.0026819459162652493,0.032308273017406464,0.000980629469268024,0.057800911366939545,0.0042773643508553505,0.025274232029914856,0.0020700572058558464,-0.02395762875676155,-0.000979602336883545,-2.086162567138672e-06,1.0925632523139939e-06,0.02499999850988388,0.004025357309728861,0.004038392566144466,4.918405466014519e-06,6.986549124121666e-06,0.0,1320,2.5833333333333335
13.591666666468882,retreat,13.591667375527322,9.882025535587577,10.446844249963762,0.48345327377319336,0.027656460588332266,0.0,0.019047245586989447,0.0,0.0,0.0,0.0,0.0,44,0.013574454002082348,0.00458177225664258,0.013574454002082348,0.00314652849920094,0.0,-10.446844249963762,0.0,0.0,0.0,0.0,0.0,0.0,-8.595200051786378e-05,-3.598609328037128e-05,1.8879769413615577e-05,1.0,-0.003360505448654294,-1.099274231819436e-05,0.010164211504161358,-0.041148778051137924,0.14918991923332214,0.125560000538826,-0.48577114939689636,0.5396337509155273,0.4943537414073944,-2.0158612728118896,-0.3982119858264923,2.461629629135132,1.0486996173858643,-0.0026710927486419678,-0.015276811085641384,0.004452262539416552,-0.0034037884324789047,0.012711478397250175,-0.009305172599852085,-0.007760181091725826,0.6004695296287537,2.384710023761727e-05,0.09693741053342819,1.4641484995081555e-05,1.0,9.463886090088636e-05,1.6519705241080374e-05,1.2878341294708662e-05,-4.755129339173436e-06,0.03238425403833389,-1.9465858713374473e-05,-8.687069566803984e-06,1.0,-4.2402725739520974e-06,0.008677484467625618,0.005097224842756987,-0.00910963024944067,-0.001997200306504965,0.004094042349606752,-0.0004925907705910504,0.008678148500621319,-0.005095315165817738,0.00911006610840559,-0.001260401215404272,-0.002840640489012003,0.0004927394329570234,-1.7881393432617188e-06,9.438335837330669e-07,0.02499999850988388,0.004025344271212816,0.004038398619741201,4.879521839029621e-06,6.915826816111803e-06,0.0,1320,2.591666666666667
13.599999999802094,retreat,13.600000709295273,9.82242604940043,10.398728400468828,0.46902894973754883,0.03025495243491605,0.0,0.020261762983864173,0.0,0.0,0.0,0.0,0.0,41,0.009004060178995132,0.0016587680438533425,0.009004060178995132,0.0007889250409789383,0.0,-10.398728400468828,0.0,0.0,0.0,0.0,0.0,0.0,-8.771583088673651e-05,-2.3564454750157893e-05,2.0887713617412373e-05,1.0,-0.003968969453126192,0.00029083876870572567,0.009934698231518269,0.001623761374503374,0.19007302820682526,0.15522223711013794,-0.4857940375804901,0.5395078659057617,0.4943891763687134,-2.015906572341919,-0.39810889959335327,2.461538553237915,1.048630952835083,-0.0026209906209260225,-0.015284447930753231,0.004394436255097389,-0.003192987060174346,0.012495053000748158,-0.009333795867860317,-0.007608441170305014,0.6004552245140076,2.528978802729398e-05,0.0969846323132515,1.557014911668375e-05,1.0,9.83637582976371e-05,2.0542240690701874e-06,1.369630808767397e-05,-5.970884103589924e-06,0.03238335996866226,-2.150954787794035e-05,-1.064825391949853e-05,1.0,-5.319707270245999e-06,0.006181934382766485,0.0024642148055136204,-0.006065016612410545,-0.0010054680751636624,0.001308730454184115,0.000166644123964943,0.006182393990457058,-0.0024628096725791693,0.006065118592232466,-0.0006494552362710238,-0.00041577318916097283,-0.00016656315710861236,-1.1920928955078125e-06,1.0442818165756762e-06,0.02499999850988388,0.004025331232696772,0.004038466606289148,4.888147486781236e-06,6.926944479346275e-06,0.0,1320,2.6
13.608333333135306,retreat,13.608334043063223,9.762751241635225,10.350910574197771,0.4546642303466797,0.031473398848902434,0.0,0.020904786651954055,0.0,0.0,0.0,0.0,0.0,44,0.009982184506952763,0.0011696694418787956,0.009982184506952763,0.00013198521628510207,0.0,-10.350910574197771,0.0,0.0,0.0,0.0,0.0,0.0,-9.182556095765904e-05,-1.0336683772038668e-05,2.208155274274759e-05,1.0,-0.004112363792955875,0.00048180873272940516,0.009929684922099113,0.021101990714669228,0.20265808701515198,0.1654413640499115,-0.48581692576408386,0.5393819808959961,0.49442434310913086,-2.015950918197632,-0.39800581336021423,2.4614477157592773,1.0485622882843018,-0.0025909992400556803,-0.015285708010196686,0.004376253578811884,-0.0029734307900071144,0.012450077570974827,-0.009396802634000778,-0.007603349629789591,0.6004412770271301,2.657910226844251e-05,0.09703201800584793,1.619856629986316e-05,1.0,0.00010145588748855516,-1.202824387291912e-05,1.419116415490862e-05,-5.9406102081993595e-06,0.03238292783498764,-2.2364176402334124e-05,-9.630760359868873e-06,1.0,-5.8851364883594215e-06,0.007097856607288122,0.0015118770534172654,-0.006854098290205002,-0.00029275857377797365,0.0011322288773953915,2.1839367036591284e-05,0.007098328322172165,-0.0015102146426215768,0.0068539767526090145,-7.438157626893371e-05,-0.00010683410800993443,-2.1770481907879002e-05,-5.364418029785156e-07,1.1040319805033505e-06,0.02499999850988388,0.004025319125503302,0.004038515966385603,5.124719791638199e-06,7.2656257543712854e-06,0.0,1320,2.6083333333333334
13.616666666468518,retreat,13.616667376831174,9.703002077953222,10.30288413167,0.4406571388244629,0.032705698686186224,0.0,0.010758591997728217,0.03956468118525214,0.0,0.0,0.0,0.0,50,0.01102461852133274,0.0011146216420456767,0.01102461852133274,0.00014110551273915917,0.0,-10.30288413167,0.0,0.0,0.0,0.0,0.0,0.0,-9.353677887702361e-05,1.4044369436305715e-06,2.1395358999143355e-05,1.0,-0.004161342978477478,0.0005541970604099333,0.010121895931661129,0.02802218869328499,0.2098490446805954,0.1709708273410797,-0.4858397841453552,0.5392560958862305,0.4944596290588379,-2.0159764289855957,-0.3979027271270752,2.4613566398620605,1.0484936237335205,-0.0025680363178253174,-0.015282236970961094,0.004375165794044733,-0.0027369256131350994,0.012466167099773884,-0.009475967846810818,-0.007637053728103638,0.6004363894462585,2.5519784685457125e-05,0.09708647429943085,1.754198456183076e-05,1.0,0.00010236063099000603,-1.6899950423976406e-05,5.38787890036474e-06,-8.321270797750913e-06,0.032389357686042786,-1.5494968465645798e-05,-8.824185897537973e-06,0.9999999403953552,-3.854815076920204e-06,0.007712638005614281,0.0013108521234244108,-0.007767823990434408,-6.0522281273733824e-05,0.001111481455154717,5.7683799241203815e-05,0.0077131688594818115,-0.001309000770561397,0.007767609320580959,0.00012877675180789083,2.7549685910344124e-06,-5.76170532440301e-05,5.960464477539063e-08,1.0697731340769678e-06,0.02499999850988388,0.004025307949632406,0.004038562066853046,5.2624777708842885e-06,7.459631888195872e-06,0.0,1320,2.6166666666666667
13.62499999980173,retreat,13.625000710599124,9.643179524015675,10.247869044542314,0.43469667434692383,0.03161734275636263,0.0,0.009557294106343761,0.03956468118525214,0.0,0.0,0.0,0.0,47,0.01225261576473713,0.0005423439433798194,0.012252614833414555,0.0009767699521034956,0.0,-10.247869044542314,0.0,0.0,0.0,0.0,0.0,0.0,-0.0001042897638399154,2.0809377019759268e-05,2.1499907234101556e-05,1.0,-0.0018216973403468728,0.0005182751337997615,0.010134070180356503,0.025164511054754257,0.07986771315336227,0.0740741640329361,-0.485862672328949,0.5391302108764648,0.4944947063922882,-2.0159764289855957,-0.39779961109161377,2.4612650871276855,1.0484249591827393,-0.0025682616978883743,-0.015285739675164223,0.0044123525731265545,-0.0025138703640550375,0.012559430673718452,-0.0097411023452878,-0.007732123136520386,0.600443422794342,2.1466688849614002e-05,0.09715063124895096,1.97268309420906e-05,1.0,0.0001005424273898825,-9.567510460328776e-06,-8.080162842816208e-06,-1.1430581253080163e-05,0.03239849954843521,1.1241970241826493e-05,3.747544724319596e-06,0.9999999403953552,-1.7719823972583981e-06,0.010406977497041225,0.001162477768957615,-0.0063616083934903145,1.7552209783389117e-06,0.0005418116343207657,-2.3957887606229633e-05,0.010407332330942154,-0.001160134095698595,0.006361454725265503,0.0001694321836112067,0.0009616626775823534,2.402625796094071e-05,1.0132789611816406e-06,1.0751027730293572e-06,0.02499999850988388,0.00402529863640666,0.004038641694933176,5.235030585026834e-06,7.421971531584859e-06,0.0,1320,2.625
13.633333333134942,retreat,13.633334044367075,9.583284545483838,10.183257609605791,0.44095516204833984,0.027508898710948415,0.0,0.008759509910305496,0.0,0.0,0.0,0.0,0.0,46,0.011872034519910812,0.00021352359908632934,0.011872034519910812,0.0015165448421612382,0.0,-10.183257609605791,0.0,0.0,0.0,0.0,0.0,0.0,-0.00011646993516478688,3.124697832390666e-05,2.3344864530372433e-05,1.0,0.0018819230608642101,0.00043230634764768183,0.010030526667833328,0.018824800848960876,-0.1297551691532135,-0.07922722399234772,-0.4858855605125427,0.5390043258666992,0.4945330023765564,-2.0159764289855957,-0.39769381284713745,2.4611735343933105,1.048356294631958,-0.0025864355266094208,-0.015294479206204414,0.004477804061025381,-0.0023323313798755407,0.012717369012534618,-0.010095064528286457,-0.00786799006164074,0.6004506349563599,1.9664417777676135e-05,0.0972149446606636,2.0114521248615347e-05,1.0,9.8680735391099e-05,-2.1370572085288586e-06,-9.515802048554178e-06,-9.149721336143557e-06,0.032398201525211334,2.91098822344793e-05,1.77897800313076e-05,1.0000001192092896,-3.2275099783873884e-06,0.01091326680034399,0.0004987180000171065,-0.004647267051041126,0.00018834970251191407,8.36076942505315e-05,-5.5914861150085926e-05,0.010913385078310966,-0.0004963771207258105,0.00464724050834775,0.0002600621373858303,0.0014930324396118522,5.594874528469518e-05,1.5497207641601562e-06,1.1674255802063271e-06,0.02499999850988388,0.004025288391858339,0.004038702230900526,5.1221431931480765e-06,7.258611731231213e-06,0.0,1320,2.6333333333333333
13.641666666468154,retreat,13.641667378135026,9.523318108018971,10.118512064218523,0.44924020767211914,0.0257467181654647,0.0,0.007664219992875587,0.0,0.0,0.0,0.0,0.0,47,0.007241775281727314,0.000300217216135934,0.007241774816066027,0.0007570140296593308,0.0,-10.118512064218523,0.0,0.0,0.0,0.0,0.0,0.0,-0.00010745797044364735,2.0979221517336555e-05,2.3567588868900202e-05,1.0,0.0024724502582103014,0.0003776682133320719,0.010091825388371944,0.014880605041980743,-0.16140040755271912,-0.10103583335876465,-0.4859084486961365,0.5388784408569336,0.4945726990699768,-2.0159764289855957,-0.39758503437042236,2.4610819816589355,1.0482876300811768,-0.002588536124676466,-0.01529428455978632,0.004519127309322357,-0.0021647983230650425,0.012836279347538948,-0.010285339318215847,-0.007966660894453526,0.6004577875137329,1.882318247226067e-05,0.09727942198514938,1.937352863023989e-05,0.9999999403953552,9.637606854084879e-05,5.063736352894921e-06,-8.850117410474923e-06,-8.180532859114464e-06,0.03239792585372925,2.604314431664534e-05,1.1082433047704399e-05,1.0,-4.191490461380454e-06,0.005233280826359987,0.0001308802457060665,-0.005003893282264471,0.00029267300851643085,6.613739969907328e-05,-9.935757589119021e-06,0.005233255214989185,-0.00012967761722393334,0.0050039514899253845,0.0003114071150775999,0.0006899251602590084,9.953825610864442e-06,1.0728836059570312e-06,1.1784923117375001e-06,0.02499999850988388,0.004025280475616455,0.0040387846529483795,5.045106263423804e-06,7.150345481932163e-06,0.0,1320,2.6416666666666666
13.649999999801366,retreat,13.650000711902976,9.463281177282333,10.05370691418648,0.4571676254272461,0.025008102966239676,0.0,0.007089671271387488,0.03956468118525214,0.0,0.0,0.0,0.0,52,0.004602027125656605,0.0006208590348251164,0.004602028522640467,0.0009503175388090312,0.0,-10.05370691418648,0.0,0.0,0.0,0.0,0.0,0.0,-0.00010644985013641417,1.3027978639001958e-05,2.234022213087883e-05,0.9999999403953552,0.002365600550547242,0.00035039312206208706,0.010132882744073868,0.013673351146280766,-0.15413640439510345,-0.09552134573459625,-0.4859313368797302,0.538752555847168,0.49461278319358826,-2.0159764289855957,-0.3974762260913849,2.4609904289245605,1.0482189655303955,-0.0025897470768541098,-0.015295341610908508,0.004557471256703138,-0.002014531521126628,0.012943201698362827,-0.010528970509767532,-0.008063878864049911,0.6004648804664612,1.829157190513797e-05,0.09734384715557098,1.8618236936163157e-05,0.9999999403953552,9.425476309843361e-05,1.2437381883501075e-05,-8.49350089993095e-06,-7.92442551755812e-06,0.032397545874118805,2.546548785176128e-05,1.2195614544907585e-05,0.9999999403953552,-3.7194290598563384e-06,0.0022992382291704416,0.0002229889068985358,-0.0039802552200853825,0.00015567704394925386,-0.0005965455784462392,-7.323933823499829e-05,0.0022991811856627464,-0.0002224073396064341,0.003980322275310755,0.00018768351583275944,0.0009287175489589572,7.322576129809022e-05,6.556510925292969e-07,1.117079591494985e-06,0.02499999850988388,0.004025273956358433,0.004038860555738211,5.009984306525439e-06,7.102062227204442e-06,0.0,1320,2.65
13.658333333134578,retreat,13.658334045670927,9.40317471893518,9.989006072282793,0.4647374153137207,0.024532077077310532,0.0,0.006980513717280701,0.03956468118525214,2.8962256692466326e-05,1.1616434392180963e-07,0.0,0.0,46,0.0034510064870119095,0.0007865683874115348,0.0034243694972246885,0.0009799122344702482,-3.114940092530105e-07,-9.989006072282793,2.1023682350573836e-08,-4.4132383436590317e-07,-2.8958886105101556e-05,-3.1047582282894837e-09,1.161093479140618e-07,-1.7708022825857483e-09,-0.00010288539488101378,6.289697012107354e-06,2.1669633497367613e-05,0.9999999403953552,0.0022708468604832888,0.00033957051346078515,0.010160714387893677,0.012881079688668251,-0.14820757508277893,-0.09143098443746567,-0.485954225063324,0.5386266708374023,0.4946529269218445,-2.0159764289855957,-0.3973674178123474,2.4608988761901855,1.0481503009796143,-0.0025914167053997517,-0.015299865044653416,0.004592197015881538,-0.0018907106714323163,0.013045821338891983,-0.010774360969662666,-0.008149625733494759,0.6004719734191895,1.7798158296500333e-05,0.09740838408470154,1.7620075595914386e-05,1.0,9.195739403367043e-05,1.9719944248208776e-05,-8.488567800668534e-06,-7.87705084803747e-06,0.03239738941192627,2.6009824068751186e-05,1.0928544725175016e-05,0.9999999403953552,-4.04694856115384e-06,0.0013312000082805753,0.00015982237528078258,-0.003179907100275159,0.00013505772221833467,-0.0007737742271274328,-4.150551467319019e-05,0.001331103965640068,-0.00015946547500789165,0.0031799653079360723,0.00015794264618307352,0.0009660940268076956,4.1486822738079354e-05,2.980232238769531e-07,1.0835137800313532e-06,0.02499999850988388,0.004025269765406847,0.004038895480334759,4.9978102651948575e-06,7.087626727297902e-06,0.0,1320,2.658333333333333
13.66666666646779,retreat,13.666667379438877,9.342999698638769,9.924275428056719,0.4723072052001953,0.024147777367033996,0.0,0.006979119461902883,0.0,0.00010119429498445243,4.054232078942732e-07,0.0,0.0,46,0.0027085132896900177,0.0007809202652424574,0.00261262571439147,0.0009029158973135054,-1.090161504180287e-06,-9.924275428056719,6.583973544138644e-08,-7.820207201802987e-07,-0.0001011912536341697,-3.3090600481955335e-08,4.0405831214229693e-07,-3.1418858625897883e-09,-0.0001020928830257617,-1.3211977147875587e-06,2.033004057011567e-05,1.0,0.0022657313384115696,0.0003337100497446954,0.01018060464411974,0.012578352354466915,-0.14782744646072388,-0.09162098914384842,-0.4859771132469177,0.5385007858276367,0.4946930706501007,-2.0159764289855957,-0.39725860953330994,2.4608073234558105,1.048081636428833,-0.002592576900497079,-0.015307744964957237,0.004621450789272785,-0.0017940993420779705,0.013141373172402382,-0.010995721444487572,-0.008231492713093758,0.6004791855812073,1.7189526261063293e-05,0.09747277200222015,1.6850754036568105e-05,0.9999999403953552,8.975878881756216e-05,2.706111808947753e-05,-8.606587471149396e-06,-8.051466465985868e-06,0.032397039234638214,2.5740026103449054e-05,1.2334620805631857e-05,1.0,-3.4766385397233535e-06,0.0008422266109846532,8.446456195088103e-05,-0.002572851488366723,0.0001358653389615938,-0.0007663396536372602,-6.403549195965752e-05,0.0008421025704592466,-8.422662358498201e-05,0.0025728989858180285,0.00014788417320232838,0.0008880209643393755,6.401959399227053e-05,-5.960464477539063e-08,1.0164949344471097e-06,0.02499999850988388,0.004025267902761698,0.0040389555506408215,4.989189164916752e-06,7.074413588270545e-06,0.0,1320,2.6666666666666665
13.674999999801003,retreat,13.675000713206828,9.282757082054355,9.859738498926164,0.4798769950866699,0.02360992039029952,0.0,0.006972933988436125,0.06852804166478502,0.0001310971420025453,5.903784767724574e-07,0.0,0.0,51,0.0020681049209088087,0.0007448942633345723,0.001938705681823194,0.0007901363424025476,-1.4246199739886833e-06,-9.859738498926164,9.131527178851684e-08,-1.9421167962718755e-06,-0.00013108272105455399,-1.60217261679918e-08,5.900966471017455e-07,-8.716741106695736e-09,-9.863364539342001e-05,-8.061971129791345e-06,1.9428614905336872e-05,0.9999999403953552,0.00226990832015872,0.000333219300955534,0.010199553333222866,0.012286762706935406,-0.1483459323644638,-0.09232106804847717,-0.4860000014305115,0.5383749008178711,0.49473321437835693,-2.0159764289855957,-0.3971496522426605,2.4607157707214355,1.0480129718780518,-0.0025931044947355986,-0.015318874269723892,0.004645379260182381,-0.001723063993267715,0.013229780830442905,-0.011186262592673302,-0.008302844129502773,0.6004863381385803,1.6960198991000652e-05,0.0975375771522522,1.5704410543548875e-05,0.9999999403953552,8.778509800322354e-05,3.4595283068483695e-05,-8.67763355927309e-06,-7.668608304811642e-06,0.0323973074555397,2.6533467462286353e-05,1.0849102181964554e-05,0.9999998211860657,-3.721501343534328e-06,0.00031983229564502835,-1.905628596432507e-05,-0.002043135231360793,0.00015108527441043407,-0.0007278476259671152,-4.773381078848615e-05,0.00031968762050382793,1.9176606656401418e-05,0.0020431559532880783,0.00014817737974226475,0.0007740627625025809,4.772234024130739e-05,-4.172325134277344e-07,9.713912731967866e-07,0.02499999850988388,0.004025265574455261,0.004038969054818153,4.9891227718035225e-06,7.072987500578165e-06,0.0,1320,2.675
13.683333333134215,retreat,13.683334046974778,9.222447834843196,9.79481413960457,0.48744678497314453,0.023472224711440504,0.0,0.007213462595245801,0.0,0.00023801595671102405,1.0709967455113656e-06,0.0,0.0,47,0.0015847721369937062,0.0007310340297408402,0.001348875928670168,0.0007037271861918271,-2.5910383953942073e-06,-9.79481413960457,1.7828628529059642e-07,-3.8097691685834434e-06,-0.00023798539768904448,-2.7622341747246537e-08,1.0705039130698424e-06,-1.7100507676559573e-08,-9.444850002182648e-05,-1.5929837900330313e-05,1.8349966921960004e-05,1.0,0.0022914111614227295,0.00033354677725583315,0.010211287066340446,0.012561829760670662,-0.150160014629364,-0.0939508005976677,-0.4860228896141052,0.5382490158081055,0.49477335810661316,-2.0159764289855957,-0.39704054594039917,2.4606242179870605,1.0479443073272705,-0.0025924828369170427,-0.015332931652665138,0.004662901628762484,-0.001675178064033389,0.013307632878422737,-0.011353479698300362,-0.008364953100681305,0.6004935503005981,1.6110967408167198e-05,0.09760213643312454,1.487805275246501e-05,1.0,8.526618330506608e-05,4.1808565583778545e-05,-8.787275874055922e-06,-8.326532224600669e-06,0.03239694982767105,2.5878887754515745e-05,9.182840585708618e-06,1.0,-3.4693223369686166e-06,-0.00019571011944208294,-2.265172588522546e-05,-0.001572477980516851,0.0001296098344027996,-0.0007177434745244682,-4.9561072955839336e-05,-0.00019584546680562198,2.266514093207661e-05,0.0015724609838798642,0.00012620257621165365,0.0006894788239151239,4.954968244419433e-05,-7.748603820800781e-07,9.174236765829846e-07,0.02499999850988388,0.004025265108793974,0.004039005376398563,4.988519322068896e-06,7.06937862560153e-06,0.0,1320,2.683333333333333
13.691666666467427,retreat,13.691667380742729,9.162072922666551,9.730202704668047,0.49489736557006836,0.022717713363817893,0.0,0.007105139502527891,0.0,0.00043269572779536247,1.7287212585870293e-06,0.0,0.0,43,0.0014612567611038685,0.0007054047891870141,0.001107432646676898,0.0006021106382831931,-4.681224538671813e-06,-9.730202704668047,2.2031032642644277e-07,-2.636616500240052e-06,-0.0004326876369304955,-1.4560029626409232e-07,1.7225463579961797e-06,-1.0565639918524994e-08,-9.427667828276753e-05,-2.1261108486214653e-05,1.807316039048601e-05,1.0,0.0022848532535135746,0.0003389738849364221,0.010216103866696358,0.012739375233650208,-0.15066100656986237,-0.09439383447170258,-0.486045777797699,0.5381231307983398,0.4948135018348694,-2.0159764289855957,-0.3969304859638214,2.4605326652526855,1.0478756427764893,-0.0025913326535373926,-0.0153494942933321,0.004676314070820808,-0.0016497824108228087,0.01338049117475748,-0.011491718702018261,-0.008424497209489346,0.6005006432533264,1.5596584489685483e-05,0.09766668826341629,1.3653934729518369e-05,0.9999999403953552,8.24187372927554e-05,4.918863851344213e-05,-8.907916708267294e-06,-8.007023097889032e-06,0.03239688277244568,2.7927733754040673e-05,1.1858532161568291e-05,1.0,-4.416335286805406e-06,-0.00071538588963449,-0.00014911696780472994,-0.0012654084712266922,0.0001551933673908934,-0.0006843984592705965,-7.148217264330015e-05,-0.0007155349012464285,0.00014903359988238662,0.0012653340818360448,0.00013353780377656221,0.000581060943659395,7.147504948079586e-05,-1.0728836059570312e-06,9.035575203597546e-07,0.02499999850988388,0.0040252660401165485,0.004039108287543058,4.992165941075655e-06,7.076043402776122e-06,0.0,1320,2.6916666666666664
13.699999999800639,retreat,13.70000071451068,9.101633311185674,9.665665775537493,0.5034208297729492,0.02201177085225936,0.0,0.0058164573601970915,0.03956468118525214,0.0005606641061604023,2.2375349999492755e-06,0.0,0.0,44,0.004598671104758978,0.0008150510839186609,0.004459736868739128,0.0002412148314760998,-5.833833853330361e-06,-9.665665775537493,3.5463921221889905e-07,-7.57821362640243e-06,-0.0005606127670034766,-6.66862121079248e-08,2.2363360585586634e-06,-3.0267916173443155e-08,-8.60870277392678e-05,-4.273675585864112e-05,1.7357906472170725e-05,0.9999999403953552,0.00037439772859215736,0.00015879688726272434,0.01024561282247305,-0.006851828191429377,-0.04088659957051277,-0.014174355193972588,-0.48606806993484497,0.5379972457885742,0.4948536157608032,-2.0159764289855957,-0.3968168795108795,2.4604411125183105,1.047806978225708,-0.002581984968855977,-0.015361514873802662,0.004677553661167622,-0.0016326166223734617,0.013434628024697304,-0.011546896770596504,-0.008469628170132637,0.6005077362060547,1.5983927369234152e-05,0.09773123264312744,1.1469660421425942e-05,0.9999999403953552,7.917624316178262e-05,5.6172422773670405e-05,-7.93014532973757e-06,-6.771972039132379e-06,0.032396890223026276,1.3436048902804032e-05,6.9112670644244645e-06,0.9999999403953552,-5.886799044674262e-06,-0.004378564190119505,0.00010274512897012755,-0.0014019248774275184,0.00014274752174969763,-0.0007994726183824241,-6.91014647600241e-05,-0.004378705285489559,-0.00010340633889427409,0.001401435467414558,0.00015754721243865788,0.0001669261255301535,6.908489012857899e-05,-2.1457672119140625e-06,8.677106961840764e-07,0.02499999850988388,0.004025128670036793,0.004038520157337189,4.919849743600935e-06,6.998743629083037e-06,0.0,1320,2.7
13.70833333313385,retreat,13.70833404827863,9.041129966061826,9.602827578783037,0.5047321319580078,0.022416195861296728,0.0,0.011246076610404998,0.0,0.16248327493667603,0.00033251280547119677,0.12998661398887634,0.0,45,0.10992074012756348,0.0017406396800652146,0.05327007547020912,0.010988631285727024,-0.0011136908869957551,-9.602827578783037,-0.1297922432422638,-0.007203258574008942,-0.09748280793428421,-9.133595995081123e-06,0.0003323316923342645,-6.081830633775098e-06,-9.575646981829777e-05,-1.294000139751006e-05,1.6971263903542422e-05,0.9999999403953552,-0.000291937350993976,0.00026858621276915073,0.010002324357628822,0.012588239274919033,-0.04816468060016632,-0.013381604105234146,-0.4860908091068268,0.5378713607788086,0.49489372968673706,-2.0159764289855957,-0.396702378988266,2.4603469371795654,1.0477383136749268,-0.0026844434905797243,-0.015476527623832226,0.004761431831866503,-0.002082002116367221,0.013902812264859676,-0.013779292814433575,-0.00883430801331997,0.6005141735076904,1.5602197890984826e-05,0.09779556840658188,9.139464054896962e-06,1.0,7.46083096601069e-05,6.189242412801832e-05,-1.3426903024083003e-05,-7.4079102887480985e-06,0.032398395240306854,4.8952810175251216e-05,2.1149089661776088e-05,1.0,-7.8268440120155e-06,0.08350498974323273,-0.0033655904699116945,-0.07140139490365982,-0.0007384830387309194,0.001488292939029634,-0.00051908876048401,0.08349564671516418,0.0033793558832257986,0.07141167670488358,-0.001226878957822919,0.010574491694569588,0.0005194073310121894,-6.556510925292969e-07,8.485003490932286e-07,0.02499999850988388,0.004009759984910488,0.0040237572975456715,5.283674909151159e-06,7.476628525182605e-06,0.0,1320,2.7083333333333335
13.716666666467063,retreat,13.71666738204658,8.980563852956266,9.540928155183794,0.5053281784057617,0.02117944495694246,0.0,0.0034504187169659417,0.03956468118525214,0.29750365018844604,0.000697827956173569,0.2380029410123825,-3.558107763979024e-05,46,0.2316393405199051,0.01928461343050003,0.06597340852022171,0.007903684861958027,-0.0020828614942729473,-9.540928155183794,-0.23690474033355713,-0.023103227838873863,-0.17846795916557312,-4.659741171053611e-05,0.0006961888284422457,-1.0662237400538288e-05,-0.00011434846965130419,6.9672732934122905e-06,2.0444731489988044e-05,0.9999999403953552,-0.0006466445629484951,0.000246029143454507,0.009643609635531902,0.011750760488212109,-0.07593171298503876,-0.05596533417701721,-0.48611369729042053,0.537745475769043,0.4949339032173157,-2.0159997940063477,-0.39658504724502563,2.4602320194244385,1.0476696491241455,-0.002751107094809413,-0.01567317172884941,0.004646407440304756,-0.0030559315346181393,0.01431855745613575,-0.015195989049971104,-0.009128468111157417,0.6005051732063293,1.7375235984218307e-05,0.09784948825836182,7.987353455973789e-06,1.0,7.225498848129064e-05,4.595772043103352e-05,-2.7977782792731887e-06,-4.321825599618023e-06,0.03239041566848755,5.292555579217151e-05,4.209447797620669e-05,0.9999999403953552,-1.2451617294573225e-05,0.18245740234851837,-0.017736125737428665,-0.14160336554050446,0.0019468755926936865,0.01918361894786358,-0.0003078050503972918,0.1824418306350708,0.017764756456017494,0.14161986112594604,-0.0006169870030134916,0.0071739573031663895,0.000308471528114751,3.5762786865234375e-07,1.0222756827715784e-06,0.02499999850988388,0.00400943448767066,0.004022779408842325,5.35541175850085e-06,7.591443136334419e-06,0.0,1320,2.716666666666667
13.724999999800275,retreat,13.72500071581453,8.919935937530244,9.486300498247148,0.5017518997192383,0.025146635380224325,0.0,0.01761436215019785,0.03956468118525214,0.00012708095891866833,5.080621008346498e-07,0.0,-0.00023220938771828514,48,0.06019198149442673,0.030723193660378456,0.06014084443449974,0.02277209423482418,-1.3237197507010023e-06,-9.486300498247148,8.652780536522187e-08,-1.8656287466001231e-06,-0.00012706723646260798,-1.2540593452570192e-08,5.078524623058911e-07,-7.465075668733334e-09,-9.319313539890572e-05,-1.7346774257021025e-05,2.6321820314478828e-06,1.0,0.00011882279068231583,-0.0009523584740236402,0.010220000520348549,-0.05304857715964317,-0.059544216841459274,-0.013338765129446983,-0.48613637685775757,0.5376192331314087,0.4949682950973511,-2.016045570373535,-0.3964705467224121,2.4601404666900635,1.0476009845733643,-0.0025535887107253075,-0.01567498967051506,0.00426483666524291,-0.00333352480083704,0.013736776076257229,-0.010252580046653748,-0.008624124340713024,0.6004900932312012,1.8811162590282038e-05,0.09789624065160751,5.647992111335043e-06,0.9999999403953552,7.070575520629063e-05,2.9760725738015026e-05,9.755975952430163e-06,-6.699748155369889e-06,0.032382532954216,1.2413618605933152e-05,2.248735836474225e-05,0.9999999403953552,3.0173596314853057e-06,0.054712798446416855,-0.006585780531167984,-0.024211810901761055,0.0047850534319877625,0.030339637771248817,0.000724026991520077,0.054710425436496735,0.006593789905309677,0.024214984849095345,0.0038367679808288813,-0.022435402497649193,-0.0007232423522509634,-8.940696716308594e-07,1.315274857915938e-07,0.02499999850988388,0.004021640866994858,0.004035681951791048,6.090449460316449e-06,8.62672459334135e-06,0.0,1320,2.725
13.733333333133487,retreat,13.733334049582481,8.859247185445021,9.438706189393999,0.4901885986328125,0.0260415345110232,0.0,0.02066851629933808,0.03956468118525214,8.801327930996194e-05,3.533829726620752e-07,0.0,0.0,44,0.009266677312552929,0.004004266113042831,0.009193900041282177,0.0033064421731978655,-8.251065786168965e-07,-9.438706189393999,-2.7483028475216997e-07,5.793312993773725e-06,-8.782197983236983e-05,-3.938488646326732e-08,3.504117103148019e-07,2.3237840096612672e-08,-6.571720587089658e-05,-3.614742308855057e-05,7.1431832111557014e-06,0.9999999403953552,-0.003115069819614291,0.00032086606370285153,0.010039596818387508,0.01416665967553854,0.13889846205711365,0.11758237332105637,-0.4861590564250946,0.5374931693077087,0.49500271677970886,-2.0160908699035645,-0.39636141061782837,2.4600489139556885,1.047532320022583,-0.002472927561029792,-0.01568371057510376,0.004150689113885164,-0.003182975808158517,0.013287687674164772,-0.009723161347210407,-0.008413399569690228,0.6004756689071655,2.045339897449594e-05,0.09794370085000992,4.622987944458146e-06,1.0,7.174745405791327e-05,1.4816301700193435e-05,1.3584782209363766e-05,-5.885524387849728e-06,0.032382406294345856,-2.1330917661543936e-05,-6.03030684942496e-06,0.9999999403953552,-2.521818942113896e-06,0.0051345243118703365,-0.00040307611925527453,-0.007703602779656649,-0.000829628377687186,0.0038755994755774736,-0.0005706055089831352,0.005134237930178642,0.00040388418710790575,0.0077037508599460125,-0.0008874666527844965,-0.0031339179258793592,0.0005706329829990864,-1.7881393432617188e-06,3.5704033507499844e-07,0.02499999850988388,0.004025531467050314,0.004039518069475889,4.908154096483486e-06,6.961490726098418e-06,0.0,1320,2.7333333333333334
13.741666666466699,retreat,13.741667383350432,8.798498562361855,9.3907468020916,0.4755854606628418,0.027491196306073107,0.0,0.021809926693094894,0.03956468118525214,0.0,0.0,0.0,0.0,43,0.007865372113883495,0.0010744467144832015,0.007865372113883495,0.0005231868126429617,0.0,-9.3907468020916,0.0,0.0,0.0,0.0,0.0,0.0,-6.521572504425421e-05,-2.425312231935095e-05,7.432263828377472e-06,1.0,-0.0040453700348734856,0.00034298424725420773,0.010230261832475662,0.016315601766109467,0.1954839825630188,0.1601020246744156,-0.48618170619010925,0.5373671650886536,0.49503713846206665,-2.0161356925964355,-0.3962526023387909,2.4599573612213135,1.0474636554718018,-0.002450796542689204,-0.0156894288957119,0.004150396212935448,-0.0030041919089853764,0.013154851272702217,-0.009761122986674309,-0.008308956399559975,0.6004613041877747,2.168200444430113e-05,0.09799075126647949,4.076928689755732e-06,0.9999999403953552,7.270941569004208e-05,-3.9316333300121187e-07,1.433144097973127e-05,-6.071142252039863e-06,0.032381489872932434,-2.464600584062282e-05,-7.4937966019206215e-06,0.9999999403953552,-3.357119339852943e-06,0.004236334934830666,0.000985215650871396,-0.00655338866636157,-0.000554510101210326,0.0009131329716183245,0.0001146404683822766,0.004236483480781317,-0.0009845461463555694,0.006553392857313156,-0.00041218934347853065,-0.0003011506632901728,-0.00011459780944278464,-1.1920928955078125e-06,3.715340426424518e-07,0.02499999850988388,0.0040242732502520084,0.004038203042000532,5.325069651007652e-06,7.5470597948879e-06,0.0,1320,2.7416666666666667
13.749999999799911,retreat,13.750000717118382,8.737691033942003,9.343085438013079,0.4609227180480957,0.028667656806646846,0.0,0.01991200952033978,0.03956468118525214,0.0,0.0,0.0,0.0,45,0.009217789396643639,0.0010636277729645371,0.009217789396643639,0.00018861537682823837,0.0,-9.343085438013079,0.0,0.0,0.0,0.0,0.0,0.0,-6.55295661999844e-05,-9.845621207205113e-06,7.303627171495464e-06,1.0,-0.004230285994708538,0.00028698419919237494,0.010214795358479023,0.012845727615058422,0.2113560289144516,0.17112289369106293,-0.4862041473388672,0.5372411608695984,0.49507156014442444,-2.016176223754883,-0.3961437940597534,2.4598658084869385,1.0473949909210205,-0.0024416374508291483,-0.015693901106715202,0.004174264147877693,-0.002809635829180479,0.013106885366141796,-0.009821848943829536,-0.008295482955873013,0.6004489064216614,2.2673482817481272e-05,0.09803970158100128,3.350655106260092e-06,1.0,7.339651347137988e-05,-1.3185544048610609e-05,1.2895003237645142e-05,-6.209351340658031e-06,0.0323827862739563,-2.303084147570189e-05,-7.867075510148425e-06,0.9999999403953552,-3.954558451368939e-06,0.00626520486548543,0.0006560402689501643,-0.006729372777044773,-0.00021040154388174415,0.0010407950030639768,-6.149052205728367e-05,0.006265478674322367,-0.0006550754187628627,0.006729212123900652,-0.00011565428576432168,-0.00013569247676059604,6.154182483442128e-05,-4.76837158203125e-07,3.6514938983600587e-07,0.02499999850988388,0.004025569185614586,0.004039529711008072,4.889954198006308e-06,6.933754775673151e-06,0.0,1320,2.75
13.758333333133123,retreat,13.758334050886333,8.676825565846721,9.293531626462938,0.4481077194213867,0.029722015824518166,0.0,0.007971331797307357,0.055952909680744456,0.0,0.0,0.0,0.0,45,0.010625404305756092,0.0010031141573563218,0.010625401511788368,0.0001054060849128291,0.0,-9.293531626462938,0.0,0.0,0.0,0.0,0.0,0.0,-6.672532617812976e-05,6.3361994762090035e-06,5.842533028044272e-06,1.0,-0.0038118704687803984,0.000274717400316149,0.010364502668380737,0.01239326223731041,0.1913662850856781,0.15719935297966003,-0.4862265884876251,0.5371151566505432,0.4951059818267822,-2.016176223754883,-0.39603498578071594,2.4597742557525635,1.0473263263702393,-0.0024385983124375343,-0.015697531402111053,0.004210175480693579,-0.0025999220088124275,0.013097136281430721,-0.00992958527058363,-0.008302412927150726,0.6004557609558105,1.9138464267598465e-05,0.0981033444404602,3.811157739619375e-06,0.9999999403953552,6.917630526004359e-05,-6.398969617293915e-06,-7.2132997956941836e-06,-1.0831514373421669e-05,0.032396867871284485,-6.261927154582736e-08,-2.4509984086762415e-06,0.9999998807907104,-2.031355279541458e-06,0.007612211629748344,0.0004712354566436261,-0.0073980665765702724,-9.653651068219915e-05,0.0009984347270801663,-6.85027043800801e-06,0.007612371351569891,-0.00047012564027681947,0.007397968787699938,-2.8552203730214387e-05,0.00010122847743332386,6.9289062594179995e-06,2.980232238769531e-07,2.921478881035e-07,0.02499999850988388,0.00402430584654212,0.0040383487939834595,5.241419785306789e-06,7.4323907028883696e-06,0.0,1320,2.7583333333333333
13.766666666466335,retreat,13.766667384654284,8.615903123737269,9.229449182748796,0.45287609100341797,0.026112036721315235,0.0,0.009537297955830581,0.0,0.0,0.0,0.0,0.0,53,0.013332945294678211,0.0002132326044375077,0.013332945294678211,0.0019347802735865116,0.0,-9.229449182748796,0.0,0.0,0.0,0.0,0.0,0.0,-8.349389099748805e-05,3.0047585823922418e-05,7.45174611438415e-06,1.0,0.0015210396377369761,0.00033219929900951684,0.010235236957669258,0.01616530306637287,-0.11306361854076385,-0.06635794788599014,-0.4862494468688965,0.5369892120361328,0.49514052271842957,-2.016176223754883,-0.39592596888542175,2.4596827030181885,1.047257661819458,-0.0024772596079856157,-0.015720689669251442,0.004306711256504059,-0.0024424565490335226,0.013212012127041817,-0.010386424139142036,-0.008414804004132748,0.6004624962806702,1.5082892787177116e-05,0.09816710650920868,4.276766048860736e-06,1.0,6.444259634008631e-05,2.0362560348985426e-07,-9.608101208868902e-06,-1.1307485692668706e-05,0.032396554946899414,3.0251334464992397e-05,1.9051425624638796e-05,1.0000001192092896,-3.1730285172670847e-06,0.012678567320108414,-0.00011476291547296569,-0.004124097526073456,-2.4418168322881684e-05,-9.336043876828626e-05,-0.00019014658755622804,0.01267855055630207,0.0001164322966360487,0.004124101251363754,-4.129248554818332e-05,0.0019249585457146168,0.0001902745570987463,1.4901161193847656e-06,3.7271274777594954e-07,0.02499999850988388,0.004024355206638575,0.004038386046886444,5.310495907906443e-06,7.530470611527562e-06,0.0,1320,2.7666666666666666
13.774999999799547,retreat,13.775000718422234,8.554924673274897,9.165217727422716,0.46074390411376953,0.022183610781212337,0.0,0.009076356946025044,0.03956468118525214,0.0,0.0,0.0,0.0,53,0.008055177517235279,0.0006369255133904517,0.008055176585912704,0.0004470934218261391,0.0,-9.165217727422716,0.0,0.0,0.0,0.0,0.0,0.0,-7.995223859325051e-05,1.9709119442268275e-05,7.511875992349815e-06,0.9999999403953552,0.0023862195666879416,0.000304844812490046,0.010264570824801922,0.013154112733900547,-0.15953533351421356,-0.09867383539676666,-0.48627230525016785,0.5368632674217224,0.4951753616333008,-2.016176223754883,-0.39581653475761414,2.4595911502838135,1.0471889972686768,-0.0024954010732471943,-0.015727881342172623,0.004375981166958809,-0.0022990270517766476,0.013300384394824505,-0.010513955727219582,-0.00848752073943615,0.6004692912101746,1.1197866115253419e-05,0.09823116660118103,4.3292266127537005e-06,1.0,5.9816560678882524e-05,7.10216363586369e-06,-8.982302460935898e-06,-1.126729512179736e-05,0.032396383583545685,2.6811381758307107e-05,2.0135816157562658e-05,0.9999999403953552,-3.18090314976871e-06,0.00596621073782444,-0.0009571444243192673,-0.00532673392444849,0.000389319407986477,0.0004989378503523767,-7.187126902863383e-05,0.0059660207480192184,0.0009579040925018489,0.005326808430254459,0.0002509388723410666,0.000362968014087528,7.194745558081195e-05,1.0132789611816406e-06,3.7567224353551865e-07,0.02499999850988388,0.0040243687108159065,0.004038411658257246,5.252137270872481e-06,7.445050869137049e-06,0.0,1320,2.775
13.78333333313276,retreat,13.783334052190185,8.49389118012087,9.100792557001116,0.46837329864501953,0.018422349967295304,0.0,0.0077787826739950106,0.0,8.946474554250017e-05,3.5861324931829586e-07,0.0,0.0,43,0.00508376769721508,0.0005412917817011476,0.0050056688487529755,0.000784423085860908,-9.778203455823586e-07,-9.100792557001116,2.4951036792231207e-09,-5.306480943545466e-08,-8.946473099058494e-05,-1.6596674257129962e-08,3.5822893096337793e-07,-2.076961103103514e-10,-7.000574987614527e-05,1.003233774099499e-05,7.229582024592673e-06,1.0,0.002298800041899085,0.00031221300014294684,0.01031249389052391,0.01346372440457344,-0.15353329479694366,-0.09520424157381058,-0.4862951636314392,0.536737322807312,0.4952116310596466,-2.016176223754883,-0.3957059681415558,2.4594995975494385,1.0471203327178955,-0.0025167944841086864,-0.015734052285552025,0.004453273490071297,-0.0021666151005774736,0.013386919163167477,-0.010732247494161129,-0.008563224226236343,0.6004759669303894,8.503574463247787e-06,0.09829504787921906,3.6376391108206008e-06,1.0,5.514029908226803e-05,1.3730797945754603e-05,-8.458324373350479e-06,-1.0155348718399182e-05,0.03239583969116211,2.3763273929944262e-05,1.486559267505072e-05,1.0000001192092896,-3.5904283777199453e-06,0.002203315030783415,-0.0010982451494783163,-0.004447915591299534,0.0002760385686997324,-0.0004444473597686738,-0.0001388021482853219,0.0022030717227607965,0.0010985205881297588,0.004447968211025,0.00011724547948688269,0.0007627294398844242,0.00013883151405025274,4.76837158203125e-07,3.6151504900772125e-07,0.02499999850988388,0.0040243989787995815,0.0040384382009506226,5.236961442278698e-06,7.422931957989931e-06,0.0,1320,2.783333333333333
13.791666666465972,retreat,13.791667385958135,8.432803609936439,9.036613255739214,0.4754066467285156,0.015852074284339324,0.0,0.006665625278401421,0.0,0.00015375192742794752,6.158961127766815e-07,0.0,0.0,49,0.004083797335624695,0.0007483009831048548,0.00394425168633461,0.0008782442309893668,-1.6822063102495122e-06,-9.036613255739214,-1.777860170193435e-08,2.1437129760215612e-07,-0.00015375178190879524,-5.791287094325526e-08,6.131666623332421e-07,8.671184881237082e-10,-6.71215821057558e-05,4.979175173502881e-06,7.5869279498874675e-06,1.0,0.0022172194439917803,0.00033242307836189866,0.010343518108129501,0.013777493499219418,-0.14847621321678162,-0.09147428721189499,-0.4863179922103882,0.5366111397743225,0.49525153636932373,-2.016176223754883,-0.3955919146537781,2.4594080448150635,1.0470516681671143,-0.002540453104302287,-0.015743311494588852,0.004531968384981155,-0.002056838944554329,0.013466249220073223,-0.0109696751460433,-0.008626519702374935,0.6004830598831177,8.484093086735811e-06,0.09835972636938095,1.3271323950903025e-06,0.9999999403953552,5.1289756811456755e-05,2.080297053907998e-05,-8.976514436653815e-06,-7.454820206476143e-06,0.032396331429481506,2.5782444936339743e-05,1.5831987184355967e-05,1.0,-6.258145731408149e-06,0.001154102385044098,-0.0012227706611156464,-0.003721596673130989,0.00023279005836229771,-0.0007005252409726381,-0.00012258680362720042,0.0011538221733644605,0.0012228995328769088,0.00372164323925972,5.601775774266571e-05,0.0008672283147461712,0.0001226064923685044,2.384185791015625e-07,3.793629730353132e-07,0.02499999850988388,0.004024456720799208,0.004038561601191759,5.227168003330007e-06,7.410591933876276e-06,0.0,1320,2.7916666666666665
13.799999999799184,retreat,13.800000719726086,8.371662928382868,8.971703797578813,0.48291683197021484,0.016003294149413705,0.0,0.00679292816130328,0.03956468118525214,0.0002333353040739894,9.33665262436989e-07,0.0,0.0,49,0.0033480569254606962,0.0007665090961381793,0.003135478124022484,0.0008725099032744765,-2.5614412351160354e-06,-8.971703797578813,1.8625988218445855e-07,-2.269589458592236e-06,-0.00023332418641075492,-7.562464077182085e-08,9.305529147241032e-07,-9.109362153481015e-09,-6.281722016865388e-05,-1.216080590893398e-06,5.638029506371822e-06,1.0,0.0023453417234122753,0.0004198637034278363,0.010350121185183525,0.01890033856034279,-0.15593300759792328,-0.09758079797029495,-0.48634082078933716,0.5364845991134644,0.49529165029525757,-2.016176223754883,-0.3954774737358093,2.4593164920806885,1.046983003616333,-0.002561587141826749,-0.015757951885461807,0.004599553998559713,-0.001971043646335602,0.013523077592253685,-0.011203818023204803,-0.008668878115713596,0.600490152835846,8.443776096100919e-06,0.09842482209205627,-1.2704489336101688e-06,0.9999999403953552,4.713852104032412e-05,2.80756430584006e-05,-9.03056024981197e-06,-7.477965482394211e-06,0.03239651769399643,2.6859908757614903e-05,1.567885556141846e-05,0.9999999403953552,-6.906769613124197e-06,0.0008047664305195212,-0.0010942380176857114,-0.0030601436737924814,0.00012867688201367855,-0.0007497773040086031,-9.387469617649913e-05,0.000804491457529366,0.0010943056549876928,0.0030601907055824995,-2.951470378320664e-05,0.000866008922457695,9.389115439262241e-05,-5.960464477539063e-08,2.818978828145191e-07,0.02499999850988388,0.004024490714073181,0.004038553684949875,5.324322046362795e-06,7.54831125959754e-06,0.0,1320,2.8
13.808333333132396,retreat,13.808334053494036,8.310470101121407,8.90641435980797,0.49048662185668945,0.0161915595526807,0.0,0.007337587248912314,0.03956468118525214,0.00030007821624167264,1.3499798114935402e-06,0.0,0.0,47,0.0027881800197064877,0.0007138868095353246,0.0025023759808391333,0.0007275089155882597,-3.326859186358888e-06,-8.90641435980797,3.220354471977771e-07,-7.137073225749191e-06,-0.0002999931457452476,-2.701000489935268e-08,1.3493288406607462e-06,-3.205619947266314e-08,-5.9506997786229476e-05,-9.431721082364675e-06,3.2407242542831227e-06,1.0,0.002355132717639208,0.00041470633004792035,0.010379104875028133,0.017868513241410255,-0.1568976789712906,-0.09788606315851212,-0.48636364936828613,0.5363563895225525,0.4953317940235138,-2.016176223754883,-0.3953629732131958,2.4592249393463135,1.0469143390655518,-0.002580089494585991,-0.01577533408999443,0.004657689016312361,-0.0019091101130470634,0.013569959439337254,-0.011400231160223484,-0.0087061682716012,0.6004975438117981,8.110093403956853e-06,0.09849037230014801,-3.367571480339393e-06,0.9999999403953552,4.276428444427438e-05,3.600105264922604e-05,-9.365303412778303e-06,-7.863967766752467e-06,0.032396771013736725,2.656967262737453e-05,1.6742857042117976e-05,0.9999999403953552,-6.606555871258024e-06,0.0001284753088839352,-0.000857412931509316,-0.002649959409609437,9.635676542529836e-05,-0.0006982648628763855,-0.00011303087376290932,0.00012821120617445558,0.0008574059465900064,0.0026499736122787,-2.7602036425378174e-05,0.0007167971925809979,0.00011304274812573567,-4.76837158203125e-07,1.620082912268117e-07,0.02499999850988388,0.004024525638669729,0.004038583487272263,5.2966352086514235e-06,7.512542651966214e-06,0.0,1320,2.808333333333333
13.816666666465608,retreat,13.816667387261987,8.249226093813318,8.840722590684893,0.49763917922973633,0.016120435248012654,0.0,0.00986897612165194,0.0,0.0005060007097199559,2.0211030005157227e-06,0.0,0.0,45,0.004462943412363529,0.0008709644316695631,0.004178725183010101,0.00036976992851123214,-5.3938487667437585e-06,-8.840722590684893,5.940537448623218e-07,-7.2569500844110735e-06,-0.0005059483228251338,-1.5525249352776882e-07,2.0149213924014475e-06,-2.907837171051142e-08,-5.7197899877792224e-05,-1.0834630302269943e-05,-4.4115228092778125e-07,1.0,0.0005838238866999745,0.0003511284594424069,0.010429251939058304,0.012419058009982109,-0.05575232580304146,-0.024755381047725677,-0.48638615012168884,0.5362237095832825,0.49537193775177,-2.016176223754883,-0.39524850249290466,2.4591333866119385,1.0468456745147705,-0.00258951005525887,-0.015789121389389038,0.004699943121522665,-0.0018592021660879254,0.013602431863546371,-0.01152112614363432,-0.008732959628105164,0.6005057096481323,7.673520485695917e-06,0.0985584408044815,-4.539645487966482e-06,0.9999999403953552,3.881181692122482e-05,4.568392978399061e-05,-1.1006224667653441e-05,-8.153489943651948e-06,0.032399147748947144,3.484954504529014e-05,1.8386113879387267e-05,1.0,-4.096298653166741e-06,-0.0035000909119844437,-0.0007490866119042039,-0.0026657262351363897,0.0001125880517065525,-0.0008565736934542656,-0.00011038320371881127,-0.003500392660498619,0.0007487905095331371,0.0026654121465981007,4.308363713789731e-06,0.0003508848021738231,0.00011036646174034104,-5.364418029785156e-07,-2.2087988327257335e-08,0.02499999850988388,0.004025067202746868,0.004039062187075615,5.044738827564288e-06,7.13157351128757e-06,0.0,1320,2.8166666666666664
13.82499999979882,retreat,13.825000721029937,8.187931872119853,8.773577958345415,0.5054473876953125,0.015562027328996919,0.0,0.01312788481300231,0.055952909680744456,0.05970291048288345,0.00014021422248333693,0.04776233062148094,0.0,48,0.03951359540224075,0.0004434419679455459,0.020886745303869247,0.004620887339115143,-0.00039725901660858653,-8.773577958345415,-0.04767761006951332,-0.0029509610030800104,-0.03581305965781212,-2.6735785922937794e-06,0.00014013765030540526,-3.78429740521824e-06,-4.4823100324720144e-05,-2.7960750230704434e-05,4.070748786944023e-07,1.0,-0.0001656318927416578,0.00032345752697438,0.010273931547999382,0.012595895677804947,-0.026500754058361053,-0.001258336124010384,-0.48640894889831543,0.5360873937606812,0.49541205167770386,-2.016176223754883,-0.39513400197029114,2.4590418338775635,1.0467770099639893,-0.002643782878294587,-0.01584423892199993,0.004774840082973242,-0.0019988941494375467,0.013804063200950623,-0.012493238784372807,-0.008886019699275494,0.6005147695541382,6.5270405684714206e-06,0.09862831979990005,-4.839935172640253e-06,0.9999999403953552,3.4388907806715e-05,5.716859959647991e-05,-1.3002455489186104e-05,-8.72210421221098e-06,0.032401882112026215,2.9208082196419127e-05,1.0434347132104449e-05,0.9999998807907104,-5.245408829068765e-06,0.0287504680454731,-0.0021149893291294575,-0.027023352682590485,-0.00020487378060352057,-0.0002914384240284562,-0.00026406656252220273,0.028747232630848885,0.0021167045924812555,0.027026651427149773,-0.0005110038910061121,0.004444712772965431,0.0002643293119035661,-1.3709068298339844e-06,2.029082679655403e-08,0.02499999850988388,0.004010014235973358,0.0040240357629954815,5.218690603214782e-06,7.392634870484471e-06,0.0,1320,2.825
13.833333333132032,retreat,13.833334054797888,8.126588401702277,8.706492930650713,0.5053877830505371,0.013861944353266153,0.0,0.004481225914787501,0.03956468118525214,0.33968818187713623,0.0007984891417436302,0.2717505693435669,0.0,55,0.24303659796714783,0.009933464229106903,0.09738419950008392,0.018176529556512833,-0.002444143930915743,-8.706492930650713,-0.27127805352211,-0.016599588096141815,-0.2037663608789444,-1.6290185158140957e-05,0.0007980588125064969,-2.053332718787715e-05,-6.742843106621876e-05,1.0681837011361495e-05,2.6963800792145776e-06,0.9999999403953552,-0.0006715473718941212,0.0002402144600637257,0.009844825603067875,0.013249299488961697,-0.08056522905826569,-0.004965473897755146,-0.4864318370819092,0.535950243473053,0.4954521954059601,-2.016195058822632,-0.395015150308609,2.458918571472168,1.046708345413208,-0.0028413329273462296,-0.01605958305299282,0.004903895314782858,-0.002991860033944249,0.014624600298702717,-0.016103193163871765,-0.009486055001616478,0.6005082726478577,5.966322987660533e-06,0.09868942201137543,-2.341775370950927e-06,1.0,3.0841805710224435e-05,4.4341944885673e-05,-5.733536454499699e-06,-7.744159120193217e-06,0.03239591419696808,5.502401836565696e-05,3.658672358142212e-05,0.9999999403953552,-5.034835794504033e-06,0.18799975514411926,-0.010428974404931068,-0.1536688506603241,-0.0003886074700858444,0.00989657174795866,-0.0007619455573149025,0.18798547983169556,0.010439852252602577,0.1536855548620224,-0.0018975714920088649,0.017262160778045654,0.00076337403152138,5.364418029785156e-07,1.3485532690538093e-07,0.02499999850988388,0.004010277334600687,0.0040242536924779415,5.18167234986322e-06,7.329537766054273e-06,0.0,1320,2.8333333333333335
13.841666666465244,retreat,13.841667388565838,8.065196648221841,8.645547181367876,0.5053281784057617,0.014323825780593324,0.0,0.012263328244443983,0.03956468118525214,0.05919288843870163,0.00012105562200304121,0.047354310750961304,0.0,49,0.10382310301065445,0.03437129780650139,0.046131256967782974,0.021188484504818916,-0.0003795502780121751,-8.645547181367876,-0.04730668291449547,-0.002123413374647498,-0.03551572561264038,-5.316740043781465e-06,0.00012093859550077468,-2.2755173745281354e-07,-3.477321661193855e-05,-3.84186023438815e-05,-3.0637485792794905e-07,0.9999999403953552,-0.00044354735291562974,0.0004014869045931846,0.009878400713205338,0.014508387073874474,-0.03681528940796852,-0.0020363805815577507,-0.48645472526550293,0.5358129143714905,0.4954920709133148,-2.0162408351898193,-0.39489614963531494,2.458827018737793,1.0466396808624268,-0.0026703758630901575,-0.016093427315354347,0.004525045398622751,-0.0034732576459646225,0.01413959264755249,-0.011441538110375404,-0.009008071385324001,0.6004958152770996,9.868879715213552e-06,0.09874279052019119,-4.962540515407454e-06,1.0,3.007363193319179e-05,3.342973650433123e-05,7.371533683908638e-06,-4.132980848225998e-06,0.03238833695650101,-4.988703949493356e-06,4.69976930617122e-06,0.9999999403953552,-4.656159035221208e-06,0.089788056910038,-0.01155258622020483,-0.0508318692445755,0.0053366185165941715,0.03394307568669319,0.0008798923227004707,0.08978396654129028,0.011557482182979584,0.05083798989653587,0.003668849589303136,-0.02097174897789955,-0.0008795694448053837,-1.9073486328125e-06,-1.5385921869892627e-08,0.02499999850988388,0.004010295029729605,0.004024270456284285,5.163997229828965e-06,7.3244154918938875e-06,0.0,1320,2.841666666666667
13.849999999798456,retreat,13.850000722333789,8.003757577339808,8.591046184301378,0.49483776092529297,0.018237304175272584,0.0,0.0153398414113326,0.03956468118525214,2.1254440071061254e-05,8.512198235166579e-08,0.0,0.0,46,0.020319992676377296,0.009363343939185143,0.020308002829551697,0.006945827044546604,-2.1101973679549246e-07,-8.591046184301378,1.6223683729776894e-08,-3.6124123425906873e-07,-2.1251364159979858e-05,-2.0808799128246847e-09,8.50842241106875e-08,-1.4479303311887293e-09,-2.8024735001963563e-05,-3.367401222931221e-05,-2.6693612653616583e-06,1.0,-0.0019943546503782272,0.0005058341776020825,0.010180342011153698,0.02087504230439663,0.06929279118776321,0.06666018068790436,-0.4864773154258728,0.535675585269928,0.4955267906188965,-2.016286611557007,-0.3947817087173462,2.458735466003418,1.0465710163116455,-0.002570300130173564,-0.016097351908683777,0.00437087332829833,-0.003410754958167672,0.013615083880722523,-0.01004781387746334,-0.00871205423027277,0.6004834175109863,1.096122468879912e-05,0.0987960621714592,-5.078205504105426e-06,0.9999999403953552,2.9192131478339434e-05,2.2918642571312375e-05,9.959969247574918e-06,-6.946515895833727e-06,0.03238709270954132,-1.075530508387601e-05,-1.1672858590827673e-06,0.9999999403953552,-2.409185299256933e-06,0.016764331609010696,-0.00048770412104204297,-0.011472638696432114,-5.895484719076194e-05,0.009353411383926868,-0.00042712409049272537,0.016763776540756226,0.0004885663511231542,0.011473407037556171,-0.00012910220539197326,-0.0069315629079937935,0.000427159306127578,-1.6689300537109375e-06,-1.335156412096694e-07,0.02499999850988388,0.004024619236588478,0.0040384023450315,5.327942744770553e-06,7.555936463177204e-06,0.0,1320,2.85
13.858333333131668,retreat,13.85833405610174,7.942272154717429,8.537230640649797,0.48279762268066406,0.01919076021295041,0.0,0.016987998606055044,0.03956468118525214,0.0,0.0,0.0,0.0,48,0.007743576541543007,0.0016571608139201999,0.007743576541543007,0.0010094083845615387,0.0,-8.537230640649797,0.0,0.0,0.0,0.0,0.0,0.0,-2.590327312645968e-05,-2.6174579033977352e-05,-2.354194748477312e-06,0.9999999403953552,-0.0031695114448666573,0.00036790105514228344,0.010223610326647758,0.013030705973505974,0.14190931618213654,0.11948519945144653,-0.48650017380714417,0.5355382561683655,0.4955613613128662,-2.0163323879241943,-0.39466896653175354,2.458643913269043,1.0465023517608643,-0.0025384295731782913,-0.016096867620944977,0.0043578073382377625,-0.0032419608905911446,0.013396285474300385,-0.009983720257878304,-0.008563663810491562,0.6004707217216492,1.1553337571967859e-05,0.09884899109601974,-4.395069481688552e-06,1.0,2.8830370865762234e-05,1.2101588254154194e-05,1.1316325981169939e-05,-7.35206685931189e-06,0.03238622099161148,-1.4072943486098666e-05,-2.9270117920532357e-06,0.9999999403953552,-2.0413147012732225e-06,0.004541337955743074,0.0011817256454378366,-0.006159768905490637,-0.000772776547819376,0.0014655585400760174,-3.371346974745393e-05,0.004541256930679083,-0.0011815178440883756,0.006159868557006121,-0.0006020671571604908,-0.0008094949880614877,3.373852086951956e-05,-1.3113021850585938e-06,-1.1774318409152329e-07,0.02499999850988388,0.004025883041322231,0.004039705265313387,4.803286628884962e-06,6.805057637393475e-06,0.0,1320,2.8583333333333334
13.86666666646488,retreat,13.86666738986969,7.880741346015961,8.483809977769853,0.47004222869873047,0.01998676816583611,0.0,0.01756707570166327,0.0,0.0,0.0,0.0,0.0,46,0.009114722721278667,0.0010881599737331271,0.009114722721278667,0.00018528559303376824,0.0,-8.483809977769853,0.0,0.0,0.0,0.0,0.0,0.0,-2.4767121431068517e-05,-1.7276244761887938e-05,-1.3929186934547033e-05,1.0,-0.0035311297979205847,-0.002562623005360365,0.009954997338354588,0.016010060906410217,0.16758626699447632,0.1379304677248001,-0.4865230321884155,0.535400927066803,0.4955964684486389,-2.0163774490356445,-0.3945591449737549,2.458552360534668,1.046433687210083,-0.0025409958325326443,-0.016085585579276085,0.004420978482812643,-0.0030669858679175377,0.01337706483900547,-0.010030340403318405,-0.008547772653400898,0.6004583239555359,1.2194217561045662e-05,0.09890184551477432,-3.1010845304990653e-06,1.0,2.968026092275977e-05,1.6255187347269384e-06,1.16372839329415e-05,-7.590996574435849e-06,0.032385654747486115,-1.5651061403332278e-05,-4.913112661597552e-06,1.0,1.0827632650034502e-05,0.005207506939768791,0.005248690955340862,-0.005330224055796862,-0.0006370500777848065,0.0008803399978205562,-5.710398545488715e-05,0.00520780123770237,-0.005248414818197489,0.005330208223313093,0.00012112525291740894,-0.00012801215052604675,5.720416083931923e-05,-8.344650268554688e-07,-6.964801286812872e-07,0.02499999850988388,0.00402585556730628,0.004038468934595585,-2.186570782214403e-06,-3.098943125223741e-06,0.0,1320,2.8666666666666667
13.874999999798092,retreat,13.87500072363764,7.8191661168966675,8.430419117212297,0.45752525329589844,0.02011672404478304,0.0,0.01669671655690763,0.06852804166478502,0.0,0.0,0.0,0.0,50,0.010062401182949543,0.000643048610072583,0.010062400251626968,0.0006951626855880022,0.0,-8.430419117212297,0.0,0.0,0.0,0.0,0.0,0.0,-2.42218557104934e-05,-6.959874554013368e-06,-4.6879802084731637e-07,0.9999999403953552,-0.0036098172422498465,0.00034146523103117943,0.01045022252947092,0.012340323999524117,0.17452330887317657,0.1446981132030487,-0.4865458309650421,0.5352635979652405,0.4956318438053131,-2.01642107963562,-0.39445024728775024,2.458460807800293,1.0463650226593018,-0.0025086768437176943,-0.016084663569927216,0.00439869612455368,-0.0028541083447635174,0.013242186047136784,-0.010176434181630611,-0.008477513678371906,0.6004469990730286,1.2420117855072021e-05,0.09895604103803635,-1.165756543741736e-06,0.9999999403953552,3.069085141760297e-05,-7.582513717352413e-06,1.1041633115382865e-05,-7.620430551469326e-06,0.03238644450902939,-1.4542366443492938e-05,-6.4689838836784475e-06,0.9999998211860657,-6.973542099331098e-07,0.005879406817257404,-0.00423187343403697,-0.006983963772654533,-5.1586921472335234e-05,0.0006408072076737881,-1.4711789845023304e-05,0.005879253149032593,0.004232216626405716,0.0069838822819292545,-0.0006629781564697623,0.0002085532178170979,1.4720521903655026e-05,-3.5762786865234375e-07,-2.3448592401109636e-08,0.02499999850988388,0.0040246183052659035,0.004038464277982712,5.153888196218759e-06,7.308321073651314e-06,0.0,1320,2.875
13.883333333131304,retreat,13.883334057405591,7.7575474330208,8.375687152147295,0.4462599754333496,0.020290122847654857,0.0,0.010737846423580777,0.03956468118525214,0.0,0.0,0.0,0.0,46,0.00962862465530634,0.0009838695405051112,0.009628623723983765,0.0002333416632609442,0.0,-8.375687152147295,0.0,0.0,0.0,0.0,0.0,0.0,-2.4744313122937456e-05,2.529204493839643e-06,9.647319529904053e-07,1.0,-0.003367207245901227,0.00035020612995140254,0.010512941516935825,0.012112987227737904,0.16500739753246307,0.13722090423107147,-0.4865685999393463,0.535126268863678,0.49566933512687683,-2.0164239406585693,-0.39434099197387695,2.458369255065918,1.0462963581085205,-0.00250501767732203,-0.01607087254524231,0.004442860838025808,-0.002650223206728697,0.013292760588228703,-0.010255486704409122,-0.00852212030440569,0.6004547476768494,9.56950771069387e-06,0.09902510046958923,9.864801313597127e-07,1.0,2.7871104975929484e-05,3.3191665806953097e-06,-8.678347512613982e-06,-1.078501736628823e-05,0.03240078687667847,5.848374257766409e-06,-3.1267870781448437e-06,0.9999999403953552,2.190096459742108e-08,0.007117530331015587,-0.0004902897635474801,-0.006466127000749111,0.00028732052305713296,0.0009409814956597984,-7.441177984901515e-08,0.007117460016161203,0.0004906990798190236,0.006466171704232693,0.00021641291095875204,8.725683437660336e-05,1.5669408526264306e-07,1.1920928955078125e-07,4.8239598982036114e-08,0.02499999850988388,0.00402467604726553,0.004038454499095678,5.143097041582223e-06,7.287075277417898e-06,0.0,1320,2.8833333333333333
13.891666666464516,retreat,13.891667391173542,7.695886260049619,8.30630734562874,0.4521608352661133,0.017269072486669756,0.0,0.012346264156803954,0.03956468118525214,0.0,0.0,0.0,0.0,56,0.01229860633611679,0.0004031471034977585,0.01229860633611679,0.0020968092139810324,0.0,-8.30630734562874,0.0,0.0,0.0,0.0,0.0,0.0,-4.088519563083537e-05,2.1181995180086233e-05,5.010553650208749e-06,1.0,0.0019203777192160487,0.0004322702588979155,0.010358201339840889,0.017422262579202652,-0.1369330734014511,-0.08541973680257797,-0.4865914583206177,0.5349889397621155,0.49570927023887634,-2.0164248943328857,-0.3942280411720276,2.458277702331543,1.0462276935577393,-0.0025365324690937996,-0.01607656665146351,0.004535744898021221,-0.0024968176148831844,0.013432872481644154,-0.01072781067341566,-0.008638369850814342,0.6004635691642761,8.586865988036152e-06,0.09909507632255554,1.0328585631214082e-06,0.9999999403953552,2.449616658850573e-05,1.4683548215543851e-05,-1.2335594874457456e-05,-8.749717380851507e-06,0.03240136802196503,3.5865625250153244e-05,1.6389123629778624e-05,0.9999999403953552,-3.976575499109458e-06,0.011941649951040745,-0.0005656058783642948,-0.002886659698560834,0.00010965656110784039,-0.0003677752101793885,-0.0001234683149959892,0.011941537261009216,0.0005661967443302274,0.0028870082460343838,2.7810732717625797e-05,0.002092979848384857,0.00012357617379166186,1.0728836059570312e-06,2.5057124730665237e-07,0.02499999850988388,0.004024673253297806,0.004038500599563122,5.254548341326881e-06,7.445778464898467e-06,0.0,1320,2.8916666666666666
13.899999999797728,retreat,13.900000724941492,7.634183563644378,8.23599621653557,0.4620552062988281,0.01632925159356091,0.0,0.0124024090837338,0.055952909680744456,0.0,0.0,0.0,0.0,52,0.006735206115990877,0.0003850888169836253,0.0067352065816521645,0.0006634935853071511,0.0,-8.23599621653557,0.0,0.0,0.0,0.0,0.0,0.0,-3.7141919165151194e-05,8.997562872536946e-06,5.542788130696863e-06,0.9999999403953552,0.0031098355539143085,0.000459235132439062,0.010363698936998844,0.018341844901442528,-0.2031230330467224,-0.13337764143943787,-0.48661431670188904,0.534851610660553,0.4957493245601654,-2.016425609588623,-0.39411357045173645,2.458186149597168,1.046159029006958,-0.0025407029315829277,-0.016068516299128532,0.0045847417786717415,-0.0023626459296792746,0.013521919026970863,-0.010890969075262547,-0.008706613443791866,0.6004723310470581,7.207962426036829e-06,0.09916561841964722,1.1298239996904158e-06,1.0,1.9954744857386686e-05,2.631456300150603e-05,-1.1956901289522648e-05,-9.194949598168023e-06,0.032401613891124725,3.531219408614561e-05,1.7187332559842616e-05,0.9999998807907104,-4.411806912685279e-06,0.005599010270088911,-0.0008453624905087054,-0.003646841272711754,0.0003370747435837984,0.0001822909398470074,-3.800015838351101e-05,0.005598784424364567,0.000845594156999141,0.0036471341736614704,0.0002148824860341847,0.0006265778793022037,3.807158282143064e-05,4.76837158203125e-07,2.7715577743947506e-07,0.02499999850988388,0.004024673253297806,0.004038483370095491,5.274550858302973e-06,7.480557542294264e-06,0.0,1320,2.9
13.90833333313094,retreat,13.908334058709443,7.5724403094663355,8.165260404348375,0.4718303680419922,0.01507710840087384,0.0,0.01219098976434907,0.0,0.00030246158712543547,1.2117465075789369e-06,0.0,0.0,48,0.0031648112926632166,0.0007240400882437825,0.002904050052165985,0.0009033099631778896,-3.386079555411925e-06,-8.165260404348375,2.6137723807551083e-07,-5.739693278883351e-06,-0.0003024070174433291,-3.365395429000273e-08,1.2110606348869624e-06,-2.30052528138458e-08,-3.708931035362184e-05,-4.54762175650103e-06,5.09552091898513e-06,1.0,0.003092107130214572,0.0004418141033966094,0.01038772240281105,0.0171003770083189,-0.20177319645881653,-0.13264776766300201,-0.4866371750831604,0.5347142815589905,0.49578943848609924,-2.016425609588623,-0.39399904012680054,2.458094596862793,1.0460903644561768,-0.0025408805813640356,-0.0160575769841671,0.004627511370927095,-0.0022456066217273474,0.01360773853957653,-0.011108686216175556,-0.008786970749497414,0.6004814505577087,6.1253876992850564e-06,0.09923599660396576,1.2412594969646307e-06,0.9999999403953552,1.5936959243845195e-05,3.829892375506461e-05,-1.2077927749487571e-05,-9.032501111505553e-06,0.03240124136209488,3.3751337468856946e-05,2.1152536646695808e-05,1.0,-3.852912868751446e-06,0.0014229405205696821,-0.0006243765237741172,-0.002757068257778883,0.00021465095051098615,-0.0006761489785276353,-0.00014485017163679004,0.0014227094361558557,0.0006244285614229739,0.002757174661383033,0.00012438181147444993,0.0008816951885819435,0.00014487783482763916,-2.384185791015625e-07,2.5476765586063266e-07,0.02499999850988388,0.004024673253297806,0.004038537852466106,5.236704055278096e-06,7.427559467032552e-06,0.0,1320,2.908333333333333
13.916666666464153,retreat,13.916667392477393,7.51065746317675,8.094770461320879,0.48154592514038086,0.014099126019573305,0.0,0.012647325092984829,0.03956468118525214,0.00042772889719344676,1.7115053196903318e-06,0.0,0.0,50,0.001882778131403029,0.0010115077020600438,0.0014848620630800724,0.001026296173222363,-4.80461250162989e-06,-8.094770461320879,3.5716018942366645e-07,-7.88070337875979e-06,-0.0004276561376173049,-4.86322520032445e-08,1.7105232927860925e-06,-3.1551724788414504e-08,-3.374928201083094e-05,-1.5383067875518464e-05,4.629571321856929e-06,0.9999999403953552,0.003126594703644514,0.0004223207652103156,0.010416428558528423,0.01506015658378601,-0.20461292564868927,-0.1325346976518631,-0.48666003346443176,0.534576952457428,0.49582958221435547,-2.016425609588623,-0.39388447999954224,2.458003044128418,1.0460216999053955,-0.0025404978077858686,-0.016048915684223175,0.00466518709436059,-0.002158209215849638,0.013695684261620045,-0.011345422826707363,-0.008856563828885555,0.6004906892776489,4.833733328268863e-06,0.09930668771266937,1.18166383344942e-06,1.0,1.179704941023374e-05,5.023653284297325e-05,-1.2374764992273413e-05,-9.342220437247306e-06,0.03240145742893219,3.485347770038061e-05,2.1952449969830923e-05,0.9999999403953552,-3.4463946576579474e-06,0.0001766256318660453,-0.0006189147825352848,-0.0017693506088107824,0.0001818394084693864,-0.0009912342065945268,-8.681648614583537e-05,0.00017643325554672629,0.0006189231644384563,0.0017693667905405164,9.23740299185738e-05,0.001016732188872993,8.683267515152693e-05,-7.748603820800781e-07,2.3145275918068364e-07,0.02499999850988388,0.004024691414088011,0.004038576502352953,5.196909114602022e-06,7.368158549070358e-06,0.0,1320,2.9166666666666665
13.924999999797365,retreat,13.925000726245344,7.44883599043688,8.024057000875475,0.4913806915283203,0.012904026334581431,0.0,0.012487158528529108,0.03956468118525214,0.0004798905865754932,2.157785729650641e-06,0.0,0.0,53,0.0012943330220878124,0.001017836038954556,0.0010142449755221605,0.0009271790622733533,-5.446212099968761e-06,-8.024057000875475,3.6662981983681675e-07,-8.202252502087504e-06,-0.0004798203590326011,-6.283064379886127e-08,2.1565570023085456e-06,-3.6792236812743795e-08,-2.6141691705561243e-05,-2.6915849957731552e-05,4.844153863814427e-06,1.0,0.0031819099094718695,0.0004338150902185589,0.010412859730422497,0.015479530207812786,-0.20874184370040894,-0.13624978065490723,-0.4866828918457031,0.5344396233558655,0.4958697259426117,-2.016425609588623,-0.3937698304653168,2.457911491394043,1.0459530353546143,-0.002537730149924755,-0.016042275354266167,0.004694136790931225,-0.0021020208951085806,0.01377788744866848,-0.01154958177357912,-0.008923016488552094,0.6004997491836548,3.625478257163195e-06,0.09937715530395508,1.0534870398259955e-06,0.9999999403953552,7.376932444458362e-06,6.207982369232923e-05,-1.2367434464977123e-05,-9.346966180601157e-06,0.0324011966586113,3.51639864675235e-05,1.876503120001871e-05,0.9999999403953552,-3.7892414184170775e-06,-0.0005359326023608446,-0.000759778602514416,-0.0009004503954201937,0.00020415621111169457,-0.0009909783257171512,-0.00011078119132434949,-0.0005360555951483548,0.0007597726071253419,0.0009003821760416031,9.435366519028321e-05,0.0009135414147749543,0.00011079538671765476,-1.3709068298339844e-06,2.421720637357794e-07,0.02499999850988388,0.00402469327673316,0.004038645885884762,5.1989691201015376e-06,7.371068932116032e-06,0.0,1320,2.925
13.933333333130577,retreat,13.933334060013294,7.38697685690798,7.953716069459917,0.5027055740356445,0.011668557817756664,0.0,0.011621368685155176,0.0,0.0007937947520986199,3.1671372653363505e-06,0.0,0.0,53,0.006130197085440159,0.001184877473860979,0.00604358222335577,0.0003385509189683944,-8.420039151246783e-06,-7.953716069459917,5.817885266878875e-07,-1.3015330296184402e-05,-0.0007936878246255219,-9.865055972113623e-08,3.1651738936488982e-06,-5.1967745662295783e-08,-7.602303867315641e-06,-5.96727040829137e-05,4.042559339723084e-06,1.0,0.0003746800357475877,0.00041264703031629324,0.010405505076050758,0.013230491429567337,-0.04807873070240021,-0.019924234598875046,-0.4867052435874939,0.534302294254303,0.4959098994731903,-2.016425609588623,-0.39365512132644653,2.457819938659668,1.045884370803833,-0.0025193190667778254,-0.016027003526687622,0.0046991100534796715,-0.002056555822491646,0.013831297867000103,-0.011626253835856915,-0.008968045935034752,0.600508987903595,2.960503479698673e-06,0.09944787621498108,8.52219727676129e-07,0.9999999403953552,3.328181946926634e-06,7.398768502753228e-05,-1.1053067282773554e-05,-8.763335245021153e-06,0.03240157663822174,1.4314989130070899e-05,4.274375896784477e-06,1.0,-3.189975814166246e-06,-0.005986279807984829,-0.0008080081315711141,-0.0010444584768265486,0.00025660975370556116,-0.001152089680545032,-0.00010380450839875266,-0.0059864395298063755,0.0008079701219685376,0.0010435711592435837,0.00013984831457491964,0.0002872259356081486,0.0001037811889545992,-2.9802322387695312e-06,2.021051841438748e-07,0.02499999850988388,0.0040261633694171906,0.004039796534925699,4.742483724839985e-06,6.714311894029379e-06,0.0,1320,2.933333333333333
13.941666666463789,retreat,13.941667393781245,7.325081028251308,7.885066419839861,0.5059242248535156,0.010866893717320636,0.0,0.013825071619066875,0.03956468118525214,0.18264438211917877,0.0004293588572181761,0.14611554145812988,0.0,56,0.12205618619918823,0.001733579789288342,0.06141700968146324,0.012603005394339561,-0.0011842662788694724,-7.885066419839861,-0.14583900570869446,-0.009492706507444382,-0.1095438152551651,-6.918592134752544e-06,0.00042908097384497523,-1.380905814585276e-05,-2.0380350179038942e-05,-3.560115146683529e-05,-3.953508439735742e-06,1.0,-0.0004710662178695202,-0.0016955635510385036,0.00987761840224266,0.0032779276371002197,-0.045697398483753204,3.782566636800766e-05,-0.48672783374786377,0.5341649651527405,0.49595004320144653,-2.016425609588623,-0.39353570342063904,2.4577107429504395,1.0458157062530518,-0.002640223829075694,-0.016124507412314415,0.0048280213959515095,-0.0025482121855020523,0.014401913620531559,-0.014171474613249302,-0.009391536936163902,0.6005144119262695,1.3625377732751076e-06,0.09951692819595337,1.4149098888083245e-06,0.9999999403953552,-2.3322406832448905e-06,7.720992289250717e-05,-1.3467413737089373e-05,-9.595994924893603e-06,0.032401978969573975,4.160875323577784e-05,2.271223274874501e-05,0.9999999403953552,5.370073722588131e-06,0.09331611543893814,-0.0018218910554423928,-0.07865428179502487,-0.0008886425639502704,0.0013727487530559301,-0.0005754773737862706,0.09330397844314575,0.0018216778989881277,0.07866865396499634,-0.0011526435846462846,0.012107860296964645,0.0005761846550740302,-1.7881393432617188e-06,-1.9771141523960978e-07,0.02499999850988388,0.0040102857165038586,0.004023123066872358,4.905428795609623e-06,6.954302079975605e-06,0.0,1320,2.9416666666666664
13.949999999797,retreat,13.950000727549195,7.263149470128118,7.818964868783953,0.5071163177490234,0.009612873327569105,0.0,0.013400621355685871,0.055952909680744456,0.3188760578632355,0.0002518053515814245,0.25510159134864807,-0.00023220938771828514,55,0.2499111145734787,0.021345598623156548,0.06938062608242035,0.007286389358341694,-0.0019898615137208253,-7.818964868783953,-0.25596705079078674,0.014023910276591778,-0.18964740633964539,-8.083900320343673e-05,-0.00021538749570026994,0.00010236808884656057,-4.889957835985115e-06,-4.4229411287233233e-05,6.601530913030729e-06,1.0,-0.0009448004420846701,0.0004004011279903352,0.009605523198843002,0.011941672302782536,-0.06746140867471695,-0.016408132389187813,-0.48675069212913513,0.534027636051178,0.49599015712738037,-2.016470432281494,-0.3934118449687958,2.4575893878936768,1.0457336902618408,-0.0027827532030642033,-0.01627355068922043,0.004907361231744289,-0.003654050873592496,0.01516550313681364,-0.015336473472416401,-0.009849167428910732,0.6004958152770996,4.389401510707103e-06,0.09956812113523483,1.2578785799632897e-06,0.9999999403953552,1.851563297350367e-06,5.203709224588238e-05,7.954242391861044e-06,-5.304912519932259e-06,0.03238707035779953,7.807687325112056e-06,3.038681143152644e-06,0.9999998807907104,-5.343479188013589e-06,0.19946390390396118,0.004653326701372862,-0.15049272775650024,-4.273714694136288e-06,0.02134445682168007,-0.00022067842655815184,0.19944825768470764,-0.004652206785976887,0.1505134254693985,0.0006670876173302531,0.0074709150940179825,0.00022182379325386137,-2.205371856689453e-06,3.3006563171511516e-07,0.02499999850988388,0.004009241703897715,0.004023316781967878,5.386857083067298e-06,7.63937714509666e-06,0.0,1320,2.95
13.958333333130213,retreat,13.958334061317146,7.201183148199673,7.766497880220415,0.49418210983276367,0.013620880963571835,0.0,0.014181551705405582,0.055952909680744456,5.0091741286451e-05,2.2572214675165014e-07,0.0,-0.0014121072808848112,52,0.0617997832596302,0.032483600080013275,0.06177917495369911,0.02435442805290222,-4.842719114606098e-07,-7.766497880220415,3.4305330132156087e-08,-7.821258805051912e-07,-5.008562220609747e-05,-6.63571597669943e-09,2.255968354347715e-07,-3.5385367969098525e-09,1.327244035564945e-06,-5.032091212342493e-05,-5.817317742184969e-06,1.0,-0.0021898166742175817,-0.0005907707381993532,0.01002645306289196,-0.09922092407941818,0.06740286201238632,0.06613551825284958,-0.48677322268486023,0.5338903069496155,0.49602508544921875,-2.0165162086486816,-0.39329272508621216,2.4574978351593018,1.0456650257110596,-0.0025069850962609053,-0.0162484273314476,0.004406631458550692,-0.0038626224268227816,0.014142402447760105,-0.010095937177538872,-0.00897795520722866,0.6004830002784729,5.531238002731698e-06,0.09962102770805359,9.133325562515893e-08,0.9999999403953552,-8.044486889957625e-07,4.0744438592810184e-05,8.56643782753963e-06,-8.095571502053645e-06,0.03238750994205475,-9.576463526173029e-06,-5.23037329003273e-07,0.9999998807907104,5.908636467211181e-06,0.05616135150194168,-0.004369767382740974,-0.025416942313313484,0.0032042984385043383,0.0323059968650341,0.001113207545131445,0.05615928769111633,0.00436968170106411,0.025421520695090294,0.0025728940963745117,-0.024192798882722855,-0.0011125761084258556,-2.5033950805664062e-06,-2.9086277208989486e-07,0.02499999850988388,0.004024275578558445,0.004037288948893547,5.175889782549348e-06,7.342314347624779e-06,0.0,1320,2.9583333333333335
13.966666666463425,retreat,13.966667395085096,7.139183028127228,7.71295800805092,0.4820823669433594,0.014389725947694387,0.0,0.01529220025986433,0.0,0.0,0.0,0.0,0.0,48,0.016067564487457275,0.004419614095240831,0.016067564487457275,0.0025982812512665987,0.0,-7.71295800805092,0.0,0.0,0.0,0.0,0.0,0.0,1.0432059980303166e-06,-4.151089524384588e-05,4.330149749876e-06,1.0,-0.0030233864672482014,-0.005481507163494825,0.009601886384189129,0.5190544724464417,0.1253861039876938,0.10912573337554932,-0.4867948889732361,0.533752977848053,0.49605950713157654,-2.016561985015869,-0.39317819476127625,2.4574062824249268,1.0455963611602783,-0.002440523821860552,-0.016222750768065453,0.004359200596809387,-0.0036934756208211184,0.013694876804947853,-0.009695034474134445,-0.0087661137804389,0.6004703640937805,6.992896032897988e-06,0.09967410564422607,-1.0181300247324998e-08,1.0,-1.4305958302429644e-06,2.9985963919898495e-05,9.79977903625695e-06,-7.396201453957474e-06,0.03238706290721893,-1.1524940418894403e-05,3.8751750253140926e-07,1.0,-4.340299710747786e-06,0.009411508217453957,0.011600700207054615,-0.005917256232351065,-0.002118223812431097,0.003802398219704628,-0.0007667354075238109,0.009411119855940342,-0.011600726284086704,0.005917820613831282,-0.0004425061633810401,-0.0024427708704024553,0.0007668923353776336,-2.086162567138672e-06,2.1650976123055443e-07,0.02499999850988388,0.0040242597460746765,0.004037338774651289,-0.00028972356813028455,-0.00041076354682445526,0.0,1320,2.966666666666667
13.974999999796637,retreat,13.975000728853047,7.077150075572037,7.659425586462023,0.46950578689575195,0.014871176972519606,0.0,0.01657801476540044,0.03956468118525214,0.0,0.0,0.0,0.0,52,0.012095754966139793,0.001157148159109056,0.01209575217217207,0.0019414658891037107,0.0,-7.659425586462023,0.0,0.0,0.0,0.0,0.0,0.0,7.4024269451911096e-06,-3.276847201050259e-05,4.0526228985982016e-06,1.0,-0.003325384110212326,0.0006488952785730362,0.010277558118104935,0.0280088372528553,0.14629046618938446,0.12349589169025421,-0.48681318759918213,0.5336156487464905,0.4960939586162567,-2.0166077613830566,-0.3930685818195343,2.4573147296905518,1.045527696609497,-0.0023487419821321964,-0.016217630356550217,0.004220735281705856,-0.003458998631685972,0.013306153006851673,-0.009827588684856892,-0.008523699827492237,0.6004573106765747,1.0114768883795477e-05,0.09972652792930603,1.3794111737297499e-06,0.9999999403953552,1.7815946193877608e-06,1.902297663036734e-05,1.0986815141222905e-05,-4.8457122829859145e-06,0.0323859378695488,-1.374547809973592e-05,-9.183992006001063e-06,0.9999999403953552,-2.6734114726423286e-06,0.006024092901498079,-0.00827073771506548,-0.006450775545090437,-0.0007448394317179918,0.0008816131157800555,8.345310197910294e-05,0.006023818161338568,0.00827077403664589,0.006450979970395565,-0.00193963258061558,-1.1327269021421671e-05,-8.35882528917864e-05,-1.6093254089355469e-06,2.0264360500732437e-07,0.02499999850988388,0.004025524482131004,0.00403862539678812,5.222713298280723e-06,7.4056151788681746e-06,0.0,1320,2.975
13.983333333129849,retreat,13.983334062620997,7.015085256195361,7.606541365385057,0.4566311836242676,0.018045462638838217,0.0,0.016850137399160303,0.0,0.0,0.0,0.0,0.0,52,0.009739565663039684,0.0012452889932319522,0.00973956473171711,0.0003730843309313059,0.0,-7.606541365385057,0.0,0.0,0.0,0.0,0.0,0.0,-1.525506263533316e-07,-2.3156531824497506e-05,3.191532186974655e-06,1.0,-0.003546855878084898,-0.00010279596608597785,0.010777229443192482,-0.05189124867320061,0.16334103047847748,0.13489583134651184,-0.4868306517601013,0.533478319644928,0.4961283802986145,-2.016653537750244,-0.39295870065689087,2.4572231769561768,1.0454590320587158,-0.0023228414356708527,-0.016184570267796516,0.0042327758856117725,-0.0032543346751481295,0.013338561169803143,-0.00981857068836689,-0.0085517019033432,0.6004446744918823,1.3838070117344614e-05,0.09977962076663971,3.023760882570059e-06,1.0,5.3985063459549565e-06,8.718290700926445e-06,1.1415875633247197e-05,-4.403122147778049e-06,0.032386161386966705,-1.4438224752666429e-05,-5.24599636264611e-06,1.0,-1.678951093708747e-07,0.006877519190311432,0.001361790462397039,-0.006760502699762583,7.748566713416949e-05,0.001241931226104498,4.845034345635213e-05,0.006877416279166937,-0.001361674745567143,0.0067606293596327305,0.0002741797361522913,-0.00024834449868649244,-4.839828034164384e-05,-1.1324882507324219e-06,1.595763023942709e-07,0.02499999850988388,0.004024226684123278,0.004037392325699329,5.192798198550008e-06,7.361231837421656e-06,0.0,1320,2.9833333333333334
13.991666666463061,retreat,13.991667396388948,6.952989535658459,7.552889734506609,0.44411420822143555,0.021573776393779553,0.0,0.017376492905896157,0.0,0.0,0.0,0.0,0.0,52,0.008781102485954762,0.0008835882763378322,0.008781102485954762,0.00018051723600365222,0.0,-7.552889734506609,0.0,0.0,0.0,0.0,0.0,0.0,-3.1489348657487426e-06,-1.375302963424474e-05,5.848454748047516e-06,1.0,-0.0035871362779289484,0.0005128271877765656,0.010357396677136421,0.018861906602978706,0.17171847820281982,0.14148792624473572,-0.4868479073047638,0.5333409905433655,0.4961628019809723,-2.0166983604431152,-0.39284878969192505,2.4571316242218018,1.0453903675079346,-0.0022892511915415525,-0.016157321631908417,0.004223746247589588,-0.003014492802321911,0.013314986601471901,-0.009921276941895485,-0.0085477065294981,0.6004324555397034,1.7463229596614838e-05,0.09983284026384354,4.418246135173831e-06,0.9999999403953552,8.624137990409508e-06,-1.47088769608672e-06,1.1777855434047524e-05,-4.396519216243178e-06,0.03238571435213089,-1.522387992736185e-05,-5.475273610500153e-06,1.0,-1.4303316220320994e-06,0.007191184908151627,-0.00010193746857112274,-0.005038275849074125,-1.1621324119914789e-05,0.000879777770023793,8.114372758427635e-05,0.007191197946667671,0.00010210605250904337,0.0050382534973323345,-2.6372010324848816e-05,0.00015909556532278657,-8.111465285765007e-05,-7.152557373046875e-07,2.924207365140319e-07,0.02499999850988388,0.004025517031550407,0.0040387604385614395,5.053954737377353e-06,7.165333954617381e-06,0.0,1320,2.9916666666666667
13.999999999796273,retreat,14.000000730156898,6.8908638796225805,7.499148696660997,0.43195486068725586,0.02497720743122045,0.0,0.010721747457864694,0.0,0.0,0.0,0.0,0.0,58,0.01062288973480463,0.0008568661287426949,0.010622890666127205,0.0003126416995655745,0.0,-7.499148696660997,0.0,0.0,0.0,0.0,0.0,0.0,-3.58198440153501e-06,-3.414528009670903e-06,7.011413345026085e-06,1.0,-0.0035861830692738295,-3.09605966322124e-05,0.010895507410168648,-0.04071782901883125,0.17618319392204285,0.1432431936264038,-0.48686519265174866,0.533203661441803,0.4961972236633301,-2.016730785369873,-0.3927382528781891,2.4570400714874268,1.0453217029571533,-0.0022601033560931683,-0.01612209714949131,0.004228661302477121,-0.00276650907471776,0.013353588990867138,-0.0100255711004138,-0.008590790443122387,0.600426197052002,1.9504481315379962e-05,0.09989041090011597,5.903617420699447e-06,1.0,1.0234239198325668e-05,-5.4878087212273385e-06,6.137262062111404e-06,-5.855035396962194e-06,0.0323895588517189,-8.902286026568618e-06,-6.652312094956869e-06,1.0000001192092896,-1.1078515171902836e-06,0.007483800873160362,0.0019303126027807593,-0.0072878263890743256,-7.431889389408752e-05,0.0008517095120623708,5.733360012527555e-05,0.0074839205481112,-0.0019300732528790832,0.0072877672500908375,0.00020448713621590286,0.00022945262026041746,-5.728293763240799e-05,-1.7881393432617188e-07,3.5057018976658583e-07,0.02499999850988388,0.0040242429822683334,0.004037460777908564,5.189157491258811e-06,7.358146831393242e-06,0.0,1320,3.0
14.008333333129485,retreat,14.008334063924849,6.8287092537489915,7.441049069166185,0.4252791404724121,0.026851928851101547,0.0,0.011151635590067599,0.055952909680744456,0.0,0.0,0.0,0.0,53,0.010576888918876648,0.0005024459096603096,0.010576887987554073,0.0008689739624969661,0.0,-7.441049069166185,0.0,0.0,0.0,0.0,0.0,0.0,-1.1982083378825337e-05,7.876331437728368e-06,9.155192856269423e-06,0.9999999403953552,-0.002025699010118842,0.0004398471210151911,0.010459012351930141,0.01488373801112175,0.09096761047840118,0.0836789458990097,-0.48688244819641113,0.5330663323402405,0.49623164534568787,-2.016730785369873,-0.39262643456459045,2.4569485187530518,1.045253038406372,-0.0022380000445991755,-0.016097428277134895,0.004235179629176855,-0.0025156564079225063,0.013391556218266487,-0.01026849914342165,-0.0086471913382411,0.6004348993301392,1.7943346392712556e-05,0.09996039420366287,8.008501936274115e-06,1.0,7.472933248209301e-06,5.893088655284373e-06,-9.978100024454761e-06,-9.427703844266944e-06,0.032401442527770996,1.3769392353424337e-05,4.509267455432564e-06,0.9999998807907104,-1.1465615443739807e-06,0.009477373212575912,0.0005255881696939468,-0.004666231572628021,-2.0221303202561103e-05,0.0005020032986067235,5.972937742626527e-06,0.009477325715124607,-0.0005253716954030097,0.004666351713240147,5.565480387303978e-05,0.0008671697578392923,-5.902081284148153e-06,4.172325134277344e-07,4.577650543069467e-07,0.02499999850988388,0.004025520756840706,0.004038824234157801,4.98721328767715e-06,7.0726091507822275e-06,0.0,1320,3.0083333333333333
14.016666666462697,retreat,14.0166673976928,6.76652662369894,7.370752841234209,0.4329681396484375,0.024903263692976907,0.0,0.011826559784822166,0.03956468118525214,0.0,0.0,0.0,0.0,55,0.011967494152486324,0.00029193804948590696,0.011967494152486324,0.0019392861286178231,0.0,-7.370752841234209,0.0,0.0,0.0,0.0,0.0,0.0,-2.2659647584077902e-05,1.853111643868033e-05,1.4813022971793544e-05,1.0,0.0023547953460365534,0.0003448430506978184,0.010293310508131981,0.008992772549390793,-0.15834417939186096,-0.0964878723025322,-0.48689979314804077,0.532929003238678,0.4962662160396576,-2.016730785369873,-0.39251193404197693,2.4568569660186768,1.0451843738555908,-0.0022442275658249855,-0.01608116365969181,0.004284252878278494,-0.0023216393310576677,0.013548130169510841,-0.010693737305700779,-0.008795415051281452,0.6004437208175659,1.6656047591823153e-05,0.10003026574850082,9.324624443252105e-06,1.0,3.7815773339389125e-06,1.7280273823416792e-05,-1.1848567737615667e-05,-8.851556231093127e-06,0.03240101784467697,3.5811233829008415e-05,1.88784979400225e-05,0.9999999403953552,-5.487936505232938e-06,0.011564316228032112,0.0009167667012661695,-0.0029405865352600813,8.754145528655499e-05,-0.00025249295867979527,-0.00011752284626709297,0.011564221233129501,-0.0009166243835352361,0.002941003069281578,0.0002199439622927457,0.001923181931488216,0.00011758606706280261,9.5367431640625e-07,7.406724762404338e-07,0.02499999850988388,0.004024244379252195,0.0040376195684075356,5.208465154282749e-06,7.388211088255048e-06,0.0,1320,3.0166666666666666
14.02499999979591,retreat,14.02500073146075,6.704316955133692,7.30058327317238,0.4431605339050293,0.023820299247745425,0.0,0.010993687283189502,0.06852804166478502,0.0,0.0,0.0,0.0,57,0.006413274444639683,0.0003276312199886888,0.0064132739789783955,0.0008663482149131596,0.0,-7.30058327317238,0.0,0.0,0.0,0.0,0.0,0.0,-1.9289816918899305e-05,3.8498701542266645e-06,1.2678042367042508e-05,1.0,0.0030722343362867832,0.00039358180947601795,0.010364748537540436,0.012468080967664719,-0.1971600353717804,-0.12677055597305298,-0.48691704869270325,0.5327916741371155,0.4963007867336273,-2.016730785369873,-0.392397403717041,2.4567654132843018,1.0451157093048096,-0.0022295929957181215,-0.016053564846515656,0.004299716092646122,-0.002147642895579338,0.013664008118212223,-0.010880847461521626,-0.008906866423785686,0.6004524230957031,1.544729821034707e-05,0.1000998243689537,1.0368798939452972e-05,0.9999999403953552,-7.619054542828962e-08,2.8402408133842982e-05,-1.1079219802923035e-05,-9.04490389075363e-06,0.03240039199590683,3.225207547075115e-05,1.9366405467735603e-05,0.9999998211860657,-2.3086954570317175e-06,0.005321643780916929,0.00022618974617216736,-0.003571978537365794,0.0003203634696546942,-1.9639172023744322e-05,-6.575532461283728e-05,0.005321440752595663,-0.0002261164627270773,0.00357228540815413,0.00035300551098771393,0.0007884263177402318,6.580464105354622e-05,1.7881393432617188e-07,6.339050742099062e-07,0.02499999850988388,0.0040255081839859486,0.004038963001221418,4.942948635289213e-06,7.002061465755105e-06,0.0,1320,3.025
14.033333333129121,retreat,14.0333340652287,6.6420812137144996,7.230838388204576,0.4527568817138672,0.022339241695590317,0.0,0.010560761438682675,0.03956468118525214,3.311856562504545e-05,1.247052239250479e-07,0.0,0.0,58,0.0030498234555125237,0.0007955742767080665,0.0030248488765209913,0.0010793067049235106,-3.6660496860463354e-07,-7.230838388204576,2.0059164995700485e-08,-4.228404009154474e-07,-3.311585896881297e-05,-4.209990134285135e-09,1.2462405152291467e-07,-1.5860139868095757e-09,-1.4417383681575302e-05,-7.212289347080514e-06,1.6801785022835247e-05,1.0,0.0029620269779115915,0.0003649680584203452,0.01035368349403143,0.011615773662924767,-0.19056087732315063,-0.11826243996620178,-0.4869343042373657,0.532654345035553,0.49633535742759705,-2.016730785369873,-0.39228275418281555,2.4566738605499268,1.0450470447540283,-0.0022166226990520954,-0.016025962308049202,0.004316843580454588,-0.0019948123954236507,0.013779740780591965,-0.011120092123746872,-0.009021746926009655,0.6004610657691956,1.4527094208460767e-05,0.10016944259405136,1.1386770893295761e-05,0.9999999403953552,-3.7141662687645294e-06,3.9606478821951896e-05,-1.0851627848751377e-05,-8.549943231628276e-06,0.03240026533603668,3.239396392018534e-05,1.8132132026948966e-05,0.9999999403953552,-5.414414772531018e-06,0.001954854466021061,0.0003621014184318483,-0.002312758006155491,0.0002275562728755176,-0.0007532448507845402,-0.00011738295143004507,0.001954668667167425,-0.00036206317599862814,0.0023129202891141176,0.00027984814369119704,0.0010356403654441237,0.00011739426554413512,-3.5762786865234375e-07,8.400838851230219e-07,0.02499999850988388,0.0040242294780910015,0.004037762060761452,5.2506297834042925e-06,7.4476993177086115e-06,0.0,1320,3.033333333333333
14.041666666462334,retreat,14.041667398996651,6.579820365102618,7.161115854978563,0.4621744155883789,0.02160761687264312,0.0,0.010918742191279307,0.03956468118525214,6.531490362249315e-05,2.619666190639691e-07,0.0,0.0,58,0.0017143255099654198,0.0010062985820695758,0.0016574339242652059,0.0011248134542256594,-7.277011526696242e-07,-7.161115854978563,4.159106481438357e-08,-8.886788691597758e-07,-6.530884274980053e-05,-8.65790727999638e-09,2.6179921519542404e-07,-3.5663303421529235e-09,-1.0614505299599841e-05,-1.8586631995276548e-05,1.4621565242123324e-05,0.9999999403953552,0.0028606890700757504,0.00038473328459076583,0.01040370762348175,0.012666636146605015,-0.18424615263938904,-0.11823664605617523,-0.4869515299797058,0.5325170159339905,0.4963699281215668,-2.016730785369873,-0.3921680450439453,2.4565823078155518,1.044978380203247,-0.0022043532226234674,-0.016001297160983086,0.0043304902501404285,-0.0018722335807979107,0.013891419395804405,-0.011363765224814415,-0.00912570022046566,0.6004698276519775,1.310744664806407e-05,0.10023912787437439,1.2601240996445995e-05,1.0,-7.590856512251776e-06,5.0860304327216e-05,-1.0925302376563195e-05,-9.316594514530152e-06,0.03240024298429489,3.227342676836997e-05,1.820587203837931e-05,0.9999999403953552,-2.019643716266728e-06,0.0007969943108037114,0.00020119649707339704,-0.0015044041210785508,0.00021369452588260174,-0.0009792933706194162,-8.919629908632487e-05,0.0007968382560648024,-0.000201170623768121,0.0015044898027554154,0.00024275515170302242,0.001094417879357934,8.919859828893095e-05,-9.5367431640625e-07,7.310682121897116e-07,0.02499999850988388,0.004025492817163467,0.0040390752255916595,4.933610398438759e-06,6.998598109930754e-06,0.0,1320,3.0416666666666665
14.049999999795546,retreat,14.050000732764602,6.517535374959312,7.091385871171953,0.47147274017333984,0.019932351278839633,0.0,0.011087075108662248,0.0,0.00018668854318093508,7.47916260479542e-07,0.0,0.0,52,0.0010068202391266823,0.0009923005709424615,0.0008551930077373981,0.0010468974942341447,-2.089666054416739e-06,-7.091385871171953,1.1018956769248689e-07,-2.3546076590719167e-06,-0.00018667365657165647,-2.5795809932560587e-08,7.474117182937334e-07,-9.43805389397312e-09,-7.400680260616355e-06,-2.9588483812403865e-05,1.8440945495967753e-05,1.0,0.0028928732499480247,0.00012595394218806177,0.010464823804795742,-0.016078943386673927,-0.1861220896244049,-0.11745183914899826,-0.4869687557220459,0.532379686832428,0.4964045286178589,-2.016730785369873,-0.39205291867256165,2.4564907550811768,1.0449097156524658,-0.002195030450820923,-0.015978623181581497,0.004345747642219067,-0.0017829984426498413,0.014006340876221657,-0.011576333083212376,-0.00922926515340805,0.6004785895347595,1.1887974324054085e-05,0.10030919313430786,1.3517563274945132e-05,1.0,-1.163488832389703e-05,6.222940282896161e-05,-1.1125686796731316e-05,-8.92011848918628e-06,0.03240057826042175,3.264060796936974e-05,1.903631527966354e-05,1.0,-4.9225782277062535e-06,0.0002742238575592637,0.00045469371252693236,-0.000855419144500047,0.00021034726523794234,-0.0009636434260755777,-0.00010865399963222444,0.0002741068310569972,-0.0004546768614090979,0.0008554653031751513,0.00027603976195678115,0.0010032476857304573,0.00010865858348552138,-1.4901161193847656e-06,9.220366337103769e-07,0.02499999850988388,0.004024221561849117,0.004037796054035425,5.1820907174260356e-06,7.3504343163222075e-06,0.0,1320,3.05
14.058333333128758,retreat,14.058334066532552,6.455227208945832,7.021350413560869,0.48083066940307617,0.018884908058680594,0.0,0.010732434020610526,0.055952909680744456,0.0003349313046783209,1.3404586525211926e-06,0.0,0.0,51,0.0006127041997388005,0.0009852790972217917,0.0006868546479381621,0.0009153604623861611,-3.737433274864088e-06,-7.021350413560869,-3.901199363554042e-07,4.70505847260938e-06,-0.00033489803900010884,-1.3647968444274738e-07,1.33335879581864e-06,1.889373280050677e-08,-2.8648969419009518e-06,-4.027438262710348e-05,1.6854735804372467e-05,1.0,0.0028991177678108215,0.0003879695723298937,0.01040121540427208,0.01278853788971901,-0.18771997094154358,-0.12099293619394302,-0.486985981464386,0.5322423577308655,0.4964391589164734,-2.016730785369873,-0.3919360935688019,2.4563992023468018,1.0448410511016846,-0.002181700896471739,-0.015959909185767174,0.004347116220742464,-0.001719901105388999,0.01409069262444973,-0.01176158431917429,-0.009311147034168243,0.6004872918128967,1.1171603546245024e-05,0.10037879645824432,1.3790227058052551e-05,0.9999999403953552,-1.613148197066039e-05,7.324070611502975e-05,-1.1183583410456777e-05,-8.606628398410976e-06,0.03240013122558594,3.296601425972767e-05,1.8997059669345617e-05,0.9999998807907104,-3.06364631796896e-06,-0.00039936817483976483,-0.00046364989248104393,-3.066375938942656e-05,0.00025309508782811463,-0.0009456413681618869,-0.00011171474034199491,-0.0003993576974608004,0.00046366348396986723,3.059246955672279e-05,0.00018612309941090643,0.0008879406959749758,0.0001117192005040124,-2.0265579223632812e-06,8.427305147051811e-07,0.02499999850988388,0.004025497008115053,0.0040391236543655396,4.93354946229374e-06,6.994407158344984e-06,0.0,1320,3.058333333333333
14.06666666646197,retreat,14.066667400300503,6.3928968327234355,6.951821595430376,0.48995018005371094,0.017934919014805928,0.0,0.010811936590471305,0.06852804166478502,0.0005086182500235736,2.033027158176992e-06,0.0,0.0,51,0.0010541006922721863,0.0009290435700677335,0.00132942374330014,0.0007925534737296402,-5.648708224725851e-06,-6.951821595430376,3.528139700392785e-07,-7.712254955549724e-06,-0.0005085596931166947,-6.65413182332486e-08,2.0317038433859125e-06,-3.085080990672395e-08,4.7864800762909e-06,-5.065093864686787e-05,2.049820432148408e-05,0.9999999403953552,0.0028992006555199623,0.0003735005739144981,0.010350501164793968,0.012567161582410336,-0.18942534923553467,-0.11908679455518723,-0.4870031476020813,0.5321050882339478,0.4964737594127655,-2.016730785369873,-0.39181622862815857,2.4563076496124268,1.0447721481323242,-0.0021692479494959116,-0.015942934900522232,0.004346772562712431,-0.0016852387925609946,0.014174233190715313,-0.011908291839063168,-0.009390564635396004,0.6004957556724548,1.0448547982377931e-05,0.10044857114553452,1.3190492609282956e-05,0.9999999403953552,-2.1927222405793145e-05,8.404173422604799e-05,-1.1227966751903296e-05,-8.340750355273485e-06,0.032400377094745636,3.339039903949015e-05,1.714179597911425e-05,0.9999998211860657,-7.3070045800704975e-06,-0.0009700237424112856,-0.00012463651364669204,0.00039325287798419595,0.00023124388826545328,-0.0008906780276447535,-0.0001278315030504018,-0.0009699521469883621,0.00012466862972360104,-0.00039341908995993435,0.0002132522058673203,0.0007505355752073228,0.00012784080172423273,-2.5033950805664062e-06,1.0249223123537377e-06,0.02499999850988388,0.0040242332033813,0.004037888720631599,5.252113624010235e-06,7.444119546562433e-06,0.0,1320,3.0666666666666664
14.074999999795182,retreat,14.075000734068453,6.33054521195338,6.882181018590929,0.4992485046386719,0.017060032405424863,0.0,0.010810741514433175,0.03956468118525214,0.0006579350447282195,2.626724381116219e-06,0.0,0.0,50,0.009156518615782261,0.001302677788771689,0.0091471616178751,0.00019534706370905042,-6.808546785919134e-06,-6.882181018590929,3.3446929137426196e-07,-4.065381745022023e-06,-0.0006579223554581404,-2.2641584962457273e-07,2.6168972908635624e-06,-1.6281813230989428e-08,9.322263395006303e-06,-6.500625750049949e-05,2.8671323889284395e-05,0.9999999403953552,-0.0013692347565665841,0.0019103517988696694,0.010497034527361393,0.11787420511245728,0.05569164827466011,0.05679699033498764,-0.48702046275138855,0.53196781873703,0.49650833010673523,-2.016730785369873,-0.39169618487358093,2.4562160968780518,1.0447020530700684,-0.0021269223652780056,-0.01591680757701397,0.00429399823769927,-0.0016420354368165135,0.014172481372952461,-0.011909006163477898,-0.009426725097000599,0.6005043387413025,9.514127668808214e-06,0.10051819682121277,1.2617323591257446e-05,1.0,-2.701311132113915e-05,9.487409988651052e-05,-1.1214737241971307e-05,-8.363077540707309e-06,0.032400377094745636,2.9867185730836354e-05,1.769274786056485e-05,0.9999999403953552,-1.605312900210265e-05,-0.008727175183594227,-0.002735886489972472,-0.0004395105061121285,0.0004676212265621871,-0.0012034617830067873,-0.00017314584692940116,-0.008727110922336578,0.0027363693807274103,0.00043778560939244926,7.232435746118426e-05,-5.7369587011635303e-05,0.00017311886767856777,-3.2782554626464844e-06,1.4335964806377888e-06,0.02499999850988388,0.004025044851005077,0.004039351362735033,7.005428415141068e-06,9.914074325934052e-06,0.0,1320,3.075
14.083333333128394,retreat,14.083334067836404,6.268173312296929,6.814179569482805,0.5052089691162109,0.01628786230867263,0.0,0.014206152627593838,0.055952909680744456,0.11082898080348969,0.00022918236209079623,0.0886635109782219,0.0,53,0.07321558892726898,0.0005741695058532059,0.039040956646203995,0.008351207710802555,-0.0007486816321033984,-6.814179569482805,-0.0881657600402832,-0.01303076557815075,-0.06587913632392883,1.7459733498981223e-05,0.00022557972988579422,-3.651704537332989e-05,1.2229241292516235e-05,-6.81248347973451e-05,1.7652408132562414e-05,0.9999999403953552,-0.0003340184921398759,-0.0031105512753129005,0.010278397239744663,0.19322644174098969,-0.03388390317559242,-0.010012594051659107,-0.4870378375053406,0.5318306684494019,0.4965430796146393,-2.016730785369873,-0.3915759027004242,2.4561245441436768,1.0446127653121948,-0.0022067520767450333,-0.01597016304731369,0.004380746278911829,-0.001959935063496232,0.01458224467933178,-0.01357860304415226,-0.009739421308040619,0.6005129218101501,8.78694118000567e-06,0.10058785229921341,1.1903065569640603e-05,0.9999999403953552,-2.2786127374274656e-05,0.00010552311869105324,-1.4527684470522217e-05,-8.271780643553939e-06,0.03240201622247696,3.739802195923403e-05,1.0557938367128372e-05,0.9999998807907104,-5.749078354710946e-06,0.05733116343617439,-0.0004042840446345508,-0.04553566500544548,-0.0003066463104914874,0.00017420163203496486,-0.0004530921287368983,0.05732157081365585,0.0004027558316010982,0.045547738671302795,-0.0003651572624221444,0.008107971400022507,0.0004533017927315086,-3.3974647521972656e-06,8.826627890812233e-07,0.02499999850988388,0.00401083892211318,0.004023483023047447,0.0003211032599210739,0.00045526769827120006,0.0,1320,3.0833333333333335
14.091666666461606,retreat,14.091667401604354,6.205782099415332,6.74777999520302,0.5050897598266602,0.016177069483092055,0.0,0.0021887412913201842,0.03956468118525214,0.3732296824455261,0.0007795677520334721,0.29858559370040894,0.0,52,0.27334466576576233,0.01641906425356865,0.10020990669727325,0.015843192115426064,-0.0026659482391551137,-6.74777999520302,-0.300334095954895,0.03201914578676224,-0.21925920248031616,-0.00017014336481224746,0.0007391517283394933,0.00018008827464655042,-1.612161213415675e-05,-3.6639281461248174e-05,7.336244834732497e-06,0.9999999403953552,-0.0007977400673553348,-0.0003214642347302288,0.009686089120805264,-0.07112809270620346,-0.0888923853635788,0.03630930930376053,-0.4870574176311493,0.5316933393478394,0.4965813159942627,-2.016756296157837,-0.39144840836524963,2.4559998512268066,1.0445221662521362,-0.0024876182433217764,-0.016130154952406883,0.004702160134911537,-0.003188616596162319,0.01585766114294529,-0.016519682481884956,-0.010495549067854881,0.6005024313926697,1.0420126272947527e-05,0.10064589977264404,1.1827421076304745e-05,0.9999999403953552,-1.6936044630710967e-05,8.766505197854713e-05,-2.997585625053034e-06,-6.5232034103246406e-06,0.03239366412162781,5.102544673718512e-05,3.305786594864912e-05,0.9999999403953552,4.49320896223071e-06,0.2167215198278427,0.019794028252363205,-0.16540038585662842,-0.0026257168501615524,0.016207236796617508,-0.0001294097164645791,0.21669185161590576,-0.01979745738208294,0.16543884575366974,0.00023323111236095428,0.015100870281457901,0.000130448053823784,-1.8477439880371094e-06,3.6678284232039005e-07,0.02499999850988388,0.0040108500979840755,0.004023832269012928,4.9562349886400625e-06,7.0296518970280886e-06,0.0,1320,3.091666666666667
14.099999999794818,retreat,14.100000735372305,6.143372538969851,6.688957661390306,0.502169132232666,0.01894780871225521,0.0,0.013159763511794154,0.055952909680744456,8.138965495163575e-05,3.2529226245969767e-07,0.0,0.0,56,0.06944967806339264,0.036531027406454086,0.06941951811313629,0.027223842218518257,-8.106923394812782e-07,-6.688957661390306,6.449285905318902e-08,-7.919122708699433e-07,-8.138577686622739e-05,-2.657200681710492e-08,3.241896138206357e-07,-3.1756408613858866e-09,7.888088475738186e-06,-7.566393469460309e-05,1.1236405043746345e-05,1.0,-0.0007593504851683974,0.0005359897622838616,0.00989820808172226,0.014793120324611664,-0.01219232752919197,0.007419248577207327,-0.48707467317581177,0.5315560102462769,0.4966157376766205,-2.0168020725250244,-0.3913281559944153,2.4559082984924316,1.044453501701355,-0.0021675252355635166,-0.01611354388296604,0.004083762876689434,-0.0034800975117832422,0.014604751020669937,-0.010645311325788498,-0.009427806362509727,0.6004893183708191,1.5206189345917664e-05,0.10069853067398071,1.0099623068526853e-05,0.9999999403953552,-1.7264106645598076e-05,7.622815610375255e-05,7.936787369544618e-06,-4.396180884214118e-06,0.032387472689151764,5.641068128170446e-07,9.376109119330067e-06,0.9999998807907104,-1.1360785947545082e-06,0.06411536037921906,-0.007032292429357767,-0.02574927918612957,0.0035160279367119074,0.03633236885070801,0.0014534607762470841,0.06411167979240417,0.007030599284917116,0.025758912786841393,0.002499327063560486,-0.027070268988609314,-0.0014523068675771356,-3.7550926208496094e-06,5.618494469672441e-07,0.02499999850988388,0.004026689566671848,0.004040543921291828,4.59937200503191e-06,6.535614375025034e-06,0.0,1320,3.1
14.10833333312803,retreat,14.108334069140255,6.08094559662174,6.635738164186479,0.4909634590148926,0.023218812202685513,0.0,0.015494370018132031,0.03956468118525214,0.0,0.0,0.0,0.0,53,0.010996543802320957,0.004838914144784212,0.010996542870998383,0.0035860813222825527,0.0,-6.635738164186479,0.0,0.0,0.0,0.0,0.0,0.0,2.0187466361676343e-05,-7.831888797227293e-05,1.1969234037678689e-05,0.9999999403953552,-0.0027246021199971437,0.00045853349729441106,0.010114389471709728,0.013855173252522945,0.10936455428600311,0.09677726775407791,-0.4870918393135071,0.5314186811447144,0.4966500401496887,-2.016847848892212,-0.39121320843696594,2.4558167457580566,1.0443848371505737,-0.0020545816514641047,-0.016093390062451363,0.003911340609192848,-0.00333214970305562,0.014002304524183273,-0.010081373155117035,-0.009157111868262291,0.6004763841629028,1.9272445570095442e-05,0.10075139999389648,9.933073670254089e-06,0.9999999403953552,-1.5880694263614714e-05,6.525386561406776e-05,1.037623133015586e-05,-4.5901688281446695e-06,0.03238712251186371,-1.3065009625279345e-05,-4.306770279072225e-06,0.9999999403953552,-2.036233809121768e-06,0.007877076044678688,0.0041072191670536995,-0.0064812349155545235,-0.0018881510477513075,0.0043769720941782,-0.000831920828204602,0.007876100018620491,-0.004107338842004538,0.006482342723757029,-0.0012950713280588388,-0.00323893828317523,0.0008318946929648519,-3.933906555175781e-06,5.985402822261676e-07,0.02499999850988388,0.004025423899292946,0.004039365332573652,4.9424966164224315e-06,7.0091045927256346e-06,0.0,1320,3.1083333333333334
14.116666666461242,retreat,14.116667402908206,6.018502238032259,6.582511216402056,0.4779696464538574,0.02692955604288727,0.0,0.016210664398386143,0.0,0.0,0.0,0.0,0.0,51,0.0070686377584934235,0.001535539049655199,0.007068635895848274,0.0007751021184958518,0.0,-6.582511216402056,0.0,0.0,0.0,0.0,0.0,0.0,1.761713792802766e-05,-6.825588934589177e-05,1.2726327440759633e-05,1.0,-0.0033936232794076204,0.0004092442395631224,0.010180032812058926,0.013211952522397041,0.15193642675876617,0.12773282825946808,-0.4871090054512024,0.5312813520431519,0.49668416380882263,-2.0168936252593994,-0.39109867811203003,2.4557251930236816,1.0443161725997925,-0.001997356303036213,-0.01606958545744419,0.003841507714241743,-0.003151157172396779,0.013770421966910362,-0.010078176856040955,-0.008985227905213833,0.6004635095596313,2.3099464669940062e-05,0.10080418735742569,9.947229955287185e-06,1.0,-1.4172589544614311e-05,5.42809757462237e-05,1.0967847629217431e-05,-4.4747675929102115e-06,0.032386697828769684,-1.3974924513604492e-05,-3.444534968366497e-06,1.0,-2.7790874810307287e-06,0.004848136566579342,0.002882561180740595,-0.0042605227790772915,-0.001045344048179686,0.0011068516178056598,0.00020003813551738858,0.004847592208534479,-0.002882612869143486,0.004261104390025139,-0.0006289449520409107,-0.00040644005639478564,-0.00020004497491754591,-3.3974647521972656e-06,6.36377080809325e-07,0.02499999850988388,0.004025412257760763,0.004039445426315069,4.9390282583772205e-06,6.997841410338879e-06,0.0,1320,3.1166666666666667
14.124999999794454,retreat,14.125000736676157,5.95604342886266,6.52933642268181,0.46509504318237305,0.030501169021590613,0.0,0.016399895685026422,0.0,0.0,0.0,0.0,0.0,53,0.00774057162925601,0.0010472206631675363,0.007740572560578585,0.00018072975217364728,0.0,-6.52933642268181,0.0,0.0,0.0,0.0,0.0,0.0,1.3851054973201826e-05,-5.834350304212421e-05,1.2832039828936104e-05,1.0,-0.0035444574896246195,0.00038071739254519343,0.010235489346086979,0.013512040488421917,0.16470204293727875,0.1372525542974472,-0.4871261715888977,0.5311440229415894,0.4967176914215088,-2.0169382095336914,-0.39098426699638367,2.4556336402893066,1.0442475080490112,-0.001955594401806593,-0.01604228839278221,0.003798998659476638,-0.0029587948229163885,0.013685720041394234,-0.010116489604115486,-0.00896713137626648,0.6004511713981628,2.6873078240896575e-05,0.1008572205901146,1.0247164937027264e-05,1.0,-1.248636999662267e-05,4.382280167192221e-05,1.1108848411822692e-05,-4.292144694773015e-06,0.03238655626773834,-1.4520720469590742e-05,-1.3647236301039811e-06,1.0,-2.5847523374977754e-06,0.005892559885978699,0.002176660345867276,-0.0045228679664433,-0.00045263723586685956,0.000941475504077971,-7.358357834164053e-05,0.005892109125852585,-0.002176715759560466,0.004523430485278368,-0.00013823018525727093,-9.019620483741164e-05,7.362271571764722e-05,-2.9206275939941406e-06,6.416430551325902e-07,0.02499999850988388,0.00402540247887373,0.004039408639073372,4.942033228871878e-06,7.008842658251524e-06,0.0,1320,3.125
14.133333333127666,retreat,14.133334070444107,5.893570134774206,6.475871056318285,0.4526972770690918,0.034078886528732255,0.0,0.008432770300714765,0.03956468118525214,0.0,0.0,0.0,0.0,55,0.008552607148885727,0.0009671300649642944,0.008552607148885727,7.956866465974599e-05,0.0,-6.475871056318285,0.0,0.0,0.0,0.0,0.0,0.0,1.8192207789979875e-05,-4.733490277430974e-05,1.314234032179229e-05,0.9999999403953552,-0.003509651403874159,0.0003551886766217649,0.01028696820139885,0.013233531266450882,0.1670951247215271,0.1390376091003418,-0.487143337726593,0.5310066938400269,0.49674975872039795,-2.0169670581817627,-0.3908698856830597,2.4555420875549316,1.04417884349823,-0.0019189739832654595,-0.01601257361471653,0.003765875706449151,-0.002750421641394496,0.013660070486366749,-0.01017148606479168,-0.008979201316833496,0.6004460453987122,2.7395888537284918e-05,0.10091596096754074,1.1111444109701551e-05,1.0,-1.4060525245440658e-05,4.0857881685951725e-05,4.0285990507982206e-06,-7.4029881034221034e-06,0.032391831278800964,-6.4770060816954356e-06,-4.131673449592199e-06,0.9999999403953552,-2.0309757928771432e-06,0.0066721634939312935,0.002018535044044256,-0.004955284297466278,-0.00021993208792991936,0.0009414207888767123,2.640856837388128e-05,0.0066717020235955715,-0.002018612576648593,0.00495587382465601,7.163728878367692e-05,2.2476015146821737e-05,-2.6345764126745053e-05,-2.384185791015625e-06,6.571608537342399e-07,0.02499999850988388,0.00402539549395442,0.004039454273879528,4.941265615343582e-06,7.007620297372341e-06,0.0,1320,3.1333333333333333
14.141666666460878,retreat,14.141667404212058,5.831083321428153,6.416765600442888,0.4469156265258789,0.03442984234425239,0.0,0.01259583132195985,0.055952909680744456,0.0,0.0,0.0,0.0,65,0.016219284385442734,0.0009598382166586816,0.016219284385442734,0.0013589547015726566,0.0,-6.416765600442888,0.0,0.0,0.0,0.0,0.0,0.0,1.0937084880424663e-05,-3.4018845326500013e-05,1.3955476788396481e-05,1.0,-0.001587865175679326,-0.006192170549184084,0.009882021695375443,0.48695069551467896,0.06214706972241402,0.06117524951696396,-0.48716050386428833,0.5308693647384644,0.4967813193798065,-2.0169670581817627,-0.3907553255558014,2.4554505348205566,1.0441101789474487,-0.0019366506021469831,-0.015971774235367775,0.0038559651002287865,-0.002569889649748802,0.013826480135321617,-0.010315588675439358,-0.00910758227109909,0.6004544496536255,2.4413926439592615e-05,0.100985087454319,1.2874240383098368e-05,0.9999999403953552,-1.9094552044407465e-05,5.151721052243374e-05,-1.0849089449038729e-05,-1.0849861610040534e-05,0.03240183740854263,1.7498243323643692e-05,8.15774910734035e-06,0.9999998807907104,-1.08114727481734e-06,0.008940927684307098,0.01310102641582489,-0.003389418125152588,-0.0006973723066039383,0.0006524291820824146,-9.64231658144854e-05,0.008940078318119049,-0.013101279735565186,0.003390676574781537,0.0011953478679060936,0.0006392121431417763,9.648416744312271e-05,-1.7285346984863281e-06,6.977934390306473e-07,0.02499999850988388,0.004025391768664122,0.004038233309984207,-0.0002951469796244055,-0.0004184786230325699,0.0,1320,3.1416666666666666
14.14999999979409,retreat,14.150000737980008,5.768583954485756,6.347445398569109,0.45430660247802734,0.031010051316116005,0.0,0.013072300134808756,0.0,0.0,0.0,0.0,0.0,62,0.013652719557285309,0.0005479996325448155,0.013652719557285309,0.0023308233357965946,0.0,-6.347445398569109,0.0,0.0,0.0,0.0,0.0,0.0,4.2080408491074195e-08,-2.4390128601226024e-05,1.7392481822753325e-05,1.0,0.002470634412020445,0.0003079138696193695,0.010164337232708931,0.012719971127808094,-0.17127226293087006,-0.10883725434541702,-0.48717767000198364,0.5307320356369019,0.4968119263648987,-2.0169677734375,-0.3906407058238983,2.4553589820861816,1.0440415143966675,-0.0018929997459053993,-0.015975186601281166,0.0037684321869164705,-0.002381653990596533,0.013719952665269375,-0.010785622522234917,-0.009127588011324406,0.6004624366760254,2.1129968445166014e-05,0.10105391591787338,1.4676716091344133e-05,1.0,-2.423346450086683e-05,6.18945196038112e-05,-1.2117667210986838e-05,-1.0830684914253652e-05,0.03240136057138443,3.7503967178054154e-05,2.41921025008196e-05,1.0,-2.7151784252055222e-06,0.0099325655028224,-0.009009992703795433,-0.00256143044680357,2.2082931536715478e-05,-0.0005004581180401146,-0.00022216573415789753,0.00993268471211195,0.009009587578475475,0.0025623952969908714,-0.0012795735383406281,0.001935476902872324,0.00022216711658984423,-1.1920928955078125e-06,8.696224540472031e-07,0.02499999850988388,0.004025385249406099,0.00403951108455658,4.952866220264696e-06,7.022201316431165e-06,0.0,1320,3.15
14.158333333127302,retreat,14.158334071747959,5.706072999608271,6.27841576933861,0.46372413635253906,0.027503392630023882,0.0,0.012860923561675008,0.0,3.2321295293513685e-05,1.4576450269032648e-07,0.0,0.0,60,0.005718199536204338,0.0007988879806362092,0.005700062494724989,0.0009377126698382199,-3.6515343282417234e-07,-6.27841576933861,-1.348382738797227e-08,1.573659602627231e-07,-3.2320909667760134e-05,-1.353947887139384e-08,1.4513256019199616e-07,7.173219240819151e-10,6.0874608607264236e-06,-3.9157304854597896e-05,1.281061031477293e-05,1.0,0.0029944595880806446,-0.0006520792958326638,0.010419139638543129,-0.10163754969835281,-0.20020219683647156,-0.128834068775177,-0.48719483613967896,0.5305947065353394,0.4968438148498535,-2.0169677734375,-0.39052584767341614,2.4552674293518066,1.0439728498458862,-0.0018953385297209024,-0.01594080589711666,0.003805264364928007,-0.0022598993964493275,0.013934193179011345,-0.010836374014616013,-0.009308509528636932,0.6004709601402283,1.8335769709665328e-05,0.10112325102090836,1.6392772522522137e-05,1.0,-2.920177394116763e-05,7.305067265406251e-05,-1.1946654922212474e-05,-1.0229368854197673e-05,0.032401666045188904,3.3893091313075274e-05,2.3114611394703388e-05,1.0,3.58286160917487e-06,0.004619273357093334,0.0010203098645433784,-0.0032123341225087643,0.0007214221986941993,0.00032868169364519417,-9.869327914202586e-05,0.004618744365870953,-0.0010204743593931198,0.0032130423933267593,0.0008688015514053404,0.0003385909949429333,9.884410974336788e-05,-1.9669532775878906e-06,6.40542566543445e-07,0.02499999850988388,0.0040253689512610435,0.00403826916590333,4.875566446571611e-06,6.911432137712836e-06,0.0,1320,3.158333333333333
14.166666666460515,retreat,14.16666740551591,5.643551422456959,6.208954006433489,0.4729628562927246,0.025046590963029303,0.0,0.012572432751767337,0.03956468118525214,0.00027025124290958047,1.0834343129317858e-06,0.0,0.0,52,0.0021453748922795057,0.0007883592625148594,0.002044991822913289,0.0010484009981155396,-2.9991666679052287e-06,-6.208954006433489,-8.972446039479109e-07,1.874771623988636e-05,-0.0002695986768230796,-9.938570144640835e-08,1.0762444162537577e-06,7.516911892935241e-08,1.326016899838578e-05,-5.043005512561649e-05,8.579955647292081e-06,0.9999999403953552,0.0030480665154755116,-0.001408973941579461,0.010018549859523773,-0.10097428411245346,-0.20183637738227844,-0.13079394400119781,-0.48721200227737427,0.5304574370384216,0.49687695503234863,-2.0169677734375,-0.3904106020927429,2.4551758766174316,1.0439037084579468,-0.0018959135049954057,-0.015911702066659927,0.0038383693899959326,-0.00214305124245584,0.014064248651266098,-0.011042309924960136,-0.00943161454051733,0.6004794239997864,1.6688303730916232e-05,0.10119284689426422,1.7251148165087216e-05,1.0,-3.348841346451081e-05,8.379975042771548e-05,-1.1868423825944774e-05,-9.475610568188131e-06,0.03240180015563965,3.3369626180501655e-05,2.0228089852025732e-05,0.9999999403953552,8.671769137436058e-06,0.0014291269471868873,0.0013770913938060403,-0.0008147693588398397,0.00021815902437083423,-0.0007426217780448496,-0.0001497658813605085,0.0014288981910794973,-0.0013771589146927,0.0008150563226081431,0.00041714200051501393,0.0009490592638030648,0.00014980020932853222,-2.5033950805664062e-06,4.290304786991328e-07,0.02499999850988388,0.0040253568440675735,0.004038299899548292,4.7153025661828e-06,6.6840730141848326e-06,0.0,1320,3.1666666666666665
14.174999999793727,retreat,14.17500073928386,5.581020188693074,6.139343231916429,0.4820823669433594,0.022907299353391863,0.0,0.012247503036633134,0.03956468118525214,0.00042022555135190487,1.6870565104909474e-06,0.0,0.0,51,0.002034509088844061,0.001020719762891531,0.0017285025678575039,0.0010169926099479198,-4.878813967934548e-06,-6.139343231916429,-2.520770522096427e-06,5.3383875638246536e-05,-0.0004168133018538356,-2.19294690850802e-07,1.659024519540253e-06,2.1379204895310977e-07,1.721389162412379e-05,-6.0457598010543734e-05,1.5739549780846573e-05,1.0,0.0030090976506471634,-0.0006530549144372344,0.010434056632220745,-0.10121221095323563,-0.20118188858032227,-0.1294592171907425,-0.4872291684150696,0.5303203463554382,0.4969103932380676,-2.0169677734375,-0.39029303193092346,2.4550843238830566,1.0438339710235596,-0.0018843789584934711,-0.01588686928153038,0.0038407715037465096,-0.0020488908048719168,0.01413519587367773,-0.011262319050729275,-0.009511069394648075,0.6004878282546997,1.5210684978228528e-05,0.10126235336065292,1.758996586431749e-05,0.9999999403953552,-3.8085883716121316e-05,9.473082172917202e-05,-1.1861553502967581e-05,-8.835831977194175e-06,0.0324016809463501,3.4272925404366106e-05,2.0872421373496763e-05,0.9999999403953552,1.8510909285396338e-06,0.00015469355275854468,-0.0010622375411912799,-0.0017282789340242743,0.0002567482297308743,-0.000981318298727274,-0.00011385775724193081,0.00015444704331457615,0.0010622862027958035,0.001728270435705781,0.00010332357487641275,0.001003642682917416,0.00011385597463231534,-3.039836883544922e-06,7.870294211897999e-07,0.02499999850988388,0.004025345668196678,0.004038332495838404,4.876037564827129e-06,6.914924597367644e-06,0.0,1320,3.175
14.183333333126939,retreat,14.18333407305181,5.518480263977878,6.06982931494713,0.49102306365966797,0.021171352273086086,0.0,0.01180772505904315,0.03956468118525214,0.0004437876050360501,1.99747842088982e-06,0.0,0.0,51,0.0010718170087784529,0.0009466659976169467,0.0009358762181364,0.0008709720568731427,-5.145330959521743e-06,-6.06982931494713,-1.3977222579342197e-06,2.9865903343306854e-05,-0.00044277930282987654,-1.840764127791772e-07,1.9844344478769926e-06,1.343718167845509e-07,2.1271005607559346e-05,-7.104818359948695e-05,2.0886523998342454e-05,0.9999999403953552,0.0029909878503531218,-0.00025122929946519434,0.010565456934273243,-0.05852995067834854,-0.20046931505203247,-0.12928998470306396,-0.4872463345527649,0.5301833748817444,0.4969441592693329,-2.0169677734375,-0.3901728391647339,2.4549927711486816,1.0437607765197754,-0.0018774715717881918,-0.015864016488194466,0.0038488965947180986,-0.0019856926519423723,0.014220219105482101,-0.011432502418756485,-0.009597591124475002,0.6004960536956787,1.4019272384757642e-05,0.10133153945207596,1.709313437459059e-05,0.9999999403953552,-4.200651528663002e-05,0.00010507068509468809,-1.1816304322564974e-05,-8.25905408419203e-06,0.03240135312080383,3.4021984902210534e-05,2.0736486476380378e-05,0.9999999403953552,-3.792640200117603e-06,-0.00028042017947882414,-0.0008504751021973789,-0.0005889381864108145,0.0003551537520252168,-0.0008672600379213691,-0.00013379965093918145,-0.0002804724790621549,0.0008505186415277421,0.0005888499435968697,0.0002323201042599976,0.0008267249795608222,0.0001338279398623854,-3.5762786865234375e-06,1.0444018698763102e-06,0.02499999850988388,0.004025334492325783,0.004038386046886444,4.886147507932037e-06,6.929010851308703e-06,0.0,1320,3.183333333333333
14.19166666646015,retreat,14.19166740681976,5.455932613972619,6.000769883394243,0.5015134811401367,0.020239716832293198,0.0,0.010490815839148127,0.03956468118525214,0.0006859713466838002,2.739215460678679e-06,0.0,0.0,55,0.007154273334890604,0.0011795243481174111,0.0071732643991708755,0.00025195119087584317,-7.0044326676566016e-06,-6.000769883394243,-2.4350756575586274e-06,2.9362778150243685e-05,-0.0006853382801637053,-3.2613888834021054e-07,2.717188181122765e-06,1.1757249041011164e-07,3.9608770748600364e-05,-0.0001022462674882263,2.0714698621304706e-05,1.0,-0.0007082450320012867,0.00046704726992174983,0.010306823998689651,0.0214863084256649,0.011693404987454414,0.02109614759683609,-0.48726287484169006,0.5300475358963013,0.49697792530059814,-2.0169677734375,-0.3900526463985443,2.4549012184143066,1.0436723232269287,-0.0018527385545894504,-0.015832548961043358,0.0038299602456390858,-0.0019216714426875114,0.014254246838390827,-0.011462530121207237,-0.00964139774441719,0.6005041003227234,1.3404075616563205e-05,0.10140056163072586,1.6201924154302105e-05,0.9999999403953552,-3.8148042222019285e-05,0.00011523180000949651,-1.0030888006440364e-05,-7.885086233727634e-06,0.03240131586790085,1.2985377907170914e-05,-1.460001499253849e-06,0.9999999403953552,-4.51343612439814e-06,-0.006987105589359999,-0.0015192441642284393,-0.00023638608399778605,0.0004428501124493778,-0.0010901355417445302,-8.225620695156977e-05,-0.006987044122070074,0.0015197840984910727,0.0002347265835851431,0.0002233468258054927,8.067500311881304e-05,8.22652000351809e-05,-5.125999450683594e-06,1.0359381121816114e-06,0.02499999850988388,0.0040253279730677605,0.004038718529045582,5.154402970219962e-06,7.308146450668573e-06,0.0,1320,3.1916666666666664
14.199999999793363,retreat,14.200000740587711,5.3933782043385605,5.933409184217455,0.5052089691162109,0.019519380657584406,0.0,0.015406854799948633,0.0,0.13111154735088348,0.0002685731742531061,0.10488927364349365,0.0,55,0.11319486051797867,0.0030243860092014074,0.09265153855085373,0.011513978242874146,-0.000871951888257172,-5.933409184217455,-0.10429464280605316,-0.011533981189131737,-0.07861191034317017,-1.6956035324255936e-05,0.00026786886155605316,-9.503955880063586e-06,3.053720502066426e-05,-8.772240835241973e-05,2.1482348529389128e-05,1.0,-0.0004161511897109449,0.0002786779950838536,0.010205822065472603,0.011475957930088043,-0.03699967637658119,-0.005948303733021021,-0.4872797727584839,0.5299112200737,0.49701207876205444,-2.0169677734375,-0.38993242383003235,2.4548096656799316,1.0435816049575806,-0.0021470608189702034,-0.015787966549396515,0.004480392672121525,-0.002368479734286666,0.015247093513607979,-0.013106873258948326,-0.01005235593765974,0.6005125045776367,1.2856252396886703e-05,0.1014697402715683,1.5233203157549724e-05,1.0,-3.295591886853799e-05,0.000125542122987099,-1.5408159015350975e-05,-7.649588042113464e-06,0.03240314871072769,3.781947089009918e-05,2.4200749066949356e-06,1.0,-6.250091246329248e-06,0.0676056519150734,0.07072674483060837,-0.056923460215330124,-0.0027497170958667994,0.0012567262165248394,8.127786713885143e-05,0.06758669763803482,-0.07072946429252625,0.056942589581012726,0.007468615658581257,0.008509170264005661,-8.023501868592575e-05,-4.410743713378906e-06,1.0742514859884977e-06,0.02499999850988388,0.0040097408927977085,0.004023747518658638,0.02858877368271351,-0.0002888238523155451,0.0,1320,3.2
14.208333333126575,retreat,14.208334074355662,5.330818000736961,5.867151170969011,0.5056858062744141,0.017482618204667233,0.0,0.00486923590869992,0.0,0.3314332067966461,0.0007785061607137322,0.26514655351638794,-0.00010112385240290678,49,0.25956591963768005,0.014794312417507172,0.10711296647787094,0.01853058487176895,-0.002276797778904438,-5.867151170969011,-0.26470232009887695,-0.015772564336657524,-0.19882626831531525,-2.28799763135612e-05,0.0007779581937938929,-1.814917050069198e-05,6.995633725637163e-07,-5.6826342188287526e-05,2.4300747099914588e-05,1.0,-0.0009227140690200031,9.503759793005884e-05,0.009633786976337433,0.013251685537397861,-0.08102767169475555,-0.03884714096784592,-0.4872966706752777,0.5297738909721375,0.4970409572124481,-2.016997814178467,-0.38981306552886963,2.454686403274536,1.0434993505477905,-0.0019866146612912416,-0.01609373278915882,0.0037436680868268013,-0.0032000751234591007,0.014634417369961739,-0.016097627580165863,-0.009877228178083897,0.6004998087882996,1.0632894372974988e-05,0.10152485966682434,1.934511965373531e-05,0.9999999403953552,-3.0337445423356257e-05,0.00010593573824735358,-9.625364327803254e-07,-8.103126674541272e-06,0.0323919951915741,4.9108672101283446e-05,2.963935367006343e-05,1.0,-4.953974439558806e-06,0.19459199905395508,-0.0813436210155487,-0.1512998342514038,-0.00023547120508737862,0.01478513889014721,-0.0004646552260965109,0.19456487894058228,0.08133770525455475,0.15133796632289886,-0.01198713481426239,0.013326792977750301,0.0004632568743545562,-2.86102294921875e-06,1.2150394468335435e-06,0.02499999850988388,0.004009946249425411,0.004023885354399681,5.255391442915425e-06,7.4531708378344774e-06,0.0,1320,3.2083333333333335
14.216666666459787,retreat,14.216667408123612,5.268252968829078,5.811093002557756,0.5003809928894043,0.01678641274338588,0.0,0.013366729035624303,0.0,7.642369018867612e-05,3.056369735077169e-07,0.0,-0.00016666662361330964,56,0.06853006035089493,0.03587702289223671,0.06850173324346542,0.026690203696489334,-7.665461185801803e-07,-5.811093002557756,-8.784693861230153e-09,1.0758987656345198e-07,-7.642361742909998e-05,-2.7967523408278794e-08,3.0435438702625106e-07,4.3169284813515674e-10,1.9216142391087487e-05,-9.082728502107784e-05,2.361533188377507e-05,0.9999999403953552,-0.0007368280203081667,0.0005276924930512905,0.00995957013219595,0.026949075981974602,-0.015695801004767418,0.00406733388081193,-0.48731347918510437,0.529636561870575,0.49706965684890747,-2.0170435905456543,-0.3896928131580353,2.454594850540161,1.0434272289276123,-0.001798760611563921,-0.016041891649365425,0.003374858759343624,-0.0035500386729836464,0.014415367506444454,-0.010251590050756931,-0.009587409906089306,0.6004863381385803,1.1413741049182136e-05,0.10157642513513565,1.8862223441828974e-05,1.0,-3.16282021231018e-05,9.372645581606776e-05,7.995184205356054e-06,-6.59517036183388e-06,0.032387517392635345,2.898772891057888e-06,1.241255540662678e-05,1.0,-4.752046606881777e-06,0.061802398413419724,-0.015146986581385136,-0.025444094091653824,0.008297535590827465,0.03488771617412567,0.0010765006300061941,0.0617985874414444,0.01514403335750103,0.02545510046184063,0.006107816938310862,-0.0259600467979908,-0.0010740888537839055,-4.5299530029296875e-06,1.1808533599833027e-06,0.02499999850988388,0.0040243580006062984,0.004038047045469284,5.506884917849675e-06,7.811002433300018e-06,0.0,1320,3.216666666666667
14.224999999792999,retreat,14.225000741891563,5.205684074276165,5.7589389383792895,0.4888772964477539,0.01767022149579134,0.0,0.015875111785135232,0.0,0.0,0.0,0.0,0.0,50,0.009826199151575565,0.0039275274612009525,0.00982620008289814,0.002911709016188979,0.0,-5.7589389383792895,0.0,0.0,0.0,0.0,0.0,0.0,2.971489266201388e-05,-9.567539382260293e-05,2.206239332736004e-05,0.9999999403953552,-0.002799953566864133,0.0005003951373510063,0.010082872584462166,0.02525615692138672,0.11161509901285172,0.09656285494565964,-0.4873303472995758,0.5294992327690125,0.4970983564853668,-2.017089366912842,-0.3895728588104248,2.454503297805786,1.0433578491210938,-0.0017459031660109758,-0.0160029549151659,0.0033241945784538984,-0.003404847579076886,0.014155116863548756,-0.009715746156871319,-0.009518233127892017,0.6004728674888611,1.2899463399662636e-05,0.10162827372550964,1.848591818998102e-05,1.0,-3.3424603316234425e-05,8.147297194227576e-05,1.0755926268757321e-05,-5.9690678426704835e-06,0.03238721191883087,-1.4202620150172152e-05,3.709737939061597e-06,1.0,-3.57569774678268e-06,0.0071883732452988625,-0.0001432016579201445,-0.006697834003716707,-0.00010442515485920012,0.0038665211759507656,-0.0006816007080487907,0.007187291514128447,0.00014296885638032109,0.006699000485241413,-0.00012545191566459835,-0.0028279959224164486,0.000681726261973381,-4.76837158203125e-06,1.1032625479856506e-06,0.02499999850988388,0.004024370573461056,0.0040380931459367275,5.471056283568032e-06,7.75689841248095e-06,0.0,1320,3.225
14.233333333126211,retreat,14.233334075659513,5.143112282739482,5.706673115491869,0.47528743743896484,0.01920372415042948,0.0,0.016493113434989937,0.055952909680744456,0.0,0.0,0.0,0.0,51,0.007002150174230337,0.0010008529061451554,0.007002152036875486,0.00036782005918212235,0.0,-5.706673115491869,0.0,0.0,0.0,0.0,0.0,0.0,3.473633842077106e-05,-8.387224079342559e-05,2.083379695250187e-05,0.9999998807907104,-0.0035351691767573357,0.00035111888428218663,0.01014571264386177,0.01419280469417572,0.15799780189990997,0.13331931829452515,-0.48734626173973083,0.52936190366745,0.49712705612182617,-2.0171351432800293,-0.3894566297531128,2.454411745071411,1.0432889461517334,-0.0017256269929930568,-0.015965411439538002,0.0033370270393788815,-0.0032093017362058163,0.014029597863554955,-0.009743226692080498,-0.009425252676010132,0.6004594564437866,1.4705648936796933e-05,0.10168027877807617,1.9130398868583143e-05,0.9999999403953552,-3.380160342203453e-05,6.97799478075467e-05,1.1334570444887504e-05,-5.738143045164179e-06,0.032386936247348785,-1.4092341189098079e-05,-9.348885896542924e-07,0.9999998807907104,-1.702986423879338e-06,0.004902230110019445,0.0005637234426103532,-0.004967943765223026,-0.0003718503867276013,0.000927728193346411,5.24796087120194e-05,0.004901498556137085,-0.0005638650036416948,0.004968651570379734,-0.0002904520370066166,-0.00021948880748823285,-5.247725857771002e-05,-4.172325134277344e-06,1.041835275827907e-06,0.02499999850988388,0.004024415742605925,0.004038195125758648,5.260350008029491e-06,7.463386282324791e-06,0.0,1320,3.2333333333333334
14.241666666459423,retreat,14.241667409427464,5.08053855988028,5.654206126928331,0.46187639236450195,0.020950834368704818,0.0,0.016906531527638435,0.03956468118525214,0.0,0.0,0.0,0.0,49,0.008269156329333782,0.000908010290004313,0.008269157260656357,0.00015297590289264917,0.0,-5.654206126928331,0.0,0.0,0.0,0.0,0.0,0.0,3.630553692346439e-05,-7.410898251691833e-05,2.095322633977048e-05,0.9999999403953552,-0.0036844767164438963,0.00031762386788614094,0.010197695344686508,0.012569139711558819,0.17107908427715302,0.14215923845767975,-0.4873616397380829,0.5292245745658875,0.4971557557582855,-2.0171799659729004,-0.38934168219566345,2.454320192337036,1.0432201623916626,-0.0017124335281550884,-0.015926683321595192,0.003362035844475031,-0.0029960426036268473,0.013962162658572197,-0.009815475903451443,-0.009401189163327217,0.6004465222358704,1.6284069715766236e-05,0.10173234343528748,2.013842822634615e-05,1.0,-3.394520535948686e-05,5.847887950949371e-05,1.1589780115173198e-05,-5.972108738205861e-06,0.032386548817157745,-1.5630082998541184e-05,-2.360602138651302e-06,0.9999999403953552,-8.144020853251277e-07,0.006318566855043173,0.0002610658702906221,-0.005327899008989334,-0.00015788433665875345,0.0008894691709429026,-9.165031951852143e-05,0.006317926105111837,-0.00026128022000193596,0.005328648258000612,-0.00012021233851555735,2.336915349587798e-05,9.167608368443325e-05,-3.6954879760742188e-06,1.0477961041033268e-06,0.02499999850988388,0.0040244488045573235,0.004038238897919655,5.213999429543037e-06,7.393478881567717e-06,0.0,1320,3.2416666666666667
14.249999999792635,retreat,14.250000743195415,5.017963871359825,5.601642280817034,0.4490017890930176,0.02246641815872863,0.0,0.010663387001841329,0.0,0.0,0.0,0.0,0.0,51,0.009298845194280148,0.0009619746124371886,0.009298847988247871,8.660416642669588e-05,0.0,-5.601642280817034,0.0,0.0,0.0,0.0,0.0,0.0,3.638795169536024e-05,-6.260674126679078e-05,2.2425228962674737e-05,0.9999999403953552,-0.003668079851195216,0.00031394342659041286,0.010261069983243942,0.012880983762443066,0.17479710280895233,0.14490099251270294,-0.4873763918876648,0.5290873646736145,0.4971844553947449,-2.0172131061553955,-0.3892269730567932,2.454228639602661,1.0431513786315918,-0.0017019042279571295,-0.01588577590882778,0.0033926565665751696,-0.002764654578641057,0.013924496248364449,-0.009898888878524303,-0.009392151609063148,0.6004393100738525,1.674653685768135e-05,0.1017892062664032,2.1706118786823936e-05,0.9999999403953552,-3.502334948279895e-05,5.318772673490457e-05,6.269516688917065e-06,-7.126598575268872e-06,0.03239083290100098,-9.419013622391503e-06,-1.364766944789153e-06,1.0,-7.188506856437016e-07,0.0072097815573215485,0.00017879746155813336,-0.005869889631867409,-3.9489896153099835e-05,0.0009607587126083672,-2.789921927615069e-05,0.0072091445326805115,-0.00017904765263665468,0.005870668683201075,-1.3699625924346037e-05,8.081819396466017e-05,2.7946771297138184e-05,-3.159046173095703e-06,1.1213760444661602e-06,0.02499999850988388,0.004024397116154432,0.00403829850256443,5.226371285971254e-06,7.411465048789978e-06,0.0,1320,3.25
14.258333333125847,retreat,14.258334076963365,4.955389182839371,5.544310063123705,0.4411935806274414,0.02287847746629268,0.0,0.012577685993164778,0.06852804166478502,0.0,0.0,0.0,0.0,61,0.010395360179245472,0.0006098483572714031,0.010395361110568047,0.0006951362011022866,0.0,-5.544310063123705,0.0,0.0,0.0,0.0,0.0,0.0,2.977449730678927e-05,-4.94401938340161e-05,2.3743039491819218e-05,0.9999998807907104,-0.0022106997203081846,0.00030998766305856407,0.010269071906805038,0.012719966471195221,0.09525670856237411,0.0867244079709053,-0.4873912036418915,0.5289502739906311,0.4972131550312042,-2.0172131061553955,-0.3891124129295349,2.454137086868286,1.043082594871521,-0.0017038879450410604,-0.015848783776164055,0.003442332148551941,-0.0025344439782202244,0.013935846276581287,-0.010102163068950176,-0.009424658492207527,0.600447416305542,1.3733068044530228e-05,0.10185807943344116,2.38643006014172e-05,0.9999999403953552,-3.971289697801694e-05,6.35513715678826e-05,-1.0318102795281447e-05,-1.0691272109397687e-05,0.03240237385034561,1.4110945812717546e-05,9.938729817804415e-06,0.9999998211860657,1.2133396865010582e-07,0.00897083431482315,0.00016259890981018543,-0.005249877460300922,-9.633070874315308e-08,0.0006052720709703863,-7.457047468051314e-05,0.008970154449343681,-0.00016306077304761857,0.005251025315374136,2.338412741664797e-05,0.0006907222559675574,7.463470683433115e-05,-2.4437904357910156e-06,1.1872252798639238e-06,0.02499999850988388,0.004024413879960775,0.004038421902805567,5.21774563821964e-06,7.399707101285458e-06,0.0,1320,3.2583333333333333
14.26666666645906,retreat,14.266667410731316,4.892815459980168,5.475161224603655,0.4481673240661621,0.01972927748283837,0.0,0.012423798580130097,0.0,0.0,0.0,0.0,0.0,56,0.011833871714770794,0.00025841034948825836,0.011833872646093369,0.001838567666709423,0.0,-5.475161224603655,0.0,0.0,0.0,0.0,0.0,0.0,2.206351564382203e-05,-3.718613152159378e-05,2.7739217330235988e-05,1.0,0.0022651704493910074,0.0003200772334821522,0.010154145769774914,0.013102411292493343,-0.1596878468990326,-0.10018665343523026,-0.48740634322166443,0.5288141369819641,0.49724194407463074,-2.017213821411133,-0.3889968991279602,2.454045534133911,1.0430121421813965,-0.0017332712886855006,-0.01582414284348488,0.0035299458540976048,-0.0023531971964985132,0.014036442153155804,-0.010515696369111538,-0.009524639695882797,0.6004548668861389,1.064622301782947e-05,0.10192594677209854,2.536901956773363e-05,1.0,-4.43533826910425e-05,7.314409594982862e-05,-1.141649772762321e-05,-1.072621853381861e-05,0.032401107251644135,3.5957291402155533e-05,2.2290949345915578e-05,1.0000001192092896,-2.3701634290773654e-06,0.011491120792925358,-0.00030723135569132864,-0.0028107413090765476,0.00010548993304837495,-0.00017014880722854286,-0.00016339267313014716,0.011490737088024616,0.0003063546901103109,0.0028124067466706038,6.121187470853329e-05,0.0018302658572793007,0.00016343549941666424,-1.8477439880371094e-06,1.3870012480765581e-06,0.02499999850988388,0.004024424124509096,0.004038522951304913,5.230625902186148e-06,7.416587322950363e-06,0.0,1320,3.2666666666666666
14.274999999792271,retreat,14.275000744499266,4.830243668443485,5.406966060400011,0.45692920684814453,0.016662526832078584,0.0,0.009691010745882522,0.03956468118525214,0.0,0.0,0.0,0.0,58,0.006346725858747959,0.00043009547516703606,0.0063467263244092464,0.0006385560263879597,0.0,-5.406966060400011,0.0,0.0,0.0,0.0,0.0,0.0,3.236064003431238e-05,-5.045679063186981e-05,2.876845064747613e-05,1.0,0.002833370352163911,0.00034301078994758427,0.010171571746468544,0.014163489453494549,-0.1897498071193695,-0.12147817760705948,-0.48742225766181946,0.5286835432052612,0.497270792722702,-2.017213821411133,-0.3888792395591736,2.453953981399536,1.042939305305481,-0.001743840635754168,-0.015786899253726006,0.003590131876990199,-0.0021875291131436825,0.014105399139225483,-0.010668164119124413,-0.009588162414729595,0.6004615426063538,7.834631105652079e-06,0.1019912138581276,2.5162969905068167e-05,0.9999999403953552,-4.889932461082935e-05,8.034296479308978e-05,-9.796431186259724e-06,-1.0457658390805591e-05,0.03239817172288895,2.9885577532695606e-05,1.653973049542401e-05,0.9999999403953552,-3.6056105727766408e-06,0.005167006980627775,-0.0009806606685742736,-0.0035526433493942022,0.000389084656490013,0.00016358704306185246,-8.267116209026426e-05,0.005166532006114721,0.0009803342400118709,0.0035534242633730173,0.0002474159700796008,0.0005828313296660781,8.274522406281903e-05,-2.5033950805664062e-06,1.4385041140485555e-06,0.02499999850988388,0.004024484194815159,0.004038531798869371,5.226860594120808e-06,7.4093404691666365e-06,0.0,1320,3.275
14.283333333125483,retreat,14.283334078267217,4.767674773890574,5.341460555791857,0.46449899673461914,0.014041951544641051,0.0,0.007638770512130577,0.0,0.0001254376256838441,5.031188834436762e-07,0.0,0.0,52,0.0036657792516052723,0.0006103677442297339,0.0035651333164423704,0.0008357801707461476,-1.3666367451037331e-06,-5.341460555791857,-1.410669714374535e-08,1.7093631754505623e-07,-0.00012543750926852226,-4.631480976513558e-08,5.009821393286984e-07,6.906445970678021e-10,3.37948149535805e-05,-5.9566944401012734e-05,2.815898733388167e-05,0.9999999403953552,0.00250455504283309,0.00035062694223597646,0.010211080312728882,0.013644065707921982,-0.1697472333908081,-0.10694283246994019,-0.48743897676467896,0.5285572409629822,0.4972997307777405,-2.017213821411133,-0.38875946402549744,2.453862428665161,1.0428531169891357,-0.0017563329311087728,-0.015750659629702568,0.0036539523862302303,-0.002034419681876898,0.014160629361867905,-0.010876928456127644,-0.009645558893680573,0.6004673838615417,5.488980605150573e-06,0.10205426067113876,2.2987080228631385e-05,1.0,-4.785540295415558e-05,8.575057290727273e-05,-8.417815479333512e-06,-1.0041796485893428e-05,0.03239572048187256,2.6183059162576683e-05,1.4061632100492716e-05,1.0,-5.1719534894800745e-06,0.001941451570019126,-0.0009386838064529002,-0.0029643846210092306,0.0002634678385220468,-0.0005341240903362632,-0.00013358482101466507,0.001941033056937158,0.0009386343299411237,0.0029646744951605797,0.0001278845447814092,0.0008145681349560618,0.00013359669537749141,-2.9802322387695312e-06,1.408049683959689e-06,0.02499999850988388,0.004024409223347902,0.004038591403514147,5.242436600383371e-06,7.432157872244716e-06,0.0,1320,3.283333333333333
14.291666666458696,retreat,14.291667412035167,4.705109741982689,5.27821257710457,0.47087669372558594,0.011897604053956456,0.0,0.007628498678968754,0.0,0.000150238091009669,6.021453486937389e-07,0.0,0.0,50,0.0030185424257069826,0.0006906806374900043,0.0028909756802022457,0.0008318892796523869,-1.6292581435095599e-06,-5.27821257710457,7.348499764248118e-08,-1.6363301256205887e-06,-0.00015022917068563402,-2.3458191833469755e-08,6.016524594087969e-07,-6.56190657366551e-09,3.498357909847982e-05,-6.700463563902304e-05,2.5991550501203164e-05,1.0,0.002142899902537465,0.00036339517100714147,0.010247450321912766,0.014249785803258419,-0.14831896126270294,-0.09101949632167816,-0.48745599389076233,0.528431236743927,0.4973289668560028,-2.017213821411133,-0.38863933086395264,2.453770875930786,1.042765736579895,-0.0017722771735861897,-0.01571955345571041,0.003720282344147563,-0.0019007703522220254,0.014198494143784046,-0.011088797822594643,-0.009644465520977974,0.6004731059074402,2.903759195760358e-06,0.10211732238531113,2.0923824195051566e-05,1.0,-4.6364384616026655e-05,9.086274076253176e-05,-8.093362339423038e-06,-1.0349045624025166e-05,0.032395534217357635,2.3857630367274396e-05,1.138176867243601e-05,1.0000001192092896,-5.067794063506881e-06,0.0011699134483933449,-0.0010594699997454882,-0.002573018427938223,0.0001906379038700834,-0.0006520739407278597,0.00012448510096874088,0.001169544062577188,0.0010594691848382354,0.0025731869973242283,3.765207657124847e-05,0.0008210576488636434,-0.00012449192581698298,-3.337860107421875e-06,1.2996952136745676e-06,0.02499999850988388,0.004024433437734842,0.004038539249449968,5.236237484496087e-06,7.427675882354379e-06,0.0,1320,3.2916666666666665
14.299999999791908,retreat,14.300000745803118,4.642549538381088,5.214994400739672,0.47701597213745117,0.009545860848447774,0.0,0.006223230229807086,0.0,0.00012845448509324342,5.145153068042418e-07,0.0,0.0,55,0.0027298901695758104,0.0006534761050716043,0.002629422815516591,0.000793729443103075,-1.392625982532536e-06,-5.214994400739672,5.96169158484372e-08,-7.339735930145252e-07,-0.0001284523750655353,-4.5577799312468414e-08,5.124841209180886e-07,-2.947305954847934e-09,3.573047069949098e-05,-7.188424933701754e-05,2.408849832136184e-05,0.9999999403953552,0.002050173468887806,0.0003757126978598535,0.010267650708556175,0.013769485987722874,-0.14262938499450684,-0.08747773617506027,-0.4874730706214905,0.5283053517341614,0.4973614811897278,-2.017213821411133,-0.38851913809776306,2.453679323196411,1.0426781177520752,-0.0017930831527337432,-0.015694230794906616,0.0037909571547061205,-0.0017894150223582983,0.014227112755179405,-0.011291996575891972,-0.009643162600696087,0.6004789471626282,2.4583296180935577e-06,0.10218068957328796,1.789524503692519e-05,0.9999999403953552,-4.343319596955553e-05,9.63589918683283e-05,-8.15124440123327e-06,-8.246550351032056e-06,0.03239566832780838,2.4474336896673776e-05,7.703764822508674e-06,1.0,-6.1935661506140605e-06,0.0011480831308290362,-0.0012234634486958385,-0.0021534489933401346,0.0001809933892218396,-0.000625304994173348,5.71499731449876e-05,0.0011477743973955512,0.001223440864123404,0.002153626410290599,4.305664333514869e-06,0.0007911446155048907,-5.7157933042617515e-05,-3.5762786865234375e-06,1.2045529729221016e-06,0.02499999850988388,0.0040244655683636665,0.004038578364998102,5.224730557529256e-06,7.411057595163584e-06,0.0,1320,3.3
14.30833333312512,retreat,14.308334079571068,4.579995128747033,5.151485651731493,0.4831552505493164,0.009295534255215898,0.0,0.005864617833140073,0.055952909680744456,0.0002021488471655175,8.090164556051604e-07,0.0,0.0,51,0.002419075695797801,0.000607442285399884,0.0022680116817355156,0.0007349910447373986,-2.189348862202678e-06,-5.151485651731493,1.8410617030895082e-07,-4.1975276872108225e-06,-0.00020210517686791718,-2.701820633888019e-08,8.083903821898275e-07,-1.6812503389473932e-08,3.227822526241653e-05,-7.655164517927915e-05,2.198997390223667e-05,0.9999999403953552,0.0020623565651476383,0.0004947557463310659,0.010248272679746151,0.021784821525216103,-0.14302049577236176,-0.090046726167202,-0.487490177154541,0.5281794667243958,0.49739572405815125,-2.017213821411133,-0.3883989155292511,2.453587770462036,1.0426017045974731,-0.001813713344745338,-0.015675265341997147,0.0038548472803086042,-0.0016967961564660072,0.014232711866497993,-0.01148020289838314,-0.00961139053106308,0.6004850268363953,3.0674832487420645e-06,0.10224416106939316,1.439589868823532e-05,0.9999999403953552,-4.543958493741229e-05,0.00010209251195192337,-8.463057383778505e-06,-7.160310360632138e-06,0.032395631074905396,2.554032653279137e-05,1.316250109084649e-05,0.9999998807907104,-7.593891950818943e-06,0.0009442808805033565,-0.0012736570788547397,-0.001827035448513925,0.00011052672925870866,-0.0005801733350381255,0.00014201724843587726,0.0009440236026421189,0.0012736237840726972,0.001827191561460495,-7.33931883587502e-05,0.0007165775168687105,-0.00014203529281076044,-3.814697265625e-06,1.0996218406944536e-06,0.02499999850988388,0.00402450654655695,0.004038593266159296,5.3666080930270255e-06,7.609603926539421e-06,0.0,1320,3.308333333333333
14.316666666458332,retreat,14.316667413339019,4.5174474787417775,5.0879396498203295,0.4895329475402832,0.010147680768568534,0.0,0.005627769951388473,0.03956468118525214,0.0002268440875923261,1.0205350235992228e-06,0.0,0.0,57,0.0019780283328145742,0.0005547826294787228,0.001822351012378931,0.0006143884384073317,-2.4175293518169383e-06,-5.0879396498203295,4.777786557497166e-07,-5.94480661675334e-06,-0.00022676566732116044,-7.619768638278401e-08,1.0173331475016312e-06,-2.6812438491674584e-08,3.09036549879238e-05,-8.096814417513087e-05,9.325294740847312e-06,1.0,0.002063885796815157,-0.0007681382703594863,0.010160606354475021,-0.10422361642122269,-0.14390605688095093,-0.08899303525686264,-0.48750731348991394,0.5280535817146301,0.4974301755428314,-2.017213821411133,-0.38827863335609436,2.453496217727661,1.042523980140686,-0.0018417607061564922,-0.015658996999263763,0.0039316569454967976,-0.0016270829364657402,0.014259489253163338,-0.011636685580015182,-0.009625975042581558,0.6004908084869385,3.7017114209447755e-06,0.10230757296085358,1.100758345273789e-05,1.0,-4.68413854832761e-05,0.00010756090341601521,-8.221315511036664e-06,-7.158717835409334e-06,0.032395511865615845,2.659267011040356e-05,1.593784509168472e-05,0.9999999403953552,1.6827610807013116e-06,0.0005399090587161481,0.0012308725854381919,-0.0014512225752696395,-0.0001446708047296852,-0.0005271284026093781,-9.481440793024376e-05,0.0005394815234467387,-0.0012308908626437187,0.0014513654168695211,3.317488881293684e-05,0.0006051140371710062,9.480190783506259e-05,-4.0531158447265625e-06,4.6638979256385937e-07,0.02499999850988388,0.0040244353003799915,0.00403732480481267,5.137364951224299e-06,7.28626037016511e-06,0.0,1320,3.3166666666666664
14.324999999791544,retreat,14.32500074710697,4.454907554026576,5.024401098489763,0.49573183059692383,0.010283402843924705,0.0,0.005727745701733511,0.03956468118525214,0.0003761302214115858,1.5039084928503144e-06,0.0,0.0,52,0.0030045846942812204,0.0006183689110912383,0.0028617321513593197,0.0007061342475935817,-4.016650095195473e-06,-5.024401098489763,-1.110760649680742e-06,2.5203475161106326e-05,-0.0003752832126338035,-1.229033870231433e-07,1.4954852076698444e-06,1.0079426715492446e-07,3.1187693821266294e-05,-8.792356675257906e-05,1.7656882846495137e-05,1.0,0.0020041868556290865,0.000568644143640995,0.010178131982684135,0.02530469186604023,-0.13990959525108337,-0.08489955216646194,-0.48752447962760925,0.5279276967048645,0.4974645972251892,-2.017213821411133,-0.38815838098526,2.453404664993286,1.0424535274505615,-0.0018516476266086102,-0.015655210241675377,0.0039587016217410564,-0.001561683602631092,0.014187821187078953,-0.011814507655799389,-0.009571930393576622,0.6004969477653503,4.279613676771987e-06,0.1023714542388916,7.314365575439297e-06,1.0,-5.1928254833910614e-05,0.00011346851533744484,-8.544559932488482e-06,-6.477193892351352e-06,0.0323958545923233,2.5544279196765274e-05,2.0741923435707577e-05,0.9999999403953552,-1.034148135659052e-05,-1.7056979686458362e-06,-0.002614435972645879,-0.0014806253602728248,3.710838791448623e-05,-0.0006171718123368919,-1.0101533916895278e-05,-1.7701519254842424e-06,0.0026144571602344513,0.001480586128309369,-0.0003405386523809284,0.0006169481202960014,1.003749366645934e-05,-4.410743713378906e-06,8.829811122268438e-07,0.02499999850988388,0.004025693982839584,0.004038656130433083,5.119847628520802e-06,7.25730205886066e-06,0.0,1320,3.3249999999999997
14.333333333124756,retreat,14.33333408087492,4.39237632026269,4.960512369871141,0.5031824111938477,0.011628948413999751,0.0,0.004525924396148184,0.03956468118525214,0.0003788698813878,1.7020180393956252e-06,0.0,0.0,56,0.005331167485564947,0.000727998442016542,0.005188621114939451,0.00018265761900693178,-3.904472402282977e-06,-4.960512369871141,6.794215323679964e-07,-1.5490208170376718e-05,-0.00037855247501283884,-3.4210053456718015e-08,1.7002499816953787e-06,-6.960424059343495e-08,4.84717202198226e-05,-0.00010704859596444294,1.137391973315971e-05,1.0,-0.000741944124456495,0.00048121580039151013,0.010344775393605232,0.018339451402425766,0.01726384274661541,0.026441212743520737,-0.4875410199165344,0.5278018116950989,0.4974989593029022,-2.017213821411133,-0.38803839683532715,2.453313112258911,1.0423790216445923,-0.001862292643636465,-0.015641512349247932,0.003995314706116915,-0.0015076303388923407,0.014176012016832829,-0.011851544491946697,-0.009581844322383404,0.6005027294158936,5.356048404792091e-06,0.10243497043848038,4.214356522425078e-06,1.0,-5.416095882537775e-05,0.00011899417586391792,-7.233604264911264e-06,-6.545586529682623e-06,0.03239548206329346,1.1945166079385672e-05,5.690144007530762e-06,0.9999999403953552,-7.159539109125035e-06,-0.004838346503674984,-0.0006729671149514616,-0.002135150134563446,0.00014046666910871863,-0.0006919159786775708,-0.0001774911506799981,-0.004838781431317329,0.000673508970066905,0.0021339920349419117,4.3188549170736223e-05,-7.081485819071531e-06,0.00017747464880812913,-5.364418029785156e-06,5.68955329072196e-07,0.02499999850988388,0.0040254308842122555,0.004038918297737837,5.063789103587624e-06,7.180729880928993e-06,0.0,1320,3.3333333333333335
14.341666666457968,retreat,14.34166741464287,4.329854743111378,4.8980914056301135,0.5057454109191895,0.012976277503184974,0.0,0.008481002623739187,0.0,0.09097053855657578,0.00018611305858939886,0.0727764293551445,0.0,55,0.06244238466024399,0.0006193326553329825,0.02879493497312069,0.006788540165871382,-0.0005986912874504924,-4.8980914056301135,-0.07260088622570038,-0.00558681134134531,-0.05453015863895416,-3.159571406285977e-06,0.00018583028577268124,-9.756686267792247e-06,3.9780592487659305e-05,-9.312703332398087e-05,8.488513230986428e-06,0.9999999403953552,-0.0002645693894010037,0.00035308004589751363,0.010108763352036476,0.013383508659899235,-0.03134508058428764,0.005917648319154978,-0.48755794763565063,0.5276756882667542,0.4975333511829376,-2.017213821411133,-0.3879181742668152,2.453221559524536,1.0422894954681396,-0.0019483279902487993,-0.01570099964737892,0.004088192712515593,-0.0017270061653107405,0.014399997889995575,-0.013254835270345211,-0.009748222306370735,0.6005088090896606,6.061116437194869e-06,0.10249868780374527,6.906120688654482e-07,1.0,-4.962167440680787e-05,0.00012490633525885642,-1.1133652151329443e-05,-6.959205165912863e-06,0.03239677846431732,3.17789199471008e-05,9.842073268373497e-06,1.0,-7.798241313139442e-06,0.04790699481964111,-0.00315939006395638,-0.039924800395965576,-0.00040819335845299065,0.00037868498475290835,-0.0002711987472139299,0.0478973351418972,0.0031546896789222956,0.039936747401952744,-0.0008643195615150034,0.0065419720485806465,0.00027134225820191205,-4.649162292480469e-06,4.2461124394321814e-07,0.02499999850988388,0.004009787924587727,0.004023887682706118,5.272780981613323e-06,7.4887939263135195e-06,0.0,1320,3.341666666666667
14.34999999979118,retreat,14.350000748410821,4.267343788233893,4.836609214544298,0.5056858062744141,0.01325770699622808,0.0,0.011709273167070933,0.055952909680744456,0.2716658413410187,0.0005554101662710309,0.21733267605304718,0.0,56,0.2029680758714676,0.012286491692066193,0.06900778412818909,0.011244888417422771,-0.0018546851933933794,-4.836609214544298,-0.21623016893863678,-0.022423293441534042,-0.1629234105348587,-4.101353624719195e-05,0.0005537149263545871,-1.407612126058666e-05,2.6345061996835284e-05,-7.059111521812156e-05,6.925184152350994e-06,1.0,-0.0006657851627096534,0.000275880447588861,0.009778120554983616,0.01392782386392355,-0.06570407003164291,-0.042174261063337326,-0.48757511377334595,0.5275418758392334,0.4975677728652954,-2.017213821411133,-0.3877965807914734,2.4531006813049316,1.0421992540359497,-0.0020687594078481197,-0.01587122492492199,0.004088258370757103,-0.002529327291995287,0.01481692772358656,-0.015447502955794334,-0.01001122035086155,0.6005101203918457,4.311027623771224e-06,0.10256367921829224,2.356756795052206e-06,0.9999999403953552,-4.504139724303968e-05,0.00011959511175518855,-1.2161386621301062e-05,-9.0986495706602e-06,0.03240027278661728,4.900375279248692e-05,1.8696995539357886e-05,0.9999998807907104,-4.568398253468331e-06,0.15818920731544495,-0.01607637293636799,-0.12614977359771729,0.0009957047877833247,0.012245380319654942,-0.00013084863894619048,0.1581604778766632,0.01606271229684353,0.1261874884366989,-0.0013270922936499119,0.01060701347887516,0.00013211544137448072,-3.516674041748047e-06,3.46351953339763e-07,0.02499999850988388,0.004010205157101154,0.004024079535156488,5.197398422751576e-06,7.375376299023628e-06,0.0,1320,3.35
14.358333333124392,retreat,14.358334082178771,4.2048444212914955,4.773636907339098,0.5056858062744141,0.012034922292514239,0.0,0.011675678251776844,0.03956468118525214,0.2603023946285248,0.0005327761173248291,0.20824192464351654,0.0,55,0.22912101447582245,0.03072480857372284,0.03142722696065903,0.003629314014688134,-0.0015733935579191893,-4.773636907339098,-0.20761732757091522,-0.016129354014992714,-0.15618009865283966,-5.105882155476138e-05,0.0005302587524056435,8.307053576572798e-06,2.8429727535694838e-05,-8.043873822316527e-05,-3.6899305086990353e-06,0.9999999403953552,-0.0009235425968654454,-0.00169840594753623,0.009474432095885277,0.002169036539271474,-0.0544518381357193,-0.03524177893996239,-0.48759227991104126,0.5274046659469604,0.4976018965244293,-2.0172595977783203,-0.38767290115356445,2.452989101409912,1.0421086549758911,-0.0020984394941478968,-0.0160101056098938,0.003930262755602598,-0.0034930098336189985,0.0150036895647645,-0.0144357243552804,-0.010039656423032284,0.6004925966262817,7.949369319248945e-06,0.10261476784944534,2.050550847343402e-06,0.9999999403953552,-3.582852514227852e-05,9.836122626438737e-05,6.741198831150541e-06,-4.219091351842508e-06,0.032388389110565186,1.7922677216120064e-05,7.3982669164252e-06,0.9999999403953552,5.740566848544404e-06,0.18495358526706696,-0.014340358786284924,-0.13447290658950806,0.003709184005856514,0.030498337000608444,0.00032751212711445987,0.18492816388607025,0.014327660202980042,0.13450923562049866,0.0016368103679269552,-0.003779269754886627,-0.0003264903207309544,-3.993511199951172e-06,-1.8438186089042574e-07,0.02499999850988388,0.004010854754596949,0.004023871384561062,5.137913831276819e-06,7.278373232111335e-06,0.0,1320,3.3583333333333334
14.366666666457604,retreat,14.366667415946722,4.142357607945442,4.721229523420336,0.4938840866088867,0.01613784297660459,0.0,0.014207760614226572,0.03956468118525214,1.1093695320596453e-05,4.4433587476078173e-08,0.0,0.0,53,0.05684516206383705,0.028392579406499863,0.056840334087610245,0.021017057821154594,-1.0721178766992523e-07,-4.721229523420336,1.691419271310224e-08,-2.0985962123631907e-07,-1.1091697160736658e-05,-3.530659986594742e-09,4.428506628073592e-08,-8.43291103613808e-10,3.33547723130323e-05,-9.557381417835131e-05,3.1508220672549214e-06,1.0,-0.0020962520502507687,0.0004120383528061211,0.009890571236610413,0.014455215074121952,0.0636112168431282,0.06310474872589111,-0.4876091778278351,0.527267336845398,0.49763059616088867,-2.017305374145508,-0.38755327463150024,2.452897548675537,1.0420399904251099,-0.0018995573045685887,-0.015994099900126457,0.0035468824207782745,-0.003619762836024165,0.014158496633172035,-0.009942169301211834,-0.009353913366794586,0.600479245185852,9.22500385058811e-06,0.10266668349504471,1.5939320974212023e-06,1.0,-3.8264450267888606e-05,8.643150795251131e-05,9.063538527698256e-06,-7.016995823505567e-06,0.03238791227340698,-9.142372618953232e-06,4.909796189167537e-06,0.9999999403953552,-1.556118945700291e-06,0.05023579299449921,-0.01008360181003809,-0.024618258699774742,0.0037102969363331795,0.028137339279055595,0.0008138681878335774,0.050232309848070145,0.010079831816256046,0.024626903235912323,0.002252001781016588,-0.02088027447462082,-0.0008131508366204798,-4.76837158203125e-06,1.5770092431921512e-07,0.02499999850988388,0.004025255795568228,0.004039254039525986,4.991548848920502e-06,7.097405614331365e-06,0.0,1320,3.3666666666666667
14.374999999790816,retreat,14.375000749714673,4.0798843138569865,4.668576270341875,0.4813671112060547,0.017202210074174218,0.0,0.016439345927210525,0.0,0.0,0.0,0.0,0.0,50,0.012824374251067638,0.0035310862585902214,0.012824371457099915,0.0022317911498248577,0.0,-4.668576270341875,0.0,0.0,0.0,0.0,0.0,0.0,3.820439815171994e-05,-8.769457053858787e-05,4.032068773085484e-06,1.0,-0.003096995409578085,0.0003817810211330652,0.010018501430749893,0.013422030955553055,0.12949103116989136,0.11144639551639557,-0.4876263439655304,0.5271300077438354,0.497659295797348,-2.0173511505126953,-0.38743874430656433,2.452805995941162,1.0419713258743286,-0.0018714769976213574,-0.015978088602423668,0.0035316175781190395,-0.0034093011636286974,0.013787815347313881,-0.009653368033468723,-0.00920079741626978,0.6004654765129089,9.996814696933143e-06,0.10271847993135452,2.555166929596453e-06,0.9999999403953552,-3.89598571928218e-05,7.4500021582935e-05,1.1088199244113639e-05,-7.371954325208208e-06,0.03238704055547714,-1.3194601706345566e-05,7.555402703474101e-07,1.0,-1.4763279523322126e-06,0.009318293072283268,0.0012298637302592397,-0.0087247584015131,-0.000949848210439086,0.0033405860885977745,-0.0006378427497111261,0.00931689701974392,-0.0012305447598919272,0.008726148866117,-0.0007724993047304451,-0.001994322519749403,0.0006378199905157089,-4.410743713378906e-06,2.0177139958832413e-07,0.02499999850988388,0.004025265108793974,0.004039269406348467,4.984936822438613e-06,7.067312253639102e-06,0.0,1320,3.375
14.383333333124028,retreat,14.383334083482623,4.017425504687388,4.616124182939531,0.4677772521972656,0.017783499060897157,0.0,0.017149548511952162,0.03956468118525214,0.0,0.0,0.0,0.0,54,0.010148639790713787,0.0012263910612091422,0.010148639790713787,0.00044869972043670714,0.0,-4.616124182939531,0.0,0.0,0.0,0.0,0.0,0.0,3.969817771576345e-05,-7.862677739467472e-05,5.681451057171216e-06,0.9999999403953552,-0.003602433716878295,0.0003670224396046251,0.010113718919456005,0.013232642784714699,0.1636352688074112,0.13648530840873718,-0.4876435101032257,0.526992678642273,0.4976879954338074,-2.017396926879883,-0.3873242735862732,2.452714443206787,1.0419026613235474,-0.0018764324486255646,-0.01595640368759632,0.003580894786864519,-0.0031664823181927204,0.013637742958962917,-0.009739228524267673,-0.009087083861231804,0.600452184677124,1.0566470336925704e-05,0.10277022421360016,3.898987870343262e-06,1.0,-3.963814378948882e-05,6.29405549261719e-05,1.153900484496262e-05,-7.470652690244606e-06,0.03238634765148163,-1.5686300685047172e-05,-5.998465724132984e-08,0.9999999403953552,-1.78184814103588e-06,0.006782835815101862,0.0005129979690536857,-0.007531590294092894,-0.0004900789936073124,0.001120417844504118,9.231208241544664e-05,0.006781847216188908,-0.0005134769016876817,0.007532448507845402,-0.0004160284297540784,-0.00014046800788491964,-9.230674913851544e-05,-3.933906555175781e-06,2.8422800824046135e-07,0.02499999850988388,0.0040252734906971455,0.004039299208670855,4.979804543836508e-06,7.063703378662467e-06,0.0,1320,3.3833333333333333
14.39166666645724,retreat,14.391667417250574,3.9549821460979047,4.563731700181963,0.4544854164123535,0.01827203595894389,0.0,0.01726320078887511,0.0,0.0,0.0,0.0,0.0,53,0.010757548734545708,0.0009389678598381579,0.010757546871900558,0.00024065694015007466,0.0,-4.563731700181963,0.0,0.0,0.0,0.0,0.0,0.0,4.4907261326443404e-05,-6.848930206615478e-05,6.743114226992475e-06,1.0,-0.0036864541471004486,0.00036206893855705857,0.010196033865213394,0.013422303833067417,0.17346832156181335,0.14381255209445953,-0.487660676240921,0.5268553495407104,0.4977167248725891,-2.0174412727355957,-0.38720986247062683,2.452622890472412,1.0418339967727661,-0.0018918475834652781,-0.01593111827969551,0.003650945844128728,-0.002910766052082181,0.013581172563135624,-0.009875938296318054,-0.009074635803699493,0.6004393696784973,1.1305381121928804e-05,0.10282277315855026,5.079574293631595e-06,0.9999999403953552,-4.0038616134552285e-05,5.203167529543862e-05,1.1768761396524496e-05,-7.296750027308008e-06,0.03238648921251297,-1.645767224545125e-05,-4.868637006438803e-06,1.0,-1.6631363450869685e-06,0.0075406539253890514,4.930983413942158e-05,-0.007672089152038097,-0.00013736943947151303,0.0009219094063155353,-0.0001134607446147129,0.00753985159099102,-4.983563121641055e-05,0.007672871928662062,-0.0001303006283706054,0.00016749632777646184,0.00011350105341989547,-3.3974647521972656e-06,3.3730975701473653e-07,0.02499999850988388,0.004025282803922892,0.004039355553686619,4.974718649464194e-06,7.0526148192584515e-06,0.0,1320,3.3916666666666666
14.399999999790452,retreat,14.400000751018524,3.8925552037497972,4.510504752397539,0.4417896270751953,0.01893525040941313,0.0,0.01173993859993061,0.055952909680744456,0.0,0.0,0.0,0.0,58,0.011349174194037914,0.0009057011338882148,0.011349174194037914,0.00026477896608412266,0.0,-4.510504752397539,0.0,0.0,0.0,0.0,0.0,0.0,4.396574149723165e-05,-5.7442386605544016e-05,7.91284219303634e-06,1.0,-0.0036561957094818354,0.0003608673869166523,0.010279016569256783,0.013430911116302013,0.17692524194717407,0.14645405113697052,-0.48767784237861633,0.5267180800437927,0.49774715304374695,-2.0174427032470703,-0.38709548115730286,2.452531337738037,1.0417653322219849,-0.0019093325827270746,-0.015902364626526833,0.003726980183273554,-0.0026406049728393555,0.0135598573833704,-0.010028993710875511,-0.009075995534658432,0.6004467606544495,8.006270945770666e-06,0.10289107263088226,6.851460057077929e-06,1.0,-4.522985182120465e-05,6.200676580192521e-05,-8.966428140411153e-06,-1.1372346307325643e-05,0.03240157663822174,4.5643187149835285e-06,1.2642070714719011e-06,0.9999998807907104,-1.0615091241561458e-06,0.008086767047643661,-7.54182692617178e-05,-0.007962554693222046,-4.0809327401802875e-06,0.0009052888490259647,-2.7018224500352517e-05,0.008085786364972591,7.479595660697669e-05,0.007963555864989758,-1.5046925909700803e-05,0.0002629577647894621,2.7105386834591627e-05,-2.86102294921875e-06,3.9576843846589327e-07,0.02499999850988388,0.004025290720164776,0.004039375577121973,4.9723521442501806e-06,7.04772537574172e-06,0.0,1320,3.4
14.408333333123664,retreat,14.408334084786475,3.8301456433043164,4.441773146390917,0.44721364974975586,0.01556326424179133,0.0,0.012643109585042112,0.055952909680744456,0.0,0.0,0.0,0.0,59,0.018039492890238762,0.0006648240960203111,0.018039491027593613,0.0024055566173046827,0.0,-4.441773146390917,0.0,0.0,0.0,0.0,0.0,0.0,2.6741317924461327e-05,-3.617398760979995e-05,1.0292355909768958e-05,1.0,0.0018768698209896684,-0.006249032914638519,0.009757710620760918,0.49272286891937256,-0.13674907386302948,-0.08417586982250214,-0.48769500851631165,0.5265810489654541,0.49778151512145996,-2.0174434185028076,-0.3869808614253998,2.452439785003662,1.0416966676712036,-0.0020057912915945053,-0.015878483653068542,0.003958376124501228,-0.0024484756868332624,0.013788743875920773,-0.010520192794501781,-0.009229516610503197,0.6004546284675598,7.3862656790879555e-06,0.10296036303043365,7.718201231909916e-06,0.9999999403953552,-4.8668294766684994e-05,7.262040162459016e-05,-1.2097907529096119e-05,-8.676219295011833e-06,0.03240212798118591,3.644612297648564e-05,2.192744614148978e-05,0.9999998807907104,-2.574332256699563e-06,0.013719581067562103,0.011131861247122288,-0.003643910400569439,-0.0006076203426346183,-0.00019780512957368046,-0.00018347137665841728,0.01371796801686287,-0.011133137159049511,0.003646072931587696,0.0010007880628108978,0.0021797772496938705,0.000183567259227857,-1.7881393432617188e-06,5.146666808286682e-07,0.02499999850988388,0.004025301430374384,0.00403815321624279,-0.00029910364537499845,-0.0004241298884153366,0.0,1320,3.408333333333333
14.416666666456877,retreat,14.416667418554425,3.7677544304227233,4.372020810842516,0.456392765045166,0.014751183698535897,0.0,0.012433923984644935,0.06852804166478502,0.0,0.0,0.0,0.0,57,0.0139895835891366,0.00025630590971559286,0.013989580795168877,0.0017205175245180726,0.0,-4.372020810842516,0.0,0.0,0.0,0.0,0.0,0.0,3.4908160159830004e-05,-4.9243233661400154e-05,1.1671240827126894e-05,0.9999999403953552,0.00293955416418612,0.00035952284815721214,0.010168680921196938,0.013565076515078545,-0.19688868522644043,-0.12710455060005188,-0.48771217465400696,0.5264440178871155,0.497815877199173,-2.0174434185028076,-0.38686636090278625,2.452348232269287,1.0416280031204224,-0.0019870714750140905,-0.01587643288075924,0.003927094396203756,-0.002222950104624033,0.013611936941742897,-0.010851595550775528,-0.00915515050292015,0.6004628539085388,6.479213880083989e-06,0.10302995145320892,8.39523272588849e-06,1.0,-5.222920299274847e-05,8.37813422549516e-05,-1.186755525850458e-05,-8.815057299216278e-06,0.03240197151899338,3.453779572737403e-05,1.7321603081654757e-05,0.9999998211860657,-3.276359848314314e-06,0.006469204556196928,-0.011015738360583782,-0.005701872985810041,0.0002251855912618339,-0.00010961977386614308,-5.447643343359232e-05,0.00646939966827631,0.011015154421329498,0.0057027703151106834,-0.0013662405544891953,0.0010443207575008273,5.441772736958228e-05,-2.4437904357910156e-06,5.836482159793377e-07,0.02499999850988388,0.004025307483971119,0.004039465915411711,4.980871381121688e-06,7.062801159918308e-06,0.0,1320,3.4166666666666665
14.424999999790089,retreat,14.425000752322376,3.705382530766265,4.302141815423967,0.46569108963012695,0.013944476449978538,0.0,0.012097354556317441,0.0,0.00013925378152634948,6.279053650359856e-07,0.0,0.0,55,0.005387470126152039,0.0006390484631992877,0.005277029704302549,0.0010243526194244623,-1.5415514553751564e-06,-4.302141815423967,8.922879146666673e-08,-1.977522060769843e-06,-0.00013923970982432365,-2.3207592292351364e-08,6.274128168115567e-07,-8.927685257731355e-09,3.512559851515107e-05,-6.16107790847309e-05,2.909118393290555e-06,1.0,0.0029838585760444403,-0.0008515110821463168,0.010260007344186306,-0.11337829381227493,-0.19864830374717712,-0.12779700756072998,-0.48772934079170227,0.5263071060180664,0.49785032868385315,-2.0174434185028076,-0.3867517113685608,2.452256679534912,1.0415593385696411,-0.002029902534559369,-0.01584755629301071,0.0040411935187876225,-0.0020668955985456705,0.013793310150504112,-0.011053110472857952,-0.00929226353764534,0.6004710793495178,5.513114956556819e-06,0.10309955477714539,9.285734449804295e-06,1.0,-5.587230043602176e-05,9.482823224971071e-05,-1.1510584954521619e-05,-9.032164598465897e-06,0.03240169584751129,3.3217616874026135e-05,2.074640906357672e-05,1.0,6.376727014867356e-06,0.003189030336216092,0.0005429679295048118,-0.004308144096285105,0.0005126248579472303,-0.0003702595713548362,-9.223083907272667e-05,0.003188152564689517,-0.000543244241271168,0.004308758769184351,0.0005911053158342838,0.0008308732649311423,9.235003381036222e-05,-3.0994415283203125e-06,1.455637175240554e-07,0.02499999850988388,0.004025301896035671,0.004038219805806875,4.889307092525996e-06,6.934191333130002e-06,0.0,1320,3.425
14.4333333331233,retreat,14.433334086090326,3.643030909996213,4.232307523489,0.47457218170166016,0.01319394232268678,0.0,0.011496700608404353,0.03956468118525214,0.00015187666576821357,6.847463964732015e-07,0.0,0.0,52,0.0028612634632736444,0.000981960678473115,0.002727893181145191,0.0011792288860306144,-1.7097673321586626e-06,-4.232307523489,-5.53367442535091e-07,1.2264164979569614e-05,-0.00015137967420741916,-5.902594679696449e-08,6.799511993449414e-07,5.531685332016423e-08,4.001201887149364e-05,-7.198797538876534e-05,1.2138833653807524e-06,0.9999999403953552,0.0029402400832623243,-0.0013617564691230655,0.01006604265421629,-0.10161376744508743,-0.19516946375370026,-0.12600092589855194,-0.4877465069293976,0.526171088218689,0.49788475036621094,-2.0174434185028076,-0.38663703203201294,2.452165126800537,1.0414906740188599,-0.0020619453862309456,-0.015826137736439705,0.004128634929656982,-0.001925054588355124,0.013876807875931263,-0.01134322676807642,-0.00936016533523798,0.600479245185852,4.7722865019750316e-06,0.10316845774650574,9.830108865571674e-06,0.9999999403953552,-5.954380321782082e-05,0.00010547784768277779,-1.1485328286653385e-05,-9.05769775272347e-06,0.03240075707435608,3.349019607412629e-05,1.9531205907696858e-05,0.9999999403953552,8.616290870122612e-06,0.001345724449492991,0.0002386725536780432,-0.002513740211725235,0.000125265825772658,-0.0009700843947939575,-8.655314741190523e-05,0.0013451657723635435,-0.0002387832646491006,0.002514027990400791,0.0001598449016455561,0.0011644571786746383,8.657338185003027e-05,-3.5762786865234375e-06,6.083791959099472e-08,0.02499999850988388,0.0040252977050840855,0.004038247745484114,4.731306034955196e-06,6.710353773087263e-06,0.0,1320,3.433333333333333
14.441666666456513,retreat,14.441667419858277,3.580700533773822,4.163248091936113,0.48339366912841797,0.012250857253093272,0.0,0.010296475011273287,0.03956468118525214,0.0003790667688008398,1.5199042309177457e-06,0.0,0.0,54,0.003163586836308241,0.0010205158032476902,0.002863367088139057,0.001085958443582058,-4.370403814846213e-06,-4.163248091936113,-3.9415795072272886e-06,4.840906331082806e-05,-0.00037594232708215714,-2.232742417618283e-07,1.4908068806107622e-06,1.9429955955274636e-07,4.291899676900357e-05,-8.243055344792083e-05,5.0237804316566326e-06,0.9999999403953552,0.002904975088313222,-0.0008332928991876543,0.010306322947144508,-0.11249261349439621,-0.19410105049610138,-0.12443659454584122,-0.4877636730670929,0.5260366797447205,0.4979191720485687,-2.0174434185028076,-0.3865222930908203,2.452073574066162,1.04142165184021,-0.002083735540509224,-0.015809332951903343,0.004188389517366886,-0.0018117096042260528,0.013925427570939064,-0.011610237881541252,-0.009408422745764256,0.6004867553710938,4.202312993584201e-06,0.10323654860258102,9.828454494709149e-06,0.9999999403953552,-6.308858428383246e-05,0.00011522258137119934,-1.080529091268545e-05,-8.68452843860723e-06,0.03239978849887848,3.279212978668511e-05,2.016935650317464e-05,0.9999999403953552,4.804926902579609e-06,0.0005764061352238059,-0.0014095219084993005,-0.0027729561552405357,0.0001959799265023321,-0.000997109105810523,-9.390327613800764e-05,0.0005759450141340494,0.0014095032820478082,0.002773060230538249,-7.564143743366003e-06,0.0010803553741425276,9.390049672219902e-05,-4.112720489501953e-06,2.513661456760019e-07,0.02499999850988388,0.0040252935141325,0.004038288723677397,4.886904207523912e-06,6.929738447070122e-06,0.0,1320,3.4416666666666664
14.449999999789725,retreat,14.450000753626227,3.5183923677603417,4.095052927732469,0.4916191101074219,0.011777562576753553,0.0,0.009153127393801697,0.0,0.000422233046265319,1.9000858628714923e-06,0.0,0.0,50,0.0019757417030632496,0.000866790534928441,0.0016040978953242302,0.0008448055596090853,-4.8253456270686e-06,-4.095052927732469,-1.465938112232834e-06,3.2948373700492084e-05,-0.0004209429898764938,-1.5940089781452116e-07,1.8875686009778292e-06,1.4833182149232016e-07,4.736537084681913e-05,-9.278949437430128e-05,4.607537903211778e-06,1.0,0.002722259145230055,-0.0008349904092028737,0.01032569445669651,-0.11383001506328583,-0.18394668400287628,-0.11699225753545761,-0.4877808392047882,0.525904655456543,0.4979535937309265,-2.0174434185028076,-0.3864074647426605,2.451982021331787,1.041352391242981,-0.0021070705261081457,-0.015793893486261368,0.00424836715683341,-0.0017282553017139435,0.01398627832531929,-0.011811317875981331,-0.009459741413593292,0.6004940271377563,3.86780720873503e-06,0.10330326110124588,9.446907824894879e-06,1.0,-6.626676622545347e-05,0.00012412563955876976,-1.042819712893106e-05,-8.521034033037722e-06,0.03239831328392029,3.133628342766315e-05,1.8901087969425134e-05,1.0,4.839635039388668e-06,-1.6792087990324944e-05,-0.0007012702990323305,-0.0018470226787030697,0.00023170062922872603,-0.0008307670359499753,-8.6410524090752e-05,-1.7157639376819134e-05,0.0007013072026893497,0.0018470047507435083,0.0001304612378589809,0.0008283059578388929,8.643438195576891e-05,-4.649162292480469e-06,2.3059692466631532e-07,0.02499999850988388,0.0040252916514873505,0.004038283135741949,4.889923729933798e-06,6.931775715202093e-06,0.0,1320,3.4499999999999997
14.458333333122937,retreat,14.458334087394178,3.456107377617034,4.028258472681047,0.49930810928344727,0.011729032848961651,0.0,0.008106515451800078,0.055952909680744456,0.0005734628648497164,2.2923843516764464e-06,0.0,0.0,53,0.006981604732573032,0.0010220477124676108,0.006856542080640793,0.0003869373758789152,-5.750877761556694e-06,-4.028258472681047,-3.762668711715378e-06,4.6684363042004406e-05,-0.0005715470761060715,-2.883334957459738e-07,2.2664758034807164e-06,1.8702176873830467e-07,5.013732152292505e-05,-0.00010196674702456221,2.1936025405011605e-06,0.9999999403953552,-0.0010293870000168681,-0.0023299986496567726,0.01006045937538147,0.026010682806372643,0.03132479265332222,0.038210876286029816,-0.4877980947494507,0.5257747769355774,0.4979880750179291,-2.0174434185028076,-0.38629207015037537,2.451890468597412,1.0412817001342773,-0.00212092068977654,-0.015766751021146774,0.004302730318158865,-0.0016484082443639636,0.014029369689524174,-0.011863771826028824,-0.009486700408160686,0.6005005836486816,4.0411823647446e-06,0.10336913913488388,8.319154403579887e-06,0.9999999403953552,-6.903493340360001e-05,0.0001318767899647355,-9.797724487725645e-06,-8.226123100030236e-06,0.03239738941192627,2.9910293960710987e-05,1.8897049812949263e-05,0.9999998807907104,6.125983418314718e-06,-0.0065014054998755455,0.0019013819983229041,-0.0016909411642700434,0.00010076737817144021,-0.0010157038923352957,-5.2660019719041884e-05,-0.006502113770693541,-0.0019004553323611617,0.0016892573330551386,0.0003754395875148475,7.638824172317982e-05,5.268554014037363e-05,-5.125999450683594e-06,1.0993608157150447e-07,0.02499999850988388,0.004024762660264969,0.004037537146359682,-1.5583063941448927e-06,-2.2196618374437094e-06,0.0,1320,3.4583333333333335
14.466666666456149,retreat,14.466667421162128,3.3938465290051525,3.9632670581340803,0.5056262016296387,0.011696479305101093,0.0,0.01183720632980112,0.0,0.05005384609103203,0.0001030313505907543,0.04004311189055443,0.0,49,0.03434951230883598,0.0008307175012305379,0.016560625284910202,0.004648040980100632,-0.00032297610414389055,-3.9632670581340803,-0.040227122604846954,0.003293330781161785,-0.02960270270705223,-1.305129990214482e-05,0.00010019975889008492,2.0127863535890356e-05,6.55611147521995e-05,-0.00011865793203469366,1.3210980796429794e-05,1.0,-0.00020820173085667193,0.0003932741528842598,0.01022367924451828,0.012432062067091465,-0.027972068637609482,0.003924988675862551,-0.4878154397010803,0.5256389379501343,0.49802276492118835,-2.0174434185028076,-0.3861721456050873,2.451798915863037,1.0411959886550903,-0.002180254552513361,-0.01579534448683262,0.004379157908260822,-0.001739747473038733,0.01418695691972971,-0.012831658124923706,-0.009617953561246395,0.6005085110664368,3.6921155697200447e-06,0.10343774408102036,7.0321675593731925e-06,1.0,-6.640737410634756e-05,0.00014207970525603741,-1.2069168406014796e-05,-8.459071068500634e-06,0.032401010394096375,2.3421342120855115e-05,8.472974286632962e-07,1.0,-6.180247055453947e-06,0.026428397744894028,-0.0016267969040200114,-0.021881094202399254,-0.000426543498178944,-0.0006737162475474179,-0.0002329347626073286,0.026422394439578056,0.0016235951334238052,0.021888582035899162,-0.0006612248253077269,0.004491706378757954,0.00023292684636544436,-5.9604644775390625e-06,6.609379852307029e-07,0.02499999850988388,0.004009902011603117,0.0040239677764475346,5.2458835853030905e-06,7.4428971856832504e-06,0.0,1320,3.466666666666667
14.474999999789361,retreat,14.475000754930079,3.331610787585962,3.897083550691606,0.5058646202087402,0.010782399840536527,0.0,0.012525723832368385,0.055952909680744456,0.2911815345287323,0.0006836717366240919,0.23294523358345032,0.0,55,0.20877736806869507,0.008528972044587135,0.08293984830379486,0.015622925013303757,-0.0020169790368527174,-3.897083550691606,-0.2317701280117035,-0.02396577224135399,-0.17462798953056335,-5.169217547518201e-05,0.0006814964581280947,-1.7249049051315524e-05,4.091674418305047e-05,-8.529103070031852e-05,1.3886809028917924e-05,1.0,-0.0006882752059027553,0.0002956660755444318,0.009828036651015282,0.014189761132001877,-0.06856303662061691,-0.006707279477268457,-0.48783284425735474,0.525502622127533,0.49805763363838196,-2.0174434185028076,-0.38605189323425293,2.451673984527588,1.0411059856414795,-0.0023301232140511274,-0.015969784930348396,0.0044279927387833595,-0.0025449260137975216,0.0147380530834198,-0.01595023088157177,-0.010006669908761978,0.6005093455314636,1.668473259996972e-06,0.1035039946436882,1.0087742339237593e-05,0.9999999403953552,-6.121702608652413e-05,0.0001361763570457697,-1.2282745956326835e-05,-9.766667972144205e-06,0.03240106999874115,5.088488251203671e-05,2.0301316908444278e-05,0.9999998807907104,-3.7994100239302497e-06,0.1614782214164734,-0.01571374014019966,-0.13139957189559937,0.00035995905636809766,0.008513741195201874,-0.00036056313547305763,0.16144435107707977,0.01569661870598793,0.13144321739673615,-0.0019098048796877265,0.014813980087637901,0.00036151387030258775,-4.291534423828125e-06,6.945147106307559e-07,0.02499999850988388,0.004010310396552086,0.00402436638250947,5.1728266043937765e-06,7.343856850638986e-06,0.0,1320,3.475
14.483333333122573,retreat,14.48333408869803,3.26940111902071,3.832606226205827,0.5058050155639648,0.009162337846646551,0.0,0.011491931218188256,0.03956468118525214,0.23306889832019806,0.000477152643725276,0.1864551305770874,-0.00023220938771828514,55,0.21308323740959167,0.03192936256527901,0.021694861352443695,0.006547767668962479,-0.0015028361813165247,-3.832606226205827,-0.18630535900592804,-0.007501318585127592,-0.13983973860740662,-2.2919677576282993e-05,0.00047659382107667625,2.7692663024936337e-06,3.495377677609213e-05,-9.123282507061958e-05,1.4320886293717194e-05,1.0,-0.0008463574340566993,0.00039038865361362696,0.009701062925159931,0.013875317759811878,-0.05806291103363037,0.026746537536382675,-0.487850159406662,0.5253652930259705,0.49809205532073975,-2.017489194869995,-0.3859289884567261,2.4515652656555176,1.0410149097442627,-0.0023358373437076807,-0.016078557819128036,0.004250562749803066,-0.0034645097330212593,0.014923717826604843,-0.014300822280347347,-0.009997940622270107,0.6004921793937683,5.616112503048498e-06,0.10355507582426071,9.467607924307231e-06,1.0,-5.134327511768788e-05,0.0001161599502665922,6.124764695414342e-06,-4.160508524364559e-06,0.03238768130540848,2.4926723199314438e-05,1.6390300515922718e-05,0.9999999403953552,-4.852656729781302e-06,0.1734742969274521,-0.012632536701858044,-0.1230916678905487,0.0040941983461380005,0.03166041150689125,0.0005830442532896996,0.17344699800014496,0.012617054395377636,0.12313169240951538,0.0022682647686451674,-0.006600029766559601,-0.0005817472701892257,-4.589557647705078e-06,7.162034307839349e-07,0.02499999850988388,0.004009080585092306,0.004023013170808554,5.4540923883905634e-06,7.7422009781003e-06,0.0,1320,3.4833333333333334
14.491666666455785,retreat,14.49166742246598,3.2072184889706676,3.780310600996019,0.49442052841186523,0.013288810805534013,0.0,0.013436040717351716,0.055952909680744456,4.0504062781110406e-05,1.6221335386035207e-07,0.0,0.0,56,0.05136740580201149,0.025879641994833946,0.051349904388189316,0.01918771117925644,-3.974189635158609e-07,-3.780310600996019,2.9086500319408515e-08,-6.695491379105079e-07,-4.04985185014084e-05,-6.027024213040022e-09,1.6207911812671227e-07,-2.68395261571186e-09,5.0765003834385425e-05,-0.00011267266381764784,1.2114202945667785e-05,0.9999999403953552,-0.0020144921727478504,0.0006905309855937958,0.010009282268583775,0.029008716344833374,0.05743437632918358,0.05861514434218407,-0.48786741495132446,0.525227963924408,0.498126357793808,-2.0175349712371826,-0.3858094811439514,2.4514737129211426,1.0409462451934814,-0.0021491064690053463,-0.016050655394792557,0.0039042921271175146,-0.0035683908499777317,0.014133554883301258,-0.010197597555816174,-0.009364192374050617,0.6004790663719177,1.0267283869325183e-05,0.1036079004406929,7.69425696489634e-06,0.9999999403953552,-5.145882096257992e-05,0.00010500365169718862,8.57590202940628e-06,-3.5211651265854016e-06,0.03238820284605026,-7.669234037166461e-06,6.94221455432853e-07,0.9999998807907104,-4.419475772010628e-06,0.04597758501768112,-0.0058511290699243546,-0.02214580401778221,0.0029203249141573906,0.02570549212396145,0.0006747671286575496,0.045973535627126694,0.005846736021339893,0.022155363112688065,0.0020731776021420956,-0.019063636660575867,-0.0006739259697496891,-5.662441253662109e-06,6.059963197913021e-07,0.02499999850988388,0.004025216680020094,0.0040384032763540745,5.31379828316858e-06,7.5530551839619875e-06,0.0,1320,3.4916666666666667
14.499999999788997,retreat,14.50000075623393,3.1450638630970715,3.7268303334712996,0.48214197158813477,0.01757070276653394,0.0,0.015504843759117648,0.0,0.0,0.0,0.0,0.0,50,0.011767137795686722,0.003304838901385665,0.011767136864364147,0.002047887071967125,0.0,-3.7268303334712996,0.0,0.0,0.0,0.0,0.0,0.0,5.287247768137604e-05,-0.00010578949877526611,1.3249532457848545e-05,0.9999999403953552,-0.0029936102218925953,0.0006228766869753599,0.010060582309961319,0.026881469413638115,0.12173981964588165,0.10668906569480896,-0.4878845810890198,0.5250906348228455,0.49816054105758667,-2.01758074760437,-0.3856949508190155,2.4513821601867676,1.0408775806427002,-0.0021038297563791275,-0.016028381884098053,0.0038575734943151474,-0.0033544967882335186,0.013729758560657501,-0.0099561158567667,-0.009170453995466232,0.6004655957221985,1.4269013263401575e-05,0.10366056114435196,7.604108304803958e-06,1.0,-4.9791400670073926e-05,9.372569184051827e-05,1.0498677511350252e-05,-3.7955917377985315e-06,0.0323873907327652,-1.2064062502759043e-05,-3.0806440918240696e-06,1.0,-5.6451176533300895e-06,0.0086970254778862,0.002301693893969059,-0.007584819104522467,-0.0012613614089787006,0.0030159142334014177,-0.0004849638498853892,0.008695374242961407,-0.002302444539964199,0.007586483843624592,-0.0009291572496294975,-0.0017593764932826161,0.00048487362801097333,-5.304813385009766e-06,6.62756065139547e-07,0.02499999850988388,0.004025219473987818,0.004038463346660137,5.273213446344016e-06,7.475522579625249e-06,0.0,1320,3.5
14.50833333312221,retreat,14.508334090001881,3.0829382070611935,3.6736108362674726,0.46885013580322266,0.021468666091095656,0.0,0.016193083865800872,0.0,0.0,0.0,0.0,0.0,51,0.0095708929002285,0.001270200009457767,0.009570893831551075,0.00048708345275372267,0.0,-3.6736108362674726,0.0,0.0,0.0,0.0,0.0,0.0,5.495015284395777e-05,-9.700322698336095e-05,1.2054736544087064e-05,1.0,-0.0034847066272050142,0.0006128050736151636,0.010208122432231903,0.02799316681921482,0.15465813875198364,0.13029296696186066,-0.4879017472267151,0.524953305721283,0.49819472432136536,-2.0176262855529785,-0.3855806291103363,2.4512906074523926,1.040808916091919,-0.00208740821108222,-0.016000906005501747,0.00386493350379169,-0.0031137915793806314,0.013561849482357502,-0.010037233121693134,-0.009048433974385262,0.6004526019096375,1.8728060240391642e-05,0.10371308028697968,7.597403509862488e-06,1.0,-4.76232853543479e-05,8.299703767988831e-05,1.0895784726017155e-05,-3.2340092275262577e-06,0.03238669037818909,-1.4006350284034852e-05,-7.326600098167546e-06,1.0,-4.457275736058364e-06,0.006576735060662031,0.001573400106281042,-0.00677295820787549,-0.0006812195642851293,0.0010634890059009194,0.00013542189844883978,0.006575461011379957,-0.001573923509567976,0.006774073466658592,-0.00045394006883725524,-0.00011331407586112618,-0.00013545711408369243,-4.827976226806641e-06,6.030040822224692e-07,0.02499999850988388,0.004025221802294254,0.004038531798869371,5.299211807141546e-06,7.514958269894123e-06,0.0,1320,3.5083333333333333
14.516666666455421,retreat,14.516667423769832,3.020842486524291,3.6205030977725996,0.4558563232421875,0.025898229068843648,0.0,0.016093021258711815,0.0,0.0,0.0,0.0,0.0,51,0.0100912069901824,0.0009568113600835204,0.010091207921504974,0.0002233245613751933,0.0,-3.6205030977725996,0.0,0.0,0.0,0.0,0.0,0.0,5.013732152292505e-05,-8.62308224895969e-05,1.0669845323718619e-05,0.9999999403953552,-0.0035422893706709146,0.0005351391155272722,0.010244004428386688,0.023215800523757935,0.16352586448192596,0.13505376875400543,-0.4879189133644104,0.5248159766197205,0.49822893738746643,-2.017670154571533,-0.385466605424881,2.4511990547180176,1.0407402515411377,-0.002079464728012681,-0.015971342101693153,0.003886174876242876,-0.0028607661370187998,0.013493131846189499,-0.010164096020162106,-0.009027495048940182,0.6004402041435242,2.3014797989162616e-05,0.10376652330160141,7.450972589140292e-06,1.0,-4.5693879656028e-05,7.289156928891316e-05,1.0954254321404733e-05,-3.3672777135507204e-06,0.03238702565431595,-1.3339368706510868e-05,-4.443306806933833e-06,1.0,-3.2185839700105134e-06,0.007398202084004879,0.0015251351287588477,-0.006691265385597944,-0.00035219310666434467,0.0008894587517715991,-1.763788895914331e-05,0.007397087290883064,-0.0015257115010172129,0.006692366674542427,-0.0001318838185397908,0.0001793564297258854,1.7657594071351923e-05,-4.291534423828125e-06,5.337078619049862e-07,0.02499999850988388,0.004025222267955542,0.00403859606012702,5.218982551014051e-06,7.404130883514881e-06,0.0,1320,3.5166666666666666
14.524999999788633,retreat,14.525000757537782,2.958777667147615,3.566471487283708,0.44351816177368164,0.030039884222787805,0.0,0.011308288776490372,0.0,0.0,0.0,0.0,0.0,52,0.010675773955881596,0.0008913400815799832,0.010675773955881596,0.0002799674402922392,0.0,-3.566471487283708,0.0,0.0,0.0,0.0,0.0,0.0,5.1669729145942256e-05,-7.65775766922161e-05,1.0813608241733164e-05,1.0,-0.0034848744980990887,0.00049464131006971,0.010307736694812775,0.021640464663505554,0.16535122692584991,0.13654811680316925,-0.4879360795021057,0.524678647518158,0.4982631802558899,-2.0176706314086914,-0.38535264134407043,2.4511075019836426,1.0406715869903564,-0.0020710579119622707,-0.01593940146267414,0.0039061731658875942,-0.0025941412895917892,0.01346579659730196,-0.010305933654308319,-0.009034932591021061,0.6004480719566345,2.1863277652300894e-05,0.10383561253547668,8.455976967525203e-06,1.0,-4.926410474581644e-05,8.382934902328998e-05,-9.963276170310564e-06,-8.723875907890033e-06,0.03240208327770233,7.2516750151407905e-06,-2.4053658762568375e-06,1.0,-2.3581903860758757e-06,0.00791862327605486,0.0015701334923505783,-0.006985859014093876,-0.00021141355682630092,0.0008655401761643589,2.5132247174042277e-05,0.007917297072708607,-0.001570795546285808,0.006987213622778654,1.5399185940623283e-05,0.0002784162061288953,-2.508096986275632e-05,-3.814697265625e-06,5.40878318133764e-07,0.02499999850988388,0.004025223199278116,0.004038620740175247,5.188059731153771e-06,7.355178240686655e-06,0.0,1320,3.525
14.533333333121845,retreat,14.533334091305733,2.896744714592426,3.497032076120378,0.4495382308959961,0.028744389055646025,0.0,0.012502593563112896,0.0,0.0,0.0,0.0,0.0,61,0.013974119909107685,0.0004547460121102631,0.01397411897778511,0.0023474080953747034,0.0,-3.497032076120378,0.0,0.0,0.0,0.0,0.0,0.0,3.4781955037033185e-05,-5.716693704016507e-05,1.2480392797442619e-05,1.0,0.002108098939061165,0.0004286642069928348,0.010178281925618649,0.017577694728970528,-0.15387055277824402,-0.09623576700687408,-0.487953245639801,0.5245413780212402,0.4982976019382477,-2.0176713466644287,-0.3852381110191345,2.4510159492492676,1.0406029224395752,-0.00210584350861609,-0.015928491950035095,0.003986293449997902,-0.002388822613283992,0.013583886437118053,-0.010837651789188385,-0.00916714034974575,0.6004558205604553,2.124434831785038e-05,0.10390486568212509,9.243772183253895e-06,0.9999999403953552,-5.262058766675182e-05,9.454997052671388e-05,-1.2386504749883898e-05,-8.098089892882854e-06,0.03240188956260681,3.738270606845617e-05,1.7839287465903908e-05,1.0,-3.2368977826990886e-06,0.013513150624930859,0.0012886408949270844,-0.00331815960817039,-0.00014848927094135433,-0.0003874711983371526,-0.00018604019714985043,0.013512386940419674,-0.0012900012079626322,0.0033207375090569258,3.786850720643997e-05,0.0023397132754325867,0.00018609741528052837,-2.86102294921875e-06,6.241189112188295e-07,0.02499999850988388,0.004025223199278116,0.004038664512336254,5.120904461364262e-06,7.263239240273833e-06,0.0,1320,3.533333333333333
14.541666666455058,retreat,14.541667425073683,2.8347445945199823,3.427384048700334,0.45865774154663086,0.028109934646636248,0.0,0.012687710295722354,0.055952909680744456,0.0,0.0,0.0,0.0,60,0.007856396026909351,0.0004070700379088521,0.007856396958231926,0.0007184035493992269,0.0,-3.427384048700334,0.0,0.0,0.0,0.0,0.0,0.0,3.861463846988045e-05,-6.905594636918977e-05,1.3169274097890593e-05,0.9999999403953552,0.003032814711332321,0.0003884494653902948,0.01021432876586914,0.014938076958060265,-0.20407634973526,-0.1318686455488205,-0.48797041177749634,0.5244041681289673,0.49833202362060547,-2.0176713466644287,-0.3851235806941986,2.4509243965148926,1.040534257888794,-0.002112626563757658,-0.015901511535048485,0.0040230355225503445,-0.0022041527554392815,0.013668468222022057,-0.011005661450326443,-0.009252156130969524,0.6004641652107239,2.0225732441758737e-05,0.10397463291883469,1.0225025107502006e-05,0.9999999403953552,-5.6118795328075066e-05,0.0001058207344613038,-1.2342159607214853e-05,-8.545823220629245e-06,0.03240200877189636,3.676444976008497e-05,1.7504842617199756e-05,0.9999998807907104,-2.9444579467963194e-06,0.0065179490484297276,0.0005299583426676691,-0.004354129079729319,0.0002634479897096753,0.0003092670813202858,-2.5594121325411834e-05,0.00651696790009737,-0.0005306010716594756,0.0043555209413170815,0.00034004103508777916,0.0006323093548417091,2.5702347556944005e-05,-3.4570693969726562e-06,6.585978553630412e-07,0.02499999850988388,0.004025224596261978,0.004038765095174313,5.068723112344742e-06,7.1905378717929125e-06,0.0,1320,3.5416666666666665
14.54999999978827,retreat,14.550000758841634,2.772778272591534,3.3573858439922346,0.4679560661315918,0.027033429432776757,0.0,0.011772863217629492,0.0,0.00024801157996989787,9.939307119566365e-07,0.0,0.0,57,0.004177376162260771,0.0007180950487963855,0.003990317229181528,0.0011016818461939692,-2.745334057863147e-06,-3.3573858439922346,1.0989261056693067e-07,-1.295589640903927e-06,-0.00024800817482173443,-8.678801322048457e-08,9.90120724964072e-07,-5.209344955403594e-09,3.863045640173368e-05,-8.194997644750401e-05,1.389895987813361e-05,1.0,0.0030889834742993116,0.00036680366611108184,0.010243123397231102,0.01393796131014824,-0.2062501609325409,-0.13327652215957642,-0.48798757791519165,0.5242671370506287,0.49836644530296326,-2.0176713466644287,-0.38500893115997314,2.4508328437805176,1.0404654741287231,-0.002120065735653043,-0.015873610973358154,0.00406101206317544,-0.002038640435785055,0.01376293320208788,-0.01126379519701004,-0.009355688467621803,0.600472092628479,1.949103534570895e-05,0.10404407232999802,1.0985307199007366e-05,0.9999999403953552,-5.9667203458957374e-05,0.0001167188529507257,-1.1677383554342669e-05,-8.253329724539071e-06,0.03240144997835159,3.476847996353172e-05,2.10374691960169e-05,1.0,-2.913275693572359e-06,0.0026200427673757076,0.0005450611934065819,-0.003207608824595809,0.00017682299949228764,-0.0006852142396382987,-0.00012196548777865246,0.0026192287914454937,-0.0005453033954836428,0.0032082321122288704,0.00025564132374711335,0.0010636731749400496,0.00012201708159409463,-4.112720489501953e-06,6.9510679168161e-07,0.02499999850988388,0.00402522599324584,0.004038805142045021,5.042964403401129e-06,7.151247700676322e-06,0.0,1320,3.55
14.558333333121482,retreat,14.558334092609584,2.710846714468346,3.287789970636369,0.47665834426879883,0.026290566893294454,0.0,0.011692260159179568,0.055952909680744456,0.0003886198392137885,1.5558715631414088e-06,0.0,0.0,56,0.002648745197802782,0.000933252100367099,0.0023110380861908197,0.0011084179859608412,-4.292102346425963e-06,-3.287789970636369,1.331143266725121e-07,-1.5729519873275422e-06,-0.00038861663779243827,-1.367422726161749e-07,1.549838088976685e-06,-6.31841556852919e-09,4.323283428675495e-05,-9.35300558921881e-05,1.4289597856986802e-05,0.9999999403953552,0.0029429499991238117,0.0003439435095060617,0.01025367807596922,0.01298446860164404,-0.19745703041553497,-0.1274007260799408,-0.48800474405288696,0.5241302847862244,0.49840086698532104,-2.0176713466644287,-0.3848942518234253,2.4507412910461426,1.0403963327407837,-0.0021266969852149487,-0.015847204253077507,0.004094366915524006,-0.0019024042412638664,0.013858637772500515,-0.01151533704251051,-0.009451170451939106,0.6004801988601685,1.894465458462946e-05,0.10411348938941956,1.1451104910520371e-05,1.0,-6.289841985562816e-05,0.00012777841766364872,-1.1798012565122917e-05,-8.087010428425856e-06,0.032401278614997864,3.424794340389781e-05,1.9666334992507473e-05,0.9999998807907104,-2.83813074020145e-06,0.001141867833212018,0.0004289862117730081,-0.0023511615581810474,0.00018577685113996267,-0.0009103264892473817,-8.804581011645496e-05,0.0011412129970267415,-0.00042907599708996713,0.002351463306695223,0.0002478472306393087,0.0010752377565950155,8.808867278276011e-05,-4.649162292480469e-06,7.146827556425706e-07,0.02499999850988388,0.004025228787213564,0.004038899205625057,5.01310387335252e-06,7.110065780580044e-06,0.0,1320,3.558333333333333
14.566666666454694,retreat,14.566667426377535,2.648950885811672,3.21827605366707,0.48542022705078125,0.025742478101165034,0.0,0.010912410289165564,0.06852804166478502,0.00024037792172748595,1.081512778000615e-06,0.0,0.0,52,0.001512037357315421,0.0009739588713273406,0.0013014811556786299,0.001066824421286583,-2.68073468134844e-06,-3.21827605366707,1.5525642993452493e-07,-3.2728885344113223e-06,-0.0002403555845376104,-4.0674368761983715e-08,1.0806468253576895e-06,-1.4760811239966642e-08,4.6685079723829404e-05,-0.00010417563316877931,1.4503953025268856e-05,0.9999999403953552,0.0029474073089659214,0.00033924184390343726,0.010263742879033089,0.012946411035954952,-0.19800378382205963,-0.1285669505596161,-0.4880219101905823,0.5239946246147156,0.49843528866767883,-2.0176713466644287,-0.3847794830799103,2.4506497383117676,1.0403262376785278,-0.0021328520961105824,-0.01582407020032406,0.0041221133433282375,-0.0017968767788261175,0.01394840981811285,-0.01174908597022295,-0.00953904539346695,0.6004878878593445,1.8369672034168616e-05,0.10418219864368439,1.1889873348991387e-05,0.9999999403953552,-6.552375270985067e-05,0.00013805519847664982,-1.1390913641662337e-05,-8.142373189912178e-06,0.0324004665017128,3.387916513020173e-05,1.883943514258135e-05,0.9999998211860657,-2.6136917767871637e-06,0.0005847204593010247,0.00032030153670348227,-0.001357116736471653,0.00018602733325678855,-0.0009520078892819583,-8.758233161643147e-05,0.0005843037506565452,-0.00032034574542194605,0.0013572851894423366,0.0002324023371329531,0.0010364390909671783,8.762291690800339e-05,-5.185604095458984e-06,7.254402589751408e-07,0.02499999850988388,0.004025232046842575,0.004038975108414888,5.0083963287761435e-06,7.1040412876755e-06,0.0,1320,3.5666666666666664
14.574999999787906,retreat,14.575000760145485,2.587091752282774,3.1495369970798506,0.49293041229248047,0.024730426957830787,0.0,0.010115317309100647,0.03956468118525214,0.0005953738582320511,2.3791360490577063e-06,0.0,0.0,51,0.003180568339303136,0.0010163201950490475,0.002950783120468259,0.0006339903920888901,-6.3841845872048e-06,-3.1495369970798506,3.3624689876887714e-07,-7.119876499928068e-06,-0.0005953311920166016,-9.394711497634489e-08,2.3771099222358316e-06,-2.8480798164309817e-08,4.4428590626921505e-05,-0.00010509887943044305,1.883706499938853e-05,1.0,0.0012389712501317263,0.0004282986046746373,0.010311063379049301,0.019084280356764793,-0.10097777098417282,-0.05704950913786888,-0.48803916573524475,0.5238615274429321,0.4984697103500366,-2.0176713466644287,-0.38466379046440125,2.4505581855773926,1.0402491092681885,-0.002128184773027897,-0.015797065570950508,0.00413121422752738,-0.0017086873995140195,0.01401309110224247,-0.01188665721565485,-0.009603195823729038,0.6004951596260071,1.8231039575766772e-05,0.10424954444169998,1.127754967455985e-05,0.9999999403953552,-6.525243952637538e-05,0.0001474868768127635,-1.176314617623575e-05,-7.229239599837456e-06,0.032399073243141174,4.238726614858024e-05,2.082544597215019e-05,0.9999999403953552,-7.559203822893323e-06,-0.002814678708091378,3.554096838342957e-05,-0.0014806535327807069,0.00024237063189502805,-0.0009855376556515694,-5.365240212995559e-05,-0.0028151199221611023,-3.514020863804035e-05,0.00147982407361269,0.00024755424237810075,0.0005788521957583725,5.3691597713623196e-05,-5.245208740234375e-06,9.420873539056629e-07,0.02499999850988388,0.004024425987154245,0.004037927370518446,5.344657893147087e-06,7.5808202382177114e-06,0.0,1320,3.5749999999999997
14.583333333121118,retreat,14.583334093913436,2.525270279542898,3.082288056612016,0.5016326904296875,0.024382792616961524,0.019782341029446364,0.007385819571936736,0.03956468118525214,0.00023427263658959419,9.350094387627905e-07,0.0,0.0,54,0.004231185186654329,0.0012591760605573654,0.004223371855914593,0.0006770179024897516,-2.390899810578162e-06,-3.0836667076545967,4.2990558313249494e-07,-5.157789473742014e-06,-0.00023421546211466193,-7.739717489130271e-08,9.315716056335077e-07,-2.0656262478269127e-08,5.4725718655390665e-05,-0.00012791011249646544,1.8444448869558983e-05,0.9999999403953552,-0.0007222119020298123,0.0003183419757988304,0.010236690752208233,0.009916694834828377,0.012197596952319145,0.02716629020869732,-0.4880564212799072,0.523732602596283,0.4985041320323944,-2.0176713466644287,-0.3845464885234833,2.4504666328430176,1.0401602983474731,-0.0021251507569104433,-0.015772929415106773,0.00414079986512661,-0.0016388866351917386,0.014072339050471783,-0.012036188505589962,-0.009643325582146645,0.600501537322998,1.8584680219646543e-05,0.10431481152772903,9.422480616194662e-06,1.0,-5.958516339887865e-05,0.00015472990344278514,-9.907118510454893e-06,-6.408051376638468e-06,0.03239709883928299,2.681920705072116e-05,4.861083652940579e-06,0.9999999403953552,-9.022818630910479e-06,-0.004202147480100393,0.00042042197310365736,-0.00026101834373548627,0.00014214748807717115,-0.0012501208111643791,5.016465001972392e-05,-0.004202278330922127,-0.00041991606121882796,0.0002597257844172418,0.00020297548326198012,0.0006430164212360978,-5.014505950384773e-05,-6.377696990966797e-06,9.225732355844229e-07,0.02499999850988388,0.004026191309094429,0.004039326682686806,4.674604497267865e-06,6.628397386521101e-06,0.0,1320,3.5833333333333335
14.59166666645433,retreat,14.591667427681386,2.463487433253313,3.0186824500560774,0.5047321319580078,0.02504425538063515,0.019782341029446364,0.010611476682242937,0.0,0.14345189929008484,0.0002935252559836954,0.11476152390241623,0.0,49,0.09826130419969559,0.0012791035696864128,0.045538052916526794,0.01012913603335619,-0.000935220334213227,-3.020061101098658,-0.1145191565155983,-0.007873909547924995,-0.08603377640247345,-9.37692584557226e-06,0.0002931472263298929,-1.1569212801987305e-05,4.613281998899765e-05,-0.00012421900464687496,1.4771577298233751e-05,1.0,-0.0004418327589519322,0.00026635138783603907,0.009986909106373787,0.01260032132267952,-0.03870024532079697,-0.02147100865840912,-0.48807376623153687,0.523596465587616,0.4985385239124298,-2.0176713466644287,-0.3844262659549713,2.450355291366577,1.0400696992874146,-0.002222183160483837,-0.015847384929656982,0.004218334332108498,-0.001991111086681485,0.014474954456090927,-0.01409110426902771,-0.009915756061673164,0.6005050539970398,1.6749190763221122e-05,0.10438190400600433,1.0707484761951491e-05,1.0,-5.469571260618977e-05,0.00015510738012380898,-1.0350108823331539e-05,-8.988339686766267e-06,0.03240058571100235,3.088806988671422e-05,8.56385213410249e-06,1.0,-4.064456334162969e-06,0.07586996257305145,-0.003634220687672496,-0.06233638525009155,-0.00048382801469415426,0.0011765328235924244,-0.0001333676918875426,0.07585101574659348,0.0036272581201046705,0.06235984340310097,-0.001008401159197092,0.009783987887203693,0.00013356466661207378,-6.198883056640625e-06,7.388662197627127e-07,0.02499999850988388,0.004010619129985571,0.004024505615234375,5.093873369332869e-06,7.223308784887195e-06,0.0,1320,3.591666666666667
14.599999999787542,retreat,14.600000761449337,2.4017441790752727,2.953482419252397,0.5048513412475586,0.022960657588555478,0.0,0.01291207991016563,0.055952909680744456,0.22089295089244843,0.0005185623886063695,0.17671437561511993,0.0,50,0.1773209124803543,0.016870325431227684,0.043582696467638016,0.004139668308198452,-0.0014842473901808262,-2.953482419252397,-0.17655766010284424,-0.007481107953935862,-0.132533460855484,-2.372080780332908e-05,0.0005180170992389321,1.593419710843591e-06,3.841301440843381e-05,-0.00011693060514517128,1.2979689927306026e-05,0.9999999403953552,-0.0006271504098549485,-0.0002157339476980269,0.01001780852675438,-0.0575498528778553,-0.056977953761816025,0.026965321972966194,-0.4880911111831665,0.523459792137146,0.4985729455947876,-2.017671585083008,-0.38430359959602356,2.450237989425659,1.0399781465530396,-0.0022911683190613985,-0.015950536355376244,0.004183060955256224,-0.0027238826733082533,0.014878673478960991,-0.014714235439896584,-0.010128323920071125,0.600507378578186,1.529704786662478e-05,0.1044488400220871,1.1941758202738129e-05,1.0,-5.000835153623484e-05,0.0001530186418676749,-1.2420519851730205e-05,-8.436745702056214e-06,0.03240232169628143,3.6087832995690405e-05,1.1595929208851885e-05,0.9999998807907104,-1.0379635568824597e-06,0.14126326143741608,-0.006296598352491856,-0.1069941595196724,0.001385403680615127,0.016812752932310104,0.00014108431059867144,0.14123113453388214,0.006285027600824833,0.10703723877668381,0.0004752128734253347,0.003594636917114258,-0.00013975473120808601,-5.841255187988281e-06,6.492082320619375e-07,0.02499999850988388,0.004009932745248079,0.0040230839513242245,5.160912678547902e-06,7.322290912270546e-06,0.0,1320,3.6
14.608333333120754,retreat,14.608334095217288,2.3400414826700313,2.8885655105113996,0.504910945892334,0.022102833099779673,0.0,0.012099102605134249,0.0,0.254196435213089,0.0005204273038543761,0.20335714519023895,0.0,48,0.21617211401462555,0.026013730093836784,0.038176845759153366,0.0008764786180108786,-0.001535613351734355,-2.8885655105113996,-0.20326383411884308,-0.006724896840751171,-0.15249398350715637,-2.5610859665903263e-05,0.0005197240388952196,8.694055395608302e-06,3.8062378735048696e-05,-0.00012047815835103393,5.0968656069017015e-06,1.0,-0.0009565323125571012,-0.0017257436411455274,0.00946709606796503,0.0008997868280857801,-0.053131166845560074,-0.016778742894530296,-0.4881085753440857,0.5233224630355835,0.49860718846321106,-2.0177173614501953,-0.38417989015579224,2.4501256942749023,1.039886713027954,-0.0023240039590746164,-0.01606493815779686,0.004062857013195753,-0.0036016989033669233,0.015071542002260685,-0.01438057143241167,-0.010189452208578587,0.6004893779754639,1.9140225049341097e-05,0.10449956357479095,1.1482270565466024e-05,0.9999999403953552,-4.0267419535666704e-05,0.00013122032396495342,7.0565838541369885e-06,-3.7072964005346876e-06,0.032388120889663696,1.0742406630015466e-05,2.204324346166686e-06,1.0,6.385258984664688e-06,0.17469105124473572,-0.004777367692440748,-0.12724226713180542,0.0015620582271367311,0.025966588407754898,0.0001022252399707213,0.17465803027153015,0.004766222555190325,0.12728796899318695,0.0008714201394468546,-0.0007300414144992828,-0.0001013658766169101,-6.020069122314453e-06,2.5507324608042836e-07,0.02499999850988388,0.004010784439742565,0.004023612942546606,5.1542301662266254e-06,7.3092232923954725e-06,0.0,1320,3.6083333333333334
14.616666666453966,retreat,14.616667428985238,2.2783803096988535,2.836575359106065,0.49227476119995117,0.026257290301145986,0.019782341029446364,0.013812730685458519,0.0,9.869762834568974e-06,3.9541468765946775e-08,0.0,0.0,48,0.05434565618634224,0.027356328442692757,0.054341480135917664,0.020253708586096764,-9.505701248357923e-08,-2.837954010148646,7.88104603799411e-09,-1.70695869883275e-07,-9.868283086689189e-06,-1.4763938960271616e-09,3.9507966675955686e-08,-6.845695121882045e-10,4.279978747945279e-05,-0.00012991040421184152,1.2888829587609507e-05,1.0,-0.002256929175928235,0.0003701749665196985,0.009884452447295189,0.014345398172736168,0.06841599196195602,0.06568999588489532,-0.488125741481781,0.523185133934021,0.4986358880996704,-2.017763137817383,-0.3840602934360504,2.4500341415405273,1.039817452430725,-0.002092334907501936,-0.016032105311751366,0.00362745625898242,-0.003700099652633071,0.014164825901389122,-0.010046313516795635,-0.009459623135626316,0.6004757881164551,2.009473246289417e-05,0.10455161333084106,1.075311502063414e-05,1.0,-4.2788622522493824e-05,0.00011929197353310883,8.78262744663516e-06,-6.860188932478195e-06,0.032388195395469666,-1.0618523447192274e-05,-1.1033624680578669e-08,1.0,-2.1352636849769624e-06,0.048643819987773895,-0.007993277162313461,-0.022876553237438202,0.0029916984494775534,0.02717706747353077,0.0009085742640309036,0.04863904416561127,0.007989606820046902,0.02288798615336418,0.0018353317864239216,-0.020149998366832733,-0.0009074394474737346,-6.496906280517578e-06,6.447189662139863e-07,0.02499999850988388,0.004025204572826624,0.00403904402628541,5.012120709579904e-06,7.107941200956702e-06,0.0,1320,3.6166666666666667
14.624999999787178,retreat,14.625000762753189,2.2167616258229828,2.78388485312462,0.479280948638916,0.026966248697135597,0.0,0.015793933926033787,0.03956468118525214,0.0,0.0,0.0,0.0,55,0.012414341792464256,0.003530640620738268,0.012414340861141682,0.0021516052074730396,0.0,-2.78388485312462,0.0,0.0,0.0,0.0,0.0,0.0,4.590838580043055e-05,-0.00012034224346280098,1.2989389688300434e-05,1.0,-0.00309659237973392,0.0003244916442781687,0.009994611144065857,0.013327492401003838,0.12503047287464142,0.10780099779367447,-0.4881429076194763,0.5230478048324585,0.49866458773612976,-2.0178089141845703,-0.3839457631111145,2.4499425888061523,1.0397487878799438,-0.002034552162513137,-0.01599700376391411,0.0035639212001115084,-0.003479654435068369,0.013791901990771294,-0.009756539016962051,-0.009325187653303146,0.6004619598388672,2.1169862520764582e-05,0.10460292547941208,1.2090906238881871e-05,1.0,-4.287691263016313e-05,0.00010729740461101755,1.039438029692974e-05,-6.580746685358463e-06,0.03238680958747864,-1.3044847946730442e-05,-3.0315334242914105e-06,0.9999999403953552,-8.982510735222604e-07,0.009658131748437881,0.002262601163238287,-0.007464382331818342,-0.001084400457330048,0.0032900231890380383,-0.0006820890703238547,0.009656336158514023,-0.0022632479667663574,0.007466507609933615,-0.0007579080993309617,-0.0018946703057736158,0.0006820592097938061,-6.020069122314453e-06,6.49746652925387e-07,0.02499999850988388,0.004025215748697519,0.004039094317704439,4.998490567231784e-06,7.087393896654248e-06,0.0,1320,3.625
14.63333333312039,retreat,14.63333409652114,2.155186396703691,2.732021361589433,0.46557188034057617,0.027759431759477593,0.0,0.016271027561742812,0.0,0.0,0.0,0.0,0.0,51,0.009739399887621403,0.001299572759307921,0.009739398956298828,0.00037749152397736907,0.0,-2.732021361589433,0.0,0.0,0.0,0.0,0.0,0.0,4.7477587941102684e-05,-0.0001101035377359949,1.4862444004393183e-05,1.0,-0.0034992098808288574,0.0003023365861736238,0.010074175894260406,0.01301135215908289,0.15346038341522217,0.12856005132198334,-0.48816007375717163,0.522910475730896,0.4986932873725891,-2.017854690551758,-0.38383129239082336,2.4498510360717773,1.0396801233291626,-0.0020106409210711718,-0.015955880284309387,0.0035666145849972963,-0.0032287584617733955,0.013650798238813877,-0.009817001409828663,-0.009225407615303993,0.6004483699798584,2.2380412701750174e-05,0.10465490818023682,1.2907679774798453e-05,0.9999999403953552,-4.298465501051396e-05,9.566878725308925e-05,1.1028407243429683e-05,-6.216312613105401e-06,0.032386913895606995,-1.4434764125326183e-05,-4.4929315663466696e-06,1.0,-1.954576646312489e-06,0.007222587708383799,0.0013193391496315598,-0.006399177946150303,-0.0005184955662116408,0.0011854327749460936,0.00012165936641395092,0.0072212498635053635,-0.0013197943335399032,0.0064005921594798565,-0.0003279353550169617,-0.0001419766340404749,-0.00012165897351223975,-5.4836273193359375e-06,7.433827704517171e-07,0.02499999850988388,0.004025226924568415,0.004039132036268711,4.99417456012452e-06,7.083086529746652e-06,0.0,1320,3.6333333333333333
14.641666666453602,retreat,14.64166743028909,2.093655588002221,2.6794798672199263,0.4521608352661133,0.028836506317020394,0.0,0.016941128706093878,0.055952909680744456,0.0,0.0,0.0,0.0,56,0.010178882628679276,0.0009855522075667977,0.010178879834711552,0.00019433823763392866,0.0,-2.6794798672199263,0.0,0.0,0.0,0.0,0.0,0.0,4.7649409680161625e-05,-9.983727795770392e-05,1.5659663404221646e-05,1.0,-0.003614713903516531,0.00029050500597804785,0.010145578533411026,0.013100913725793362,0.1652964949607849,0.13748054206371307,-0.48817723989486694,0.5227731466293335,0.49872198700904846,-2.01789927482605,-0.383716881275177,2.4497594833374023,1.0396114587783813,-0.001996279926970601,-0.015910454094409943,0.0035891125444322824,-0.0029635722748935223,0.013600046746432781,-0.009926845319569111,-0.009228977374732494,0.6004351377487183,2.2939868358662352e-05,0.10470718145370483,1.3804450645693578e-05,0.9999999403953552,-4.399997123982757e-05,8.45691974973306e-05,1.1568542504392099e-05,-6.79205595588428e-06,0.032386645674705505,-1.526810956420377e-05,-3.649490281532053e-06,0.9999998807907104,-1.8548505522630876e-06,0.007733285892754793,0.0008659873274154961,-0.006561707705259323,-0.00017281879263464361,0.0009640678181312978,-0.00010963554086629301,0.00773209985345602,-0.0008664862252771854,0.0065630353055894375,-4.776996502187103e-05,0.00015314837219193578,0.00010968571587000042,-5.0067901611328125e-06,7.832204573787749e-07,0.02499999850988388,0.004025237634778023,0.004039183724671602,4.990169145457912e-06,7.07508297637105e-06,0.0,1320,3.6416666666666666
14.649999999786814,retreat,14.65000076405704,2.032170165379842,2.6266105473041548,0.43910741806030273,0.02929278343799524,0.0,0.008688787602295633,0.055952909680744456,0.0,0.0,0.0,0.0,62,0.010716584511101246,0.0009372384520247579,0.010716583579778671,0.00026797037571668625,0.0,-2.6266105473041548,0.0,0.0,0.0,0.0,0.0,0.0,4.839630128117278e-05,-9.004908497445285e-05,1.6652016711304896e-05,0.9999999403953552,-0.003668063785880804,0.00028381042648106813,0.010219380259513855,0.013140778057277203,0.17375552654266357,0.1440509408712387,-0.48819440603256226,0.5226361751556396,0.4987507164478302,-2.017906904220581,-0.38360247015953064,2.4496679306030273,1.0395427942276,-0.0019853217527270317,-0.015860743820667267,0.0036209886893630028,-0.0026832479052245617,0.01358727551996708,-0.010052990168333054,-0.009253673255443573,0.6004391312599182,1.9830251403618604e-05,0.10477295517921448,1.566631908644922e-05,1.0,-4.8570873332209885e-05,9.123588824877515e-05,-5.912974302191287e-06,-1.047740806825459e-05,0.03239956498146057,1.1867618923133705e-06,1.7467580448737863e-07,0.9999998807907104,-9.857442364591407e-07,0.008186541497707367,0.0006226418190635741,-0.00688752718269825,-1.0740052857727278e-05,0.0009349507163278759,-6.455752009060234e-05,0.00818522460758686,-0.000623221043497324,0.006889038719236851,7.9153454862535e-05,0.00024771702010184526,6.464622128987685e-05,-4.5299530029296875e-06,8.328188414452597e-07,0.02499999850988388,0.004025246948003769,0.004039234947413206,4.9885456974152476e-06,7.075490429997444e-06,0.0,1320,3.65
14.658333333120027,retreat,14.65833409782499,1.9707310944978076,2.560456842184068,0.44143199920654297,0.026081186661031097,0.0,0.013591267816082109,0.0,0.0,0.0,0.0,0.0,56,0.013586591929197311,0.00024951258092187345,0.013586591929197311,0.002046004170551896,0.0,-2.560456842184068,0.0,0.0,0.0,0.0,0.0,0.0,3.378782275831327e-05,-6.914047116879374e-05,1.9002332919626497e-05,1.0,0.0010156839853152633,0.00028273716452531517,0.01011228933930397,0.012371553108096123,-0.09239597618579865,-0.05060785263776779,-0.48821157217025757,0.5224992632865906,0.4987797737121582,-2.01790714263916,-0.3834879398345947,2.4495763778686523,1.0394741296768188,-0.002011949894949794,-0.01582794263958931,0.00370806735008955,-0.002450614934787154,0.013690028339624405,-0.010521415621042252,-0.00936898123472929,0.6004467606544495,1.5657005860703066e-05,0.10484141111373901,1.7504497009213082e-05,1.0,-5.452335608424619e-05,0.00010147156717721373,-1.1881747923325747e-05,-1.1557600373635069e-05,0.03240186721086502,3.233064853702672e-05,2.0736244550789706e-05,1.0,-1.497499056313245e-06,0.01304133515805006,0.0002217447035945952,-0.003803930012509227,3.311223554192111e-05,-0.0001515183539595455,-0.0001954540639417246,0.013040538877248764,-0.00022303356672637165,0.0038065845146775246,6.528665107907727e-05,0.0020355915185064077,0.00019554408208932728,-3.4570693969726562e-06,9.502327884547412e-07,0.02499999850988388,0.004025259520858526,0.004039332736283541,4.989959052181803e-06,7.077906047925353e-06,0.0,1320,3.658333333333333
14.666666666453239,retreat,14.666667431592941,1.9093393410173718,2.4916358292102827,0.44989585876464844,0.021864771042601205,0.0,0.009340799806523137,0.0,0.0,0.0,0.0,0.0,54,0.009231502190232277,0.0004743645549751818,0.009231502190232277,0.0010158318327739835,0.0,-2.4916358292102827,0.0,0.0,0.0,0.0,0.0,0.0,3.8726855564164e-05,-7.78465109760873e-05,2.1140762328286655e-05,0.9999999403953552,0.002814950654283166,0.00030121507006697357,0.01009947806596756,0.013524734415113926,-0.19261044263839722,-0.12398339062929153,-0.4882287383079529,0.522369384765625,0.49881094694137573,-2.01790714263916,-0.3833732306957245,2.4494848251342773,1.0394045114517212,-0.002025706460699439,-0.01578460820019245,0.003777141449972987,-0.0022468252573162317,0.013786430470645428,-0.010754331015050411,-0.009465591050684452,0.6004530787467957,1.3683194993063807e-05,0.1049065887928009,1.727942071738653e-05,1.0,-5.894147034268826e-05,0.00010904764349106699,-1.022597643896006e-05,-9.300431884184945e-06,0.032398223876953125,3.120054316241294e-05,2.0215567928971723e-05,1.0,-3.860974629787961e-06,0.00827113352715969,-0.0007247410248965025,-0.004035310819745064,0.00039304542588070035,0.0002299431071151048,-0.00013290290371514857,0.008270339109003544,0.0007239056867547333,0.004037089645862579,0.00028838985599577427,0.0009649104904383421,0.00013301677245181054,-3.874301910400391e-06,1.0571893653832376e-06,0.02499999850988388,0.004025268368422985,0.004039315972477198,5.000752935302444e-06,7.090711733326316e-06,0.0,1320,3.6666666666666665
14.67499999978645,retreat,14.675000765360892,1.8479958705997923,2.426152676343919,0.45740604400634766,0.019999968571937643,0.0,0.006484189725597389,0.03956468118525214,7.432980055455118e-05,2.983503009090782e-07,0.0,0.0,58,0.005114054307341576,0.00043389559141360223,0.005059739574790001,0.0008322899811901152,-8.062662182339864e-07,-2.426152676343919,2.4619996707997416e-08,-5.259456656858674e-07,-7.432793790940195e-05,-1.2588961872950222e-08,2.9807711143803317e-07,-2.1130515115430626e-09,4.487745900405571e-05,-8.929397881729528e-05,2.054353717539925e-05,1.0,0.0025408451911062002,0.0003109420358669013,0.010144084692001343,0.01374158076941967,-0.17481368780136108,-0.11097944527864456,-0.4882459044456482,0.5222432613372803,0.4988449215888977,-2.01790714263916,-0.38325855135917664,2.4493932723999023,1.0393346548080444,-0.0020315491128712893,-0.01573784276843071,0.00383475492708385,-0.002052880125120282,0.01384894922375679,-0.010963812470436096,-0.009531197138130665,0.6004589200019836,1.4178619494487066e-05,0.10497041791677475,1.5408175386255607e-05,0.9999999403953552,-6.188513361848891e-05,0.00011527149035828188,-8.959698789112736e-06,-6.8190447564120404e-06,0.03239656239748001,2.5976924007409252e-05,1.700867505860515e-05,0.9999999403953552,-5.135001629241742e-06,0.003413872327655554,-0.0006602865760214627,-0.003750073490664363,0.00028437457513064146,-0.0003101603942923248,-0.0001058158595697023,0.0034130895510315895,0.000659979588817805,0.0037508392706513405,0.00018903406453318894,0.0008033005287870765,0.00010586380813037977,-4.470348358154297e-06,1.0273779480485246e-06,0.02499999850988388,0.004025278612971306,0.004039356950670481,4.998097210773267e-06,7.089023711159825e-06,0.0,1320,3.675
14.683333333119663,retreat,14.683334099128842,1.7867016489063339,2.362107485532762,0.46384334564208984,0.02092995600833092,0.0,0.006068068614695221,0.03956468118525214,8.884997077984735e-05,3.563974360076827e-07,0.0,0.0,51,0.005637605674564838,0.0006626797839999199,0.005602027289569378,0.001027552643790841,-9.262206717153276e-07,-2.362107485532762,7.083382058681309e-08,-8.543271974303934e-07,-8.884583075996488e-05,-3.11310373035667e-08,3.5501855677466665e-07,-3.4384621816485605e-09,5.0272348744329065e-05,-9.63026614044793e-05,6.5586227719904855e-06,1.0,0.0022165945265442133,-0.0026481300592422485,0.009831970557570457,0.0180057380348444,-0.1540903002023697,-0.09651802480220795,-0.4882630705833435,0.5221173763275146,0.4988793730735779,-2.01790714263916,-0.38314393162727356,2.4493017196655273,1.0392638444900513,-0.002054363489151001,-0.015690352767705917,0.0039298743940889835,-0.001886191195808351,0.013952373526990414,-0.011189849115908146,-0.009599432349205017,0.6004647016525269,1.4831573025730904e-05,0.10503379255533218,1.3425975339487195e-05,0.9999999403953552,-6.424279854400083e-05,0.00012146237713750452,-8.705069376446772e-06,-6.967661192902597e-06,0.03239589184522629,2.515997584850993e-05,1.3969960491522215e-05,0.9999999403953552,6.867433967272518e-06,0.0021494929678738117,0.004656506702303886,-0.0023407747503370047,-0.00023512545158155262,-0.0006175182061269879,-5.031692853663117e-05,0.0021483260206878185,-0.004656720440834761,0.0023414217866957188,0.0004376763245090842,0.0009279735968448222,5.037282608100213e-05,-4.827976226806641e-06,3.281729732407257e-07,0.02499999850988388,0.0040252795442938805,0.004038129933178425,-2.1033629309386015e-06,-2.982524165417999e-06,0.0,1320,3.683333333333333
14.691666666452875,retreat,14.691667432896793,1.7254576415982434,2.298516780138017,0.47004222869873047,0.021334313714760356,0.0,0.005731826604460366,0.03956468118525214,7.657914829906076e-05,3.071740479754226e-07,0.0,0.0,50,0.005636617541313171,0.0009020401048474014,0.005609249696135521,0.0012911628000438213,-8.117559318066014e-07,-2.298516780138017,-7.030870392554789e-07,1.5090988199517597e-05,-7.507418922614306e-05,-2.6137023212413624e-08,3.000107540174213e-07,6.054997925275529e-08,4.896437530987896e-05,-0.00010138977086171508,1.7074535207939334e-05,0.9999999403953552,0.0021482279989868402,0.00029952239128760993,0.010203489102423191,0.013647450134158134,-0.1505555659532547,-0.0934925228357315,-0.4882802367210388,0.521991491317749,0.4989137649536133,-2.01790714263916,-0.38302940130233765,2.4492101669311523,1.0391936302185059,-0.002037705620750785,-0.01566467620432377,0.00392159353941679,-0.0017201057635247707,0.013869567774236202,-0.011494975537061691,-0.009573319926857948,0.600470244884491,1.5230756616801955e-05,0.10509718954563141,1.1494398677314166e-05,0.9999999403953552,-6.692871829727665e-05,0.00012755303760059178,-8.444020750175696e-06,-6.847717031632783e-06,0.03239569813013077,2.6162690119235776e-05,1.796535616449546e-05,0.9999999403953552,-5.579595836024964e-06,0.0017007103888317943,-0.004477017093449831,-0.002972433576360345,5.160320506547578e-05,-0.0008970144554041326,-7.986582932062447e-05,0.0017005513655021787,0.00447685644030571,0.002972763730213046,-0.0005950641934759915,0.001142766559496522,7.973733590915799e-05,-5.066394805908203e-06,8.539755071979016e-07,0.02499999850988388,0.004025289323180914,0.004039458464831114,4.986148269381374e-06,7.070077117532492e-06,0.0,1320,3.6916666666666664
14.699999999786087,retreat,14.700000766664743,1.6642648143367857,2.2349782288074507,0.4761815071105957,0.022219504899112508,0.0,0.005750062427978264,0.03956468118525214,0.0001580321986693889,6.329337338684127e-07,0.0,0.0,51,0.004939489997923374,0.00040297521627508104,0.004895396064966917,0.000892359996214509,-1.645412915252109e-06,-2.2349782288074507,1.3309045243659057e-07,-2.869570835173363e-06,-0.00015800607798155397,-2.501813867183955e-08,6.323344337033632e-07,-1.150475981148702e-08,5.2476225391728804e-05,-0.00010704568558139727,2.7798075734608574e-06,0.9999999403953552,0.0020758556202054024,-0.002616823185235262,0.009881936013698578,0.017765948548913002,-0.14465026557445526,-0.08983488380908966,-0.48829740285873413,0.5218656063079834,0.49894821643829346,-2.01790714263916,-0.382914662361145,2.4491186141967773,1.0391106605529785,-0.0020640867296606302,-0.015627482905983925,0.004009775351732969,-0.0016071303980425,0.013998833484947681,-0.01164348516613245,-0.0096582705155015,0.6004759073257446,1.5862582586123608e-05,0.10516084730625153,9.329134627478197e-06,0.9999999403953552,-6.342267442960292e-05,0.00013357840362004936,-8.357586011698004e-06,-6.96086044627009e-06,0.03239581733942032,2.653301999089308e-05,1.0945818758045789e-05,0.9999999403953552,6.549102636199677e-06,0.0018077822169288993,0.004334360361099243,-0.0015309483278542757,-2.846645838872064e-05,-0.00039916893001645803,-4.735860784421675e-05,0.0018068233039230108,-0.004334560129791498,0.0015315116615965962,0.0005977651453576982,0.0006602455978281796,4.748223364003934e-05,-5.364418029785156e-06,1.392709236824885e-07,0.02499999850988388,0.004025287926197052,0.004038150422275066,-2.028420567512512e-06,-2.87554576061666e-06,0.0,1320,3.6999999999999997
14.708333333119299,retreat,14.708334100432694,1.6031241327832078,2.1712012588977827,0.48214197158813477,0.022641381292487495,0.0,0.005685668384103337,0.0,0.0001894389424705878,7.589980555167131e-07,0.0,0.0,52,0.00705780228599906,0.0008378177299164236,0.006981605663895607,0.0009516648133285344,-1.7893689232550969e-06,-2.1712012588977827,-3.1263252822100185e-06,3.7602949305437505e-05,-0.00018564308993518353,-9.672503153979051e-08,7.375076052085205e-07,1.510129550297279e-07,4.9727081204764545e-05,-0.0001129155425587669,1.3149410733603872e-05,1.0,0.0020479660015553236,-0.006173836998641491,0.009853226132690907,0.48338618874549866,-0.14202958345413208,-0.08829650282859802,-0.48831456899642944,0.5217397212982178,0.49898263812065125,-2.01790714263916,-0.38280001282691956,2.4490270614624023,1.039038896560669,-0.00208439608104527,-0.0155952088534832,0.004085781518369913,-0.0015053588431328535,0.014037449844181538,-0.011835546232759953,-0.009633298963308334,0.6004816293716431,1.6323774616466835e-05,0.10522422194480896,7.452395493601216e-06,1.0,-6.532941915793344e-05,0.00013969288556836545,-8.51523600431392e-06,-6.799932634748984e-06,0.03239542245864868,2.6776853701449e-05,1.560332930239383e-05,1.0,-5.696583684766665e-06,0.0009858420817181468,0.006807190366089344,-0.0015820380067452788,-0.0004923552041873336,-0.0006450186483561993,0.00020850857254117727,0.0009845106396824121,-0.006807295139878988,0.0015824149595573545,0.0004912055446766317,0.0007873590220697224,-0.00020843450329266489,-5.662441253662109e-06,6.577520252903923e-07,0.02499999850988388,0.00402529863640666,0.004038264974951744,-0.0002924343862105161,-0.00041472725570201874,0.0,1320,3.7083333333333335
14.716666666452511,retreat,14.716667434200644,1.5420365625987813,2.107796818017961,0.4881620407104492,0.022804460968472995,0.0,0.005520303147932282,0.03956468118525214,0.0003148256510030478,1.2600909258253523e-06,0.0,0.0,51,0.009132075123488903,0.0008369956631213427,0.009124579839408398,0.0015114572597667575,-3.6536284824251197e-06,-2.107796818017961,-3.3830228858278133e-06,7.261287828441709e-05,-0.000306318630464375,-1.0913487358266138e-07,1.2212349247420207e-06,2.906957661252818e-07,4.8934572987491265e-05,-0.00011837513011414558,6.257536369957961e-06,0.9999999403953552,0.002079691970720887,-0.0006736935465596616,0.01048206351697445,-0.09890256077051163,-0.14683449268341064,-0.08952730894088745,-0.48833173513412476,0.5216138362884521,0.49901705980300903,-2.01790714263916,-0.38268545269966125,2.4489355087280273,1.0389682054519653,-0.002051209332421422,-0.015590396709740162,0.0040177335031330585,-0.0013967350823804736,0.013890069909393787,-0.01208525337278843,-0.009590139612555504,0.600487232208252,1.6855798094184138e-05,0.10528779774904251,5.373580279410817e-06,0.9999999403953552,-6.768069579266012e-05,0.00014567747712135315,-8.48577019496588e-06,-6.296312221820699e-06,0.032395586371421814,2.7302177841193043e-05,1.874639383458998e-05,0.9999999403953552,-8.83079053437541e-07,0.0005904631689190865,-0.00877504050731659,-0.002458619885146618,6.804813165217638e-05,-0.0008179189171642065,-0.00016413380217272788,0.0005909345927648246,0.008774986490607262,0.0024586974177509546,-0.0011995929526165128,0.0009033643873408437,0.00016385267372243106,-5.900859832763672e-06,3.131663106614724e-07,0.02499999850988388,0.004025295376777649,0.004038328304886818,4.894035555480514e-06,6.939953891560435e-06,0.0,1320,3.716666666666667
14.724999999785723,retreat,14.725000767968595,1.4810030694447534,2.0440869033336653,0.49424171447753906,0.0230866589845391,0.019782341029446364,0.005456372946355259,0.03956468118525214,0.00037064211210235953,1.4811290611760342e-06,0.0,0.0,50,0.0023513745982199907,0.0006810629856772721,0.0022451141849160194,0.0005322141223587096,-4.0637433755819075e-06,-2.045465554376246,-1.0244973509543343e-06,2.1989551896695048e-05,-0.00036998779978603125,-8.035615906010207e-08,1.4763293165742652e-06,8.79649064700061e-08,5.2162384235998616e-05,-0.00012394391524139792,1.2189540939289145e-05,0.9999999403953552,0.0020798600744456053,0.00011023371916962788,0.010360377840697765,-0.010156368836760521,-0.1450158804655075,-0.08984621614217758,-0.48834890127182007,0.5214879512786865,0.4990514814853668,-2.01790714263916,-0.3825707733631134,2.4488439559936523,1.0388799905776978,-0.0020600317511707544,-0.015574595890939236,0.004042243584990501,-0.0013373886467888951,0.013962586410343647,-0.012179827317595482,-0.009651502594351768,0.6004930734634399,1.765983506629709e-05,0.10535141080617905,3.3703902317938628e-06,0.9999999403953552,-6.129260145826265e-05,0.0001519372162874788,-8.65274796524318e-06,-5.644736575050047e-06,0.032395489513874054,2.7992735340376385e-05,9.131646038440522e-06,0.9999999403953552,-8.819479262456298e-06,0.0007463320507667959,-0.0020111422054469585,-0.0009629420819692314,0.0005982465227134526,-0.00032356532756239176,-3.5402703360887244e-05,0.0007462859502993524,0.002011056523770094,0.0009631550638005137,0.00030774064362049103,0.0004313394019845873,3.55148185917642e-05,-6.198883056640625e-06,6.097998266341165e-07,0.02499999850988388,0.0040252902545034885,0.004038392566144466,4.908402843284421e-06,6.960268365219235e-06,0.0,1320,3.725
14.733333333118935,retreat,14.733334101736546,1.420024618982385,1.9804887473583235,0.5013942718505859,0.02427679100946989,0.019782341029446364,0.004473963144846493,0.06852804166478502,0.0004635081277228892,1.8502641978557222e-06,0.0,0.0,50,0.005786541849374771,0.0009055104455910623,0.005674507934600115,0.0003926384379155934,-4.761902324901257e-06,-1.9818673984009043,7.221235875931598e-08,-1.5427287962666014e-06,-0.000463505566585809,-7.869928708714724e-08,1.8485794726075255e-06,-6.165107535593961e-09,5.9066871472168714e-05,-0.00014263877528719604,7.9268265835708e-06,0.9999998807907104,-0.001134515623562038,0.0004337530699558556,0.010415744036436081,0.021647753193974495,0.03752298280596733,0.04568280279636383,-0.4883660674095154,0.5213620662689209,0.4990859031677246,-2.01790714263916,-0.3824555277824402,2.4487524032592773,1.038792371749878,-0.0020541639532893896,-0.015550738200545311,0.004047528840601444,-0.001271215034648776,0.013986794278025627,-0.012198463082313538,-0.009620332159101963,0.600498616695404,1.8212474969914183e-05,0.10541486740112305,1.2434917380232946e-06,0.9999999403953552,-5.561391662922688e-05,0.00015801620611455292,-7.437241947627626e-06,-6.144623512227554e-06,0.03239534795284271,1.5377050658571534e-05,-3.4518820939410944e-06,0.9999998211860657,-6.684726486128056e-06,-0.005476580932736397,-0.000940262689255178,-0.001614631386473775,0.00035417082835920155,-0.0007671330240555108,0.00032560573890805244,-0.005476986523717642,0.0009408757905475795,0.0016128979623317719,0.00021842482965439558,-2.4086039047688246e-05,-0.00032556316000409424,-7.152557373046875e-06,3.9676342566963285e-07,0.02499999850988388,0.0040251584723591805,0.004038381855934858,5.2062187023693696e-06,7.3784030973911285e-06,0.0,1320,3.7333333333333334
14.741666666452147,retreat,14.741667435504496,1.359102176872927,1.9179783761501326,0.5047917366027832,0.024617071176180616,0.019782341029446364,0.006662622581643518,0.0,0.0708235576748848,0.00014477061631623656,0.056658849120140076,0.0,56,0.04815112426877022,0.00013669311010744423,0.02274974249303341,0.005688564386218786,-0.00044593379425350577,-1.9193570271927134,-0.05631836876273155,-0.006450881250202656,-0.042457081377506256,-1.1923764759558253e-05,0.0001441502245143056,-6.088326699682511e-06,4.798606096301228e-05,-0.0001384763017995283,1.4832728993496858e-05,1.0,-0.0003890706575475633,0.0013181123649701476,0.009888898581266403,0.09907827526330948,-0.01450754702091217,-0.03068973310291767,-0.4883832335472107,0.5212361812591553,0.49912029504776,-2.01790714263916,-0.3823360204696655,2.4486608505249023,1.0387022495269775,-0.0021064491011202335,-0.015594229102134705,0.004085463006049395,-0.0014210263034328818,0.014160960912704468,-0.013373573310673237,-0.00974316243082285,0.6005039811134338,1.926484219438862e-05,0.10547823458909988,-2.3335815058089793e-06,1.0,-5.0029098929371685e-05,0.0001636550878174603,-9.769672942638863e-06,-5.200583927944535e-06,0.032396212220191956,2.5177943825838156e-05,2.0457930531847524e-06,1.0,-1.716722545097582e-05,0.03747160732746124,-0.0053212447091937065,-0.02976732701063156,8.317326864926144e-05,-8.805143443169072e-05,-6.335740181384608e-05,0.037462394684553146,0.0053173573687672615,0.029779614880681038,-0.0006851971265859902,0.005501246079802513,6.340567051665857e-05,-6.9141387939453125e-06,7.41969415685162e-07,0.02499999850988388,0.004010790027678013,0.004024887923151255,6.068014045013115e-06,8.606381015852094e-06,0.0,1320,3.7416666666666667
14.74999999978536,retreat,14.750000769272447,1.2982367087776439,1.8563844263553633,0.5047321319580078,0.02622419378894847,0.0,0.006377740191965131,0.055952909680744456,0.21011604368686676,0.0004296200058888644,0.16809283196926117,-0.00016666662361330964,57,0.15737126767635345,0.00958592351526022,0.05303160101175308,0.00865369662642479,-0.001439997140550986,-1.8563844263553633,-0.16745954751968384,-0.014592568390071392,-0.1260678768157959,-3.833516893791966e-05,0.00042790622683241963,-9.910786502587143e-08,2.3886952476459555e-05,-0.00011015776544809341,4.708224423666252e-06,1.0,-0.000554097059648484,0.0002072857168968767,0.00994980800896883,0.013886171393096447,-0.05846378207206726,-0.014840932562947273,-0.488400399684906,0.5211102366447449,0.4991547167301178,-2.01790714263916,-0.3822157680988312,2.448540449142456,1.0386109352111816,-0.0022067592944949865,-0.015710260719060898,0.0041084252297878265,-0.0020474621560424566,0.014597929082810879,-0.015034845098853111,-0.010014106519520283,0.6005035638809204,1.8678701962926425e-05,0.1055394634604454,-2.498850335541647e-06,0.9999999403953552,-4.426521991263144e-05,0.00015545942005701363,-8.881045687303413e-06,-7.383245247183368e-06,0.03239583224058151,4.530139631242491e-05,2.0379260604386218e-05,0.9999998807907104,-7.2059060585161205e-06,0.12296921014785767,-0.008753727190196514,-0.09781443327665329,0.0007683730800636113,0.009554991498589516,-4.0839229768607765e-05,0.1229395642876625,0.00874235201627016,0.0978526845574379,-0.000496258435305208,0.008209161460399628,4.1711158701218665e-05,-5.4836273193359375e-06,2.355427568545565e-07,0.02499999850988388,0.004009332042187452,0.004023706540465355,5.392170351115055e-06,7.646274752914906e-06,0.0,1320,3.75
14.758333333118571,retreat,14.758334103040397,1.2374291803577933,1.796541363000871,0.504612922668457,0.025789493520278484,0.019782341029446364,0.011763709153456148,0.03956468118525214,0.16966770589351654,0.0003976178413722664,0.1357341855764389,0.0,49,0.1560577005147934,0.023485852405428886,0.01443074643611908,0.004810072015970945,-0.0011129890917800367,-1.797920014043452,-0.13559354841709137,-0.006180087570101023,-0.10180043429136276,-1.717882332741283e-05,0.0003972455160692334,-9.076860010281962e-07,3.1739953556098044e-05,-0.0001258634147234261,-4.914472356176702e-06,0.9999999403953552,-0.0005892206681892276,-0.0005795789766125381,0.009876473806798458,-0.07731615006923676,-0.05393684655427933,0.01505124568939209,-0.4884176552295685,0.5209803581237793,0.4991891384124756,-2.0179073810577393,-0.38209548592567444,2.4484379291534424,1.0385197401046753,-0.0022030496038496494,-0.015789920464158058,0.003965414594858885,-0.0026995940133929253,0.01466769352555275,-0.013826568610966206,-0.009965350851416588,0.6005074381828308,1.8826505765900947e-05,0.10560394823551178,-3.932986146537587e-06,0.9999999403953552,-3.856990224448964e-05,0.00015754977357573807,-1.3011323972023092e-05,-6.707514330628328e-06,0.032400473952293396,3.168644252582453e-05,6.829660378571134e-06,0.9999999403953552,9.813395536184544e-07,0.12723605334758759,-0.007280805613845587,-0.09006654471158981,0.002513367682695389,0.023347223177552223,0.0004187525773886591,0.12720823287963867,0.0072702826000750065,0.09010665863752365,0.0014606434851884842,-0.004966516047716141,-0.00041738300933502614,-6.318092346191406e-06,-2.455235517118126e-07,0.02499999850988388,0.004009738098829985,0.0040228464640676975,5.2054701882298104e-06,7.379479939118028e-06,0.0,1320,3.7583333333333333
14.766666666451783,retreat,14.766667436808348,1.1766805572746222,1.7341278493404402,0.5047917366027832,0.025328325136797503,0.019782341029446364,0.012210535714984871,0.03956468118525214,0.2765927016735077,0.0005657751462422311,0.22127413749694824,0.0,57,0.2251858115196228,0.021825330331921577,0.05141710862517357,0.004781377501785755,-0.0017368038825225085,-1.735506500383021,-0.22053296864032745,-0.018098149448633194,-0.16595537960529327,-5.144919123267755e-05,0.0005634104600176215,4.807504865311785e-06,3.100005415035412e-05,-0.00012254917237441987,-1.9886356312781572e-06,0.9999999403953552,-0.0008350081625394523,-0.00026436327607370913,0.00936812162399292,-0.053295426070690155,-0.06550565361976624,0.04782826080918312,-0.4884350001811981,0.5208439230918884,0.4992223381996155,-2.0179529190063477,-0.3819751441478729,2.448324203491211,1.0384299755096436,-0.002245562383905053,-0.015946434810757637,0.0038270284421741962,-0.0035385871306061745,0.014750494621694088,-0.01462163869291544,-0.010024628601968288,0.6004889607429504,2.1635796656482853e-05,0.10565390437841415,-3.08347080135718e-06,1.0,-2.8638160074478947e-05,0.0001347967772744596,7.123023351596203e-06,-3.493451458780328e-06,0.03238803893327713,1.2247553058841731e-05,-2.3617831175215542e-06,0.9999999403953552,-1.09550194338226e-06,0.17939719557762146,-0.013901865109801292,-0.1353958547115326,0.0011423580581322312,0.02179405465722084,-0.0002432919282000512,0.1793614774942398,0.013890758156776428,0.13544431328773499,-0.0008661948377266526,0.004122503101825714,0.00024361125542782247,-6.139278411865234e-06,-9.924224286805838e-08,0.02499999850988388,0.004010402597486973,0.00402347045019269,5.053954737377353e-06,7.171911420300603e-06,0.0,1320,3.7666666666666666
14.774999999784995,retreat,14.775000770576298,1.1159918051893989,1.6828306019306196,0.49191713333129883,0.029085651476634666,0.019782341029446364,0.013822766049997881,0.055952909680744456,2.9909051590948366e-05,1.3478646110343107e-07,0.0,0.0,46,0.05851311609148979,0.029502982273697853,0.058500178158283234,0.021884191781282425,-2.8506356208879424e-07,-1.6842092529732005,2.1092983359949358e-08,-4.4869565840599535e-07,-2.9905677365604788e-05,-5.232337674243581e-09,1.346698184079287e-07,-2.0132824296581475e-09,3.139631007798016e-05,-0.0001325624471064657,-1.2521971939349896e-06,0.9999999403953552,-0.002197508467361331,0.00030351526220329106,0.00980439130216837,0.013954411260783672,0.06462804973125458,0.06280273199081421,-0.48845216631889343,0.5207067728042603,0.49925103783607483,-2.017998695373535,-0.3818601965904236,2.448232650756836,1.0383613109588623,-0.002040197839960456,-0.015911193564534187,0.0034435889683663845,-0.0036672798451036215,0.013999075628817081,-0.009924868121743202,-0.009357903152704239,0.600475013256073,2.268664502480533e-05,0.10570555180311203,-2.371604750806e-06,0.9999999403953552,-2.9278324291226454e-05,0.0001227420725626871,8.976513527159113e-06,-6.246138127607992e-06,0.03238837420940399,-9.820411833061371e-06,-2.1178311726544052e-06,0.9999998807907104,-1.1193880027349223e-06,0.05222639441490173,-0.007724563125520945,-0.025229334831237793,0.003972632810473442,0.02921236678957939,0.0011321566998958588,0.052220650017261505,0.00772138312458992,0.025242187082767487,0.0028555989265441895,-0.021667703986167908,-0.0011313010472804308,-6.616115570068359e-06,-6.240225047804415e-08,0.02499999850988388,0.0040253461338579655,0.004039085935801268,4.973278009856585e-06,7.059192284941673e-06,0.0,1320,3.775
14.783333333118208,retreat,14.783334104344249,1.0553638897633846,1.630467921495439,0.4788041114807129,0.029853899832232855,0.019782341029446364,0.015178939065663144,0.0,0.0,0.0,0.0,0.0,48,0.013151174411177635,0.003525927197188139,0.013151174411177635,0.002135697053745389,0.0,-1.6318465725380198,0.0,0.0,0.0,0.0,0.0,0.0,3.2046798878582194e-05,-0.00012444388994481415,1.990984621613734e-08,1.0,-0.003158210078254342,0.0002643851621542126,0.009929019957780838,0.012678478844463825,0.1284681260585785,0.1099630668759346,-0.48846933245658875,0.5205695033073425,0.4992797374725342,-2.0180444717407227,-0.38174566626548767,2.448141098022461,1.038292646408081,-0.0019954585004597902,-0.01588096097111702,0.003404859220609069,-0.003431841032579541,0.01363553199917078,-0.009651187807321548,-0.009226503781974316,0.6004613637924194,2.389653309364803e-05,0.10575731098651886,-1.681707658462983e-06,1.0,-2.9737113436567597e-05,0.00011124541197204962,1.0257826033921447e-05,-5.849258286616532e-06,0.032387785613536835,-1.319854345638305e-05,-2.3094676180335227e-06,1.0,-1.7014862123687635e-06,0.009873341768980026,0.0018374338978901505,-0.008490839041769505,-0.0010081158252432942,0.0033094212412834167,-0.0006808792240917683,0.009871343150734901,-0.0018380496185272932,0.008493028581142426,-0.000742995529435575,-0.0018830009503290057,0.0006807842873968184,-6.198883056640625e-06,1.1950760381296277e-09,0.02499999850988388,0.004025335423648357,0.004039139021188021,4.966535925632343e-06,7.045484380796552e-06,0.0,1320,3.783333333333333
14.79166666645142,retreat,14.7916674381122,0.9947977766578227,1.5781201422214521,0.46521425247192383,0.030874241929268464,0.0,0.016496614989591762,0.0,0.0,0.0,0.0,0.0,69,0.010408896021544933,0.0012200915953144431,0.010408896021544933,0.0003828438639175147,0.0,-1.5781201422214521,0.0,0.0,0.0,0.0,0.0,0.0,3.212921365047805e-05,-0.00011340213677613065,1.055737016031344e-06,1.0,-0.0034786679316312075,0.00024405568547081202,0.010013243183493614,0.012885428965091705,0.1522088646888733,0.1276736706495285,-0.48848649859428406,0.5204325318336487,0.49930843710899353,-2.01809024810791,-0.38163134455680847,2.448049545288086,1.0382239818572998,-0.001982959918677807,-0.015844931825995445,0.003429217729717493,-0.003167638322338462,0.013498199172317982,-0.009751848876476288,-0.009127677418291569,0.6004474759101868,2.4702883820282295e-05,0.10580888390541077,-6.758282893315481e-07,1.0,-3.003821439051535e-05,9.9302371381782e-05,1.132960278482642e-05,-6.128455879661487e-06,0.03238700330257416,-1.4099824511504266e-05,-2.090804628096521e-06,1.0,-1.731350948830368e-06,0.00751038733869791,0.0010521285003051162,-0.007129671983420849,-0.0005179892177693546,0.0010990513255819678,0.00011134082888020203,0.007508907932788134,-0.0010525892721489072,0.007131161633878946,-0.0003660232468973845,-1.401267945766449e-05,-0.00011135555541841313,-5.662441253662109e-06,5.296897143125534e-08,0.02499999850988388,0.00402532983571291,0.00403919443488121,4.965401785739232e-06,7.043825462460518e-06,0.0,1320,3.7916666666666665
14.799999999784632,retreat,14.80000077188015,0.9342944315339743,1.52590647339821,0.451505184173584,0.03153147190460004,0.0,0.017704138372209854,0.0,0.0,0.0,0.0,0.0,47,0.010739444755017757,0.000977137009613216,0.010739444755017757,0.00021165815996937454,0.0,-1.52590647339821,0.0,0.0,0.0,0.0,0.0,0.0,3.367560566402972e-05,-0.00010409326205262914,2.6236734811391216e-06,0.9999999403953552,-0.0037013008259236813,0.00023738978779874742,0.010096756741404533,0.012565910816192627,0.17036306858062744,0.14125338196754456,-0.48850366473197937,0.520297110080719,0.4993371367454529,-2.018134593963623,-0.38151752948760986,2.447957992553711,1.0381553173065186,-0.0019777794368565083,-0.015802791342139244,0.003470102557912469,-0.002890228759497404,0.013448551297187805,-0.009877268224954605,-0.009128479287028313,0.6004337668418884,2.598072933324147e-05,0.10585980117321014,-9.909967957355548e-08,1.0,-3.0333323593367822e-05,8.73633471201174e-05,1.2103199878765736e-05,-5.545229669223772e-06,0.03238570690155029,-1.6730005881981924e-05,-3.3420426461816533e-06,1.0,-2.7225544272369007e-06,0.007836814038455486,0.0005416803760454059,-0.007323017809540033,-0.0001385192881571129,0.0009611042332835495,-0.00010903060319833457,0.007835501804947853,-0.000542157213203609,0.007324386853724718,-6.031920202076435e-05,0.00017106864834204316,0.00010907012620009482,-5.185604095458984e-06,1.3136013876646757e-07,0.02499999850988388,0.004025324713438749,0.004039218183606863,4.969251222064486e-06,7.045193342491984e-06,0.0,1320,3.8
14.808333333117844,retreat,14.8083341056481,0.8738548200531007,1.4743335545063032,0.4379153251647949,0.032751468097558245,0.0,0.008911317308957223,0.0,0.0,0.0,0.0,0.0,81,0.011331859976053238,0.0009362705750390887,0.011331859044730663,0.0002801490481942892,0.0,-1.4743335545063032,0.0,0.0,0.0,0.0,0.0,0.0,3.826400279649533e-05,-9.201682405546308e-05,3.193944394297432e-06,1.0,-0.003811905160546303,0.0002302732755197212,0.010179249569773674,0.013040762394666672,0.18227089941501617,0.15009045600891113,-0.4885208308696747,0.5201674103736877,0.49936583638191223,-2.018134832382202,-0.38140419125556946,2.447866439819336,1.0380866527557373,-0.0019738960545510054,-0.015756946057081223,0.0035159047693014145,-0.002597029320895672,0.013430505059659481,-0.010021969676017761,-0.009141702204942703,0.6004398465156555,2.2679640096612275e-05,0.10592469573020935,5.001343765798083e-07,0.9999999403953552,-3.556168667273596e-05,9.483240137342364e-05,-8.053020792431198e-06,-1.010387950373115e-05,0.0323990136384964,2.8154922802059446e-06,-2.702053961911588e-06,1.0,-2.6941629585053306e-06,0.008383085951209068,0.0004666468594223261,-0.00761033222079277,-2.9497690775315277e-05,0.000935272837523371,-3.157808896503411e-05,0.008381608873605728,-0.0004672353679779917,0.007611922454088926,3.785551234614104e-05,0.00027576752472668886,3.1665909773437306e-05,-4.589557647705078e-06,1.5987461665645242e-07,0.02499999850988388,0.004025322385132313,0.004039290826767683,4.967457243765239e-06,7.045018719509244e-06,0.0,1320,3.808333333333333
14.816666666451056,retreat,14.816667439416051,0.8134799078764559,1.409014314413072,0.4420280456542969,0.02945464802905917,0.0,0.008346655704372097,0.03956468118525214,0.0,0.0,0.0,0.0,69,0.014713995158672333,0.00034035035059787333,0.014713995158672333,0.0023011963348835707,0.0,-1.409014314413072,0.0,0.0,0.0,0.0,0.0,0.0,1.5905918189673685e-05,-6.961791950743645e-05,4.186995283816941e-06,1.0,0.001568916835822165,0.0002311459684278816,0.010054774582386017,0.01285049319267273,-0.12402033060789108,-0.0738772302865982,-0.48853799700737,0.5200414061546326,0.4993947148323059,-2.018134832382202,-0.38128966093063354,2.447774887084961,1.038017988204956,-0.002013630699366331,-0.01573221944272518,0.0036238364409655333,-0.0023601644206792116,0.013536483980715275,-0.010553114116191864,-0.009261339902877808,0.6004452109336853,1.993578189285472e-05,0.10598752647638321,-5.473054898175178e-07,0.9999999403953552,-4.148306470597163e-05,0.00010035376908490434,-9.662064258009195e-06,-9.482870154897682e-06,0.032396525144577026,3.073567131650634e-05,2.5577603082638234e-05,0.9999999403953552,-4.733007244794862e-06,0.014122744090855122,8.86548514245078e-05,-0.004128185100853443,-1.7465023120166734e-05,-0.00024931339430622756,-0.00023103282728698105,0.014121907763183117,-8.983100269688293e-05,0.004131017252802849,-4.552860445983242e-06,0.0022895513102412224,0.00023116740339901298,-3.4570693969726562e-06,2.094056981150061e-07,0.02499999850988388,0.004025324713438749,0.004039380699396133,4.97377277497435e-06,7.05619459040463e-06,0.0,1320,3.8166666666666664
14.824999999784268,retreat,14.825000773184001,0.753170660665301,1.3456918299198164,0.4488825798034668,0.02683415004867129,0.0,0.0074183644755976275,0.055952909680744456,0.0,0.0,0.0,0.0,62,0.009297199547290802,0.0006525681237690151,0.009297199547290802,0.0005878253723494709,0.0,-1.3456918299198164,0.0,0.0,0.0,0.0,0.0,0.0,2.486526864231564e-05,-8.047126175370067e-05,3.4246463656018022e-06,0.9999999403953552,0.002286113565787673,0.0002482982526998967,0.01009154412895441,0.013564744964241982,-0.16129320859909058,-0.10100790113210678,-0.4885551631450653,0.5199155211448669,0.4994237422943115,-2.018134832382202,-0.38117513060569763,2.447683334350586,1.0379493236541748,-0.002027307404205203,-0.015692638233304024,0.0036934008821845055,-0.0021383417770266533,0.013592221774160862,-0.010716397315263748,-0.009326566942036152,0.6004505157470703,1.713763595034834e-05,0.10605024546384811,-1.3535072866943665e-06,1.0,-4.711433939519338e-05,0.00010581845708657056,-8.466411600238644e-06,-9.608344953448977e-06,0.03239593654870987,2.5347000701003708e-05,2.2249532776186243e-05,0.9999998807907104,-4.776990408572601e-06,0.007456062827259302,-0.0007080680225044489,-0.005508510395884514,0.00033464597072452307,0.0005489055183716118,-0.0001120713641284965,0.007454963400959969,0.0007073506712913513,0.005510089918971062,0.00023232665262185037,0.0005281801568344235,0.00011219958832953125,-4.0531158447265625e-06,1.7133243090938777e-07,0.02499999850988388,0.004025325644761324,0.004039355553686619,4.984947736375034e-06,7.066875696182251e-06,0.0,1320,3.8249999999999997
14.83333333311748,retreat,14.833334106951952,0.6929280440808867,1.2825854122638716,0.45502185821533203,0.024221915737143718,0.0,0.0063171742112899665,0.0,0.0,0.0,0.0,0.0,70,0.005962443072348833,0.00047164750867523253,0.00596244353801012,0.0009506571223028004,0.0,-1.2825854122638716,0.0,0.0,0.0,0.0,0.0,0.0,3.1792566005606204e-05,-8.882603287929669e-05,1.830399810387462e-06,1.0,0.0020864098332822323,0.00025666411966085434,0.010142771527171135,0.013868151232600212,-0.1476641148328781,-0.09114247560501099,-0.4885723292827606,0.5197896361351013,0.4994546175003052,-2.018134832382202,-0.3810606002807617,2.447591781616211,1.0378806591033936,-0.002044274238869548,-0.01565314084291458,0.003770076669752598,-0.0019279068801552057,0.013647639192640781,-0.010969903320074081,-0.009396273642778397,0.6004557609558105,1.552938192617148e-05,0.10611328482627869,-2.3980289824976353e-06,1.0,-5.185480404179543e-05,0.00011138711852254346,-7.933113920444157e-06,-8.536711902706884e-06,0.0323958694934845,2.2560914658242837e-05,2.0062658222741447e-05,1.0,-4.2273632061551325e-06,0.0037774655502289534,-0.0007045614765956998,-0.004559065215289593,0.00021510239457711577,-0.00038204665179364383,-0.000173846710822545,0.003776522818952799,0.0007041480275802314,0.004559910390526056,0.00011333516158629209,0.0009277164936065674,0.00017391421715728939,-4.470348358154297e-06,9.166069503407925e-08,0.02499999850988388,0.004025328904390335,0.0040394035167992115,4.984076440450735e-06,7.070688297972083e-06,0.0,1320,3.8333333333333335
14.841666666450692,retreat,14.841667440719903,0.6327530237844741,1.219255477190019,0.46074390411376953,0.02275252336403355,0.0,0.005340653842722531,0.0,0.0,0.0,0.0,0.0,64,0.011643561534583569,0.0006674551405012608,0.011643560603260994,0.0014437177451327443,0.0,-1.219255477190019,0.0,0.0,0.0,0.0,0.0,0.0,3.920552262570709e-05,-9.343874990008771e-05,9.752804999152431e-07,1.0,0.0019728122279047966,-0.006389199756085873,0.009786422364413738,0.4966319799423218,-0.13787636160850525,-0.08500264585018158,-0.48858949542045593,0.5196637511253357,0.49948903918266296,-2.018134832382202,-0.3809460401535034,2.447500228881836,1.0378117561340332,-0.0021003710571676493,-0.015601550228893757,0.003943204879760742,-0.0017601251602172852,0.013822121545672417,-0.01118952501565218,-0.00949361827224493,0.6004613041877747,1.6362726455554366e-05,0.10617678612470627,-4.596364760800498e-06,1.0,-5.4999101848807186e-05,0.00011760569759644568,-8.157046977430582e-06,-6.0915103858860675e-06,0.032396040856838226,2.4166725779650733e-05,1.5794123100931756e-05,1.0,-5.571117526415037e-06,0.002916519297286868,0.010844849981367588,-0.003075007814913988,-0.00044817361049354076,-0.00048784964019432664,-8.148328925017267e-05,0.0029146031010895967,-0.010845198296010494,0.0030755940824747086,0.0011186115443706512,0.0009090416133403778,8.168387284968048e-05,-4.649162292480469e-06,4.894718586001545e-08,0.02499999850988388,0.004025333095341921,0.0040381718426942825,-0.00030074265669099987,-0.00042653270065784454,0.0,1320,3.841666666666667
14.849999999783904,retreat,14.850000774487853,0.5726465654373172,1.1555083096027388,0.4666447639465332,0.02352316732867621,0.0,0.005389850230130833,0.03956468118525214,0.0,0.0,0.0,0.0,59,0.011453908868134022,0.001066343393176794,0.011453905142843723,0.0020734169520437717,0.0,-1.1555083096027388,0.0,0.0,0.0,0.0,0.0,0.0,4.238072142470628e-05,-9.797592792892829e-05,-4.829220188184991e-07,0.9999999403953552,0.0020035114139318466,0.00024247897090390325,0.010209047235548496,0.013370256870985031,-0.14089110493659973,-0.08673293888568878,-0.48860666155815125,0.5195378661155701,0.49952343106269836,-2.018134832382202,-0.3808315396308899,2.447408676147461,1.037743091583252,-0.0020670206286013126,-0.015591693110764027,0.0038879269268363714,-0.0015637115575373173,0.013612267561256886,-0.011580225080251694,-0.009403776377439499,0.6004668474197388,1.6690300981281325e-05,0.10624032467603683,-6.4625510276528075e-06,0.9999999403953552,-5.863280966877937e-05,0.00012361475091893226,-8.188795618480071e-06,-6.413654773496091e-06,0.032395824790000916,2.5638582883402705e-05,1.6252664863714017e-05,0.9999999403953552,-5.979130037303548e-06,0.0020485101267695427,-0.010679281316697598,-0.003598414361476898,-2.1760142772109248e-05,-0.0010593179613351822,-0.00012025054456898943,0.0020488728769123554,0.010678990744054317,0.003599058138206601,-0.0015644554514437914,0.0013554118340834975,0.00011998171976301819,-4.887580871582031e-06,-2.393790055066347e-08,0.02499999850988388,0.004025335889309645,0.0040394882671535015,4.97504515806213e-06,7.0539244916290045e-06,0.0,1320,3.85
14.858333333117116,retreat,14.858334108255804,0.5126096347006808,1.0917760431766523,0.47272443771362305,0.02406617386441212,0.0,0.005083069936517859,0.03956468118525214,0.0,0.0,0.0,0.0,62,0.003677067579701543,0.0005271733971312642,0.0036770678125321865,0.0008362291846424341,0.0,-1.0917760431766523,0.0,0.0,0.0,0.0,0.0,0.0,4.5519125706050545e-05,-0.00010429457324789837,-1.1392835403967183e-05,0.9999998807907104,0.0019947367254644632,-0.0009717773064039648,0.010287766344845295,-0.11392180621623993,-0.14004187285900116,-0.08530808240175247,-0.48862382769584656,0.5194119811058044,0.49955788254737854,-2.018134832382202,-0.3807169795036316,2.447317123413086,1.0376737117767334,-0.002096140058711171,-0.015559524297714233,0.003974970895797014,-0.0014428100548684597,0.013756661675870419,-0.011730541475117207,-0.009511487558484077,0.6004725098609924,1.7550093616591766e-05,0.10630364716053009,-8.610607437731232e-06,1.0,-6.162477075122297e-05,0.00012986341607756913,-8.176310075214133e-06,-5.957702342129778e-06,0.03239542245864868,2.5569155695848167e-05,1.6105057511595078e-05,0.9999999403953552,2.7827393296320224e-06,0.002271676668897271,0.00075436633778736,-0.0027912799268960953,0.0004054473538417369,-0.0003252193855587393,-8.807150152279064e-05,0.002270858734846115,-0.0007546943961642683,0.0027918568812310696,0.0005144689930602908,0.0006533126579597592,8.822370000416413e-05,-5.185604095458984e-06,-5.694037099601701e-07,0.02499999850988388,0.0040253265760838985,0.004038239363580942,4.88545629195869e-06,6.927846698090434e-06,0.0,1320,3.8583333333333334
14.866666666450328,retreat,14.866667442023754,0.45264319723581536,1.0282523930072798,0.4788041114807129,0.025181878299918026,0.0,0.004844443537876941,0.06852804166478502,0.0,0.0,0.0,0.0,74,0.009456188417971134,0.0006791852647438645,0.00945618562400341,0.0011939601972699165,0.0,-1.0282523930072798,0.0,0.0,0.0,0.0,0.0,0.0,4.5519125706050545e-05,-0.00011016589269274846,-4.882654593529878e-06,0.9999998807907104,0.0020255986601114273,-0.006372927688062191,0.009858052246272564,0.4955280125141144,-0.1388341784477234,-0.0859740674495697,-0.48864099383354187,0.5192860960960388,0.49959230422973633,-2.018134832382202,-0.3806024491786957,2.447225570678711,1.0376042127609253,-0.0021392495837062597,-0.015525116585195065,0.004101145081222057,-0.0013415407156571746,0.013871974311769009,-0.01190565899014473,-0.009568003006279469,0.6004778742790222,1.838617208704818e-05,0.10636720061302185,-1.0833128726517316e-05,0.9999999403953552,-6.448105705203488e-05,0.00013584549014922231,-7.84870826464612e-06,-6.093371666793246e-06,0.03239544481039047,2.567942465248052e-05,1.8962453395943157e-05,0.9999998211860657,-5.949555088591296e-06,0.0014152780640870333,0.009277541190385818,-0.0011591885704547167,-0.0004084942920599133,-0.0005406826385296881,-4.5687233068747446e-05,0.0014137666439637542,-0.00927774515002966,0.0011593715753406286,0.000931875198148191,0.0007450124248862267,4.589242234942503e-05,-5.4836273193359375e-06,-2.4388282326981425e-07,0.02499999850988388,0.004025332164019346,0.0040382626466453075,-0.0002999227144755423,-0.0004253704100847244,0.0,1320,3.8666666666666667
14.87499999978354,retreat,14.875000775791705,0.3927482187039786,0.964654237031938,0.4845857620239258,0.02571064578660298,0.0,0.0048632036850904115,0.0,0.0,0.0,0.0,0.0,80,0.009412363171577454,0.000927058223169297,0.009412363171577454,0.0016722247237339616,0.0,-0.964654237031938,0.0,0.0,0.0,0.0,0.0,0.0,5.366498953662813e-05,-0.00011554788216017187,-1.1993937732768245e-05,1.0,0.0019265215378254652,-0.0007147492142394185,0.01050544809550047,-0.09890896826982498,-0.13621129095554352,-0.08229610323905945,-0.4886581599712372,0.5191602110862732,0.4996267259120941,-2.018134832382202,-0.38048791885375977,2.447134017944336,1.0375350713729858,-0.002107477281242609,-0.015522501431405544,0.004036696162074804,-0.0012201102217659354,0.013696261681616306,-0.012185540981590748,-0.009496585465967655,0.6004834175109863,1.907304977066815e-05,0.10643068701028824,-1.2864024938608054e-05,1.0,-6.758944073226303e-05,0.00014203833416104317,-8.011508725758176e-06,-5.803665771964006e-06,0.032395340502262115,2.6490575692150742e-05,1.3924229278927669e-05,1.0,-8.698945066498709e-07,0.0004249599587637931,-0.009042062796652317,-0.002579357707872987,-4.363714106148109e-05,-0.0009183271322399378,-0.00011919759708689526,0.00042544948519207537,0.009041938930749893,0.0025797109119594097,-0.0013498271582648158,0.0009798782411962748,0.00011891430767718703,-5.781650543212891e-06,-5.993861122988164e-07,0.02499999850988388,0.004025323316454887,0.004038342274725437,4.885293492407072e-06,6.929156370460987e-06,0.0,1320,3.875
14.883333333116752,retreat,14.883334109559655,0.33292566476642804,0.9010411798954023,0.49054622650146484,0.026342609999119304,0.0,0.004782438736583572,0.0,0.0,0.0,0.0,0.0,100,0.002194560132920742,0.0006427752668969333,0.002194560132920742,0.0005934888613410294,0.0,-0.9010411798954023,0.0,0.0,0.0,0.0,0.0,0.0,5.2842675358988345e-05,-0.00012157131277490407,-9.433101695321966e-06,1.0,0.0019805855117738247,-0.00032996133086271584,0.01065573189407587,-0.05908283591270447,-0.13878577947616577,-0.08464241027832031,-0.4886753261089325,0.5190343260765076,0.4996611475944519,-2.018134832382202,-0.38037338852882385,2.447042465209961,1.037465214729309,-0.0021211865823715925,-0.015506209805607796,0.004073478747159243,-0.0011554532684385777,0.013776438310742378,-0.012297132052481174,-0.009567629545927048,0.6004889607429504,1.9679089746205136e-05,0.10649419575929642,-1.4775151612411719e-05,1.0,-7.007855310803279e-05,0.00014812320296186954,-7.988513971213251e-06,-5.705784587917151e-06,0.03239523619413376,2.6551762857707217e-05,1.723626883176621e-05,1.0,-5.34135097041144e-06,0.0008722031489014626,-0.0014368530828505754,-0.0014109602198004723,0.0005158171989023685,-0.00037403841270133853,-8.47815244924277e-05,0.0008719864999875426,0.0014366891700774431,0.0014112611534073949,0.0003082773764617741,0.0004999853554181755,8.490408799843863e-05,-6.079673767089844e-06,-4.713347152573988e-07,0.02499999850988388,0.0040253158658742905,0.004038356244564056,4.894512130704243e-06,6.94187474437058e-06,0.0,1320,3.8833333333333333
14.891666666449964,retreat,14.891667443327606,0.2731765010844249,0.8374430239200605,0.4964470863342285,0.026887242711381987,0.019782341029446364,0.0046401241888816,0.055952909680744456,0.0,0.0,0.0,0.0,98,0.0012097007129341364,0.000611545518040657,0.001209700247272849,0.0005713318241760135,0.0,-0.8388216749626414,0.0,0.0,0.0,0.0,0.0,0.0,5.7296045270049945e-05,-0.0001271666114917025,-7.0797627813590225e-06,0.9999999403953552,0.0019729118794202805,0.00017279223538935184,0.01028827577829361,0.001701356959529221,-0.13712410628795624,-0.08405525237321854,-0.4886924922466278,0.5189084410667419,0.4996955692768097,-2.018134832382202,-0.38025885820388794,2.446950912475586,1.037392258644104,-0.0021318502258509398,-0.015495667234063148,0.004099795129150152,-0.0011008044239133596,0.013809624128043652,-0.01242960337549448,-0.00960184633731842,0.6004944443702698,2.0475823475862853e-05,0.1065576821565628,-1.6863010387169197e-05,0.9999999403953552,-7.121358066797256e-05,0.00015427317703142762,-7.969674697960727e-06,-5.318436706147622e-06,0.03239511698484421,2.7106099878437817e-05,1.391858222632436e-05,0.9999998807907104,-9.78302432486089e-06,0.00014290594845078886,-0.0011939811520278454,0.00013176722859498113,0.0002894172794185579,-0.0005350862629711628,-6.25161555944942e-05,0.00014311664563138038,0.0011939648538827896,-0.00013168281293474138,0.0001169880706584081,0.0005557134281843901,6.258123903535306e-05,-6.377696990966797e-06,-3.536242729751393e-07,0.02499999850988388,0.004025307483971119,0.004038422368466854,4.9044665502151474e-06,6.959919119253755e-06,0.0,1320,3.8916666666666666
14.899999999783176,retreat,14.900000777095556,0.21350169331921975,0.7739715278148664,0.5020499229431152,0.027977657737210393,0.019782341029446364,0.0047893054215819575,0.0,0.0,0.0,0.0,0.0,89,0.0008150190697051585,0.0006016847910359502,0.0008150190697051585,0.0005210722447372973,0.0,-0.7753501788574473,0.0,0.0,0.0,0.0,0.0,0.0,5.5951277317944914e-05,-0.0001314117107540369,-1.0090455361932982e-05,1.0,0.0019398982403799891,0.00046651458251290023,0.010277275927364826,0.026676064357161522,-0.1370076686143875,-0.083011694252491,-0.4887096583843231,0.5187825560569763,0.4997299909591675,-2.018134832382202,-0.380144327878952,2.446859359741211,1.0373109579086304,-0.0021404100116342306,-0.015486656688153744,0.004119745921343565,-0.0010637723607942462,0.013835596852004528,-0.012548072263598442,-0.00962162110954523,0.6004997491836548,2.1234058294794522e-05,0.10662123560905457,-1.8934089894173667e-05,1.0,-6.822738941991702e-05,0.00016021654300857335,-8.05675153969787e-06,-5.516461897059344e-06,0.03239520639181137,2.8804484827560373e-05,1.22769824884017e-05,1.0,-8.843627256283071e-06,-0.00039224603096954525,-0.0006953615229576826,-0.00016392511315643787,0.00019583426183089614,-0.0005688020610250533,-1.1738278772099875e-05,-0.00039220365579240024,0.0006954088457860053,0.00016382579633500427,9.544323256704956e-05,0.0005121208960190415,1.179169885290321e-05,-6.556510925292969e-06,-5.041547410655767e-07,0.02499999850988388,0.004025297239422798,0.004038543440401554,5.2653822422144e-06,7.4696727097034454e-06,0.0,1320,3.9
14.908333333116389,retreat,14.908334110863507,0.1539022071320737,0.7104329764843,0.507652759552002,0.028982529329368845,0.019782341029446364,0.005291292836773209,0.03956468118525214,0.0,0.0,0.0,0.0,95,0.0006902338936924934,0.0005643250187858939,0.0006902339519001544,0.00046893215039744973,0.0,-0.7118116275268809,0.0,0.0,0.0,0.0,0.0,0.0,5.293208232615143e-05,-0.00013735071115661412,-1.3410543942882214e-05,0.9999999403953552,0.001933361287228763,0.0004917037440463901,0.010348292998969555,0.02797689102590084,-0.13751862943172455,-0.08427444845438004,-0.48872682452201843,0.5186566710472107,0.49976441264152527,-2.018134832382202,-0.3800297975540161,2.446767807006836,1.0372340679168701,-0.0021477395202964544,-0.01547974906861782,0.004135187715291977,-0.001043611322529614,0.013856769539415836,-0.012645156122744083,-0.009610849432647228,0.6005054116249084,2.188986400142312e-05,0.10668482631444931,-2.113243863277603e-05,1.0,-6.749249587301165e-05,0.00016658839012961835,-8.529237675247714e-06,-5.723060894524679e-06,0.03239525854587555,2.923745705629699e-05,1.456108111597132e-05,0.9999999403953552,-7.721437214058824e-06,-0.0006735556526109576,-0.0001475675671827048,3.113583807135001e-05,0.00011530276970006526,-0.0005322029464878142,0.00014808120613452047,-0.0006735253264196217,0.00014765981177333742,-3.1354011298390105e-05,9.409245103597641e-05,0.00043489065137691796,-0.0001480341306887567,-6.854534149169922e-06,-6.701629899907857e-07,0.02499999850988388,0.004025289323180914,0.004038562998175621,5.30641636942164e-06,7.523311069235206e-06,0.0,1320,3.908333333333333
14.9166666664496,retreat,14.916667444631457,0.09437900818424438,0.6469093263149275,0.5135536193847656,0.029872900995542295,0.019782341029446364,0.005216049885348184,0.03956468118525214,0.0,0.0,0.0,0.0,82,0.0010627275332808495,0.0005371815641410649,0.0010627275332808495,0.00041615148074924946,0.0,-0.6482879773575083,0.0,0.0,0.0,0.0,0.0,0.0,5.346336547518149e-05,-0.00014441250823438168,-1.6400119420723058e-05,1.0,0.0020383435767143965,0.0004606247239280492,0.010318692773580551,0.026300042867660522,-0.14411823451519012,-0.09010209888219833,-0.48874399065971375,0.5185307860374451,0.49979883432388306,-2.018134832382202,-0.3799152672290802,2.446676254272461,1.0371555089950562,-0.002154982415959239,-0.015476197004318237,0.004146368708461523,-0.0010388013906776905,0.013870221562683582,-0.012734082527458668,-0.009618014097213745,0.6005108952522278,2.2850434106658213e-05,0.1067483127117157,-2.330935421923641e-05,0.9999998807907104,-6.571078847628087e-05,0.00017281656619161367,-8.515475201420486e-06,-5.511857125384267e-06,0.03239520639181137,2.8403921533026733e-05,1.2247958693478722e-05,0.9999999403953552,-6.9089719545445405e-06,-0.0008555590757168829,8.615301339887083e-05,0.0006244885735213757,5.308787149260752e-05,-0.0005345495301298797,-1.5824261936359107e-06,-0.0008553544757887721,-8.60114669194445e-05,-0.0006247882847674191,6.55909680062905e-05,0.00041094678454101086,1.6187938172151917e-06,-7.212162017822266e-06,-8.19620254333131e-07,0.02499999850988388,0.004025282338261604,0.0040386333130300045,5.267052074486855e-06,7.4668205343186855e-06,0.0,1320,3.9166666666666665
14.924999999782813,retreat,14.925000778399408,0.034933062136989435,0.5834974348545088,0.5192160606384277,0.03101478432654403,0.019782341029446364,0.0054325196288118605,0.0,0.0,0.0,0.0,0.0,82,0.0016067078104242682,0.0005054731154814363,0.00160670792683959,0.0003296671202406287,0.0,-0.5848760858970896,0.0,0.0,0.0,0.0,0.0,0.0,4.84717202198226e-05,-0.00014928675955161452,-1.9279843399999663e-05,1.0,0.0020370346028357744,0.000407951301895082,0.010269241407513618,0.021833643317222595,-0.14469647407531738,-0.09110085666179657,-0.48876118659973145,0.5184049010276794,0.49983325600624084,-2.018134832382202,-0.3798007369041443,2.446584701538086,1.0370804071426392,-0.002159748924896121,-0.015474969521164894,0.004149883985519409,-0.0010472951689735055,0.01387416198849678,-0.012799493968486786,-0.009604074992239475,0.6005163192749023,2.3512329789809883e-05,0.10681172460317612,-2.5230185201507993e-05,0.9999999403953552,-6.553671846631914e-05,0.000178650559973903,-8.655095371068455e-06,-5.867402251169551e-06,0.03239521384239197,2.936385862994939e-05,1.706532566458918e-05,1.0,-5.949218120804289e-06,-0.0012816449161618948,0.00022739623091183603,0.0009419061825610697,2.5872179321595468e-05,-0.0004965892294421792,9.073503315448761e-05,-0.001281338045373559,-0.00022718073159921914,-0.0009423756273463368,5.8802015701076016e-05,0.0003114399150945246,-9.070782107301056e-05,-7.450580596923828e-06,-9.636296454118565e-07,0.02499999850988388,0.004025275353342295,0.004038649145513773,5.198230155656347e-06,7.374124834313989e-06,0.0,1320,3.925
14.933333333116025,retreat,14.933334112167358,-0.024434665348433526,0.5201973021030439,0.5248785018920898,0.03182799264322966,0.019782341029446364,0.005493197477335343,0.03956468118525214,0.0,0.0,0.0,0.0,79,0.001970417331904173,0.0004942923551425338,0.0019704175647348166,0.00027706543914973736,0.0,-0.5215759531456248,0.0,0.0,0.0,0.0,0.0,0.0,5.394902473199181e-05,-0.00015539387823082507,-2.139402204193175e-05,1.0,0.002061343053355813,0.00036312287556938827,0.010256119072437286,0.019318539649248123,-0.1473168432712555,-0.09252040088176727,-0.48877838253974915,0.5182790160179138,0.49986767768859863,-2.018134832382202,-0.3796862065792084,2.446493148803711,1.0370051860809326,-0.002163895405828953,-0.015476045198738575,0.004148848354816437,-0.0010694990633055568,0.013877036981284618,-0.012851807288825512,-0.009606009349226952,0.6005216836929321,2.4343164113815874e-05,0.10687504708766937,-2.7497349947225302e-05,0.9999998807907104,-6.583396316273138e-05,0.00018486804037820548,-8.75990644999547e-06,-5.7028946685022675e-06,0.03239522874355316,2.947408393083606e-05,1.1885264029842801e-05,0.9999999403953552,-6.103073246777058e-06,-0.0015508271753787994,0.00027383663109503686,0.0011842690873891115,2.3112414055503905e-05,-0.0004935552133247256,-1.3927699001214933e-05,-0.0015504253096878529,-0.00027356736245565116,-0.0011848575668409467,6.27096596872434e-05,0.00026951442123390734,1.3954456335341092e-05,-7.748603820800781e-06,-1.0692820069380105e-06,0.02499999850988388,0.004025268834084272,0.004038701299577951,5.140034772921354e-06,7.2921684477478266e-06,0.0,1320,3.933333333333333
14.941666666449237,retreat,14.941667445935309,-0.08372320861077398,0.457008928060533,0.5304813385009766,0.032829124393174425,0.019782341029446364,0.0060368220147211105,0.0,0.0,0.0,0.0,0.0,75,0.0023613148368895054,0.0004858896427322179,0.002361314371228218,0.00022627365251537412,0.0,-0.4583875791031138,0.0,0.0,0.0,0.0,0.0,0.0,5.394902473199181e-05,-0.00016187631990760565,-2.370966467424296e-05,1.0,0.0020580352284014225,0.0002891714684665203,0.010270636528730392,0.01418990921229124,-0.14870762825012207,-0.09212175756692886,-0.48879557847976685,0.5181531310081482,0.4999020993709564,-2.018134832382202,-0.37957167625427246,2.446401596069336,1.0369313955307007,-0.0021669319830834866,-0.01547905895859003,0.0041430313140153885,-0.0011036517098546028,0.013876533135771751,-0.012889739125967026,-0.009603201411664486,0.6005272269248962,2.476457848388236e-05,0.10693866014480591,-2.9572118364740163e-05,0.9999999403953552,-6.681487138848752e-05,0.00019085174426436424,-9.088232218346093e-06,-6.1481377997552045e-06,0.03239566087722778,2.8975438908673823e-05,1.2866123142885044e-05,1.0,-5.861940280738054e-06,-0.0018637474859133363,0.0003895362315233797,0.0013966080732643604,9.286548447562382e-06,-0.00048580035218037665,-7.336311682593077e-07,-0.0018632663413882256,-0.0003892045351676643,-0.0013973419554531574,6.559877510881051e-05,0.00021655482123605907,7.564817110505828e-07,-8.106231689453125e-06,-1.1850461305584759e-06,0.02499999850988388,0.004025263246148825,0.004038787446916103,5.044549652666319e-06,7.158640073612332e-06,0.0,1320,3.9416666666666664
14.949999999782449,retreat,14.95000077970326,-0.1429316019887672,0.3935374319553389,0.5359649658203125,0.033369789889547974,0.019782341029446364,0.00622246761849965,0.03956468118525214,0.0,0.0,0.0,0.0,89,0.002709458116441965,0.0004805531643796712,0.002709458116441965,0.0002025149151450023,0.0,-0.3949160829979197,0.0,0.0,0.0,0.0,0.0,0.0,5.258144665276632e-05,-0.00016553353634662926,-2.5585610273992643e-05,1.0,0.0021250254940241575,0.00026934011839330196,0.01024542935192585,0.012990083545446396,-0.1540113240480423,-0.09596032649278641,-0.48881277441978455,0.5180272459983826,0.4999365210533142,-2.018134832382202,-0.37945714592933655,2.446310043334961,1.036856770515442,-0.0021695070900022984,-0.015484369359910488,0.004133567679673433,-0.0011503073619678617,0.013875430449843407,-0.012917363084852695,-0.00960531085729599,0.6005326509475708,2.5633273253333755e-05,0.10700207203626633,-3.157630271743983e-05,0.9999998807907104,-6.67865460854955e-05,0.00019709824118763208,-9.433269951841794e-06,-5.690239049727097e-06,0.03239559382200241,3.1564788514515385e-05,1.4205299521563575e-05,0.9999999403953552,-5.9900035012105945e-06,-0.0020203294698148966,0.0003018585266545415,0.0017799754859879613,2.6599531338433735e-05,-0.0004785271594300866,-3.515059142955579e-05,-0.002019667997956276,-0.0003014763060491532,-0.0017807908589020371,7.022921636234969e-05,0.00018666230607777834,3.517571894917637e-05,-8.285045623779297e-06,-1.2788441381417215e-06,0.02499999850988388,0.004025259520858526,0.004038831684738398,5.02307102578925e-06,7.121532689779997e-06,0.0,1320,3.9499999999999997
14.958333333115661,retreat,14.95833411347121,-0.20205887982116622,0.33029690384864946,0.5415678024291992,0.034369284549029544,0.019782341029446364,0.006403632596629905,0.06852804166478502,0.0,0.0,0.0,0.0,77,0.0030570290982723236,0.00046049788943491876,0.003057029563933611,0.0001541399979032576,0.0,-0.33167555489123024,0.0,0.0,0.0,0.0,0.0,0.0,5.3014497098047286e-05,-0.00017203997413162142,-2.771522667899262e-05,0.9999999403953552,0.002183295553550124,0.00025191850727424026,0.010211889632046223,0.012179514393210411,-0.15887844562530518,-0.09998787939548492,-0.48882994055747986,0.5179013609886169,0.499970942735672,-2.018134832382202,-0.37934261560440063,2.446218490600586,1.0367830991744995,-0.0021712889429181814,-0.015491506084799767,0.004119731951504946,-0.0012078341096639633,0.013871745206415653,-0.01293078064918518,-0.0095975948497653,0.6005379557609558,2.6332669222028926e-05,0.10706553608179092,-3.3717351470841095e-05,0.9999998807907104,-6.779991963412613e-05,0.00020299597235862166,-9.517503713141195e-06,-5.851610694662668e-06,0.03239581733942032,3.095609645242803e-05,1.4785596249566879e-05,0.9999998211860657,-6.001219389872858e-06,-0.002252536825835705,0.00034381909063085914,0.002037963131442666,2.4444705559290014e-05,-0.00045956188114359975,1.6237429008469917e-05,-0.0022517559118568897,-0.00034337627585045993,-0.002038900973275304,7.415187428705394e-05,0.0001341555907856673,-1.62147462106077e-05,-8.58306884765625e-06,-1.3853059499524534e-06,0.02499999850988388,0.004025255795568228,0.0040388936176896095,5.005972070648568e-06,7.102644303813577e-06,0.0,1320,3.9583333333333335
14.966666666448873,retreat,14.96666744723916,-0.26110407644670275,0.2670191228389754,0.5470514297485352,0.03518875382724218,0.019782341029446364,0.00688528189130011,0.055952909680744456,0.0,0.0,0.0,0.0,74,0.003424042835831642,0.0004495074681472033,0.003424042835831642,0.00012263368989806622,0.0,-0.26839777388155617,0.0,0.0,0.0,0.0,0.0,0.0,5.2790062909480184e-05,-0.00017844117246568203,-2.962213875434827e-05,0.9999999403953552,0.00218169204890728,0.00024370057508349419,0.010186165571212769,0.012011606246232986,-0.16052968800067902,-0.10171958059072495,-0.48884710669517517,0.5177754759788513,0.5000053644180298,-2.018134832382202,-0.3792280852794647,2.446126699447632,1.0367096662521362,-0.0021717092022299767,-0.015499979257583618,0.0041013602167367935,-0.0012753112241625786,0.013866175897419453,-0.012928914278745651,-0.009599051438272,0.6005434393882751,2.710217268031556e-05,0.10712919384241104,-3.573727371986024e-05,0.9999999403953552,-6.857469998067245e-05,0.00020917566143907607,-9.918063369696029e-06,-5.770643838332035e-06,0.03239620476961136,3.073463813052513e-05,1.5784800780238584e-05,0.9999998807907104,-6.11393943472649e-06,-0.0025583680253475904,0.00036639656173065305,0.0022460133768618107,3.0363349651452154e-05,-0.0004459444317035377,-4.7629870095988736e-05,-0.002557478379458189,-0.0003658852365333587,-0.002247109543532133,8.329914999194443e-05,7.635168731212616e-05,4.7651774366386235e-05,-8.940696716308594e-06,-1.4806355466134846e-06,0.02499999850988388,0.0040252539329230785,0.004038957413285971,5.001757472200552e-06,7.094989996403456e-06,0.0,1320,3.966666666666667
14.974999999782085,retreat,14.975000781007111,-0.3200662262041192,0.20356997847557207,0.5525350570678711,0.03608399856602773,0.019782341029446364,0.007075425401126267,0.055952909680744456,0.0,0.0,0.0,0.0,70,0.0037046074867248535,0.00046106267836876214,0.003704607719555497,0.00011471357720438391,0.0,-0.20494862951815282,0.0,0.0,0.0,0.0,0.0,0.0,5.5898664868436754e-05,-0.00018283801910001785,-3.206953624612652e-05,0.9999999403953552,0.0022733050864189863,0.00023831744329072535,0.010154906660318375,0.012051854282617569,-0.16768546402454376,-0.10701655596494675,-0.4888642728328705,0.5176495909690857,0.5000396966934204,-2.018134832382202,-0.3791135549545288,2.4460346698760986,1.0366369485855103,-0.002171982079744339,-0.015510231256484985,0.004080137237906456,-0.0013531279982998967,0.013861102052032948,-0.012923003174364567,-0.009595312178134918,0.6005487442016602,2.777954978228081e-05,0.10719262808561325,-3.792508505284786e-05,0.9999998807907104,-6.969872629269958e-05,0.00021501486480701715,-1.0117615602212027e-05,-5.846750354976393e-06,0.03239618241786957,3.2176954846363515e-05,1.3800092347082682e-05,0.9999998807907104,-5.854821210959926e-06,-0.002668441738933325,0.0003962322371080518,0.002539002802222967,2.8699283575406298e-05,-0.00045991913066245615,-1.5150377294048667e-05,-0.002667404944077134,-0.0003956677974201739,-0.0025401802267879248,8.596054976806045e-05,7.442955393344164e-05,1.5173366591625381e-05,-9.119510650634766e-06,-1.6029662219807506e-06,0.02499999850988388,0.0040252553299069405,0.00403898861259222,5.00082296639448e-06,7.092778105288744e-06,0.0,1320,3.975
14.983333333115297,retreat,14.983334114775062,-0.37894436343216853,0.14038160443306108,0.5578994750976562,0.036850819014944136,0.019782341029446364,0.007414917035930557,0.03956468118525214,0.0,0.0,0.0,0.0,69,0.0040177153423428535,0.00042642580228857696,0.0040177153423428535,9.854877862380818e-05,0.0,-0.14176025547564183,0.0,0.0,0.0,0.0,0.0,0.0,5.1438302762107924e-05,-0.00018869878840632737,-3.403221126063727e-05,1.0,0.002280926564708352,0.00023363959917332977,0.010127061046659946,0.012626174837350845,-0.17011819779872894,-0.10890308022499084,-0.4888814687728882,0.5175237059593201,0.500074028968811,-2.018134832382202,-0.3789990246295929,2.4459426403045654,1.0365643501281738,-0.0021708733402192593,-0.015521544963121414,0.004054717253893614,-0.0014398335479199886,0.013853558339178562,-0.012898245826363564,-0.009594716131687164,0.6005541086196899,2.8826600100728683e-05,0.1072559729218483,-3.998413012595847e-05,0.9999998807907104,-7.09792147972621e-05,0.00022094615269452333,-1.0501956239750143e-05,-5.433062142401468e-06,0.0323963388800621,3.224773536203429e-05,1.9540944776963443e-05,0.9999999403953552,-5.949897513346514e-06,-0.002944647567346692,0.00041186052840203047,0.0027021209243685007,2.9063503461657092e-05,-0.0004232391656842083,-4.316106060286984e-05,-0.002943511586636305,-0.00041122647235170007,-0.0027034548111259937,8.855920168571174e-05,-2.154032699763775e-06,4.317973798606545e-05,-9.417533874511719e-06,-1.7011261661536992e-06,0.02499999850988388,0.0040252553299069405,0.00403898349031806,5.00127407576656e-06,7.0914102252572775e-06,0.0,1320,3.9833333333333334
14.99166666644851,retreat,14.991667448543012,-0.437737522469579,0.07728263735771318,0.563204288482666,0.0380026685888879,0.019782341029446364,0.007916375579952728,0.055952909680744456,0.0,0.0,0.0,0.0,65,0.004287217743694782,0.0004342180909588933,0.004287217743694782,9.664124809205532e-05,0.0,-0.07866128840029393,0.0,0.0,0.0,0.0,0.0,0.0,5.435926505015232e-05,-0.000193648345884867,-3.6041201383341104e-05,0.9999999403953552,0.0023312896955758333,0.000229778845096007,0.010093470104038715,0.012503529898822308,-0.17515484988689423,-0.11284603178501129,-0.4888986647129059,0.5173978209495544,0.5001083612442017,-2.018134832382202,-0.378884494304657,2.4458506107330322,1.036492109298706,-0.0021691087167710066,-0.015534428879618645,0.004025666508823633,-0.0015347471926361322,0.013843393884599209,-0.012868810445070267,-0.009591750800609589,0.600559413433075,2.952865179395303e-05,0.10731936246156693,-4.2150313674937934e-05,0.9999998807907104,-7.25534773664549e-05,0.00022682486451230943,-1.0883060895139351e-05,-5.7424431361141615e-06,0.03239662945270538,3.317686423542909e-05,1.8194197764387354e-05,0.9999998807907104,-6.1073833421687596e-06,-0.0030842681881040335,0.0004923476953990757,0.002936855424195528,1.600604628038127e-05,-0.0004321151354815811,-3.956843283958733e-05,-0.0030830069445073605,-0.0004916526959277689,-0.002938296180218458,8.71313241077587e-05,-1.3445765944197774e-05,3.958376692025922e-05,-9.655952453613281e-06,-1.8015343812294304e-06,0.02499999850988388,0.004025256261229515,0.004039048217236996,5.004063496016897e-06,7.097434718161821e-06,0.0,1320,3.9916666666666667
14.999999999781721,retreat,15.000000782310963,-0.49644473765511066,0.014176219701768356,0.5685687065124512,0.03879388532368466,0.019782341029446364,0.008041254659474362,0.03956468118525214,0.0,0.0,0.0,0.0,63,0.004504489246755838,0.0004186228907201439,0.004504489246755838,0.00011819232167908922,0.0,-0.015554870744349109,0.0,0.0,0.0,0.0,0.0,0.0,5.437508298200555e-05,-0.00019939543562941253,-3.783563442993909e-05,1.0,0.002405228093266487,0.00022568111307919025,0.01005570963025093,0.01300794817507267,-0.1815759241580963,-0.11752045899629593,-0.4889158606529236,0.5172719359397888,0.5001426935195923,-2.018134832382202,-0.37876996397972107,2.445758581161499,1.0364198684692383,-0.0021668518893420696,-0.015548468567430973,0.003993971738964319,-0.0016378287691622972,0.013833342120051384,-0.012829202227294445,-0.009591665118932724,0.6005644798278809,3.0213506761356257e-05,0.1073826402425766,-4.413381975609809e-05,0.9999998807907104,-7.400083995889872e-05,0.00023252192477229983,-1.0954276149277575e-05,-5.720280569221359e-06,0.03239680081605911,3.312688204459846e-05,1.962576607184019e-05,0.9999999403953552,-6.29607166047208e-06,-0.0031970252748578787,0.0005023910198360682,0.0031332180369645357,2.0123970898566768e-05,-0.00041438679909333587,-5.5890381190693006e-05,-0.0031956422608345747,-0.0005016414215788245,-0.0031347491312772036,9.268822032026947e-05,-4.7464651288464665e-05,5.590550790657289e-05,-9.953975677490234e-06,-1.891239662654698e-06,0.02499999850988388,0.004025257658213377,0.004039078950881958,5.006233095627977e-06,7.099326467141509e-06,0.0,1320,4.0
15.008333333114933,retreat,15.008334116078913,-0.5550650433274882,-0.04884079098701338,0.5737543106079102,0.03956332875532098,0.019782341029446364,0.008831082595861517,0.055952909680744456,0.0,0.0,0.0,0.0,75,0.004759426228702068,0.00039505839231424034,0.004759426694363356,0.00015250503201968968,0.0,0.04746213994443263,0.0,0.0,0.0,0.0,0.0,0.0,5.914928624406457e-05,-0.00020521135593298823,-3.971160185756162e-05,0.9999999403953552,0.00241487636230886,0.0002195649140048772,0.010019853711128235,0.012878593988716602,-0.18434223532676697,-0.11968103051185608,-0.4889330267906189,0.5171460509300232,0.5001770257949829,-2.018134832382202,-0.37865543365478516,2.445666790008545,1.0363476276397705,-0.002163390861824155,-0.015563102439045906,0.003958981484174728,-0.001747680944390595,0.013822187669575214,-0.012775632552802563,-0.009589157998561859,0.6005699038505554,3.084856871282682e-05,0.10744621604681015,-4.6183406084310263e-05,0.9999998807907104,-7.552254101028666e-05,0.00023854206665419042,-1.15830607683165e-05,-5.721733941754792e-06,0.03239735960960388,3.3330998121527955e-05,1.63732602231903e-05,0.9999998807907104,-6.470412699854933e-06,-0.0034165603574365377,0.0005111672799102962,0.0032738298177719116,2.9189030101406388e-05,-0.0003912170650437474,-4.65655502921436e-05,-0.0034150753635913134,-0.0005103489966131747,-0.0032755068968981504,0.00010301761358277872,-0.0001023497898131609,4.657979297917336e-05,-1.0251998901367188e-05,-1.984972186619416e-06,0.02499999850988388,0.0040252613835036755,0.004039100371301174,5.006079845770728e-06,7.10127642378211e-06,0.0,1320,4.008333333333333
15.016666666448145,retreat,15.016667449846864,-0.6135974738254752,-0.11209622025489668,0.5791187286376953,0.04027772229164839,0.027976455118293345,0.009142730050371028,0.03956468118525214,0.0,0.0,0.0,0.0,77,0.004969102796167135,0.0004223922733217478,0.004969101864844561,0.00014023813128005713,0.0,0.11014651328175237,0.0,0.0,0.0,0.0,0.0,0.0,6.242271774681285e-05,-0.0002104585582856089,-4.151648681727238e-05,1.0,0.0025329289492219687,0.00021281035151332617,0.009977579116821289,0.012745354324579239,-0.1934850811958313,-0.12636658549308777,-0.4889501929283142,0.5170201659202576,0.5002113580703735,-2.018134832382202,-0.37854090332984924,2.4455747604370117,1.0362753868103027,-0.002160107484087348,-0.015578946098685265,0.003922652918845415,-0.0018651011632755399,0.013811551965773106,-0.0127236507833004,-0.00958709791302681,0.6005751490592957,3.1386134651256725e-05,0.10750964283943176,-4.8284931835951284e-05,0.9999998807907104,-7.708343036938459e-05,0.0002444166166242212,-1.184461416414706e-05,-5.762351975135971e-06,0.03239753097295761,3.395826934138313e-05,1.4660733540949877e-05,0.9999999403953552,-6.767479135305621e-06,-0.0034630477894097567,0.0005321851931512356,0.003523643594235182,2.4893055524444208e-05,-0.00041853124275803566,-5.125586176291108e-05,-0.003461407031863928,-0.0005313109722919762,-0.0035253858659416437,0.00010175969509873539,-8.174922550097108e-05,5.1271443226141855e-05,-1.055002212524414e-05,-2.0751685951836407e-06,0.02499999850988388,0.004025265108793974,0.0040391297079622746,5.002934358344646e-06,7.097405614331365e-06,0.0,1320,4.016666666666667
15.024999999781357,retreat,15.025000783614814,-0.6720410634878036,-0.1752324402332292,0.5843639373779297,0.04091480514034629,0.027976455118293345,0.009650181709730532,0.03956468118525214,0.0,0.0,0.0,0.0,72,0.0052068498916924,0.0003910011728294194,0.0052068498916924,0.00018873412045650184,0.0,0.1732827332600849,0.0,0.0,0.0,0.0,0.0,0.0,5.732584759243764e-05,-0.00021524135081563145,-4.3445517803775147e-05,0.9999999403953552,0.0025802350137382746,0.00020853964088018984,0.009934096597135067,0.013294595293700695,-0.19856934249401093,-0.12987494468688965,-0.4889673590660095,0.5168942809104919,0.5002456903457642,-2.018134832382202,-0.37842637300491333,2.4454832077026367,1.0362032651901245,-0.002155734458938241,-0.015595156699419022,0.0038834712468087673,-0.0019891124684363604,0.013799820095300674,-0.012655992992222309,-0.009585203602910042,0.6005805134773254,3.2283205655403435e-05,0.1075730100274086,-5.036672155256383e-05,0.9999999403953552,-7.841175829526037e-05,0.000250388344284147,-1.2350846191111486e-05,-5.3673929869546555e-06,0.03239776939153671,3.514753916533664e-05,2.108586886606645e-05,0.9999999403953552,-6.918677172507159e-06,-0.0036692777648568153,0.0005097096436657012,0.0036589456722140312,3.442223169258796e-05,-0.0003855371614918113,-5.530029011424631e-05,-0.003667525015771389,-0.0005087656900286674,-0.003660833463072777,0.00010802863835124299,-0.00014453634503297508,5.531385977519676e-05,-1.0788440704345703e-05,-2.1716587070841342e-06,0.02499999850988388,0.004025270231068134,0.004039175342768431,5.002654688723851e-06,7.0969108492136e-06,0.0,1320,4.025
15.03333333311457,retreat,15.033334117382765,-0.7303948466532049,-0.2382643520832048,0.5896091461181641,0.041886811231961474,0.027976455118293345,0.01028276892611757,0.055952909680744456,0.0,0.0,0.0,0.0,69,0.005434216000139713,0.00040434146649204195,0.005434214603155851,0.00018178977188654244,0.0,0.23631464511006048,0.0,0.0,0.0,0.0,0.0,0.0,6.020302316755988e-05,-0.0002207340148743242,-4.529833313426934e-05,0.9999999403953552,0.0026542353443801403,0.00020446603593882173,0.0098892105743289,0.013498636893928051,-0.20528800785541534,-0.1347549706697464,-0.48898452520370483,0.5167683959007263,0.5002800226211548,-2.018134832382202,-0.3783118426799774,2.4453916549682617,1.0361316204071045,-0.0021506359335035086,-0.015612361952662468,0.0038413999136537313,-0.0021190568804740906,0.013785156421363354,-0.01258629560470581,-0.009578710421919823,0.6005858182907104,3.318444578326307e-05,0.10763656347990036,-5.259265526547097e-05,0.9999998807907104,-8.029417222132906e-05,0.00025666187866590917,-1.2817241440643556e-05,-5.293816684570629e-06,0.0323982834815979,3.5928333090851083e-05,2.009113995882217e-05,0.9999998807907104,-7.292054306162754e-06,-0.003798786085098982,0.0005741843488067389,0.0038432066794484854,1.6266458260361105e-05,-0.00040196371264755726,-4.0651993913343176e-05,-0.0037969050463289022,-0.0005731700221076608,-0.00384521484375,9.919435979099944e-05,-0.00014681540778838098,4.066000474267639e-05,-1.1026859283447266e-05,-2.2642525436822325e-06,0.02499999850988388,0.00402527442201972,0.004039205145090818,5.006623723602388e-06,7.100781658664346e-06,0.0,1320,4.033333333333333
15.041666666447782,retreat,15.041667451150715,-0.7886578576604499,-0.30148252844810347,0.5948543548583984,0.04291380537324585,0.027976455118293345,0.010990747796313372,0.055952909680744456,0.0,0.0,0.0,0.0,66,0.005645448341965675,0.00040788683691062033,0.005645447410643101,0.00020875612972304225,0.0,0.2995328214749592,0.0,0.0,0.0,0.0,0.0,0.0,6.337122613331303e-05,-0.00022497944883070886,-4.7527235437883064e-05,0.9999999403953552,0.002738412469625473,0.00019640789832919836,0.009841123595833778,0.013375744223594666,-0.21268202364444733,-0.14002853631973267,-0.48900169134140015,0.5166425108909607,0.5003143548965454,-2.018134832382202,-0.3781973123550415,2.4453001022338867,1.0360599756240845,-0.002144482219591737,-0.01563020795583725,0.0037962724454700947,-0.002254883758723736,0.013769805431365967,-0.012510453350841999,-0.009577278979122639,0.600591242313385,3.3979376894421875e-05,0.10770019888877869,-5.477473678183742e-05,0.9999998807907104,-8.205638732761145e-05,0.00026280779275111854,-1.3394559573498555e-05,-5.384362339100335e-06,0.03239870071411133,3.7828787753824145e-05,1.8684984752326272e-05,0.9999998807907104,-7.245694177981932e-06,-0.003915779292583466,0.000622044550254941,0.004018808249384165,1.4345662748382892e-05,-0.000400786375394091,-7.44053177186288e-05,-0.003913768567144871,-0.0006209615967236459,-0.004020932596176863,0.00010416771692689508,-0.00016489686095155776,7.441261550411582e-05,-1.1265277862548828e-05,-2.3756474547553807e-06,0.02499999850988388,0.004025280941277742,0.004039291758090258,5.002979378332384e-06,7.097929483279586e-06,0.0,1320,4.041666666666667
15.049999999780994,retreat,15.050000784918666,-0.8468291308482456,-0.36476776003837447,0.600278377532959,0.04376802098704502,0.027976455118293345,0.010807330909301527,0.03956468118525214,0.0,0.0,0.0,0.0,65,0.005827086977660656,0.00039883816498331726,0.005827087443321943,0.0002203003823524341,0.0,0.3628180530652302,0.0,0.0,0.0,0.0,0.0,0.0,6.322920671664178e-05,-0.0002309670380782336,-4.954358882969245e-05,0.9999999403953552,0.0028494312427937984,0.00019049353431910276,0.009793872013688087,0.013204837217926979,-0.2217109650373459,-0.14659306406974792,-0.48901885747909546,0.5165166258811951,0.500348687171936,-2.0181355476379395,-0.3780827820301056,2.4452085494995117,1.035988450050354,-0.0021376805379986763,-0.015648530796170235,0.003748710732907057,-0.0023967723827809095,0.013753808103501797,-0.01242825761437416,-0.009572531096637249,0.6005962491035461,3.489561640890315e-05,0.10776318609714508,-5.698055974789895e-05,0.9999999403953552,-8.374583558179438e-05,0.00026856560725718737,-1.3350259905564599e-05,-5.179466825211421e-06,0.03239841014146805,3.759911851375364e-05,2.05164760700427e-05,0.9999999403953552,-7.434608960465994e-06,-0.003999290522187948,0.0006370146875269711,0.004189848899841309,1.7132986613432877e-05,-0.0003945891512557864,-5.547746695810929e-05,-0.003997146151959896,-0.0006358672399073839,-0.004192069172859192,0.00010912332800216973,-0.00018315474153496325,5.548601257032715e-05,-1.1563301086425781e-05,-2.476448571542278e-06,0.02499999850988388,0.0040252855978906155,0.004039273131638765,5.003591468266677e-06,7.098278729245067e-06,0.0,1320,4.05
15.058333333114206,retreat,15.058334118686616,-0.9049077005553698,-0.4273824393749223,0.605165958404541,0.04478376285987906,0.027976455118293345,0.011179083230672404,0.03956468118525214,0.0,0.0,0.0,0.0,61,0.00607239780947566,0.0003673071041703224,0.006072398275136948,0.00029089595773257315,0.0,0.42543273240177804,0.0,0.0,0.0,0.0,0.0,0.0,6.28855632385239e-05,-0.00023627208429388702,-5.1758404879365116e-05,0.9999999403953552,0.00279408460482955,0.00018245748651679605,0.009749099612236023,0.013124953024089336,-0.2211778610944748,-0.14619705080986023,-0.48903602361679077,0.5163907408714294,0.5003830194473267,-2.018136739730835,-0.3779682517051697,2.4451169967651367,1.03591787815094,-0.0021289195865392685,-0.015666790306568146,0.0036971592344343662,-0.002542188623920083,0.01373414695262909,-0.012329088523983955,-0.009566779248416424,0.6006009578704834,3.5824545193463564e-05,0.10782629251480103,-5.903925557504408e-05,0.9999999403953552,-8.559530397178605e-05,0.0002740176278166473,-1.3525019312510267e-05,-5.132806109031662e-06,0.032398901879787445,3.7746278394479305e-05,2.2709516997565515e-05,0.9999999403953552,-7.277866643562447e-06,-0.004298923537135124,0.0006691107410006225,0.004236220382153988,1.8947770513477735e-05,-0.00036147175705991685,-6.23990927124396e-05,-0.004296715836971998,-0.000667874701321125,-0.004238654859364033,0.00011555725359357893,-0.0002595633268356323,6.240070797502995e-05,-1.1801719665527344e-05,-2.5871777324937284e-06,0.02499999850988388,0.0040252902545034885,0.00403932249173522,5.000885721528903e-06,7.093243766576052e-06,0.0,1320,4.058333333333334
15.066666666447418,retreat,15.066667452454567,-0.9628926011205365,-0.49011632800102095,0.6098151206970215,0.045807384594809264,0.027976455118293345,0.010297540029569063,0.0,0.0,0.0,0.0,0.0,58,0.006191320717334747,0.000373085611499846,0.00619132025167346,0.00029110326431691647,0.0,0.48816662102787667,0.0,0.0,0.0,0.0,0.0,0.0,6.65096304146573e-05,-0.00024251370632555336,-5.371674706111662e-05,0.9999999403953552,0.002779606496915221,0.00017266537179239094,0.009700281545519829,0.013111100532114506,-0.22304882109165192,-0.14774174988269806,-0.4890531897544861,0.5162646770477295,0.5004173517227173,-2.0181403160095215,-0.37785372138023376,2.4450254440307617,1.0358473062515259,-0.0021193171851336956,-0.01568533666431904,0.0036433986388146877,-0.0026911706663668156,0.013714504428207874,-0.012228460982441902,-0.009561893530189991,0.6006046533584595,3.679618748719804e-05,0.10788840055465698,-6.10987699474208e-05,0.9999999403953552,-8.780699135968462e-05,0.00027843052521348,-1.2856971807195805e-05,-5.05153184349183e-06,0.0323982760310173,3.5917473724111915e-05,2.129722633981146e-05,1.0,-7.379243470495567e-06,-0.004322753753513098,0.0007103729294613004,0.004375113639980555,1.4315409316623118e-05,-0.00036661108606494963,-6.770713662263006e-05,-0.0043204412795603275,-0.0007090791477821767,-0.0043776067905128,0.00011688157974276692,-0.0002578666026238352,6.77097705192864e-05,-1.2099742889404297e-05,-2.6850320864468813e-06,0.02499999850988388,0.00402529863640666,0.004039398394525051,4.9957234296016395e-06,7.0856185629963875e-06,0.0,1320,4.066666666666666
15.07499999978063,retreat,15.075000786222517,-1.020782866882513,-0.5518220365047442,0.6135702133178711,0.04701279249275103,0.027976455118293345,0.01413771042280132,0.06852804166478502,0.0,0.0,0.0,0.0,67,0.007318871095776558,0.0003225124964956194,0.007318869698792696,0.0005158704007044435,0.0,0.5498723295315998,0.0,0.0,0.0,0.0,0.0,0.0,7.190452015493065e-05,-0.00024709542049095035,-6.786546146031469e-05,0.9999998807907104,0.00257352227345109,-0.0015407054452225566,0.009494541212916374,-0.09887963533401489,-0.21378783881664276,-0.14072687923908234,-0.4890703558921814,0.5161386132240295,0.5004516839981079,-2.0181822776794434,-0.37773916125297546,2.4449338912963867,1.0357767343521118,-0.002117300406098366,-0.015699032694101334,0.003610608633607626,-0.0028457348234951496,0.013729405589401722,-0.01208794116973877,-0.009574304334819317,0.6005902886390686,4.237706889398396e-05,0.10793621838092804,-6.438232230721042e-05,0.9999998807907104,-8.506592712365091e-05,0.0002641238097567111,6.197999027790502e-06,-4.682660801336169e-07,0.032384395599365234,1.7029506125254557e-05,1.3159377886040602e-05,0.9999998211860657,3.485179149720352e-06,-0.004454304464161396,0.0035556491930037737,0.004591558128595352,-0.00020666290947701782,-0.00023581237473990768,-7.548026769654825e-05,-0.0044524832628667355,-0.0035542992409318686,-0.004594366531819105,0.00030686252284795046,-0.0004077264165971428,7.560979429399595e-05,-1.233816146850586e-05,-3.3923861337825656e-06,0.02499999850988388,0.004025294445455074,0.004038187675178051,4.744088073493913e-06,6.725953426212072e-06,0.0,1320,4.075
15.083333333113842,retreat,15.083334119990468,-1.0785775321800202,-0.5995355546474443,0.6009340286254883,0.05250466347206384,0.027976455118293345,0.017457981812185608,0.0,0.0,0.0,0.0,0.0,72,0.009214392863214016,0.0007099370122887194,0.009214391931891441,0.0020318247843533754,0.0,0.5975858476743,0.0,0.0,0.0,0.0,0.0,0.0,8.752294525038451e-05,-0.00026130027254112065,-6.0021269746357575e-05,1.0,-0.0024455857928842306,0.0001370772224618122,0.009803170338273048,0.014121129177510738,0.07458867877721786,0.06971853226423264,-0.4890875220298767,0.5160124897956848,0.5004849433898926,-2.0182268619537354,-0.37762516736984253,2.4448423385620117,1.035707950592041,-0.0020512924529612064,-0.015701014548540115,0.0034640489611774683,-0.0029190254863351583,0.013522411696612835,-0.01166900247335434,-0.009439426474273205,0.6005749106407166,4.750692460220307e-05,0.10798296332359314,-6.70577646815218e-05,0.9999999403953552,-8.330628770636395e-05,0.00024871889036148787,9.938015864463523e-06,-6.576146915904246e-07,0.03238343447446823,-1.2582253475557081e-05,-4.214059117657598e-06,1.0,-7.036493570922175e-06,-0.009122476913034916,-0.0011738230241462588,0.0005545996828004718,-1.4000395367474994e-06,0.0007051621214486659,8.218878065235913e-05,-0.009122003801167011,0.0011754174483940005,-0.0005589796928688884,-0.0001712596567813307,-0.002022910164669156,-8.256280852947384e-05,-1.3053417205810547e-05,-2.9999209800735116e-06,0.02499999850988388,0.004025303293019533,0.004039486404508352,4.979896402801387e-06,7.064343662932515e-06,0.0,1320,4.083333333333333
15.091666666447054,retreat,15.091667453758419,-1.1362756313518183,-0.6461165845394121,0.5844831466674805,0.057326691603520885,0.027976455118293345,0.01801385951694101,0.03956468118525214,0.0,0.0,0.0,0.0,58,0.004428240470588207,0.0005012319306842983,0.00442824000492692,0.0007772342069074512,0.0,0.6441668775662678,0.0,0.0,0.0,0.0,0.0,0.0,8.373405580641702e-05,-0.0002448652230668813,-6.809747719671577e-05,0.9999999403953552,-0.003635283326730132,-0.0008350936695933342,0.010063293389976025,-0.09860817342996597,0.141633540391922,0.12001802027225494,-0.489104688167572,0.5158864259719849,0.5005106925964355,-2.0182714462280273,-0.3775111436843872,2.4447507858276367,1.0356392860412598,-0.002025397028774023,-0.015704525634646416,0.003396369516849518,-0.0029740671161562204,0.013475767336785793,-0.011492384597659111,-0.009431594051420689,0.600558876991272,4.8284768126904964e-05,0.10802879929542542,-6.810582272009924e-05,0.9999999403953552,-8.438799704890698e-05,0.00023229519138112664,1.0584158189885784e-05,-4.634080141840968e-06,0.03238268941640854,-1.2569954378705006e-05,6.548319788635126e-07,0.9999999403953552,-7.153154957251218e-09,-0.002692707348614931,0.003436401952058077,0.0007414731080643833,-0.0003330029721837491,0.0003672974125947803,-7.372306572506204e-05,-0.002692942274734378,-0.0034358459524810314,-0.0007431920384988189,0.00016323942691087723,-0.00075631431536749,7.371968240477145e-05,-1.2218952178955078e-05,-3.4038494050037116e-06,0.02499999850988388,0.0040252977050840855,0.004038238897919655,4.898844053968787e-06,6.952235708013177e-06,0.0,1320,4.091666666666667
15.099999999780266,retreat,15.100000787526369,-1.1938761987366355,-0.6919823586940752,0.5677938461303711,0.05826408232678659,0.027976455118293345,0.018936674678116105,0.03956468118525214,0.0,0.0,0.0,0.0,68,0.002632918069139123,0.0011668427614495158,0.002632918069139123,0.000966313702519983,0.0,0.6900326517209309,0.0,0.0,0.0,0.0,0.0,0.0,8.738092583371326e-05,-0.00023026045528240502,-7.238615216920152e-05,1.0,-0.003840428777039051,-0.0011482887202873826,0.00988684967160225,-0.11441710591316223,0.15544751286506653,0.12997303903102875,-0.48912185430526733,0.5157604217529297,0.5005339980125427,-2.0183160305023193,-0.3773998022079468,2.4446592330932617,1.0355706214904785,-0.0019980159122496843,-0.01570800505578518,0.0033276465255767107,-0.00299249030649662,0.013400301337242126,-0.011285940185189247,-0.009415590204298496,0.6005429625511169,4.678454206441529e-05,0.10807386785745621,-6.781140109524131e-05,0.9999998807907104,-8.611876546638086e-05,0.00021581107284873724,1.0876799024117645e-05,-7.090889994287863e-06,0.032381877303123474,-1.4449042282649316e-05,-1.2621628684428288e-06,0.9999999403953552,4.575705133902375e-06,0.0013304968597367406,0.002258706372231245,0.0002455223584547639,-0.00020165814203210175,0.0011435722699388862,-0.00011444901610957459,0.0013302137376740575,-0.002258902182802558,-0.00024525451590307057,0.00012440700083971024,-0.0009514178382232785,0.0001144076741184108,-1.150369644165039e-05,-3.618300979724154e-06,0.02499999850988388,0.004025294911116362,0.004038297105580568,4.890429408987984e-06,6.936403224244714e-06,0.0,1320,4.1
15.108333333113478,retreat,15.10833412129432,-1.2513782686732355,-0.7372297346591936,0.5512237548828125,0.05601800148724578,0.027976455118293345,0.01930994403664954,0.0,0.0,0.0,0.0,0.0,65,0.0035819564945995808,0.0013856758596375585,0.0035819564945995808,0.0009513440309092402,0.0,0.7352800276860493,0.0,0.0,0.0,0.0,0.0,0.0,8.661123138153926e-05,-0.00021318001381587237,-6.195142486831173e-05,1.0,-0.0038518738001585007,-0.0003695211198646575,0.010185442864894867,-0.04286573454737663,0.15909938514232635,0.1324182152748108,-0.48913902044296265,0.5156344175338745,0.5005572438240051,-2.0183606147766113,-0.37729036808013916,2.4445676803588867,1.0355019569396973,-0.0019689977634698153,-0.01570606417953968,0.003261638805270195,-0.002971024950966239,0.013322006911039352,-0.01109288726001978,-0.009405415505170822,0.6005269289016724,4.544491821434349e-05,0.10811901837587357,-6.713483162457123e-05,0.9999999403953552,-8.699970931047574e-05,0.00019917028839699924,1.1418253052397631e-05,-6.228299753274769e-06,0.03238178789615631,-1.4010131963004824e-05,3.904678749222512e-07,1.0,-5.182129370950861e-06,0.0030369858723133802,-4.3928543163929135e-05,-0.0018987362273037434,0.0001157644292106852,0.0013745506294071674,-0.00013155485794413835,0.0030362368561327457,4.3145166273461655e-05,0.0018999518360942602,0.00010919177293544635,-0.0009358646930195391,0.00013149114965926856,-1.0669231414794922e-05,-3.096647560596466e-06,0.02499999850988388,0.0040252902545034885,0.0040383413434028625,4.905054083792493e-06,6.9569796323776245e-06,0.0,1320,4.108333333333333
15.11666666644669,retreat,15.11666745506227,-1.3087808755003358,-0.7826037704944597,0.5347132682800293,0.05448249066830613,0.019782341029446364,0.019495915694278665,0.03956468118525214,0.0,0.0,0.0,0.0,59,0.004483735654503107,0.0015246280236169696,0.004483735654503107,0.000950479181483388,0.0,0.7812251194518789,0.0,0.0,0.0,0.0,0.0,0.0,9.223055531037971e-05,-0.00019925042579416186,-5.889094973099418e-05,1.0,-0.003951277583837509,-1.7995302187046036e-05,0.009889726527035236,0.0014009011210873723,0.1691610962152481,0.13996358215808868,-0.48915618658065796,0.5155084133148193,0.5005804300308228,-2.018404960632324,-0.3771812617778778,2.4444761276245117,1.035433292388916,-0.0019500842317938805,-0.01569647341966629,0.0032254306133836508,-0.0029112673364579678,0.013284346088767052,-0.010911407880485058,-0.009411947801709175,0.6005110144615173,4.404029459692538e-05,0.10816464573144913,-6.607911200262606e-05,0.9999999403953552,-8.750685083214194e-05,0.00018316494242753834,1.1858685866172891e-05,-6.165755621623248e-06,0.032382041215896606,-1.6086423784145154e-05,-4.7213152356562205e-06,0.9999999403953552,-7.187630671978695e-06,0.0041001932695508,0.00012839032569900155,-0.0018099216977134347,0.0002395885530859232,0.0015035583637654781,-8.000113302841783e-05,0.004099507350474596,-0.00012934709957335144,0.0018114062258973718,0.0002579349675215781,-0.0009113067062571645,8.000200614333153e-05,-9.953975677490234e-06,-2.9436305339913815e-06,0.02499999850988388,0.004025285132229328,0.004038428887724876,4.911595169687644e-06,6.96798088029027e-06,0.0,1320,4.116666666666666
15.124999999779902,retreat,15.12500078883022,-1.3660830535567001,-0.8285067975521074,0.5184412002563477,0.053029158152639866,0.019782341029446364,0.019574606994865462,0.0,0.0,0.0,0.0,0.0,63,0.005727104842662811,0.0013879032339900732,0.005727104377001524,0.0007237104000523686,0.0,0.8271281465095266,0.0,0.0,0.0,0.0,0.0,0.0,9.24847845453769e-05,-0.00018451130017638206,-5.80237501708325e-05,1.0,-0.004024519119411707,0.00024020654382184148,0.009873994626104832,0.024345196783542633,0.1760830581188202,0.14589127898216248,-0.48917335271835327,0.5153824687004089,0.5006036162376404,-2.0184478759765625,-0.3770723044872284,2.4443845748901367,1.0353645086288452,-0.0019347158959135413,-0.015679143369197845,0.003206507535651326,-0.002813339466229081,0.013257061131298542,-0.010789455845952034,-0.009423688985407352,0.6004958152770996,4.2342311644461006e-05,0.10821039229631424,-6.50856745778583e-05,0.9999999403953552,-8.861696551321074e-05,0.00016749203496146947,1.1800827451224905e-05,-6.474703695857897e-06,0.03238188475370407,-1.7020127415889874e-05,-3.865528924507089e-06,1.0,-7.0610581133223604e-06,0.0047650025226175785,9.797625534702092e-05,-0.0031756695825606585,0.00022338205599226058,0.0013676577946171165,-7.673424988752231e-05,0.004763920791447163,-9.923412289936095e-05,0.003177252132445574,0.0002373683382757008,-0.0006793536012992263,7.675735105294734e-05,-9.238719940185547e-06,-2.900334948208183e-06,0.02499999850988388,0.0040252781473100185,0.004038482904434204,5.217662874201778e-06,7.402210030704737e-06,0.0,1320,4.125
15.133333333113114,retreat,15.133334122598171,-1.423283837181053,-0.8746109902858721,0.5028843879699707,0.051459002861520275,0.019782341029446364,0.006475626378232846,0.0,0.0,0.0,0.0,0.0,57,0.00713433837518096,0.0013320641592144966,0.00713433837518096,0.0005460228421725333,0.0,0.8732323392432912,0.0,0.0,0.0,0.0,0.0,0.0,9.185710950987414e-05,-0.00016909137775655836,-5.947616955381818e-05,1.0,-0.0039115119725465775,0.0002839752705767751,0.010029886849224567,0.027688076719641685,0.17314989864826202,0.14325523376464844,-0.4891905188560486,0.5152565836906433,0.500626802444458,-2.0184552669525146,-0.37696346640586853,2.4442930221557617,1.0352957248687744,-0.001924440497532487,-0.015655245631933212,0.003206480061635375,-0.0026833433657884598,0.013241000473499298,-0.010716049931943417,-0.009443704970180988,0.6004970669746399,3.672432285384275e-05,0.10826943814754486,-6.328335439320654e-05,1.0,-9.331811452284455e-05,0.0001692755176918581,-5.128414613864152e-06,-1.0634641512297094e-05,0.032394830137491226,1.83869744319054e-07,1.461644842493115e-06,1.0,-3.806961785812746e-06,0.005729528609663248,0.00024792845943011343,-0.004243798088282347,0.0001926949480548501,0.0013147391146048903,-9.340610267827287e-05,0.005728045012801886,-0.00024953490355983377,0.004245706368237734,0.00022834446281194687,-0.0004870943957939744,9.348143794341013e-05,-8.463859558105469e-06,-2.9730326787102968e-06,0.02499999850988388,0.0040252720937132835,0.004038569051772356,5.292183232086245e-06,7.505994290113449e-06,0.0,1320,4.133333333333333
15.141666666446326,retreat,15.141667456366122,-1.4803822607121582,-0.9338431060314165,0.5021095275878906,0.04585263741319068,0.019782341029446364,0.010697918696678244,0.0,0.0,0.0,0.0,0.0,60,0.010570256970822811,0.0003838712873402983,0.010570256970822811,0.0012599047040566802,0.0,0.9324644549888357,0.0,0.0,0.0,0.0,0.0,0.0,8.284514478873461e-05,-0.00014557951362803578,-5.775047611678019e-05,1.0,0.0005513638607226312,0.00023022256209515035,0.009861940518021584,0.022604290395975113,-0.08066890388727188,-0.04391481354832649,-0.4892076849937439,0.5151306986808777,0.5006499886512756,-2.018455743789673,-0.3768540024757385,2.4442014694213867,1.0352259874343872,-0.0019525127718225121,-0.015644269064068794,0.003269635373726487,-0.0025807868223637342,0.013319775462150574,-0.010982653126120567,-0.009533196687698364,0.6005015969276428,3.0233650250011124e-05,0.10833103209733963,-6.127557571744546e-05,0.9999999403953552,-9.907787898555398e-05,0.0001739331055432558,-1.0736146577983163e-05,-1.1647660357994027e-05,0.032397184520959854,2.8354239475447685e-05,1.623161915631499e-05,1.0,-3.5250920973339817e-06,0.010470227338373661,-0.00012433712254278362,-0.0014454107731580734,0.00016583813703618944,0.00027844918076880276,-0.0002057204837910831,0.010469748638570309,0.0001220850826939568,0.0014490680769085884,0.00014803145313635468,0.0012340954272076488,0.00020604647579602897,-7.271766662597656e-06,-2.886921720346436e-06,0.02499999850988388,0.004025266505777836,0.004038629122078419,5.21770971317892e-06,7.402792107313871e-06,0.0,1320,4.141666666666667
15.149999999779538,retreat,15.150000790134072,-1.5373773584887402,-0.9956531226634966,0.5069375038146973,0.039432943594874814,0.019782341029446364,0.010216615919489413,0.055952909680744456,0.0,0.0,0.0,0.0,67,0.006619279272854328,0.0007896912866272032,0.006619279272854328,0.000434788380516693,0.0,0.9942744716209158,0.0,0.0,0.0,0.0,0.0,0.0,8.18212065496482e-05,-0.00014690183161292225,-5.636832429445349e-05,0.9999999403953552,0.002239633584395051,0.00023273257829714566,0.009824098087847233,0.021403934806585312,-0.17528092861175537,-0.11300408095121384,-0.4892248511314392,0.5150048136711121,0.5006737112998962,-2.01845645904541,-0.37674346566200256,2.4441099166870117,1.0351524353027344,-0.0019697535317391157,-0.015620608814060688,0.003323561977595091,-0.002490640850737691,0.013381634838879108,-0.011046413332223892,-0.009593918919563293,0.6005061268806458,2.463633063598536e-05,0.10839278995990753,-6.0026799474144354e-05,0.9999999403953552,-0.00010237433889415115,0.000179042384843342,-1.0769086657091975e-05,-1.0906202078331262e-05,0.03239712864160538,3.214140087948181e-05,2.0551864508888684e-05,0.9999998807907104,-3.6580877349479124e-06,0.006160317454487085,-0.0012245456455275416,-0.0020894575864076614,0.0004806687938980758,0.0006111676921136677,-0.00013799949374515563,0.006159819662570953,0.001223033177666366,0.0020918098744004965,0.00030374579364433885,0.0002787007251754403,0.00013822209439240396,-7.331371307373047e-06,-2.8178146749269217e-06,0.02499999850988388,0.004025261849164963,0.004038646817207336,5.199931365496013e-06,7.375812856480479e-06,0.0,1320,4.15
15.15833333311275,retreat,15.158334123902023,-1.5942681648495487,-1.0575599968433367,0.5121827125549316,0.033956472179852426,0.019782341029446364,0.010100886356667615,0.055952909680744456,0.0,0.0,0.0,0.0,63,0.003071935847401619,0.0004292303347028792,0.003071935148909688,0.0004155422211624682,0.0,1.0561813458007558,0.0,0.0,0.0,0.0,0.0,0.0,8.798579801805317e-05,-0.0001547963183838874,-5.5448490456910804e-05,0.9999999403953552,0.002365503227338195,0.00021573448611889035,0.00983835756778717,0.019128410145640373,-0.1814659833908081,-0.11702071130275726,-0.4892420172691345,0.5148789286613464,0.5006980895996094,-2.0184566974639893,-0.37663108110427856,2.4440183639526367,1.0350720882415771,-0.0019851052202284336,-0.015590334311127663,0.0033820373937487602,-0.0024033579975366592,0.013427906669676304,-0.011134912259876728,-0.00962484534829855,0.6005107760429382,1.9209590391255915e-05,0.10845494270324707,-5.958996916888282e-05,0.9999998807907104,-0.00010343578469473869,0.0001841302146203816,-1.0502812074264511e-05,-1.088481985789258e-05,0.03239736706018448,2.933438190666493e-05,1.5449006241397e-05,0.9999998807907104,-4.14167197959614e-06,0.002105390653014183,-0.001511731301434338,-0.001648874836973846,0.00042089237831532955,-5.27393349329941e-05,-6.562651105923578e-05,0.0021050958894193172,0.0015110987005755305,0.0016498295590281487,0.0002025267604039982,0.00035683458554558456,6.578241300303489e-05,-7.748603820800781e-06,-2.7717433113139123e-06,0.02499999850988388,0.004025256726890802,0.004038675222545862,5.14968724019127e-06,7.304624887183309e-06,0.0,1320,4.158333333333333
15.166666666445963,retreat,15.166667457669973,-1.651053714133326,-1.1197723448276506,0.5171298980712891,0.028721391572616994,0.019782341029446364,0.008820628863759339,0.03956468118525214,0.0,0.0,0.0,0.0,60,0.002165114274248481,0.0005831984453834593,0.002165114041417837,0.0005624459008686244,0.0,1.1183936937850698,0.0,0.0,0.0,0.0,0.0,0.0,8.706708467798308e-05,-0.00015815038932487369,-5.506367233465426e-05,1.0,0.0023376343306154013,0.0002025842695729807,0.009863406419754028,0.016463782638311386,-0.1798056662082672,-0.11506956070661545,-0.48925918340682983,0.5147530436515808,0.5007280707359314,-2.0184566974639893,-0.37651726603507996,2.4439268112182617,1.0349901914596558,-0.0020036206115037203,-0.015558675862848759,0.003448922885581851,-0.0023298622108995914,0.01346622221171856,-0.011263929307460785,-0.009631131775677204,0.6005156636238098,1.713322490104474e-05,0.10851754248142242,-6.0660779126919806e-05,0.9999999403953552,-0.00010169680172111839,0.00018949971126858145,-1.0790576197905466e-05,-7.656672096345574e-06,0.032397761940956116,3.1349656637758017e-05,1.4628877579525579e-05,0.9999999403953552,-5.597520157607505e-06,0.0007190580945461988,-0.0018217304022982717,-0.0009230240248143673,0.00037387432530522346,-0.0004475107416510582,8.51652930577984e-06,0.0007190787000581622,0.0018214719602838159,0.0009235174511559308,0.00011079950490966439,0.000551360659301281,-8.382441592402756e-06,-7.927417755126953e-06,-2.75249476544559e-06,0.02499999850988388,0.004025252535939217,0.004038733430206776,5.102135219203774e-06,7.237802492454648e-06,0.0,1320,4.166666666666667
15.174999999779175,retreat,15.175000791437924,-1.7077330406788178,-1.1823795735836016,0.522315502166748,0.026898795113083906,0.019782341029446364,0.009177495485346299,0.055952909680744456,0.0,0.0,0.0,0.0,72,0.0016947912517935038,0.0005991347716189921,0.0016947916010394692,0.0005816549528390169,0.0,1.1810009225410207,0.0,0.0,0.0,0.0,0.0,0.0,8.34132224554196e-05,-0.00016416411381214857,-5.612428503809497e-05,1.0,0.002380805555731058,0.0001682473812252283,0.009874123148620129,0.012712490744888783,-0.18254417181015015,-0.11650838702917099,-0.48927634954452515,0.5146271586418152,0.5007622838020325,-2.0184566974639893,-0.3764030337333679,2.4438352584838867,1.034915804862976,-0.002019319450482726,-0.015528470277786255,0.0035089144948869944,-0.0022726627066731453,0.01347844023257494,-0.011396050453186035,-0.00960090383887291,0.6005210280418396,1.7843109162640758e-05,0.10858104377985,-6.280274828895926e-05,0.9999998807907104,-0.00010219211253570393,0.0001957057829713449,-1.1371343134669587e-05,-4.985205123375636e-06,0.03239864856004715,3.154220030410215e-05,1.8778213416226208e-05,0.9999998807907104,-6.678011231997516e-06,0.00023728857922833413,-0.0016553794266656041,-0.00027519220020622015,0.00024222361389547586,-0.0005375483888201416,0.0001064515599864535,0.00023751913977321237,0.0016552966553717852,0.00027549307560548186,3.2286334317177534e-06,0.0005718390457332134,-0.00010635852231644094,-8.225440979003906e-06,-2.805529220495373e-06,0.02499999850988388,0.00402525020763278,0.004038836341351271,5.028692612540908e-06,7.1359972935169935e-06,0.0,1320,4.175
15.183333333112387,retreat,15.183334125205874,-1.7643051788247668,-1.2458436191081987,0.5279183387756348,0.027880225388798863,0.019782341029446364,0.00901276507647708,0.03956468118525214,0.0,0.0,0.0,0.0,71,0.001344208256341517,0.000581857340876013,0.0013442076742649078,0.0005674520507454872,0.0,1.244464968065618,0.0,0.0,0.0,0.0,0.0,0.0,8.760536002228037e-05,-0.00017049798043444753,-5.870845780009404e-05,1.0,0.0025278660468757153,0.0001680791610851884,0.00985546875745058,0.012219367548823357,-0.19142811000347137,-0.12341585755348206,-0.48929351568222046,0.5145012736320496,0.5007965564727783,-2.0184566974639893,-0.3762892484664917,2.4437437057495117,1.034845232963562,-0.002028230344876647,-0.015501278452575207,0.003551960689947009,-0.0022324768360704184,0.013464671559631824,-0.011522816494107246,-0.009574750438332558,0.6005260944366455,1.8647695469553582e-05,0.10864443331956863,-6.469115760410205e-05,0.9999998807907104,-0.00010397186269983649,0.00020163322915323079,-1.1219002772122622e-05,-5.039749339630362e-06,0.03239857405424118,3.113571074209176e-05,1.6365716874133795e-05,0.9999999403953552,-5.98265523876762e-06,-9.585116640664637e-05,-0.0012730321614071727,0.00042082948493771255,9.430731734028086e-05,-0.0005736989551223814,-2.3099575628293678e-05,-9.541676263324916e-05,0.001273105968721211,-0.0004207032034173608,-8.949781476985663e-05,0.0005598714924417436,2.314970151928719e-05,-8.52346420288086e-06,-2.9346756491577253e-06,0.02499999850988388,0.0040252478793263435,0.004038883838802576,5.011849680158775e-06,7.110706064850092e-06,0.0,1320,4.183333333333334
15.191666666445599,retreat,15.191667458973825,-1.820769162909908,-1.3091586530208574,0.5332827568054199,0.028924428988830186,0.019782341029446364,0.009299835255660582,0.055952909680744456,0.0,0.0,0.0,0.0,58,0.0015328038716688752,0.0005260607576929033,0.001532803988084197,0.00043077487498521805,0.0,1.3077800019782766,0.0,0.0,0.0,0.0,0.0,0.0,8.687246008776128e-05,-0.00017467040743213147,-6.060414671082981e-05,0.9999999403953552,0.002492303494364023,0.00017436535563319921,0.00984372477978468,0.012130812741816044,-0.19004710018634796,-0.12260744720697403,-0.48931068181991577,0.5143753886222839,0.500830888748169,-2.0184566974639893,-0.37617674469947815,2.4436521530151367,1.0347754955291748,-0.002030682284384966,-0.01547493040561676,0.0035796414595097303,-0.0022086785174906254,0.01344124786555767,-0.011613813228905201,-0.009547578170895576,0.6005313396453857,1.9251532648922876e-05,0.10870777070522308,-6.62378515698947e-05,0.9999998807907104,-0.00010595233470667154,0.0002079648693324998,-1.1510186595842242e-05,-5.379854883358348e-06,0.03239859640598297,3.329513856442645e-05,1.9078843251918443e-05,0.9999998807907104,-5.633266937365988e-06,-0.0006912194658070803,-0.0010569943115115166,0.0008686002111062407,6.762966222595423e-05,-0.0005198126309551299,-4.4283286115387455e-05,-0.0006906341295689344,0.0010572558967396617,-0.0008687477093189955,-8.499866089550778e-05,0.0004199746181257069,4.4312007958069444e-05,-8.761882781982422e-06,-3.0294486350612715e-06,0.02499999850988388,0.004025248810648918,0.004038956947624683,5.00689657201292e-06,7.098453352227807e-06,0.0,1320,4.191666666666666
15.199999999778811,retreat,15.200000792741776,-1.8771240272729948,-1.372384279966353,0.5387067794799805,0.02972786023747176,0.019782341029446364,0.009665890502219554,0.055952909680744456,0.0,0.0,0.0,0.0,69,0.0019703705329447985,0.0005534162046387792,0.001970370067283511,0.00041212866199202836,0.0,1.3710056289237722,0.0,0.0,0.0,0.0,0.0,0.0,8.644640183774754e-05,-0.00018175870354752988,-6.23559535597451e-05,0.9999999403953552,0.0025333459489047527,0.00018210102280136198,0.009827379137277603,0.012488964013755322,-0.19338811933994293,-0.1254395991563797,-0.4893278479576111,0.5142495036125183,0.5008652210235596,-2.0184566974639893,-0.3760649263858795,2.4435606002807617,1.0347058773040771,-0.0020298876333981752,-0.015450106002390385,0.0035975209902971983,-0.0022016894072294235,0.013419593684375286,-0.011693179607391357,-0.009524064138531685,0.600536584854126,2.0264622435206547e-05,0.10877136141061783,-6.7729371949099e-05,0.9999998807907104,-0.00010741387086454779,0.0002143567835446447,-1.174567387351999e-05,-5.0734788601403125e-06,0.03239896148443222,3.2598945836070925e-05,2.0966417650924996e-05,0.9999998807907104,-5.372431132855127e-06,-0.0010078500490635633,-0.0009027826599776745,0.001432334422133863,5.7640416343929246e-05,-0.0005480895633809268,-5.0446622481103987e-05,-0.0010070418938994408,0.0009031927911564708,-0.0014326435048133135,-7.271241338457912e-05,0.00040251106838695705,5.047548620495945e-05,-9.059906005859375e-06,-3.117011146969162e-06,0.02499999850988388,0.004025249741971493,0.004038990940898657,5.004748800274683e-06,7.100170478224754e-06,0.0,1320,4.2
15.208333333112023,retreat,15.208334126509726,-1.9333688062527656,-1.4358110725879656,0.544130802154541,0.030883398721925914,0.019782341029446364,0.009946732461685315,0.03956468118525214,0.0,0.0,0.0,0.0,76,0.0024547772482037544,0.0005300764460116625,0.002454777481034398,0.0003390759229660034,0.0,1.4344324215453848,0.0,0.0,0.0,0.0,0.0,0.0,9.004065941553563e-05,-0.00018644571537151933,-6.356584344757721e-05,0.9999999403953552,0.0025762799195945263,0.00018977117724716663,0.00980598945170641,0.012335166335105896,-0.19704489409923553,-0.1283743977546692,-0.4893450140953064,0.5141236186027527,0.5008995532989502,-2.0184566974639893,-0.3759540319442749,2.4434690475463867,1.0346366167068481,-0.0020247329957783222,-0.01542645413428545,0.003603628370910883,-0.0022105518728494644,0.013396352529525757,-0.011750709265470505,-0.009496690705418587,0.600541889667511,2.101808786392212e-05,0.10883478075265884,-6.885045877425e-05,0.9999998807907104,-0.00010878153261728585,0.0002209042722824961,-1.2050824807374738e-05,-5.4028760132496245e-06,0.032398954033851624,3.445927723078057e-05,1.873968903964851e-05,0.9999999403953552,-5.284231974655995e-06,-0.0013340598670765758,-0.0007225001463666558,0.0019298209808766842,5.2410799980862066e-05,-0.0005269568646326661,-2.346476867387537e-05,-0.001333049964159727,0.0007230561459437013,-0.00193031074013561,-5.1896004151785746e-05,0.0003342566778883338,2.3489385057473555e-05,-9.298324584960938e-06,-3.1774525268701836e-06,0.02499999850988388,0.004025250673294067,0.004039019346237183,5.007982508686837e-06,7.103517418727279e-06,0.0,1320,4.208333333333333
15.216666666445235,retreat,15.216667460277677,-1.989502534187963,-1.4990143477916704,0.549614429473877,0.031732084607938305,0.019782341029446364,0.01023007007461274,0.03956468118525214,0.0,0.0,0.0,0.0,66,0.002966160187497735,0.0005198475555516779,0.0029661599546670914,0.000282544904621318,0.0,1.4976356967490896,0.0,0.0,0.0,0.0,0.0,0.0,8.895712380763143e-05,-0.000191973740584217,-6.416109681595117e-05,0.9999999403953552,0.0026335713919252157,0.00019515110761858523,0.00977823045104742,0.01271568238735199,-0.20165342092514038,-0.13180974125862122,-0.4893621802330017,0.5139977335929871,0.5009338855743408,-2.0184566974639893,-0.37584400177001953,2.4433774948120117,1.0345673561096191,-0.002015987178310752,-0.015403815545141697,0.003600074676796794,-0.0022345329634845257,0.013376298360526562,-0.011788754723966122,-0.009475049562752247,0.600547194480896,2.156770642613992e-05,0.1088981032371521,-6.971032416913658e-05,0.9999999403953552,-0.00010993258183589205,0.00022714174701832235,-1.2276316738280002e-05,-5.6461949498043396e-06,0.03239908069372177,3.5168857721146196e-05,2.097426295222249e-05,0.9999999403953552,-5.548328772420064e-06,-0.0016324504977092147,-0.0005992125952616334,0.002402947284281254,6.149226828711107e-05,-0.0005149535136297345,-3.5819666663883254e-05,-0.0016312269726768136,0.0005999063141644001,-0.0024036045651882887,-2.5017347070388496e-05,0.0002791430742945522,3.5845347156282514e-05,-9.59634780883789e-06,-3.2072002795757726e-06,0.02499999850988388,0.004025252535939217,0.004039022605866194,5.007168056181399e-06,7.105089025571942e-06,0.0,1320,4.216666666666667
15.224999999778447,retreat,15.225000794045627,-2.045524245417326,-1.5620760619640337,0.5550384521484375,0.03240487421862781,0.019782341029446364,0.010698825462895911,0.03956468118525214,0.0,0.0,0.0,0.0,62,0.003480100305750966,0.0004991622408851981,0.0034801000729203224,0.00020878645591437817,0.0,1.5606974109214529,0.0,0.0,0.0,0.0,0.0,0.0,8.821023220662028e-05,-0.00019733075168915093,-6.519404996652156e-05,0.9999999403953552,0.002654844895005226,0.00020058405061718076,0.009746148250997066,0.012882004491984844,-0.20434227585792542,-0.13379152119159698,-0.489379346370697,0.5138718485832214,0.5009682178497314,-2.0184566974639893,-0.37573426961898804,2.4432859420776367,1.0344982147216797,-0.0020038695074617863,-0.015381810255348682,0.0035877746995538473,-0.0022725507151335478,0.013358506374061108,-0.011804615147411823,-0.009453479200601578,0.6005524396896362,2.200200833613053e-05,0.10896161943674088,-7.056548201944679e-05,0.9999999403953552,-0.00011129199992865324,0.00023367052199319005,-1.2520837117335759e-05,-5.829183464811649e-06,0.032399535179138184,3.634077438618988e-05,2.308043258381076e-05,0.9999999403953552,-5.370070084609324e-06,-0.0019707330502569675,-0.000526449060998857,0.0028196030762046576,7.892600842751563e-05,-0.0004924715613014996,-2.0134239093749784e-05,-0.001969297882169485,0.0005272853304632008,-0.002820448949933052,2.9229267966002226e-06,0.00020779031910933554,2.0160017811576836e-05,-9.894371032714844e-06,-3.2588322937954217e-06,0.02499999850988388,0.0040252553299069405,0.004039063584059477,5.007085292163538e-06,7.103721145540476e-06,0.0,1320,4.225
15.23333333311166,retreat,15.233334127813578,-2.1014329742796036,-1.625331491231917,0.560462474822998,0.03291925895609893,0.027976455118293345,0.010724624189606402,0.055952909680744456,0.0,0.0,0.0,0.0,52,0.003986096475273371,0.0005036428337916732,0.003986096940934658,0.00017452870088163763,0.0,1.6233817842587726,0.0,0.0,0.0,0.0,0.0,0.0,9.303704428020865e-05,-0.00020460465748328716,-6.547176599269733e-05,0.9999998807907104,0.002688514068722725,0.00020609336206689477,0.009708147495985031,0.012651265598833561,-0.20791780948638916,-0.13639195263385773,-0.48939651250839233,0.5137459635734558,0.5010024905204773,-2.0184566974639893,-0.3756248950958252,2.4431943893432617,1.0344291925430298,-0.0019886887166649103,-0.015360284596681595,0.0035675589460879564,-0.0023235129192471504,0.01334085501730442,-0.011805961839854717,-0.009435095824301243,0.6005574464797974,2.2613079636357725e-05,0.10902496427297592,-7.115879998309538e-05,0.9999999403953552,-0.00011211926175747067,0.0002399990480626002,-1.251371759281028e-05,-5.694078026863281e-06,0.03239962458610535,3.539509998518042e-05,1.9081049686064944e-05,0.9999998807907104,-5.686413260264089e-06,-0.002256044652312994,-0.0004356119316071272,0.003257218049839139,8.416127093369141e-05,-0.0004952092422172427,-3.661658411147073e-05,-0.00225438317283988,0.0004365813219919801,-0.003258239245042205,2.1267071133479476e-05,0.00016930809943005443,3.664350515464321e-05,-1.0251998901367188e-05,-3.2726366043789312e-06,0.02499999850988388,0.004025258589535952,0.004039105959236622,5.007709205528954e-06,7.10136373527348e-06,0.0,1320,4.233333333333333
15.241666666444871,retreat,15.241667461581528,-2.157227755113535,-1.6883485019206987,0.565648078918457,0.03363909127074294,0.027976455118293345,0.011107006685051601,0.03956468118525214,0.0,0.0,0.0,0.0,51,0.004437397699803114,0.0004780724993906915,0.004437398165464401,0.0001096893975045532,0.0,1.6863987949475543,0.0,0.0,0.0,0.0,0.0,0.0,9.259700163966045e-05,-0.00021080856095068157,-6.617166945943609e-05,1.0,0.0026793412398546934,0.00021096676937304437,0.0096652302891016,0.013491375371813774,-0.20909278094768524,-0.13721147179603577,-0.48941367864608765,0.5136200785636902,0.5010366439819336,-2.0184574127197266,-0.37551575899124146,2.4431028366088867,1.034360408782959,-0.001969975419342518,-0.015338938683271408,0.0035388979595154524,-0.002385895699262619,0.01332317478954792,-0.011787287890911102,-0.009414490312337875,0.6005626320838928,2.290489646838978e-05,0.10908796638250351,-7.152894977480173e-05,0.9999998807907104,-0.00011322367208776996,0.0002462941047269851,-1.2921736924909055e-05,-6.0980510170338675e-06,0.032399602234363556,3.5486424167174846e-05,2.062547173409257e-05,0.9999999403953552,-5.3562421271635685e-06,-0.0025433343835175037,-0.00034920411417260766,0.003619393100962043,8.58656712807715e-05,-0.00047004478983581066,-1.5436746252817102e-05,-0.00254147220402956,0.00035029769060201943,-0.003620595671236515,3.545364234014414e-05,0.00010264432057738304,1.5457899280590937e-05,-1.055002212524414e-05,-3.3076066756621003e-06,0.02499999850988388,0.004025264643132687,0.004039192106574774,5.007949766877573e-06,7.104332325980067e-06,0.0,1320,4.241666666666666
15.249999999778083,retreat,15.250000795349479,-2.2129076222578696,-1.751022785902022,0.570833683013916,0.03395258681848645,0.027976455118293345,0.011361825272615533,0.03956468118525214,0.0,0.0,0.0,0.0,47,0.004791178274899721,0.0004741345182992518,0.004791178274899721,0.00010373520490247756,0.0,1.7490730789288775,0.0,0.0,0.0,0.0,0.0,0.0,9.691534796729684e-05,-0.00021520534937735647,-6.61156082060188e-05,0.9999999403953552,0.0027606701478362083,0.00021531069069169462,0.009620655328035355,0.012954505160450935,-0.21565578877925873,-0.14194795489311218,-0.48943084478378296,0.5134941935539246,0.5010700225830078,-2.018458127975464,-0.3754066526889801,2.4430112838745117,1.0342916250228882,-0.0019492832943797112,-0.015318293124437332,0.003504656720906496,-0.00245979567989707,0.01330702193081379,-0.011758208274841309,-0.009397831745445728,0.6005674600601196,2.328344817215111e-05,0.10915108025074005,-7.216556696221232e-05,0.9999999403953552,-0.00011429718870203942,0.00025234834174625576,-1.2956640603078995e-05,-5.991707439534366e-06,0.03240004926919937,3.714355989359319e-05,1.7380694771418348e-05,0.9999999403953552,-6.049821422493551e-06,-0.0026409237179905176,-0.00029807878308929503,0.003986484836786985,9.864718595054e-05,-0.0004625783476512879,-3.306881626485847e-05,-0.0026388433761894703,0.0002992576628457755,-0.003987773787230253,5.56091581529472e-05,8.107544272206724e-05,3.309661406092346e-05,-1.0788440704345703e-05,-3.304736310383305e-06,0.02499999850988388,0.004025268834084272,0.004039181396365166,5.009167580283247e-06,7.108697900548577e-06,0.0,1320,4.25
15.258333333111295,retreat,15.25833412911743,-2.2684716100513427,-1.8137641251087175,0.5757808685302734,0.03441983790253289,0.027976455118293345,0.011489289136079606,0.055952909680744456,0.0,0.0,0.0,0.0,59,0.0052004531025886536,0.00043638036004267633,0.005200454033911228,7.302182348212227e-05,0.0,1.811814418135573,0.0,0.0,0.0,0.0,0.0,0.0,9.713978215586394e-05,-0.00022161993547342718,-6.690173904644325e-05,0.9999999403953552,0.002725838217884302,0.00021765944256912917,0.009574994444847107,0.013315685093402863,-0.2155645787715912,-0.1418435424566269,-0.48944801092147827,0.5133683085441589,0.5011003017425537,-2.0184593200683594,-0.3752976357936859,2.4429197311401367,1.034222960472107,-0.0019250367768108845,-0.015297148376703262,0.0034627672284841537,-0.0025427902583032846,0.01328800804913044,-0.011706179939210415,-0.009379171766340733,0.6005718111991882,2.1490835933946073e-05,0.10921342670917511,-7.179599197115749e-05,0.9999998807907104,-0.00011690181418089196,0.00025772699154913425,-1.2709500879282132e-05,-8.275648724520579e-06,0.03239964693784714,3.610795465647243e-05,1.9760691429837607e-05,0.9999998807907104,-4.893385266768746e-06,-0.0029734808485955,-0.0002358292113058269,0.004259989596903324,0.00010109377763001248,-0.0004235644591972232,-2.83020253846189e-05,-0.002971229376271367,0.00023713595874141902,-0.004261488560587168,6.704264524159953e-05,-5.981710273772478e-06,2.8314128940110095e-05,-1.1086463928222656e-05,-3.344011929584667e-06,0.02499999850988388,0.0040252734906971455,0.004039232153445482,5.0077151172445156e-06,7.110706064850092e-06,0.0,1320,4.258333333333333
15.266666666444507,retreat,15.26666746288538,-2.3239187528326894,-1.875723153352736,0.5802512168884277,0.032679752621334046,0.027976455118293345,0.012904011782666203,0.03956468118525214,0.0,0.0,0.0,0.0,56,0.005512499250471592,0.00043525805813260376,0.005512498784810305,0.00016833716654218733,0.0,1.8737734463795916,0.0,0.0,0.0,0.0,0.0,0.0,0.00010113029566127807,-0.0002282643545186147,-6.650852446909994e-05,0.9999999403953552,0.0026331115514039993,0.000223459632252343,0.00953000970184803,0.0135453250259161,-0.21223032474517822,-0.13944247364997864,-0.4894651770591736,0.5132424235343933,0.5011270642280579,-2.018460750579834,-0.37518855929374695,2.4428281784057617,1.0341541767120361,-0.0019009084207937121,-0.015274369157850742,0.0034222847316414118,-0.002634768607094884,0.013277752324938774,-0.01163280289620161,-0.009375376626849174,0.6005762815475464,1.7272530385525897e-05,0.10927554219961166,-7.067864498822019e-05,0.9999999403953552,-0.00012130828690715134,0.00026302709011361003,-1.3053730071987957e-05,-1.0826170182554051e-05,0.03239981457591057,3.476361962384544e-05,2.017663064179942e-05,0.9999999403953552,-4.1690336729516275e-06,-0.0031801084987819195,-0.0004995464696548879,0.00447493139654398,0.00018575544527266175,-0.00038153977948240936,-9.680848597781733e-05,-0.003177632810547948,0.000500950263813138,-0.004476532340049744,0.00011356422328390181,-7.78758549131453e-05,9.682933159638196e-05,-1.138448715209961e-05,-3.3242722565773875e-06,0.02499999850988388,0.004025278612971306,0.0040392521768808365,5.0062772061210126e-06,7.101800292730331e-06,0.0,1320,4.266666666666667
15.27499999977772,retreat,15.27500079665333,-2.379248084940677,-1.9374363124370562,0.584721565246582,0.028532442229334265,0.027976455118293345,0.008305065421154723,0.055952909680744456,0.0,0.0,0.0,0.0,51,0.005755310412496328,0.0004962409730069339,0.005755309481173754,0.0002271621342515573,0.0,1.9354866054639117,0.0,0.0,0.0,0.0,0.0,0.0,0.00010423889762023464,-0.00023267125652637333,-6.521771138068289e-05,0.9999999403953552,0.0026998368557542562,0.0002358827623538673,0.00947626680135727,0.013237111270427704,-0.21813850104808807,-0.14371159672737122,-0.4894823431968689,0.5131165385246277,0.5011518597602844,-2.0184707641601562,-0.3750791847705841,2.4427366256713867,1.0340850353240967,-0.0018810005858540535,-0.015249701216816902,0.003392155049368739,-0.002736500231549144,0.013278745114803314,-0.011553063057363033,-0.009382500313222408,0.6005761027336121,1.335852994088782e-05,0.10933385789394379,-6.966429646126926e-05,0.9999998807907104,-0.0001249023189302534,0.00026339860050939023,-8.426898602920119e-06,-1.0660185580491088e-05,0.03239641711115837,3.0728260753676295e-05,2.066243723675143e-05,0.9999998807907104,-4.4449761844589375e-06,-0.003092700382694602,-0.0010044503724202514,0.004748671781271696,0.0002967112814076245,-0.0003684297844301909,-0.00014992339129094034,-0.0030899473931640387,0.0010058839106932282,-0.00475015863776207,0.0001515530311735347,-7.838339661248028e-05,0.000149967847391963,-1.1622905731201172e-05,-3.25967266689986e-06,0.02499999850988388,0.0040252855978906155,0.0040393187664449215,5.002942998544313e-06,7.096939953044057e-06,0.0,1320,4.275
15.283333333110932,retreat,15.28333413042128,-2.434458640714027,-1.9954092800617205,0.585019588470459,0.02476802546880208,0.027976455118293345,0.016969383068499155,0.055952909680744456,0.0,0.0,0.0,0.0,55,0.006159958895295858,0.000379108329070732,0.006159959360957146,0.0006339839892461896,0.0,1.993459573088576,0.0,0.0,0.0,0.0,0.0,0.0,0.0001082662129192613,-0.00024065026082098484,-6.501721509266645e-05,0.9999999403953552,0.0014507758896797895,0.00025087426183745265,0.00946987234055996,0.013498837128281593,-0.14778907597064972,-0.09235405176877975,-0.4894995093345642,0.5129906535148621,0.5011757016181946,-2.0185158252716064,-0.37497007846832275,2.4426450729370117,1.0340163707733154,-0.0018534412374719977,-0.015216822735965252,0.0033564649056643248,-0.0028287942986935377,0.013251104392111301,-0.011369015090167522,-0.009359108284115791,0.6005597710609436,1.228318433277309e-05,0.10937876254320145,-6.90369270159863e-05,0.9999998807907104,-0.00012548167433124036,0.00024675531312823296,9.288265573559329e-06,-8.017877917154692e-06,0.032383352518081665,6.105778538767481e-06,1.7216034393641166e-05,0.9999998807907104,-4.016239927295828e-06,-0.00447214487940073,-0.0013845639768987894,0.004003498237580061,0.0003639530623331666,-4.1479277570033446e-05,-9.767675510374829e-05,-0.004469820763915777,0.0013862390769645572,-0.004005514085292816,0.0001637789246160537,-0.0006046333000995219,9.762544505065307e-05,-1.2040138244628906e-05,-3.2495572668267414e-06,0.02499999850988388,0.004025294911116362,0.004039397928863764,4.995308700017631e-06,7.084250682964921e-06,0.0,1320,4.283333333333333
15.291666666444144,retreat,15.291667464189231,-2.489549454491492,-2.040150016546248,0.5700588226318359,0.02414079244772438,0.027976455118293345,0.01794790841813665,0.055952909680744456,0.0,0.0,0.0,0.0,56,0.008246222510933876,0.0008896811050362885,0.008246222510933876,0.0019974862225353718,0.0,2.038200309573104,0.0,0.0,0.0,0.0,0.0,0.0,0.00012865883763879538,-0.00024833722272887826,-7.806796202203259e-05,0.9999999403953552,-0.0032382658682763577,-0.002699861768633127,0.009251810610294342,0.017899923026561737,0.12334971874952316,0.10560251772403717,-0.48951658606529236,0.5128647685050964,0.5011991262435913,-2.018559455871582,-0.3748612403869629,2.4425535202026367,1.0339477062225342,-0.0018169968388974667,-0.015158537775278091,0.003335028188303113,-0.0028676113579422235,0.01319615077227354,-0.010927487164735794,-0.00929383747279644,0.6005441546440125,1.1191085832251702e-05,0.10942432284355164,-6.807700992794707e-05,0.9999998807907104,-0.00012575274740811437,0.0002307725662831217,1.097855874832021e-05,-8.545106538804248e-06,0.03238417208194733,-1.756360688887071e-05,-2.907198677348788e-06,0.9999998807907104,9.992494597099721e-06,-0.007182547822594643,0.0036585230845957994,0.00173965806607157,-3.2582406674919184e-06,0.0008895651553757489,-1.3988860700919759e-05,-0.00718266423791647,-0.003656478365883231,-0.0017434704350307584,0.000524757953826338,-0.0019272741628810763,1.3947615116194356e-05,-1.239776611328125e-05,-3.901799573213793e-06,0.02499999850988388,0.004025292117148638,0.004038144834339619,-2.119282726198435e-06,-3.0025767046026886e-06,0.0,1320,4.291666666666667
15.299999999777356,retreat,15.300000797957182,-2.5445195606118034,-2.0855762064456926,0.5531907081604004,0.022654930944554508,0.027976455118293345,0.01779921331035439,0.0,0.0,0.0,0.0,0.0,61,0.0053776041604578495,0.0002259406610392034,0.0053776022978127,0.0007848746608942747,0.0,2.0836264994725484,0.0,0.0,0.0,0.0,0.0,0.0,0.00012830820924136788,-0.00023013954341877252,-6.42946470179595e-05,1.0,-0.0038919078651815653,0.00025188588188029826,0.009603919461369514,0.013499794527888298,0.16028590500354767,0.13297171890735626,-0.48953357338905334,0.5127388834953308,0.5012223124504089,-2.0186030864715576,-0.3747524619102478,2.4424619674682617,1.033879041671753,-0.001762772211804986,-0.015124320052564144,0.003254673443734646,-0.002853270387277007,0.012990809977054596,-0.010868668556213379,-0.00917040929198265,0.6005284190177917,9.792305718292482e-06,0.10946985334157944,-6.717222277075052e-05,0.9999999403953552,-0.00012623351358342916,0.0002149267093045637,1.0872341590584256e-05,-8.516479283571243e-06,0.032384276390075684,-1.5213323422358371e-05,-2.0730417418235447e-06,1.0,-2.876106918847654e-06,-0.0008250428945757449,-0.005207558162510395,0.0010579538065940142,3.999485124950297e-05,0.00018910100334323943,-0.00011700600589392707,-0.0008232734398916364,0.0052079069428145885,-0.00105760816950351,-0.0007123831892386079,-0.00030813011107966304,0.00011659482697723433,-1.150369644165039e-05,-3.2132556953001767e-06,0.02499999850988388,0.004025300033390522,0.004039475228637457,4.971886482962873e-06,7.054331945255399e-06,0.0,1320,4.3
15.308333333110568,retreat,15.308334131725132,-2.599367993413722,-2.1310769021511065,0.5366802215576172,0.021609041141346097,0.027976455118293345,0.01805096871976275,0.03956468118525214,0.0,0.0,0.0,0.0,60,0.004526018165051937,0.0014147496549412608,0.00452601769939065,0.0011145806638523936,0.0,2.1291271951779622,0.0,0.0,0.0,0.0,0.0,0.0,0.00012597629392985255,-0.00021264121460262686,-7.49868486309424e-05,0.9999999403953552,-0.00389111484400928,-0.002573286648839712,0.00927027128636837,0.01645810157060623,0.1636858582496643,0.13531213998794556,-0.48955032229423523,0.5126129984855652,0.5012455582618713,-2.018646717071533,-0.37464362382888794,2.4423704147338867,1.0338103771209717,-0.001750421361066401,-0.015069541521370411,0.003279734868556261,-0.0028399175498634577,0.012998469173908234,-0.010623380541801453,-0.00915144756436348,0.6005126237869263,8.69338236952899e-06,0.10951542854309082,-6.62346719764173e-05,0.9999999403953552,-0.0001266799954464659,0.00019888312090188265,1.1196145351277664e-05,-8.630189768155105e-06,0.03238435089588165,-1.375689225824317e-05,7.028724553492793e-07,0.9999999403953552,8.754064765525982e-06,0.0030489424243569374,0.0032284928020089865,0.0008749988046474755,7.862647180445492e-05,0.0014123308937996626,-2.5611860110075213e-05,0.0030484721064567566,-0.0032291491515934467,-0.0008742138161323965,0.0005447505973279476,-0.0009720458183437586,2.5762310542631894e-05,-1.0609626770019531e-05,-3.7480022001545876e-06,0.02499999850988388,0.004025297239422798,0.0040381853468716145,-1.8515274859964848e-06,-2.6253401301801205e-06,0.0,1320,4.308333333333334
15.31666666644378,retreat,15.316667465493083,-2.6540937872359756,-2.176696807146071,0.5204677581787109,0.02036173282249365,0.027976455118293345,0.0112542857095832,0.0,0.0,0.0,0.0,0.0,58,0.004635388497263193,0.0012409442570060492,0.004635388031601906,0.0008036025683395565,0.0,2.174747100172927,0.0,0.0,0.0,0.0,0.0,0.0,0.00012673900346271694,-0.00019873908604495227,-7.381675095530227e-05,1.0,-0.003941453993320465,-0.0014221128076314926,0.009449688717722893,-0.09874380379915237,0.16865794360637665,0.13965967297554016,-0.4895647168159485,0.5124871134757996,0.5012686848640442,-2.0186777114868164,-0.3745349645614624,2.4422788619995117,1.0337417125701904,-0.001705495873466134,-0.015019315294921398,0.0032372423447668552,-0.00276601011864841,0.012839853763580322,-0.01048351638019085,-0.00904903281480074,0.6005028486251831,7.171701327024493e-06,0.10956550389528275,-6.484084588009864e-05,0.9999999403953552,-0.00012756219075527042,0.00018908495258074254,5.391671948018484e-06,-8.992734365165234e-06,0.03238880634307861,-9.65293020271929e-06,8.221071539082914e-07,1.0,8.977287507150322e-06,0.003746054833754897,-0.002558233216404915,-0.0009535938734188676,-2.272453457408119e-05,0.0012384522706270218,-7.524737156927586e-05,0.0037463465705513954,0.0025571531150490046,0.0009553419658914208,-0.00039250118425115943,-0.0006972019909881055,7.502843800466508e-05,-9.953975677490234e-06,-3.6895780795020983e-06,0.02499999850988388,0.004025294911116362,0.004038281738758087,4.7421744966413826e-06,6.726826541125774e-06,0.0,1320,4.316666666666666
15.324999999776992,retreat,15.325000799261034,-2.7086959764173173,-2.2268466651439653,0.5096197128295898,0.018269167412654497,0.019782341029446364,0.010637184459483251,0.055952909680744456,0.0,0.0,0.0,0.0,51,0.007010872475802898,0.0010308860801160336,0.007010872941464186,0.00017372617730870843,0.0,2.2254680141013847,0.0,0.0,0.0,0.0,0.0,0.0,0.00012055859406245872,-0.00017931706679519266,-6.360212137224153e-05,0.9999999403953552,-0.002354659140110016,-0.0004634558572433889,0.009917942807078362,-0.07856367528438568,0.07918747514486313,0.07501156628131866,-0.4895768463611603,0.5123612284660339,0.5012917518615723,-2.0186784267425537,-0.3744262754917145,2.4421873092651367,1.0336730480194092,-0.0016773431561887264,-0.014967340044677258,0.003227094653993845,-0.0026840437203645706,0.012765868566930294,-0.010457366704940796,-0.00900165643543005,0.6005070209503174,4.082213308720384e-06,0.10962702333927155,-6.295983621384948e-05,0.9999998807907104,-0.00013045330706518143,0.00019389620865695179,-9.945106285158545e-06,-1.010617233987432e-05,0.032400161027908325,1.4579829439753667e-05,9.89367163128918e-06,0.9999998807907104,6.42308009446424e-07,0.006323633715510368,-0.0026972938794642687,-0.0013742631999775767,0.0002523713337723166,0.0009973697597160935,-6.548641249537468e-05,0.006323803681880236,0.002695471281185746,0.0013770550722256303,-0.00013737109838984907,-8.377328049391508e-05,6.551336264237761e-05,-8.940696716308594e-06,-3.179025043209549e-06,0.02499999850988388,0.0040252916514873505,0.004038349259644747,4.901591637462843e-06,6.953778211027384e-06,0.0,1320,4.325
15.333333333110204,retreat,15.333334133028984,-2.763173595296479,-2.2883437573909746,0.5124211311340332,0.014815182112215552,0.019782341029446364,0.011351155080774333,0.03956468118525214,0.0,0.0,0.0,0.0,57,0.0093905134126544,0.0005083100986666977,0.0093905134126544,0.0009258589707314968,0.0,2.286965106348394,0.0,0.0,0.0,0.0,0.0,0.0,0.00011029127199435607,-0.00016403205518145114,-5.5028336646500975e-05,0.9999999403953552,0.001787945511750877,0.00011574134259717539,0.009539664722979069,-0.011570990085601807,-0.15589657425880432,-0.09775711596012115,-0.4895888566970825,0.5122353434562683,0.5013151168823242,-2.0186800956726074,-0.3743181824684143,2.4420957565307617,1.033604383468628,-0.0016763432649895549,-0.014923777431249619,0.0032599647529423237,-0.0026291757822036743,0.012780494056642056,-0.010620338842272758,-0.009012633934617043,0.6005109548568726,1.1103365977760404e-06,0.10968845337629318,-6.076325007597916e-05,0.9999998807907104,-0.00013327908527571708,0.00019865593640133739,-1.1385958714527078e-05,-9.766050425241701e-06,0.03240009397268295,3.462449967628345e-05,2.2986858311924152e-05,0.9999999403953552,-5.734971182391746e-06,0.008845807984471321,-0.0024726660922169685,0.0019543154630810022,0.0003472229582257569,0.0003575825539883226,-9.975019929697737e-05,0.008847242221236229,0.0024705452378839254,-0.0019505005329847336,-9.781098924577236e-06,0.0009203937370330095,9.997267625294626e-05,-8.225440979003906e-06,-2.750512066995725e-06,0.02499999850988388,0.00402528652921319,0.004038382787257433,4.911711585009471e-06,6.966147338971496e-06,0.0,1320,4.333333333333333
15.341666666443416,retreat,15.341667466796935,-2.817525678212217,-2.349721640348433,0.5171298980712891,0.011930672371818218,0.019782341029446364,0.01119774333346868,0.03956468118525214,0.0,0.0,0.0,0.0,58,0.0041618067771196365,0.0007457410101778805,0.004161806311458349,0.00018440946587361395,0.0,2.3483429893058525,0.0,0.0,0.0,0.0,0.0,0.0,0.00011963988072238863,-0.00017182668671011925,-5.2384431910468265e-05,1.0,0.0023842891678214073,0.0004075962060596794,0.009316586889326572,0.016978787258267403,-0.1887292116880417,-0.12109120935201645,-0.48960065841674805,0.5121094584465027,0.5013384819030762,-2.018681287765503,-0.3742102384567261,2.4420042037963867,1.0335357189178467,-0.0016587883001193404,-0.01486471202224493,0.0032731853425502777,-0.0025763660669326782,0.012778366915881634,-0.010575372725725174,-0.009000508114695549,0.6005150675773621,-1.8339042071602307e-06,0.10974974930286407,-5.8863384765572846e-05,0.9999999403953552,-0.00013594770280178636,0.00020328591926954687,-1.1089998224633746e-05,-9.949000741471536e-06,0.032400019466876984,3.145929076708853e-05,1.6307298210449517e-05,0.9999999403953552,-6.479908734036144e-06,0.003168272553011775,-0.002452629618346691,0.0011257409350946546,0.0005170506192371249,0.0005361043149605393,-3.715535785886459e-05,0.003169396659359336,0.0024518996942788363,-0.0011241637403145432,0.00016269154730252922,-7.84167496021837e-05,3.727091461769305e-05,-8.58306884765625e-06,-2.6181942303082906e-06,0.02499999850988388,0.004025280009955168,0.0040384624153375626,5.080110895505641e-06,7.206661393865943e-06,0.0,1320,4.341666666666667
15.349999999776628,retreat,15.350000800564885,-2.871751259503263,-2.41086110472679,0.5216598510742188,0.00909997834241949,0.019782341029446364,0.011240374078624882,0.0,0.0,0.0,0.0,0.0,61,0.002576518803834915,0.0004471992142498493,0.002576518338173628,0.00032100154203362763,0.0,2.4094824536842094,0.0,0.0,0.0,0.0,0.0,0.0,0.0001205217995448038,-0.00017768345423974097,-5.072691783425398e-05,1.0,0.0023491275496780872,0.000530724530108273,0.009342564269900322,0.024962522089481354,-0.18723933398723602,-0.1195426881313324,-0.4896124303340912,0.5119835734367371,0.5013619661331177,-2.0186824798583984,-0.37410223484039307,2.4419126510620117,1.0334670543670654,-0.0016421095933765173,-0.014802124351263046,0.0032913782633841038,-0.002527702832594514,0.012778532691299915,-0.010613583028316498,-0.008992564864456654,0.600519061088562,-4.358910246082814e-06,0.10981136560440063,-5.686012082151137e-05,0.9999999403953552,-0.00013792458048556,0.00020807374676223844,-1.086398697225377e-05,-9.773157216841355e-06,0.03240049630403519,3.039047442143783e-05,1.7402331650373526e-05,1.0,-6.133776423666859e-06,0.00045327391126193106,-0.0020842580124735832,0.0014452890027314425,0.0003704903065226972,-0.00023823085939511657,-7.726647891104221e-05,0.00045445020077750087,0.0020842966623604298,-0.0014448629226535559,6.944025517441332e-05,0.0003037037095054984,7.735689723631367e-05,-8.881092071533203e-06,-2.535275143600302e-06,0.02499999850988388,0.00402527442201972,0.0040385047905147076,5.2363911891006865e-06,7.430237019434571e-06,0.0,1320,4.35
15.35833333310984,retreat,15.358334134332836,-2.925849373508367,-2.472291141748427,0.5258917808532715,0.00675408955430612,0.019782341029446364,0.011789269592554774,0.055952909680744456,0.0,0.0,0.0,0.0,49,0.002817680360749364,0.0005414230399765074,0.0028176805935800076,0.0003897645801771432,0.0,2.4709124907058464,0.0,0.0,0.0,0.0,0.0,0.0,0.0001241756690433249,-0.0001826353691285476,-5.04572999489028e-05,0.9999999403953552,0.0022928433027118444,0.0006088588270358741,0.009426095522940159,0.028518104925751686,-0.18491318821907043,-0.11836276948451996,-0.48962411284446716,0.5118576884269714,0.501385509967804,-2.018683433532715,-0.37399423122406006,2.4418210983276367,1.0333983898162842,-0.001625447766855359,-0.014738613739609718,0.0033088235650211573,-0.0024921451695263386,0.012775369919836521,-0.010664805769920349,-0.008972498588263988,0.6005232334136963,-7.3920055001508445e-06,0.10987276583909988,-5.4802647355245426e-05,0.9999998807907104,-0.00014076138904783875,0.00021285992988850921,-1.111479832616169e-05,-1.0593637853162363e-05,0.0324004590511322,3.022487180714961e-05,1.6584994227741845e-05,0.9999998807907104,-4.346065907157026e-06,-0.000268419535132125,-0.0020357209723442793,0.001929537276737392,0.00033367821015417576,-0.0004251126665621996,-3.281733734183945e-05,-0.0002670250250957906,0.002036007819697261,-0.0019294284284114838,3.9689854020252824e-05,0.00038634048542007804,3.289640153525397e-05,-9.119510650634766e-06,-2.5217309485014994e-06,0.02499999850988388,0.004025268834084272,0.004038532264530659,5.32280637344229e-06,7.552909664809704e-06,0.0,1320,4.358333333333333
15.366666666443052,retreat,15.366667468100786,-2.9798190545662635,-2.5334678590297686,0.5303025245666504,0.0038812604543636553,0.019782341029446364,0.012035518921038602,0.03956468118525214,0.0,0.0,0.0,0.0,52,0.003362364834174514,0.0005454066558741033,0.0033623650670051575,0.0003730340104084462,0.0,2.532089207987188,0.0,0.0,0.0,0.0,0.0,0.0,0.000123832025565207,-0.00018709614232648164,-4.9253838369622827e-05,1.0,0.0023489994928240776,0.0006167718092910945,0.00940156914293766,0.027729090303182602,-0.1884995549917221,-0.12183108925819397,-0.48963579535484314,0.5117318034172058,0.501409113407135,-2.0186843872070312,-0.37388649582862854,2.4417295455932617,1.033329725265503,-0.0016097960760816932,-0.014675076119601727,0.003327062353491783,-0.0024721643421798944,0.012771126814186573,-0.010704489424824715,-0.0089572099968791,0.6005274653434753,-1.0076651960844174e-05,0.1099342629313469,-5.278080789139494e-05,0.9999998807907104,-0.000143092853249982,0.00021783725242130458,-1.1258680387982167e-05,-1.0536425179452635e-05,0.03240077942609787,3.074163760174997e-05,1.9259996406617574e-05,0.9999999403953552,-3.5271912111056736e-06,-0.0004397656302899122,-0.002051884774118662,0.0026271415408700705,0.0003309988242108375,-0.00042505862074904144,-8.504924335284159e-05,-0.0004380338068585843,0.0020522878039628267,-0.002627116395160556,3.465346526354551e-05,0.000361535552656278,8.512087515555322e-05,-9.357929229736328e-06,-2.4615335405542282e-06,0.02499999850988388,0.004025264177471399,0.004038580693304539,5.303341367834946e-06,7.525668479502201e-06,0.0,1320,4.366666666666666
15.374999999776264,retreat,15.375000801868737,-3.033659337015706,-2.5946818292140947,0.5346536636352539,0.001371338612443651,0.019782341029446364,0.012462717677408364,0.0,0.0,0.0,0.0,0.0,50,0.0038364578504115343,0.0005144618917256594,0.0038364576175808907,0.00029860768700018525,0.0,2.593303178171514,0.0,0.0,0.0,0.0,0.0,0.0,0.00012722465908154845,-0.00019162180251441896,-4.8213314585154876e-05,1.0,0.002380133606493473,0.0005703110946342349,0.009314622730016708,0.022062644362449646,-0.19044385850429535,-0.12417645007371902,-0.4896474778652191,0.5116059184074402,0.5014327764511108,-2.0186853408813477,-0.37377920746803284,2.4416379928588867,1.0332610607147217,-0.001593389897607267,-0.014611034654080868,0.003342732787132263,-0.002465824130922556,0.012757924385368824,-0.010725805535912514,-0.008925918489694595,0.6005316376686096,-1.2597576642292552e-05,0.10999590903520584,-5.0805709179257974e-05,0.9999999403953552,-0.00014504931459669024,0.00022298133990261704,-1.1413474567234516e-05,-1.0675366866053082e-05,0.03240121901035309,3.136004670523107e-05,1.7823651432991028e-05,1.0,-2.5929668936441885e-06,-0.0007755380938760936,-0.0020188838243484497,0.00316876289434731,0.00031176788615994155,-0.0004073708551004529,-3.899776129401289e-05,-0.0007735391845926642,0.0020194302778691053,-0.003168902825564146,2.0197418052703142e-05,0.0002953533548861742,3.905145786120556e-05,-9.59634780883789e-06,-2.4094467789836926e-06,0.02499999850988388,0.0040252599865198135,0.004038644954562187,5.206021796766436e-06,7.384660420939326e-06,0.0,1320,4.375
15.383333333109476,retreat,15.383334135636687,-3.0873692551954264,-2.6560299098491655,0.5390644073486328,-0.0010278281479259022,0.019782341029446364,0.012599672118085437,0.055952909680744456,0.0,0.0,0.0,0.0,46,0.00421261228621006,0.0005118229892104864,0.004212612751871347,0.00026198066188953817,0.0,2.654651258806585,0.0,0.0,0.0,0.0,0.0,0.0,0.00013122217205818743,-0.00019663343846332282,-4.657177851186134e-05,0.9999999403953552,0.0024203129578381777,0.0005531754577532411,0.00927780382335186,0.01919718086719513,-0.19369398057460785,-0.12628623843193054,-0.4896591305732727,0.5114800930023193,0.5014563798904419,-2.018686294555664,-0.3736729323863983,2.4415464401245117,1.0331923961639404,-0.0015750786988064647,-0.014546453021466732,0.003353720298036933,-0.0024721617810428143,0.012735637836158276,-0.010734795592725277,-0.008887739852070808,0.6005356311798096,-1.53232722368557e-05,0.11005718261003494,-4.821473703486845e-05,0.9999998807907104,-0.0001468821574235335,0.00022764629102312028,-1.129867450799793e-05,-1.1169860954396427e-05,0.03240113705396652,3.101339825661853e-05,1.5658857591915876e-05,0.9999998807907104,-1.6439437331428053e-06,-0.0010832345578819513,-0.002086636843159795,0.003495518583804369,0.0002968234184663743,-0.00041457207407802343,-4.459408955881372e-05,-0.0010810298845171928,0.002087292028591037,-0.003495810553431511,-4.5429624151438475e-06,0.00025811148225329816,4.462839206098579e-05,-9.834766387939453e-06,-2.327298716409132e-06,0.02499999850988388,0.0040252553299069405,0.004038693383336067,5.1501388043107e-06,7.303693564608693e-06,0.0,1320,4.383333333333333
15.391666666442688,retreat,15.391667469404638,-3.1409478434441773,-2.7169905602931963,0.5431771278381348,-0.003665114945761161,0.019782341029446364,0.013473550097842235,0.03956468118525214,0.0,0.0,0.0,0.0,40,0.004616613499820232,0.0004933021846227348,0.004616612568497658,0.00016931735444813967,0.0,2.7156119092506157,0.0,0.0,0.0,0.0,0.0,0.0,0.00013196206418797374,-0.00020114232029300183,-4.4321761379251257e-05,0.9999999403953552,0.0023626170586794615,0.0005456224316731095,0.009255163371562958,0.016966860741376877,-0.19152678549289703,-0.12404446303844452,-0.4896707236766815,0.5113545656204224,0.5014801025390625,-2.0186872482299805,-0.37356773018836975,2.4414548873901367,1.0331237316131592,-0.0015549310483038425,-0.014480771496891975,0.003360866103321314,-0.002490167273208499,0.012708792462944984,-0.010719369165599346,-0.008843176998198032,0.6005398631095886,-1.8237329641124234e-05,0.11011873930692673,-4.548634387901984e-05,0.9999999403953552,-0.0001480185310356319,0.0002328300615772605,-1.1754218576243147e-05,-1.1623293175944127e-05,0.03240174055099487,3.16882724291645e-05,1.6055271771620028e-05,0.9999999403953552,-1.165523030977056e-06,-0.0014449185691773891,-0.0021981087047606707,0.0037938959430903196,0.0003191016730852425,-0.0003747229930013418,-3.322422344353981e-05,-0.0014425009721890092,0.002198880771175027,-0.003794367890805006,1.612701453268528e-06,0.00016601281822659075,3.324917997815646e-05,-1.0073184967041016e-05,-2.214761025243206e-06,0.02499999850988388,0.004025252070277929,0.004038731101900339,5.105311174702365e-06,7.243681466206908e-06,0.0,1320,4.391666666666667
15.3999999997759,retreat,15.400000803172588,-3.1943941361007013,-2.7781747281551348,0.5474686622619629,-0.006476669113908429,0.019782341029446364,0.010361770364397671,0.0,0.0,0.0,0.0,0.0,40,0.005050298757851124,0.0005109643680043519,0.005050299223512411,0.0001845514343585819,0.0,2.776796077112554,0.0,0.0,0.0,0.0,0.0,0.0,0.00013078912161290646,-0.00020546109590213746,-4.1930226871045306e-05,1.0,0.0024756549391895533,0.0005254134885035455,0.009220212697982788,0.014142691157758236,-0.19931966066360474,-0.1288321316242218,-0.48968231678009033,0.5112354755401611,0.5015039443969727,-2.018688440322876,-0.3734634220600128,2.4413633346557617,1.033055067062378,-0.0015352527843788266,-0.014414798468351364,0.0033677243627607822,-0.0025205097626894712,0.01268154289573431,-0.010702005587518215,-0.008792613632977009,0.6005426645278931,-2.001557186304126e-05,0.11017667502164841,-4.404334686114453e-05,0.9999998807907104,-0.00014871572784613818,0.00023494659399148077,-1.039945891534444e-05,-1.0684192602639087e-05,0.03239848464727402,2.948602741525974e-05,1.7925811334862374e-05,1.0,-2.113297341566067e-06,-0.0014953936915844679,-0.0022635015193372965,0.004259797744452953,0.00031767538166604936,-0.00040012053796090186,-8.39570475363871e-06,-0.0014927185839042068,0.0022643215488642454,-0.004260300658643246,-9.235256584361196e-06,0.00018412803183309734,8.415066986344755e-06,-1.0251998901367188e-05,-2.0951674741809256e-06,0.02499999850988388,0.004025248810648918,0.004038809332996607,5.042437805968802e-06,7.153837941586971e-06,0.0,1320,4.4
15.408333333109113,retreat,15.408334136940539,-3.2477071675037266,-2.835767716169356,0.550389289855957,-0.008100071681838017,0.027976455118293345,0.008877910659066401,0.055952909680744456,0.0,0.0,0.0,0.0,45,0.005124321207404137,0.0003543408529367298,0.005124321207404137,9.390622290084139e-05,0.0,2.8338180091962117,0.0,0.0,0.0,0.0,0.0,0.0,0.00013182705151848495,-0.00020874841720797122,-4.093146708328277e-05,0.9999998807907104,0.0020894354674965143,0.0005297262105159461,0.009177954867482185,0.012747563421726227,-0.17794886231422424,-0.11356136202812195,-0.489693820476532,0.5111209154129028,0.5015276670455933,-2.0186896324157715,-0.3733597695827484,2.4412717819213867,1.0329864025115967,-0.001510367263108492,-0.014348485507071018,0.003364680567756295,-0.002554058562964201,0.012628351338207722,-0.010630853474140167,-0.008723169565200806,0.6005443930625916,-2.1746798665844835e-05,0.11023209244012833,-4.340138548286632e-05,0.9999999403953552,-0.00014951737830415368,0.0002350407448830083,-9.212501936417539e-06,-1.0834157365025021e-05,0.03239631652832031,2.6292682377970777e-05,1.7689746528049e-05,0.9999998807907104,-2.4696844320715172e-06,-0.00206782016903162,-0.0022196329664438963,0.004129893146455288,0.0002836455823853612,-0.00021237363398540765,2.4096044626276125e-07,-0.0020652147941291332,0.0022206089925020933,-0.0041306717321276665,-3.699975786730647e-05,-8.630947559140623e-05,-2.676794395028992e-07,-1.043081283569336e-05,-2.0451971067814156e-06,0.02499999850988388,0.004025246016681194,0.004038866143673658,5.0146163630415685e-06,7.110880687832832e-06,0.0,1320,4.408333333333333
15.416666666442325,retreat,15.41666747070849,-3.3008859719920203,-2.890849858522414,0.5521774291992188,-0.009650393621996045,0.027976455118293345,0.008888068805390503,0.0,0.0,0.0,0.0,0.0,44,0.00492981867864728,0.00027101318119093776,0.004929818212985992,0.00014773744624108076,0.0,2.8889001515492696,0.0,0.0,0.0,0.0,0.0,0.0,0.0001323881297139451,-0.00021082961757201701,-4.041250576847233e-05,1.0,0.0017581331776455045,0.0005479537649080157,0.009144386276602745,0.012564784847199917,-0.15977278351783752,-0.10068374127149582,-0.48970526456832886,0.5110064744949341,0.5015515089035034,-2.018690824508667,-0.3732564151287079,2.4411802291870117,1.0329177379608154,-0.0014861541567370296,-0.014284124597907066,0.0033609529491513968,-0.0025881638284772635,0.012559625320136547,-0.010556602850556374,-0.008644812740385532,0.6005463600158691,-2.2860765966470353e-05,0.11028769612312317,-4.277400512364693e-05,0.9999999403953552,-0.00014956557424739003,0.00023521247203461826,-9.40256541070994e-06,-1.043835436576046e-05,0.0323968380689621,2.4383225536439568e-05,1.7176949768327177e-05,1.0,-2.3611071355844615e-06,-0.0018905281322076917,-0.0021407546009868383,0.0040182312950491905,0.00022290331253316253,-0.00015373007045127451,-1.13721189336502e-05,-0.0018879971466958523,0.0021416631061583757,-0.004018936771899462,-8.636592247057706e-05,-0.00011932769848499447,1.1321752936055418e-05,-1.055002212524414e-05,-2.019229214056395e-06,0.02499999850988388,0.004025246016681194,0.004038923420011997,5.007796517020324e-06,7.106078555807471e-06,0.0,1320,4.416666666666667
15.424999999775537,retreat,15.42500080447644,-3.3539295839042964,-2.946103364229201,0.5539655685424805,-0.010619328350003343,0.027976455118293345,0.009457754458708223,0.03956468118525214,0.0,0.0,0.0,0.0,46,0.004732323344796896,0.00021979030861984938,0.004732322413474321,0.00013218318053986877,0.0,2.9441536572560567,0.0,0.0,0.0,0.0,0.0,0.0,0.00013672928616870195,-0.00021013521472923458,-3.9844449929660186e-05,0.9999999403953552,0.00178200239315629,0.0005680620670318604,0.009102939628064632,0.01276166457682848,-0.1620435267686844,-0.10255773365497589,-0.48971670866012573,0.5108920335769653,0.5015752911567688,-2.0186922550201416,-0.37315312027931213,2.4410886764526367,1.0328490734100342,-0.0014637949643656611,-0.014223133213818073,0.0033575668931007385,-0.0026255587581545115,0.012487723492085934,-0.010494248941540718,-0.00855928473174572,0.6005480289459229,-2.467179365339689e-05,0.11034302413463593,-4.217520108795725e-05,0.9999999403953552,-0.0001501718070358038,0.0002351886942051351,-9.282122846343555e-06,-1.1319272744003683e-05,0.032396912574768066,2.5053717763512395e-05,1.3442015188047662e-05,0.9999999403953552,-2.3313505153055303e-06,-0.001314965425990522,-0.002026588888838887,0.004069236572831869,0.00017918711819220334,-0.00012555446301121265,2.087657412630506e-05,-0.0013124424731358886,0.0020273264963179827,-0.004069683142006397,-0.00011355332389939576,-6.434213719330728e-05,-2.093142938974779e-05,-1.049041748046875e-05,-1.9907856767531484e-06,0.02499999850988388,0.004025246016681194,0.004038950428366661,5.008565949538024e-06,7.105118129402399e-06,0.0,1320,4.425
15.433333333108749,retreat,15.43333413824439,-3.406837037579322,-3.001081198453902,0.5555152893066406,-0.012272803360247053,0.027976455118293345,0.009444209354114719,0.03956468118525214,0.0,0.0,0.0,0.0,49,0.004629285074770451,0.00020769922412000597,0.004629283677786589,0.00018392402853351086,0.0,2.9991314914807576,0.0,0.0,0.0,0.0,0.0,0.0,0.0001320146839134395,-0.00020953522471245378,-3.895302870660089e-05,1.0,0.0017165010794997215,0.0005903307464905083,0.009064268320798874,0.012470124289393425,-0.15905049443244934,-0.1005457192659378,-0.4897281527519226,0.5107775926589966,0.5015990734100342,-2.0186939239501953,-0.37304988503456116,2.4409971237182617,1.032780408859253,-0.0014424939872696996,-0.014162891544401646,0.003354800632223487,-0.0026644780300557613,0.012413247488439083,-0.010412954725325108,-0.008477894589304924,0.6005496978759766,-2.6005031031672843e-05,0.1103982999920845,-4.115375122637488e-05,0.9999998807907104,-0.0001502431114204228,0.00023505996796302497,-9.393047548655886e-06,-1.106515628634952e-05,0.032397203147411346,2.5525196178932674e-05,1.8227910913992673e-05,0.9999999403953552,-2.200271183028235e-06,-0.0013127685524523258,-0.002067911671474576,0.003928187768906355,0.00020470222807489336,-3.2166797609534115e-05,-1.4186682165018283e-05,-0.0013103003147989511,0.0020686285570263863,-0.003928632941097021,-9.405569289810956e-05,-0.00015742232790216804,1.4134530829323921e-05,-1.049041748046875e-05,-1.946268639585469e-06,0.02499999850988388,0.004025247413665056,0.004039011895656586,5.009273081668653e-06,7.109891157597303e-06,0.0,1320,4.433333333333334
15.44166666644196,retreat,15.441667472012341,-3.4596073673558223,-3.056044131517409,0.5571246147155762,-0.013455927728500683,0.027976455118293345,0.008722532584215514,0.055952909680744456,0.0,0.0,0.0,0.0,32,0.004569172393530607,0.00019525397510733455,0.004569172393530607,0.00017068430315703154,0.0,3.0540944245442647,0.0,0.0,0.0,0.0,0.0,0.0,0.0001313413813477382,-0.00020971530466340482,-3.806274617090821e-05,0.9999999403953552,0.00174821843393147,0.0006132969865575433,0.009019243530929089,0.013123119249939919,-0.1616230607032776,-0.10227341204881668,-0.4897395968437195,0.5106631517410278,0.5016227960586548,-2.018697738647461,-0.37294673919677734,2.4409055709838867,1.0327117443084717,-0.0014224749756976962,-0.014104424975812435,0.0033526960760354996,-0.0027045905590057373,0.012339501641690731,-0.0103366170078516,-0.00839199498295784,0.6005504131317139,-2.7211686756345443e-05,0.11045267432928085,-4.0668634028406814e-05,0.9999998807907104,-0.00015025082393549383,0.00023406880791299045,-8.434491974185221e-06,-1.11204462882597e-05,0.03239661455154419,2.4353916160180233e-05,1.890905696200207e-05,0.9999998807907104,-2.6051084205391817e-06,-0.0011766179231926799,-0.002021570922806859,0.003925067838281393,0.00019121776858810335,-3.374008520040661e-05,2.0530213078018278e-05,-0.0011741728521883488,0.002022243570536375,-0.003925453871488571,-0.00010082146036438644,-0.00013617797230836004,-2.058449354080949e-05,-1.049041748046875e-05,-1.9017597878701054e-06,0.02499999850988388,0.004025250673294067,0.004039091058075428,5.010171207686653e-06,7.10715539753437e-06,0.0,1320,4.441666666666666
15.449999999775173,retreat,15.450000805780292,-3.5122396075725604,-3.1101055443286882,0.5577802658081055,-0.014533032299368642,0.027976455118293345,0.006189106443343917,0.03956468118525214,0.0,0.0,0.0,0.0,30,0.004421699792146683,0.0001899855415103957,0.004421698860824108,0.00027236322057433426,0.0,3.108155837355544,0.0,0.0,0.0,0.0,0.0,0.0,0.0001325897464994341,-0.0002112760703312233,-3.6875862861052155e-05,1.0,0.0014668434159830213,0.0006352777127176523,0.008986258879303932,0.013375408947467804,-0.14600825309753418,-0.09087112545967102,-0.48975104093551636,0.5105487108230591,0.5016465187072754,-2.0187079906463623,-0.3728436529636383,2.4408140182495117,1.0326430797576904,-0.001401218818500638,-0.01404582243412733,0.0033478953409940004,-0.002741670235991478,0.01225814688950777,-0.010238687507808208,-0.008303114213049412,0.6005476713180542,-2.761932773864828e-05,0.11050444841384888,-4.009799158666283e-05,0.9999998807907104,-0.00014942625421099365,0.0002294061123393476,-4.733654350275174e-06,-1.0489202395547181e-05,0.03239433467388153,1.813024573493749e-05,1.6836522263474762e-05,0.9999999403953552,-3.2209700293606147e-06,-0.001497970661148429,-0.0019609599839895964,0.003669080324470997,0.00018579326570034027,3.7628080463036895e-05,1.2629328011826146e-05,-0.001495701028034091,0.001961700851097703,-0.0036696086172014475,-9.752900223247707e-05,-0.0002539852575864643,-1.2700772458629217e-05,-1.055002212524414e-05,-1.8423925212118775e-06,0.02499999850988388,0.0040252553299069405,0.0040391553193330765,5.010648692405084e-06,7.109105354174972e-06,0.0,1320,4.45
15.458333333108385,retreat,15.458334139548242,-3.564732792568254,-3.1616039574146257,0.5552172660827637,-0.014812054359936155,0.027976455118293345,0.009116436558542773,0.0,0.0,0.0,0.0,0.0,39,0.0040551782585680485,0.0002734468143898994,0.004055177792906761,0.0005149810458533466,0.0,3.1596542504414815,0.0,0.0,0.0,0.0,0.0,0.0,0.000141400087159127,-0.00021113883121870458,-3.6382243706611916e-05,1.0,0.00049213896272704,0.00065306929172948,0.0089842788875103,0.013233235105872154,-0.09011223912239075,-0.04975317791104317,-0.48976248502731323,0.5104342699050903,0.5016701221466064,-2.018733501434326,-0.37274056673049927,2.4407224655151367,1.0325744152069092,-0.0013747394550591707,-0.013984831050038338,0.003335322719067335,-0.0027654613368213177,0.012160154059529305,-0.010095358826220036,-0.008201549760997295,0.600538432598114,-2.6575164156383835e-05,0.11055081337690353,-3.978799213655293e-05,0.9999999403953552,-0.00014691668911837041,0.00021808312158100307,2.678351847862359e-06,-9.188567673845682e-06,0.03238920867443085,6.944027973077027e-06,5.517078534467146e-06,1.0,-3.4055690321110887e-06,-0.002029406139627099,-0.0018096958519890904,0.0030084853060543537,0.00016867728845681995,0.00021204337826929986,3.686097988975234e-05,-0.0020275618880987167,0.0018105311319231987,-0.0030092254746705294,-9.285645501222461e-05,-0.0005051898187957704,-3.6965229810448363e-05,-1.055002212524414e-05,-1.8176197045249864e-06,0.02499999850988388,0.004025261849164963,0.004039187449961901,5.006223545933608e-06,7.103168172761798e-06,0.0,1320,4.458333333333333
15.466666666441597,retreat,15.466667473316193,-3.61708595668167,-3.2078050076961504,0.5463361740112305,-0.013660432159667835,0.027976455118293345,0.013457271961669903,0.0,0.0,0.0,0.0,0.0,38,0.0033037145622074604,0.0005573658854700625,0.003303714096546173,0.0008980660350061953,0.0,3.205855300723006,0.0,0.0,0.0,0.0,0.0,0.0,0.00014296929293777794,-0.00020943062554579228,-3.6390178138390183e-05,1.0,-0.0014974061632528901,0.0006652274751104414,0.009028243832290173,0.013779078610241413,0.025025561451911926,0.03439866006374359,-0.4897739291191101,0.5103198289871216,0.5016934275627136,-2.0187652111053467,-0.37263867259025574,2.4406309127807617,1.032505750656128,-0.00133903615642339,-0.01391903217881918,0.003309992142021656,-0.0027582577895373106,0.012032730504870415,-0.00988613162189722,-0.0080797104164958,0.6005260944366455,-2.509233308956027e-05,0.11059476435184479,-3.9171780372271314e-05,0.9999999403953552,-0.00014308671234175563,0.00020332435087766498,7.092554369592108e-06,-8.89850616658805e-06,0.032386958599090576,-6.1066307353030425e-06,1.1823547652056732e-07,1.0,-2.7807088827103144e-06,-0.0024009416811168194,-0.0014789581764489412,0.0017212468665093184,0.00010729477799031883,0.0005416832282207906,7.565608393633738e-05,-0.0023998182732611895,0.001479779719375074,-0.001722106826491654,-0.00010656060476321727,-0.0008884940179996192,-7.580085366498679e-05,-1.049041748046875e-05,-1.8180126062361524e-06,0.02499999850988388,0.004025266971439123,0.004039194900542498,5.000040800950956e-06,7.097551133483648e-06,0.0,1320,4.466666666666667
15.47499999977481,retreat,15.475000807084143,-3.669298134251534,-3.25164422392845,0.5336403846740723,-0.012114869605284184,0.019782341029446364,0.007461470431735506,0.03956468118525214,0.0,0.0,0.0,0.0,36,0.0015012231888249516,0.000670181994792074,0.0015012226067483425,0.0007122558890841901,0.0,3.2502655728858696,0.0,0.0,0.0,0.0,0.0,0.0,0.00014283426571637392,-0.00019921088824048638,-3.600151467253454e-05,0.9999999403953552,-0.00272932555526495,0.0006715686758980155,0.00905576255172491,0.01317050214856863,0.09728847444057465,0.08729293197393417,-0.489785373210907,0.5102053880691528,0.501716673374176,-2.018775701522827,-0.3725411891937256,2.4405393600463867,1.0324370861053467,-0.001304849167354405,-0.013854042626917362,0.003287940751761198,-0.0027214905712753534,0.01190512627363205,-0.00972678605467081,-0.007959875278174877,0.6005235910415649,-2.6254161639371887e-05,0.11064662784337997,-3.6920671846019104e-05,0.9999999403953552,-0.0001406862575095147,0.00019937097385991365,-2.8476961233536713e-06,-1.174821773020085e-05,0.03239498287439346,1.5991530233350204e-07,-2.14783062801871e-06,0.9999999403953552,-9.196108408104919e-07,-0.00020191077783238143,-0.00108880375046283,0.0010136120254173875,1.946608790603932e-05,0.0006634326418861747,9.2855014372617e-05,-0.0002012002223636955,0.001088934950530529,-0.001013611676171422,-0.00013797488645650446,-0.0006925530615262687,-9.296034841099754e-05,-9.953975677490234e-06,-1.7986531020142138e-06,0.02499999850988388,0.004025272559374571,0.004039235878735781,4.992689355276525e-06,7.08515290170908e-06,0.0,1320,4.475
15.483333333108021,retreat,15.483334140852094,-3.7213683596166014,-3.3033587038516985,0.5295276641845703,-0.013355977898754645,0.019782341029446364,0.010616984582156874,0.055952909680744456,0.0,0.0,0.0,0.0,35,0.005825725384056568,0.00026442823582328856,0.0058257258497178555,0.0005103679141029716,0.0,3.301980052809118,0.0,0.0,0.0,0.0,0.0,0.0,0.00012891307414975017,-0.00017969556211028248,-3.3046515454771e-05,0.9999999403953552,-0.0001565001584822312,0.0006825259770266712,0.008954042568802834,0.013051452115178108,-0.049847520887851715,-0.020252304151654243,-0.48979681730270386,0.5100909471511841,0.5017400979995728,-2.018777847290039,-0.3724435865879059,2.4404478073120117,1.0323684215545654,-0.0012968622613698244,-0.013801905326545238,0.0033033087383955717,-0.0026979700196534395,0.011854165233671665,-0.009797653183341026,-0.007898366078734398,0.6005249619483948,-2.8373528039082885e-05,0.11070167273283005,-3.432183075346984e-05,0.9999998807907104,-0.00013885584485251456,0.0001993480254895985,-8.331382559845224e-06,-1.2793087080353871e-05,0.032398298382759094,1.9652645278256387e-05,9.942361430148594e-06,0.9999998807907104,-1.2760712024828536e-06,0.005189054645597935,-0.0011479550739750266,0.0023864174727350473,3.2270610972773284e-05,0.00025894507416523993,4.275909304851666e-05,0.005190324503928423,0.0011466777650639415,-0.002384269842877984,-0.0001333898544544354,0.0004907738766632974,-4.2702708014985546e-05,-9.000301361083984e-06,-1.6511676221853122e-06,0.02499999850988388,0.004025277215987444,0.004039230290800333,4.994531082047615e-06,7.084279786795378e-06,0.0,1320,4.483333333333333
